1,-1,686.8,413.4,53.1,193.4,0.999
1,-1,471.5,430.9,67.0,172.5,0.999
1,-1,1472.8,419.0,77.2,172.2,0.998
1,-1,1369.6,396.6,64.0,220.0,0.998
1,-1,1170.4,420.6,33.2,102.3,0.996
1,-1,1113.6,417.6,28.9,79.8,0.994
1,-1,1228.0,412.9,34.1,107.7,0.994
1,-1,733.4,420.5,47.9,172.4,0.993
1,-1,553.0,435.9,43.0,162.8,0.992
1,-1,1595.3,424.1,36.0,104.0,0.983
1,-1,807.8,427.9,20.7,62.1,0.978
1,-1,634.1,427.1,47.1,132.0,0.978
1,-1,858.1,429.3,21.2,70.2,0.974
1,-1,589.5,423.3,52.4,175.6,0.967
1,-1,401.2,433.8,24.8,53.7,0.954
1,-1,1194.5,412.5,25.3,99.0,0.949
1,-1,843.8,429.8,17.2,58.4,0.897
1,-1,967.2,426.2,24.4,93.0,0.868
1,-1,1595.2,422.6,37.5,44.2,0.702
1,-1,653.1,420.6,12.5,20.0,0.620
1,-1,768.7,427.4,16.7,42.5,0.560
1,-1,911.1,431.1,12.3,33.2,0.475
1,-1,945.3,435.9,11.7,28.9,0.454
1,-1,823.4,437.4,16.4,50.9,0.410
1,-1,925.5,436.0,11.6,25.7,0.396
1,-1,640.5,429.5,60.7,178.9,0.376
1,-1,782.9,430.8,13.7,49.1,0.364
1,-1,915.6,432.2,12.8,30.6,0.293
1,-1,921.8,437.7,10.9,24.3,0.284
1,-1,937.7,434.9,12.1,28.8,0.275
1,-1,836.7,428.0,16.2,56.7,0.255
1,-1,662.4,423.2,52.8,176.3,0.251
1,-1,313.1,416.9,20.6,41.4,0.232
1,-1,814.1,430.5,21.7,59.8,0.200
1,-1,935.8,430.5,9.8,29.9,0.182
1,-1,777.4,430.2,15.4,52.8,0.161
1,-1,777.2,430.9,11.3,35.5,0.132
1,-1,1020.6,348.9,51.2,100.4,0.107
1,-1,931.3,433.3,11.2,27.0,0.100
1,-1,639.0,420.5,13.7,26.5,0.084
1,-1,730.2,432.9,20.3,52.6,0.081
1,-1,889.4,428.8,13.5,24.3,0.077
1,-1,872.2,426.6,13.3,35.1,0.076
1,-1,967.7,406.9,41.9,113.2,0.075
1,-1,662.2,418.9,18.1,30.8,0.073
1,-1,416.1,437.4,18.8,46.6,0.069
1,-1,740.0,423.0,32.5,85.5,0.066
1,-1,866.4,428.6,16.0,40.5,0.061
1,-1,907.3,427.0,11.9,32.9,0.057
1,-1,605.0,420.9,70.1,175.9,0.056
1,-1,741.6,424.8,24.0,49.2,0.055
1,-1,980.4,342.4,88.1,123.5,0.055
2,-1,1365.8,396.3,62.8,215.8,0.999
2,-1,1463.6,419.5,78.0,171.7,0.998
2,-1,463.4,429.1,66.3,173.4,0.998
2,-1,678.5,410.0,53.9,195.5,0.997
2,-1,547.1,432.2,52.0,165.6,0.994
2,-1,1167.3,418.4,31.3,99.3,0.993
2,-1,723.6,418.3,51.1,175.3,0.991
2,-1,1589.9,424.0,36.4,103.2,0.988
2,-1,852.0,431.9,22.7,69.3,0.988
2,-1,1222.5,412.7,32.1,104.5,0.985
2,-1,628.2,421.6,46.4,137.9,0.985
2,-1,583.1,422.2,55.6,177.7,0.984
2,-1,1108.4,417.9,26.8,80.1,0.981
2,-1,1190.0,413.0,23.7,90.0,0.942
2,-1,802.9,425.5,20.3,63.1,0.936
2,-1,392.2,430.6,22.6,54.5,0.930
2,-1,962.4,422.0,24.2,96.9,0.802
2,-1,837.0,427.8,17.7,60.2,0.710
2,-1,399.8,432.7,24.3,51.4,0.558
2,-1,907.3,431.8,10.2,32.9,0.539
2,-1,776.8,433.3,12.7,42.6,0.478
2,-1,761.3,434.5,15.6,48.8,0.452
2,-1,814.7,431.9,17.2,55.7,0.405
2,-1,909.2,427.8,13.2,34.5,0.320
2,-1,767.6,431.1,12.0,40.4,0.311
2,-1,935.3,436.3,14.0,27.3,0.273
2,-1,920.1,436.2,10.9,24.9,0.244
2,-1,663.4,431.2,27.9,105.6,0.237
2,-1,657.1,421.8,41.4,165.0,0.208
2,-1,302.7,417.5,50.0,129.4,0.205
2,-1,758.0,431.7,16.9,35.4,0.176
2,-1,915.5,437.2,10.2,24.6,0.168
2,-1,646.5,418.5,13.9,22.9,0.163
2,-1,819.0,428.8,14.8,35.6,0.143
2,-1,306.0,418.4,20.2,36.5,0.143
2,-1,1097.5,415.8,17.6,78.7,0.138
2,-1,772.3,430.7,12.7,43.0,0.137
2,-1,678.7,420.5,15.9,41.1,0.115
2,-1,1021.9,339.4,44.7,100.8,0.108
2,-1,660.3,422.9,24.2,63.0,0.107
2,-1,653.8,426.5,29.8,116.9,0.095
2,-1,826.8,428.7,13.0,34.7,0.083
2,-1,418.1,426.3,20.9,48.8,0.077
2,-1,929.3,434.0,10.4,27.8,0.071
2,-1,823.6,432.4,16.0,52.1,0.065
2,-1,781.3,431.7,10.2,28.6,0.058
2,-1,832.2,428.3,11.5,35.4,0.054
2,-1,717.1,418.9,24.2,46.8,0.052
3,-1,669.6,408.8,61.8,198.0,0.999
3,-1,1361.3,397.5,64.2,215.9,0.999
3,-1,455.0,429.1,65.5,174.2,0.999
3,-1,1458.5,419.6,74.3,175.4,0.998
3,-1,1159.8,419.4,32.4,101.9,0.993
3,-1,538.5,430.0,49.0,169.1,0.992
3,-1,570.3,424.8,62.1,175.0,0.990
3,-1,715.6,418.1,49.2,174.4,0.990
3,-1,620.1,428.7,49.3,132.5,0.989
3,-1,1214.5,413.6,32.9,103.9,0.989
3,-1,1101.5,416.7,28.8,83.6,0.988
3,-1,845.7,432.8,22.7,68.7,0.982
3,-1,1583.4,425.4,39.2,101.6,0.977
3,-1,795.7,425.8,19.5,64.4,0.974
3,-1,384.5,434.0,18.7,52.0,0.949
3,-1,1184.8,412.5,21.1,89.1,0.929
3,-1,831.3,429.0,18.1,60.3,0.814
3,-1,955.9,422.6,22.7,97.3,0.712
3,-1,754.7,429.6,15.3,45.7,0.679
3,-1,767.6,426.8,15.8,59.9,0.671
3,-1,812.0,435.2,18.2,51.3,0.551
3,-1,977.5,344.0,80.2,113.7,0.492
3,-1,931.1,435.8,11.2,28.8,0.450
3,-1,1172.3,419.1,31.7,100.5,0.434
3,-1,394.9,432.8,19.6,51.0,0.421
3,-1,1584.1,423.2,36.3,44.3,0.404
3,-1,760.4,429.7,13.3,48.5,0.307
3,-1,661.5,431.0,23.9,103.5,0.279
3,-1,902.6,431.8,12.2,31.7,0.228
3,-1,748.5,427.9,15.4,38.1,0.187
3,-1,410.3,426.1,21.2,53.7,0.176
3,-1,913.9,434.1,11.6,27.5,0.171
3,-1,640.1,419.3,13.1,22.9,0.164
3,-1,446.9,425.3,11.6,50.1,0.155
3,-1,910.5,436.8,11.0,24.8,0.135
3,-1,647.9,424.2,39.5,153.9,0.129
3,-1,819.1,434.7,18.4,54.1,0.112
3,-1,292.4,413.7,47.4,127.1,0.106
3,-1,814.5,428.3,13.5,34.8,0.106
3,-1,803.2,429.6,21.9,58.7,0.105
3,-1,955.7,398.7,37.0,120.2,0.103
3,-1,906.3,437.6,11.9,24.6,0.096
3,-1,861.9,445.0,19.0,56.4,0.090
3,-1,646.1,427.4,27.9,118.4,0.077
3,-1,897.6,435.6,12.8,28.4,0.076
3,-1,817.4,416.1,10.0,22.4,0.075
3,-1,815.0,418.5,11.8,29.4,0.074
3,-1,723.9,423.1,21.4,40.9,0.072
3,-1,624.9,424.7,14.6,24.3,0.064
3,-1,713.2,426.7,20.3,41.7,0.062
3,-1,1409.0,515.4,28.7,64.4,0.061
3,-1,745.8,424.4,20.9,58.4,0.058
4,-1,1359.9,399.9,63.6,214.2,0.999
4,-1,1453.5,420.7,71.1,173.0,0.999
4,-1,1154.8,422.4,32.3,101.7,0.998
4,-1,449.8,428.2,66.1,175.0,0.998
4,-1,661.6,410.2,61.9,195.9,0.994
4,-1,531.1,432.9,52.9,166.9,0.990
4,-1,838.5,428.0,24.4,72.5,0.989
4,-1,567.4,424.2,59.0,174.1,0.987
4,-1,1577.9,425.4,36.1,103.8,0.986
4,-1,614.6,427.3,46.7,134.2,0.986
4,-1,374.0,429.7,25.3,57.5,0.984
4,-1,1209.7,413.8,30.0,85.2,0.984
4,-1,1096.0,418.9,29.8,81.0,0.983
4,-1,790.3,426.4,21.1,65.1,0.976
4,-1,710.5,418.7,48.8,172.2,0.972
4,-1,1179.1,415.0,22.1,87.9,0.959
4,-1,948.9,420.2,25.2,101.5,0.928
4,-1,824.1,428.8,19.8,61.0,0.919
4,-1,924.1,437.7,13.7,27.9,0.690
4,-1,286.2,416.3,45.4,126.0,0.687
4,-1,746.5,430.6,17.9,57.3,0.600
4,-1,390.0,435.1,21.7,49.6,0.579
4,-1,894.5,431.6,12.5,31.5,0.509
4,-1,290.2,423.5,20.3,32.6,0.477
4,-1,634.3,418.3,13.0,24.1,0.432
4,-1,807.6,427.3,17.8,62.0,0.431
4,-1,908.5,435.0,11.7,27.3,0.396
4,-1,752.7,432.1,12.9,40.4,0.297
4,-1,799.7,423.5,20.4,64.7,0.258
4,-1,920.3,436.1,11.3,28.2,0.247
4,-1,737.0,422.6,18.9,28.8,0.202
4,-1,632.2,429.0,52.5,156.9,0.192
4,-1,763.3,431.6,14.8,46.6,0.162
4,-1,854.7,434.3,15.7,34.1,0.159
4,-1,900.4,431.4,13.6,31.2,0.153
4,-1,664.9,413.4,19.8,51.1,0.147
4,-1,917.1,434.2,9.7,27.3,0.139
4,-1,707.7,428.6,19.1,32.9,0.138
4,-1,404.1,428.9,20.6,47.7,0.133
4,-1,717.8,422.6,24.5,40.7,0.125
4,-1,1005.6,342.0,47.2,103.7,0.119
4,-1,855.0,425.1,14.4,22.2,0.118
4,-1,738.7,428.0,21.1,45.0,0.109
4,-1,656.6,429.2,24.5,102.9,0.104
4,-1,440.4,422.1,12.2,51.9,0.101
4,-1,759.0,430.3,13.1,48.6,0.092
4,-1,709.7,426.3,24.3,50.8,0.086
4,-1,592.1,426.4,57.8,148.7,0.084
4,-1,299.1,435.2,32.3,75.4,0.077
4,-1,717.0,424.4,38.0,69.8,0.073
4,-1,818.0,426.6,14.4,49.7,0.072
4,-1,755.2,429.1,12.6,23.0,0.071
4,-1,843.7,419.5,13.7,22.6,0.066
4,-1,968.2,343.6,81.1,120.3,0.059
4,-1,857.3,429.0,13.7,28.9,0.059
4,-1,646.4,428.5,25.4,107.2,0.058
4,-1,845.3,430.3,19.2,40.4,0.053
4,-1,759.2,430.4,11.4,26.2,0.051
5,-1,1444.4,423.9,67.6,172.7,0.999
5,-1,436.0,430.3,70.1,176.5,0.998
5,-1,1358.3,404.2,63.9,223.3,0.998
5,-1,1145.8,424.7,32.9,101.9,0.997
5,-1,1085.3,421.6,30.0,83.1,0.993
5,-1,643.4,414.2,84.5,199.3,0.992
5,-1,1196.8,416.3,33.2,90.5,0.984
5,-1,522.5,432.8,51.5,168.6,0.983
5,-1,691.6,422.2,52.1,172.7,0.978
5,-1,605.7,430.1,43.9,132.2,0.973
5,-1,553.4,430.6,67.0,173.8,0.967
5,-1,1166.5,421.6,24.4,93.3,0.967
5,-1,779.8,431.1,20.3,61.8,0.963
5,-1,829.2,433.7,24.6,69.4,0.945
5,-1,1572.6,431.7,41.4,99.3,0.930
5,-1,814.1,433.3,20.0,60.5,0.830
5,-1,934.2,419.6,32.3,106.7,0.817
5,-1,361.0,433.4,28.2,54.7,0.717
5,-1,969.6,367.3,70.8,92.7,0.703
5,-1,1570.5,429.2,41.1,43.2,0.689
5,-1,804.3,431.5,23.6,62.4,0.488
5,-1,748.2,430.2,21.7,60.7,0.430
5,-1,953.6,417.2,26.5,55.9,0.420
5,-1,623.1,428.6,47.5,165.9,0.420
5,-1,733.9,435.3,20.8,57.0,0.415
5,-1,943.3,414.2,36.4,104.0,0.384
5,-1,795.9,435.1,16.7,56.1,0.367
5,-1,878.4,428.3,17.6,31.9,0.364
5,-1,912.9,431.8,16.7,35.8,0.351
5,-1,352.4,383.8,48.9,104.9,0.332
5,-1,883.2,425.1,17.6,31.3,0.311
5,-1,893.9,425.9,18.0,39.7,0.266
5,-1,835.9,419.1,44.9,87.0,0.263
5,-1,926.8,424.0,19.1,48.7,0.228
5,-1,1569.5,430.3,63.8,55.8,0.216
5,-1,724.5,431.7,22.5,38.8,0.203
5,-1,997.2,356.0,46.4,84.6,0.165
5,-1,634.6,418.2,23.8,36.2,0.143
5,-1,842.9,401.5,22.0,24.5,0.135
5,-1,723.9,424.6,22.4,30.9,0.121
5,-1,877.2,411.2,20.4,41.4,0.117
5,-1,583.5,426.3,61.2,159.7,0.109
5,-1,749.9,433.2,19.5,31.7,0.107
5,-1,961.3,415.7,29.9,52.8,0.106
5,-1,854.6,422.0,20.3,34.8,0.100
5,-1,930.9,400.8,48.0,85.4,0.096
5,-1,699.7,428.2,39.3,110.6,0.089
5,-1,718.7,431.4,27.4,71.6,0.088
5,-1,259.3,405.3,51.7,89.4,0.086
5,-1,844.6,425.2,20.2,32.9,0.083
5,-1,701.6,426.6,21.9,36.3,0.082
5,-1,778.2,425.2,22.1,41.0,0.078
5,-1,799.5,423.0,16.3,28.8,0.077
5,-1,867.5,415.2,17.9,36.7,0.074
5,-1,909.4,411.5,21.6,53.1,0.071
5,-1,821.3,431.7,22.5,65.9,0.068
5,-1,733.8,431.5,20.1,30.8,0.067
5,-1,842.1,410.7,21.7,37.8,0.067
5,-1,970.8,419.0,28.4,46.9,0.061
5,-1,838.3,424.7,22.5,44.6,0.057
5,-1,7.8,375.1,169.5,122.1,0.055
5,-1,1163.8,417.4,48.7,105.7,0.054
5,-1,830.6,424.9,22.2,43.9,0.053
5,-1,810.6,431.4,16.9,37.7,0.052
5,-1,745.6,434.0,18.7,39.3,0.052
5,-1,885.0,423.4,23.8,39.3,0.051
6,-1,1441.6,427.5,67.8,168.9,0.999
6,-1,432.5,430.8,70.9,176.2,0.998
6,-1,1358.8,406.9,64.5,226.7,0.998
6,-1,644.5,414.5,69.4,198.2,0.995
6,-1,1085.1,423.6,28.3,78.1,0.994
6,-1,1143.4,426.0,31.3,103.6,0.993
6,-1,519.4,435.5,48.4,164.2,0.991
6,-1,1192.6,418.4,35.0,99.4,0.988
6,-1,601.3,429.1,47.4,134.5,0.981
6,-1,552.4,422.0,58.9,181.4,0.978
6,-1,1167.3,426.4,25.1,83.1,0.964
6,-1,357.3,434.3,23.4,54.8,0.960
6,-1,692.3,423.9,43.2,169.2,0.959
6,-1,1567.8,433.8,35.8,100.0,0.943
6,-1,825.7,435.4,24.7,70.4,0.942
6,-1,777.7,436.6,19.7,57.8,0.918
6,-1,731.1,433.8,19.3,57.5,0.900
6,-1,745.5,430.9,19.7,59.8,0.837
6,-1,1569.7,433.6,39.7,41.4,0.823
6,-1,938.4,426.1,22.3,99.5,0.778
6,-1,811.2,432.1,22.5,62.5,0.631
6,-1,933.4,406.8,43.5,118.3,0.624
6,-1,697.7,426.2,40.1,48.0,0.579
6,-1,625.4,428.8,43.6,166.2,0.545
6,-1,996.4,345.4,47.0,92.8,0.373
6,-1,378.1,437.6,20.7,46.8,0.334
6,-1,796.9,440.9,15.4,50.2,0.280
6,-1,719.6,433.3,23.2,52.9,0.226
6,-1,790.1,439.1,17.9,53.3,0.210
6,-1,972.9,349.7,65.5,109.1,0.180
6,-1,956.2,427.5,23.8,45.5,0.175
6,-1,698.4,426.3,26.7,34.3,0.154
6,-1,806.8,430.7,17.6,60.2,0.139
6,-1,722.3,428.3,23.0,35.3,0.137
6,-1,930.9,428.0,18.5,48.0,0.132
6,-1,857.8,428.3,16.1,27.6,0.120
6,-1,880.3,440.4,17.9,27.7,0.112
6,-1,1566.0,432.0,74.4,45.8,0.110
6,-1,910.7,436.2,15.1,31.8,0.110
6,-1,936.4,430.3,21.7,46.9,0.107
6,-1,695.6,427.7,38.4,95.1,0.106
6,-1,1074.3,423.7,17.2,67.8,0.104
6,-1,748.6,430.0,18.2,29.8,0.080
6,-1,930.9,401.9,56.1,72.4,0.079
6,-1,974.7,449.5,17.3,15.3,0.076
6,-1,894.1,427.2,16.7,37.9,0.062
6,-1,816.9,430.1,16.1,28.5,0.051
7,-1,428.9,433.8,65.8,179.2,0.998
7,-1,1432.1,429.8,69.7,170.3,0.998
7,-1,1360.1,409.0,63.3,225.8,0.997
7,-1,514.5,436.6,50.8,164.3,0.988
7,-1,648.4,417.6,61.3,195.8,0.987
7,-1,1184.9,417.1,40.3,93.8,0.984
7,-1,544.5,426.9,64.7,179.6,0.979
7,-1,595.2,426.5,55.5,173.2,0.978
7,-1,1140.1,425.6,30.2,100.0,0.959
7,-1,776.2,444.3,22.4,50.3,0.950
7,-1,824.7,438.5,22.1,64.8,0.927
7,-1,676.7,419.1,59.5,183.0,0.926
7,-1,1086.3,421.7,23.8,75.1,0.917
7,-1,811.9,440.9,19.5,56.3,0.783
7,-1,1567.4,436.7,36.1,98.3,0.720
7,-1,796.2,438.6,20.0,50.3,0.514
7,-1,830.3,441.0,31.4,70.0,0.499
7,-1,737.9,441.7,22.2,43.8,0.479
7,-1,1163.6,427.8,25.4,83.4,0.465
7,-1,224.4,410.7,72.3,74.8,0.438
7,-1,929.1,422.5,41.3,111.8,0.394
7,-1,874.7,433.9,17.3,34.0,0.333
7,-1,628.4,421.0,54.5,191.5,0.281
7,-1,719.6,432.9,27.0,37.2,0.249
7,-1,1568.9,436.1,31.0,41.9,0.244
7,-1,516.1,437.5,49.4,65.9,0.219
7,-1,724.9,441.0,26.1,35.6,0.209
7,-1,720.5,419.0,34.8,45.5,0.162
7,-1,1070.0,423.0,19.8,58.0,0.159
7,-1,949.1,424.8,26.8,56.6,0.159
7,-1,1150.4,417.2,47.7,106.6,0.151
7,-1,691.6,430.2,51.5,124.9,0.151
7,-1,1071.6,423.7,28.2,79.8,0.149
7,-1,722.8,417.6,44.7,81.0,0.142
7,-1,345.1,394.2,49.9,95.0,0.128
7,-1,643.7,431.7,26.8,81.5,0.113
7,-1,706.1,422.9,44.5,81.4,0.111
7,-1,708.6,411.6,39.2,47.4,0.109
7,-1,714.5,436.1,25.7,43.3,0.108
7,-1,708.1,431.9,24.6,34.9,0.107
7,-1,815.9,431.7,40.4,75.8,0.102
7,-1,696.0,430.9,24.2,28.6,0.089
7,-1,643.8,430.8,23.9,34.9,0.084
7,-1,973.8,373.4,60.3,84.9,0.078
7,-1,769.1,424.0,36.8,72.1,0.076
7,-1,762.6,446.7,23.2,49.2,0.074
7,-1,686.9,431.5,36.9,85.5,0.074
7,-1,790.2,443.8,19.3,48.0,0.068
7,-1,1354.8,410.6,60.9,123.4,0.067
7,-1,725.1,419.7,24.2,28.9,0.065
7,-1,699.3,430.7,28.2,43.7,0.065
7,-1,933.1,415.3,46.0,71.1,0.056
8,-1,1358.6,408.2,65.8,228.7,0.999
8,-1,425.7,434.1,66.5,176.0,0.998
8,-1,1429.3,428.5,69.6,172.1,0.997
8,-1,1183.0,421.7,40.3,111.7,0.996
8,-1,638.9,417.8,57.5,207.5,0.996
8,-1,1135.6,429.8,33.4,102.7,0.995
8,-1,512.1,438.6,51.6,167.3,0.994
8,-1,1080.8,428.3,27.6,80.0,0.991
8,-1,545.3,430.0,59.8,174.5,0.986
8,-1,1160.1,424.9,24.0,87.9,0.984
8,-1,348.5,437.6,25.4,56.8,0.977
8,-1,597.5,431.4,45.4,134.5,0.977
8,-1,1565.7,438.0,36.5,102.3,0.966
8,-1,770.9,438.9,21.2,60.5,0.958
8,-1,682.5,425.7,46.5,174.9,0.949
8,-1,822.4,439.4,24.2,70.9,0.932
8,-1,805.4,436.7,19.0,64.1,0.889
8,-1,930.2,434.1,24.5,98.0,0.748
8,-1,739.9,437.3,19.9,56.6,0.703
8,-1,366.9,440.6,21.3,47.9,0.638
8,-1,793.2,438.9,16.9,59.7,0.607
8,-1,947.5,351.9,87.1,119.3,0.564
8,-1,728.0,443.2,19.0,52.1,0.440
8,-1,610.3,429.7,61.7,184.6,0.375
8,-1,718.8,440.7,22.6,56.8,0.347
8,-1,686.5,431.7,41.0,77.6,0.317
8,-1,873.0,437.4,16.7,36.2,0.309
8,-1,717.4,434.4,23.3,39.1,0.244
8,-1,929.0,407.5,40.3,122.8,0.225
8,-1,711.5,436.3,23.0,59.8,0.177
8,-1,897.6,441.2,15.1,29.6,0.173
8,-1,849.9,432.0,16.9,28.8,0.172
8,-1,879.6,436.5,15.7,35.7,0.165
8,-1,1564.8,438.7,69.9,106.1,0.150
8,-1,907.7,441.5,13.5,34.1,0.145
8,-1,888.2,430.7,16.2,39.1,0.130
8,-1,786.2,440.4,19.1,57.1,0.129
8,-1,893.2,438.0,14.5,31.7,0.119
8,-1,616.4,427.6,16.0,21.5,0.114
8,-1,693.1,431.5,34.7,46.2,0.110
8,-1,871.1,432.9,14.4,29.6,0.109
8,-1,927.6,429.8,25.0,53.4,0.101
8,-1,875.7,432.5,15.8,30.2,0.100
8,-1,968.0,450.7,17.0,22.2,0.097
8,-1,800.4,434.8,16.2,57.7,0.092
8,-1,827.9,435.9,23.1,46.9,0.082
8,-1,866.4,434.1,14.8,37.4,0.075
8,-1,1469.3,440.3,31.7,103.7,0.072
8,-1,884.2,441.0,16.7,28.8,0.072
8,-1,375.4,446.0,22.7,40.4,0.071
8,-1,951.8,397.4,18.1,27.9,0.058
8,-1,687.3,431.9,27.6,40.4,0.058
8,-1,795.5,430.3,14.8,28.1,0.052
9,-1,1360.7,406.7,66.1,236.9,0.999
9,-1,425.9,433.9,65.6,175.4,0.999
9,-1,1424.4,428.5,75.1,172.6,0.998
9,-1,1180.2,422.8,43.0,112.9,0.998
9,-1,1135.1,429.2,32.4,101.9,0.997
9,-1,511.0,438.3,51.4,167.5,0.995
9,-1,1080.8,427.5,28.5,80.7,0.991
9,-1,640.8,419.0,58.9,204.8,0.990
9,-1,683.4,426.3,43.4,177.9,0.989
9,-1,346.5,437.0,24.3,57.3,0.985
9,-1,547.6,427.0,57.0,177.6,0.982
9,-1,1158.5,428.6,24.9,98.2,0.981
9,-1,770.4,438.6,20.7,60.1,0.977
9,-1,598.2,426.8,46.3,146.9,0.976
9,-1,1564.3,438.5,43.7,102.7,0.962
9,-1,820.9,439.6,24.2,70.7,0.949
9,-1,808.1,438.8,16.2,60.7,0.901
9,-1,366.7,439.8,19.5,51.2,0.861
9,-1,741.3,436.8,17.3,55.3,0.731
9,-1,793.2,440.8,15.7,56.6,0.693
9,-1,932.2,443.0,23.7,89.4,0.684
9,-1,729.4,441.0,18.2,54.7,0.664
9,-1,715.3,437.8,21.2,56.7,0.654
9,-1,642.2,423.1,24.0,46.1,0.454
9,-1,910.3,438.0,12.7,37.3,0.447
9,-1,877.4,437.1,12.8,35.8,0.431
9,-1,955.3,364.8,76.4,101.4,0.353
9,-1,684.2,432.3,38.0,98.4,0.269
9,-1,929.9,403.9,35.1,125.3,0.225
9,-1,800.1,435.1,17.4,63.6,0.212
9,-1,685.1,432.4,31.9,37.6,0.202
9,-1,905.1,438.1,12.9,35.3,0.192
9,-1,616.8,425.1,14.8,20.7,0.186
9,-1,715.7,431.8,21.4,38.1,0.170
9,-1,853.9,433.4,13.8,26.6,0.138
9,-1,701.3,429.2,18.7,38.9,0.137
9,-1,881.3,436.4,12.9,34.2,0.124
9,-1,419.2,427.3,13.0,54.4,0.119
9,-1,626.5,424.6,18.6,29.3,0.117
9,-1,609.1,430.3,51.8,181.1,0.114
9,-1,867.0,432.6,12.9,38.9,0.091
9,-1,898.3,436.2,11.1,33.2,0.087
9,-1,893.0,432.6,11.9,36.6,0.087
9,-1,871.7,434.6,12.3,34.1,0.081
9,-1,799.1,435.2,13.3,43.2,0.081
9,-1,384.1,436.1,19.5,47.5,0.081
9,-1,603.3,426.1,12.5,25.9,0.077
9,-1,988.7,349.8,45.7,102.9,0.076
9,-1,886.1,436.7,12.8,33.9,0.075
9,-1,704.8,432.9,20.9,59.3,0.072
9,-1,838.7,432.6,15.0,24.4,0.070
9,-1,929.4,434.5,24.7,60.3,0.060
9,-1,1380.0,420.5,86.0,214.4,0.058
9,-1,828.4,438.8,19.8,49.7,0.057
9,-1,676.4,418.0,15.5,20.0,0.055
9,-1,837.1,439.3,16.6,39.8,0.052
9,-1,684.4,430.3,21.7,28.2,0.051
9,-1,724.2,436.4,18.7,29.6,0.050
10,-1,1369.6,407.0,65.2,238.8,0.999
10,-1,1180.5,424.4,37.5,110.6,0.998
10,-1,1428.8,429.6,67.2,172.9,0.998
10,-1,1132.5,431.1,31.2,101.6,0.998
10,-1,419.5,433.6,69.5,177.4,0.997
10,-1,504.4,438.2,54.7,169.3,0.994
10,-1,1080.4,427.8,27.8,79.7,0.992
10,-1,635.1,415.1,72.7,205.8,0.992
10,-1,549.4,433.7,50.7,171.1,0.992
10,-1,1159.5,431.1,23.2,98.5,0.990
10,-1,768.4,439.9,20.2,58.6,0.980
10,-1,596.4,426.1,47.2,159.7,0.980
10,-1,818.4,443.6,24.7,66.5,0.978
10,-1,341.1,437.5,23.7,56.0,0.975
10,-1,1566.5,437.1,36.0,106.8,0.973
10,-1,666.5,427.4,53.9,178.0,0.917
10,-1,362.3,442.1,23.9,49.4,0.889
10,-1,738.5,436.1,19.1,59.0,0.802
10,-1,944.7,348.3,86.4,117.3,0.801
10,-1,929.3,437.6,24.0,94.6,0.754
10,-1,730.4,439.6,17.3,55.9,0.604
10,-1,803.7,435.0,17.8,63.0,0.580
10,-1,906.4,442.9,11.3,32.7,0.545
10,-1,877.9,438.2,12.5,32.6,0.531
10,-1,788.8,440.6,19.7,58.4,0.470
10,-1,680.8,434.1,40.8,89.1,0.441
10,-1,622.9,425.0,20.7,35.8,0.307
10,-1,714.0,441.3,15.4,39.6,0.300
10,-1,415.4,427.5,14.1,55.8,0.298
10,-1,899.8,442.5,10.3,28.3,0.292
10,-1,873.4,439.6,12.1,30.1,0.234
10,-1,895.1,445.3,11.1,26.0,0.222
10,-1,724.2,441.0,16.7,44.0,0.222
10,-1,680.4,433.4,33.1,40.8,0.202
10,-1,930.3,446.5,22.8,48.7,0.186
10,-1,715.4,432.2,22.2,38.5,0.175
10,-1,927.2,402.7,39.1,122.5,0.173
10,-1,856.1,436.0,10.5,24.5,0.166
10,-1,890.1,442.1,10.0,26.8,0.161
10,-1,966.3,448.4,19.3,24.5,0.149
10,-1,814.3,441.1,19.7,62.9,0.140
10,-1,637.5,422.2,21.9,52.4,0.133
10,-1,800.6,439.5,13.9,33.9,0.122
10,-1,884.2,441.3,11.3,28.2,0.119
10,-1,613.6,425.1,16.7,23.5,0.114
10,-1,910.7,443.1,11.2,31.5,0.110
10,-1,679.2,432.3,22.9,30.9,0.104
10,-1,629.3,418.3,43.6,190.3,0.099
10,-1,904.5,439.8,9.9,28.8,0.097
10,-1,881.9,438.0,11.8,24.5,0.081
10,-1,824.1,439.8,22.2,39.7,0.080
10,-1,1457.5,435.9,38.7,124.5,0.070
10,-1,619.6,425.7,16.0,27.2,0.064
10,-1,705.5,437.8,20.4,60.6,0.064
10,-1,1144.4,428.1,43.3,105.4,0.062
10,-1,869.1,438.3,10.5,29.5,0.061
10,-1,1470.6,442.4,26.8,94.1,0.057
10,-1,940.6,403.9,59.4,71.9,0.054
11,-1,1131.8,430.8,31.3,101.6,0.999
11,-1,1360.9,407.1,76.6,237.4,0.999
11,-1,1177.4,423.8,42.1,111.7,0.997
11,-1,416.5,431.9,69.0,181.1,0.997
11,-1,631.3,416.0,75.4,209.0,0.994
11,-1,1430.4,429.9,61.2,172.8,0.993
11,-1,1079.4,428.4,27.5,80.2,0.992
11,-1,502.5,440.1,50.5,169.5,0.987
11,-1,1157.8,431.8,25.2,94.9,0.984
11,-1,766.8,441.2,20.9,58.5,0.979
11,-1,592.3,424.2,49.5,168.3,0.978
11,-1,1566.2,438.8,36.3,102.1,0.977
11,-1,548.0,422.8,51.8,185.2,0.975
11,-1,816.2,443.6,26.0,67.6,0.959
11,-1,339.0,438.5,22.6,56.6,0.955
11,-1,668.8,428.6,46.2,176.1,0.901
11,-1,357.7,442.9,25.9,48.9,0.775
11,-1,786.8,443.9,16.5,54.1,0.771
11,-1,1566.3,437.8,37.1,45.7,0.682
11,-1,734.9,439.6,20.1,56.0,0.571
11,-1,573.3,416.5,54.3,191.8,0.556
11,-1,710.2,447.2,16.3,48.6,0.554
11,-1,799.6,436.8,22.9,60.3,0.483
11,-1,677.5,434.6,34.7,46.7,0.467
11,-1,729.8,445.2,18.4,51.3,0.341
11,-1,721.6,442.0,18.4,41.3,0.253
11,-1,964.7,369.3,61.3,94.5,0.252
11,-1,919.2,430.4,25.0,51.2,0.230
11,-1,915.2,417.2,38.8,112.8,0.214
11,-1,713.7,442.1,22.4,53.7,0.184
11,-1,945.3,382.8,63.7,94.7,0.183
11,-1,904.7,437.2,14.9,37.7,0.163
11,-1,874.8,435.9,15.0,30.1,0.151
11,-1,868.9,439.8,16.3,30.9,0.150
11,-1,1566.8,438.4,74.0,96.9,0.144
11,-1,898.1,436.4,15.0,33.9,0.128
11,-1,928.7,401.7,48.6,114.4,0.111
11,-1,848.1,429.9,15.7,30.8,0.110
11,-1,807.9,440.4,18.0,61.4,0.106
11,-1,411.5,429.0,15.5,54.9,0.105
11,-1,938.2,414.1,25.9,66.3,0.104
11,-1,887.4,430.6,17.3,38.8,0.096
11,-1,674.5,437.0,43.1,98.5,0.093
11,-1,1070.1,430.6,20.3,73.7,0.079
11,-1,878.3,436.2,19.6,33.5,0.073
11,-1,675.8,434.0,21.7,27.7,0.071
11,-1,591.8,417.6,87.1,194.2,0.066
11,-1,618.9,424.9,21.4,31.0,0.059
11,-1,696.7,439.6,25.0,62.5,0.053
11,-1,875.2,446.2,18.3,25.1,0.051
12,-1,1372.0,406.3,66.4,233.9,0.999
12,-1,629.5,412.8,82.3,215.7,0.998
12,-1,1131.1,429.6,31.1,99.1,0.997
12,-1,1173.6,422.8,42.9,110.4,0.996
12,-1,413.6,433.2,69.8,177.9,0.996
12,-1,499.6,440.6,57.3,164.9,0.992
12,-1,1079.5,426.8,26.9,81.3,0.990
12,-1,1430.0,431.3,55.5,172.7,0.988
12,-1,549.6,431.4,48.2,173.2,0.984
12,-1,589.6,423.4,50.9,176.4,0.984
12,-1,816.3,441.9,24.5,66.6,0.971
12,-1,767.0,442.2,18.5,55.8,0.961
12,-1,1157.5,434.4,24.9,85.2,0.959
12,-1,337.0,437.1,21.1,56.8,0.952
12,-1,1566.9,437.2,34.6,106.3,0.934
12,-1,356.5,437.6,24.3,51.3,0.841
12,-1,1566.6,437.4,36.8,44.9,0.788
12,-1,708.3,445.7,16.4,43.3,0.780
12,-1,787.9,447.6,16.7,49.1,0.693
12,-1,663.2,424.2,48.9,178.8,0.629
12,-1,734.0,439.4,20.6,54.1,0.612
12,-1,675.2,433.4,33.8,62.3,0.340
12,-1,803.3,438.5,16.9,58.3,0.319
12,-1,1565.0,437.4,74.4,47.6,0.305
12,-1,1567.1,436.6,68.1,108.3,0.304
12,-1,719.2,441.7,17.7,38.4,0.255
12,-1,237.7,435.2,36.2,115.8,0.226
12,-1,940.9,362.4,81.5,113.9,0.220
12,-1,885.4,427.3,20.7,42.1,0.208
12,-1,916.9,431.6,22.0,48.8,0.166
12,-1,868.1,438.3,16.6,32.1,0.161
12,-1,873.7,435.8,17.2,34.3,0.146
12,-1,896.8,435.3,15.6,33.6,0.122
12,-1,928.3,440.0,21.0,44.0,0.112
12,-1,848.9,428.0,16.3,31.3,0.111
12,-1,737.3,439.0,17.5,26.3,0.110
12,-1,912.3,423.0,39.1,106.2,0.106
12,-1,250.3,437.6,23.4,65.6,0.100
12,-1,905.2,436.6,15.0,37.8,0.100
12,-1,818.2,441.7,27.8,38.5,0.086
12,-1,620.0,424.3,20.2,30.3,0.081
12,-1,879.8,434.6,19.1,34.6,0.080
12,-1,808.9,442.9,17.1,57.1,0.075
12,-1,729.7,440.4,16.6,47.9,0.074
12,-1,918.4,394.2,62.1,84.0,0.064
12,-1,598.1,414.6,89.1,205.3,0.061
12,-1,781.6,443.9,16.3,47.9,0.056
13,-1,1371.4,404.4,70.9,239.3,0.999
13,-1,625.9,413.2,83.2,215.1,0.998
13,-1,1130.2,430.9,31.7,100.3,0.998
13,-1,1172.5,423.6,43.6,108.7,0.996
13,-1,411.5,436.0,67.0,176.4,0.994
13,-1,497.1,441.3,55.4,166.5,0.993
13,-1,548.9,426.5,47.4,182.7,0.989
13,-1,1076.9,427.9,27.3,80.5,0.988
13,-1,1433.3,432.9,51.5,170.8,0.986
13,-1,589.5,424.4,48.4,154.6,0.981
13,-1,1155.5,434.5,24.6,88.6,0.970
13,-1,765.5,439.7,19.2,59.9,0.969
13,-1,334.4,437.2,22.0,57.3,0.967
13,-1,1567.1,437.5,34.9,106.1,0.955
13,-1,814.5,443.4,26.9,67.6,0.925
13,-1,733.4,440.3,20.0,55.0,0.877
13,-1,355.6,439.2,23.7,51.3,0.788
13,-1,708.1,446.2,15.5,44.2,0.764
13,-1,1566.7,437.6,36.8,44.9,0.732
13,-1,711.6,440.4,23.8,50.1,0.456
13,-1,787.3,443.9,17.8,54.0,0.415
13,-1,939.8,367.1,81.8,110.3,0.391
13,-1,718.4,440.2,18.8,32.4,0.389
13,-1,913.7,429.3,28.0,53.8,0.377
13,-1,664.1,427.4,46.2,165.9,0.367
13,-1,795.1,438.6,24.8,59.9,0.318
13,-1,910.2,424.0,39.7,107.8,0.314
13,-1,882.7,430.5,18.9,38.5,0.189
13,-1,735.8,439.1,19.1,33.1,0.184
13,-1,895.4,433.3,17.5,35.0,0.168
13,-1,868.7,439.2,17.4,31.9,0.153
13,-1,874.2,436.0,17.7,34.1,0.130
13,-1,928.0,397.3,68.4,81.5,0.118
13,-1,725.0,439.5,21.5,56.8,0.111
13,-1,1563.3,437.7,73.8,48.7,0.110
13,-1,925.8,440.6,21.2,46.0,0.109
13,-1,879.2,445.8,19.7,24.0,0.100
13,-1,674.6,434.3,35.5,69.9,0.091
13,-1,1065.9,430.3,14.7,68.7,0.089
13,-1,810.7,443.0,19.9,60.6,0.087
13,-1,780.1,444.0,17.4,51.0,0.073
13,-1,1070.1,431.1,21.7,75.0,0.071
13,-1,872.1,432.3,17.1,27.1,0.068
13,-1,1569.3,438.8,66.2,108.3,0.065
13,-1,845.9,427.5,16.2,32.5,0.059
13,-1,887.2,428.1,18.2,29.4,0.052
13,-1,818.0,443.5,26.7,39.8,0.051
14,-1,1371.3,407.8,77.5,240.1,0.999
14,-1,1168.6,423.5,45.9,112.2,0.999
14,-1,623.4,411.9,83.6,218.7,0.998
14,-1,405.6,433.6,69.4,179.6,0.997
14,-1,1126.8,429.1,30.4,101.6,0.996
14,-1,493.1,442.9,49.3,164.4,0.994
14,-1,583.4,422.0,52.9,183.3,0.992
14,-1,1074.5,427.3,27.9,81.2,0.989
14,-1,540.1,431.0,48.8,174.6,0.978
14,-1,810.8,440.0,27.3,68.2,0.947
14,-1,1150.9,431.8,26.9,88.6,0.938
14,-1,730.8,443.1,22.1,53.1,0.935
14,-1,1434.3,435.5,48.9,161.4,0.932
14,-1,329.9,437.6,21.7,56.7,0.903
14,-1,1564.9,439.4,36.2,100.8,0.872
14,-1,1565.4,437.3,36.0,44.5,0.852
14,-1,763.0,439.0,19.3,50.6,0.745
14,-1,704.4,442.4,19.3,46.1,0.705
14,-1,906.2,424.3,38.1,108.6,0.704
14,-1,943.7,382.9,69.2,92.8,0.622
14,-1,342.9,441.3,35.5,52.4,0.505
14,-1,706.7,435.7,27.8,52.7,0.500
14,-1,783.5,440.9,20.0,57.0,0.448
14,-1,910.2,426.4,27.8,54.9,0.365
14,-1,350.6,437.0,20.9,45.6,0.352
14,-1,719.9,434.4,26.0,60.6,0.323
14,-1,947.1,411.6,31.2,63.6,0.319
14,-1,883.3,434.1,20.1,35.0,0.294
14,-1,795.8,438.6,21.4,58.9,0.271
14,-1,729.7,435.7,22.0,33.6,0.180
14,-1,812.6,418.4,47.9,91.1,0.169
14,-1,895.4,437.1,16.7,32.6,0.165
14,-1,865.1,438.2,20.7,33.0,0.138
14,-1,710.1,425.8,23.5,27.4,0.136
14,-1,711.7,430.0,26.1,43.2,0.133
14,-1,775.6,445.2,21.8,42.3,0.123
14,-1,970.9,364.2,52.9,94.4,0.115
14,-1,681.4,429.6,30.8,74.5,0.090
14,-1,358.2,436.8,32.1,50.3,0.079
14,-1,497.7,436.0,81.2,173.4,0.072
14,-1,872.9,430.5,21.5,36.3,0.069
14,-1,790.0,432.4,39.3,74.5,0.067
14,-1,1555.7,438.2,84.6,46.2,0.066
14,-1,608.7,421.8,46.1,186.6,0.063
14,-1,722.6,432.7,22.4,34.3,0.058
14,-1,936.7,396.8,50.7,85.7,0.054
15,-1,1372.9,410.4,86.5,238.8,0.999
15,-1,398.3,432.7,69.5,176.7,0.998
15,-1,617.9,405.7,73.9,225.9,0.997
15,-1,1067.1,424.2,30.2,82.4,0.997
15,-1,1161.9,420.1,44.6,112.7,0.996
15,-1,1120.7,428.5,29.6,101.7,0.996
15,-1,571.6,426.9,58.8,177.9,0.992
15,-1,484.9,438.2,49.0,164.7,0.990
15,-1,535.4,426.4,45.5,179.8,0.987
15,-1,317.2,433.6,23.6,58.5,0.980
15,-1,1145.5,429.6,27.4,87.8,0.979
15,-1,754.5,435.5,21.0,61.3,0.974
15,-1,804.3,440.9,25.1,67.5,0.949
15,-1,1425.4,431.9,49.3,177.7,0.945
15,-1,1557.6,437.2,35.0,104.6,0.939
15,-1,719.4,430.7,22.8,64.2,0.927
15,-1,775.1,433.1,19.7,62.3,0.822
15,-1,342.9,435.0,21.1,51.1,0.778
15,-1,698.9,435.8,18.4,57.3,0.777
15,-1,789.4,428.5,20.9,66.9,0.749
15,-1,933.9,369.1,76.8,103.1,0.688
15,-1,1135.7,427.4,26.9,93.3,0.549
15,-1,1558.9,435.4,36.9,44.4,0.537
15,-1,702.5,427.7,27.5,65.7,0.524
15,-1,499.2,432.6,65.4,175.5,0.450
15,-1,782.2,434.0,21.9,61.7,0.403
15,-1,905.1,429.8,22.3,46.9,0.386
15,-1,905.4,408.6,44.3,116.7,0.356
15,-1,329.6,435.2,29.6,55.1,0.336
15,-1,701.8,421.1,22.8,26.8,0.287
15,-1,863.6,433.9,16.8,35.6,0.272
15,-1,797.8,416.3,10.7,17.1,0.192
15,-1,783.3,418.1,12.0,16.4,0.190
15,-1,919.4,383.8,50.8,100.1,0.171
15,-1,877.6,429.8,17.7,36.8,0.143
15,-1,918.6,442.7,19.2,47.9,0.127
15,-1,854.0,428.7,15.1,36.7,0.127
15,-1,867.6,428.0,18.8,38.2,0.100
15,-1,1061.4,425.5,21.5,73.7,0.100
15,-1,708.1,425.3,22.1,37.5,0.099
15,-1,721.3,418.5,14.9,24.6,0.098
15,-1,656.1,408.5,20.4,25.5,0.098
15,-1,905.2,395.6,50.7,83.5,0.097
15,-1,790.9,426.9,18.5,29.7,0.090
15,-1,603.3,422.8,16.8,28.5,0.089
15,-1,890.7,430.8,16.1,37.9,0.087
15,-1,797.3,425.3,17.8,29.6,0.083
15,-1,884.6,427.1,16.2,37.0,0.075
15,-1,772.8,426.8,19.8,42.8,0.074
15,-1,665.7,418.1,45.7,100.4,0.067
15,-1,967.0,357.9,48.7,93.9,0.062
16,-1,1373.7,408.8,87.4,242.0,0.999
16,-1,389.4,432.8,70.8,177.7,0.998
16,-1,605.6,411.5,79.9,224.6,0.997
16,-1,1115.8,427.3,29.5,99.1,0.995
16,-1,1157.3,420.5,45.0,112.9,0.994
16,-1,1062.3,424.6,29.5,84.5,0.992
16,-1,559.7,424.8,63.5,181.4,0.985
16,-1,475.9,437.5,53.7,168.4,0.984
16,-1,530.5,429.7,44.7,179.5,0.981
16,-1,714.4,430.0,24.0,65.1,0.972
16,-1,748.9,435.7,21.1,60.6,0.971
16,-1,799.4,438.4,23.6,70.3,0.962
16,-1,309.8,436.0,23.7,57.1,0.944
16,-1,1553.0,436.3,36.9,105.1,0.938
16,-1,1139.7,427.9,29.0,86.9,0.930
16,-1,693.9,436.0,18.2,56.8,0.919
16,-1,777.4,430.0,23.6,66.4,0.812
16,-1,769.8,431.0,21.0,63.5,0.764
16,-1,1129.6,426.0,27.5,92.6,0.566
16,-1,1554.3,435.2,36.9,44.7,0.561
16,-1,336.3,436.8,20.4,48.9,0.533
16,-1,703.8,430.0,28.0,63.4,0.520
16,-1,1423.7,426.8,45.5,206.9,0.494
16,-1,786.5,428.5,20.4,67.7,0.376
16,-1,899.3,430.7,23.5,47.5,0.338
16,-1,699.4,421.9,21.0,25.0,0.279
16,-1,937.9,446.8,24.8,28.2,0.268
16,-1,792.1,434.2,21.9,67.0,0.266
16,-1,934.6,375.0,65.4,99.4,0.186
16,-1,801.4,433.5,41.3,78.0,0.182
16,-1,98.0,403.5,80.4,73.1,0.163
16,-1,700.7,423.7,23.9,41.3,0.157
16,-1,913.7,431.1,20.2,54.4,0.157
16,-1,873.2,430.9,16.0,36.9,0.156
16,-1,1055.4,424.5,23.9,80.3,0.152
16,-1,693.8,429.8,24.0,28.4,0.148
16,-1,859.6,433.1,17.2,38.1,0.137
16,-1,849.1,431.7,14.8,36.6,0.120
16,-1,901.8,402.6,38.6,87.6,0.096
16,-1,765.6,424.9,21.9,31.6,0.084
16,-1,884.2,429.3,15.9,39.6,0.080
16,-1,353.4,427.6,25.6,54.9,0.080
16,-1,651.3,408.4,21.5,28.7,0.077
16,-1,923.4,411.1,52.5,66.8,0.074
16,-1,219.1,459.6,27.7,71.8,0.073
16,-1,716.5,428.5,22.0,33.9,0.072
16,-1,774.4,420.4,19.5,19.6,0.071
16,-1,724.9,438.1,26.8,58.3,0.070
16,-1,764.3,430.2,18.4,52.4,0.066
16,-1,1132.0,426.6,52.6,107.0,0.064
16,-1,828.1,427.5,17.0,27.6,0.059
16,-1,790.5,425.4,19.8,43.8,0.058
16,-1,819.2,427.7,19.4,28.2,0.056
16,-1,204.9,455.9,39.9,100.0,0.055
16,-1,659.8,426.3,33.2,85.5,0.054
17,-1,1375.5,408.7,82.9,243.5,0.999
17,-1,381.9,436.4,68.5,183.2,0.999
17,-1,594.6,411.0,82.6,226.6,0.997
17,-1,1152.9,423.0,43.5,106.6,0.996
17,-1,1109.0,429.9,31.3,95.8,0.995
17,-1,1056.9,427.0,29.5,81.8,0.988
17,-1,469.4,436.8,52.4,169.0,0.987
17,-1,552.5,424.7,64.4,183.8,0.987
17,-1,1550.1,437.3,33.6,104.2,0.976
17,-1,302.9,434.8,24.9,59.8,0.975
17,-1,522.1,428.6,49.2,180.0,0.970
17,-1,709.8,433.1,26.6,61.9,0.965
17,-1,744.6,435.1,20.7,62.6,0.941
17,-1,1134.8,430.0,25.3,84.1,0.934
17,-1,791.7,443.5,29.0,67.7,0.899
17,-1,687.6,441.2,21.4,52.5,0.897
17,-1,1550.2,436.0,37.1,45.5,0.861
17,-1,763.4,432.6,22.9,64.5,0.825
17,-1,327.6,436.4,24.5,55.2,0.812
17,-1,1141.9,424.8,28.4,92.9,0.797
17,-1,689.4,428.2,34.1,66.0,0.780
17,-1,488.0,435.8,65.8,175.4,0.643
17,-1,797.8,433.6,35.4,77.8,0.615
17,-1,893.1,424.6,21.2,55.2,0.571
17,-1,770.9,429.7,26.1,67.0,0.565
17,-1,923.8,369.3,73.4,107.0,0.385
17,-1,907.4,419.9,24.1,66.6,0.370
17,-1,778.3,426.4,28.5,74.6,0.313
17,-1,691.9,422.7,29.7,42.1,0.311
17,-1,850.9,442.9,18.4,28.6,0.278
17,-1,866.8,430.5,16.5,37.5,0.271
17,-1,891.9,398.7,37.1,89.3,0.247
17,-1,953.6,362.9,47.2,90.5,0.177
17,-1,871.9,428.1,19.1,41.4,0.176
17,-1,911.3,402.9,28.4,78.7,0.175
17,-1,212.2,457.9,25.7,42.6,0.156
17,-1,751.2,433.6,24.5,58.3,0.155
17,-1,913.1,389.0,48.7,90.4,0.136
17,-1,1051.7,427.0,23.5,74.3,0.108
17,-1,1426.9,433.8,37.3,194.0,0.101
17,-1,715.2,435.3,23.0,30.9,0.078
17,-1,349.4,441.3,22.5,41.4,0.066
17,-1,855.8,439.9,20.0,31.3,0.061
17,-1,701.5,425.7,26.3,32.8,0.060
17,-1,781.8,417.9,17.1,19.3,0.057
17,-1,776.2,427.8,19.8,41.2,0.057
18,-1,1372.6,407.3,84.9,250.0,0.999
18,-1,378.6,434.8,66.5,179.3,0.997
18,-1,1106.9,432.0,32.3,101.1,0.997
18,-1,1145.2,422.6,46.2,105.2,0.997
18,-1,595.2,412.8,75.3,224.6,0.996
18,-1,466.5,440.8,48.1,165.1,0.992
18,-1,1052.5,426.7,28.9,82.4,0.987
18,-1,551.8,425.8,64.0,184.7,0.986
18,-1,516.0,434.9,46.4,170.4,0.968
18,-1,298.3,437.0,21.1,57.6,0.944
18,-1,1544.6,438.3,37.1,44.1,0.923
18,-1,788.8,441.6,26.7,71.6,0.907
18,-1,1132.1,425.7,28.6,92.6,0.902
18,-1,1126.7,425.6,22.4,80.2,0.897
18,-1,322.9,438.4,19.3,44.7,0.712
18,-1,740.7,442.4,16.3,44.2,0.689
18,-1,685.0,428.3,29.3,62.2,0.648
18,-1,1544.1,438.7,40.6,104.9,0.536
18,-1,706.3,438.3,21.4,58.1,0.455
18,-1,1115.8,426.3,37.6,99.5,0.420
18,-1,765.9,437.3,26.3,61.6,0.294
18,-1,861.3,440.3,20.8,31.3,0.252
18,-1,926.3,450.4,26.9,26.5,0.196
18,-1,842.6,444.0,21.5,28.1,0.193
18,-1,690.7,428.8,24.4,35.1,0.142
18,-1,763.7,444.9,15.8,50.4,0.118
18,-1,1035.9,433.2,15.0,56.4,0.109
18,-1,902.4,445.1,18.2,40.6,0.086
18,-1,777.7,439.3,26.3,65.0,0.071
18,-1,895.1,387.8,59.9,93.6,0.067
18,-1,891.3,433.7,23.8,50.1,0.062
18,-1,750.6,439.0,15.8,37.7,0.055
18,-1,886.5,396.4,46.1,87.0,0.054
18,-1,1538.6,438.5,72.8,45.4,0.050
19,-1,1367.7,409.4,83.9,252.4,0.999
19,-1,588.5,420.2,69.5,202.2,0.997
19,-1,1140.8,425.7,45.9,104.2,0.997
19,-1,370.5,438.6,67.2,177.6,0.996
19,-1,1100.9,433.9,30.7,99.1,0.990
19,-1,1047.6,431.7,28.1,81.2,0.990
19,-1,456.5,441.1,53.7,167.3,0.987
19,-1,540.4,431.5,66.2,177.9,0.981
19,-1,512.3,436.3,43.8,171.3,0.971
19,-1,289.7,436.9,21.8,60.6,0.967
19,-1,781.5,443.6,29.2,70.8,0.928
19,-1,1125.8,427.8,29.9,91.1,0.889
19,-1,1540.7,440.2,32.7,105.0,0.862
19,-1,1540.5,439.6,35.9,43.8,0.830
19,-1,677.6,444.7,20.4,48.4,0.713
19,-1,314.0,440.6,20.3,47.2,0.675
19,-1,895.3,443.1,20.1,44.4,0.361
19,-1,682.5,438.8,29.8,59.7,0.325
19,-1,883.1,434.4,20.6,47.9,0.295
19,-1,918.6,452.7,28.6,26.4,0.256
19,-1,734.5,448.2,16.8,41.3,0.218
19,-1,856.8,439.0,21.1,34.2,0.195
19,-1,841.8,451.8,17.5,23.0,0.191
19,-1,760.1,444.7,26.1,57.1,0.175
19,-1,700.3,440.7,20.7,53.6,0.170
19,-1,755.7,446.2,18.0,42.7,0.161
19,-1,907.0,447.8,18.6,36.6,0.141
19,-1,909.9,368.5,71.5,110.8,0.105
19,-1,785.5,443.5,28.5,41.1,0.102
19,-1,639.1,452.0,24.6,72.4,0.089
19,-1,1540.4,442.7,59.1,79.3,0.086
19,-1,334.7,435.0,25.3,52.3,0.080
19,-1,1035.0,433.0,20.1,74.8,0.066
19,-1,679.6,433.8,27.2,32.4,0.058
19,-1,885.4,427.5,29.3,58.7,0.058
19,-1,700.4,435.6,19.8,35.3,0.054
20,-1,1359.7,416.4,79.7,257.2,0.999
20,-1,569.0,422.2,75.0,229.3,0.998
20,-1,354.2,441.2,69.3,183.8,0.998
20,-1,439.3,445.5,51.5,173.9,0.997
20,-1,1089.1,439.1,31.6,96.5,0.996
20,-1,1134.8,431.1,36.6,105.9,0.995
20,-1,269.1,444.5,25.2,60.7,0.988
20,-1,531.4,435.9,51.1,180.7,0.987
20,-1,1035.5,434.8,27.6,85.4,0.984
20,-1,719.9,448.5,18.5,60.6,0.982
20,-1,493.8,442.9,50.3,177.8,0.977
20,-1,1528.2,447.5,36.6,102.7,0.927
20,-1,665.9,449.3,15.0,53.4,0.925
20,-1,1115.8,438.5,27.6,87.4,0.919
20,-1,736.4,450.9,22.3,56.4,0.902
20,-1,756.6,447.5,17.9,59.2,0.870
20,-1,691.6,446.5,17.8,50.8,0.852
20,-1,679.8,442.4,19.4,62.6,0.847
20,-1,304.1,447.5,19.7,52.6,0.845
20,-1,323.0,442.3,21.9,51.3,0.759
20,-1,1110.1,435.0,18.6,86.0,0.715
20,-1,770.1,447.1,20.5,73.0,0.695
20,-1,670.8,442.7,22.0,60.4,0.631
20,-1,1528.5,447.2,35.5,39.4,0.575
20,-1,673.5,438.0,21.9,42.7,0.447
20,-1,698.4,444.2,12.9,28.9,0.306
20,-1,708.1,440.2,16.9,31.7,0.141
20,-1,680.7,440.8,15.8,31.8,0.134
20,-1,826.8,446.3,13.5,36.5,0.128
20,-1,840.8,444.5,13.2,35.8,0.108
20,-1,772.6,449.7,21.7,43.6,0.079
20,-1,821.6,445.7,14.5,34.7,0.061
21,-1,1355.3,413.9,81.9,262.0,0.999
21,-1,343.2,442.4,70.3,176.0,0.997
21,-1,556.1,422.2,80.0,230.5,0.995
21,-1,1083.0,439.3,31.5,93.1,0.993
21,-1,1127.4,432.2,40.8,109.2,0.992
21,-1,1028.9,435.8,29.2,84.7,0.990
21,-1,431.2,448.5,55.7,170.8,0.988
21,-1,530.2,437.2,45.7,127.8,0.975
21,-1,259.8,444.9,23.9,61.2,0.973
21,-1,484.2,444.7,52.0,166.2,0.954
21,-1,1111.9,436.4,29.5,91.3,0.918
21,-1,765.2,443.2,25.9,79.8,0.889
21,-1,1522.2,449.3,36.3,100.9,0.878
21,-1,294.4,447.1,20.8,49.6,0.828
21,-1,1522.2,446.9,36.4,43.3,0.756
21,-1,660.2,445.9,28.1,59.5,0.742
21,-1,657.7,450.7,17.4,52.4,0.708
21,-1,862.3,348.0,104.5,127.7,0.658
21,-1,1102.1,437.7,26.6,82.8,0.601
21,-1,680.5,447.9,21.7,58.6,0.590
21,-1,1357.5,440.4,31.4,83.9,0.553
21,-1,1355.3,439.6,38.2,141.6,0.520
21,-1,713.7,454.1,16.1,42.6,0.436
21,-1,313.1,444.9,22.7,50.9,0.380
21,-1,772.2,448.6,29.6,73.6,0.348
21,-1,838.1,444.5,17.2,35.3,0.345
21,-1,822.0,455.6,18.6,28.4,0.314
21,-1,505.4,437.3,61.1,178.3,0.245
21,-1,737.8,457.8,17.8,50.7,0.229
21,-1,680.9,443.3,19.7,28.1,0.218
21,-1,751.6,441.4,20.5,71.6,0.188
21,-1,863.1,444.4,20.2,46.5,0.151
21,-1,726.8,452.1,17.4,31.8,0.126
21,-1,116.9,414.7,47.6,82.6,0.114
21,-1,716.9,453.2,17.8,34.0,0.098
21,-1,1105.5,430.8,48.7,112.1,0.083
21,-1,569.1,429.7,65.2,128.7,0.079
21,-1,1021.5,438.1,21.0,72.7,0.071
21,-1,875.6,455.4,22.2,39.7,0.071
21,-1,612.7,453.8,30.2,59.2,0.056
21,-1,720.0,441.0,23.0,44.1,0.052
22,-1,1350.8,414.2,84.2,263.0,0.998
22,-1,332.5,442.5,70.2,180.6,0.998
22,-1,551.9,434.8,72.3,210.6,0.995
22,-1,1071.8,439.6,38.2,107.6,0.987
22,-1,1023.7,437.7,25.8,81.1,0.986
22,-1,424.2,452.4,53.2,169.2,0.979
22,-1,519.3,437.3,50.6,140.1,0.977
22,-1,1122.5,432.7,36.4,102.8,0.966
22,-1,649.8,443.9,28.2,58.8,0.816
22,-1,1347.2,444.7,38.5,157.7,0.807
22,-1,1515.1,452.1,33.4,104.0,0.763
22,-1,1103.0,435.8,30.1,93.7,0.755
22,-1,251.5,449.8,21.6,56.2,0.754
22,-1,1517.1,449.6,29.8,43.5,0.739
22,-1,752.9,447.6,29.2,78.0,0.738
22,-1,486.4,442.1,43.2,150.5,0.659
22,-1,672.6,446.1,22.8,62.3,0.606
22,-1,707.5,455.8,15.3,48.4,0.542
22,-1,1091.6,434.9,29.7,94.7,0.515
22,-1,729.4,447.6,31.6,67.3,0.486
22,-1,1350.4,443.8,31.8,71.0,0.391
22,-1,1086.5,438.6,54.9,106.4,0.337
22,-1,756.6,437.9,42.8,90.2,0.322
22,-1,739.6,445.3,34.6,73.5,0.209
22,-1,853.0,444.6,22.1,47.2,0.194
22,-1,285.6,451.7,19.3,51.5,0.192
22,-1,1078.0,440.9,28.0,63.8,0.142
22,-1,706.2,447.1,22.1,46.3,0.142
22,-1,674.1,442.0,20.4,32.8,0.106
22,-1,854.8,431.3,34.1,64.8,0.098
22,-1,1011.6,438.6,20.7,61.6,0.077
22,-1,656.4,438.3,36.0,71.4,0.077
22,-1,829.6,447.6,20.7,35.8,0.065
22,-1,710.6,435.7,25.2,44.9,0.065
22,-1,652.7,442.1,25.1,29.7,0.064
22,-1,693.5,439.5,18.8,36.3,0.060
22,-1,721.6,438.1,64.5,84.4,0.060
22,-1,1008.0,443.0,14.6,58.5,0.056
22,-1,906.3,354.7,54.7,108.2,0.053
22,-1,658.2,442.0,26.7,37.7,0.052
23,-1,1348.9,415.6,81.4,266.7,0.998
23,-1,321.5,445.0,74.2,181.6,0.997
23,-1,534.9,436.9,82.3,218.3,0.996
23,-1,1113.7,434.4,35.6,95.9,0.990
23,-1,1066.1,443.8,33.6,102.0,0.989
23,-1,411.3,453.0,58.9,171.3,0.988
23,-1,510.3,440.8,47.4,132.5,0.985
23,-1,1012.5,438.7,28.5,84.3,0.984
23,-1,1335.1,445.9,40.5,162.3,0.940
23,-1,1092.5,444.4,29.5,86.4,0.850
23,-1,469.3,445.2,47.9,161.5,0.803
23,-1,746.4,456.0,32.5,71.8,0.795
23,-1,1507.0,450.3,39.3,44.7,0.792
23,-1,663.4,447.4,23.0,63.4,0.745
23,-1,239.4,449.8,23.5,60.2,0.722
23,-1,1507.2,453.1,43.2,100.8,0.688
23,-1,645.1,447.9,28.0,61.5,0.684
23,-1,698.0,455.4,16.9,55.4,0.664
23,-1,715.5,451.9,29.2,62.6,0.663
23,-1,844.6,445.8,26.7,50.5,0.502
23,-1,1507.0,453.1,63.3,59.6,0.436
23,-1,727.9,447.4,28.3,69.9,0.396
23,-1,838.5,424.8,47.7,71.7,0.328
23,-1,273.8,451.8,19.6,51.4,0.325
23,-1,747.0,457.0,24.0,36.7,0.250
23,-1,731.5,442.6,42.6,82.0,0.232
23,-1,1074.9,438.8,41.3,98.1,0.229
23,-1,799.2,452.8,25.6,33.8,0.169
23,-1,704.0,458.2,24.6,54.7,0.125
23,-1,820.5,448.0,20.1,37.3,0.125
23,-1,664.6,444.5,23.1,28.1,0.106
23,-1,1354.2,444.6,22.5,24.1,0.104
23,-1,1076.3,442.3,22.5,49.5,0.099
23,-1,1344.3,444.8,32.0,55.0,0.094
23,-1,674.3,469.7,28.2,42.8,0.087
23,-1,1003.8,438.6,20.9,69.8,0.084
23,-1,1334.8,455.6,28.4,102.0,0.077
23,-1,1094.9,468.1,42.9,73.8,0.077
23,-1,858.5,459.4,23.1,36.7,0.069
23,-1,1096.6,486.1,28.3,49.6,0.067
23,-1,481.5,445.7,35.0,94.2,0.061
23,-1,489.7,444.6,64.7,182.7,0.057
23,-1,176.7,496.0,56.5,139.2,0.055
24,-1,1338.1,413.9,84.1,273.8,0.999
24,-1,307.1,446.9,72.8,183.8,0.998
24,-1,1054.6,447.0,32.7,99.6,0.997
24,-1,520.2,432.0,81.5,234.9,0.997
24,-1,1103.5,436.8,32.8,112.3,0.996
24,-1,398.8,456.0,59.3,170.8,0.996
24,-1,1316.5,447.5,45.9,165.5,0.990
24,-1,1002.7,441.7,31.3,84.7,0.989
24,-1,499.3,442.1,45.5,136.9,0.979
24,-1,457.4,446.6,48.0,173.2,0.959
24,-1,1084.0,453.1,28.3,83.1,0.948
24,-1,224.1,451.5,24.2,63.3,0.944
24,-1,1494.0,452.1,41.3,104.7,0.903
24,-1,683.8,449.1,22.1,67.7,0.899
24,-1,733.6,448.3,29.9,79.5,0.863
24,-1,629.9,442.6,26.2,70.1,0.807
24,-1,705.5,453.0,28.5,64.1,0.780
24,-1,830.3,442.1,32.3,56.3,0.752
24,-1,1066.0,443.7,27.4,90.5,0.652
24,-1,1496.3,452.5,38.5,46.1,0.644
24,-1,654.7,449.6,20.0,48.0,0.461
24,-1,718.9,448.4,24.7,68.9,0.437
24,-1,824.8,422.2,51.8,77.1,0.437
24,-1,260.6,455.2,21.8,47.7,0.421
24,-1,1323.5,428.6,68.7,221.2,0.309
24,-1,735.8,452.4,24.2,44.4,0.282
24,-1,843.4,409.7,67.6,81.1,0.228
24,-1,690.4,439.6,26.0,59.9,0.224
24,-1,811.0,448.6,20.1,37.9,0.201
24,-1,795.6,467.2,21.4,21.9,0.184
24,-1,637.7,447.2,23.5,48.3,0.156
24,-1,824.1,434.5,48.0,124.5,0.127
24,-1,846.7,466.3,21.2,33.9,0.120
24,-1,692.5,438.5,23.5,33.6,0.114
24,-1,1342.0,448.7,21.8,22.9,0.098
24,-1,533.5,439.4,68.3,119.6,0.097
24,-1,469.9,445.4,35.3,93.4,0.095
24,-1,669.5,436.5,20.2,43.1,0.084
24,-1,1491.2,452.4,78.1,47.8,0.081
24,-1,274.8,451.9,29.1,50.9,0.076
24,-1,804.3,456.5,21.2,30.1,0.075
24,-1,785.2,448.9,24.7,36.9,0.062
24,-1,772.9,443.3,14.0,33.4,0.054
24,-1,128.4,450.6,20.2,52.3,0.053
25,-1,1323.9,413.0,78.6,278.2,0.999
25,-1,276.3,448.4,70.7,186.1,0.998
25,-1,490.9,430.0,80.9,242.7,0.996
25,-1,1031.4,446.3,33.0,102.1,0.996
25,-1,373.3,462.4,51.2,167.1,0.993
25,-1,1077.9,437.4,34.8,110.3,0.993
25,-1,1288.4,450.1,57.0,162.2,0.987
25,-1,978.0,443.7,28.6,81.0,0.986
25,-1,469.5,443.2,45.5,153.7,0.947
25,-1,1473.6,454.5,33.9,102.7,0.931
25,-1,427.4,449.3,48.3,174.3,0.922
25,-1,1059.6,453.3,26.5,83.8,0.894
25,-1,1471.3,453.9,36.6,43.4,0.809
25,-1,605.9,450.7,26.6,58.9,0.596
25,-1,710.8,458.4,27.1,72.0,0.574
25,-1,1054.0,445.3,24.6,81.4,0.542
25,-1,602.7,460.4,16.8,48.2,0.433
25,-1,630.3,450.3,18.4,65.0,0.281
25,-1,868.4,354.6,50.3,109.3,0.273
25,-1,1470.0,456.0,60.6,80.0,0.229
25,-1,232.4,456.0,16.8,48.7,0.227
25,-1,686.6,452.4,18.9,50.2,0.218
25,-1,661.8,477.4,14.8,33.1,0.197
25,-1,613.7,447.7,29.0,68.2,0.177
25,-1,190.8,458.3,21.9,51.4,0.164
25,-1,848.1,367.8,61.8,113.2,0.124
25,-1,612.2,448.6,23.5,41.3,0.088
25,-1,712.2,462.1,22.3,36.9,0.068
25,-1,632.0,451.0,15.9,33.3,0.067
25,-1,699.3,455.4,21.0,59.7,0.058
25,-1,709.6,436.1,44.7,93.7,0.053
26,-1,1310.2,414.1,83.0,274.5,0.999
26,-1,256.8,448.6,78.5,185.3,0.998
26,-1,473.5,436.4,82.9,232.5,0.995
26,-1,1274.3,451.6,57.4,158.0,0.988
26,-1,1064.9,440.2,34.4,103.8,0.988
26,-1,356.4,459.9,52.2,165.6,0.986
26,-1,968.9,444.8,24.1,75.6,0.956
26,-1,456.3,444.7,45.6,157.8,0.900
26,-1,412.3,446.3,50.7,184.3,0.895
26,-1,1458.4,455.5,31.1,103.1,0.815
26,-1,1020.1,446.2,32.2,97.9,0.785
26,-1,1459.0,455.9,35.7,44.1,0.750
26,-1,1019.6,447.4,25.9,56.4,0.729
26,-1,173.3,452.8,21.9,62.2,0.692
26,-1,1037.8,443.9,22.7,78.8,0.630
26,-1,699.8,460.8,29.1,70.6,0.556
26,-1,595.4,445.1,28.1,67.0,0.464
26,-1,1045.8,448.9,30.7,91.4,0.457
26,-1,602.7,446.2,20.8,44.2,0.234
26,-1,648.7,474.8,14.5,40.4,0.178
26,-1,671.6,462.4,26.1,55.4,0.166
26,-1,697.9,438.2,46.3,92.4,0.158
26,-1,429.9,445.4,63.5,182.4,0.148
26,-1,487.6,441.9,69.2,130.2,0.140
26,-1,590.9,455.2,15.9,46.7,0.130
26,-1,616.9,463.8,20.1,48.9,0.128
26,-1,700.4,463.4,21.6,35.9,0.121
26,-1,844.8,355.5,53.0,116.5,0.097
26,-1,616.5,457.9,19.0,34.6,0.071
26,-1,515.3,457.1,51.0,130.6,0.069
26,-1,669.1,454.8,44.9,70.2,0.065
26,-1,359.8,464.1,40.9,100.2,0.065
26,-1,424.6,447.0,37.7,81.4,0.056
26,-1,0.5,473.2,36.5,310.4,0.051
27,-1,1287.1,414.1,84.7,279.9,0.998
27,-1,226.3,443.4,76.2,189.8,0.996
27,-1,445.5,434.2,77.1,236.8,0.994
27,-1,1250.0,453.5,57.1,158.5,0.990
27,-1,1037.0,436.5,37.8,99.7,0.963
27,-1,325.0,459.3,56.3,161.1,0.952
27,-1,424.4,442.9,49.9,134.0,0.854
27,-1,665.3,445.3,23.1,69.1,0.845
27,-1,1429.3,455.5,32.8,97.0,0.672
27,-1,330.9,461.8,50.6,73.1,0.655
27,-1,945.3,443.2,24.9,80.9,0.639
27,-1,372.2,458.5,58.8,146.5,0.627
27,-1,1428.5,453.7,35.2,42.3,0.588
27,-1,142.8,455.3,20.6,57.1,0.421
27,-1,997.3,445.1,23.5,55.1,0.338
27,-1,1014.8,439.3,51.3,107.1,0.325
27,-1,1205.5,438.1,37.6,82.8,0.253
27,-1,1007.0,437.6,32.9,93.1,0.210
27,-1,397.8,436.8,38.1,78.7,0.184
27,-1,995.5,444.3,33.1,87.1,0.177
27,-1,574.6,451.5,23.3,53.8,0.175
27,-1,564.2,461.2,16.6,40.9,0.156
27,-1,630.1,452.7,39.7,62.1,0.142
27,-1,589.9,474.2,18.6,38.4,0.141
27,-1,397.1,454.2,37.4,101.4,0.109
27,-1,478.4,446.4,46.2,141.7,0.103
27,-1,407.5,452.0,60.7,169.2,0.085
27,-1,386.0,441.3,63.8,188.6,0.078
27,-1,697.9,454.2,84.7,150.4,0.070
27,-1,589.9,455.4,20.2,35.5,0.070
27,-1,1023.4,440.7,29.3,65.2,0.055
28,-1,1282.7,414.5,81.8,278.9,1.000
28,-1,215.3,443.6,75.3,195.3,0.998
28,-1,1236.7,449.1,62.0,168.0,0.998
28,-1,423.2,428.0,87.6,249.9,0.998
28,-1,1020.9,438.0,38.2,114.8,0.997
28,-1,976.4,444.5,34.8,105.2,0.997
28,-1,927.8,441.5,31.9,84.6,0.994
28,-1,308.5,455.9,56.6,175.4,0.990
28,-1,118.8,451.9,28.1,63.4,0.988
28,-1,1417.2,453.4,33.7,103.0,0.984
28,-1,605.2,453.6,20.7,61.6,0.982
28,-1,363.5,443.8,56.6,184.1,0.977
28,-1,552.6,458.9,18.7,52.9,0.943
28,-1,656.4,451.8,26.3,75.2,0.942
28,-1,1004.7,446.2,30.7,100.8,0.929
28,-1,578.2,452.0,19.6,61.8,0.923
28,-1,1003.1,441.7,19.2,88.7,0.886
28,-1,418.4,448.8,34.8,75.4,0.856
28,-1,170.7,453.0,16.5,49.5,0.799
28,-1,644.3,451.6,21.2,65.6,0.685
28,-1,410.8,445.3,43.3,135.9,0.591
28,-1,569.0,456.5,17.1,55.4,0.568
28,-1,481.6,449.6,36.3,138.1,0.502
28,-1,163.4,450.8,15.0,48.6,0.478
28,-1,759.1,375.8,97.4,113.0,0.475
28,-1,632.8,455.6,16.0,59.0,0.456
28,-1,637.3,450.8,20.8,64.6,0.418
28,-1,624.4,454.1,16.5,54.5,0.308
28,-1,558.4,453.4,21.1,56.1,0.242
28,-1,706.4,454.1,12.1,31.1,0.193
28,-1,556.1,445.0,23.2,35.4,0.192
28,-1,188.7,445.6,22.9,54.8,0.104
28,-1,718.0,456.1,13.5,30.7,0.101
28,-1,1887.6,407.2,32.4,219.4,0.087
28,-1,379.6,455.9,63.6,182.3,0.085
28,-1,569.9,449.7,16.1,29.2,0.084
28,-1,468.4,441.6,47.2,209.1,0.082
28,-1,493.7,469.8,25.1,78.8,0.075
28,-1,727.2,456.0,12.9,33.7,0.075
28,-1,668.3,455.8,17.9,43.6,0.075
28,-1,924.4,444.0,19.9,73.5,0.072
28,-1,436.6,447.8,15.1,17.6,0.071
28,-1,561.1,442.4,18.7,25.0,0.070
28,-1,748.1,405.3,45.6,96.6,0.067
28,-1,807.3,372.1,50.5,95.5,0.065
28,-1,415.4,438.1,52.7,202.3,0.054
29,-1,1275.1,416.7,79.7,273.7,1.000
29,-1,1224.0,449.6,63.0,163.8,0.999
29,-1,393.3,421.0,105.6,255.8,0.999
29,-1,203.3,445.1,71.3,192.0,0.998
29,-1,1014.3,437.9,33.7,112.1,0.998
29,-1,296.6,454.0,57.0,177.0,0.995
29,-1,966.1,445.1,34.3,101.4,0.995
29,-1,917.9,442.0,30.9,83.1,0.994
29,-1,101.4,446.7,29.7,65.9,0.984
29,-1,1407.3,452.2,34.3,106.9,0.982
29,-1,350.9,438.8,56.0,180.6,0.969
29,-1,567.8,449.5,19.1,62.2,0.948
29,-1,541.5,459.4,18.5,51.3,0.938
29,-1,991.3,438.4,22.9,97.6,0.934
29,-1,596.8,448.9,19.1,64.7,0.932
29,-1,646.4,454.5,26.9,73.1,0.914
29,-1,1883.7,400.4,36.3,231.2,0.909
29,-1,156.5,453.3,20.9,49.4,0.653
29,-1,631.7,450.3,23.5,64.5,0.580
29,-1,736.3,351.9,110.9,138.2,0.525
29,-1,620.1,450.3,17.4,62.7,0.483
29,-1,611.7,445.8,19.5,64.0,0.452
29,-1,150.1,450.3,19.4,48.3,0.442
29,-1,559.7,451.9,15.7,59.2,0.421
29,-1,994.2,439.7,16.2,45.4,0.396
29,-1,708.9,454.4,11.7,30.3,0.300
29,-1,609.8,435.2,20.0,35.5,0.273
29,-1,549.0,441.4,22.0,33.6,0.238
29,-1,546.6,446.8,21.9,57.9,0.228
29,-1,393.5,443.1,48.0,141.1,0.183
29,-1,660.2,429.0,14.7,22.1,0.170
29,-1,726.9,457.4,12.7,29.1,0.159
29,-1,633.3,441.9,18.9,30.7,0.152
29,-1,699.3,453.7,12.4,29.9,0.148
29,-1,1223.5,461.0,23.7,106.3,0.145
29,-1,549.2,435.6,22.6,17.6,0.142
29,-1,469.0,454.6,35.2,129.4,0.139
29,-1,603.1,447.2,19.9,63.1,0.111
29,-1,565.7,447.3,21.0,34.5,0.107
29,-1,651.0,449.4,22.3,41.9,0.102
29,-1,638.3,438.7,13.5,21.0,0.086
29,-1,713.4,455.6,11.9,31.4,0.078
29,-1,649.3,432.4,10.8,22.0,0.065
29,-1,627.9,436.0,15.2,22.4,0.064
29,-1,368.5,438.1,35.7,86.2,0.062
29,-1,706.4,360.2,142.7,222.0,0.059
29,-1,589.6,446.3,20.1,33.7,0.057
29,-1,718.0,458.8,14.1,28.8,0.055
29,-1,558.7,446.0,17.7,39.6,0.050
30,-1,1257.0,418.8,85.8,279.7,0.999
30,-1,173.0,445.2,71.2,191.8,0.999
30,-1,1199.6,448.5,60.3,164.6,0.998
30,-1,369.6,421.0,95.4,259.2,0.996
30,-1,268.4,451.9,56.7,177.0,0.995
30,-1,940.0,445.3,34.6,100.3,0.994
30,-1,895.8,444.0,31.5,84.0,0.991
30,-1,983.5,436.9,43.6,114.8,0.990
30,-1,72.2,445.0,27.6,66.4,0.986
30,-1,1860.4,357.8,58.8,279.5,0.969
30,-1,518.1,451.4,25.7,60.6,0.944
30,-1,314.5,444.4,62.0,191.5,0.943
30,-1,967.9,438.7,28.6,99.4,0.939
30,-1,624.7,451.0,27.5,77.9,0.919
30,-1,544.6,450.5,22.3,60.0,0.917
30,-1,573.8,449.3,19.7,61.1,0.903
30,-1,1387.9,455.6,32.9,100.1,0.884
30,-1,1390.1,454.5,29.8,44.9,0.867
30,-1,528.1,447.9,30.9,63.5,0.633
30,-1,1891.4,351.9,28.1,290.4,0.564
30,-1,599.5,454.0,23.6,61.2,0.554
30,-1,436.2,450.2,38.6,144.2,0.402
30,-1,539.4,447.4,24.4,41.2,0.309
30,-1,126.1,453.2,19.9,48.7,0.304
30,-1,452.6,445.9,28.6,71.6,0.290
30,-1,142.3,443.9,29.0,58.0,0.265
30,-1,607.4,447.4,23.2,69.3,0.211
30,-1,351.1,447.3,51.6,142.6,0.174
30,-1,618.2,446.4,23.9,80.5,0.167
30,-1,588.6,447.3,23.5,65.6,0.153
30,-1,684.9,455.9,19.4,30.7,0.136
30,-1,969.8,439.0,20.5,62.3,0.126
30,-1,713.9,405.1,47.1,89.4,0.095
30,-1,570.2,436.1,36.4,77.1,0.071
30,-1,727.3,409.1,66.9,84.5,0.067
30,-1,328.7,441.2,74.2,211.9,0.062
30,-1,588.8,437.5,21.1,31.1,0.056
30,-1,552.3,469.1,25.3,44.0,0.053
31,-1,1250.2,421.6,83.5,283.0,0.998
31,-1,1183.2,450.0,67.9,165.9,0.998
31,-1,158.7,446.8,71.8,195.8,0.998
31,-1,342.4,421.8,111.1,265.4,0.998
31,-1,926.2,448.5,38.8,106.4,0.997
31,-1,979.7,441.4,34.9,106.9,0.997
31,-1,255.9,453.5,54.1,179.5,0.996
31,-1,888.0,445.4,31.3,82.8,0.993
31,-1,560.5,452.2,22.8,66.1,0.979
31,-1,53.7,451.2,28.9,65.8,0.978
31,-1,1375.4,457.0,38.3,105.3,0.974
31,-1,958.8,444.2,26.2,98.2,0.974
31,-1,531.8,452.5,20.4,65.8,0.963
31,-1,609.8,456.7,29.1,74.8,0.962
31,-1,1847.7,348.4,72.3,299.5,0.951
31,-1,508.2,458.0,20.9,57.5,0.920
31,-1,430.9,444.8,31.1,150.8,0.881
31,-1,594.5,452.3,22.4,67.2,0.814
31,-1,696.0,351.3,115.5,140.0,0.783
31,-1,306.8,444.7,60.6,176.1,0.736
31,-1,113.0,453.3,17.7,52.2,0.683
31,-1,585.1,452.3,20.5,65.3,0.596
31,-1,429.3,505.1,26.9,87.4,0.516
31,-1,521.7,461.9,18.2,53.1,0.444
31,-1,106.0,448.8,16.4,55.3,0.271
31,-1,314.6,434.7,82.3,230.2,0.239
31,-1,698.1,408.4,84.8,87.0,0.218
31,-1,1852.8,495.8,64.9,142.8,0.165
31,-1,691.7,462.0,14.3,27.5,0.160
31,-1,676.0,459.3,16.5,30.0,0.146
31,-1,671.7,358.6,139.0,220.4,0.108
31,-1,580.4,462.3,17.0,52.9,0.088
31,-1,654.9,462.9,22.0,27.5,0.087
31,-1,406.7,441.0,50.6,137.5,0.077
31,-1,332.8,445.1,52.1,168.5,0.052
31,-1,617.6,453.9,24.9,51.6,0.051
32,-1,1245.2,423.6,85.3,288.1,0.999
32,-1,143.8,446.9,74.3,196.2,0.998
32,-1,1167.7,451.7,69.3,166.0,0.998
32,-1,240.9,454.6,54.9,180.0,0.997
32,-1,971.5,439.2,38.4,113.6,0.997
32,-1,340.0,422.4,91.7,269.1,0.997
32,-1,922.6,451.4,31.7,103.2,0.996
32,-1,877.0,447.0,31.2,84.8,0.991
32,-1,36.5,450.1,30.7,66.9,0.988
32,-1,1366.3,460.1,33.6,104.9,0.983
32,-1,601.7,457.0,28.7,76.7,0.978
32,-1,549.8,451.7,23.3,68.4,0.978
32,-1,948.0,445.2,23.1,89.7,0.971
32,-1,522.6,452.8,19.9,65.0,0.964
32,-1,1859.6,348.3,59.0,297.5,0.926
32,-1,497.2,462.4,16.9,53.1,0.915
32,-1,587.5,451.9,22.8,70.4,0.862
32,-1,417.6,455.5,31.0,142.3,0.804
32,-1,100.1,453.9,20.9,53.2,0.801
32,-1,668.0,356.8,134.9,137.6,0.738
32,-1,570.1,456.3,21.5,63.7,0.695
32,-1,295.4,450.4,58.8,190.0,0.463
32,-1,90.8,451.3,17.4,52.1,0.421
32,-1,504.1,445.1,24.1,36.9,0.338
32,-1,299.0,429.2,93.1,242.8,0.336
32,-1,501.2,456.8,22.3,59.0,0.326
32,-1,1836.6,371.4,64.5,269.3,0.317
32,-1,510.9,457.7,17.3,57.6,0.299
32,-1,959.5,445.4,31.7,107.0,0.277
32,-1,253.2,451.3,74.9,184.2,0.262
32,-1,398.6,441.6,43.0,174.9,0.222
32,-1,661.0,365.1,135.0,249.9,0.201
32,-1,578.6,464.2,19.7,55.3,0.180
32,-1,0.0,387.7,21.5,266.7,0.159
32,-1,664.9,461.2,13.4,30.1,0.155
32,-1,503.5,443.9,24.0,20.4,0.137
32,-1,499.2,448.0,19.5,37.5,0.136
32,-1,571.7,456.6,16.4,37.7,0.115
32,-1,1859.2,527.7,55.9,120.2,0.112
32,-1,410.8,455.2,26.5,132.1,0.109
32,-1,1826.5,475.4,91.5,172.0,0.083
32,-1,569.0,444.9,18.3,36.6,0.080
32,-1,315.6,444.8,46.4,128.1,0.078
32,-1,505.2,438.2,20.2,14.9,0.076
32,-1,672.1,469.3,13.1,24.0,0.070
32,-1,543.0,440.8,18.8,38.3,0.067
32,-1,403.4,448.2,17.9,25.9,0.061
32,-1,687.4,403.5,82.3,93.0,0.060
32,-1,0.2,555.3,17.1,105.9,0.057
32,-1,440.4,434.1,13.1,21.4,0.055
32,-1,423.7,475.0,26.6,55.7,0.051
33,-1,1236.9,427.9,85.6,289.7,0.999
33,-1,126.9,448.5,74.9,196.8,0.999
33,-1,1156.2,453.5,70.4,166.7,0.998
33,-1,224.8,456.8,57.1,180.8,0.998
33,-1,960.1,447.9,35.7,106.5,0.998
33,-1,323.6,428.1,93.6,267.3,0.996
33,-1,910.3,453.2,32.5,103.2,0.990
33,-1,866.5,450.0,31.0,82.4,0.989
33,-1,539.9,459.1,20.1,63.7,0.984
33,-1,1355.6,463.9,33.0,104.0,0.983
33,-1,937.3,447.5,22.0,83.1,0.978
33,-1,19.2,451.9,31.5,69.1,0.977
33,-1,486.3,464.3,17.4,54.5,0.964
33,-1,591.0,462.5,28.0,73.3,0.953
33,-1,510.5,456.1,21.7,63.9,0.937
33,-1,576.1,459.4,19.6,65.4,0.922
33,-1,399.9,449.4,33.8,161.5,0.839
33,-1,562.5,463.8,16.5,57.4,0.799
33,-1,86.2,456.7,16.5,51.6,0.728
33,-1,372.3,448.9,50.9,185.6,0.635
33,-1,77.0,454.1,16.1,52.8,0.630
33,-1,669.0,352.5,122.2,144.1,0.580
33,-1,512.4,456.4,20.5,27.1,0.488
33,-1,1846.3,363.1,71.8,274.0,0.409
33,-1,653.2,370.1,135.3,216.8,0.327
33,-1,281.5,448.5,57.2,176.1,0.318
33,-1,672.2,463.8,11.6,32.2,0.252
33,-1,504.7,460.3,15.2,55.5,0.225
33,-1,584.6,458.5,19.7,69.4,0.196
33,-1,1852.2,521.4,59.3,125.9,0.188
33,-1,487.6,456.0,21.6,29.5,0.176
33,-1,656.6,461.7,13.1,31.9,0.161
33,-1,294.9,444.8,47.0,109.3,0.122
33,-1,858.0,454.1,14.1,57.2,0.114
33,-1,1845.8,362.5,70.0,140.2,0.107
33,-1,103.4,447.7,25.2,59.5,0.095
33,-1,385.8,451.3,20.3,26.1,0.086
33,-1,495.8,456.9,18.2,41.3,0.086
33,-1,672.0,406.9,98.1,92.2,0.075
33,-1,661.9,464.5,12.7,31.9,0.074
33,-1,301.3,434.8,63.4,235.2,0.066
33,-1,618.3,466.7,15.9,36.8,0.057
33,-1,493.3,451.7,22.9,26.8,0.055
33,-1,648.9,461.4,11.7,32.1,0.054
33,-1,49.7,458.6,17.4,54.7,0.053
33,-1,624.5,457.0,13.4,25.9,0.052
33,-1,599.8,460.8,20.4,51.4,0.051
34,-1,112.6,451.1,77.0,199.0,0.999
34,-1,1144.4,455.3,69.0,167.1,0.998
34,-1,1230.4,423.8,89.9,297.3,0.998
34,-1,211.8,460.2,56.1,184.0,0.998
34,-1,299.9,429.4,104.9,270.7,0.995
34,-1,855.2,453.7,30.9,82.5,0.994
34,-1,945.9,447.4,41.9,113.1,0.991
34,-1,901.0,458.3,32.2,103.1,0.990
34,-1,5.8,455.1,32.3,67.9,0.979
34,-1,531.8,459.9,19.6,64.8,0.954
34,-1,1345.8,465.1,38.0,104.7,0.940
34,-1,923.8,449.7,27.7,92.7,0.936
34,-1,580.1,466.2,28.2,73.9,0.925
34,-1,557.5,470.2,24.5,56.0,0.916
34,-1,495.4,460.5,25.5,63.2,0.884
34,-1,475.4,465.7,26.5,57.2,0.874
34,-1,371.9,448.2,42.5,175.9,0.847
34,-1,593.7,473.1,30.8,68.8,0.621
34,-1,926.5,447.9,46.0,108.1,0.602
34,-1,67.7,460.0,23.1,51.8,0.503
34,-1,1817.5,354.2,98.3,288.5,0.481
34,-1,267.6,444.8,67.3,151.0,0.438
34,-1,687.6,360.8,93.3,133.9,0.432
34,-1,481.2,457.6,31.3,65.0,0.397
34,-1,1347.1,464.2,36.2,44.1,0.369
34,-1,572.3,461.2,26.2,70.6,0.310
34,-1,518.5,464.2,27.4,61.4,0.271
34,-1,392.4,468.8,29.0,133.8,0.270
34,-1,510.1,479.0,26.2,47.3,0.210
34,-1,606.7,469.7,20.9,32.5,0.198
34,-1,550.6,467.3,23.4,57.1,0.189
34,-1,677.1,416.6,92.6,83.7,0.144
34,-1,283.1,439.3,53.5,98.6,0.144
34,-1,646.0,465.8,22.2,32.1,0.142
34,-1,1825.1,516.2,71.4,131.9,0.140
34,-1,1844.1,465.4,73.8,177.6,0.136
34,-1,372.1,452.3,22.9,29.8,0.134
34,-1,71.2,459.1,36.9,54.4,0.114
34,-1,476.8,452.1,26.5,25.2,0.106
34,-1,238.5,450.8,78.2,203.8,0.094
34,-1,87.7,459.0,31.5,51.2,0.076
34,-1,541.4,467.1,20.2,55.9,0.074
34,-1,499.0,460.6,23.5,27.8,0.071
34,-1,392.9,468.5,31.8,69.3,0.058
34,-1,623.7,471.3,33.5,26.7,0.052
35,-1,1224.4,423.5,83.8,309.7,0.999
35,-1,1130.9,461.9,69.3,163.0,0.999
35,-1,90.9,452.4,74.5,199.7,0.999
35,-1,193.0,465.5,55.0,183.5,0.997
35,-1,882.5,460.6,35.1,105.1,0.997
35,-1,926.7,451.8,41.6,113.3,0.997
35,-1,284.9,435.4,91.9,274.7,0.996
35,-1,843.0,456.7,31.6,85.4,0.994
35,-1,512.1,460.6,22.9,70.1,0.993
35,-1,911.3,454.4,23.2,91.6,0.977
35,-1,1335.9,469.9,34.6,105.5,0.970
35,-1,485.6,464.5,21.3,65.3,0.965
35,-1,1815.1,357.3,92.3,301.8,0.950
35,-1,460.9,465.8,21.8,62.1,0.915
35,-1,566.7,467.5,28.9,76.5,0.891
35,-1,50.9,468.8,23.9,49.1,0.853
35,-1,370.2,471.8,31.7,136.3,0.851
35,-1,957.1,459.5,19.0,92.2,0.817
35,-1,272.6,452.7,33.0,75.8,0.743
35,-1,345.7,452.1,39.8,190.4,0.739
35,-1,0.2,463.6,14.7,60.7,0.721
35,-1,632.6,349.3,128.5,154.8,0.702
35,-1,549.7,462.7,19.6,68.2,0.686
35,-1,41.3,454.2,18.8,61.6,0.521
35,-1,553.7,460.0,28.7,80.0,0.501
35,-1,1827.3,361.7,78.1,149.7,0.412
35,-1,537.9,465.2,19.3,61.3,0.349
35,-1,346.9,452.2,31.8,47.0,0.298
35,-1,896.1,462.1,31.5,103.1,0.297
35,-1,1833.6,537.0,55.8,121.6,0.253
35,-1,344.9,457.0,48.3,106.2,0.173
35,-1,913.8,454.8,18.3,33.9,0.163
35,-1,1799.0,412.2,73.8,238.0,0.139
35,-1,269.6,452.0,42.7,120.7,0.120
35,-1,637.5,477.7,15.7,24.4,0.119
35,-1,345.7,448.6,25.9,33.4,0.111
35,-1,316.9,448.0,60.3,210.1,0.099
35,-1,1777.4,452.9,62.5,195.5,0.075
35,-1,254.1,464.2,52.8,144.8,0.074
35,-1,469.6,465.7,22.4,62.7,0.065
35,-1,579.3,473.6,18.3,40.2,0.061
35,-1,359.5,471.4,32.7,127.7,0.059
35,-1,253.5,452.8,85.2,237.5,0.057
35,-1,401.6,442.1,14.6,20.9,0.055
35,-1,533.0,454.1,21.3,40.8,0.051
36,-1,1222.7,421.9,85.3,315.7,0.999
36,-1,85.1,453.1,74.9,201.2,0.999
36,-1,181.2,464.0,56.6,185.7,0.998
36,-1,1126.1,461.8,70.0,162.4,0.998
36,-1,275.2,433.3,91.5,284.1,0.997
36,-1,879.9,460.2,34.9,104.8,0.997
36,-1,920.9,450.2,50.2,115.3,0.996
36,-1,508.0,461.1,22.3,68.6,0.993
36,-1,838.1,456.2,31.1,85.0,0.993
36,-1,906.0,455.7,24.5,98.4,0.981
36,-1,1332.2,469.1,33.9,105.7,0.972
36,-1,480.4,465.3,19.9,61.9,0.935
36,-1,456.6,468.4,20.5,58.2,0.930
36,-1,1813.0,358.6,96.5,301.3,0.922
36,-1,334.4,454.9,48.5,184.3,0.921
36,-1,558.6,467.1,25.7,74.9,0.919
36,-1,952.2,457.1,20.5,94.4,0.912
36,-1,528.9,473.7,16.6,53.9,0.793
36,-1,629.0,354.5,131.8,149.4,0.783
36,-1,1331.4,468.0,34.9,44.6,0.705
36,-1,543.8,466.7,19.1,63.1,0.668
36,-1,571.4,473.7,28.6,70.1,0.592
36,-1,352.5,462.5,41.3,147.0,0.519
36,-1,1830.1,474.0,70.2,182.3,0.480
36,-1,894.5,457.7,31.0,106.8,0.434
36,-1,534.3,470.8,16.6,58.3,0.432
36,-1,1823.6,364.7,80.4,149.4,0.393
36,-1,908.9,454.1,20.6,52.1,0.347
36,-1,336.9,454.0,41.5,52.1,0.317
36,-1,245.8,466.7,52.7,149.4,0.306
36,-1,1822.2,523.0,58.7,134.5,0.273
36,-1,44.6,463.7,19.2,53.7,0.246
36,-1,1793.0,417.9,84.6,237.1,0.240
36,-1,550.3,462.4,20.6,69.5,0.226
36,-1,589.1,477.9,16.3,31.4,0.201
36,-1,834.6,455.9,22.1,74.7,0.182
36,-1,471.2,467.4,19.5,58.9,0.161
36,-1,462.4,466.4,22.8,59.3,0.155
36,-1,269.4,452.4,30.9,65.7,0.154
36,-1,622.6,469.4,13.7,31.5,0.095
36,-1,461.8,455.6,24.7,30.8,0.072
36,-1,201.8,460.2,76.2,198.4,0.065
36,-1,629.6,466.6,13.6,35.2,0.065
36,-1,239.9,449.7,76.8,240.6,0.061
36,-1,254.7,501.5,35.7,104.1,0.050
37,-1,1223.5,417.1,88.0,319.1,0.999
37,-1,173.0,467.1,54.8,183.0,0.999
37,-1,72.3,454.1,83.2,201.7,0.998
37,-1,874.5,459.1,34.0,102.5,0.997
37,-1,1119.5,464.5,65.3,162.2,0.997
37,-1,838.9,457.7,27.1,84.2,0.995
37,-1,251.9,436.6,103.2,281.9,0.994
37,-1,921.7,451.2,38.0,109.4,0.990
37,-1,902.7,453.1,24.9,83.5,0.969
37,-1,1328.3,467.8,35.6,106.7,0.957
37,-1,945.8,452.9,23.2,101.6,0.955
37,-1,1810.2,354.3,97.0,305.8,0.955
37,-1,326.0,453.6,52.4,186.6,0.949
37,-1,448.3,472.7,21.0,53.2,0.879
37,-1,608.9,354.6,142.3,150.0,0.798
37,-1,555.6,464.9,28.9,77.1,0.796
37,-1,1328.8,467.2,35.6,46.0,0.713
37,-1,551.1,465.1,20.1,76.2,0.668
37,-1,473.9,465.4,20.6,61.9,0.650
37,-1,300.2,445.3,69.0,224.4,0.609
37,-1,451.0,463.0,31.6,64.1,0.603
37,-1,504.9,466.4,16.9,47.2,0.586
37,-1,1817.0,359.0,84.2,163.3,0.495
37,-1,328.2,453.9,43.9,53.2,0.456
37,-1,34.6,472.7,26.8,45.4,0.430
37,-1,907.3,453.9,16.7,26.2,0.328
37,-1,538.4,460.6,26.7,72.7,0.326
37,-1,1826.4,485.9,71.5,168.3,0.314
37,-1,356.3,479.3,27.9,129.6,0.212
37,-1,828.3,464.0,14.0,59.7,0.201
37,-1,905.4,455.0,19.6,50.7,0.166
37,-1,619.5,470.4,24.3,32.1,0.163
37,-1,595.6,476.0,30.3,26.3,0.125
37,-1,533.0,466.9,20.1,62.8,0.123
37,-1,321.3,456.3,51.7,92.0,0.123
37,-1,525.5,475.5,17.2,53.0,0.122
37,-1,602.5,458.5,20.6,33.9,0.104
37,-1,1808.9,528.4,62.2,127.5,0.088
37,-1,1789.1,436.2,75.9,214.5,0.082
37,-1,246.3,457.2,52.2,216.9,0.072
37,-1,574.4,451.8,22.4,23.4,0.051
37,-1,233.0,460.3,51.8,127.4,0.050
38,-1,1222.7,415.8,90.5,316.7,0.999
38,-1,65.9,454.7,77.8,201.0,0.999
38,-1,169.6,470.3,53.4,184.4,0.998
38,-1,243.1,436.8,101.2,284.8,0.997
38,-1,1116.6,464.5,64.7,162.3,0.996
38,-1,915.9,453.0,36.3,106.9,0.994
38,-1,867.7,457.4,40.5,105.2,0.993
38,-1,831.7,457.1,29.6,83.7,0.991
38,-1,321.3,458.1,52.4,167.7,0.965
38,-1,941.9,452.9,25.2,101.4,0.954
38,-1,897.1,454.6,27.4,93.2,0.954
38,-1,1813.7,352.8,95.1,304.3,0.947
38,-1,550.1,467.1,30.3,76.4,0.874
38,-1,1326.7,467.8,30.9,46.2,0.784
38,-1,499.4,465.7,18.3,55.9,0.774
38,-1,1324.8,470.1,40.8,100.8,0.766
38,-1,470.6,464.8,22.5,63.3,0.741
38,-1,443.2,467.8,20.7,58.6,0.720
38,-1,1816.8,359.1,84.5,166.9,0.600
38,-1,449.8,466.6,30.4,61.5,0.596
38,-1,632.1,365.5,112.9,138.0,0.453
38,-1,904.3,454.3,15.4,26.2,0.392
38,-1,226.3,454.2,53.4,149.7,0.374
38,-1,26.9,471.4,25.8,48.2,0.353
38,-1,681.4,363.6,57.0,116.8,0.262
38,-1,903.4,455.3,19.1,46.9,0.237
38,-1,531.0,467.1,23.3,68.1,0.224
38,-1,544.8,460.0,22.2,80.8,0.207
38,-1,188.2,463.9,75.7,199.2,0.163
38,-1,1825.3,532.2,55.5,123.3,0.159
38,-1,324.4,459.4,40.3,97.7,0.158
38,-1,599.3,455.2,47.5,49.1,0.153
38,-1,706.0,413.4,53.8,72.5,0.146
38,-1,822.3,457.9,16.6,70.5,0.120
38,-1,724.3,417.6,32.2,54.9,0.114
38,-1,470.2,462.1,24.0,29.2,0.102
38,-1,526.8,468.9,18.7,62.3,0.099
38,-1,344.0,473.0,35.5,137.6,0.099
38,-1,295.3,453.0,63.8,190.4,0.086
38,-1,455.2,464.4,20.1,41.3,0.085
38,-1,569.6,474.2,19.4,35.4,0.070
38,-1,445.5,463.2,17.3,40.0,0.069
38,-1,555.1,465.7,29.2,50.5,0.069
38,-1,251.0,447.4,28.8,57.9,0.064
38,-1,212.5,486.2,52.6,109.2,0.062
39,-1,1220.9,414.9,92.0,321.6,0.999
39,-1,58.5,454.5,74.3,200.7,0.999
39,-1,158.2,469.4,58.7,181.8,0.998
39,-1,1108.9,460.7,65.4,165.4,0.998
39,-1,228.4,433.8,110.2,291.1,0.997
39,-1,864.6,454.9,32.8,106.8,0.997
39,-1,916.2,448.4,32.4,114.8,0.996
39,-1,940.0,448.5,23.3,104.7,0.994
39,-1,825.2,455.6,31.6,82.0,0.992
39,-1,896.6,451.8,25.0,104.5,0.988
39,-1,492.6,461.7,21.9,66.1,0.986
39,-1,305.9,451.3,46.4,191.2,0.982
39,-1,1320.9,465.0,31.9,106.0,0.974
39,-1,466.9,462.9,19.7,63.8,0.960
39,-1,544.8,467.5,26.4,75.6,0.958
39,-1,347.4,461.0,20.4,151.3,0.927
39,-1,441.0,469.8,17.3,54.7,0.893
39,-1,513.6,474.9,17.6,52.9,0.830
39,-1,1319.2,465.7,36.7,45.5,0.817
39,-1,530.3,463.9,20.6,66.6,0.761
39,-1,574.2,352.5,157.4,153.0,0.733
39,-1,23.3,467.0,25.6,51.2,0.691
39,-1,460.7,467.1,19.2,58.9,0.463
39,-1,882.0,454.2,29.5,105.7,0.440
39,-1,1811.4,348.7,97.8,298.6,0.340
39,-1,519.7,466.2,16.0,61.1,0.321
39,-1,15.7,460.4,22.2,55.5,0.320
39,-1,1812.8,524.7,54.5,125.4,0.206
39,-1,210.1,490.5,39.6,69.1,0.176
39,-1,612.6,467.6,15.2,32.9,0.155
39,-1,566.2,470.6,13.8,38.4,0.154
39,-1,575.8,479.5,12.5,31.1,0.144
39,-1,217.9,481.2,39.0,116.8,0.144
39,-1,899.1,452.2,16.6,52.9,0.142
39,-1,223.6,458.7,51.0,161.5,0.130
39,-1,2.8,456.9,30.0,67.8,0.125
39,-1,1814.9,356.4,86.3,151.9,0.112
39,-1,170.6,470.4,79.0,183.7,0.102
39,-1,556.9,470.0,23.5,72.7,0.096
39,-1,0.3,461.9,18.1,60.0,0.071
39,-1,215.7,491.2,30.9,43.8,0.069
39,-1,618.3,468.9,14.1,32.5,0.063
39,-1,450.5,467.8,17.4,55.1,0.058
40,-1,1220.6,410.9,100.4,328.7,0.999
40,-1,191.2,434.2,127.5,293.4,0.999
40,-1,42.4,453.8,79.6,201.6,0.998
40,-1,854.7,453.4,31.3,105.0,0.998
40,-1,1095.6,456.7,66.6,163.6,0.998
40,-1,905.1,446.4,32.6,111.1,0.996
40,-1,929.5,447.1,25.5,101.5,0.994
40,-1,139.3,467.1,61.2,179.7,0.993
40,-1,286.4,455.1,53.1,186.6,0.991
40,-1,817.4,451.4,30.9,82.8,0.989
40,-1,455.9,455.8,20.2,68.9,0.983
40,-1,486.1,457.9,20.4,67.4,0.977
40,-1,888.1,448.6,20.9,89.2,0.976
40,-1,534.4,463.9,26.8,76.9,0.958
40,-1,430.5,459.8,22.4,63.8,0.953
40,-1,742.4,455.5,21.7,37.1,0.929
40,-1,1309.9,460.9,35.2,102.3,0.838
40,-1,1312.5,459.8,35.8,46.8,0.803
40,-1,502.1,472.0,19.1,55.6,0.728
40,-1,518.2,458.7,22.5,70.8,0.717
40,-1,597.1,365.6,118.0,135.8,0.716
40,-1,0.0,444.8,14.0,76.3,0.624
40,-1,314.8,455.3,44.5,165.0,0.580
40,-1,1810.2,351.4,88.3,275.4,0.571
40,-1,507.5,463.1,20.3,65.2,0.559
40,-1,274.5,457.5,44.2,185.2,0.344
40,-1,812.1,459.6,11.9,52.7,0.286
40,-1,546.3,467.3,27.6,72.9,0.266
40,-1,10.2,464.4,19.3,52.6,0.255
40,-1,1809.1,359.5,82.9,148.9,0.244
40,-1,565.0,476.3,14.1,31.0,0.243
40,-1,447.3,462.1,17.9,61.9,0.205
40,-1,557.9,475.6,19.4,63.3,0.143
40,-1,160.1,470.6,67.1,173.1,0.137
40,-1,742.4,455.2,25.8,68.6,0.137
40,-1,466.1,452.8,33.3,73.2,0.122
40,-1,813.0,452.9,19.0,72.2,0.095
40,-1,574.1,456.7,16.7,27.8,0.085
40,-1,553.6,469.6,16.8,37.8,0.064
40,-1,597.5,461.1,22.4,35.0,0.062
41,-1,1219.1,411.1,108.8,322.2,1.000
41,-1,194.9,430.9,106.3,297.7,0.998
41,-1,36.2,453.8,80.1,201.1,0.998
41,-1,1089.0,450.5,68.3,166.6,0.998
41,-1,848.6,448.9,33.9,109.6,0.997
41,-1,131.9,464.6,62.0,178.6,0.996
41,-1,900.6,444.1,31.1,108.9,0.993
41,-1,809.6,448.7,30.8,83.0,0.991
41,-1,451.2,455.6,20.7,66.6,0.991
41,-1,881.1,447.7,25.7,101.2,0.990
41,-1,277.0,454.2,55.2,189.2,0.988
41,-1,924.9,443.5,26.3,102.2,0.985
41,-1,425.2,465.6,18.7,53.7,0.976
41,-1,479.5,457.6,20.2,65.6,0.974
41,-1,527.6,463.5,29.3,74.2,0.956
41,-1,1308.0,455.5,33.6,108.1,0.945
41,-1,737.8,452.4,21.8,38.8,0.927
41,-1,1795.6,347.4,95.1,297.5,0.891
41,-1,1309.5,456.6,32.3,51.5,0.815
41,-1,294.1,454.2,58.1,169.0,0.775
41,-1,1.1,468.1,26.3,47.4,0.648
41,-1,498.1,467.9,17.8,56.9,0.574
41,-1,576.1,363.9,132.4,136.9,0.453
41,-1,511.6,457.8,24.8,68.9,0.435
41,-1,559.9,474.4,12.1,30.8,0.322
41,-1,257.5,457.9,47.5,176.0,0.222
41,-1,574.2,459.4,10.6,22.5,0.198
41,-1,536.2,461.7,19.9,54.7,0.178
41,-1,1806.8,349.5,84.3,152.3,0.154
41,-1,440.8,461.3,18.1,59.0,0.137
41,-1,546.7,468.4,14.8,35.5,0.134
41,-1,736.8,454.0,26.6,67.5,0.105
41,-1,181.9,453.7,51.8,155.6,0.071
41,-1,563.2,449.3,12.3,16.9,0.067
41,-1,1816.5,497.3,65.5,142.6,0.063
41,-1,1779.8,507.9,57.7,132.9,0.061
41,-1,551.5,471.7,19.5,63.6,0.056
41,-1,564.5,457.1,11.6,24.7,0.055
42,-1,1218.6,412.8,112.8,322.2,1.000
42,-1,179.8,423.7,114.0,304.6,0.998
42,-1,26.1,451.6,80.5,204.5,0.998
42,-1,894.4,440.8,32.4,111.7,0.998
42,-1,1085.0,447.4,65.3,167.2,0.997
42,-1,122.4,463.7,63.1,174.1,0.997
42,-1,843.6,447.8,31.6,107.9,0.996
42,-1,920.3,438.7,27.7,103.5,0.994
42,-1,808.2,446.0,29.3,85.3,0.993
42,-1,877.5,444.7,26.2,104.5,0.993
42,-1,473.7,450.6,23.8,73.0,0.991
42,-1,446.5,455.4,19.5,65.2,0.986
42,-1,274.4,451.2,54.7,186.8,0.986
42,-1,523.7,460.9,27.4,75.9,0.984
42,-1,1304.1,452.3,34.1,106.7,0.962
42,-1,420.1,464.2,19.9,54.7,0.955
42,-1,1305.7,452.5,35.1,46.0,0.955
42,-1,733.7,451.8,22.0,41.9,0.947
42,-1,493.1,462.0,21.1,62.4,0.842
42,-1,1784.3,343.8,103.2,295.0,0.841
42,-1,506.2,457.5,25.1,68.8,0.777
42,-1,296.0,453.2,47.5,163.9,0.731
42,-1,0.0,461.6,19.7,52.8,0.709
42,-1,258.9,454.5,47.2,183.7,0.607
42,-1,571.4,345.0,126.9,153.9,0.485
42,-1,1802.2,348.3,95.1,184.7,0.429
42,-1,17.3,454.7,34.7,59.0,0.345
42,-1,439.1,459.2,20.0,61.1,0.295
42,-1,433.6,460.6,17.0,56.2,0.217
42,-1,554.5,469.2,11.0,31.8,0.196
42,-1,539.8,461.5,23.6,76.3,0.165
42,-1,212.7,440.2,109.6,228.6,0.133
42,-1,548.3,464.7,14.5,33.6,0.105
42,-1,1791.8,516.1,59.0,122.1,0.096
42,-1,281.5,453.9,28.4,44.8,0.084
42,-1,566.3,449.4,12.4,31.6,0.084
42,-1,509.4,454.3,35.2,80.1,0.064
42,-1,695.1,419.9,13.6,38.9,0.064
42,-1,802.8,449.1,13.9,64.6,0.058
42,-1,705.5,424.0,12.4,31.9,0.057
42,-1,278.9,455.8,23.3,27.8,0.057
42,-1,540.2,463.0,16.6,42.4,0.052
43,-1,1221.1,412.8,120.8,321.3,1.000
43,-1,18.5,450.4,78.2,205.5,0.999
43,-1,889.7,439.2,31.7,112.0,0.999
43,-1,1078.2,443.7,65.4,166.4,0.999
43,-1,117.5,463.2,62.0,169.4,0.998
43,-1,167.7,426.5,129.5,302.0,0.997
43,-1,839.7,446.1,30.3,107.7,0.996
43,-1,443.1,452.5,19.2,67.2,0.994
43,-1,916.2,437.9,26.7,103.9,0.992
43,-1,869.2,443.6,24.6,103.2,0.992
43,-1,802.3,443.9,31.5,85.7,0.991
43,-1,268.3,448.9,59.6,190.8,0.990
43,-1,468.6,452.2,22.4,69.0,0.987
43,-1,518.9,458.0,27.8,77.8,0.979
43,-1,414.9,456.5,22.8,62.0,0.971
43,-1,1303.8,449.9,31.1,106.3,0.939
43,-1,560.6,347.6,133.2,152.4,0.931
43,-1,729.0,449.3,21.4,41.3,0.924
43,-1,505.7,458.8,19.5,64.0,0.861
43,-1,1303.5,451.0,31.3,46.2,0.830
43,-1,901.5,437.3,29.1,109.5,0.782
43,-1,288.2,449.4,51.1,159.9,0.750
43,-1,488.2,468.8,20.2,53.7,0.727
43,-1,1780.0,334.1,103.8,304.5,0.565
43,-1,0.1,463.6,15.5,53.4,0.395
43,-1,494.4,455.6,22.3,64.6,0.331
43,-1,547.8,469.1,12.2,32.9,0.286
43,-1,875.3,444.2,14.9,30.5,0.265
43,-1,435.6,455.9,20.5,62.8,0.240
43,-1,598.1,471.0,13.0,39.0,0.205
43,-1,1799.1,514.8,56.5,121.4,0.201
43,-1,539.7,465.5,14.9,30.8,0.140
43,-1,248.2,453.5,21.0,27.6,0.130
43,-1,429.5,459.4,18.9,58.9,0.115
43,-1,1802.9,338.6,85.5,144.9,0.112
43,-1,257.8,455.2,49.0,170.0,0.105
43,-1,532.2,464.3,20.7,70.6,0.102
43,-1,1889.5,303.6,30.5,323.7,0.096
43,-1,1297.5,445.0,40.2,241.8,0.092
43,-1,800.0,450.6,14.1,64.4,0.087
43,-1,542.6,469.8,17.8,64.7,0.075
43,-1,258.7,454.4,22.2,26.7,0.066
43,-1,1793.8,383.9,56.2,244.0,0.060
44,-1,1223.4,410.2,113.8,329.6,1.000
44,-1,9.8,455.5,76.5,199.8,0.999
44,-1,161.2,424.6,110.5,304.8,0.998
44,-1,106.9,462.7,62.3,163.5,0.998
44,-1,882.0,437.5,33.3,116.3,0.998
44,-1,835.0,446.4,32.9,104.0,0.998
44,-1,1074.2,443.4,64.0,167.7,0.997
44,-1,259.3,448.8,58.8,195.1,0.996
44,-1,912.6,437.1,27.8,102.8,0.991
44,-1,796.9,443.9,32.2,85.2,0.988
44,-1,466.0,454.6,19.3,66.0,0.970
44,-1,866.0,443.3,24.9,99.7,0.957
44,-1,410.7,461.8,21.4,58.0,0.942
44,-1,438.9,456.4,20.4,64.2,0.939
44,-1,512.8,458.3,28.9,78.2,0.939
44,-1,723.8,449.3,22.8,56.2,0.880
44,-1,1783.4,338.0,103.9,294.2,0.871
44,-1,483.1,467.7,20.3,56.1,0.861
44,-1,1301.7,450.3,27.2,45.0,0.801
44,-1,282.6,449.3,50.3,165.1,0.724
44,-1,554.8,340.6,136.8,160.4,0.672
44,-1,500.9,458.4,19.9,66.4,0.535
44,-1,867.4,442.6,18.2,67.1,0.429
44,-1,870.7,442.8,13.7,23.7,0.350
44,-1,431.7,456.2,19.8,62.7,0.346
44,-1,2.2,453.9,37.3,65.3,0.345
44,-1,1301.4,450.1,30.3,104.1,0.322
44,-1,1786.4,482.2,63.6,146.6,0.236
44,-1,425.7,459.2,19.5,58.7,0.232
44,-1,591.0,473.7,15.3,31.3,0.204
44,-1,543.5,472.3,13.2,29.4,0.146
44,-1,1.7,445.6,39.4,133.7,0.139
44,-1,242.5,455.2,54.6,183.9,0.128
44,-1,534.7,467.0,14.9,32.3,0.110
44,-1,445.2,453.1,23.0,67.1,0.104
44,-1,1799.4,335.7,87.9,152.0,0.103
44,-1,560.6,451.6,12.3,26.4,0.088
44,-1,525.5,462.6,18.3,53.6,0.068
44,-1,714.1,427.1,13.1,32.8,0.056
44,-1,537.7,472.2,18.2,55.0,0.052
45,-1,1222.9,404.9,104.7,340.6,0.999
45,-1,1.0,455.3,72.7,201.5,0.998
45,-1,86.3,462.6,65.4,159.4,0.998
45,-1,865.9,436.9,45.1,112.3,0.997
45,-1,1063.7,439.6,64.0,168.7,0.997
45,-1,134.3,421.1,114.8,314.4,0.996
45,-1,827.2,445.0,30.5,104.7,0.995
45,-1,905.9,435.7,30.3,104.1,0.995
45,-1,788.9,442.3,33.7,86.3,0.990
45,-1,244.2,451.6,64.8,190.0,0.987
45,-1,858.8,441.2,25.2,93.7,0.966
45,-1,1779.1,334.7,108.9,298.5,0.955
45,-1,402.3,462.8,18.8,54.3,0.941
45,-1,506.8,459.1,27.0,73.4,0.938
45,-1,714.6,447.1,23.5,40.8,0.912
45,-1,431.6,457.4,21.2,62.2,0.904
45,-1,457.8,456.7,20.1,63.9,0.798
45,-1,474.6,471.6,17.7,49.0,0.781
45,-1,411.6,461.0,23.4,58.7,0.729
45,-1,493.0,463.3,20.0,60.9,0.661
45,-1,861.1,440.7,15.6,23.4,0.403
45,-1,860.0,441.4,18.3,38.5,0.367
45,-1,273.6,461.2,45.7,149.9,0.341
45,-1,1797.4,332.1,87.4,162.7,0.264
45,-1,0.0,460.5,24.4,39.7,0.205
45,-1,423.4,459.3,22.9,59.3,0.185
45,-1,446.9,466.1,20.3,54.6,0.138
45,-1,465.8,470.7,22.3,50.1,0.105
45,-1,0.1,462.4,22.8,133.1,0.100
45,-1,1282.2,437.0,46.7,301.1,0.096
45,-1,1836.2,291.6,81.3,326.4,0.086
45,-1,696.9,423.8,15.0,36.1,0.079
45,-1,1885.9,298.4,34.1,252.6,0.076
45,-1,1789.4,500.3,87.0,135.1,0.075
45,-1,701.9,427.2,15.9,37.4,0.071
46,-1,1222.8,402.9,103.5,347.5,0.999
46,-1,0.3,455.6,69.6,201.3,0.998
46,-1,136.7,418.5,105.7,328.4,0.997
46,-1,901.8,437.5,29.8,104.5,0.996
46,-1,871.1,436.4,35.1,112.6,0.996
46,-1,1056.0,440.6,64.8,168.4,0.995
46,-1,82.6,464.6,61.5,153.6,0.995
46,-1,823.0,445.0,32.6,105.6,0.994
46,-1,234.1,451.6,63.8,192.2,0.992
46,-1,786.4,443.1,31.6,88.1,0.991
46,-1,500.4,460.4,27.8,76.4,0.974
46,-1,855.5,440.4,25.8,101.6,0.951
46,-1,451.8,455.0,19.7,67.7,0.945
46,-1,426.9,451.4,20.6,70.7,0.945
46,-1,712.7,449.3,22.2,57.6,0.939
46,-1,397.8,462.3,19.7,58.3,0.930
46,-1,1773.9,319.8,116.5,311.8,0.921
46,-1,482.5,453.9,25.1,73.1,0.896
46,-1,266.9,456.9,47.4,152.4,0.825
46,-1,459.0,454.7,24.8,69.0,0.745
46,-1,286.9,467.1,25.7,140.4,0.659
46,-1,419.9,455.1,18.5,64.3,0.443
46,-1,581.0,477.4,12.8,26.7,0.304
46,-1,508.0,458.0,31.4,80.9,0.229
46,-1,469.8,458.0,19.7,66.5,0.153
46,-1,410.9,462.1,18.0,55.9,0.140
46,-1,0.0,461.3,17.4,136.5,0.133
46,-1,0.0,458.6,18.5,36.8,0.130
46,-1,479.2,443.5,17.5,20.5,0.116
46,-1,1795.4,333.9,88.9,162.4,0.107
46,-1,797.8,445.8,40.0,95.6,0.098
46,-1,228.0,456.0,37.9,151.0,0.087
46,-1,685.6,433.0,14.4,29.0,0.083
46,-1,400.2,453.3,24.1,57.2,0.072
46,-1,223.3,461.8,17.5,24.2,0.071
46,-1,1282.6,427.2,42.1,319.8,0.064
46,-1,1776.4,453.4,74.9,173.2,0.060
46,-1,289.2,463.6,26.1,53.8,0.056
46,-1,1871.5,290.8,47.3,214.5,0.055
47,-1,1219.2,395.6,107.4,357.1,0.999
47,-1,0.0,453.2,63.2,205.7,0.998
47,-1,861.8,436.5,42.7,111.6,0.997
47,-1,117.0,416.6,121.8,323.0,0.996
47,-1,819.1,443.9,32.4,103.4,0.996
47,-1,899.0,435.7,30.8,103.8,0.996
47,-1,231.4,450.2,63.2,188.8,0.994
47,-1,1051.7,438.9,65.6,167.5,0.994
47,-1,73.3,461.5,63.8,151.4,0.992
47,-1,784.4,440.5,32.4,89.5,0.990
47,-1,421.4,453.3,21.2,65.9,0.975
47,-1,494.2,456.5,29.5,75.8,0.974
47,-1,710.1,445.7,21.3,61.8,0.969
47,-1,394.3,459.8,22.0,57.5,0.939
47,-1,851.0,438.8,24.5,90.5,0.935
47,-1,1790.3,327.5,99.0,301.5,0.926
47,-1,449.8,455.0,19.6,64.2,0.883
47,-1,454.4,452.7,26.1,69.0,0.805
47,-1,481.5,451.9,22.6,71.6,0.693
47,-1,280.6,457.2,30.5,147.7,0.655
47,-1,1887.1,292.3,32.9,309.8,0.509
47,-1,263.0,456.8,41.0,159.3,0.496
47,-1,207.9,458.6,43.5,125.6,0.490
47,-1,413.0,459.5,19.3,57.8,0.484
47,-1,464.2,454.4,22.2,67.9,0.452
47,-1,222.6,460.5,33.4,92.5,0.291
47,-1,856.0,438.8,13.8,23.8,0.283
47,-1,430.0,453.4,24.8,64.9,0.248
47,-1,212.8,454.6,25.8,36.1,0.229
47,-1,209.3,454.2,36.6,79.7,0.225
47,-1,853.4,439.9,17.7,45.9,0.201
47,-1,473.7,451.6,23.2,67.2,0.167
47,-1,538.9,327.0,118.0,164.8,0.147
47,-1,459.4,452.9,17.5,45.9,0.130
47,-1,192.2,457.0,19.6,26.7,0.121
47,-1,781.2,445.4,15.4,67.5,0.087
47,-1,418.8,451.8,25.3,35.8,0.083
47,-1,1791.2,487.5,71.2,144.4,0.065
47,-1,451.4,455.1,18.5,28.0,0.064
47,-1,194.1,455.3,52.0,183.3,0.061
47,-1,226.2,460.5,28.7,51.2,0.060
47,-1,1799.6,324.0,101.8,182.4,0.060
47,-1,284.7,460.1,24.5,44.4,0.055
48,-1,1224.9,399.2,106.6,356.7,0.999
48,-1,1043.6,444.1,65.0,165.7,0.997
48,-1,0.6,449.1,53.4,207.7,0.996
48,-1,814.2,445.3,31.2,99.5,0.995
48,-1,893.8,437.9,31.8,104.8,0.995
48,-1,66.4,464.3,61.8,155.4,0.995
48,-1,862.5,435.6,36.6,114.9,0.994
48,-1,112.6,428.8,110.8,315.2,0.994
48,-1,215.4,445.1,78.0,198.1,0.993
48,-1,779.4,442.7,30.3,87.1,0.986
48,-1,487.8,458.4,30.7,79.8,0.983
48,-1,417.2,450.6,20.4,70.2,0.979
48,-1,446.9,450.4,26.6,75.7,0.965
48,-1,472.0,453.9,25.4,72.9,0.946
48,-1,846.0,442.3,25.7,95.9,0.923
48,-1,701.7,446.2,23.6,61.4,0.911
48,-1,1777.1,330.2,110.6,300.7,0.842
48,-1,388.1,459.3,20.4,61.1,0.841
48,-1,403.5,457.7,20.2,61.6,0.839
48,-1,271.7,450.6,32.8,161.9,0.739
48,-1,444.3,450.8,17.5,71.0,0.691
48,-1,848.4,441.3,18.6,66.3,0.403
48,-1,182.5,460.3,21.6,25.9,0.299
48,-1,503.4,455.7,26.2,84.7,0.297
48,-1,458.6,452.6,18.2,64.7,0.284
48,-1,500.7,444.5,15.3,21.8,0.225
48,-1,776.4,441.2,16.5,78.4,0.194
48,-1,203.8,451.9,45.8,92.1,0.193
48,-1,275.4,460.0,27.5,56.5,0.180
48,-1,178.7,461.0,53.2,173.1,0.170
48,-1,531.5,454.7,12.3,29.0,0.145
48,-1,518.2,459.2,15.0,43.1,0.143
48,-1,796.4,453.9,21.8,72.4,0.140
48,-1,424.1,447.3,34.2,76.6,0.114
48,-1,393.6,450.4,23.9,55.7,0.114
48,-1,425.9,448.5,15.5,36.3,0.109
48,-1,452.3,446.8,18.0,37.1,0.083
48,-1,448.0,448.9,18.6,47.4,0.077
48,-1,1784.7,467.7,59.8,157.8,0.076
48,-1,534.8,454.3,13.6,26.7,0.071
48,-1,73.8,454.5,84.2,255.1,0.064
48,-1,201.0,482.0,34.7,98.1,0.060
48,-1,1228.5,467.0,29.3,108.0,0.059
48,-1,218.8,459.7,16.1,26.9,0.058
48,-1,1793.0,332.8,88.1,148.8,0.058
48,-1,217.5,464.7,26.8,67.1,0.052
48,-1,545.4,450.8,14.3,29.6,0.051
49,-1,1226.4,394.6,108.0,364.4,0.999
49,-1,1040.8,443.4,63.1,168.6,0.997
49,-1,852.8,437.4,44.2,113.5,0.996
49,-1,808.4,446.1,32.4,106.8,0.995
49,-1,92.3,429.4,122.9,317.4,0.994
49,-1,0.8,461.4,44.9,191.2,0.993
49,-1,58.9,462.0,59.3,159.2,0.993
49,-1,773.4,443.3,33.3,87.1,0.991
49,-1,214.0,450.7,63.5,191.1,0.990
49,-1,889.9,439.9,31.8,101.0,0.987
49,-1,697.0,448.2,25.0,57.1,0.960
49,-1,841.2,441.5,21.9,88.2,0.956
49,-1,483.3,457.4,29.3,77.0,0.955
49,-1,415.6,457.7,18.7,63.8,0.954
49,-1,266.9,448.7,34.7,161.6,0.899
49,-1,383.7,461.5,21.7,58.9,0.892
49,-1,442.5,454.7,24.1,68.7,0.854
49,-1,436.9,457.9,20.3,61.8,0.760
49,-1,464.2,453.2,26.4,72.9,0.720
49,-1,402.2,460.5,18.1,58.5,0.705
49,-1,1777.7,325.7,113.8,309.4,0.702
49,-1,166.6,455.2,54.2,167.4,0.443
49,-1,437.0,458.9,16.3,27.3,0.395
49,-1,843.3,441.6,18.1,52.8,0.319
49,-1,505.1,339.3,144.7,151.0,0.251
49,-1,168.4,460.4,34.2,76.8,0.245
49,-1,418.7,456.2,17.5,40.5,0.238
49,-1,422.1,452.8,15.6,30.6,0.234
49,-1,474.6,454.7,27.5,74.8,0.224
49,-1,169.8,460.0,28.6,31.7,0.169
49,-1,446.2,454.8,16.4,38.4,0.158
49,-1,178.2,458.6,51.3,106.9,0.134
49,-1,428.5,461.4,20.7,58.5,0.131
49,-1,205.8,456.0,21.2,24.8,0.122
49,-1,1038.9,446.4,41.9,133.5,0.108
49,-1,429.2,457.6,14.5,27.3,0.097
49,-1,1784.8,444.5,80.7,186.2,0.092
49,-1,454.5,453.7,15.8,62.0,0.090
49,-1,456.8,455.2,12.9,33.5,0.083
49,-1,387.2,453.7,28.9,58.6,0.079
49,-1,449.7,469.9,21.9,54.4,0.072
49,-1,1880.9,297.4,39.0,238.7,0.059
49,-1,411.4,457.1,18.8,48.1,0.059
49,-1,788.1,445.0,47.2,101.4,0.051
50,-1,1231.4,389.0,107.3,375.1,0.999
50,-1,1030.8,446.5,60.8,164.4,0.998
50,-1,59.8,419.2,124.7,346.2,0.998
50,-1,801.9,444.2,31.3,103.4,0.994
50,-1,845.6,435.8,44.3,112.8,0.993
50,-1,196.7,446.9,66.1,197.6,0.992
50,-1,883.2,437.3,32.3,104.5,0.990
50,-1,768.3,442.3,31.7,88.6,0.990
50,-1,690.1,446.3,22.7,64.5,0.989
50,-1,473.6,454.6,32.0,81.1,0.980
50,-1,43.0,462.2,51.5,151.6,0.978
50,-1,834.4,438.7,22.2,86.6,0.977
50,-1,0.5,475.2,29.0,167.0,0.951
50,-1,405.3,454.0,20.3,63.8,0.928
50,-1,373.6,456.5,22.8,62.0,0.922
50,-1,228.2,446.0,57.5,163.9,0.900
50,-1,431.7,454.6,22.9,66.0,0.841
50,-1,459.3,453.0,24.3,72.2,0.836
50,-1,393.8,457.1,19.6,60.9,0.699
50,-1,1772.6,320.5,111.5,321.2,0.650
50,-1,144.9,456.1,53.1,175.4,0.484
50,-1,386.3,457.1,22.0,39.0,0.399
50,-1,765.0,451.6,12.5,58.7,0.389
50,-1,486.6,451.4,31.0,85.6,0.339
50,-1,251.6,462.6,27.2,144.0,0.330
50,-1,707.2,447.4,23.3,79.0,0.305
50,-1,442.4,450.9,20.9,72.2,0.288
50,-1,147.6,456.8,38.9,62.6,0.264
50,-1,764.9,445.7,20.0,75.9,0.168
50,-1,398.2,457.2,16.2,39.3,0.158
50,-1,449.5,454.2,23.4,69.6,0.151
50,-1,418.5,457.9,21.1,61.1,0.134
50,-1,414.3,456.7,14.9,33.6,0.116
50,-1,426.8,457.0,16.4,37.4,0.098
50,-1,190.7,445.1,14.7,29.8,0.087
50,-1,149.6,456.5,51.8,93.0,0.077
50,-1,807.6,441.1,51.2,110.8,0.067
50,-1,664.4,432.5,13.8,35.2,0.056
50,-1,837.4,457.4,30.6,88.3,0.055
50,-1,0.2,555.5,21.7,97.5,0.051
50,-1,1775.8,507.1,50.0,127.8,0.050
51,-1,1232.5,391.8,108.8,376.6,0.999
51,-1,1027.0,446.7,59.6,164.7,0.998
51,-1,796.7,445.9,31.2,95.3,0.995
51,-1,182.9,445.9,74.0,198.6,0.994
51,-1,36.2,429.0,128.2,340.1,0.994
51,-1,843.0,437.0,41.0,114.5,0.992
51,-1,468.7,457.4,30.9,75.7,0.991
51,-1,763.0,443.2,31.3,88.6,0.991
51,-1,875.5,437.4,37.6,108.2,0.985
51,-1,29.7,464.9,52.2,168.4,0.973
51,-1,828.4,441.1,25.7,95.1,0.963
51,-1,684.5,447.5,23.3,63.1,0.955
51,-1,368.9,458.0,23.5,61.5,0.904
51,-1,0.5,483.7,17.2,155.0,0.879
51,-1,399.2,456.2,22.4,65.0,0.879
51,-1,213.8,443.8,58.6,169.6,0.841
51,-1,133.0,452.4,49.8,191.9,0.782
51,-1,386.4,460.7,21.5,59.0,0.607
51,-1,460.6,455.5,19.4,71.6,0.428
51,-1,486.5,454.3,26.0,83.8,0.395
51,-1,446.2,452.3,25.7,74.9,0.331
51,-1,426.4,457.0,20.3,52.5,0.312
51,-1,757.6,448.1,13.0,60.3,0.276
51,-1,438.2,471.1,18.4,53.4,0.276
51,-1,1786.7,318.5,98.6,319.1,0.257
51,-1,441.8,457.9,11.5,24.4,0.212
51,-1,137.4,457.0,43.7,100.6,0.212
51,-1,415.4,480.8,18.5,40.1,0.201
51,-1,385.0,459.5,19.5,37.6,0.183
51,-1,401.9,456.5,20.5,25.3,0.183
51,-1,761.2,443.6,18.3,77.3,0.173
51,-1,425.5,460.0,15.5,29.4,0.169
51,-1,240.2,456.2,31.0,153.4,0.156
51,-1,405.7,472.9,18.7,47.0,0.132
51,-1,831.0,442.1,19.5,53.2,0.118
51,-1,1406.1,374.7,69.6,207.2,0.104
51,-1,136.3,456.4,41.6,46.4,0.094
51,-1,492.0,453.1,17.3,47.3,0.072
51,-1,441.5,457.0,13.5,49.2,0.071
51,-1,771.0,443.2,39.2,91.6,0.064
51,-1,445.7,456.6,10.8,25.6,0.059
51,-1,1796.1,517.3,56.2,126.7,0.058
51,-1,394.4,457.6,17.0,38.8,0.058
51,-1,1788.5,327.8,89.9,166.0,0.057
51,-1,15.4,474.3,73.0,240.8,0.056
51,-1,372.6,454.6,22.1,36.7,0.056
51,-1,418.9,458.0,17.3,26.9,0.055
51,-1,700.0,449.3,27.3,81.3,0.054
51,-1,1779.3,449.3,56.1,183.0,0.053
52,-1,1233.1,391.8,107.8,371.1,0.999
52,-1,32.5,425.2,153.2,348.4,0.998
52,-1,846.3,435.4,33.1,113.5,0.997
52,-1,760.5,442.3,32.3,86.4,0.997
52,-1,1019.3,443.0,59.9,163.9,0.996
52,-1,876.3,433.9,31.2,107.5,0.996
52,-1,792.6,443.0,30.9,98.8,0.996
52,-1,176.1,444.1,67.4,198.2,0.995
52,-1,461.7,452.7,34.6,82.5,0.993
52,-1,825.2,437.4,26.8,107.0,0.972
52,-1,681.4,446.7,22.7,62.9,0.971
52,-1,21.4,462.6,53.5,168.9,0.962
52,-1,425.3,448.6,23.0,72.9,0.955
52,-1,206.7,443.6,60.3,173.5,0.936
52,-1,381.7,452.6,19.0,63.7,0.933
52,-1,364.5,452.9,21.1,64.0,0.932
52,-1,125.2,455.3,52.0,187.4,0.927
52,-1,398.5,450.5,18.6,64.7,0.911
52,-1,420.7,452.0,19.1,63.6,0.802
52,-1,448.9,449.5,23.9,75.4,0.798
52,-1,235.3,446.0,41.9,164.4,0.797
52,-1,0.0,477.1,11.9,160.7,0.578
52,-1,475.2,449.1,31.4,86.6,0.557
52,-1,456.5,451.8,25.9,77.3,0.353
52,-1,700.4,445.4,20.0,77.2,0.269
52,-1,1781.7,329.0,95.4,285.4,0.268
52,-1,490.1,448.4,17.3,45.0,0.262
52,-1,130.8,454.5,41.2,50.3,0.237
52,-1,406.0,446.6,14.5,31.6,0.209
52,-1,403.8,453.3,15.6,37.3,0.166
52,-1,437.0,446.9,21.3,74.6,0.112
52,-1,656.5,432.7,13.1,42.1,0.110
52,-1,0.0,475.0,21.9,210.3,0.109
52,-1,17.3,451.5,69.3,288.3,0.091
52,-1,368.0,444.9,20.0,36.8,0.077
52,-1,373.8,449.2,22.7,37.9,0.071
52,-1,132.1,452.4,48.6,102.9,0.069
52,-1,393.9,453.5,19.3,43.4,0.063
52,-1,239.1,454.8,29.1,73.2,0.058
52,-1,384.7,453.6,19.2,38.8,0.058
52,-1,411.9,452.4,17.8,63.1,0.054
52,-1,1789.8,332.3,83.0,149.1,0.053
53,-1,841.5,432.0,32.2,115.6,0.999
53,-1,14.1,415.6,153.1,359.8,0.999
53,-1,1010.1,439.9,60.7,166.0,0.998
53,-1,1234.1,389.4,109.3,377.8,0.998
53,-1,788.9,442.2,32.0,104.1,0.997
53,-1,869.6,432.7,37.6,108.3,0.995
53,-1,169.9,443.1,71.5,197.2,0.995
53,-1,676.6,443.1,23.3,64.1,0.994
53,-1,459.5,453.5,30.1,78.8,0.991
53,-1,756.4,438.2,30.5,87.2,0.989
53,-1,821.3,435.4,25.7,107.0,0.986
53,-1,394.1,449.5,18.8,64.0,0.955
53,-1,224.5,448.8,40.5,160.0,0.955
53,-1,382.1,452.7,19.5,61.7,0.928
53,-1,116.9,451.3,51.0,187.7,0.915
53,-1,17.9,461.0,50.2,106.5,0.844
53,-1,445.4,451.4,23.2,68.8,0.824
53,-1,1767.8,320.2,114.0,316.0,0.807
53,-1,145.4,450.1,23.9,57.4,0.792
53,-1,415.7,449.4,19.9,65.7,0.763
53,-1,430.9,449.1,15.1,62.1,0.663
53,-1,121.0,449.6,33.1,51.7,0.538
53,-1,8.0,462.6,55.4,163.6,0.348
53,-1,1786.1,331.8,88.1,160.6,0.297
53,-1,361.0,455.8,20.7,57.9,0.233
53,-1,433.1,449.9,11.6,29.3,0.207
53,-1,1774.4,388.9,50.5,238.2,0.168
53,-1,425.4,429.2,10.2,14.7,0.154
53,-1,402.2,445.1,14.2,24.8,0.148
53,-1,473.2,458.6,24.4,73.9,0.146
53,-1,384.0,446.9,20.4,30.4,0.142
53,-1,138.9,451.5,34.7,105.6,0.131
53,-1,394.1,448.0,20.7,30.1,0.129
53,-1,175.7,448.5,14.9,25.2,0.126
53,-1,7.5,448.8,89.3,294.9,0.116
53,-1,423.0,450.0,17.3,56.8,0.112
53,-1,219.0,449.0,40.7,85.0,0.108
53,-1,416.3,449.7,20.3,29.0,0.103
53,-1,119.8,453.5,47.8,86.4,0.098
53,-1,413.4,451.6,18.2,39.1,0.097
53,-1,371.8,446.5,20.7,34.7,0.091
53,-1,1846.6,282.8,72.8,334.3,0.087
53,-1,653.5,430.7,13.0,42.8,0.070
53,-1,378.1,444.0,20.9,30.7,0.070
53,-1,370.4,441.0,23.9,22.3,0.063
54,-1,1234.1,388.3,111.2,383.7,0.999
54,-1,1003.7,438.4,63.4,164.8,0.998
54,-1,830.3,431.3,37.9,112.3,0.997
54,-1,14.7,426.5,115.0,343.9,0.994
54,-1,781.1,437.0,31.1,107.5,0.992
54,-1,156.9,443.3,75.9,189.8,0.991
54,-1,752.1,436.3,29.8,88.0,0.988
54,-1,864.7,430.2,37.8,108.1,0.985
54,-1,452.1,450.9,31.0,70.3,0.976
54,-1,817.5,435.0,24.2,102.5,0.974
54,-1,199.0,435.1,54.2,172.3,0.957
54,-1,672.2,440.4,23.1,65.9,0.949
54,-1,1772.3,324.0,95.0,307.6,0.943
54,-1,106.1,453.6,56.3,186.7,0.943
54,-1,444.1,447.3,20.5,69.5,0.775
54,-1,355.5,453.9,21.2,55.9,0.740
54,-1,423.6,448.4,18.5,66.6,0.722
54,-1,413.6,446.9,24.6,65.3,0.681
54,-1,138.4,449.7,22.8,50.8,0.670
54,-1,386.7,451.7,23.2,46.0,0.606
54,-1,427.2,445.4,26.9,69.5,0.520
54,-1,360.1,451.3,27.7,59.4,0.480
54,-1,1.0,459.8,51.9,210.1,0.394
54,-1,114.7,451.2,36.1,48.5,0.357
54,-1,817.5,434.6,17.7,24.4,0.331
54,-1,468.2,451.4,31.2,71.1,0.324
54,-1,1787.3,332.8,82.1,163.6,0.316
54,-1,369.6,451.4,19.8,40.5,0.291
54,-1,816.9,435.5,19.7,51.6,0.200
54,-1,1772.0,382.7,57.1,241.1,0.190
54,-1,131.4,449.8,46.0,181.6,0.153
54,-1,1843.7,287.0,70.5,313.9,0.141
54,-1,393.2,463.7,23.6,48.5,0.138
54,-1,198.2,435.7,57.7,83.6,0.133
54,-1,114.4,452.2,43.7,119.9,0.126
54,-1,355.0,447.6,17.3,39.5,0.085
54,-1,8.4,457.4,49.2,116.5,0.081
54,-1,363.1,449.6,23.0,29.3,0.077
54,-1,135.8,449.2,28.9,80.8,0.072
54,-1,616.1,410.9,43.5,75.0,0.069
54,-1,506.6,350.6,94.0,132.2,0.066
54,-1,366.7,448.7,37.0,64.3,0.056
54,-1,386.2,447.9,21.8,26.6,0.053
54,-1,400.7,469.9,20.2,41.2,0.051
55,-1,1236.9,380.0,112.0,393.6,0.999
55,-1,0.0,413.4,131.5,360.6,0.998
55,-1,858.6,424.7,34.4,108.6,0.997
55,-1,772.6,433.0,31.9,108.7,0.996
55,-1,989.9,430.7,65.9,165.6,0.996
55,-1,823.3,427.2,37.4,112.8,0.996
55,-1,377.3,440.7,20.7,67.9,0.996
55,-1,444.1,445.2,32.6,83.3,0.996
55,-1,662.6,435.8,22.5,65.3,0.995
55,-1,137.6,442.0,72.1,196.6,0.993
55,-1,741.3,432.2,32.4,87.3,0.990
55,-1,807.6,431.4,23.7,106.6,0.988
55,-1,86.0,448.8,53.8,187.6,0.982
55,-1,208.6,449.3,33.6,156.8,0.977
55,-1,1769.9,321.6,105.7,310.9,0.969
55,-1,342.8,452.9,20.9,56.1,0.959
55,-1,363.6,446.5,18.1,60.0,0.850
55,-1,400.4,438.6,29.1,75.9,0.817
55,-1,183.7,443.0,54.2,157.6,0.797
55,-1,123.8,444.9,24.2,53.3,0.707
55,-1,429.7,446.3,21.3,67.8,0.671
55,-1,94.5,442.7,34.9,60.5,0.501
55,-1,384.8,432.1,16.0,18.8,0.294
55,-1,1782.1,324.1,85.0,171.1,0.267
55,-1,1856.1,285.3,62.7,312.6,0.259
55,-1,123.3,445.8,33.0,93.7,0.258
55,-1,176.1,439.1,43.1,133.3,0.257
55,-1,355.7,445.7,19.3,50.0,0.213
55,-1,399.9,440.6,21.9,48.0,0.210
55,-1,358.4,445.9,19.7,30.5,0.208
55,-1,384.6,434.3,16.9,31.2,0.200
55,-1,403.0,428.1,16.9,21.0,0.181
55,-1,1879.5,431.3,39.6,158.6,0.180
55,-1,430.1,431.5,22.2,42.3,0.166
55,-1,413.0,441.7,15.7,42.3,0.163
55,-1,381.6,438.2,19.3,42.1,0.142
55,-1,387.7,426.4,14.6,19.4,0.128
55,-1,1787.1,508.8,60.7,127.2,0.127
55,-1,110.2,440.3,61.7,196.2,0.120
55,-1,349.5,441.7,19.6,35.9,0.116
55,-1,411.0,425.3,14.0,18.8,0.108
55,-1,418.0,440.9,23.9,72.8,0.107
55,-1,425.6,429.6,33.7,87.5,0.105
55,-1,204.7,452.5,32.5,92.7,0.094
55,-1,640.2,434.1,12.3,45.7,0.078
55,-1,406.1,437.8,19.9,34.5,0.076
55,-1,350.8,426.5,22.6,33.9,0.075
55,-1,791.0,431.5,36.8,107.9,0.066
55,-1,186.7,431.6,51.7,93.7,0.063
55,-1,394.7,426.0,13.8,16.5,0.053
55,-1,134.0,444.9,55.1,97.3,0.050
56,-1,1236.1,385.9,121.1,396.0,0.999
56,-1,980.4,431.7,68.1,165.1,0.998
56,-1,820.8,424.1,29.8,118.7,0.997
56,-1,2.5,413.0,94.6,366.3,0.997
56,-1,765.1,434.7,33.2,108.1,0.996
56,-1,851.8,423.9,39.2,111.0,0.994
56,-1,128.9,437.9,69.5,202.2,0.991
56,-1,657.4,436.4,22.2,65.4,0.991
56,-1,799.8,430.5,26.4,103.7,0.988
56,-1,735.2,431.4,31.0,87.3,0.986
56,-1,372.3,442.8,20.0,64.0,0.974
56,-1,71.3,446.5,59.9,195.2,0.974
56,-1,191.5,448.1,37.6,154.8,0.968
56,-1,1768.8,321.1,103.0,308.9,0.965
56,-1,393.5,432.5,28.5,82.8,0.944
56,-1,437.2,445.6,32.9,83.7,0.929
56,-1,338.4,455.0,18.7,52.9,0.837
56,-1,357.4,447.5,19.0,59.9,0.781
56,-1,422.4,446.8,22.5,70.8,0.714
56,-1,1246.7,437.4,31.9,46.2,0.636
56,-1,405.2,441.2,18.6,75.3,0.424
56,-1,1779.6,323.0,83.4,152.2,0.341
56,-1,116.3,445.1,39.5,182.6,0.323
56,-1,377.6,435.4,18.5,32.8,0.309
56,-1,117.9,446.4,21.6,39.7,0.290
56,-1,423.4,431.3,41.2,94.5,0.279
56,-1,97.8,447.2,43.7,178.4,0.276
56,-1,565.5,411.7,19.0,34.7,0.231
56,-1,423.4,428.5,22.6,34.4,0.222
56,-1,348.4,444.4,22.4,63.2,0.207
56,-1,382.9,422.5,14.4,22.5,0.161
56,-1,1865.4,278.2,54.5,358.0,0.160
56,-1,117.7,445.7,32.0,87.5,0.137
56,-1,1238.3,437.9,40.6,103.0,0.128
56,-1,171.6,433.0,26.2,43.3,0.128
56,-1,1874.6,440.8,43.3,147.1,0.119
56,-1,1761.6,393.7,62.1,229.4,0.110
56,-1,353.3,442.4,22.3,32.3,0.094
56,-1,981.1,457.8,24.1,85.7,0.091
56,-1,343.2,439.3,18.1,52.9,0.087
56,-1,385.7,437.7,15.2,38.3,0.084
56,-1,569.2,425.1,13.3,20.9,0.084
56,-1,380.9,433.4,16.3,23.5,0.080
56,-1,1797.4,302.9,115.2,322.2,0.072
56,-1,413.0,441.5,22.6,73.0,0.067
56,-1,401.0,425.8,18.1,37.5,0.066
56,-1,175.2,438.3,45.1,106.5,0.053
57,-1,1238.6,382.3,122.9,403.0,0.999
57,-1,974.7,430.9,66.7,166.6,0.998
57,-1,760.4,432.8,32.5,110.7,0.997
57,-1,651.7,436.1,22.8,64.4,0.997
57,-1,813.4,424.9,31.5,113.9,0.995
57,-1,2.4,411.6,97.3,366.1,0.994
57,-1,797.5,430.5,25.8,106.0,0.993
57,-1,126.1,440.4,69.8,192.7,0.992
57,-1,847.2,423.9,38.7,108.6,0.991
57,-1,730.4,430.7,29.2,88.1,0.984
57,-1,365.3,442.7,22.7,65.3,0.982
57,-1,433.7,443.0,29.5,71.7,0.975
57,-1,171.2,440.7,53.7,166.3,0.973
57,-1,59.0,448.9,64.9,188.8,0.970
57,-1,331.5,451.1,20.8,56.4,0.953
57,-1,1242.1,436.1,33.4,45.0,0.854
57,-1,355.2,452.7,17.7,53.6,0.824
57,-1,1762.1,310.4,117.6,306.6,0.768
57,-1,109.5,445.8,21.1,37.3,0.580
57,-1,415.8,430.2,25.0,38.1,0.458
57,-1,415.0,432.6,27.2,82.9,0.452
57,-1,398.2,460.3,19.5,54.0,0.424
57,-1,377.8,423.7,17.6,18.2,0.420
57,-1,349.4,447.2,18.1,49.4,0.390
57,-1,90.6,442.2,70.2,194.4,0.376
57,-1,373.5,433.0,18.1,22.3,0.319
57,-1,1773.9,321.1,89.5,150.7,0.278
57,-1,76.3,446.4,33.6,62.0,0.248
57,-1,108.1,444.0,39.1,118.9,0.217
57,-1,390.3,446.9,19.8,63.9,0.201
57,-1,341.5,447.1,20.6,58.7,0.172
57,-1,97.3,445.9,41.2,158.4,0.143
57,-1,139.7,440.4,24.5,27.8,0.126
57,-1,376.8,427.0,12.8,18.1,0.121
57,-1,1848.6,278.0,69.4,321.6,0.116
57,-1,108.2,445.0,30.8,69.6,0.113
57,-1,394.2,428.0,17.4,24.6,0.111
57,-1,387.9,430.1,22.3,34.7,0.098
57,-1,343.8,444.5,19.8,31.5,0.097
57,-1,161.7,432.2,58.6,103.1,0.088
57,-1,192.2,456.9,28.0,127.8,0.088
57,-1,629.9,459.1,12.6,25.3,0.082
57,-1,403.4,431.9,14.3,36.1,0.070
57,-1,547.2,433.4,16.1,18.5,0.067
57,-1,1872.4,432.0,45.5,155.0,0.064
57,-1,383.0,436.8,18.2,35.8,0.063
57,-1,377.2,431.8,18.5,33.8,0.061
57,-1,382.3,434.3,35.3,80.5,0.059
57,-1,348.0,436.1,18.9,32.8,0.057
57,-1,559.5,430.6,13.2,13.1,0.054
57,-1,385.6,425.7,18.2,22.1,0.054
57,-1,449.7,463.7,24.4,50.2,0.054
58,-1,1239.9,384.6,133.3,405.7,0.999
58,-1,969.5,431.0,64.6,164.8,0.996
58,-1,809.6,425.3,29.9,113.7,0.995
58,-1,751.2,431.7,39.8,108.4,0.993
58,-1,647.5,433.1,22.7,64.6,0.992
58,-1,843.9,423.5,38.6,107.4,0.988
58,-1,113.9,436.9,71.5,199.0,0.987
58,-1,726.7,428.9,30.4,88.4,0.985
58,-1,326.1,449.7,20.6,56.2,0.985
58,-1,788.8,430.7,26.1,100.8,0.983
58,-1,157.1,434.8,57.6,169.8,0.969
58,-1,428.2,444.9,29.2,67.8,0.968
58,-1,0.0,404.6,63.0,374.0,0.964
58,-1,50.2,451.5,62.4,179.0,0.943
58,-1,348.0,450.9,17.3,55.7,0.933
58,-1,363.1,445.8,20.3,62.0,0.932
58,-1,1239.9,435.5,29.9,45.7,0.869
58,-1,383.9,442.4,25.1,70.1,0.858
58,-1,410.6,440.8,22.7,73.2,0.656
58,-1,94.9,448.1,39.1,171.5,0.457
58,-1,396.7,455.4,17.1,58.2,0.456
58,-1,100.9,445.4,23.4,34.6,0.386
58,-1,68.4,445.6,35.0,66.2,0.330
58,-1,416.0,438.3,35.1,76.4,0.319
58,-1,74.9,446.0,49.0,172.7,0.268
58,-1,445.0,459.3,23.2,48.3,0.265
58,-1,102.4,445.0,50.0,153.8,0.264
58,-1,401.8,437.7,22.4,75.3,0.245
58,-1,344.1,448.3,18.1,40.1,0.220
58,-1,1754.8,314.5,126.2,301.5,0.195
58,-1,97.8,446.2,28.2,59.5,0.178
58,-1,99.2,446.5,33.6,100.1,0.166
58,-1,374.4,466.1,18.4,43.0,0.166
58,-1,152.2,430.2,58.6,84.4,0.161
58,-1,360.2,445.6,20.3,33.2,0.146
58,-1,373.7,418.9,16.1,23.1,0.142
58,-1,352.3,444.4,17.3,37.0,0.134
58,-1,184.8,455.7,27.0,89.2,0.124
58,-1,393.3,417.9,15.3,18.1,0.124
58,-1,1771.6,317.1,89.1,154.6,0.115
58,-1,377.8,423.6,25.0,20.3,0.095
58,-1,381.1,442.0,25.1,39.6,0.087
58,-1,12.8,433.6,74.9,232.0,0.085
58,-1,134.1,440.1,21.4,25.5,0.082
58,-1,1234.6,437.1,38.9,101.8,0.081
58,-1,152.9,431.7,33.2,50.9,0.065
58,-1,389.3,419.0,17.8,25.2,0.061
58,-1,762.2,429.5,52.4,109.8,0.059
58,-1,397.5,435.7,15.0,29.8,0.059
58,-1,365.4,441.0,19.0,24.9,0.052
58,-1,382.3,435.5,25.7,31.1,0.052
59,-1,1233.3,382.2,147.5,418.6,0.999
59,-1,749.0,434.0,35.3,106.3,0.997
59,-1,964.6,432.3,66.6,162.1,0.996
59,-1,803.6,423.1,31.1,119.4,0.996
59,-1,644.4,434.6,22.2,64.8,0.991
59,-1,98.8,435.2,84.5,202.7,0.990
59,-1,840.9,423.4,40.2,108.0,0.988
59,-1,787.0,428.1,24.1,105.6,0.988
59,-1,722.1,430.0,31.5,87.8,0.988
59,-1,158.3,439.8,54.8,167.5,0.977
59,-1,321.7,453.6,19.9,53.7,0.975
59,-1,1234.9,435.3,32.1,48.9,0.966
59,-1,43.2,441.6,79.2,200.8,0.965
59,-1,359.3,444.3,19.9,63.6,0.947
59,-1,0.8,451.3,73.0,327.7,0.923
59,-1,347.9,451.8,15.8,55.9,0.915
59,-1,425.7,451.2,23.2,57.7,0.850
59,-1,380.0,441.4,23.3,70.3,0.788
59,-1,406.2,430.2,27.9,84.9,0.785
59,-1,1234.1,435.1,36.0,108.3,0.678
59,-1,1760.3,301.1,114.7,324.3,0.651
59,-1,22.4,447.3,76.8,238.9,0.486
59,-1,60.6,446.7,53.9,129.6,0.435
59,-1,409.7,428.9,23.5,40.9,0.420
59,-1,386.5,464.7,18.2,49.9,0.418
59,-1,152.1,432.9,27.4,43.2,0.405
59,-1,93.9,447.0,23.1,29.7,0.361
59,-1,366.7,427.7,18.5,26.2,0.332
59,-1,365.7,431.7,20.1,40.5,0.305
59,-1,389.4,445.2,19.6,67.1,0.272
59,-1,366.2,420.7,18.7,20.2,0.250
59,-1,396.1,431.8,14.5,39.6,0.242
59,-1,178.8,451.6,30.7,131.3,0.211
59,-1,330.8,449.0,19.8,58.0,0.199
59,-1,387.8,426.4,19.3,44.2,0.194
59,-1,61.4,444.7,38.1,75.0,0.190
59,-1,385.1,442.1,18.8,38.7,0.179
59,-1,1771.9,313.2,89.0,154.5,0.179
59,-1,388.8,415.8,15.3,20.2,0.175
59,-1,341.0,447.0,19.2,38.7,0.161
59,-1,415.4,439.4,41.1,73.2,0.158
59,-1,398.9,441.9,18.8,71.1,0.146
59,-1,0.0,443.1,25.3,342.4,0.143
59,-1,147.7,430.8,56.4,69.1,0.115
59,-1,119.2,436.4,17.6,29.1,0.099
59,-1,437.7,466.4,27.3,40.4,0.095
59,-1,387.4,420.9,18.9,28.4,0.094
59,-1,94.8,443.3,47.1,170.9,0.094
59,-1,377.8,414.6,14.5,24.2,0.093
59,-1,412.1,462.7,18.2,51.3,0.092
59,-1,360.2,439.3,20.0,28.5,0.086
59,-1,382.8,427.6,18.6,23.6,0.085
59,-1,99.4,445.9,23.1,23.6,0.077
59,-1,1758.3,407.4,55.4,210.2,0.073
59,-1,124.1,439.1,22.3,28.2,0.070
59,-1,353.0,442.0,18.2,39.9,0.067
59,-1,377.7,437.3,20.8,34.1,0.066
59,-1,329.0,437.4,17.9,36.3,0.051
60,-1,1245.7,380.4,130.8,421.4,0.999
60,-1,954.8,434.1,66.1,163.3,0.997
60,-1,795.4,427.3,32.2,115.2,0.997
60,-1,738.9,436.0,40.4,109.7,0.994
60,-1,91.3,441.5,70.9,199.9,0.994
60,-1,714.6,432.2,32.2,90.7,0.991
60,-1,834.5,425.9,43.1,108.9,0.989
60,-1,152.4,451.0,48.5,159.7,0.988
60,-1,22.4,445.5,69.3,200.3,0.987
60,-1,634.6,433.9,25.0,68.9,0.985
60,-1,314.1,455.8,19.9,56.0,0.977
60,-1,394.1,444.2,28.5,73.6,0.973
60,-1,351.0,448.6,18.5,63.5,0.967
60,-1,1227.6,436.3,37.0,49.0,0.954
60,-1,779.8,431.2,23.0,93.6,0.935
60,-1,372.6,445.3,24.7,72.0,0.913
60,-1,1226.0,436.9,41.3,111.6,0.891
60,-1,335.7,452.9,18.7,57.1,0.867
60,-1,1764.0,292.5,108.1,338.4,0.850
60,-1,129.2,436.6,55.7,178.7,0.764
60,-1,415.0,452.1,23.9,53.9,0.572
60,-1,0.7,473.2,59.3,152.3,0.531
60,-1,1772.4,314.4,88.7,159.3,0.521
60,-1,137.7,435.4,29.0,43.9,0.504
60,-1,360.9,443.5,17.8,31.1,0.473
60,-1,84.9,449.0,22.5,29.4,0.348
60,-1,47.3,444.4,52.7,140.6,0.338
60,-1,387.5,442.8,20.7,73.3,0.311
60,-1,1847.3,271.1,72.7,346.1,0.306
60,-1,101.1,440.9,15.5,29.4,0.269
60,-1,382.5,447.0,13.9,28.7,0.216
60,-1,378.9,447.0,17.4,48.0,0.214
60,-1,389.6,444.4,15.2,42.0,0.207
60,-1,81.3,448.2,30.0,84.7,0.165
60,-1,106.3,439.8,18.2,30.9,0.131
60,-1,372.3,447.3,18.2,32.4,0.127
60,-1,337.0,450.5,18.7,34.5,0.121
60,-1,82.3,440.9,51.2,110.9,0.112
60,-1,324.2,450.5,21.3,59.0,0.092
60,-1,45.8,444.6,45.0,82.7,0.092
60,-1,132.3,435.9,45.8,81.7,0.082
60,-1,91.3,446.5,16.7,23.6,0.077
60,-1,752.4,432.8,46.2,111.2,0.077
60,-1,344.8,448.4,21.2,29.6,0.074
60,-1,363.8,426.4,21.7,17.3,0.073
60,-1,357.7,425.5,19.5,16.1,0.069
60,-1,320.3,435.4,16.9,26.5,0.069
60,-1,0.7,489.6,32.0,120.0,0.060
60,-1,384.0,425.1,14.6,14.6,0.058
60,-1,385.1,442.2,15.8,29.5,0.056
60,-1,106.5,437.9,54.9,111.8,0.054
60,-1,158.2,451.2,39.0,80.4,0.053
60,-1,357.0,440.5,19.2,25.3,0.050
61,-1,1252.6,374.4,126.8,437.5,0.999
61,-1,951.5,435.0,61.9,164.5,0.997
61,-1,788.7,427.5,36.7,109.5,0.989
61,-1,88.6,442.2,72.9,198.6,0.985
61,-1,833.6,424.4,37.3,111.0,0.984
61,-1,149.2,448.6,48.3,164.8,0.980
61,-1,713.3,431.6,29.0,84.1,0.976
61,-1,735.7,432.7,41.1,116.0,0.969
61,-1,16.0,457.1,66.9,188.3,0.929
61,-1,634.0,436.4,22.8,63.2,0.800
61,-1,1224.7,437.2,38.6,46.6,0.697
61,-1,780.9,430.3,21.4,83.4,0.669
61,-1,315.5,449.7,24.3,59.4,0.549
61,-1,744.5,435.0,24.5,73.7,0.542
61,-1,1219.3,438.3,48.4,105.8,0.439
61,-1,81.3,447.5,22.9,35.8,0.422
61,-1,4.0,476.6,58.1,154.2,0.401
61,-1,126.1,435.6,38.4,50.8,0.391
61,-1,43.6,449.7,36.8,64.6,0.385
61,-1,125.8,437.7,47.8,151.8,0.363
61,-1,807.8,426.7,46.7,110.4,0.355
61,-1,160.4,451.5,35.7,103.0,0.309
61,-1,69.9,448.1,46.5,132.2,0.254
61,-1,312.4,430.1,44.1,77.8,0.232
61,-1,1.0,475.3,33.6,155.0,0.231
61,-1,60.9,451.4,46.2,184.6,0.213
61,-1,136.7,435.5,25.0,30.7,0.161
61,-1,0.0,493.7,18.9,131.1,0.152
61,-1,80.7,444.5,61.1,120.3,0.151
61,-1,108.7,440.8,53.4,109.1,0.147
61,-1,1745.5,356.2,118.6,257.1,0.121
61,-1,314.6,433.8,30.2,47.6,0.117
61,-1,72.2,458.0,33.4,78.7,0.110
61,-1,329.5,448.3,24.8,43.4,0.108
61,-1,107.2,438.7,84.9,187.7,0.104
61,-1,449.8,306.8,76.1,172.2,0.095
61,-1,132.3,436.7,53.4,83.0,0.087
61,-1,153.2,451.8,36.6,37.9,0.074
61,-1,324.2,439.0,38.9,41.9,0.066
61,-1,7.7,457.4,72.6,89.6,0.060
61,-1,17.7,459.3,53.2,50.9,0.057
61,-1,1764.3,310.4,92.4,158.2,0.055
61,-1,15.8,472.0,38.3,36.6,0.054
62,-1,1263.3,379.5,114.6,434.7,0.999
62,-1,948.8,436.6,65.2,164.2,0.997
62,-1,785.5,431.8,32.6,104.0,0.993
62,-1,146.4,446.6,46.4,169.0,0.991
62,-1,733.6,437.5,39.0,112.2,0.991
62,-1,711.1,434.3,31.2,91.6,0.987
62,-1,832.0,428.3,43.5,109.6,0.987
62,-1,74.7,448.3,80.2,197.5,0.986
62,-1,1227.1,439.8,33.2,111.2,0.983
62,-1,632.2,436.1,23.6,69.4,0.964
62,-1,775.8,434.6,28.8,106.6,0.920
62,-1,6.7,455.0,75.3,192.1,0.912
62,-1,312.8,453.9,20.1,61.8,0.899
62,-1,1227.5,439.0,32.4,50.1,0.882
62,-1,1764.2,296.5,107.4,335.2,0.791
62,-1,370.8,453.8,22.1,67.8,0.772
62,-1,344.7,450.1,21.8,64.2,0.726
62,-1,387.8,450.1,29.2,68.2,0.693
62,-1,124.6,439.0,32.9,48.2,0.645
62,-1,329.5,453.0,20.2,62.1,0.584
62,-1,110.5,443.5,55.8,184.2,0.530
62,-1,38.4,454.1,34.2,59.2,0.500
62,-1,369.5,451.7,19.1,44.6,0.488
62,-1,81.9,452.0,19.7,22.8,0.433
62,-1,353.0,444.2,21.3,32.2,0.400
62,-1,1771.7,310.4,87.5,168.0,0.376
62,-1,71.4,450.4,33.0,87.7,0.324
62,-1,375.7,451.3,15.1,32.9,0.315
62,-1,4.1,482.1,49.0,152.5,0.269
62,-1,315.5,430.4,20.6,25.1,0.245
62,-1,135.4,440.5,21.4,31.3,0.243
62,-1,0.0,486.1,22.5,134.3,0.219
62,-1,318.2,451.9,22.8,56.4,0.217
62,-1,63.0,453.9,48.5,181.9,0.201
62,-1,610.4,428.0,20.0,62.7,0.171
62,-1,321.2,443.0,25.1,43.5,0.168
62,-1,343.3,452.2,22.5,33.1,0.160
62,-1,121.5,439.8,42.4,91.0,0.160
62,-1,74.2,451.6,26.9,32.9,0.157
62,-1,332.2,450.8,19.8,40.7,0.146
62,-1,366.3,450.2,18.5,29.5,0.134
62,-1,317.6,432.4,29.2,33.3,0.118
62,-1,3.7,479.3,54.5,63.9,0.114
62,-1,135.7,446.6,36.4,109.4,0.100
62,-1,353.3,439.7,20.5,20.7,0.099
62,-1,317.5,441.9,48.7,73.5,0.098
62,-1,1.2,483.8,34.9,68.6,0.093
62,-1,386.2,448.3,17.3,38.3,0.084
62,-1,102.9,447.9,21.3,27.6,0.082
62,-1,310.3,432.9,21.8,28.1,0.076
62,-1,36.8,453.0,55.1,179.1,0.074
62,-1,379.8,454.4,21.6,67.0,0.070
62,-1,331.6,444.3,23.3,28.1,0.066
62,-1,134.0,444.1,34.9,51.3,0.056
62,-1,90.0,449.7,25.2,24.9,0.056
62,-1,11.0,463.8,61.0,69.0,0.052
62,-1,312.6,438.0,19.3,38.2,0.050
63,-1,1269.3,378.4,128.6,443.6,0.999
63,-1,784.1,431.6,33.4,107.1,0.997
63,-1,948.0,435.7,64.2,164.8,0.996
63,-1,137.7,445.4,52.6,168.2,0.995
63,-1,736.8,438.1,32.8,109.6,0.995
63,-1,75.9,444.2,76.8,202.4,0.994
63,-1,834.6,428.2,37.8,109.7,0.993
63,-1,632.0,439.3,23.8,64.6,0.991
63,-1,312.3,455.8,18.5,57.9,0.989
63,-1,711.0,434.2,31.3,89.8,0.986
63,-1,3.0,453.6,66.4,190.2,0.946
63,-1,1226.9,437.8,36.3,49.0,0.945
63,-1,347.3,457.9,17.8,55.8,0.939
63,-1,332.6,456.0,17.6,55.2,0.916
63,-1,1227.2,441.0,34.9,97.3,0.873
63,-1,368.8,451.2,21.4,67.9,0.802
63,-1,776.5,433.4,25.8,100.8,0.732
63,-1,1763.5,305.0,114.3,327.6,0.728
63,-1,389.0,455.7,25.8,60.2,0.714
63,-1,32.8,449.1,37.3,66.4,0.539
63,-1,1775.2,315.9,92.7,187.6,0.504
63,-1,81.6,450.9,18.1,22.1,0.500
63,-1,438.9,320.8,79.6,136.2,0.444
63,-1,62.0,448.3,44.0,123.9,0.412
63,-1,118.3,439.4,44.9,131.3,0.365
63,-1,121.9,436.9,33.2,49.5,0.348
63,-1,353.2,441.7,22.2,32.2,0.332
63,-1,93.9,446.2,22.0,27.3,0.286
63,-1,132.6,437.8,23.5,35.8,0.257
63,-1,328.7,453.1,21.2,31.0,0.223
63,-1,32.8,451.4,50.1,188.9,0.219
63,-1,77.8,450.9,25.0,32.4,0.208
63,-1,75.7,450.5,30.2,78.0,0.180
63,-1,354.6,442.0,19.9,17.2,0.160
63,-1,374.0,448.4,35.1,72.2,0.152
63,-1,1.8,478.3,40.5,102.1,0.123
63,-1,3.0,479.2,32.8,47.6,0.120
63,-1,341.1,447.5,21.5,27.9,0.110
63,-1,341.3,450.7,20.2,49.0,0.108
63,-1,318.9,436.3,17.5,26.5,0.083
63,-1,129.9,439.3,34.2,77.7,0.076
63,-1,315.9,441.6,18.9,33.7,0.070
63,-1,6.2,462.3,64.3,75.4,0.067
63,-1,81.9,444.3,68.0,106.9,0.062
63,-1,323.7,434.7,21.3,24.6,0.059
63,-1,612.0,445.5,14.7,42.8,0.058
63,-1,1850.2,275.8,69.1,311.7,0.058
63,-1,352.9,451.4,22.4,61.5,0.057
63,-1,115.2,442.7,35.8,75.4,0.053
64,-1,1275.7,372.3,128.2,454.3,0.999
64,-1,946.4,433.9,64.2,164.1,0.996
64,-1,783.5,430.7,34.1,105.7,0.996
64,-1,135.4,447.9,54.3,169.1,0.993
64,-1,736.1,438.0,34.6,108.6,0.990
64,-1,75.3,442.1,75.2,202.2,0.988
64,-1,631.0,439.4,24.6,65.2,0.986
64,-1,834.7,426.2,41.6,111.3,0.984
64,-1,711.2,432.9,29.0,89.0,0.975
64,-1,1227.1,438.0,37.3,111.2,0.969
64,-1,311.5,456.2,21.5,55.9,0.967
64,-1,1.7,456.5,66.6,192.0,0.965
64,-1,347.9,461.2,19.5,51.4,0.886
64,-1,327.9,455.1,21.1,56.8,0.870
64,-1,1767.3,304.5,113.0,323.5,0.836
64,-1,317.1,452.3,25.4,60.8,0.747
64,-1,1223.7,436.8,38.9,50.3,0.638
64,-1,371.3,452.3,21.2,68.6,0.624
64,-1,116.3,437.7,48.4,170.0,0.618
64,-1,1780.3,315.3,87.0,158.6,0.599
64,-1,603.8,438.3,16.2,45.6,0.445
64,-1,119.0,436.1,32.2,53.0,0.403
64,-1,64.2,453.7,43.4,151.1,0.299
64,-1,777.8,431.5,23.8,100.3,0.277
64,-1,193.2,455.1,27.9,59.4,0.260
64,-1,345.7,453.2,21.2,36.9,0.256
64,-1,64.9,450.4,33.5,91.3,0.225
64,-1,392.9,466.7,19.5,47.1,0.218
64,-1,338.2,453.2,18.6,58.0,0.201
64,-1,140.9,450.2,35.2,121.9,0.180
64,-1,608.3,439.7,19.5,48.0,0.147
64,-1,78.1,448.9,18.2,26.2,0.135
64,-1,298.8,396.3,24.5,31.0,0.124
64,-1,324.7,451.1,24.7,37.2,0.124
64,-1,98.4,445.9,19.8,26.0,0.116
64,-1,303.0,453.7,17.3,56.7,0.116
64,-1,377.9,465.2,19.6,53.1,0.111
64,-1,101.2,440.1,50.5,101.4,0.109
64,-1,76.0,447.7,29.0,82.8,0.107
64,-1,1.1,477.2,23.3,50.7,0.101
64,-1,141.5,453.8,30.8,42.4,0.100
64,-1,3.0,448.5,64.6,81.7,0.100
64,-1,347.8,449.3,21.4,22.4,0.092
64,-1,613.6,434.4,38.6,61.6,0.091
64,-1,116.5,436.3,43.8,81.2,0.089
64,-1,342.2,449.2,21.4,27.6,0.080
64,-1,611.8,449.7,23.0,39.3,0.078
64,-1,134.9,448.1,22.9,33.9,0.078
64,-1,398.9,474.7,15.8,36.5,0.077
64,-1,356.7,471.0,18.9,45.0,0.075
64,-1,31.8,450.1,50.3,192.8,0.069
64,-1,1764.5,441.1,69.6,188.8,0.067
64,-1,133.1,445.9,31.8,109.2,0.067
64,-1,1866.1,323.9,53.9,262.3,0.066
64,-1,320.0,441.6,26.3,25.7,0.066
64,-1,1881.0,435.2,39.0,158.4,0.065
64,-1,543.0,434.4,16.0,23.2,0.061
64,-1,89.6,446.7,20.6,24.1,0.057
65,-1,1286.8,369.9,134.1,460.3,0.999
65,-1,941.1,433.8,61.3,164.8,0.997
65,-1,777.5,428.3,41.4,115.1,0.994
65,-1,63.6,441.2,81.5,202.6,0.993
65,-1,138.2,449.5,49.7,160.1,0.990
65,-1,729.2,436.1,40.7,110.4,0.989
65,-1,836.5,426.1,40.1,109.5,0.978
65,-1,627.5,434.0,26.2,68.9,0.977
65,-1,1223.1,437.5,40.9,110.6,0.974
65,-1,714.0,435.1,29.2,84.7,0.964
65,-1,0.0,450.7,66.8,195.2,0.953
65,-1,1224.0,437.5,38.7,49.1,0.889
65,-1,1767.8,293.2,115.1,344.7,0.822
65,-1,1782.9,316.8,92.1,161.1,0.626
65,-1,320.1,451.9,28.3,61.1,0.566
65,-1,113.9,443.8,60.0,175.7,0.544
65,-1,706.9,433.6,21.5,83.7,0.522
65,-1,610.0,426.3,20.3,65.3,0.436
65,-1,306.5,454.9,22.9,55.6,0.346
65,-1,369.7,474.3,17.2,44.0,0.342
65,-1,13.5,449.0,44.7,62.1,0.336
65,-1,342.9,468.9,17.8,43.8,0.270
65,-1,0.4,812.8,189.2,74.4,0.223
65,-1,350.9,467.8,30.5,48.2,0.210
65,-1,0.0,472.5,10.8,172.4,0.148
65,-1,597.8,438.3,16.9,47.5,0.136
65,-1,312.6,449.7,24.9,54.6,0.120
65,-1,334.4,452.5,25.7,59.9,0.108
65,-1,0.0,709.5,190.8,172.3,0.108
65,-1,608.7,449.0,17.2,39.6,0.099
65,-1,619.2,412.4,17.6,57.8,0.091
65,-1,1225.3,437.2,72.6,51.9,0.091
65,-1,17.7,450.5,56.3,84.3,0.086
65,-1,776.6,433.5,17.0,84.6,0.076
65,-1,1.6,462.4,60.7,95.3,0.076
65,-1,655.7,446.0,19.1,55.3,0.068
65,-1,619.0,422.1,25.4,70.8,0.055
65,-1,0.3,478.2,18.1,79.1,0.051
65,-1,0.3,478.1,47.3,61.9,0.051
65,-1,128.2,451.4,31.2,92.9,0.051
66,-1,1294.1,373.7,149.3,458.2,0.999
66,-1,938.8,431.7,62.8,164.7,0.998
66,-1,778.2,428.1,34.2,111.2,0.997
66,-1,64.8,439.8,73.1,206.5,0.995
66,-1,136.7,450.8,47.9,131.5,0.993
66,-1,731.4,435.7,31.7,103.9,0.992
66,-1,836.1,423.3,37.4,112.4,0.987
66,-1,626.0,437.2,27.1,65.6,0.983
66,-1,109.8,441.6,63.6,175.8,0.981
66,-1,342.3,445.0,21.0,65.6,0.978
66,-1,709.7,431.5,27.4,87.7,0.974
66,-1,1227.4,436.5,36.7,111.4,0.966
66,-1,0.2,466.6,55.1,181.7,0.959
66,-1,309.6,455.2,19.4,54.9,0.915
66,-1,319.3,433.5,28.4,77.3,0.823
66,-1,1228.8,435.7,32.5,51.6,0.687
66,-1,363.0,456.2,18.2,54.4,0.669
66,-1,1760.7,311.1,126.5,324.8,0.655
66,-1,107.5,436.7,40.2,49.8,0.491
66,-1,14.3,445.2,42.0,78.2,0.424
66,-1,330.7,442.1,24.8,69.0,0.396
66,-1,367.4,464.2,19.4,49.7,0.391
66,-1,549.4,446.4,16.2,43.4,0.322
66,-1,9.1,451.4,52.1,137.9,0.299
66,-1,1788.2,308.5,90.7,167.0,0.287
66,-1,346.2,443.3,17.1,30.4,0.254
66,-1,323.9,436.8,22.4,41.6,0.222
66,-1,3.3,465.7,52.0,80.1,0.165
66,-1,53.6,450.1,43.9,147.5,0.164
66,-1,0.2,478.9,25.2,49.3,0.161
66,-1,92.1,438.0,55.3,174.5,0.161
66,-1,17.6,442.1,75.0,204.7,0.152
66,-1,297.3,446.7,14.7,60.5,0.149
66,-1,551.9,450.0,18.5,52.3,0.121
66,-1,772.9,434.6,16.3,73.8,0.117
66,-1,108.0,438.7,40.2,120.9,0.115
66,-1,318.3,431.3,25.9,34.5,0.103
66,-1,602.1,438.3,12.4,44.9,0.092
66,-1,81.5,444.0,21.8,26.5,0.089
66,-1,131.5,446.7,20.4,30.0,0.079
66,-1,385.4,480.1,20.4,28.3,0.078
66,-1,302.6,449.6,19.4,58.8,0.074
66,-1,0.1,480.6,13.6,57.6,0.070
66,-1,374.6,475.3,16.2,36.5,0.068
66,-1,0.0,478.5,14.2,128.8,0.065
66,-1,609.7,456.1,14.7,29.2,0.063
66,-1,0.4,475.5,23.1,167.6,0.063
66,-1,482.1,434.3,18.8,19.9,0.063
67,-1,1301.0,371.4,164.3,464.8,0.999
67,-1,776.7,425.4,34.6,112.8,0.998
67,-1,934.7,429.4,64.3,167.8,0.998
67,-1,54.2,441.8,76.2,201.1,0.998
67,-1,728.0,431.9,31.6,107.9,0.994
67,-1,125.5,448.0,54.3,157.3,0.994
67,-1,835.0,421.0,37.4,113.2,0.989
67,-1,626.9,438.7,23.0,62.3,0.983
67,-1,0.0,445.2,51.8,199.7,0.983
67,-1,707.5,429.4,25.9,89.5,0.964
67,-1,305.0,448.2,19.2,61.8,0.962
67,-1,100.8,438.3,67.4,176.7,0.962
67,-1,341.3,444.4,20.1,63.2,0.940
67,-1,1224.2,432.9,40.4,111.8,0.910
67,-1,1227.7,433.1,33.0,50.9,0.861
67,-1,100.6,434.0,35.0,47.5,0.783
67,-1,323.0,447.3,22.4,62.5,0.710
67,-1,1757.9,326.9,119.3,308.2,0.640
67,-1,359.4,463.3,22.8,48.9,0.552
67,-1,366.9,474.9,17.3,36.8,0.364
67,-1,547.6,444.9,17.1,47.1,0.319
67,-1,608.6,461.1,17.3,23.0,0.203
67,-1,100.9,435.6,43.4,106.5,0.148
67,-1,2.7,447.6,48.9,74.4,0.125
67,-1,143.8,452.5,35.3,113.8,0.121
67,-1,49.0,441.6,48.9,113.6,0.108
67,-1,551.4,458.0,17.3,42.3,0.066
67,-1,1787.7,333.8,91.0,140.1,0.064
67,-1,0.1,459.9,20.5,153.8,0.062
68,-1,1310.3,369.2,178.9,470.8,1.000
68,-1,933.0,427.7,63.0,167.6,0.998
68,-1,118.1,442.3,57.8,166.4,0.997
68,-1,48.3,433.9,86.7,203.8,0.996
68,-1,768.3,423.9,42.1,112.5,0.996
68,-1,726.8,430.3,31.5,107.6,0.994
68,-1,834.7,419.2,39.3,112.7,0.991
68,-1,1224.4,431.3,40.1,113.7,0.982
68,-1,622.9,431.1,25.6,67.1,0.979
68,-1,706.2,427.8,25.2,89.2,0.964
68,-1,0.7,445.4,44.9,196.4,0.958
68,-1,302.3,450.5,19.9,55.0,0.947
68,-1,316.2,444.0,23.8,62.7,0.877
68,-1,93.0,435.0,64.2,177.3,0.866
68,-1,338.6,463.8,16.7,42.9,0.783
68,-1,1747.9,311.4,134.7,321.6,0.525
68,-1,536.3,437.9,26.4,56.9,0.519
68,-1,46.4,443.1,47.9,174.8,0.443
68,-1,514.9,432.5,42.5,63.4,0.422
68,-1,93.9,432.2,40.4,51.3,0.372
68,-1,369.1,478.2,14.3,27.3,0.279
68,-1,360.8,471.1,16.2,35.2,0.263
68,-1,326.9,446.6,18.4,59.7,0.201
68,-1,0.6,445.2,43.5,63.0,0.183
68,-1,77.6,436.7,56.1,139.8,0.136
68,-1,1790.0,310.4,92.2,160.7,0.129
68,-1,131.3,454.3,21.5,38.3,0.099
68,-1,350.9,467.7,16.9,38.5,0.093
68,-1,93.6,435.1,41.4,99.5,0.080
68,-1,121.4,446.7,45.6,102.5,0.063
68,-1,51.8,438.6,37.6,88.6,0.056
68,-1,51.0,440.9,57.4,118.0,0.054
69,-1,1314.2,367.5,200.2,478.0,0.999
69,-1,928.7,425.6,63.4,167.0,0.999
69,-1,50.2,434.2,77.6,199.0,0.996
69,-1,768.3,418.8,41.3,113.9,0.995
69,-1,833.7,416.0,40.8,113.3,0.995
69,-1,725.5,425.3,30.8,110.7,0.993
69,-1,123.7,445.3,51.5,130.1,0.993
69,-1,305.0,448.0,17.3,53.3,0.985
69,-1,622.6,428.5,26.1,66.5,0.983
69,-1,107.3,438.2,58.2,171.8,0.981
69,-1,705.6,423.0,23.9,90.6,0.969
69,-1,0.1,437.8,43.2,202.2,0.967
69,-1,1226.3,430.3,34.5,107.0,0.940
69,-1,339.3,458.1,16.7,44.5,0.935
69,-1,1227.9,427.3,33.2,51.5,0.838
69,-1,535.9,433.4,26.0,61.0,0.829
69,-1,515.9,428.1,35.4,101.0,0.700
69,-1,325.0,446.5,18.1,55.2,0.689
69,-1,545.2,440.5,20.7,52.9,0.588
69,-1,1760.2,310.8,133.4,322.8,0.585
69,-1,512.3,430.8,27.9,75.0,0.567
69,-1,361.5,474.7,12.9,26.2,0.438
69,-1,89.1,431.0,49.9,161.1,0.361
69,-1,42.0,438.6,47.2,159.2,0.270
69,-1,318.9,444.2,18.6,51.5,0.215
69,-1,350.6,465.0,15.1,36.8,0.200
69,-1,512.0,430.8,22.9,41.0,0.195
69,-1,332.1,453.6,14.8,48.5,0.181
69,-1,371.0,476.3,12.5,23.0,0.173
69,-1,1793.4,304.6,97.3,166.8,0.106
69,-1,508.6,433.7,16.8,32.2,0.075
69,-1,95.3,427.8,48.1,68.8,0.067
70,-1,1324.2,364.2,224.6,501.4,1.000
70,-1,922.9,426.5,65.3,163.2,0.998
70,-1,125.7,445.7,44.4,129.5,0.997
70,-1,770.9,419.6,34.3,111.9,0.997
70,-1,834.2,413.8,37.9,114.0,0.996
70,-1,35.3,434.3,71.9,204.7,0.993
70,-1,621.8,424.8,24.2,69.1,0.991
70,-1,83.3,422.0,69.4,190.8,0.989
70,-1,718.7,425.5,32.1,110.0,0.989
70,-1,504.0,430.0,40.3,114.9,0.972
70,-1,1224.6,425.5,38.0,49.9,0.968
70,-1,0.1,441.4,32.0,201.7,0.960
70,-1,1756.1,295.8,137.2,336.2,0.957
70,-1,703.6,421.6,22.6,92.2,0.952
70,-1,1227.4,426.0,32.7,112.2,0.947
70,-1,301.5,448.9,17.0,52.3,0.936
70,-1,314.8,448.9,25.6,53.2,0.914
70,-1,531.4,429.1,27.1,85.6,0.901
70,-1,515.8,430.7,36.1,84.2,0.559
70,-1,1795.4,295.8,99.2,169.5,0.416
70,-1,82.5,427.0,48.8,72.4,0.388
70,-1,63.6,430.5,61.3,204.3,0.380
70,-1,538.4,433.9,25.8,61.4,0.333
70,-1,709.5,423.2,26.0,97.0,0.313
70,-1,507.2,430.9,29.7,65.5,0.307
70,-1,335.2,466.5,15.0,36.2,0.298
70,-1,430.8,425.4,19.0,31.4,0.296
70,-1,505.1,437.9,14.9,36.2,0.251
70,-1,286.1,462.7,17.9,37.3,0.228
70,-1,1870.4,253.3,49.3,359.7,0.105
70,-1,328.9,457.5,15.7,44.5,0.105
70,-1,605.5,422.0,17.4,53.9,0.102
70,-1,344.1,471.2,18.2,30.8,0.101
70,-1,364.8,476.7,10.2,17.1,0.077
70,-1,608.9,406.0,21.0,67.3,0.068
70,-1,81.2,430.1,45.8,144.6,0.067
70,-1,420.2,437.6,17.7,25.2,0.057
70,-1,1781.9,368.7,69.9,259.8,0.056
70,-1,353.5,473.8,16.0,26.5,0.056
71,-1,1329.3,362.0,224.2,513.5,1.000
71,-1,766.3,418.5,35.9,114.3,0.999
71,-1,920.1,425.5,64.9,162.2,0.998
71,-1,831.2,412.7,41.9,114.7,0.996
71,-1,31.7,430.7,75.1,208.2,0.994
71,-1,718.1,424.9,31.1,109.4,0.993
71,-1,119.8,442.8,46.2,134.6,0.991
71,-1,620.1,429.8,24.6,63.2,0.991
71,-1,497.0,426.8,44.0,114.0,0.988
71,-1,78.9,425.7,69.5,185.9,0.985
71,-1,300.2,445.4,18.8,54.7,0.980
71,-1,702.9,422.5,22.8,90.3,0.969
71,-1,1223.0,425.5,34.8,113.0,0.962
71,-1,530.0,430.2,27.1,84.3,0.934
71,-1,0.4,450.3,24.5,191.3,0.919
71,-1,1775.6,291.6,124.3,334.0,0.842
71,-1,1221.0,424.4,38.8,50.5,0.707
71,-1,1794.9,302.7,102.2,189.3,0.566
71,-1,317.6,448.9,19.3,50.4,0.549
71,-1,542.2,435.7,20.7,55.5,0.426
71,-1,76.0,423.3,52.6,75.7,0.283
71,-1,286.9,453.0,15.0,43.9,0.267
71,-1,323.7,459.3,14.7,38.8,0.259
71,-1,338.4,471.5,10.9,29.5,0.250
71,-1,489.2,428.0,17.3,41.7,0.223
71,-1,501.0,425.8,32.9,69.3,0.190
71,-1,334.2,468.9,12.0,31.1,0.174
71,-1,605.5,436.8,15.0,38.8,0.156
71,-1,420.6,419.0,25.0,37.1,0.118
71,-1,484.3,423.0,17.8,30.7,0.111
71,-1,0.9,747.7,90.8,172.0,0.084
71,-1,1787.4,368.3,63.4,249.4,0.076
71,-1,497.6,428.4,20.9,49.8,0.074
71,-1,0.0,477.5,95.6,440.2,0.055
72,-1,1333.1,359.8,220.4,521.1,1.000
72,-1,918.4,425.1,61.6,162.3,0.998
72,-1,31.9,430.2,71.1,207.7,0.996
72,-1,765.5,417.7,37.4,110.0,0.995
72,-1,832.3,413.8,41.5,113.8,0.994
72,-1,716.2,424.6,31.8,106.7,0.990
72,-1,112.7,440.9,51.6,128.3,0.989
72,-1,501.7,428.4,32.7,110.3,0.988
72,-1,71.3,427.3,71.2,181.4,0.979
72,-1,620.4,429.1,22.9,63.1,0.977
72,-1,1762.6,295.6,142.3,335.5,0.959
72,-1,1224.1,424.0,37.2,111.9,0.956
72,-1,299.7,444.8,19.0,54.7,0.943
72,-1,529.5,431.3,28.8,81.9,0.940
72,-1,0.1,455.9,17.8,181.4,0.899
72,-1,702.2,421.4,22.6,88.0,0.852
72,-1,1224.3,424.4,37.5,49.0,0.839
72,-1,707.5,423.1,27.6,96.2,0.613
72,-1,1796.9,296.2,105.8,181.4,0.531
72,-1,70.7,427.6,48.7,59.4,0.399
72,-1,488.7,435.6,21.3,41.8,0.382
72,-1,490.9,432.4,28.6,92.5,0.124
72,-1,479.2,425.7,17.7,27.1,0.118
72,-1,1406.2,383.4,127.3,423.4,0.116
72,-1,69.5,429.1,53.8,106.9,0.103
72,-1,604.3,453.0,21.1,24.2,0.094
72,-1,421.9,422.8,19.4,29.5,0.094
72,-1,602.5,429.0,17.2,45.2,0.092
72,-1,499.3,431.7,28.5,64.0,0.074
72,-1,512.3,426.3,42.4,107.7,0.072
72,-1,483.5,428.2,19.2,27.7,0.070
72,-1,0.0,435.3,73.1,487.1,0.055
72,-1,598.3,429.6,14.3,43.3,0.052
72,-1,1.2,447.6,38.8,187.8,0.051
73,-1,1339.1,354.9,214.7,535.8,0.999
73,-1,915.9,425.1,62.4,163.2,0.999
73,-1,765.1,419.2,37.5,111.9,0.996
73,-1,832.2,414.5,42.0,115.2,0.995
73,-1,110.2,438.3,53.6,138.6,0.988
73,-1,716.2,425.0,31.0,106.5,0.988
73,-1,491.1,428.2,43.0,113.7,0.987
73,-1,21.3,430.1,90.6,206.4,0.985
73,-1,73.7,425.2,72.5,186.6,0.980
73,-1,621.3,430.8,22.3,60.8,0.976
73,-1,529.6,431.5,32.0,85.2,0.970
73,-1,1225.8,425.8,36.0,113.1,0.950
73,-1,296.9,447.5,20.8,50.8,0.922
73,-1,1776.2,294.3,129.8,334.8,0.893
73,-1,702.4,422.4,21.9,85.8,0.886
73,-1,1223.0,424.6,37.4,48.7,0.837
73,-1,0.0,459.3,21.1,181.4,0.726
73,-1,1801.1,303.1,106.7,197.4,0.710
73,-1,68.1,423.0,57.4,77.3,0.309
73,-1,507.3,425.4,38.5,110.2,0.254
73,-1,281.6,380.6,40.3,119.4,0.172
73,-1,603.5,451.9,18.7,25.7,0.171
73,-1,57.5,427.2,58.0,146.8,0.138
73,-1,490.4,440.3,21.6,42.4,0.091
73,-1,0.2,477.0,28.6,104.5,0.085
73,-1,1449.5,635.4,108.0,244.1,0.072
73,-1,1166.8,425.9,92.3,116.9,0.063
73,-1,1831.3,259.4,87.8,358.9,0.061
73,-1,478.9,427.1,21.1,23.0,0.050
74,-1,1346.4,351.4,214.5,552.5,0.999
74,-1,913.0,426.4,61.7,161.5,0.998
74,-1,765.2,418.3,35.5,114.1,0.997
74,-1,831.3,414.1,42.4,115.6,0.996
74,-1,494.2,424.9,37.3,114.9,0.996
74,-1,112.6,439.9,48.7,136.5,0.996
74,-1,15.1,431.2,66.8,208.2,0.994
74,-1,63.9,418.6,81.1,194.0,0.992
74,-1,715.0,425.7,31.8,106.6,0.984
74,-1,529.2,432.6,31.2,82.9,0.980
74,-1,1227.3,425.3,32.8,112.5,0.974
74,-1,617.6,431.0,25.1,62.2,0.973
74,-1,701.9,423.6,22.2,89.3,0.909
74,-1,1225.4,424.9,37.0,50.4,0.818
74,-1,297.9,455.1,17.6,42.3,0.689
74,-1,1789.1,283.0,123.2,351.3,0.509
74,-1,0.0,471.3,12.1,168.8,0.399
74,-1,65.4,421.1,66.8,83.0,0.371
74,-1,480.0,431.2,14.0,33.2,0.144
74,-1,484.1,428.6,15.7,40.4,0.125
74,-1,476.4,435.7,12.8,26.0,0.104
74,-1,488.8,430.4,15.3,47.4,0.079
74,-1,1809.8,299.1,104.0,164.9,0.071
74,-1,0.1,468.1,25.1,169.1,0.057
75,-1,1366.2,350.1,204.7,565.4,0.999
75,-1,903.7,429.0,63.7,162.7,0.998
75,-1,102.7,438.2,53.7,141.0,0.997
75,-1,827.7,418.3,42.8,115.6,0.997
75,-1,759.8,420.3,39.2,121.1,0.995
75,-1,1224.4,430.9,31.5,115.2,0.995
75,-1,53.5,426.7,77.9,194.9,0.992
75,-1,616.2,426.3,24.3,70.3,0.987
75,-1,0.6,443.0,71.9,199.5,0.984
75,-1,709.9,431.2,32.9,107.7,0.982
75,-1,484.8,432.6,45.1,111.7,0.978
75,-1,525.7,434.2,32.9,85.4,0.976
75,-1,696.7,425.8,23.9,93.3,0.942
75,-1,26.5,427.2,78.1,206.6,0.932
75,-1,1786.4,301.0,128.9,344.6,0.864
75,-1,53.0,429.1,54.5,73.0,0.322
75,-1,473.4,429.0,19.2,42.8,0.277
75,-1,604.3,400.1,19.9,74.7,0.189
75,-1,464.7,439.7,22.4,35.1,0.186
75,-1,591.4,430.6,13.3,51.1,0.172
75,-1,462.3,437.5,17.6,31.6,0.163
75,-1,600.7,417.7,18.6,67.3,0.160
75,-1,473.8,446.5,36.4,103.6,0.155
75,-1,485.8,441.5,20.1,42.3,0.137
75,-1,1814.4,305.2,103.8,167.1,0.137
75,-1,159.0,451.4,15.4,47.1,0.123
75,-1,542.4,435.8,16.6,57.4,0.111
75,-1,600.5,450.2,16.7,31.4,0.109
75,-1,506.3,433.8,27.2,95.0,0.092
75,-1,488.7,435.3,32.6,65.7,0.083
75,-1,472.0,446.1,28.0,52.0,0.078
75,-1,296.0,474.3,15.4,27.4,0.074
75,-1,516.0,435.2,19.4,68.6,0.071
75,-1,645.4,397.7,17.3,45.1,0.059
75,-1,54.4,430.3,65.9,114.7,0.056
76,-1,1387.9,343.7,187.9,579.4,0.999
76,-1,900.6,427.3,64.1,164.5,0.998
76,-1,53.0,429.7,73.4,180.3,0.996
76,-1,760.9,421.3,34.5,116.6,0.996
76,-1,0.7,433.9,76.1,203.0,0.995
76,-1,100.9,435.9,53.8,141.8,0.995
76,-1,827.0,417.9,42.1,115.4,0.994
76,-1,486.9,424.1,42.3,122.5,0.992
76,-1,710.3,430.0,32.4,110.9,0.988
76,-1,527.0,432.0,31.0,85.3,0.983
76,-1,615.2,429.8,24.3,65.9,0.973
76,-1,1217.7,430.8,44.0,114.9,0.967
76,-1,697.8,426.6,22.2,90.1,0.828
76,-1,1223.6,431.4,33.3,52.3,0.791
76,-1,1803.8,246.7,114.5,384.4,0.281
76,-1,599.9,456.4,18.5,25.4,0.218
76,-1,445.4,420.5,15.9,27.6,0.168
76,-1,475.2,428.1,16.5,43.1,0.167
76,-1,458.2,434.2,19.8,29.6,0.116
76,-1,0.0,467.2,19.2,94.4,0.108
76,-1,481.0,427.4,20.5,49.8,0.096
76,-1,600.1,431.2,16.6,45.9,0.095
76,-1,471.0,441.5,16.5,28.9,0.085
76,-1,514.9,432.1,20.1,60.5,0.078
76,-1,521.3,428.0,17.3,38.7,0.069
76,-1,1468.7,354.5,105.5,485.9,0.055
76,-1,1169.3,431.2,85.8,119.0,0.052
77,-1,1409.1,337.5,180.6,593.1,0.999
77,-1,897.6,428.3,65.3,164.3,0.998
77,-1,47.7,421.8,82.0,195.0,0.998
77,-1,827.2,419.0,42.1,116.1,0.997
77,-1,99.5,436.8,52.9,141.0,0.996
77,-1,761.2,421.8,32.9,113.6,0.995
77,-1,484.0,424.2,39.6,123.9,0.994
77,-1,0.0,437.3,67.1,204.8,0.990
77,-1,527.3,430.0,30.7,89.4,0.989
77,-1,1225.0,433.0,35.4,115.9,0.987
77,-1,711.0,431.1,31.4,108.2,0.986
77,-1,614.4,435.4,24.0,62.8,0.985
77,-1,695.1,426.3,23.7,90.2,0.856
77,-1,1789.3,293.2,128.4,352.6,0.758
77,-1,1864.0,816.4,55.3,52.4,0.723
77,-1,20.7,430.1,78.0,207.6,0.720
77,-1,41.2,439.8,15.1,27.3,0.316
77,-1,1819.1,304.9,100.9,189.1,0.293
77,-1,458.3,432.9,17.5,31.5,0.210
77,-1,479.7,419.0,18.8,45.5,0.192
77,-1,515.6,431.6,20.8,67.6,0.185
77,-1,600.1,447.6,14.4,32.6,0.135
77,-1,696.3,422.8,20.1,51.4,0.118
77,-1,169.2,341.8,235.8,149.5,0.100
77,-1,17.4,435.0,22.9,34.6,0.083
77,-1,471.2,441.9,15.7,34.6,0.065
77,-1,471.7,429.0,16.0,36.9,0.057
78,-1,1420.2,336.9,162.3,603.8,0.999
78,-1,41.9,422.9,76.3,191.3,0.999
78,-1,893.5,425.7,67.8,168.1,0.998
78,-1,90.3,435.9,59.9,142.3,0.997
78,-1,826.2,418.1,41.3,118.1,0.996
78,-1,759.6,422.9,32.7,116.4,0.995
78,-1,479.6,421.4,39.6,128.1,0.994
78,-1,526.0,430.2,30.8,88.7,0.990
78,-1,0.0,438.2,66.6,202.9,0.988
78,-1,711.0,431.1,30.0,108.3,0.985
78,-1,612.4,435.7,24.0,62.0,0.978
78,-1,1221.5,434.7,35.4,116.5,0.964
78,-1,1849.7,780.1,70.0,91.6,0.936
78,-1,694.4,426.9,24.2,92.6,0.916
78,-1,1223.5,433.2,32.4,53.1,0.747
78,-1,149.4,279.9,257.3,209.4,0.444
78,-1,512.1,437.7,18.6,60.6,0.416
78,-1,30.6,440.2,20.7,38.0,0.200
78,-1,125.8,136.7,333.7,823.1,0.150
78,-1,599.1,437.2,13.9,42.6,0.128
78,-1,40.7,422.6,71.0,88.0,0.115
78,-1,1844.5,463.8,75.5,397.4,0.109
78,-1,1801.7,304.7,117.6,334.5,0.092
78,-1,0.1,432.0,33.3,38.6,0.078
78,-1,157.6,454.7,12.4,42.2,0.076
78,-1,276.5,482.4,13.3,19.3,0.067
78,-1,112.0,133.2,360.4,355.9,0.058
78,-1,0.4,437.0,29.3,135.7,0.058
79,-1,1435.0,340.2,168.3,607.8,0.999
79,-1,32.7,426.1,78.0,187.0,0.998
79,-1,889.1,429.5,66.2,164.6,0.997
79,-1,86.9,437.9,59.9,141.5,0.997
79,-1,824.0,421.1,41.0,116.6,0.994
79,-1,524.2,431.0,31.5,91.3,0.994
79,-1,475.0,424.8,41.8,123.4,0.993
79,-1,753.6,423.0,37.9,118.3,0.991
79,-1,705.2,431.3,32.0,108.0,0.986
79,-1,610.0,434.8,23.3,63.9,0.986
79,-1,0.1,434.2,59.1,204.5,0.980
79,-1,1219.4,435.6,36.6,117.1,0.970
79,-1,1838.4,766.4,81.6,108.5,0.883
79,-1,690.6,426.4,24.1,92.9,0.836
79,-1,1221.8,436.2,33.1,52.5,0.303
79,-1,509.9,435.7,19.0,58.6,0.251
79,-1,1804.1,291.5,115.2,353.7,0.197
79,-1,0.0,439.6,12.3,194.6,0.167
79,-1,180.6,261.8,202.5,223.5,0.137
79,-1,1836.5,444.6,83.5,418.6,0.116
79,-1,596.0,447.5,15.3,33.5,0.077
79,-1,1823.1,307.9,95.5,178.0,0.069
80,-1,27.6,421.3,75.8,191.2,0.999
80,-1,881.8,428.2,66.3,168.0,0.999
80,-1,1456.7,341.0,171.5,608.0,0.998
80,-1,822.6,416.1,40.5,119.4,0.998
80,-1,466.8,420.5,44.7,125.3,0.998
80,-1,82.2,435.7,61.4,139.4,0.997
80,-1,754.5,421.2,32.8,117.0,0.997
80,-1,703.6,426.4,31.6,113.2,0.995
80,-1,524.3,429.4,30.5,88.1,0.993
80,-1,1218.8,435.5,37.1,117.1,0.980
80,-1,606.5,434.7,24.2,61.8,0.972
80,-1,0.7,428.7,35.8,203.1,0.970
80,-1,689.8,424.5,22.5,92.8,0.949
80,-1,1839.3,697.1,80.5,186.9,0.856
80,-1,1219.2,435.6,37.3,50.8,0.542
80,-1,506.3,438.5,20.9,56.2,0.462
80,-1,1834.8,479.9,85.2,395.4,0.459
80,-1,95.9,256.6,289.9,232.6,0.424
80,-1,1799.8,295.7,118.8,360.2,0.154
80,-1,340.8,428.5,19.8,22.5,0.122
80,-1,478.2,401.8,14.3,21.3,0.118
80,-1,102.6,267.2,334.4,714.5,0.103
80,-1,1828.9,313.1,89.1,170.9,0.066
80,-1,52.8,426.5,84.7,179.3,0.065
80,-1,455.8,435.1,14.9,25.3,0.054
80,-1,461.2,424.2,17.0,36.1,0.054
80,-1,595.0,453.5,13.2,25.4,0.052
80,-1,74.7,472.9,19.2,56.1,0.050
81,-1,879.3,429.0,66.9,163.8,0.999
81,-1,821.9,413.2,40.0,122.2,0.999
81,-1,1466.7,338.0,169.4,645.0,0.998
81,-1,81.4,435.3,59.4,140.1,0.997
81,-1,18.8,419.5,80.1,191.1,0.997
81,-1,463.8,418.9,43.7,125.0,0.996
81,-1,749.6,420.4,33.6,117.7,0.995
81,-1,520.9,425.1,32.0,93.0,0.994
81,-1,1219.3,433.8,36.4,115.5,0.991
81,-1,699.0,426.1,34.7,109.9,0.991
81,-1,605.5,432.5,22.8,60.9,0.978
81,-1,1836.6,628.1,83.1,261.1,0.950
81,-1,688.4,423.7,21.1,92.8,0.909
81,-1,0.5,419.6,35.6,207.2,0.909
81,-1,80.9,266.0,300.2,231.1,0.842
81,-1,505.6,436.8,21.3,55.9,0.508
81,-1,72.5,277.9,355.5,687.7,0.201
81,-1,1.1,414.2,68.1,209.3,0.172
81,-1,594.8,431.7,11.9,45.0,0.148
81,-1,499.1,440.5,20.0,52.2,0.111
81,-1,72.9,473.6,18.4,56.6,0.091
81,-1,108.8,441.4,30.6,122.5,0.086
81,-1,1834.1,395.1,85.9,517.1,0.074
81,-1,15.5,423.4,44.4,137.3,0.073
81,-1,64.9,437.6,38.9,138.0,0.055
81,-1,68.9,467.9,18.9,47.8,0.050
82,-1,1473.9,345.6,189.9,651.2,0.999
82,-1,821.2,412.1,39.9,121.6,0.998
82,-1,877.0,428.1,65.5,163.0,0.998
82,-1,75.2,429.6,61.4,143.1,0.997
82,-1,12.1,415.3,85.8,193.2,0.997
82,-1,1217.0,430.7,39.0,118.2,0.997
82,-1,454.6,414.0,48.0,123.2,0.992
82,-1,521.8,425.6,29.7,88.1,0.991
82,-1,745.1,416.8,36.9,116.6,0.986
82,-1,699.4,423.2,31.9,112.0,0.985
82,-1,603.8,429.3,22.9,62.6,0.975
82,-1,1836.2,613.2,83.7,282.1,0.967
82,-1,0.2,430.9,28.8,189.6,0.913
82,-1,686.0,420.7,21.3,92.7,0.903
82,-1,90.6,248.2,290.0,240.4,0.780
82,-1,499.3,440.2,23.2,49.5,0.487
82,-1,94.5,236.9,316.9,749.0,0.293
82,-1,507.0,433.6,21.5,57.6,0.221
82,-1,590.1,448.1,15.8,27.1,0.103
82,-1,424.5,421.0,17.2,28.6,0.095
82,-1,66.0,464.9,20.9,55.0,0.068
82,-1,494.1,442.1,20.0,52.3,0.059
82,-1,1806.0,294.2,112.3,362.7,0.057
83,-1,1488.1,341.2,201.4,668.6,0.998
83,-1,873.9,428.0,66.1,162.1,0.998
83,-1,1216.2,430.2,33.7,117.6,0.998
83,-1,75.1,426.2,58.8,145.0,0.998
83,-1,821.6,411.8,37.7,119.3,0.998
83,-1,8.4,415.2,80.4,196.5,0.998
83,-1,747.2,416.0,33.9,116.2,0.994
83,-1,520.2,424.8,30.9,87.5,0.993
83,-1,455.3,412.0,44.8,129.1,0.993
83,-1,697.2,421.1,32.5,111.5,0.993
83,-1,602.5,425.2,21.7,65.1,0.979
83,-1,1837.8,607.0,82.1,290.1,0.956
83,-1,684.3,418.7,18.5,89.5,0.831
83,-1,687.8,420.5,29.8,102.0,0.728
83,-1,499.1,438.5,21.5,48.7,0.702
83,-1,0.2,427.5,19.1,196.6,0.568
83,-1,1803.3,308.7,112.4,357.0,0.538
83,-1,492.6,437.8,18.8,48.6,0.289
83,-1,66.8,288.8,311.2,197.3,0.268
83,-1,505.3,432.3,22.9,56.3,0.230
83,-1,1.0,425.4,38.1,196.1,0.193
83,-1,770.8,446.5,14.8,46.1,0.099
83,-1,61.7,440.7,25.9,91.4,0.087
83,-1,1792.8,494.7,114.8,170.2,0.083
83,-1,913.9,436.2,24.1,60.9,0.068
83,-1,1834.6,317.5,84.8,183.3,0.053
83,-1,1807.8,159.8,112.2,713.2,0.051
84,-1,1496.0,343.7,239.6,681.0,0.999
84,-1,871.6,426.6,61.1,162.4,0.998
84,-1,4.5,410.8,84.5,198.1,0.998
84,-1,816.0,411.2,42.9,120.4,0.998
84,-1,72.6,426.8,58.9,140.3,0.997
84,-1,1215.7,427.4,37.6,119.1,0.997
84,-1,453.5,411.0,43.8,127.4,0.996
84,-1,692.3,419.3,33.7,112.1,0.993
84,-1,743.4,414.4,34.4,117.8,0.992
84,-1,517.5,420.9,33.1,91.2,0.989
84,-1,600.7,420.9,21.5,67.8,0.955
84,-1,1841.2,515.3,78.1,382.6,0.863
84,-1,683.3,418.3,18.0,83.1,0.857
84,-1,27.2,243.6,350.6,247.5,0.697
84,-1,494.7,431.7,24.4,54.7,0.690
84,-1,499.9,420.2,27.2,66.8,0.385
84,-1,510.9,419.8,25.8,79.3,0.366
84,-1,25.8,235.7,373.6,783.7,0.284
84,-1,0.2,441.8,16.0,105.3,0.233
84,-1,2.5,417.6,44.0,166.5,0.154
84,-1,770.2,447.4,14.1,43.1,0.105
84,-1,1848.8,197.9,71.2,736.1,0.093
84,-1,58.6,443.3,25.5,75.7,0.065
84,-1,589.3,425.0,12.7,45.3,0.064
85,-1,1512.7,343.1,259.1,717.2,0.999
85,-1,865.6,423.5,63.8,163.6,0.999
85,-1,0.0,409.5,76.2,195.4,0.998
85,-1,815.5,410.4,42.8,121.2,0.998
85,-1,70.5,426.1,56.4,138.8,0.997
85,-1,1213.6,426.2,35.8,119.0,0.997
85,-1,737.9,413.8,34.6,116.1,0.995
85,-1,514.7,424.3,38.2,89.3,0.993
85,-1,686.1,420.6,35.0,111.8,0.992
85,-1,446.5,412.6,46.3,122.7,0.988
85,-1,597.0,423.1,22.0,64.9,0.986
85,-1,1852.0,506.6,68.0,395.2,0.886
85,-1,494.8,437.3,20.4,48.0,0.795
85,-1,488.5,437.2,19.1,47.7,0.734
85,-1,1831.5,270.3,88.5,628.2,0.708
85,-1,678.9,418.5,20.0,89.8,0.625
85,-1,1804.8,311.7,109.8,352.0,0.623
85,-1,446.1,415.3,37.7,67.3,0.458
85,-1,479.6,442.3,18.3,43.2,0.382
85,-1,1843.6,314.2,76.4,188.3,0.219
85,-1,0.2,412.5,30.6,167.2,0.121
85,-1,506.5,433.7,20.6,59.8,0.087
85,-1,424.6,425.1,16.6,24.4,0.081
85,-1,11.6,260.5,381.3,434.9,0.061
85,-1,1799.5,452.8,95.8,211.7,0.061
85,-1,49.3,447.2,20.7,72.9,0.058
85,-1,57.2,274.7,325.5,209.4,0.051
85,-1,588.3,426.8,12.3,43.3,0.051
86,-1,1521.4,340.7,265.6,732.6,0.999
86,-1,864.7,420.7,64.6,162.9,0.999
86,-1,0.0,411.1,72.2,193.3,0.999
86,-1,69.5,425.6,59.0,136.8,0.998
86,-1,814.9,410.5,43.5,120.2,0.998
86,-1,737.6,413.1,34.4,115.5,0.996
86,-1,686.0,419.2,35.0,111.6,0.996
86,-1,1213.5,427.0,37.0,115.7,0.992
86,-1,516.1,422.1,38.1,92.5,0.991
86,-1,442.0,413.9,48.0,118.3,0.987
86,-1,1863.6,475.4,56.3,431.8,0.984
86,-1,595.9,422.6,23.2,63.5,0.980
86,-1,493.4,437.0,21.2,47.4,0.786
86,-1,678.9,416.0,20.5,89.4,0.599
86,-1,1821.0,317.7,95.5,342.5,0.412
86,-1,442.8,415.9,32.3,65.6,0.359
86,-1,1806.2,445.7,93.1,218.3,0.260
86,-1,480.9,443.6,17.5,40.8,0.256
86,-1,47.0,432.0,25.2,102.5,0.127
86,-1,506.2,433.4,17.6,53.0,0.106
86,-1,0.6,410.0,32.6,177.8,0.099
86,-1,1845.1,340.0,74.1,142.8,0.092
86,-1,467.9,418.4,24.0,63.6,0.086
86,-1,510.9,428.9,20.2,74.3,0.082
86,-1,1855.5,344.3,62.9,404.3,0.077
86,-1,471.3,421.2,15.0,50.0,0.063
86,-1,4.9,239.5,337.9,244.5,0.052
87,-1,1527.7,335.0,263.6,739.8,0.999
87,-1,859.5,420.3,63.0,164.0,0.999
87,-1,0.6,409.8,68.4,201.0,0.997
87,-1,65.6,427.0,58.9,132.9,0.997
87,-1,815.0,408.9,43.3,122.8,0.997
87,-1,737.4,412.5,32.0,115.5,0.997
87,-1,1214.4,425.1,36.5,119.2,0.996
87,-1,685.3,420.0,34.4,110.6,0.993
87,-1,593.5,423.7,24.8,63.4,0.993
87,-1,1858.3,431.5,61.5,474.9,0.978
87,-1,514.5,424.8,37.1,86.7,0.977
87,-1,438.9,403.3,47.8,128.7,0.972
87,-1,495.8,437.2,17.6,47.7,0.761
87,-1,677.1,417.1,20.9,88.4,0.727
87,-1,489.4,440.3,18.1,44.6,0.609
87,-1,438.1,414.7,33.9,66.1,0.418
87,-1,1826.6,312.8,86.6,340.0,0.284
87,-1,513.1,432.9,23.3,73.9,0.284
87,-1,506.3,433.3,16.2,52.9,0.277
87,-1,484.8,438.7,16.2,43.4,0.259
87,-1,475.2,440.2,19.2,44.0,0.218
87,-1,466.0,423.5,22.8,106.5,0.189
87,-1,1817.5,417.4,100.9,376.3,0.173
87,-1,1848.7,311.6,70.8,160.7,0.160
87,-1,471.1,425.5,19.5,53.9,0.140
87,-1,469.6,423.1,14.9,33.5,0.132
87,-1,421.2,427.5,21.7,37.1,0.091
87,-1,1816.4,458.8,82.6,207.6,0.090
87,-1,899.2,434.1,23.0,50.7,0.074
87,-1,353.2,427.8,10.0,21.3,0.070
87,-1,473.6,428.2,14.2,27.3,0.065
87,-1,1856.7,413.7,58.6,67.8,0.061
87,-1,1.6,408.2,34.8,199.8,0.059
87,-1,347.1,427.0,12.0,24.9,0.053
88,-1,1544.5,334.8,245.1,738.4,0.999
88,-1,856.5,419.5,65.0,162.9,0.998
88,-1,0.1,415.7,64.9,192.4,0.998
88,-1,814.3,410.3,44.5,122.1,0.997
88,-1,64.0,423.6,57.8,126.0,0.997
88,-1,732.4,412.6,33.9,116.2,0.994
88,-1,1213.1,427.3,36.6,115.7,0.993
88,-1,593.1,423.8,24.1,62.2,0.990
88,-1,681.7,418.8,36.4,111.8,0.986
88,-1,514.3,433.0,33.8,77.4,0.967
88,-1,1865.0,427.1,54.5,476.2,0.959
88,-1,429.1,404.2,55.3,135.1,0.946
88,-1,427.5,404.6,42.6,75.2,0.804
88,-1,342.1,427.1,15.9,33.7,0.757
88,-1,2.7,226.5,278.9,248.7,0.614
88,-1,487.8,436.9,23.9,47.6,0.569
88,-1,1838.4,376.2,69.8,280.2,0.452
88,-1,461.2,415.8,23.0,39.6,0.422
88,-1,465.8,421.6,30.4,64.1,0.419
88,-1,1851.1,311.9,68.8,158.3,0.369
88,-1,678.3,416.8,18.2,88.7,0.329
88,-1,289.5,746.3,47.9,89.6,0.255
88,-1,476.1,442.5,22.6,42.1,0.253
88,-1,454.7,414.1,29.9,117.4,0.238
88,-1,503.3,437.1,19.9,50.0,0.214
88,-1,37.9,431.9,28.0,104.6,0.174
88,-1,352.9,431.3,14.4,39.6,0.168
88,-1,464.1,426.9,23.7,83.5,0.139
88,-1,1837.4,467.1,51.4,190.3,0.121
88,-1,29.2,430.1,39.1,153.5,0.117
88,-1,468.4,426.4,21.9,43.7,0.095
88,-1,422.0,414.5,27.9,51.8,0.093
88,-1,1859.4,401.5,57.6,75.8,0.086
88,-1,44.1,429.9,35.9,137.4,0.070
88,-1,45.0,448.1,19.7,72.0,0.057
88,-1,0.4,416.8,22.1,173.8,0.055
88,-1,760.1,438.2,15.9,57.9,0.054
89,-1,1567.8,328.6,229.5,747.6,0.998
89,-1,856.8,417.4,63.3,164.1,0.996
89,-1,815.1,407.1,43.3,123.0,0.988
89,-1,64.0,424.0,58.3,93.5,0.984
89,-1,0.1,414.9,52.3,186.6,0.982
89,-1,1856.6,417.3,63.3,486.2,0.963
89,-1,731.3,411.4,36.1,99.2,0.960
89,-1,1217.7,425.4,40.8,118.9,0.940
89,-1,27.0,423.7,43.9,172.2,0.790
89,-1,683.4,416.0,33.0,81.8,0.626
89,-1,581.9,425.8,33.9,48.5,0.550
89,-1,430.2,420.9,43.0,56.5,0.544
89,-1,477.7,430.6,45.9,53.2,0.417
89,-1,37.0,427.5,30.9,99.7,0.289
89,-1,516.6,432.7,34.6,72.4,0.288
89,-1,430.7,419.5,56.1,122.6,0.253
89,-1,438.4,397.7,38.4,72.4,0.117
89,-1,489.5,437.5,50.8,49.0,0.102
89,-1,0.4,409.6,23.2,188.1,0.091
89,-1,964.4,385.5,43.9,104.4,0.088
89,-1,46.5,422.1,73.2,152.2,0.073
89,-1,24.9,432.3,33.3,122.2,0.058
89,-1,819.6,415.0,34.8,76.0,0.057
89,-1,89.4,428.7,35.6,77.5,0.054
89,-1,1867.4,402.9,52.6,74.5,0.050
90,-1,1620.0,316.9,222.1,757.7,0.999
90,-1,853.1,419.7,65.5,165.8,0.999
90,-1,1215.8,427.1,37.5,120.6,0.996
90,-1,0.1,408.9,49.3,201.1,0.996
90,-1,817.5,410.8,43.0,122.3,0.995
90,-1,727.0,414.1,35.3,113.3,0.995
90,-1,62.9,431.3,52.3,87.0,0.994
90,-1,681.2,418.2,34.6,114.2,0.982
90,-1,425.3,407.5,47.9,73.8,0.982
90,-1,592.3,424.2,25.6,63.2,0.970
90,-1,516.0,430.3,36.4,81.8,0.970
90,-1,326.9,424.2,32.6,67.6,0.953
90,-1,1855.7,409.7,64.3,410.5,0.948
90,-1,322.9,422.2,22.7,41.6,0.867
90,-1,506.2,441.0,23.0,45.8,0.663
90,-1,495.3,439.4,19.3,44.6,0.634
90,-1,313.6,426.0,13.4,28.1,0.625
90,-1,755.3,433.6,19.8,72.3,0.590
90,-1,488.3,442.0,19.0,41.6,0.576
90,-1,369.8,441.1,15.4,39.5,0.541
90,-1,345.9,429.0,21.0,58.1,0.504
90,-1,1865.0,404.2,54.0,187.9,0.350
90,-1,263.9,735.9,53.2,110.7,0.347
90,-1,353.3,431.3,15.8,45.9,0.311
90,-1,8.5,223.9,260.3,288.1,0.302
90,-1,341.4,426.1,22.1,43.5,0.278
90,-1,1868.1,404.7,51.9,84.4,0.261
90,-1,307.7,420.6,16.4,33.0,0.205
90,-1,477.8,445.3,19.5,37.6,0.160
90,-1,355.6,431.0,26.1,51.1,0.133
90,-1,316.9,416.9,20.6,38.6,0.106
90,-1,391.9,430.9,13.5,19.5,0.094
90,-1,17.5,422.8,54.1,183.0,0.079
90,-1,1861.4,343.1,54.7,137.4,0.076
90,-1,26.0,433.9,89.6,146.6,0.060
91,-1,1641.3,314.0,230.8,755.8,0.999
91,-1,853.5,418.9,65.2,165.7,0.998
91,-1,820.5,405.7,42.0,124.4,0.993
91,-1,728.2,412.8,40.8,115.8,0.993
91,-1,0.2,410.7,48.1,201.9,0.985
91,-1,1216.7,425.8,41.3,117.8,0.979
91,-1,681.2,416.4,36.4,115.2,0.972
91,-1,588.5,389.0,31.4,95.8,0.907
91,-1,328.6,422.6,33.3,77.8,0.893
91,-1,1859.1,408.4,60.9,398.9,0.889
91,-1,520.8,435.5,31.0,70.6,0.697
91,-1,431.0,427.6,28.8,50.8,0.681
91,-1,483.7,437.3,34.8,45.2,0.548
91,-1,1213.5,426.0,42.0,52.5,0.545
91,-1,6.6,219.0,235.2,262.4,0.503
91,-1,753.2,420.3,23.5,87.6,0.486
91,-1,532.3,425.2,23.7,67.5,0.450
91,-1,1867.1,312.7,52.3,159.5,0.393
91,-1,507.8,438.8,38.3,51.9,0.353
91,-1,257.4,696.5,57.2,149.8,0.344
91,-1,313.3,424.5,19.3,37.9,0.336
91,-1,28.7,426.7,48.5,93.3,0.329
91,-1,1842.0,390.1,78.0,634.1,0.301
91,-1,326.4,421.8,27.1,45.1,0.300
91,-1,0.0,412.7,54.6,100.5,0.214
91,-1,305.9,423.0,18.5,32.8,0.197
91,-1,456.1,439.9,23.8,31.8,0.181
91,-1,243.8,606.4,73.0,251.5,0.171
91,-1,426.0,407.1,46.1,72.4,0.155
91,-1,371.8,432.0,15.4,47.5,0.150
91,-1,498.0,438.5,26.1,43.5,0.146
91,-1,344.2,426.8,20.5,53.9,0.130
91,-1,477.2,441.1,23.3,40.3,0.128
91,-1,1882.3,403.9,37.7,83.7,0.077
91,-1,322.0,422.8,22.8,61.2,0.075
91,-1,1864.5,410.7,55.5,196.6,0.073
91,-1,0.1,409.0,22.7,193.7,0.068
91,-1,316.2,417.7,23.0,38.2,0.067
91,-1,1162.3,424.7,97.2,139.3,0.065
91,-1,475.1,431.5,21.8,40.1,0.060
91,-1,466.4,440.1,19.0,33.0,0.056
91,-1,473.8,423.0,52.6,63.1,0.051
92,-1,1659.5,302.4,246.6,772.6,0.999
92,-1,854.6,420.2,63.9,163.8,0.998
92,-1,823.0,407.1,40.0,122.4,0.994
92,-1,730.3,412.3,39.1,117.4,0.993
92,-1,683.5,413.8,38.6,119.1,0.990
92,-1,1218.9,426.7,39.7,119.5,0.989
92,-1,324.9,420.7,33.1,86.9,0.987
92,-1,425.9,405.6,34.6,74.1,0.986
92,-1,594.6,423.0,26.4,63.8,0.975
92,-1,525.8,429.2,31.4,76.4,0.950
92,-1,6.9,217.5,228.3,259.9,0.937
92,-1,0.9,414.4,47.2,198.9,0.915
92,-1,513.8,440.2,21.4,45.6,0.908
92,-1,1864.8,383.4,55.2,542.7,0.823
92,-1,493.8,437.7,18.3,44.0,0.795
92,-1,312.3,422.8,21.2,53.9,0.791
92,-1,755.0,423.9,24.0,91.1,0.737
92,-1,481.7,440.2,18.2,40.5,0.733
92,-1,500.2,436.9,18.4,46.9,0.674
92,-1,349.8,424.2,17.3,73.5,0.573
92,-1,302.7,422.0,21.5,49.6,0.536
92,-1,298.6,414.4,20.7,41.2,0.529
92,-1,1868.1,408.9,51.9,195.4,0.512
92,-1,1874.5,342.4,45.2,125.8,0.469
92,-1,5.3,425.7,65.6,147.2,0.413
92,-1,289.6,416.5,12.1,22.4,0.367
92,-1,1219.0,425.6,39.2,53.3,0.361
92,-1,461.9,425.2,17.7,40.1,0.344
92,-1,22.6,427.7,49.6,95.4,0.318
92,-1,314.4,418.1,19.3,35.8,0.230
92,-1,468.7,429.1,13.1,38.4,0.214
92,-1,297.1,418.1,14.7,32.4,0.189
92,-1,295.1,405.0,18.8,32.5,0.184
92,-1,373.6,438.8,14.5,41.3,0.168
92,-1,476.7,436.2,17.4,40.3,0.127
92,-1,321.9,421.0,22.2,43.4,0.114
92,-1,290.8,403.1,18.9,26.7,0.107
92,-1,480.9,428.2,13.3,27.2,0.104
92,-1,471.3,420.9,15.4,46.4,0.093
92,-1,473.0,437.1,12.2,36.7,0.069
92,-1,1813.1,362.3,96.6,534.4,0.067
92,-1,293.6,413.6,14.8,31.1,0.060
92,-1,233.8,395.4,23.1,27.2,0.056
92,-1,426.2,407.9,40.0,128.3,0.053
92,-1,0.7,413.0,16.4,201.5,0.052
93,-1,1680.2,300.8,234.5,772.9,0.998
93,-1,855.1,420.1,62.2,161.2,0.995
93,-1,826.7,406.2,42.4,120.8,0.995
93,-1,682.4,409.5,41.6,122.3,0.988
93,-1,729.1,411.5,36.8,110.4,0.975
93,-1,596.2,421.9,26.7,63.6,0.961
93,-1,1223.2,424.0,50.9,119.7,0.958
93,-1,531.2,424.1,30.4,76.2,0.828
93,-1,753.8,417.2,25.2,98.8,0.828
93,-1,0.1,420.0,45.0,176.7,0.811
93,-1,428.8,403.4,32.4,75.3,0.774
93,-1,323.4,418.6,34.4,84.6,0.765
93,-1,301.4,420.4,30.2,73.7,0.678
93,-1,506.7,421.6,25.1,59.5,0.542
93,-1,592.6,395.8,26.1,82.0,0.480
93,-1,539.5,424.6,20.8,49.5,0.470
93,-1,430.0,397.2,57.7,80.1,0.441
93,-1,1881.8,408.7,38.2,168.0,0.433
93,-1,372.4,425.6,14.8,52.6,0.419
93,-1,492.2,433.2,24.8,48.7,0.392
93,-1,1886.9,411.1,33.1,327.5,0.344
93,-1,521.8,429.9,30.1,65.4,0.342
93,-1,515.0,425.3,28.1,57.7,0.329
93,-1,429.3,425.0,23.0,52.0,0.299
93,-1,1844.4,424.1,75.6,432.5,0.287
93,-1,351.3,424.9,18.2,52.3,0.218
93,-1,1814.5,327.7,105.5,742.5,0.193
93,-1,443.1,413.7,61.8,66.9,0.174
93,-1,478.9,428.8,24.1,51.7,0.156
93,-1,7.1,428.1,64.5,105.9,0.150
93,-1,289.2,411.4,25.9,27.6,0.138
93,-1,1879.4,363.2,40.6,140.6,0.135
93,-1,471.1,417.4,53.7,65.5,0.120
93,-1,1875.7,384.6,43.9,622.6,0.117
93,-1,309.2,421.7,22.3,36.8,0.112
93,-1,344.0,422.6,21.9,74.0,0.102
93,-1,297.9,416.0,30.8,47.5,0.099
93,-1,845.4,413.6,24.7,108.3,0.096
93,-1,463.2,425.3,21.3,37.0,0.089
93,-1,1333.3,428.3,50.3,120.1,0.074
93,-1,520.0,422.0,18.1,47.4,0.073
93,-1,356.1,422.0,23.5,56.1,0.068
93,-1,531.0,414.5,19.0,15.5,0.066
93,-1,332.5,419.5,25.2,53.0,0.065
93,-1,1172.6,425.1,83.9,133.8,0.062
93,-1,514.4,417.4,17.7,24.6,0.058
94,-1,1701.2,297.4,213.2,776.0,0.999
94,-1,857.2,418.2,61.0,162.5,0.995
94,-1,1226.4,423.1,44.0,116.8,0.995
94,-1,828.5,402.9,43.1,122.7,0.990
94,-1,729.7,408.9,39.4,113.7,0.989
94,-1,684.0,409.9,38.3,112.5,0.980
94,-1,535.9,422.0,29.4,77.1,0.965
94,-1,426.0,404.2,32.9,72.5,0.962
94,-1,597.0,416.4,28.2,64.7,0.951
94,-1,0.0,421.5,44.2,128.2,0.941
94,-1,757.3,418.8,24.6,96.1,0.932
94,-1,327.1,416.3,33.7,86.7,0.879
94,-1,301.9,418.1,30.9,81.8,0.789
94,-1,519.7,430.5,19.6,47.2,0.703
94,-1,290.1,427.4,21.9,38.4,0.665
94,-1,309.9,413.7,40.3,88.8,0.613
94,-1,373.4,414.6,16.5,60.6,0.598
94,-1,495.1,429.7,23.8,49.9,0.582
94,-1,1223.7,422.3,43.0,57.4,0.544
94,-1,342.0,416.4,21.3,79.3,0.327
94,-1,304.8,418.0,26.4,44.9,0.300
94,-1,483.6,420.1,43.0,60.2,0.274
94,-1,481.3,426.9,22.1,51.0,0.266
94,-1,316.0,418.0,18.6,32.5,0.235
94,-1,508.7,431.7,21.6,47.5,0.212
94,-1,466.4,425.6,19.1,35.3,0.163
94,-1,279.8,428.0,20.4,35.5,0.149
94,-1,516.0,414.1,21.3,41.1,0.137
94,-1,298.1,411.6,26.8,43.6,0.130
94,-1,1849.7,390.9,70.3,660.5,0.129
94,-1,850.2,428.8,26.5,95.5,0.112
94,-1,335.3,414.8,25.6,48.4,0.101
94,-1,287.5,410.8,27.1,31.0,0.092
94,-1,297.6,405.3,24.7,32.5,0.076
94,-1,477.0,414.7,22.0,48.6,0.072
94,-1,1880.1,331.1,39.9,500.1,0.065
94,-1,843.8,412.9,52.3,144.6,0.065
94,-1,594.9,416.8,18.0,53.6,0.061
94,-1,1890.7,348.3,29.3,125.9,0.058
95,-1,1750.0,297.0,168.7,778.6,0.998
95,-1,1229.0,415.6,39.5,120.4,0.996
95,-1,731.0,401.8,32.6,119.1,0.996
95,-1,857.4,414.3,56.6,162.8,0.993
95,-1,684.9,405.8,37.1,115.5,0.988
95,-1,832.1,398.2,38.4,126.4,0.986
95,-1,419.9,398.8,35.1,71.9,0.983
95,-1,542.0,415.7,26.1,69.6,0.982
95,-1,285.0,428.1,18.2,51.0,0.965
95,-1,327.1,413.1,31.9,85.9,0.958
95,-1,599.5,414.9,26.7,64.5,0.950
95,-1,0.3,421.5,27.2,111.1,0.942
95,-1,753.5,406.1,28.9,105.3,0.936
95,-1,520.8,425.9,20.7,50.8,0.936
95,-1,307.0,426.7,16.7,55.5,0.871
95,-1,373.9,416.4,18.8,55.8,0.831
95,-1,500.5,427.9,21.9,47.6,0.821
95,-1,485.6,429.8,18.3,43.0,0.788
95,-1,468.7,418.9,18.1,38.0,0.776
95,-1,316.3,414.0,19.8,76.5,0.773
95,-1,291.9,426.9,18.5,52.9,0.638
95,-1,319.2,415.5,15.6,46.4,0.635
95,-1,0.7,198.6,192.2,282.9,0.504
95,-1,299.6,426.7,17.6,54.3,0.346
95,-1,467.0,416.4,17.3,26.6,0.183
95,-1,494.3,425.0,17.6,42.1,0.171
95,-1,483.2,421.7,18.2,39.1,0.155
95,-1,330.2,412.3,24.1,37.2,0.148
95,-1,4.5,179.0,199.7,854.8,0.104
95,-1,485.3,419.3,14.7,27.6,0.097
95,-1,354.4,411.8,36.8,89.8,0.089
95,-1,322.5,411.9,20.2,58.2,0.077
95,-1,407.9,402.4,26.4,49.7,0.062
95,-1,256.9,400.2,14.4,16.2,0.052
96,-1,1772.0,296.6,145.1,778.0,0.998
96,-1,857.8,409.9,53.6,162.5,0.996
96,-1,1229.7,414.3,41.2,117.8,0.995
96,-1,724.8,400.4,40.5,117.7,0.991
96,-1,834.7,393.6,34.4,124.2,0.985
96,-1,684.7,400.6,37.0,118.1,0.984
96,-1,542.2,411.4,26.8,73.1,0.963
96,-1,423.0,398.4,29.0,69.8,0.954
96,-1,600.7,409.9,25.0,64.4,0.946
96,-1,756.4,416.8,28.9,82.2,0.887
96,-1,282.0,421.7,25.1,54.5,0.871
96,-1,326.4,409.3,32.1,84.9,0.750
96,-1,524.3,419.5,18.1,51.3,0.742
96,-1,743.7,404.3,35.1,110.6,0.715
96,-1,373.1,415.8,16.3,52.1,0.699
96,-1,498.2,426.1,18.4,45.3,0.669
96,-1,486.4,422.4,17.9,47.6,0.432
96,-1,316.8,410.5,18.7,32.5,0.403
96,-1,3.3,200.8,175.4,326.4,0.395
96,-1,0.0,413.5,24.6,124.0,0.344
96,-1,509.8,428.0,16.6,42.8,0.342
96,-1,304.0,423.2,19.8,55.0,0.314
96,-1,314.4,407.9,24.7,72.7,0.240
96,-1,470.5,414.5,16.7,36.3,0.167
96,-1,349.2,415.0,17.3,63.3,0.158
96,-1,306.7,414.1,24.2,57.3,0.141
96,-1,485.8,416.5,17.0,29.7,0.118
96,-1,492.2,421.9,19.4,43.3,0.089
96,-1,0.0,373.2,25.8,247.9,0.084
96,-1,290.1,417.2,26.3,49.5,0.081
96,-1,328.6,410.1,27.7,43.3,0.075
96,-1,478.5,432.4,14.3,31.8,0.071
96,-1,1783.6,295.9,136.4,375.0,0.060
96,-1,244.2,384.4,20.2,18.7,0.057
96,-1,344.4,414.6,19.2,42.7,0.051
96,-1,293.4,398.2,26.7,31.5,0.050
97,-1,1777.0,385.5,142.7,694.5,0.999
97,-1,1230.1,411.1,42.8,117.6,0.996
97,-1,727.3,395.9,34.7,119.1,0.995
97,-1,845.8,405.9,63.0,163.1,0.994
97,-1,416.0,392.6,33.7,72.4,0.991
97,-1,685.1,398.2,39.7,117.9,0.989
97,-1,834.1,390.4,37.3,128.0,0.979
97,-1,543.6,411.7,30.0,66.1,0.953
97,-1,755.2,398.5,30.7,105.7,0.948
97,-1,602.6,407.4,24.0,63.9,0.946
97,-1,324.2,403.5,32.1,89.2,0.920
97,-1,284.7,419.8,20.6,54.3,0.908
97,-1,521.4,420.4,21.5,48.1,0.829
97,-1,372.8,409.9,18.0,55.6,0.819
97,-1,502.2,423.5,19.9,45.0,0.799
97,-1,307.2,419.5,16.2,54.2,0.586
97,-1,488.8,422.9,17.1,41.7,0.558
97,-1,471.7,412.0,16.9,39.1,0.486
97,-1,312.3,403.9,22.0,73.9,0.474
97,-1,338.7,405.4,20.8,83.0,0.436
97,-1,317.8,405.9,16.2,33.3,0.315
97,-1,497.6,420.7,18.3,43.5,0.289
97,-1,348.2,406.4,14.9,78.2,0.205
97,-1,1835.2,393.8,82.2,89.2,0.172
97,-1,410.0,399.8,25.5,51.5,0.140
97,-1,295.6,417.0,18.5,47.9,0.121
97,-1,486.0,418.8,15.1,36.2,0.093
97,-1,0.4,203.7,172.8,342.8,0.092
97,-1,308.0,408.9,20.7,51.7,0.089
97,-1,1797.8,396.0,119.6,371.5,0.072
97,-1,326.8,406.2,25.5,39.8,0.065
97,-1,394.2,408.4,13.9,26.0,0.065
97,-1,385.0,406.9,14.3,29.5,0.064
97,-1,294.3,405.6,21.1,37.7,0.063
97,-1,1786.7,420.2,79.8,453.6,0.062
97,-1,468.4,409.0,17.2,28.0,0.061
97,-1,1787.4,657.1,69.3,217.9,0.058
97,-1,291.5,402.6,25.3,22.6,0.057
97,-1,477.7,422.5,15.2,34.8,0.055
97,-1,299.6,400.3,23.1,37.7,0.052
97,-1,337.4,405.4,23.5,37.9,0.052
98,-1,727.8,393.8,33.6,120.1,0.996
98,-1,1787.6,403.1,132.3,610.6,0.995
98,-1,414.5,392.0,33.6,71.5,0.991
98,-1,846.2,403.5,59.5,163.5,0.989
98,-1,1233.1,407.7,40.0,120.2,0.988
98,-1,684.5,395.8,35.8,118.2,0.987
98,-1,835.7,388.3,32.2,125.9,0.980
98,-1,545.7,409.1,28.4,66.2,0.977
98,-1,284.8,419.0,20.4,54.2,0.966
98,-1,324.0,403.3,30.8,88.3,0.962
98,-1,601.8,407.7,24.4,61.6,0.956
98,-1,756.4,397.2,28.0,100.9,0.928
98,-1,500.9,419.9,22.5,46.5,0.842
98,-1,522.5,417.0,20.1,51.2,0.839
98,-1,370.1,410.0,21.2,56.3,0.763
98,-1,306.3,418.5,16.6,52.7,0.716
98,-1,487.1,419.3,19.1,46.2,0.689
98,-1,312.3,405.4,20.9,66.5,0.501
98,-1,316.0,405.8,17.2,32.0,0.478
98,-1,473.1,411.6,18.4,40.0,0.426
98,-1,271.3,406.0,17.5,64.7,0.262
98,-1,1826.2,367.9,92.9,481.0,0.196
98,-1,0.1,218.2,164.5,286.8,0.155
98,-1,291.9,417.5,20.1,52.9,0.151
98,-1,396.1,401.7,19.1,30.0,0.146
98,-1,384.9,405.4,14.5,30.1,0.127
98,-1,338.2,404.2,19.7,81.9,0.120
98,-1,444.1,399.4,16.2,33.0,0.114
98,-1,298.6,413.2,19.2,57.0,0.109
98,-1,867.3,407.4,42.5,128.2,0.092
98,-1,478.9,410.7,20.3,42.6,0.072
98,-1,391.1,403.1,15.3,32.2,0.067
98,-1,328.7,402.3,21.8,31.2,0.061
98,-1,291.9,403.0,23.8,23.3,0.060
98,-1,307.2,403.0,22.2,35.1,0.059
98,-1,351.6,394.4,40.0,151.1,0.053
98,-1,374.8,406.3,15.7,36.9,0.051
99,-1,727.5,392.1,33.0,120.2,0.995
99,-1,1797.3,394.5,122.7,489.9,0.995
99,-1,843.8,401.7,59.9,163.3,0.994
99,-1,1233.1,405.0,40.2,122.1,0.992
99,-1,682.9,393.6,40.3,120.8,0.985
99,-1,754.6,396.2,29.2,105.9,0.981
99,-1,408.0,391.4,34.9,70.0,0.981
99,-1,284.5,419.0,20.9,53.0,0.966
99,-1,601.4,406.2,24.9,63.7,0.963
99,-1,545.8,409.3,29.2,66.0,0.961
99,-1,836.0,388.0,29.9,119.7,0.945
99,-1,371.3,408.5,19.0,54.7,0.918
99,-1,501.1,419.6,21.3,46.1,0.850
99,-1,324.2,399.1,31.0,92.1,0.810
99,-1,522.6,415.0,19.2,51.7,0.803
99,-1,305.2,418.8,15.5,49.6,0.673
99,-1,487.1,419.9,18.8,44.9,0.671
99,-1,472.8,410.8,17.1,40.9,0.579
99,-1,311.2,397.1,22.5,81.2,0.358
99,-1,0.9,197.2,154.0,286.5,0.274
99,-1,351.0,401.8,18.0,75.8,0.244
99,-1,515.8,418.0,18.5,49.4,0.225
99,-1,1841.7,388.8,77.8,221.1,0.200
99,-1,384.6,404.3,12.7,29.8,0.199
99,-1,324.2,399.6,24.5,37.5,0.178
99,-1,316.1,399.4,18.2,38.4,0.169
99,-1,476.0,419.9,15.8,41.1,0.151
99,-1,1856.7,466.3,62.2,231.7,0.136
99,-1,317.2,397.2,25.8,85.8,0.132
99,-1,293.0,413.2,19.7,56.8,0.122
99,-1,304.5,388.8,23.3,23.6,0.122
99,-1,485.0,414.8,16.4,39.5,0.107
99,-1,303.9,387.0,17.1,18.8,0.104
99,-1,393.6,398.7,15.3,34.3,0.093
99,-1,444.4,402.8,15.5,29.3,0.091
99,-1,284.7,408.2,22.0,42.3,0.080
99,-1,1831.5,536.5,88.5,535.6,0.065
99,-1,469.5,409.2,16.4,26.0,0.052
100,-1,1795.3,376.0,124.7,517.1,0.997
100,-1,727.6,390.8,33.2,118.0,0.994
100,-1,1237.7,403.2,41.8,123.7,0.994
100,-1,840.2,390.9,64.4,173.7,0.993
100,-1,684.2,392.8,40.0,119.4,0.982
100,-1,400.6,387.1,36.8,74.0,0.981
100,-1,755.1,393.4,27.0,97.0,0.971
100,-1,284.9,418.6,21.5,51.4,0.970
100,-1,321.4,399.0,30.7,89.5,0.949
100,-1,367.8,403.9,23.7,58.3,0.945
100,-1,549.6,404.6,26.7,67.2,0.945
100,-1,602.6,368.7,25.8,98.0,0.884
100,-1,500.6,417.6,24.1,46.4,0.845
100,-1,835.3,387.5,30.4,104.1,0.807
100,-1,520.4,413.4,24.5,50.7,0.797
100,-1,307.5,416.4,19.1,61.1,0.726
100,-1,489.0,416.5,17.8,44.8,0.584
100,-1,349.6,400.1,18.6,83.4,0.543
100,-1,473.3,408.7,20.0,40.7,0.446
100,-1,297.4,410.7,21.9,58.9,0.286
100,-1,321.0,400.9,25.3,32.4,0.191
100,-1,471.9,407.3,18.4,26.8,0.188
100,-1,512.8,418.7,18.8,44.2,0.169
100,-1,313.4,401.3,20.3,32.1,0.135
100,-1,479.0,417.6,15.3,36.4,0.097
100,-1,316.9,400.5,24.7,59.4,0.093
100,-1,870.9,400.3,33.2,62.2,0.084
100,-1,304.2,401.6,24.0,33.9,0.065
100,-1,346.8,399.2,20.8,37.6,0.064
100,-1,448.5,404.7,15.2,24.5,0.054
100,-1,294.0,401.5,24.1,31.2,0.053
101,-1,1793.4,367.4,126.6,520.3,0.997
101,-1,1237.2,403.4,40.9,123.0,0.995
101,-1,726.8,390.6,32.4,118.6,0.994
101,-1,831.6,393.5,68.8,169.7,0.993
101,-1,684.1,394.4,35.9,115.2,0.983
101,-1,284.3,418.2,21.2,51.0,0.978
101,-1,754.4,393.5,29.3,107.2,0.977
101,-1,546.8,403.4,28.0,67.6,0.970
101,-1,598.9,362.4,27.8,103.7,0.941
101,-1,312.9,394.0,36.2,93.3,0.865
101,-1,829.9,386.2,35.8,106.5,0.853
101,-1,405.2,388.5,32.6,71.9,0.822
101,-1,301.9,411.2,19.3,60.6,0.735
101,-1,367.6,407.3,19.9,54.6,0.703
101,-1,517.7,409.6,26.3,54.9,0.696
101,-1,498.8,415.1,26.0,49.4,0.689
101,-1,836.9,386.9,27.7,62.5,0.453
101,-1,486.5,415.7,20.5,44.9,0.442
101,-1,254.2,387.9,18.7,17.0,0.393
101,-1,346.7,400.4,19.7,84.6,0.327
101,-1,320.1,398.9,25.7,34.6,0.279
101,-1,470.4,407.0,20.6,41.6,0.218
101,-1,349.7,391.0,38.0,94.3,0.216
101,-1,348.9,397.3,16.6,46.6,0.175
101,-1,331.4,397.2,34.2,92.7,0.171
101,-1,316.0,399.3,27.0,60.9,0.159
101,-1,245.2,377.8,25.3,24.9,0.149
101,-1,353.9,370.7,41.1,92.6,0.147
101,-1,300.9,385.7,22.0,32.1,0.145
101,-1,852.3,396.4,50.6,121.2,0.143
101,-1,380.4,399.7,27.4,55.6,0.132
101,-1,504.3,399.8,42.9,67.4,0.114
101,-1,281.4,348.6,26.2,36.5,0.112
101,-1,292.2,416.5,19.5,53.2,0.100
101,-1,313.5,399.1,23.4,39.7,0.098
101,-1,313.3,360.5,22.4,31.1,0.096
101,-1,344.3,398.5,17.7,33.9,0.088
101,-1,304.7,388.4,22.6,42.3,0.088
101,-1,294.0,389.2,26.0,41.8,0.088
101,-1,381.1,389.5,24.3,44.0,0.086
101,-1,286.8,403.7,22.9,54.3,0.082
101,-1,334.3,394.9,18.8,32.1,0.078
101,-1,873.7,399.5,28.2,62.2,0.071
101,-1,364.8,390.2,19.4,18.8,0.069
101,-1,1843.7,366.0,74.8,427.7,0.066
101,-1,297.2,402.0,21.5,42.8,0.066
101,-1,273.1,414.8,16.3,53.3,0.065
101,-1,1853.1,376.3,66.9,176.7,0.057
101,-1,382.9,391.3,45.1,70.8,0.056
102,-1,1787.7,369.4,132.3,523.5,0.998
102,-1,725.0,390.3,32.8,117.2,0.993
102,-1,1233.1,402.6,46.4,122.9,0.992
102,-1,831.8,392.4,66.8,170.3,0.992
102,-1,685.0,395.0,34.4,114.1,0.981
102,-1,283.0,415.8,21.6,53.5,0.978
102,-1,546.6,404.0,27.3,66.9,0.972
102,-1,753.2,394.1,32.1,106.4,0.968
102,-1,310.9,399.1,33.7,85.9,0.967
102,-1,399.9,394.4,30.5,66.4,0.943
102,-1,362.4,403.3,22.0,58.3,0.933
102,-1,599.1,385.3,27.0,79.2,0.913
102,-1,835.4,385.3,32.5,76.3,0.794
102,-1,518.1,406.3,24.7,58.1,0.782
102,-1,304.8,405.0,27.2,78.7,0.702
102,-1,379.3,414.7,24.9,45.6,0.584
102,-1,300.3,407.9,21.9,68.8,0.574
102,-1,496.8,417.2,22.2,47.2,0.537
102,-1,831.0,389.2,29.1,104.1,0.528
102,-1,482.3,410.7,24.0,52.8,0.494
102,-1,317.1,400.8,22.2,32.8,0.395
102,-1,346.6,400.1,18.9,54.0,0.378
102,-1,839.4,385.7,58.1,88.0,0.369
102,-1,329.5,400.0,23.7,78.4,0.362
102,-1,850.0,386.1,14.5,17.9,0.342
102,-1,288.3,404.1,25.7,63.8,0.339
102,-1,316.1,397.8,24.6,60.6,0.280
102,-1,339.7,399.8,17.4,45.7,0.229
102,-1,502.6,409.5,28.0,55.3,0.228
102,-1,846.1,385.7,34.9,52.8,0.226
102,-1,860.1,397.4,38.4,58.7,0.205
102,-1,505.7,396.3,43.6,70.7,0.200
102,-1,242.5,377.1,25.3,25.6,0.178
102,-1,300.8,403.2,20.9,33.1,0.171
102,-1,469.2,402.7,20.7,46.5,0.166
102,-1,380.7,400.5,20.2,33.1,0.161
102,-1,529.7,404.8,22.5,58.6,0.105
102,-1,253.6,386.4,19.7,17.9,0.098
102,-1,840.9,385.7,23.9,38.4,0.094
102,-1,307.9,399.9,18.5,34.7,0.077
102,-1,344.5,398.3,36.8,86.6,0.069
102,-1,482.3,396.7,40.2,69.4,0.060
102,-1,385.8,401.2,26.1,56.6,0.056
102,-1,345.4,397.4,14.8,35.0,0.055
102,-1,376.1,399.9,15.3,35.7,0.052
103,-1,1765.2,370.5,154.8,526.3,0.999
103,-1,721.8,388.1,39.5,121.8,0.995
103,-1,830.5,388.1,66.3,171.9,0.992
103,-1,678.7,392.8,39.8,116.5,0.985
103,-1,598.0,364.2,27.8,99.1,0.971
103,-1,1234.2,401.4,43.5,122.1,0.969
103,-1,544.9,402.2,30.1,66.4,0.948
103,-1,750.7,392.1,33.6,108.0,0.948
103,-1,396.3,387.7,34.9,72.7,0.856
103,-1,277.1,411.2,24.2,56.3,0.844
103,-1,304.4,393.9,35.6,90.4,0.830
103,-1,514.9,403.5,29.6,59.0,0.713
103,-1,361.0,402.6,19.5,58.1,0.585
103,-1,480.5,408.7,32.4,53.6,0.580
103,-1,829.8,381.0,51.7,101.2,0.547
103,-1,303.9,415.1,23.8,67.1,0.535
103,-1,374.0,391.3,30.9,68.6,0.517
103,-1,1235.0,401.4,41.9,51.5,0.508
103,-1,495.4,415.2,23.4,46.6,0.500
103,-1,407.4,413.2,21.6,44.5,0.315
103,-1,848.5,383.1,14.1,17.7,0.292
103,-1,525.6,394.6,35.6,72.2,0.258
103,-1,465.9,410.9,24.0,47.9,0.248
103,-1,392.9,404.8,25.0,53.9,0.231
103,-1,503.0,409.2,27.3,53.0,0.227
103,-1,755.8,389.9,14.8,22.6,0.194
103,-1,846.4,383.1,30.8,48.6,0.187
103,-1,840.6,382.8,54.1,73.7,0.173
103,-1,471.4,426.1,19.1,37.4,0.173
103,-1,272.7,389.2,39.5,77.8,0.161
103,-1,1178.7,401.1,96.5,130.7,0.156
103,-1,356.8,369.7,49.9,90.8,0.139
103,-1,853.8,392.7,45.4,106.6,0.135
103,-1,751.5,391.1,20.4,70.5,0.134
103,-1,290.6,397.9,29.4,71.5,0.122
103,-1,1425.9,387.5,74.0,159.5,0.120
103,-1,865.4,396.2,31.6,65.1,0.116
103,-1,477.0,426.6,21.8,35.5,0.092
103,-1,282.3,350.2,52.4,112.7,0.089
103,-1,372.9,376.5,53.2,83.8,0.077
103,-1,371.4,406.7,22.5,52.7,0.074
103,-1,341.2,394.2,20.9,53.0,0.074
103,-1,838.7,383.0,26.4,43.0,0.067
103,-1,376.3,420.5,22.1,40.2,0.056
103,-1,1388.9,258.1,116.9,285.6,0.056
103,-1,463.4,401.5,23.3,33.3,0.052
104,-1,1743.5,371.2,176.5,528.3,0.998
104,-1,828.6,386.9,65.9,176.6,0.997
104,-1,720.4,391.3,32.4,115.9,0.995
104,-1,1233.8,401.0,42.4,124.7,0.994
104,-1,748.5,391.8,29.7,106.6,0.982
104,-1,678.0,392.4,38.2,118.9,0.982
104,-1,278.0,413.4,19.5,55.8,0.979
104,-1,546.0,402.4,27.7,69.2,0.977
104,-1,356.2,403.4,24.3,59.0,0.971
104,-1,597.8,397.3,24.1,68.4,0.933
104,-1,390.4,404.4,26.5,55.9,0.918
104,-1,495.3,414.5,22.7,47.3,0.881
104,-1,313.9,399.4,20.9,69.1,0.860
104,-1,482.5,413.4,18.4,46.5,0.806
104,-1,513.1,413.2,24.8,51.3,0.793
104,-1,307.4,394.3,36.5,91.2,0.615
104,-1,344.6,405.1,15.6,45.5,0.599
104,-1,468.4,408.9,17.0,37.1,0.548
104,-1,300.5,396.3,22.3,78.5,0.433
104,-1,327.6,401.1,18.1,59.2,0.389
104,-1,827.4,383.5,42.5,105.5,0.365
104,-1,304.1,397.9,15.7,34.9,0.330
104,-1,0.0,178.2,70.0,335.1,0.311
104,-1,833.9,383.7,57.8,87.5,0.296
104,-1,472.6,410.8,23.1,48.4,0.262
104,-1,296.1,401.5,19.6,60.2,0.256
104,-1,489.0,416.1,18.4,46.8,0.254
104,-1,374.4,410.8,19.7,49.3,0.241
104,-1,336.4,402.3,13.5,38.2,0.234
104,-1,282.4,402.4,20.5,58.7,0.215
104,-1,293.8,381.2,41.2,104.8,0.161
104,-1,284.1,398.8,22.7,29.2,0.126
104,-1,286.9,409.8,20.9,60.7,0.125
104,-1,863.6,401.0,30.3,63.4,0.106
104,-1,696.0,400.6,22.6,86.2,0.090
104,-1,311.5,401.4,16.0,32.6,0.089
104,-1,294.8,398.0,21.1,32.7,0.081
104,-1,241.0,378.0,25.1,23.7,0.078
104,-1,347.0,402.0,22.5,54.0,0.067
104,-1,1813.9,375.7,106.1,403.0,0.062
104,-1,0.0,166.7,76.4,860.1,0.061
104,-1,443.1,405.7,13.3,23.8,0.055
104,-1,1831.9,372.2,88.1,154.8,0.052
105,-1,1698.2,378.1,220.3,534.1,0.998
105,-1,827.0,381.1,62.8,178.3,0.998
105,-1,720.3,389.0,37.0,119.2,0.996
105,-1,1235.2,400.1,44.6,125.6,0.993
105,-1,749.1,392.2,31.7,108.2,0.985
105,-1,677.8,391.2,38.1,118.9,0.982
105,-1,549.3,401.0,27.9,69.7,0.980
105,-1,354.8,401.4,24.7,59.0,0.961
105,-1,276.3,411.2,19.7,55.5,0.945
105,-1,297.6,410.2,22.7,76.2,0.916
105,-1,481.9,410.3,19.4,50.1,0.868
105,-1,596.8,379.9,24.5,83.5,0.845
105,-1,495.8,412.3,22.2,48.1,0.844
105,-1,513.2,408.2,26.6,54.8,0.842
105,-1,385.2,398.7,26.1,59.7,0.839
105,-1,398.1,412.5,19.8,45.3,0.772
105,-1,467.2,405.2,20.7,52.6,0.556
105,-1,371.5,408.6,17.5,51.9,0.440
105,-1,446.9,404.4,14.1,23.2,0.414
105,-1,505.8,416.1,24.6,47.6,0.409
105,-1,315.3,402.8,13.5,46.9,0.408
105,-1,303.8,393.4,15.7,35.4,0.356
105,-1,344.0,401.1,13.5,48.3,0.355
105,-1,472.9,405.3,24.1,50.8,0.354
105,-1,0.0,132.3,47.5,906.1,0.292
105,-1,292.4,398.0,18.4,71.4,0.262
105,-1,473.3,421.4,15.5,40.5,0.246
105,-1,467.8,406.2,17.2,27.8,0.240
105,-1,282.7,400.5,19.4,63.3,0.168
105,-1,525.5,403.7,21.5,59.1,0.167
105,-1,270.5,406.4,18.7,58.9,0.133
105,-1,292.0,398.7,17.3,33.8,0.128
105,-1,259.4,406.3,16.2,59.8,0.104
105,-1,0.2,218.0,47.8,221.0,0.104
105,-1,337.3,392.7,13.4,51.0,0.101
105,-1,461.9,409.9,21.0,38.8,0.096
105,-1,309.4,401.0,14.7,52.6,0.095
105,-1,279.5,399.2,20.7,36.6,0.078
105,-1,697.2,404.9,21.8,82.6,0.074
105,-1,0.0,199.7,51.0,454.4,0.058
105,-1,242.5,374.9,20.5,25.5,0.057
105,-1,337.2,389.7,13.1,27.1,0.054
105,-1,349.5,402.9,19.9,53.3,0.053
105,-1,1818.9,375.1,101.1,291.4,0.051
106,-1,1683.5,378.5,235.5,532.3,0.999
106,-1,824.7,381.6,61.0,180.7,0.998
106,-1,1234.0,401.1,44.3,125.7,0.992
106,-1,746.9,393.3,31.0,107.8,0.992
106,-1,547.4,403.1,27.2,68.5,0.992
106,-1,713.3,389.5,38.4,122.2,0.989
106,-1,675.4,391.4,38.5,120.3,0.974
106,-1,350.6,400.9,25.4,58.8,0.970
106,-1,383.1,397.3,28.9,62.5,0.954
106,-1,594.6,397.0,21.5,69.3,0.936
106,-1,277.0,418.5,17.5,48.9,0.922
106,-1,494.1,411.7,23.2,50.8,0.910
106,-1,481.0,412.6,18.9,49.1,0.903
106,-1,512.0,409.7,26.5,53.6,0.811
106,-1,468.4,407.1,15.8,40.5,0.677
106,-1,293.8,409.0,26.0,77.5,0.581
106,-1,392.8,410.0,21.4,50.4,0.402
106,-1,380.1,404.4,19.3,54.8,0.400
106,-1,289.1,400.4,21.2,72.0,0.329
106,-1,504.8,411.7,23.9,51.3,0.307
106,-1,308.2,404.4,17.0,61.8,0.287
106,-1,471.6,409.8,20.0,46.2,0.273
106,-1,0.0,268.0,34.8,160.2,0.272
106,-1,369.6,410.8,15.7,49.9,0.209
106,-1,300.8,395.8,17.4,39.1,0.207
106,-1,272.7,402.5,21.9,35.8,0.142
106,-1,340.5,402.7,14.6,46.7,0.139
106,-1,285.2,398.4,21.4,32.6,0.132
106,-1,467.4,407.4,13.1,24.0,0.104
106,-1,269.2,411.4,21.3,54.7,0.100
106,-1,373.4,390.6,21.4,33.5,0.098
106,-1,241.6,377.3,24.7,22.1,0.096
106,-1,256.9,419.9,13.2,46.8,0.091
106,-1,458.9,408.2,9.7,21.5,0.088
106,-1,468.7,421.1,18.9,40.5,0.079
107,-1,1677.3,382.5,242.7,531.5,0.999
107,-1,823.7,381.1,61.8,178.9,0.997
107,-1,746.2,392.0,31.7,109.7,0.996
107,-1,1234.6,402.4,43.8,125.0,0.991
107,-1,550.1,402.5,26.1,70.2,0.991
107,-1,716.1,389.0,33.1,119.2,0.988
107,-1,674.3,390.9,38.3,120.2,0.975
107,-1,594.1,393.9,22.2,70.9,0.968
107,-1,350.2,400.3,25.8,59.2,0.965
107,-1,380.2,393.9,30.4,65.3,0.961
107,-1,481.5,412.4,18.1,49.0,0.871
107,-1,495.6,410.8,20.7,51.2,0.849
107,-1,511.7,405.3,25.9,57.6,0.793
107,-1,287.5,389.0,32.5,95.0,0.743
107,-1,271.6,410.7,22.3,56.6,0.704
107,-1,467.4,406.6,17.4,40.2,0.691
107,-1,522.4,405.5,15.8,45.0,0.423
107,-1,276.8,396.8,24.3,72.1,0.335
107,-1,104.6,399.7,16.9,30.4,0.174
107,-1,444.6,405.3,16.7,23.6,0.155
107,-1,325.3,408.8,14.0,56.8,0.131
107,-1,239.0,375.8,22.3,22.8,0.106
107,-1,470.4,408.2,19.3,50.3,0.104
107,-1,692.0,403.9,24.6,89.9,0.102
107,-1,294.3,386.4,25.5,58.1,0.086
107,-1,357.7,397.0,22.7,31.5,0.083
107,-1,373.0,400.6,26.1,60.0,0.070
107,-1,363.9,412.1,17.6,48.2,0.067
107,-1,352.3,393.2,21.1,20.3,0.064
107,-1,285.5,394.1,29.6,44.9,0.054
108,-1,1677.2,386.8,242.8,529.1,0.999
108,-1,822.2,379.0,62.3,178.7,0.997
108,-1,715.6,388.9,33.5,119.1,0.993
108,-1,1234.1,402.1,45.8,125.1,0.992
108,-1,593.1,395.8,21.9,67.7,0.989
108,-1,547.9,398.3,29.4,72.0,0.988
108,-1,746.0,391.8,32.0,105.6,0.985
108,-1,672.5,390.9,39.3,118.5,0.970
108,-1,348.6,401.9,27.3,58.4,0.964
108,-1,375.1,392.1,26.9,66.0,0.952
108,-1,479.6,407.5,20.8,53.6,0.936
108,-1,511.6,403.3,26.5,59.7,0.933
108,-1,495.2,411.3,20.1,50.1,0.882
108,-1,271.1,412.3,19.8,53.1,0.812
108,-1,467.0,404.4,15.6,39.7,0.669
108,-1,287.0,390.6,26.2,77.1,0.573
108,-1,104.3,399.2,15.9,41.2,0.510
108,-1,507.1,411.1,20.9,51.9,0.411
108,-1,697.3,406.5,18.3,79.1,0.339
108,-1,293.2,383.1,25.1,58.5,0.287
108,-1,363.2,401.2,15.9,57.4,0.282
108,-1,323.8,404.4,13.8,58.5,0.239
108,-1,307.1,398.7,15.2,55.5,0.232
108,-1,299.8,392.2,21.0,82.5,0.168
108,-1,279.5,395.0,23.7,70.7,0.163
108,-1,296.3,380.9,22.0,32.7,0.154
108,-1,277.4,372.6,42.7,103.7,0.118
108,-1,282.4,392.1,24.1,40.1,0.109
108,-1,1800.5,386.1,116.7,242.9,0.080
108,-1,332.3,408.1,14.4,56.3,0.078
108,-1,408.8,403.8,16.0,18.8,0.073
108,-1,241.5,374.0,17.7,18.6,0.070
108,-1,338.2,398.6,22.9,56.1,0.069
108,-1,388.5,404.4,20.8,52.4,0.064
108,-1,1811.3,386.6,108.4,507.2,0.053
109,-1,1684.3,389.3,235.7,523.2,0.999
109,-1,714.7,386.2,33.1,121.1,0.997
109,-1,821.6,378.6,60.2,181.5,0.996
109,-1,592.2,397.7,23.4,65.5,0.994
109,-1,1233.4,402.0,46.3,125.4,0.992
109,-1,744.7,391.4,32.8,107.9,0.990
109,-1,671.8,390.9,39.9,117.5,0.989
109,-1,547.2,396.5,30.6,74.8,0.989
109,-1,370.2,390.3,31.9,68.2,0.988
109,-1,345.5,400.7,26.3,59.0,0.972
109,-1,477.5,407.3,22.5,54.0,0.944
109,-1,105.6,398.8,15.0,47.8,0.943
109,-1,495.1,409.5,21.1,52.1,0.906
109,-1,90.2,397.0,17.0,48.6,0.847
109,-1,269.3,413.1,20.5,52.4,0.826
109,-1,511.1,407.4,26.8,54.9,0.809
109,-1,95.3,397.5,19.1,49.8,0.757
109,-1,523.4,405.7,15.7,43.7,0.577
109,-1,315.9,403.6,24.7,81.7,0.552
109,-1,283.0,388.5,26.2,77.2,0.466
109,-1,296.9,390.8,16.5,62.6,0.465
109,-1,357.2,392.3,32.1,66.3,0.414
109,-1,467.0,405.5,14.2,33.4,0.404
109,-1,273.7,352.6,41.3,108.8,0.218
109,-1,468.9,405.6,18.8,51.3,0.161
109,-1,688.0,401.8,27.0,94.9,0.123
109,-1,252.9,418.0,14.8,46.2,0.107
109,-1,1803.0,390.9,116.3,481.0,0.104
109,-1,324.0,404.2,17.1,31.1,0.102
109,-1,86.8,397.5,14.1,42.4,0.066
109,-1,240.6,373.3,18.2,18.9,0.061
109,-1,337.0,400.0,19.4,52.5,0.057
109,-1,83.4,396.2,11.6,37.3,0.051
110,-1,1683.8,384.4,236.2,531.8,0.999
110,-1,710.5,385.7,33.6,120.5,0.996
110,-1,590.5,395.6,22.3,67.0,0.994
110,-1,1233.7,399.1,46.0,127.6,0.994
110,-1,819.4,379.8,57.9,175.0,0.993
110,-1,668.1,390.4,40.8,116.5,0.988
110,-1,546.3,393.5,33.3,80.7,0.987
110,-1,53.4,396.7,50.6,91.9,0.986
110,-1,742.8,391.0,32.3,106.7,0.983
110,-1,306.6,400.0,31.4,87.2,0.974
110,-1,363.8,388.6,32.6,70.5,0.971
110,-1,477.7,407.8,18.2,51.3,0.937
110,-1,99.2,400.3,18.3,47.0,0.921
110,-1,341.3,402.8,23.8,57.4,0.910
110,-1,491.3,409.8,20.6,50.6,0.901
110,-1,507.9,412.2,25.0,50.2,0.847
110,-1,280.4,392.4,25.4,90.5,0.800
110,-1,466.5,404.2,14.1,42.1,0.721
110,-1,87.2,399.3,16.5,47.0,0.704
110,-1,829.8,379.6,50.4,110.3,0.631
110,-1,269.5,410.4,17.6,53.8,0.577
110,-1,522.9,407.3,14.0,40.7,0.572
110,-1,693.2,401.4,21.7,83.5,0.212
110,-1,285.2,395.0,18.1,42.7,0.164
110,-1,274.4,397.1,23.4,63.5,0.163
110,-1,458.1,418.1,19.4,39.1,0.102
110,-1,235.0,374.8,23.0,18.4,0.090
110,-1,817.3,422.6,13.5,70.5,0.076
110,-1,403.1,406.3,12.5,16.2,0.073
110,-1,469.7,409.8,14.5,48.5,0.072
110,-1,331.7,402.2,25.7,66.1,0.061
110,-1,353.7,395.0,32.5,63.6,0.059
110,-1,336.8,396.9,23.5,49.9,0.056
111,-1,1692.0,383.7,228.0,526.8,0.999
111,-1,709.8,387.2,33.1,120.2,0.995
111,-1,1235.2,400.1,45.0,123.3,0.991
111,-1,815.7,393.3,55.7,161.9,0.990
111,-1,740.6,387.8,32.3,110.0,0.987
111,-1,666.7,389.5,41.0,118.5,0.982
111,-1,44.4,398.5,53.1,85.8,0.980
111,-1,358.5,389.8,33.9,68.2,0.978
111,-1,591.2,398.1,23.6,62.6,0.975
111,-1,548.9,399.7,29.9,73.4,0.974
111,-1,831.3,381.1,44.7,127.6,0.831
111,-1,488.0,406.7,24.8,53.4,0.829
111,-1,340.0,400.6,23.0,56.6,0.797
111,-1,475.0,401.3,22.8,59.2,0.741
111,-1,510.0,407.7,25.1,53.5,0.714
111,-1,1233.6,399.3,45.4,60.1,0.694
111,-1,275.3,391.1,29.0,91.9,0.682
111,-1,306.0,396.7,32.6,89.7,0.653
111,-1,96.2,396.8,24.0,46.5,0.523
111,-1,503.8,407.8,21.8,53.7,0.419
111,-1,271.9,404.2,23.7,60.3,0.271
111,-1,462.5,403.2,22.3,41.1,0.241
111,-1,517.4,403.1,16.4,45.1,0.201
111,-1,472.7,393.7,40.9,68.6,0.196
111,-1,289.1,390.9,14.9,41.1,0.161
111,-1,1356.6,403.2,43.8,121.1,0.124
111,-1,1296.9,424.8,53.3,104.8,0.093
111,-1,839.7,379.3,35.9,74.5,0.090
111,-1,284.9,392.3,20.9,68.7,0.090
111,-1,690.6,398.2,24.1,90.0,0.087
111,-1,1334.6,418.3,54.4,107.4,0.078
111,-1,532.9,402.5,16.5,29.9,0.071
111,-1,527.7,401.6,15.4,31.2,0.069
111,-1,542.8,400.9,18.0,34.2,0.054
112,-1,1692.3,379.8,227.7,526.3,0.998
112,-1,40.1,397.9,57.1,103.6,0.993
112,-1,813.5,392.7,56.6,164.8,0.993
112,-1,590.6,397.7,22.2,63.6,0.992
112,-1,1236.6,398.1,47.2,125.5,0.988
112,-1,710.1,385.2,31.8,118.3,0.985
112,-1,740.6,389.6,32.4,106.4,0.985
112,-1,666.3,388.8,42.5,117.4,0.983
112,-1,548.1,391.7,32.0,82.7,0.980
112,-1,352.7,389.2,40.8,68.2,0.958
112,-1,845.7,374.7,33.6,143.5,0.946
112,-1,846.7,379.3,30.6,76.8,0.818
112,-1,490.1,409.2,21.9,50.9,0.773
112,-1,477.0,395.5,35.5,64.5,0.706
112,-1,272.0,406.9,31.3,80.4,0.634
112,-1,337.8,400.4,23.6,54.1,0.628
112,-1,298.5,364.3,40.8,125.8,0.568
112,-1,508.2,410.9,24.2,49.6,0.543
112,-1,85.7,388.4,34.4,57.4,0.520
112,-1,503.0,411.3,19.4,48.3,0.480
112,-1,516.1,396.9,18.7,54.4,0.461
112,-1,468.3,391.5,28.4,62.8,0.369
112,-1,283.5,393.0,20.9,69.2,0.315
112,-1,305.1,362.4,24.6,27.3,0.313
112,-1,286.8,391.4,16.6,40.9,0.299
112,-1,847.5,378.9,15.8,22.1,0.269
112,-1,463.4,401.4,20.2,42.8,0.230
112,-1,429.5,388.9,49.0,66.2,0.204
112,-1,253.6,394.7,25.8,71.8,0.180
112,-1,304.0,387.4,32.9,62.3,0.165
112,-1,277.7,382.7,39.7,103.5,0.164
112,-1,439.1,392.0,21.5,33.1,0.138
112,-1,273.1,394.4,27.8,45.6,0.123
112,-1,464.4,392.3,30.0,33.6,0.105
112,-1,1358.6,399.6,47.8,124.5,0.092
112,-1,459.8,397.9,21.4,32.7,0.057
113,-1,38.6,398.8,61.8,145.0,0.999
113,-1,1702.1,377.7,215.2,517.3,0.999
113,-1,1237.7,397.4,46.3,125.8,0.995
113,-1,812.3,391.0,55.8,166.8,0.995
113,-1,590.0,397.4,23.1,64.5,0.994
113,-1,741.2,387.3,31.0,109.7,0.993
113,-1,709.3,385.5,32.4,118.5,0.993
113,-1,548.1,396.9,33.8,80.7,0.987
113,-1,667.0,389.8,40.9,116.9,0.985
113,-1,848.8,379.2,30.3,139.2,0.964
113,-1,346.2,388.8,46.1,70.0,0.956
113,-1,489.4,410.9,22.6,48.4,0.862
113,-1,475.6,407.2,20.6,52.7,0.844
113,-1,97.7,398.1,22.0,50.5,0.797
113,-1,508.4,416.2,25.8,46.1,0.780
113,-1,337.3,396.5,21.6,56.8,0.687
113,-1,518.5,407.7,20.9,52.5,0.559
113,-1,85.0,395.1,21.1,55.0,0.537
113,-1,526.1,404.1,13.6,37.1,0.449
113,-1,301.1,390.7,32.8,98.8,0.389
113,-1,465.4,405.2,16.7,40.2,0.381
113,-1,332.5,394.5,18.5,52.9,0.238
113,-1,274.3,416.7,25.0,70.0,0.228
113,-1,254.3,399.5,21.4,67.2,0.173
113,-1,273.9,401.1,23.8,53.7,0.149
113,-1,283.8,393.0,16.7,38.2,0.141
113,-1,322.7,393.8,21.0,69.8,0.128
113,-1,305.8,358.8,22.0,28.5,0.105
113,-1,470.2,417.1,19.4,44.1,0.104
113,-1,269.9,407.2,22.0,58.7,0.086
113,-1,306.7,395.3,26.7,49.9,0.079
113,-1,687.6,396.9,26.4,91.8,0.073
113,-1,277.8,369.4,53.0,116.2,0.066
113,-1,460.2,411.3,23.1,47.1,0.065
113,-1,327.8,393.1,18.4,33.6,0.052
114,-1,41.7,397.9,57.3,143.0,0.999
114,-1,1715.8,371.5,199.0,527.9,0.999
114,-1,1239.5,396.7,47.2,125.9,0.997
114,-1,812.6,391.8,58.6,167.3,0.994
114,-1,710.9,385.0,31.4,120.7,0.993
114,-1,668.4,389.7,40.6,118.2,0.989
114,-1,549.5,392.7,34.5,86.1,0.986
114,-1,591.9,397.2,24.7,65.2,0.980
114,-1,346.1,391.7,42.8,66.6,0.957
114,-1,744.3,391.4,29.3,104.4,0.953
114,-1,849.7,378.9,32.9,139.8,0.938
114,-1,103.3,401.2,20.5,47.8,0.913
114,-1,478.3,404.5,22.1,56.5,0.828
114,-1,302.3,393.5,35.0,91.3,0.824
114,-1,491.4,410.9,23.5,49.7,0.807
114,-1,508.9,417.3,28.0,44.7,0.738
114,-1,87.9,398.3,19.6,50.3,0.705
114,-1,83.5,384.3,25.2,100.8,0.525
114,-1,753.9,404.8,24.8,71.4,0.439
114,-1,339.9,400.5,19.6,50.5,0.413
114,-1,525.6,403.2,16.1,42.0,0.326
114,-1,88.4,396.4,29.3,67.4,0.273
114,-1,273.6,411.0,25.4,56.6,0.240
114,-1,467.1,407.7,18.2,37.6,0.202
114,-1,516.9,409.6,21.6,41.6,0.180
114,-1,306.1,395.6,29.5,51.3,0.175
114,-1,327.9,391.8,21.5,60.4,0.145
114,-1,690.4,399.2,27.7,93.4,0.144
114,-1,284.8,390.2,44.2,97.0,0.100
114,-1,483.3,396.3,40.3,66.8,0.081
114,-1,320.2,395.2,21.7,54.2,0.073
114,-1,238.9,374.0,24.4,24.8,0.072
114,-1,332.9,391.9,24.6,45.1,0.068
114,-1,276.3,393.1,22.9,36.3,0.057
114,-1,1.8,405.4,74.1,179.5,0.056
114,-1,1371.5,400.1,46.3,119.6,0.053
115,-1,1736.2,367.6,154.3,530.0,0.999
115,-1,45.6,400.2,62.6,147.9,0.998
115,-1,1247.3,398.4,45.6,125.5,0.992
115,-1,812.8,397.5,61.1,162.5,0.992
115,-1,557.2,397.3,34.9,92.7,0.990
115,-1,711.0,386.3,33.7,124.4,0.989
115,-1,348.3,391.2,40.8,72.7,0.986
115,-1,595.5,398.5,26.1,67.3,0.980
115,-1,674.6,390.9,41.3,120.5,0.975
115,-1,853.0,382.5,37.0,135.6,0.973
115,-1,750.5,394.0,33.2,104.4,0.937
115,-1,107.4,404.8,22.8,48.5,0.714
115,-1,1245.0,398.4,46.5,59.5,0.626
115,-1,511.9,420.4,32.6,45.3,0.536
115,-1,494.1,409.0,23.8,55.4,0.414
115,-1,525.9,401.8,18.0,50.9,0.381
115,-1,275.8,408.3,22.1,63.2,0.303
115,-1,305.0,397.6,38.2,86.0,0.293
115,-1,481.8,403.6,25.8,58.4,0.291
115,-1,267.3,405.1,22.2,66.4,0.274
115,-1,4.4,429.3,39.8,78.7,0.273
115,-1,340.3,397.1,21.4,59.1,0.262
115,-1,259.6,398.3,22.5,72.7,0.224
115,-1,0.5,433.3,50.7,145.7,0.214
115,-1,502.8,418.0,19.8,47.6,0.204
115,-1,94.5,402.8,19.3,45.5,0.165
115,-1,321.0,399.0,28.4,73.3,0.125
115,-1,281.6,404.4,21.0,54.9,0.121
115,-1,1370.8,393.6,49.1,128.6,0.114
115,-1,751.8,390.8,21.1,81.1,0.101
115,-1,307.6,398.0,32.4,40.6,0.095
115,-1,700.5,400.4,29.7,105.0,0.078
115,-1,242.5,376.0,31.0,21.1,0.075
115,-1,426.0,411.2,15.4,13.6,0.063
115,-1,472.4,411.9,21.0,39.8,0.063
115,-1,1144.2,398.0,54.9,128.3,0.059
115,-1,1.2,399.6,51.5,124.8,0.058
115,-1,286.9,397.1,21.6,41.5,0.056
116,-1,1739.7,366.3,140.4,539.7,0.998
116,-1,47.6,399.5,62.0,146.5,0.998
116,-1,813.8,396.8,57.0,160.9,0.994
116,-1,556.1,391.5,42.6,101.5,0.974
116,-1,710.7,389.1,39.5,120.4,0.973
116,-1,1250.9,401.2,45.6,123.5,0.972
116,-1,856.2,381.4,38.0,140.5,0.971
116,-1,676.7,390.6,41.5,119.7,0.945
116,-1,754.0,401.4,33.8,96.2,0.937
116,-1,599.8,399.4,20.7,62.4,0.844
116,-1,354.5,399.3,34.7,64.5,0.836
116,-1,1250.3,398.9,46.5,59.3,0.707
116,-1,316.0,403.1,32.1,84.4,0.568
116,-1,114.2,406.1,22.6,41.3,0.510
116,-1,491.1,398.1,31.6,67.3,0.506
116,-1,300.2,401.5,32.0,87.2,0.403
116,-1,1369.2,387.9,52.5,139.6,0.403
116,-1,1.5,427.6,41.8,90.7,0.343
116,-1,343.1,394.1,27.3,54.9,0.272
116,-1,507.5,418.9,34.5,48.0,0.258
116,-1,750.3,390.5,27.0,90.0,0.216
116,-1,483.8,402.6,24.8,61.6,0.154
116,-1,303.6,403.7,24.8,48.7,0.125
116,-1,520.7,421.6,23.0,40.1,0.104
116,-1,695.9,397.3,30.7,105.5,0.096
116,-1,295.7,393.9,56.6,82.2,0.090
116,-1,756.1,390.7,16.2,24.6,0.090
116,-1,1141.2,397.6,59.1,127.2,0.082
116,-1,754.5,391.6,20.5,39.2,0.073
116,-1,316.0,405.2,31.0,42.1,0.065
116,-1,0.0,427.1,42.7,185.4,0.059
116,-1,106.0,416.8,26.7,51.9,0.058
116,-1,318.7,395.7,54.5,70.6,0.056
116,-1,530.7,403.5,17.2,47.7,0.053
117,-1,1741.2,360.9,131.0,553.9,1.000
117,-1,51.3,405.0,60.6,142.2,0.997
117,-1,817.4,397.4,63.8,164.1,0.979
117,-1,713.4,390.4,37.0,111.7,0.969
117,-1,756.7,403.9,31.9,72.9,0.915
117,-1,676.7,395.1,42.0,66.0,0.829
117,-1,567.4,403.2,27.0,72.7,0.828
117,-1,859.6,381.1,36.5,132.9,0.730
117,-1,860.1,382.9,30.3,76.6,0.523
117,-1,1252.6,401.3,45.9,124.3,0.505
117,-1,0.0,428.0,38.9,111.5,0.483
117,-1,607.5,369.9,24.5,74.4,0.352
117,-1,297.8,392.3,22.2,77.0,0.317
117,-1,0.0,413.1,36.1,295.0,0.253
117,-1,357.4,401.8,29.5,63.0,0.229
117,-1,995.9,380.8,49.4,152.5,0.189
117,-1,745.2,393.7,35.9,82.2,0.170
117,-1,343.1,398.7,32.8,67.1,0.129
117,-1,990.3,404.0,41.7,101.0,0.116
117,-1,693.1,391.5,47.9,114.7,0.111
117,-1,860.9,381.4,30.3,31.6,0.109
117,-1,826.6,399.4,24.9,44.9,0.098
117,-1,565.0,383.4,38.6,106.1,0.095
117,-1,835.5,399.1,15.3,27.8,0.092
117,-1,309.7,395.5,34.8,71.2,0.091
117,-1,847.2,390.0,40.5,94.5,0.089
117,-1,285.9,405.5,26.5,63.1,0.089
117,-1,985.1,358.8,42.7,122.4,0.076
117,-1,0.0,370.6,47.5,466.3,0.069
117,-1,603.9,404.6,23.3,54.3,0.064
117,-1,822.2,400.0,31.4,83.7,0.063
117,-1,1198.2,442.2,58.0,118.9,0.050
118,-1,59.1,405.7,58.5,143.8,0.999
118,-1,1733.3,368.8,145.0,547.3,0.999
118,-1,821.1,401.2,54.6,163.3,0.995
118,-1,859.3,382.3,44.5,145.2,0.992
118,-1,712.5,391.4,45.6,127.4,0.981
118,-1,686.4,391.5,39.2,125.8,0.980
118,-1,764.4,406.0,32.0,98.9,0.977
118,-1,566.3,392.3,44.3,104.1,0.939
118,-1,121.5,410.6,24.8,50.5,0.925
118,-1,1252.8,404.0,49.7,121.9,0.842
118,-1,604.7,400.8,26.5,67.0,0.809
118,-1,111.4,407.1,17.5,44.9,0.786
118,-1,0.0,411.6,23.1,105.9,0.746
118,-1,316.2,403.1,34.9,94.0,0.712
118,-1,358.7,399.7,33.1,68.4,0.650
118,-1,608.5,367.6,28.4,81.7,0.603
118,-1,499.6,422.7,26.4,46.7,0.576
118,-1,515.3,424.9,35.1,46.1,0.505
118,-1,523.4,414.7,38.2,55.3,0.452
118,-1,543.7,403.7,19.4,44.4,0.288
118,-1,486.9,409.9,30.0,58.8,0.286
118,-1,1252.5,404.6,51.7,54.6,0.280
118,-1,750.8,394.7,38.2,90.0,0.246
118,-1,0.0,419.3,45.9,124.1,0.235
118,-1,351.4,397.7,23.8,65.3,0.191
118,-1,351.4,416.5,15.8,45.9,0.189
118,-1,483.3,411.9,23.0,41.6,0.182
118,-1,1197.1,402.8,98.0,154.0,0.172
118,-1,551.5,413.5,27.9,60.0,0.149
118,-1,0.0,411.2,28.1,175.3,0.145
118,-1,13.1,431.2,35.0,77.3,0.132
118,-1,1456.5,323.7,56.1,212.7,0.129
118,-1,491.8,403.5,41.2,68.5,0.126
118,-1,553.0,399.2,23.2,49.0,0.125
118,-1,461.4,406.8,23.3,28.7,0.120
118,-1,489.3,425.9,20.0,43.3,0.112
118,-1,1197.1,408.0,48.4,151.7,0.108
118,-1,485.4,402.1,24.7,38.3,0.103
118,-1,451.7,403.3,51.3,66.0,0.076
118,-1,311.2,400.5,25.9,78.5,0.063
118,-1,304.1,402.8,18.0,66.5,0.060
118,-1,817.5,405.8,35.2,112.0,0.058
118,-1,616.6,380.3,24.2,80.4,0.057
118,-1,496.9,401.1,20.9,54.1,0.055
118,-1,1147.3,403.6,76.5,128.5,0.055
118,-1,15.6,431.0,29.6,35.9,0.052
119,-1,1714.7,368.9,170.8,560.1,0.999
119,-1,69.0,406.6,55.4,139.8,0.999
119,-1,825.7,401.6,55.6,162.8,0.997
119,-1,868.2,382.8,44.7,143.3,0.989
119,-1,614.9,403.6,25.7,65.3,0.975
119,-1,577.0,397.2,40.4,100.3,0.971
119,-1,721.5,391.4,44.3,123.8,0.971
119,-1,1266.3,400.7,49.6,130.0,0.969
119,-1,767.5,394.7,36.7,106.9,0.958
119,-1,689.0,393.4,40.8,118.6,0.948
119,-1,365.8,404.5,37.6,63.8,0.934
119,-1,0.4,414.6,24.9,95.6,0.806
119,-1,516.5,417.5,23.4,49.4,0.709
119,-1,533.6,423.8,28.4,43.8,0.689
119,-1,324.3,399.5,35.1,96.5,0.569
119,-1,134.8,410.1,23.0,47.5,0.564
119,-1,504.8,413.8,22.9,54.0,0.493
119,-1,1266.7,400.5,49.1,61.9,0.333
119,-1,1387.9,402.9,52.7,132.1,0.304
119,-1,118.8,406.9,20.3,52.1,0.303
119,-1,24.3,430.7,31.6,50.2,0.226
119,-1,0.0,438.3,22.5,118.6,0.193
119,-1,499.9,402.6,43.3,65.7,0.152
119,-1,3.9,419.2,43.7,92.6,0.132
119,-1,1488.7,406.7,71.3,64.7,0.120
119,-1,547.3,416.7,20.3,39.8,0.119
119,-1,496.4,414.9,22.6,50.4,0.116
119,-1,1482.0,401.3,82.0,148.6,0.103
119,-1,1451.5,381.0,79.8,183.6,0.088
119,-1,1162.5,401.5,58.3,127.8,0.082
119,-1,30.0,432.4,34.3,30.6,0.074
119,-1,324.7,401.2,28.8,41.7,0.060
119,-1,1832.3,444.7,82.0,281.6,0.056
120,-1,1704.6,368.9,186.2,564.5,0.998
120,-1,82.6,409.6,55.5,134.1,0.998
120,-1,835.2,401.9,54.4,163.6,0.997
120,-1,876.5,384.4,40.3,138.7,0.968
120,-1,732.8,391.2,34.1,120.9,0.967
120,-1,779.0,399.6,32.7,78.1,0.926
120,-1,700.6,397.8,35.6,95.6,0.786
120,-1,0.0,416.5,36.7,100.7,0.765
120,-1,1278.9,400.5,46.9,128.1,0.670
120,-1,630.5,371.7,24.6,69.7,0.596
120,-1,515.1,416.4,40.8,53.0,0.580
120,-1,371.3,407.1,32.5,58.8,0.511
120,-1,0.0,419.0,35.5,44.3,0.435
120,-1,324.1,398.0,46.2,103.8,0.402
120,-1,314.7,407.1,32.3,81.1,0.397
120,-1,592.3,407.6,26.4,58.5,0.387
120,-1,141.1,409.4,34.0,48.0,0.301
120,-1,385.2,409.8,28.4,57.7,0.296
120,-1,12.1,419.5,41.0,97.8,0.284
120,-1,624.0,402.7,26.0,63.8,0.237
120,-1,588.1,408.2,38.1,89.5,0.195
120,-1,27.9,429.7,37.2,85.5,0.195
120,-1,836.0,402.0,43.2,51.8,0.142
120,-1,329.0,403.3,30.8,69.8,0.133
120,-1,224.1,414.0,29.7,64.0,0.127
120,-1,1282.2,401.4,40.5,42.2,0.115
120,-1,705.7,394.3,26.5,67.0,0.100
120,-1,1406.8,407.6,55.1,119.6,0.097
120,-1,487.9,418.3,80.5,53.1,0.096
120,-1,0.0,431.4,23.2,141.1,0.095
120,-1,1454.3,300.9,100.1,234.0,0.086
120,-1,0.0,414.7,52.2,158.6,0.069
120,-1,876.7,382.4,37.5,70.4,0.064
120,-1,1815.3,392.6,95.8,348.4,0.062
120,-1,833.2,403.4,37.1,108.6,0.059
120,-1,714.9,395.0,26.4,80.8,0.056
120,-1,0.0,405.2,37.0,269.0,0.053
120,-1,312.5,416.0,23.5,53.5,0.051
121,-1,114.1,411.0,51.4,142.5,0.999
121,-1,1707.1,377.2,212.0,556.8,0.999
121,-1,898.6,380.8,49.7,142.5,0.999
121,-1,849.8,400.2,59.5,161.5,0.996
121,-1,1304.6,398.1,45.3,130.9,0.993
121,-1,753.4,392.4,42.0,123.5,0.992
121,-1,801.4,394.8,37.3,106.4,0.985
121,-1,647.6,402.0,26.4,68.5,0.982
121,-1,613.2,395.0,40.3,101.4,0.977
121,-1,399.4,401.8,31.2,68.5,0.971
121,-1,359.7,401.8,33.0,95.1,0.969
121,-1,27.9,415.1,42.8,100.5,0.966
121,-1,723.5,397.9,34.2,114.2,0.932
121,-1,180.6,411.7,16.9,46.8,0.921
121,-1,162.9,410.4,17.5,47.4,0.843
121,-1,571.4,424.0,25.1,45.3,0.839
121,-1,553.5,419.2,22.1,48.6,0.822
121,-1,0.2,409.2,22.9,106.6,0.754
121,-1,345.1,403.2,14.1,62.7,0.714
121,-1,541.8,413.2,20.7,55.3,0.514
121,-1,157.3,411.4,26.5,69.5,0.498
121,-1,452.6,411.8,11.4,23.0,0.465
121,-1,531.3,409.0,19.2,43.2,0.421
121,-1,347.5,401.9,21.6,82.4,0.370
121,-1,413.0,405.7,23.6,62.8,0.288
121,-1,448.6,412.6,12.0,22.4,0.226
121,-1,591.8,410.9,13.8,44.9,0.219
121,-1,350.0,407.3,14.9,45.8,0.158
121,-1,353.9,400.8,30.1,58.1,0.147
121,-1,744.2,397.2,28.4,115.2,0.147
121,-1,802.8,405.5,20.4,76.3,0.147
121,-1,536.0,405.9,21.4,51.0,0.115
121,-1,0.0,426.5,21.5,152.4,0.087
121,-1,611.5,408.7,11.8,39.1,0.076
121,-1,459.7,415.6,11.9,19.0,0.063
121,-1,328.4,401.0,21.8,75.4,0.056
121,-1,0.2,412.0,37.0,219.5,0.052
122,-1,121.9,409.0,53.3,140.4,0.999
122,-1,1712.0,381.4,207.8,553.3,0.999
122,-1,908.0,379.0,48.1,141.6,0.998
122,-1,858.6,395.6,58.2,164.4,0.995
122,-1,759.9,390.3,40.2,123.4,0.990
122,-1,369.2,404.5,33.0,91.5,0.984
122,-1,812.5,394.4,34.7,103.9,0.984
122,-1,656.0,400.3,26.7,66.5,0.978
122,-1,623.1,394.9,40.4,100.0,0.977
122,-1,730.8,391.7,34.9,118.9,0.976
122,-1,1314.6,396.5,45.0,127.2,0.976
122,-1,37.2,413.3,44.0,100.8,0.966
122,-1,191.7,409.7,16.9,46.9,0.951
122,-1,405.9,400.4,30.6,66.9,0.934
122,-1,579.2,423.0,29.0,44.6,0.863
122,-1,173.6,410.5,16.6,46.9,0.807
122,-1,564.2,418.2,21.2,49.1,0.799
122,-1,551.6,414.0,18.7,50.4,0.740
122,-1,557.1,416.2,20.8,50.1,0.649
122,-1,1313.9,395.7,45.6,59.1,0.645
122,-1,0.5,451.4,37.7,156.9,0.597
122,-1,354.8,399.6,23.9,83.7,0.595
122,-1,460.2,408.6,13.4,22.9,0.434
122,-1,421.7,403.9,21.4,60.9,0.434
122,-1,574.0,421.2,22.5,46.9,0.431
122,-1,542.0,408.7,16.6,41.0,0.412
122,-1,403.3,405.5,20.7,63.3,0.325
122,-1,398.8,406.6,15.3,61.3,0.263
122,-1,179.1,414.4,20.4,66.6,0.238
122,-1,41.2,414.5,34.3,58.5,0.194
122,-1,586.7,421.9,19.9,33.7,0.160
122,-1,600.3,410.9,12.9,36.9,0.153
122,-1,464.8,411.8,12.1,20.5,0.152
122,-1,546.2,422.5,13.1,36.3,0.102
122,-1,394.6,399.0,21.5,37.8,0.093
122,-1,361.4,400.9,25.1,73.3,0.069
122,-1,430.7,406.1,16.8,28.9,0.057
123,-1,131.3,406.1,52.4,137.7,0.999
123,-1,1715.1,384.1,204.9,552.5,0.998
123,-1,915.0,376.2,47.4,143.2,0.997
123,-1,863.6,392.6,58.7,164.2,0.995
123,-1,1323.5,394.1,42.2,133.7,0.992
123,-1,765.1,388.5,42.1,123.2,0.981
123,-1,630.1,389.8,46.2,101.2,0.980
123,-1,374.2,394.8,35.2,98.4,0.972
123,-1,409.4,397.5,32.7,68.7,0.962
123,-1,665.7,398.0,25.0,66.5,0.962
123,-1,47.5,410.3,47.6,99.8,0.959
123,-1,818.9,394.1,34.0,95.9,0.924
123,-1,736.1,390.7,39.1,118.9,0.923
123,-1,1321.1,394.7,45.7,60.1,0.797
123,-1,585.2,421.2,30.0,43.3,0.736
123,-1,557.0,409.3,22.2,51.8,0.698
123,-1,0.7,443.9,41.1,159.8,0.661
123,-1,569.2,413.2,24.6,49.5,0.600
123,-1,363.1,398.9,28.8,90.7,0.574
123,-1,196.1,406.0,22.5,44.1,0.570
123,-1,182.7,405.8,32.0,48.0,0.381
123,-1,577.1,422.2,24.7,42.4,0.347
123,-1,819.4,398.2,20.8,76.3,0.277
123,-1,361.8,403.3,18.2,57.0,0.270
123,-1,429.3,402.0,23.5,60.9,0.252
123,-1,1.3,420.2,36.1,90.0,0.240
123,-1,551.1,396.9,41.7,67.7,0.223
123,-1,1455.4,394.3,50.5,131.8,0.191
123,-1,595.1,420.2,19.0,35.1,0.189
123,-1,0.2,448.2,24.3,121.5,0.188
123,-1,1862.6,402.2,57.4,508.0,0.153
123,-1,822.3,390.8,20.1,25.7,0.136
123,-1,181.3,406.0,18.5,35.2,0.120
123,-1,546.8,411.1,18.7,35.6,0.099
123,-1,356.2,404.4,17.6,73.0,0.082
123,-1,1.6,437.0,23.2,65.9,0.070
123,-1,550.7,405.2,24.3,34.6,0.052
124,-1,1724.0,377.2,194.6,564.0,0.999
124,-1,138.7,402.6,51.4,141.2,0.999
124,-1,919.7,375.5,49.9,143.3,0.997
124,-1,867.8,391.8,62.3,164.4,0.997
124,-1,1330.5,391.4,46.7,130.1,0.993
124,-1,636.3,387.2,44.0,102.5,0.988
124,-1,670.3,394.6,28.1,67.8,0.987
124,-1,765.1,386.5,44.9,122.8,0.976
124,-1,825.4,389.8,33.6,104.0,0.971
124,-1,53.5,409.2,45.0,97.3,0.953
124,-1,742.9,387.8,38.0,117.6,0.949
124,-1,0.8,417.8,60.8,193.6,0.944
124,-1,415.4,399.5,32.0,65.3,0.916
124,-1,202.3,404.1,21.2,46.0,0.901
124,-1,188.5,404.0,14.8,45.2,0.887
124,-1,594.2,418.3,22.1,44.4,0.863
124,-1,562.5,409.3,20.5,52.3,0.858
124,-1,379.9,392.3,35.0,100.4,0.742
124,-1,576.2,412.2,21.2,49.4,0.723
124,-1,552.1,408.5,18.0,38.5,0.564
124,-1,366.5,398.5,20.1,63.9,0.461
124,-1,1.0,417.7,41.7,138.9,0.452
124,-1,615.2,408.4,11.8,29.5,0.311
124,-1,370.6,394.8,20.4,39.0,0.206
124,-1,440.4,400.5,18.6,54.7,0.197
124,-1,192.9,406.2,21.0,44.8,0.184
124,-1,380.5,395.8,28.5,60.0,0.169
124,-1,475.7,403.9,13.8,23.5,0.130
124,-1,336.3,377.1,21.9,23.5,0.120
124,-1,373.2,395.3,22.3,62.7,0.112
124,-1,603.6,417.6,20.3,40.8,0.096
124,-1,446.9,399.1,15.2,44.7,0.078
124,-1,634.3,400.3,12.3,37.6,0.056
124,-1,867.5,419.1,17.3,59.7,0.055
125,-1,1741.4,367.4,178.6,528.2,0.999
125,-1,144.0,400.1,54.2,137.7,0.998
125,-1,873.9,387.7,58.0,166.2,0.997
125,-1,926.6,373.2,50.0,142.7,0.997
125,-1,643.5,385.4,41.3,102.8,0.991
125,-1,774.8,382.9,38.0,121.7,0.989
125,-1,677.6,393.2,24.8,67.0,0.987
125,-1,833.6,385.3,34.1,104.4,0.984
125,-1,1336.5,389.7,50.9,129.7,0.983
125,-1,746.9,386.6,36.1,115.5,0.965
125,-1,62.7,405.0,42.6,98.7,0.961
125,-1,1.1,410.8,55.7,196.8,0.954
125,-1,211.2,400.9,19.6,47.2,0.926
125,-1,386.9,389.0,33.8,101.7,0.904
125,-1,420.7,396.4,33.8,65.3,0.873
125,-1,584.0,409.6,20.6,49.2,0.872
125,-1,603.8,414.8,21.2,43.6,0.869
125,-1,197.9,402.5,15.2,43.0,0.866
125,-1,571.7,405.0,19.3,53.7,0.729
125,-1,623.6,405.9,11.9,28.6,0.669
125,-1,448.0,397.4,18.5,47.8,0.515
125,-1,562.9,406.4,14.5,36.2,0.512
125,-1,0.4,410.6,49.7,92.1,0.462
125,-1,369.4,397.4,24.0,73.6,0.295
125,-1,481.0,402.2,11.1,20.4,0.291
125,-1,559.4,405.4,16.1,21.7,0.219
125,-1,455.3,399.6,12.9,29.6,0.212
125,-1,832.7,396.0,20.7,72.6,0.193
125,-1,486.4,403.7,10.3,20.6,0.157
125,-1,566.1,407.7,17.3,47.2,0.121
125,-1,760.7,385.2,31.4,113.8,0.114
125,-1,448.2,398.9,15.8,26.7,0.090
125,-1,522.9,405.0,11.7,15.5,0.080
125,-1,375.5,390.5,19.7,44.1,0.079
125,-1,511.3,403.4,13.4,16.8,0.076
125,-1,492.4,407.2,9.9,16.8,0.061
125,-1,431.3,398.8,22.8,24.5,0.051
126,-1,1762.6,360.8,157.4,531.9,0.998
126,-1,158.2,397.2,54.8,133.6,0.998
126,-1,942.2,368.7,49.1,144.4,0.997
126,-1,887.2,383.9,63.4,165.5,0.993
126,-1,0.0,390.0,70.5,216.7,0.991
126,-1,783.9,379.7,35.9,112.8,0.987
126,-1,693.2,389.1,25.6,66.3,0.984
126,-1,1352.7,385.9,57.7,133.6,0.983
126,-1,399.9,391.4,32.7,95.7,0.969
126,-1,655.4,381.4,42.5,102.6,0.962
126,-1,430.2,385.9,34.4,68.5,0.943
126,-1,81.7,401.7,34.1,98.7,0.929
126,-1,847.3,381.7,33.5,100.0,0.928
126,-1,758.5,386.0,30.1,108.7,0.826
126,-1,581.8,392.1,32.8,63.0,0.780
126,-1,1488.5,395.7,52.8,122.9,0.741
126,-1,380.5,390.8,25.2,92.9,0.726
126,-1,445.8,394.4,32.6,60.7,0.699
126,-1,224.9,396.5,23.6,45.0,0.681
126,-1,616.0,412.5,23.1,41.9,0.579
126,-1,1353.4,385.7,49.9,62.6,0.531
126,-1,600.7,407.6,18.7,48.0,0.440
126,-1,606.6,404.9,20.2,49.7,0.366
126,-1,387.4,394.5,29.0,90.2,0.346
126,-1,459.8,395.5,23.1,52.0,0.299
126,-1,29.5,410.4,32.6,94.1,0.123
126,-1,637.2,399.5,12.7,29.7,0.105
126,-1,578.4,404.3,19.4,48.7,0.095
126,-1,109.8,417.0,33.0,83.8,0.094
126,-1,581.5,389.3,27.9,29.6,0.084
126,-1,623.4,411.4,18.2,32.7,0.084
126,-1,1914.7,367.3,5.2,521.9,0.073
126,-1,1452.1,383.7,76.1,134.9,0.064
126,-1,463.6,396.3,20.5,31.8,0.063
126,-1,384.3,391.5,24.1,37.3,0.060
126,-1,414.6,388.5,30.5,86.1,0.059
126,-1,379.0,368.0,38.0,34.4,0.059
126,-1,1533.4,332.2,107.2,191.3,0.055
127,-1,947.1,368.4,50.2,144.4,0.999
127,-1,168.5,394.3,51.5,138.9,0.998
127,-1,1777.6,357.9,142.4,540.9,0.998
127,-1,892.4,385.2,58.1,163.7,0.996
127,-1,1360.5,383.5,50.9,133.7,0.994
127,-1,0.0,383.4,83.4,223.1,0.994
127,-1,790.3,377.4,33.7,122.4,0.992
127,-1,698.8,388.5,22.5,66.9,0.990
127,-1,664.2,380.8,38.2,103.0,0.988
127,-1,853.8,379.9,34.8,106.6,0.977
127,-1,88.3,400.1,43.5,100.1,0.975
127,-1,234.3,395.6,20.1,48.9,0.963
127,-1,221.8,398.6,15.2,43.5,0.932
127,-1,442.0,388.2,35.3,67.6,0.912
127,-1,766.9,382.5,30.6,114.4,0.879
127,-1,623.8,410.3,26.0,45.7,0.840
127,-1,408.1,390.4,33.1,95.3,0.818
127,-1,605.5,406.6,20.6,47.8,0.814
127,-1,592.3,404.3,18.9,49.7,0.716
127,-1,644.2,401.1,12.4,33.9,0.414
127,-1,463.0,395.0,22.8,56.4,0.405
127,-1,1361.4,383.7,48.0,63.8,0.373
127,-1,583.5,406.4,20.8,44.9,0.329
127,-1,470.0,394.5,19.1,42.1,0.292
127,-1,1497.0,387.1,43.2,130.2,0.246
127,-1,392.6,392.9,20.9,63.9,0.212
127,-1,584.3,402.5,16.7,32.4,0.154
127,-1,36.8,406.8,28.5,93.8,0.128
127,-1,430.2,385.1,27.3,70.5,0.108
127,-1,506.9,398.8,11.6,22.8,0.106
127,-1,778.9,380.2,32.4,113.9,0.094
127,-1,0.9,395.6,41.7,203.0,0.090
127,-1,395.3,386.3,32.7,95.0,0.084
127,-1,0.0,405.1,19.8,139.1,0.072
127,-1,423.7,386.9,24.3,85.0,0.071
127,-1,126.6,417.5,26.4,30.5,0.070
127,-1,632.4,410.0,17.1,34.8,0.063
127,-1,475.3,396.0,15.6,27.5,0.054
127,-1,2.1,402.1,64.3,116.0,0.051
127,-1,1813.6,355.1,106.4,311.1,0.050
128,-1,954.8,367.9,51.0,144.7,0.999
128,-1,1783.4,350.2,136.6,561.2,0.998
128,-1,177.0,395.1,55.3,138.7,0.997
128,-1,0.8,380.2,87.0,225.3,0.997
128,-1,675.9,378.9,32.3,102.5,0.996
128,-1,899.1,385.3,60.8,161.9,0.996
128,-1,793.6,377.0,38.3,123.9,0.994
128,-1,1370.3,383.0,50.4,133.0,0.990
128,-1,706.5,387.5,22.9,66.8,0.990
128,-1,94.9,399.0,42.0,99.7,0.988
128,-1,417.1,385.8,40.1,101.5,0.987
128,-1,862.3,376.1,31.9,110.0,0.977
128,-1,243.6,396.5,20.3,48.4,0.970
128,-1,772.6,383.7,31.5,112.9,0.968
128,-1,231.0,399.0,13.5,42.6,0.934
128,-1,448.3,379.9,33.6,74.3,0.909
128,-1,396.9,397.4,25.0,85.7,0.898
128,-1,629.2,408.8,24.9,45.7,0.858
128,-1,602.9,406.3,17.5,46.5,0.744
128,-1,472.2,392.6,24.5,58.1,0.743
128,-1,611.9,407.4,20.6,45.8,0.740
128,-1,872.5,393.0,24.3,78.6,0.717
128,-1,653.2,399.8,11.0,28.3,0.567
128,-1,53.9,398.3,20.1,62.7,0.482
128,-1,516.0,400.0,10.9,21.3,0.379
128,-1,43.7,403.2,28.2,96.9,0.289
128,-1,591.9,402.8,15.3,32.0,0.283
128,-1,234.5,401.2,16.8,42.2,0.282
128,-1,512.6,396.9,10.4,22.9,0.276
128,-1,479.4,393.5,19.3,43.5,0.267
128,-1,1370.6,383.4,48.4,65.7,0.264
128,-1,520.1,400.8,10.1,20.1,0.249
128,-1,597.9,410.3,16.2,42.0,0.145
128,-1,35.7,397.2,42.7,159.9,0.128
128,-1,413.1,388.2,27.1,95.5,0.116
128,-1,400.2,390.4,20.8,36.0,0.075
128,-1,476.1,392.6,18.5,26.0,0.069
128,-1,439.2,380.9,54.0,145.9,0.065
128,-1,596.3,402.6,15.8,36.2,0.063
128,-1,484.3,393.4,14.8,26.6,0.060
128,-1,643.5,405.3,14.5,35.3,0.051
129,-1,962.3,366.7,51.2,146.4,0.999
129,-1,1788.5,342.2,131.5,561.0,0.998
129,-1,184.9,393.1,54.5,139.5,0.998
129,-1,0.9,376.7,89.9,227.2,0.997
129,-1,714.1,387.1,24.1,67.8,0.996
129,-1,905.6,384.0,60.9,164.2,0.995
129,-1,799.4,375.1,39.3,124.0,0.994
129,-1,680.2,379.4,39.8,102.3,0.994
129,-1,1378.8,381.1,53.5,135.3,0.993
129,-1,424.5,389.3,35.9,94.6,0.989
129,-1,871.1,378.8,33.8,104.9,0.983
129,-1,103.1,399.8,43.0,99.6,0.981
129,-1,253.9,396.6,18.4,45.9,0.947
129,-1,457.1,390.0,37.8,63.5,0.926
129,-1,239.1,397.8,15.8,43.9,0.882
129,-1,782.7,380.4,31.1,115.5,0.844
129,-1,639.4,409.1,23.2,45.7,0.814
129,-1,623.1,406.8,19.3,47.6,0.759
129,-1,606.6,404.7,19.3,49.4,0.759
129,-1,660.7,400.2,11.0,28.0,0.618
129,-1,616.1,406.5,18.5,48.0,0.510
129,-1,477.2,396.7,24.2,52.8,0.428
129,-1,630.9,410.1,16.4,44.7,0.398
129,-1,404.7,392.9,16.8,62.7,0.385
129,-1,62.5,400.4,19.0,64.2,0.383
129,-1,410.2,390.7,19.6,78.8,0.357
129,-1,47.2,397.5,41.5,131.5,0.301
129,-1,245.9,396.3,17.1,46.8,0.244
129,-1,523.5,398.6,11.3,21.8,0.239
129,-1,487.4,394.4,19.4,47.7,0.232
129,-1,602.5,403.8,16.1,39.5,0.178
129,-1,1518.3,382.0,49.3,133.9,0.138
129,-1,486.1,395.2,19.3,24.2,0.137
129,-1,142.0,414.5,28.6,35.6,0.133
129,-1,526.9,400.5,11.5,20.3,0.112
129,-1,23.5,396.3,57.8,150.8,0.099
129,-1,139.9,417.0,31.5,62.8,0.085
129,-1,439.7,383.1,42.5,92.4,0.077
129,-1,444.9,384.3,22.3,59.4,0.056
129,-1,1.2,389.2,49.8,190.0,0.053
129,-1,412.5,387.1,18.9,40.8,0.051
130,-1,1782.7,342.4,137.1,563.7,0.999
130,-1,968.7,365.0,51.1,146.5,0.998
130,-1,0.7,375.3,92.7,229.2,0.998
130,-1,191.6,390.3,56.5,140.5,0.997
130,-1,912.3,384.2,63.3,162.3,0.997
130,-1,721.1,385.9,23.3,67.3,0.996
130,-1,799.0,375.5,43.9,123.6,0.996
130,-1,688.4,377.9,35.8,102.6,0.992
130,-1,1387.6,379.8,52.0,136.1,0.989
130,-1,877.0,377.6,33.8,105.1,0.987
130,-1,431.4,387.5,34.3,97.3,0.985
130,-1,247.3,394.7,14.2,44.5,0.974
130,-1,262.3,394.6,17.8,48.3,0.970
130,-1,111.4,399.1,40.9,99.2,0.968
130,-1,461.9,380.4,37.7,72.7,0.947
130,-1,644.3,405.8,24.3,48.1,0.874
130,-1,630.6,405.0,19.0,48.4,0.780
130,-1,613.4,406.7,19.1,46.2,0.761
130,-1,623.5,406.2,20.4,46.5,0.736
130,-1,410.3,394.7,23.2,84.9,0.733
130,-1,789.7,379.6,33.6,113.5,0.723
130,-1,493.5,394.2,18.5,48.7,0.627
130,-1,1386.5,380.6,50.9,63.4,0.612
130,-1,253.3,394.1,18.6,48.2,0.550
130,-1,607.7,408.3,18.2,44.3,0.369
130,-1,442.3,381.6,46.8,94.3,0.356
130,-1,788.6,388.0,23.7,78.7,0.299
130,-1,528.8,398.0,10.3,20.8,0.267
130,-1,52.4,401.9,38.4,134.0,0.229
130,-1,536.9,400.8,10.3,19.5,0.202
130,-1,1.4,380.2,48.6,209.1,0.178
130,-1,417.8,390.8,18.3,74.9,0.160
130,-1,1525.2,379.6,44.2,135.3,0.135
130,-1,667.9,400.1,10.7,26.6,0.129
130,-1,532.6,398.6,10.0,20.6,0.128
130,-1,64.0,398.0,23.8,104.5,0.123
130,-1,603.6,406.9,16.1,35.9,0.091
131,-1,984.6,361.0,51.9,151.3,0.999
131,-1,10.4,371.8,99.2,229.2,0.998
131,-1,211.7,388.4,53.7,140.6,0.997
131,-1,811.7,373.7,46.8,126.3,0.996
131,-1,1795.1,334.1,124.9,566.0,0.995
131,-1,928.9,379.8,58.8,163.7,0.992
131,-1,707.0,375.0,36.3,98.8,0.987
131,-1,1404.6,379.0,51.4,137.4,0.982
131,-1,893.2,377.5,34.6,103.5,0.953
131,-1,734.6,384.3,25.2,62.1,0.940
131,-1,127.5,396.8,34.3,96.5,0.875
131,-1,447.0,384.1,31.1,97.2,0.874
131,-1,63.4,395.5,53.3,200.6,0.848
131,-1,799.9,379.4,29.9,64.9,0.794
131,-1,657.2,390.2,30.5,59.4,0.772
131,-1,427.9,396.3,26.9,83.8,0.728
131,-1,260.9,393.3,34.4,72.1,0.711
131,-1,1405.5,378.4,49.0,62.1,0.607
131,-1,799.3,375.2,42.4,114.4,0.597
131,-1,473.9,385.7,32.3,66.7,0.520
131,-1,491.6,395.2,28.5,53.5,0.494
131,-1,625.9,400.8,31.2,48.2,0.466
131,-1,269.2,388.6,31.7,54.0,0.421
131,-1,742.6,361.5,23.8,73.3,0.396
131,-1,894.7,372.0,22.0,64.3,0.353
131,-1,644.8,403.2,20.0,46.0,0.317
131,-1,129.8,398.7,23.2,39.1,0.291
131,-1,509.5,393.8,23.8,46.4,0.277
131,-1,622.1,383.5,29.0,57.6,0.209
131,-1,161.3,407.1,32.0,79.5,0.192
131,-1,263.0,394.3,24.0,41.1,0.184
131,-1,75.0,397.9,35.5,132.7,0.182
131,-1,679.7,391.9,15.6,31.8,0.174
131,-1,1856.1,337.9,63.9,139.0,0.129
131,-1,427.5,368.2,41.8,112.6,0.129
131,-1,281.5,391.7,19.2,40.5,0.129
131,-1,480.2,381.6,44.0,70.7,0.113
131,-1,644.4,366.5,40.2,83.2,0.097
131,-1,462.8,375.2,40.8,97.6,0.092
131,-1,410.4,383.9,28.8,76.9,0.091
131,-1,623.4,381.2,25.1,34.7,0.087
131,-1,677.7,381.1,15.5,36.2,0.073
131,-1,741.2,404.7,22.4,39.1,0.056
131,-1,1345.1,377.1,104.5,151.8,0.055
131,-1,705.1,375.0,30.8,40.2,0.052
132,-1,16.4,373.4,94.7,229.0,0.999
132,-1,992.0,361.6,51.3,148.0,0.999
132,-1,817.0,374.9,46.0,122.0,0.998
132,-1,935.7,379.8,61.2,162.4,0.998
132,-1,220.6,390.5,58.5,134.5,0.998
132,-1,1769.1,346.2,146.8,552.1,0.991
132,-1,1413.1,379.9,52.8,138.0,0.991
132,-1,742.6,383.7,25.1,66.0,0.990
132,-1,712.8,376.8,34.3,99.3,0.984
132,-1,900.9,374.4,31.3,107.7,0.981
132,-1,455.2,384.9,34.3,96.7,0.980
132,-1,133.9,394.2,41.4,99.9,0.950
132,-1,93.5,394.2,20.9,66.6,0.889
132,-1,491.6,389.8,32.5,61.1,0.863
132,-1,654.7,401.3,19.7,50.7,0.832
132,-1,638.1,401.7,17.5,48.7,0.821
132,-1,667.3,405.2,23.5,45.8,0.809
132,-1,519.7,393.8,19.1,48.7,0.776
132,-1,271.8,395.5,15.5,42.5,0.763
132,-1,647.9,403.4,17.6,46.9,0.694
132,-1,290.9,393.6,14.4,45.6,0.691
132,-1,432.4,395.3,19.4,79.0,0.568
132,-1,1411.6,380.3,53.9,63.1,0.501
132,-1,630.2,398.3,15.5,37.1,0.495
132,-1,485.6,382.7,26.3,65.6,0.455
132,-1,690.7,398.8,10.8,28.0,0.431
132,-1,810.9,387.9,21.9,55.6,0.408
132,-1,553.4,394.8,10.6,22.3,0.269
132,-1,444.4,381.4,33.7,99.7,0.198
132,-1,278.0,394.8,22.8,45.3,0.194
132,-1,505.1,397.0,19.9,51.2,0.184
132,-1,82.8,392.4,34.4,96.7,0.176
132,-1,16.6,375.8,49.9,174.8,0.137
132,-1,624.4,407.0,18.9,36.9,0.126
132,-1,136.5,394.6,30.8,45.2,0.123
132,-1,527.4,398.3,13.3,41.8,0.096
132,-1,440.5,389.1,14.6,54.3,0.085
132,-1,562.4,397.5,10.0,17.9,0.084
132,-1,478.9,380.4,41.9,83.4,0.076
132,-1,73.2,392.6,45.2,155.1,0.070
132,-1,558.4,393.7,9.4,22.7,0.064
132,-1,1557.3,382.1,43.3,132.6,0.062
132,-1,813.9,377.2,24.9,103.8,0.053
133,-1,22.4,368.8,101.5,232.7,1.000
133,-1,998.7,358.9,52.2,150.9,0.999
133,-1,229.3,390.1,60.7,138.0,0.998
133,-1,749.9,382.7,25.2,66.2,0.997
133,-1,941.5,379.5,57.6,158.3,0.996
133,-1,825.2,372.3,44.7,123.3,0.995
133,-1,1756.2,341.7,163.8,553.0,0.994
133,-1,1423.0,376.8,51.2,139.8,0.994
133,-1,908.4,373.5,28.9,107.9,0.992
133,-1,718.1,375.3,36.3,101.8,0.989
133,-1,141.5,393.0,41.0,99.8,0.975
133,-1,456.1,383.2,35.4,97.5,0.970
133,-1,295.8,391.7,16.3,46.3,0.964
133,-1,281.0,392.7,15.0,44.2,0.963
133,-1,489.8,376.4,39.2,73.1,0.952
133,-1,101.5,393.6,21.1,64.8,0.923
133,-1,673.7,404.8,21.9,45.4,0.883
133,-1,527.0,390.5,17.8,48.1,0.827
133,-1,660.6,402.4,17.7,47.3,0.815
133,-1,653.4,402.2,17.1,46.9,0.743
133,-1,645.9,404.0,14.8,41.6,0.708
133,-1,816.1,383.8,23.1,61.6,0.541
133,-1,696.8,397.3,10.7,25.4,0.529
133,-1,668.1,403.6,18.3,47.5,0.514
133,-1,285.3,391.1,17.4,47.0,0.482
133,-1,634.9,397.7,17.0,35.1,0.330
133,-1,817.6,375.4,30.8,114.7,0.309
133,-1,439.0,385.1,20.7,73.1,0.285
133,-1,504.9,388.4,26.4,58.1,0.282
133,-1,564.6,396.1,14.5,22.3,0.246
133,-1,465.6,373.9,61.4,107.4,0.244
133,-1,562.3,393.7,10.4,22.4,0.201
133,-1,632.3,407.8,15.1,39.6,0.182
133,-1,556.5,395.6,11.7,20.4,0.144
133,-1,1560.9,386.5,48.2,129.5,0.137
133,-1,680.8,402.2,15.2,34.4,0.125
133,-1,1871.5,339.9,48.1,109.6,0.122
133,-1,524.7,388.3,16.8,25.8,0.077
133,-1,570.3,397.6,13.4,18.4,0.056
133,-1,517.0,384.9,21.3,52.9,0.055
133,-1,443.3,379.1,32.2,96.5,0.053
133,-1,183.3,408.8,23.8,32.7,0.052
134,-1,1745.0,339.7,175.0,545.3,0.999
134,-1,28.0,365.6,100.7,229.3,0.999
134,-1,1008.2,355.4,52.7,152.0,0.999
134,-1,237.6,387.2,58.7,137.4,0.998
134,-1,946.9,375.5,61.6,162.5,0.996
134,-1,831.8,369.4,45.4,123.7,0.995
134,-1,914.9,369.8,38.7,110.1,0.989
134,-1,1432.1,375.4,51.4,140.0,0.987
134,-1,757.2,380.8,22.6,67.0,0.986
134,-1,727.0,374.1,34.8,100.2,0.984
134,-1,494.2,372.9,39.0,74.7,0.965
134,-1,463.0,372.4,41.2,106.2,0.958
134,-1,151.6,391.1,36.4,97.6,0.955
134,-1,108.6,388.6,22.7,66.0,0.919
134,-1,652.7,400.4,17.2,46.9,0.916
134,-1,826.4,376.0,28.2,111.2,0.823
134,-1,669.1,399.5,17.8,48.2,0.821
134,-1,533.4,387.4,18.8,49.1,0.799
134,-1,447.1,390.7,20.0,82.4,0.795
134,-1,682.3,404.4,22.4,42.0,0.766
134,-1,301.5,388.6,18.1,45.1,0.676
134,-1,288.4,390.4,14.7,42.0,0.673
134,-1,1430.7,375.2,52.9,65.2,0.646
134,-1,660.7,401.3,18.5,46.0,0.627
134,-1,86.5,388.4,47.3,199.1,0.572
134,-1,823.9,380.2,24.1,66.8,0.541
134,-1,705.6,394.7,10.9,26.3,0.396
134,-1,525.6,386.7,20.5,54.1,0.296
134,-1,567.0,391.6,11.4,20.1,0.229
134,-1,641.3,404.7,15.5,40.7,0.204
134,-1,646.9,396.3,15.2,41.1,0.171
134,-1,190.8,405.7,23.2,29.9,0.156
134,-1,463.7,385.7,20.7,52.9,0.123
134,-1,452.0,386.7,15.8,50.6,0.120
134,-1,534.0,386.4,15.9,25.4,0.095
134,-1,92.5,392.5,43.7,111.1,0.095
134,-1,460.9,385.9,16.1,67.0,0.077
134,-1,186.5,406.8,29.2,56.2,0.068
134,-1,468.3,368.6,55.9,89.5,0.066
134,-1,466.2,381.0,27.7,75.0,0.066
134,-1,981.5,383.3,26.8,70.3,0.060
134,-1,563.0,391.4,10.9,20.0,0.058
134,-1,189.6,410.0,34.8,73.0,0.056
134,-1,26.4,377.9,45.9,168.5,0.050
135,-1,1740.8,339.5,178.3,530.9,0.999
135,-1,1012.9,351.7,54.3,154.1,0.999
135,-1,31.0,363.0,107.4,231.8,0.999
135,-1,245.2,383.6,55.4,137.1,0.997
135,-1,1442.2,372.1,49.5,142.1,0.997
135,-1,951.5,368.8,61.6,166.4,0.996
135,-1,836.2,367.9,46.2,121.8,0.996
135,-1,922.7,368.9,30.5,107.2,0.994
135,-1,728.4,368.3,38.4,105.1,0.990
135,-1,762.8,375.7,24.2,69.3,0.984
135,-1,153.9,388.2,42.7,97.9,0.977
135,-1,506.5,369.2,34.6,74.4,0.972
135,-1,472.3,374.2,33.8,102.6,0.941
135,-1,114.0,386.0,24.1,65.9,0.939
135,-1,537.2,383.4,23.0,52.2,0.929
135,-1,657.2,401.6,18.2,42.3,0.918
135,-1,313.7,386.4,15.5,45.3,0.889
135,-1,668.9,396.2,20.4,47.2,0.866
135,-1,294.9,383.6,16.4,47.8,0.856
135,-1,686.6,399.9,23.0,44.6,0.831
135,-1,830.8,376.3,23.3,60.4,0.777
135,-1,450.0,377.0,20.7,67.5,0.556
135,-1,679.2,398.1,15.9,46.4,0.496
135,-1,650.2,391.2,16.0,36.7,0.414
135,-1,452.9,385.2,24.0,83.6,0.382
135,-1,831.7,371.0,30.6,110.1,0.374
135,-1,306.4,385.9,18.6,47.4,0.335
135,-1,574.9,385.3,10.6,24.2,0.328
135,-1,711.1,391.1,11.0,26.5,0.275
135,-1,472.1,365.0,64.4,110.1,0.266
135,-1,458.3,381.8,20.6,57.0,0.263
135,-1,106.7,388.4,36.0,101.3,0.223
135,-1,289.5,387.5,19.1,76.9,0.190
135,-1,525.0,379.5,21.8,60.5,0.155
135,-1,196.8,403.1,26.1,31.3,0.140
135,-1,75.5,384.9,66.6,175.6,0.128
135,-1,495.3,375.3,29.4,72.3,0.100
135,-1,697.1,398.6,15.3,34.0,0.079
136,-1,1023.8,347.1,54.0,157.5,0.999
136,-1,34.7,354.7,102.5,235.8,0.999
136,-1,958.1,366.3,63.5,165.6,0.998
136,-1,1746.2,339.6,173.8,539.9,0.998
136,-1,255.5,377.4,56.5,137.6,0.996
136,-1,931.3,363.0,28.7,108.1,0.995
136,-1,843.4,366.5,45.8,117.6,0.993
136,-1,771.5,374.3,22.1,62.8,0.983
136,-1,743.5,368.1,32.4,96.8,0.975
136,-1,164.6,382.5,42.3,97.4,0.968
136,-1,511.4,364.6,37.3,72.6,0.968
136,-1,124.1,380.6,25.0,65.3,0.942
136,-1,1450.8,371.0,51.9,139.5,0.941
136,-1,547.7,375.3,22.9,55.1,0.852
136,-1,1450.4,370.9,51.5,61.9,0.844
136,-1,477.3,369.0,38.6,97.6,0.840
136,-1,693.8,393.1,21.2,46.3,0.785
136,-1,453.8,364.5,23.2,78.4,0.784
136,-1,319.1,379.2,18.8,45.7,0.784
136,-1,681.5,390.5,18.4,47.1,0.767
136,-1,305.0,378.9,15.4,45.5,0.766
136,-1,667.8,390.8,19.0,47.1,0.754
136,-1,460.3,370.1,21.7,88.0,0.719
136,-1,687.9,389.5,18.9,48.0,0.525
136,-1,838.3,377.9,19.8,52.7,0.524
136,-1,721.5,384.0,11.1,29.9,0.508
136,-1,674.1,389.1,19.3,48.0,0.442
136,-1,659.6,384.8,15.9,37.0,0.409
136,-1,300.3,379.7,19.7,81.1,0.365
136,-1,837.3,370.0,28.5,84.0,0.300
136,-1,877.9,378.2,14.5,83.2,0.283
136,-1,701.0,391.0,24.0,46.5,0.240
136,-1,827.3,367.0,15.1,59.9,0.196
136,-1,539.0,371.5,25.8,62.7,0.157
136,-1,544.7,367.8,17.0,28.6,0.144
136,-1,505.2,374.4,17.9,54.7,0.142
136,-1,585.1,378.5,12.2,24.7,0.124
136,-1,471.7,374.1,25.5,80.3,0.117
136,-1,108.0,381.9,41.2,113.4,0.113
136,-1,467.7,372.0,16.2,44.5,0.091
136,-1,477.2,374.9,24.4,48.9,0.090
136,-1,98.8,384.9,32.2,108.6,0.055
136,-1,92.2,383.1,48.2,156.8,0.053
137,-1,37.9,350.5,98.8,234.2,1.000
137,-1,1029.2,344.3,54.8,157.1,0.999
137,-1,960.5,364.4,64.1,162.8,0.998
137,-1,1750.9,339.3,169.1,542.9,0.997
137,-1,261.8,372.1,53.7,138.1,0.997
137,-1,745.7,361.4,36.3,102.5,0.993
137,-1,776.0,369.3,22.3,65.2,0.992
137,-1,521.3,361.1,36.1,72.1,0.992
137,-1,936.1,359.9,29.0,108.0,0.989
137,-1,850.0,360.9,44.0,113.4,0.989
137,-1,1460.6,366.0,49.4,141.9,0.986
137,-1,552.5,371.7,23.2,53.3,0.970
137,-1,169.2,376.3,41.7,99.3,0.955
137,-1,128.0,375.7,23.9,65.5,0.942
137,-1,480.1,360.8,46.1,104.9,0.931
137,-1,324.6,375.5,18.2,46.5,0.885
137,-1,462.9,366.6,22.5,91.9,0.838
137,-1,310.4,375.3,14.7,43.5,0.827
137,-1,700.6,389.3,23.1,45.3,0.783
137,-1,682.0,386.8,18.0,47.0,0.733
137,-1,691.8,386.5,15.3,46.7,0.708
137,-1,671.1,385.8,17.3,48.1,0.635
137,-1,509.9,369.6,18.4,51.7,0.557
137,-1,725.7,381.8,11.5,26.9,0.500
137,-1,842.6,374.8,21.3,52.4,0.456
137,-1,878.0,369.1,18.5,85.3,0.421
137,-1,590.2,375.0,12.0,25.2,0.350
137,-1,1460.0,366.3,50.3,65.0,0.333
137,-1,513.2,364.3,27.1,64.8,0.283
137,-1,469.2,365.2,32.1,99.9,0.235
137,-1,1862.7,347.0,57.3,124.8,0.198
137,-1,0.6,440.0,122.6,578.6,0.180
137,-1,126.1,373.4,27.3,135.2,0.157
137,-1,317.4,374.7,15.0,48.0,0.156
137,-1,108.4,378.6,33.6,121.6,0.143
137,-1,666.6,381.5,13.8,36.7,0.139
137,-1,593.2,371.8,13.0,29.0,0.136
137,-1,40.3,356.6,45.4,176.3,0.117
137,-1,1861.3,382.1,58.7,187.0,0.090
137,-1,487.0,368.3,35.6,63.0,0.079
137,-1,583.0,374.8,12.0,23.2,0.078
137,-1,90.4,377.3,58.5,153.4,0.073
137,-1,479.0,370.0,26.2,62.1,0.063
137,-1,833.5,369.0,12.9,53.6,0.052
138,-1,1034.0,340.9,56.1,158.8,0.999
138,-1,43.3,349.7,95.0,232.7,0.999
138,-1,268.1,370.4,53.9,136.2,0.997
138,-1,781.0,365.5,21.9,66.6,0.996
138,-1,962.8,362.4,63.9,162.3,0.996
138,-1,1465.2,364.6,53.0,141.8,0.994
138,-1,529.8,362.4,32.4,69.2,0.993
138,-1,1764.3,345.1,155.7,542.7,0.992
138,-1,852.7,358.1,45.1,117.2,0.991
138,-1,751.5,362.3,32.0,96.2,0.991
138,-1,940.2,357.5,33.8,109.1,0.984
138,-1,559.5,370.6,21.0,52.8,0.969
138,-1,174.7,373.4,40.5,100.4,0.959
138,-1,484.4,365.1,37.8,99.6,0.953
138,-1,131.6,371.4,24.4,67.4,0.953
138,-1,316.5,371.2,14.0,45.4,0.890
138,-1,330.2,372.6,17.4,47.4,0.886
138,-1,469.3,365.2,22.0,93.3,0.848
138,-1,687.3,383.1,18.7,47.8,0.793
138,-1,846.7,364.1,25.7,62.0,0.741
138,-1,462.3,362.1,22.6,73.4,0.725
138,-1,706.0,387.9,23.1,44.7,0.715
138,-1,514.6,368.0,18.4,47.0,0.701
138,-1,676.6,383.9,18.7,47.1,0.669
138,-1,731.4,377.1,11.6,31.7,0.644
138,-1,694.2,381.9,17.6,50.4,0.592
138,-1,700.7,385.2,17.6,47.2,0.569
138,-1,589.1,369.4,11.3,21.6,0.427
138,-1,1465.6,364.9,51.8,67.4,0.363
138,-1,883.1,371.0,18.3,82.2,0.356
138,-1,511.7,368.4,16.2,67.4,0.284
138,-1,596.6,369.9,11.3,24.7,0.238
138,-1,516.6,363.6,22.5,68.9,0.212
138,-1,0.0,425.2,105.2,610.4,0.200
138,-1,570.7,372.3,12.7,43.6,0.160
138,-1,475.3,368.3,26.1,84.2,0.160
138,-1,1861.8,344.9,58.2,125.4,0.151
138,-1,316.1,374.0,16.5,69.8,0.148
138,-1,672.5,378.4,14.1,42.3,0.111
138,-1,42.7,352.3,40.2,144.3,0.096
138,-1,215.9,386.9,25.9,33.3,0.089
138,-1,320.7,374.7,17.1,51.5,0.056
138,-1,212.7,387.2,31.8,70.5,0.052
138,-1,600.6,376.0,9.7,20.6,0.052
139,-1,44.9,348.4,95.1,235.0,1.000
139,-1,1037.8,340.2,57.5,158.5,0.999
139,-1,535.2,359.8,33.2,70.3,0.997
139,-1,273.3,365.9,51.5,135.3,0.997
139,-1,1772.2,334.0,147.8,567.6,0.997
139,-1,1470.0,362.6,54.6,142.2,0.997
139,-1,784.6,364.0,22.5,67.1,0.997
139,-1,966.3,362.4,65.3,160.8,0.995
139,-1,754.0,356.6,38.7,104.0,0.993
139,-1,944.1,356.1,28.5,110.1,0.988
139,-1,856.4,358.4,42.2,114.5,0.982
139,-1,137.7,371.1,23.4,66.4,0.978
139,-1,489.9,362.6,33.4,98.4,0.975
139,-1,177.2,370.9,40.0,102.2,0.970
139,-1,565.3,368.7,19.6,52.9,0.967
139,-1,333.6,369.3,17.9,47.4,0.916
139,-1,319.7,370.0,15.0,44.2,0.895
139,-1,707.0,384.4,23.1,46.5,0.857
139,-1,465.9,361.6,26.2,93.9,0.828
139,-1,679.3,384.3,17.4,45.2,0.776
139,-1,700.7,380.6,17.6,50.3,0.726
139,-1,688.2,382.5,17.6,47.0,0.595
139,-1,884.8,364.0,19.4,85.8,0.554
139,-1,514.7,366.5,18.5,66.2,0.550
139,-1,849.7,363.2,23.9,57.6,0.530
139,-1,519.3,365.1,16.9,49.8,0.497
139,-1,596.8,370.2,11.1,23.8,0.494
139,-1,573.3,372.5,14.4,47.8,0.413
139,-1,734.8,375.5,10.5,27.0,0.365
139,-1,0.0,497.1,117.2,527.8,0.351
139,-1,516.7,363.4,17.8,26.9,0.330
139,-1,674.6,378.1,14.3,35.9,0.204
139,-1,671.8,385.5,15.4,41.8,0.141
139,-1,473.5,357.7,42.1,104.3,0.114
139,-1,1858.8,391.3,61.2,192.0,0.098
139,-1,219.1,388.1,23.8,33.2,0.084
139,-1,0.3,358.2,39.5,699.1,0.061
139,-1,45.4,353.5,55.0,194.5,0.055
139,-1,217.2,388.6,27.8,72.8,0.055
139,-1,1032.5,415.7,18.6,53.8,0.054
139,-1,717.7,381.2,19.0,43.5,0.052
139,-1,527.1,358.6,29.5,65.0,0.050
140,-1,45.0,346.2,100.2,235.4,1.000
140,-1,1041.7,339.5,56.9,157.9,0.999
140,-1,787.8,364.5,21.5,63.8,0.998
140,-1,277.4,364.6,52.1,136.2,0.997
140,-1,968.5,362.4,64.4,160.6,0.995
140,-1,1473.3,362.5,54.6,140.5,0.995
140,-1,1780.2,343.2,139.8,555.6,0.994
140,-1,755.6,354.9,39.8,102.9,0.992
140,-1,537.9,359.5,32.5,67.7,0.980
140,-1,947.6,355.7,30.7,107.2,0.975
140,-1,860.3,357.9,38.7,106.9,0.971
140,-1,141.7,369.9,20.3,61.8,0.954
140,-1,185.0,369.8,32.8,100.5,0.954
140,-1,567.2,367.0,21.2,52.3,0.946
140,-1,334.8,365.8,20.6,49.9,0.937
140,-1,469.9,362.8,25.8,94.7,0.766
140,-1,490.5,361.6,31.2,97.8,0.739
140,-1,709.3,383.1,16.9,46.2,0.718
140,-1,321.0,365.8,17.0,45.9,0.692
140,-1,683.9,384.8,16.3,41.1,0.645
140,-1,691.5,378.2,20.3,49.4,0.624
140,-1,701.8,378.5,17.7,50.5,0.565
140,-1,890.2,368.4,18.7,80.3,0.526
140,-1,519.4,359.5,21.9,51.5,0.432
140,-1,494.7,315.9,23.8,37.3,0.289
140,-1,716.7,385.4,23.4,42.6,0.278
140,-1,849.5,363.9,26.2,100.5,0.267
140,-1,852.4,363.3,21.3,56.9,0.247
140,-1,475.2,332.6,43.5,126.9,0.245
140,-1,527.3,354.4,24.9,44.6,0.241
140,-1,468.5,376.0,17.9,57.7,0.226
140,-1,857.4,360.3,28.1,73.5,0.180
140,-1,322.1,369.6,19.5,69.2,0.179
140,-1,677.1,380.7,18.5,46.7,0.172
140,-1,519.8,331.5,51.8,94.2,0.162
140,-1,601.6,368.5,14.0,24.2,0.160
140,-1,1856.2,365.5,63.8,226.4,0.148
140,-1,520.5,314.7,28.3,43.5,0.143
140,-1,677.6,374.3,15.5,36.4,0.126
140,-1,1477.3,362.9,50.3,67.9,0.123
140,-1,573.7,367.3,17.8,30.7,0.095
140,-1,737.9,365.1,12.4,36.2,0.095
140,-1,517.7,344.2,22.7,44.8,0.089
140,-1,959.3,371.0,25.5,95.1,0.089
140,-1,843.6,364.8,13.5,53.8,0.089
140,-1,320.6,393.3,17.7,51.1,0.072
140,-1,533.9,354.2,25.9,52.9,0.072
140,-1,563.3,366.3,19.4,36.9,0.059
140,-1,0.3,644.6,95.4,400.2,0.055
140,-1,220.1,388.6,23.3,28.5,0.054
140,-1,719.2,375.8,17.8,39.0,0.053
140,-1,1632.9,367.1,58.5,137.9,0.051
140,-1,684.0,365.5,40.0,65.2,0.050
141,-1,46.6,347.0,101.3,236.9,0.999
141,-1,1048.2,338.9,59.6,157.9,0.999
141,-1,285.4,365.8,48.7,131.9,0.997
141,-1,1482.1,359.5,55.0,143.4,0.995
141,-1,545.1,358.1,38.3,69.1,0.994
141,-1,970.3,365.3,64.6,153.0,0.992
141,-1,761.6,353.3,42.3,103.1,0.991
141,-1,861.2,353.4,46.8,120.0,0.985
141,-1,1799.2,325.8,120.8,572.3,0.983
141,-1,792.2,362.2,22.0,63.2,0.977
141,-1,495.0,359.4,35.7,100.4,0.973
141,-1,953.9,354.1,27.7,103.1,0.967
141,-1,146.0,369.4,22.9,65.0,0.965
141,-1,188.1,370.5,37.1,99.3,0.953
141,-1,340.7,364.7,21.5,52.4,0.940
141,-1,473.8,359.2,28.0,93.4,0.855
141,-1,698.7,378.3,20.1,47.8,0.793
141,-1,328.7,366.0,15.1,48.7,0.764
141,-1,532.2,361.5,18.6,49.9,0.690
141,-1,576.0,366.2,19.0,52.1,0.679
141,-1,688.4,377.1,18.4,49.1,0.662
141,-1,522.7,361.6,17.9,67.3,0.629
141,-1,716.1,380.2,21.0,47.8,0.600
141,-1,895.4,363.7,19.1,86.7,0.598
141,-1,710.5,378.0,18.2,49.3,0.593
141,-1,526.3,360.0,18.8,49.3,0.589
141,-1,745.4,373.5,11.7,27.6,0.493
141,-1,331.2,363.1,25.2,64.3,0.384
141,-1,563.6,364.4,26.5,59.4,0.341
141,-1,857.2,360.6,29.8,108.3,0.337
141,-1,1484.8,358.6,51.4,66.6,0.314
141,-1,579.4,366.4,18.8,34.7,0.257
141,-1,144.2,364.1,28.1,124.0,0.232
141,-1,1850.2,342.6,69.8,258.5,0.165
141,-1,609.5,365.5,12.5,26.0,0.136
141,-1,524.5,353.3,21.2,32.4,0.122
141,-1,684.4,372.5,14.5,39.6,0.105
141,-1,326.7,391.9,19.4,49.7,0.099
141,-1,46.8,352.8,51.1,213.2,0.086
141,-1,858.8,364.2,18.7,53.3,0.069
141,-1,226.6,386.9,24.2,31.1,0.067
141,-1,535.9,354.4,23.5,45.1,0.058
141,-1,0.0,473.8,15.5,32.5,0.056
141,-1,77.9,405.6,89.9,168.8,0.055
141,-1,723.1,378.7,19.6,38.2,0.054
141,-1,70.3,370.8,68.7,159.5,0.053
142,-1,48.4,346.7,99.6,235.0,1.000
142,-1,1053.7,338.5,58.9,160.4,0.998
142,-1,288.7,362.7,49.6,135.8,0.998
142,-1,1808.8,323.2,111.2,593.7,0.996
142,-1,974.0,362.2,61.9,156.7,0.996
142,-1,796.7,360.9,22.3,66.5,0.993
142,-1,764.9,354.4,41.1,103.2,0.993
142,-1,1489.3,359.3,55.6,142.4,0.992
142,-1,549.3,358.3,40.9,67.8,0.989
142,-1,861.6,352.6,46.4,122.7,0.988
142,-1,149.6,368.8,23.7,66.9,0.973
142,-1,191.5,369.7,37.5,100.9,0.960
142,-1,345.6,365.4,21.3,50.3,0.946
142,-1,957.1,353.2,27.8,97.2,0.943
142,-1,497.2,359.6,34.6,98.2,0.928
142,-1,332.1,367.3,16.5,48.7,0.871
142,-1,476.1,358.9,28.4,93.4,0.844
142,-1,857.9,359.3,27.2,110.9,0.831
142,-1,895.3,369.9,22.8,82.3,0.812
142,-1,719.3,380.5,24.2,47.9,0.759
142,-1,0.4,423.6,21.4,81.9,0.684
142,-1,703.2,377.4,19.5,48.8,0.683
142,-1,480.9,359.0,39.3,103.0,0.680
142,-1,750.2,373.1,12.5,28.3,0.664
142,-1,535.9,363.1,21.6,49.5,0.581
142,-1,712.3,377.3,18.5,50.6,0.545
142,-1,526.1,359.8,19.5,50.1,0.538
142,-1,692.3,377.3,18.3,45.1,0.483
142,-1,580.1,365.2,18.1,54.6,0.166
142,-1,1849.8,324.7,70.2,268.0,0.140
142,-1,582.2,365.4,23.9,23.1,0.139
142,-1,485.0,359.9,21.4,64.4,0.127
142,-1,517.3,358.4,23.2,89.1,0.116
142,-1,728.8,374.3,17.7,42.3,0.106
142,-1,585.8,375.2,15.6,36.2,0.051
143,-1,51.9,347.6,92.2,236.9,1.000
143,-1,1057.0,339.1,60.5,160.2,0.999
143,-1,293.1,364.2,48.3,138.1,0.998
143,-1,799.8,364.3,21.9,64.1,0.993
143,-1,873.0,355.0,36.3,122.2,0.992
143,-1,972.8,364.7,64.4,154.9,0.990
143,-1,1818.5,320.9,101.5,597.7,0.990
143,-1,769.8,355.0,35.1,102.9,0.984
143,-1,1493.0,358.6,54.8,145.2,0.979
143,-1,194.8,373.0,38.3,99.3,0.975
143,-1,962.1,352.2,24.4,93.4,0.973
143,-1,559.1,363.1,25.6,64.9,0.970
143,-1,153.8,370.5,20.1,66.5,0.958
143,-1,354.6,370.3,15.2,46.7,0.915
143,-1,858.3,359.3,27.2,112.6,0.915
143,-1,338.3,368.4,14.5,45.1,0.905
143,-1,0.4,413.8,25.7,88.1,0.890
143,-1,530.4,372.0,16.3,59.5,0.881
143,-1,902.3,367.1,19.1,84.0,0.866
143,-1,503.6,363.3,31.5,97.8,0.856
143,-1,721.4,378.2,22.6,51.7,0.855
143,-1,543.3,364.5,21.3,65.1,0.847
143,-1,576.2,363.6,20.9,63.4,0.793
143,-1,696.7,381.6,17.8,47.1,0.731
143,-1,482.6,370.7,24.5,74.7,0.720
143,-1,704.7,379.6,18.0,48.3,0.643
143,-1,585.9,366.4,17.3,55.6,0.608
143,-1,712.2,378.3,17.7,50.6,0.509
143,-1,729.0,384.7,24.4,44.5,0.498
143,-1,1495.1,357.8,54.1,66.2,0.419
143,-1,752.9,374.1,10.3,27.9,0.335
143,-1,347.0,371.0,16.6,46.2,0.334
143,-1,693.0,379.5,12.8,33.0,0.320
143,-1,1848.1,333.4,71.9,263.2,0.215
143,-1,335.7,371.8,16.7,68.5,0.177
143,-1,591.6,370.5,13.9,44.1,0.139
143,-1,613.0,372.9,11.1,19.1,0.138
143,-1,533.7,366.9,16.6,41.3,0.135
143,-1,0.1,331.4,27.8,180.7,0.129
143,-1,236.4,391.2,32.3,79.6,0.129
143,-1,619.8,368.4,9.6,21.7,0.113
143,-1,234.2,388.2,26.1,36.7,0.098
143,-1,602.3,369.7,10.0,22.2,0.063
143,-1,689.0,383.5,17.0,42.9,0.060
144,-1,1061.0,338.9,61.4,160.4,0.999
144,-1,51.4,348.9,98.2,237.9,0.999
144,-1,297.7,365.3,47.9,134.9,0.997
144,-1,980.3,357.1,60.9,163.4,0.996
144,-1,556.5,357.5,40.4,71.2,0.993
144,-1,803.3,362.5,21.1,67.9,0.992
144,-1,773.9,356.9,36.6,102.4,0.991
144,-1,876.6,354.4,38.8,121.7,0.990
144,-1,1835.6,335.4,83.7,572.8,0.989
144,-1,1499.4,358.0,53.4,141.5,0.976
144,-1,156.8,371.0,21.0,66.5,0.976
144,-1,965.1,354.4,26.3,90.5,0.972
144,-1,199.0,373.3,37.1,100.0,0.966
144,-1,0.1,413.1,32.9,88.3,0.960
144,-1,501.7,362.6,35.2,100.9,0.940
144,-1,861.8,359.2,27.7,111.7,0.883
144,-1,342.4,369.2,15.6,46.4,0.870
144,-1,534.0,369.8,18.5,62.4,0.862
144,-1,355.9,370.5,18.3,46.9,0.826
144,-1,485.0,369.5,25.4,80.3,0.803
144,-1,757.8,375.7,11.3,27.6,0.764
144,-1,905.7,359.6,19.8,93.1,0.761
144,-1,700.5,382.0,17.7,46.6,0.759
144,-1,726.7,381.4,18.9,48.5,0.741
144,-1,550.6,358.5,27.0,67.0,0.645
144,-1,592.0,367.9,16.2,51.9,0.628
144,-1,1501.0,357.8,53.1,64.3,0.606
144,-1,710.7,382.0,17.7,46.3,0.559
144,-1,720.5,376.5,18.6,53.5,0.521
144,-1,697.7,379.5,13.0,39.3,0.418
144,-1,620.6,371.0,12.1,23.1,0.357
144,-1,732.5,384.7,24.7,45.0,0.323
144,-1,546.6,365.0,19.5,54.9,0.294
144,-1,753.5,371.4,16.1,39.5,0.268
144,-1,572.4,363.4,28.7,63.0,0.220
144,-1,1849.8,322.8,70.2,230.2,0.220
144,-1,537.2,367.2,17.5,41.8,0.157
144,-1,1864.4,317.5,55.1,107.6,0.129
144,-1,595.0,367.9,13.5,28.1,0.128
144,-1,694.3,383.7,12.9,38.7,0.093
144,-1,629.7,370.4,9.0,24.7,0.056
145,-1,54.2,349.0,91.1,238.4,1.000
145,-1,1067.6,339.2,61.3,162.5,0.998
145,-1,302.9,369.7,48.3,134.0,0.997
145,-1,986.2,358.9,54.9,162.2,0.994
145,-1,1843.4,316.6,76.6,592.4,0.993
145,-1,1504.0,358.8,54.6,143.2,0.988
145,-1,775.7,356.1,39.2,104.9,0.987
145,-1,878.3,356.5,40.0,118.6,0.985
145,-1,558.7,358.5,44.4,71.3,0.980
145,-1,507.7,364.5,32.5,100.2,0.972
145,-1,160.1,373.0,24.7,68.0,0.968
145,-1,0.0,410.0,34.5,90.1,0.949
145,-1,968.5,355.8,27.6,94.9,0.944
145,-1,807.0,364.2,20.5,54.9,0.936
145,-1,209.0,377.2,27.4,85.2,0.874
145,-1,865.8,362.7,24.3,106.9,0.866
145,-1,907.0,366.3,21.7,88.1,0.786
145,-1,357.3,370.1,22.8,47.1,0.779
145,-1,487.2,356.3,26.7,100.4,0.768
145,-1,534.0,366.6,21.0,64.2,0.751
145,-1,1508.1,359.5,50.3,64.7,0.581
145,-1,706.4,368.1,29.9,62.3,0.417
145,-1,345.3,371.2,16.8,45.4,0.382
145,-1,493.7,362.3,33.3,99.5,0.325
145,-1,732.5,385.6,26.3,44.8,0.312
145,-1,545.6,366.2,28.3,64.9,0.297
145,-1,703.7,382.1,17.9,48.6,0.267
145,-1,592.2,370.4,19.5,54.0,0.240
145,-1,723.0,384.9,19.0,46.0,0.220
145,-1,494.2,365.1,20.8,68.3,0.215
145,-1,1858.6,321.0,61.4,163.4,0.194
145,-1,541.3,366.8,26.2,46.0,0.134
145,-1,760.0,364.0,12.0,37.5,0.116
146,-1,1075.9,338.8,60.9,165.9,0.999
146,-1,307.8,372.5,48.7,135.0,0.998
146,-1,54.8,351.9,91.3,238.8,0.998
146,-1,984.8,357.5,63.5,166.8,0.997
146,-1,1820.8,328.6,99.2,595.1,0.996
146,-1,786.8,360.1,37.3,106.0,0.992
146,-1,877.2,355.7,45.5,123.6,0.990
146,-1,813.2,363.5,20.2,70.3,0.978
146,-1,211.5,382.7,29.7,100.7,0.973
146,-1,169.1,376.5,19.3,69.2,0.952
146,-1,974.5,356.8,23.5,103.3,0.927
146,-1,0.5,405.9,40.1,123.0,0.896
146,-1,1512.9,364.4,55.7,139.5,0.865
146,-1,574.0,364.9,38.3,69.9,0.856
146,-1,371.5,378.2,15.7,44.4,0.794
146,-1,497.4,365.3,22.2,92.1,0.782
146,-1,543.4,377.9,19.1,56.2,0.730
146,-1,913.5,373.3,23.3,82.0,0.729
146,-1,1511.8,362.0,55.7,64.9,0.679
146,-1,739.7,389.7,22.7,44.6,0.555
146,-1,564.1,363.3,28.9,68.2,0.555
146,-1,503.3,367.4,33.7,98.4,0.374
146,-1,873.2,363.1,22.9,110.9,0.361
146,-1,709.5,385.6,20.3,48.9,0.338
146,-1,976.1,355.3,18.1,61.2,0.285
146,-1,712.1,367.2,25.1,62.5,0.266
146,-1,559.2,371.0,20.1,53.8,0.262
146,-1,0.0,405.1,11.8,131.3,0.241
146,-1,726.8,381.7,32.3,53.3,0.215
146,-1,981.4,372.4,23.4,93.7,0.193
146,-1,876.4,364.9,18.4,66.1,0.185
146,-1,720.7,384.8,22.2,49.2,0.176
146,-1,768.5,369.8,12.7,38.0,0.172
146,-1,368.6,396.0,14.7,32.0,0.095
146,-1,549.5,370.5,17.4,46.9,0.080
146,-1,778.9,354.0,13.3,48.1,0.074
146,-1,820.8,371.6,17.0,58.3,0.070
146,-1,1847.9,335.7,70.6,255.0,0.066
146,-1,362.7,391.2,16.7,37.6,0.063
146,-1,1862.6,325.1,55.8,104.4,0.060
146,-1,244.8,397.6,27.5,38.9,0.060
146,-1,976.2,358.4,43.0,134.2,0.051
147,-1,1083.1,338.9,60.3,165.4,0.999
147,-1,58.2,355.3,101.4,239.9,0.998
147,-1,315.3,374.5,48.0,134.1,0.997
147,-1,790.4,365.5,34.6,99.7,0.996
147,-1,992.1,359.7,60.6,164.8,0.995
147,-1,817.7,367.4,21.0,67.1,0.995
147,-1,1811.4,330.8,108.6,600.6,0.994
147,-1,882.2,359.1,43.0,120.4,0.990
147,-1,579.2,360.1,42.6,74.9,0.985
147,-1,0.0,400.8,44.0,178.9,0.984
147,-1,174.5,377.8,20.2,65.6,0.957
147,-1,214.1,379.3,37.9,101.1,0.954
147,-1,1517.0,360.5,60.4,145.3,0.944
147,-1,980.3,356.9,24.0,92.7,0.943
147,-1,499.5,366.2,25.1,96.7,0.904
147,-1,744.4,386.9,22.5,48.4,0.880
147,-1,373.6,376.1,18.4,47.4,0.880
147,-1,361.1,376.2,15.3,45.3,0.872
147,-1,919.1,369.5,22.4,87.9,0.770
147,-1,726.7,386.4,20.2,47.6,0.691
147,-1,774.9,379.7,10.7,28.4,0.653
147,-1,715.4,384.7,18.2,47.7,0.641
147,-1,546.6,381.8,21.1,52.3,0.622
147,-1,734.1,385.7,18.2,49.3,0.579
147,-1,564.4,377.3,18.4,43.7,0.535
147,-1,878.2,366.6,23.6,107.2,0.531
147,-1,516.1,369.2,32.6,99.2,0.478
147,-1,568.2,376.5,22.2,53.1,0.400
147,-1,1523.9,361.4,52.0,61.1,0.396
147,-1,641.3,377.6,11.1,20.9,0.311
147,-1,547.3,370.8,19.0,45.4,0.301
147,-1,8.7,417.8,35.5,79.2,0.235
147,-1,0.2,393.8,19.4,173.9,0.227
147,-1,367.2,375.7,15.1,47.8,0.219
147,-1,559.9,370.8,19.6,42.1,0.110
147,-1,1834.2,326.3,84.2,198.2,0.072
147,-1,553.6,367.9,19.4,30.6,0.071
147,-1,789.1,371.0,19.8,58.0,0.064
147,-1,637.5,376.7,10.9,22.5,0.063
147,-1,1487.6,359.3,82.5,178.3,0.060
148,-1,62.1,355.9,97.5,237.9,0.999
148,-1,1088.3,338.0,60.6,165.9,0.998
148,-1,1804.5,329.1,115.5,569.2,0.996
148,-1,319.0,376.2,50.1,129.2,0.996
148,-1,884.0,358.7,45.2,121.9,0.995
148,-1,993.5,358.9,64.9,164.3,0.995
148,-1,0.2,393.6,38.8,191.3,0.980
148,-1,789.8,360.6,50.9,104.1,0.971
148,-1,1529.1,359.5,53.1,146.9,0.967
148,-1,503.7,378.5,28.1,88.2,0.927
148,-1,587.6,362.6,38.0,72.9,0.904
148,-1,984.8,356.3,24.4,88.1,0.864
148,-1,821.2,365.3,21.6,50.9,0.833
148,-1,923.5,366.1,23.1,92.1,0.787
148,-1,177.9,378.0,21.9,64.0,0.756
148,-1,226.7,380.9,27.0,96.8,0.724
148,-1,573.0,362.8,30.1,69.3,0.624
148,-1,1533.4,360.9,49.7,62.0,0.601
148,-1,527.6,369.9,26.1,97.1,0.600
148,-1,725.9,366.0,35.2,67.5,0.553
148,-1,511.5,369.9,33.9,98.8,0.459
148,-1,719.5,380.2,21.3,54.3,0.412
148,-1,885.3,365.2,17.8,59.2,0.392
148,-1,778.1,363.7,14.9,43.7,0.336
148,-1,743.3,383.8,23.7,50.8,0.317
148,-1,883.3,365.1,23.2,106.5,0.316
148,-1,550.6,375.0,25.7,52.6,0.296
148,-1,14.9,424.3,34.3,72.0,0.288
148,-1,987.1,356.6,20.1,53.0,0.282
148,-1,380.9,377.0,20.7,39.9,0.265
148,-1,566.5,370.9,22.6,55.5,0.264
148,-1,730.3,365.5,23.3,45.4,0.264
148,-1,506.2,377.3,22.5,56.0,0.168
148,-1,227.7,380.1,22.7,47.2,0.157
148,-1,728.8,365.1,21.7,25.4,0.152
148,-1,510.3,376.2,18.1,32.7,0.134
148,-1,526.0,376.0,19.7,51.8,0.129
148,-1,753.1,369.3,23.6,53.4,0.119
148,-1,784.4,359.1,17.1,48.3,0.113
148,-1,1462.7,356.7,58.0,186.5,0.093
148,-1,722.8,363.8,25.0,41.3,0.078
148,-1,230.2,388.9,47.1,89.6,0.069
149,-1,65.5,355.8,99.4,237.9,0.999
149,-1,1094.4,338.6,60.5,165.9,0.999
149,-1,328.1,377.4,46.3,127.9,0.998
149,-1,996.3,360.1,64.6,164.6,0.995
149,-1,1790.5,343.4,129.0,531.6,0.995
149,-1,0.2,399.2,54.4,188.6,0.994
149,-1,796.4,359.7,47.1,107.4,0.992
149,-1,888.0,358.3,44.8,122.0,0.991
149,-1,1534.5,361.5,57.3,144.9,0.985
149,-1,596.7,366.5,40.0,68.1,0.983
149,-1,827.2,364.7,21.8,71.9,0.972
149,-1,223.9,379.0,38.0,102.2,0.929
149,-1,508.5,368.1,28.6,95.9,0.914
149,-1,557.7,369.5,21.7,66.6,0.852
149,-1,783.9,361.3,14.4,46.1,0.851
149,-1,988.4,355.5,24.8,88.0,0.838
149,-1,927.1,367.5,25.3,91.4,0.837
149,-1,727.9,376.2,24.5,58.2,0.804
149,-1,184.5,376.9,22.7,67.8,0.778
149,-1,752.8,383.4,28.1,50.9,0.657
149,-1,581.8,364.6,31.1,67.7,0.610
149,-1,573.5,370.7,18.6,53.4,0.597
149,-1,747.2,382.6,21.8,52.5,0.583
149,-1,992.2,356.1,19.9,53.3,0.489
149,-1,386.0,379.0,20.0,46.3,0.470
149,-1,524.8,367.0,30.6,99.0,0.395
149,-1,1534.9,361.2,55.4,66.9,0.342
149,-1,736.0,374.5,28.3,58.8,0.316
149,-1,731.6,364.9,24.4,47.5,0.201
149,-1,791.6,357.5,15.3,47.0,0.168
149,-1,887.1,362.8,22.4,112.3,0.161
149,-1,760.4,368.7,24.4,60.4,0.140
149,-1,732.1,364.5,20.6,25.1,0.137
149,-1,725.2,377.4,15.4,44.6,0.122
149,-1,615.4,372.6,24.6,59.1,0.110
149,-1,535.9,374.9,20.1,62.7,0.104
149,-1,371.5,378.8,23.8,49.8,0.104
149,-1,176.8,377.3,34.8,124.0,0.097
149,-1,1856.7,328.6,63.3,475.7,0.084
149,-1,719.1,363.8,14.4,32.8,0.075
149,-1,742.0,363.4,40.4,72.5,0.073
149,-1,549.4,375.1,15.9,41.1,0.070
149,-1,555.5,372.8,17.7,47.1,0.068
150,-1,1100.6,337.1,58.8,167.3,0.999
150,-1,65.9,354.7,100.6,237.7,0.999
150,-1,330.2,373.8,48.6,130.2,0.999
150,-1,805.4,360.0,35.7,107.8,0.994
150,-1,0.2,392.8,55.7,189.6,0.993
150,-1,1003.4,357.4,59.7,164.4,0.991
150,-1,1788.8,344.4,131.2,535.9,0.991
150,-1,895.3,358.0,41.3,120.5,0.984
150,-1,600.4,357.7,42.6,73.7,0.982
150,-1,1541.0,358.4,57.5,143.4,0.982
150,-1,832.7,365.5,20.7,67.5,0.971
150,-1,532.0,366.3,30.1,101.2,0.964
150,-1,239.2,378.6,26.4,101.6,0.913
150,-1,560.5,375.4,23.0,58.2,0.912
150,-1,995.4,354.3,22.4,86.5,0.890
150,-1,932.2,365.0,25.4,91.1,0.872
150,-1,579.3,372.0,20.1,52.0,0.802
150,-1,758.9,384.4,25.5,48.6,0.785
150,-1,189.3,375.7,24.1,68.4,0.768
150,-1,743.0,382.0,22.2,49.9,0.663
150,-1,752.4,383.2,18.9,49.1,0.662
150,-1,1540.1,357.4,61.1,72.4,0.610
150,-1,512.1,371.7,25.0,87.4,0.601
150,-1,732.6,383.1,16.7,46.5,0.561
150,-1,389.8,374.5,19.7,45.0,0.497
150,-1,183.2,368.8,33.0,112.3,0.460
150,-1,891.7,363.7,23.0,114.4,0.440
150,-1,586.5,362.4,29.5,63.9,0.404
150,-1,1858.8,334.1,61.2,456.6,0.310
150,-1,790.8,374.9,12.3,31.0,0.299
150,-1,376.5,376.4,22.2,44.3,0.236
150,-1,520.4,366.7,28.5,97.8,0.211
150,-1,621.0,368.3,23.8,58.4,0.199
150,-1,519.0,371.2,17.7,42.2,0.184
150,-1,1041.2,364.4,24.9,82.8,0.123
150,-1,548.2,371.3,17.6,89.1,0.114
150,-1,561.0,366.5,20.7,28.4,0.108
150,-1,552.7,370.8,15.2,47.6,0.096
150,-1,522.1,368.3,18.6,61.6,0.093
150,-1,794.5,366.0,13.8,39.0,0.077
150,-1,543.3,368.0,20.2,55.7,0.074
150,-1,554.7,373.5,19.8,58.7,0.061
150,-1,658.1,375.8,12.2,21.9,0.056
150,-1,579.8,367.8,20.2,27.7,0.054
150,-1,739.2,372.5,40.9,61.7,0.054
151,-1,72.1,351.5,102.7,243.6,1.000
151,-1,1108.5,333.7,61.1,170.0,0.999
151,-1,341.4,372.5,47.0,127.5,0.998
151,-1,0.0,391.1,66.3,190.7,0.997
151,-1,1009.9,357.9,58.2,163.4,0.995
151,-1,1787.9,352.5,132.1,529.6,0.992
151,-1,811.9,358.6,42.7,108.9,0.991
151,-1,903.4,356.4,39.8,122.7,0.991
151,-1,609.0,355.1,41.6,74.0,0.986
151,-1,238.2,376.6,38.8,102.1,0.976
151,-1,845.3,364.0,19.5,61.7,0.975
151,-1,939.5,365.1,27.5,87.9,0.963
151,-1,199.5,376.7,21.0,65.7,0.946
151,-1,1555.3,357.0,57.1,144.7,0.911
151,-1,520.9,363.2,25.7,97.8,0.902
151,-1,769.0,380.1,25.2,50.8,0.896
151,-1,572.6,376.6,19.2,55.2,0.894
151,-1,1004.2,352.2,23.9,81.2,0.887
151,-1,742.1,381.6,18.6,48.9,0.840
151,-1,749.2,379.8,20.5,50.3,0.818
151,-1,387.7,371.7,17.1,47.3,0.808
151,-1,590.3,367.6,19.2,55.4,0.726
151,-1,402.9,372.7,17.3,47.2,0.706
151,-1,1050.2,356.3,23.8,103.0,0.672
151,-1,802.0,373.1,11.3,31.4,0.613
151,-1,602.4,359.7,25.5,67.4,0.528
151,-1,667.1,370.9,10.0,21.5,0.481
151,-1,539.8,363.6,36.6,99.7,0.475
151,-1,527.4,358.5,34.0,107.3,0.473
151,-1,761.6,378.4,22.4,52.5,0.459
151,-1,558.7,368.7,16.2,80.1,0.314
151,-1,1556.6,354.5,54.8,68.5,0.256
151,-1,572.3,367.2,18.9,40.6,0.232
151,-1,1038.4,354.1,36.1,144.0,0.177
151,-1,634.5,368.0,21.5,58.5,0.175
151,-1,670.0,373.0,10.3,21.7,0.162
151,-1,1006.7,355.3,31.7,118.0,0.154
151,-1,586.7,368.0,17.1,43.2,0.118
151,-1,646.3,377.3,13.4,44.4,0.109
151,-1,672.2,367.1,11.0,26.2,0.093
151,-1,588.4,363.0,18.1,28.3,0.087
151,-1,578.1,363.7,19.3,51.9,0.085
151,-1,568.5,364.4,17.1,27.4,0.079
151,-1,0.0,313.1,13.9,259.3,0.065
151,-1,576.8,356.4,21.3,29.6,0.063
151,-1,735.2,384.9,19.4,44.0,0.063
151,-1,568.8,372.6,14.9,43.8,0.061
151,-1,561.1,369.4,16.7,42.3,0.057
151,-1,674.8,371.9,11.5,23.1,0.057
152,-1,70.2,350.3,102.9,241.8,1.000
152,-1,1110.6,331.5,60.7,170.9,0.999
152,-1,342.3,369.8,46.8,130.0,0.998
152,-1,844.8,360.2,21.4,66.2,0.996
152,-1,0.0,390.3,68.2,190.0,0.996
152,-1,612.3,349.0,43.9,78.3,0.996
152,-1,1010.3,357.8,58.0,161.9,0.995
152,-1,810.8,354.6,41.9,112.0,0.993
152,-1,1557.3,353.1,58.1,148.0,0.991
152,-1,1789.2,344.3,129.7,537.9,0.991
152,-1,901.2,353.7,43.4,123.2,0.991
152,-1,240.5,374.9,37.6,99.9,0.976
152,-1,940.0,360.4,27.5,91.3,0.960
152,-1,202.0,376.1,19.7,62.9,0.950
152,-1,572.7,376.8,21.1,54.1,0.923
152,-1,766.3,376.4,22.2,52.5,0.903
152,-1,520.7,362.4,25.8,98.3,0.899
152,-1,389.4,370.8,15.7,46.0,0.868
152,-1,1006.0,350.7,22.3,59.0,0.860
152,-1,588.9,365.1,22.4,57.7,0.860
152,-1,405.7,370.0,16.5,48.1,0.853
152,-1,742.6,380.3,16.8,46.7,0.848
152,-1,750.9,378.4,18.8,49.4,0.819
152,-1,757.9,377.7,20.8,52.8,0.776
152,-1,802.5,372.3,12.2,30.4,0.697
152,-1,559.4,370.9,16.8,59.5,0.659
152,-1,899.5,357.0,24.2,112.2,0.635
152,-1,1051.4,361.3,23.4,99.8,0.634
152,-1,540.3,361.4,35.0,99.9,0.590
152,-1,669.5,372.6,11.0,19.3,0.316
152,-1,1004.4,353.5,24.9,108.9,0.274
152,-1,603.6,360.1,19.3,63.9,0.218
152,-1,394.7,371.4,17.4,46.0,0.191
152,-1,604.7,350.6,32.7,75.0,0.134
152,-1,673.9,371.6,9.6,19.8,0.120
152,-1,568.1,363.1,18.6,31.2,0.086
152,-1,778.9,382.2,21.2,42.0,0.069
152,-1,565.4,361.6,15.6,23.3,0.051
153,-1,67.0,348.8,100.7,238.6,0.999
153,-1,1113.8,329.5,60.7,170.9,0.999
153,-1,344.5,366.6,46.0,124.5,0.998
153,-1,817.2,353.5,35.5,105.3,0.993
153,-1,1011.8,354.4,57.6,162.3,0.993
153,-1,0.0,383.4,65.9,191.6,0.992
153,-1,903.4,348.7,41.3,124.9,0.991
153,-1,1796.2,323.1,123.8,562.7,0.987
153,-1,618.9,352.1,41.4,71.7,0.980
153,-1,1561.4,348.6,56.3,152.2,0.978
153,-1,845.2,356.1,23.2,69.5,0.966
153,-1,941.1,358.2,29.4,90.7,0.918
153,-1,547.5,361.0,28.9,98.2,0.915
153,-1,201.8,369.5,21.5,65.3,0.912
153,-1,574.4,366.7,22.7,59.8,0.899
153,-1,521.6,359.7,28.7,96.5,0.888
153,-1,240.2,372.2,37.1,101.7,0.867
153,-1,1006.5,347.8,24.3,63.6,0.857
153,-1,770.1,371.9,25.3,52.1,0.819
153,-1,592.8,364.1,22.0,54.4,0.808
153,-1,750.0,372.5,22.7,50.8,0.730
153,-1,403.4,364.0,21.9,47.7,0.709
153,-1,761.4,378.9,20.9,45.1,0.673
153,-1,389.6,366.1,18.8,46.6,0.621
153,-1,610.2,354.8,25.5,64.5,0.611
153,-1,744.9,372.9,18.9,48.1,0.492
153,-1,1053.4,352.8,23.5,104.6,0.437
153,-1,558.2,366.6,23.0,60.7,0.395
153,-1,672.8,366.8,11.9,20.9,0.314
153,-1,1007.0,350.3,27.0,108.4,0.298
153,-1,603.0,362.3,17.7,56.0,0.240
153,-1,805.9,357.9,13.8,42.1,0.235
153,-1,1561.7,349.0,58.5,74.8,0.213
153,-1,780.7,363.8,20.3,52.8,0.110
153,-1,919.1,351.3,40.2,109.8,0.088
153,-1,756.8,361.8,42.6,63.6,0.081
153,-1,592.1,361.9,22.6,25.3,0.068
154,-1,67.7,345.6,104.4,240.7,1.000
154,-1,1118.1,327.8,61.1,172.5,0.999
154,-1,349.2,365.0,45.4,126.0,0.998
154,-1,0.0,379.3,65.3,190.4,0.993
154,-1,1017.0,351.4,57.0,162.5,0.993
154,-1,821.2,351.0,38.2,105.9,0.990
154,-1,904.0,345.1,42.3,128.0,0.990
154,-1,1799.6,327.4,120.4,574.0,0.989
154,-1,620.4,344.3,43.4,77.2,0.988
154,-1,849.0,353.9,23.0,69.8,0.982
154,-1,1565.3,347.1,59.1,149.9,0.975
154,-1,202.3,367.7,22.8,66.1,0.965
154,-1,243.2,369.2,39.2,100.6,0.962
154,-1,941.5,350.7,31.0,95.5,0.957
154,-1,577.5,370.0,20.8,55.3,0.948
154,-1,524.7,356.7,29.5,99.1,0.914
154,-1,775.9,371.4,26.7,50.9,0.911
154,-1,536.2,354.7,42.4,106.2,0.893
154,-1,1010.5,345.7,22.1,61.0,0.880
154,-1,595.8,364.4,20.7,53.6,0.838
154,-1,756.8,370.7,20.7,50.3,0.824
154,-1,410.0,364.9,16.7,45.1,0.803
154,-1,747.8,372.3,16.6,47.4,0.693
154,-1,395.7,365.3,15.3,45.1,0.687
154,-1,809.4,364.0,11.9,33.6,0.623
154,-1,677.4,363.1,10.1,21.3,0.610
154,-1,767.9,370.7,21.7,52.1,0.608
154,-1,554.7,361.9,24.1,93.5,0.286
154,-1,1566.2,346.8,60.1,74.3,0.275
154,-1,1057.4,355.2,20.9,91.8,0.271
154,-1,604.3,361.1,18.0,57.1,0.255
154,-1,561.0,363.3,21.7,62.1,0.182
154,-1,673.7,366.4,11.1,19.6,0.166
154,-1,572.0,366.2,18.2,58.9,0.144
154,-1,1008.1,347.2,26.1,100.4,0.139
154,-1,281.1,384.7,27.3,34.9,0.114
154,-1,586.7,367.0,18.3,54.4,0.103
154,-1,574.6,355.4,25.0,26.0,0.086
154,-1,574.2,360.9,18.6,33.5,0.068
155,-1,65.7,343.5,107.5,244.2,1.000
155,-1,1121.4,326.1,58.9,171.6,0.999
155,-1,350.1,363.4,47.1,130.4,0.999
155,-1,0.0,382.8,68.2,188.0,0.996
155,-1,1018.7,349.3,54.6,161.7,0.995
155,-1,909.5,345.2,35.3,123.3,0.994
155,-1,821.4,349.3,40.2,109.5,0.994
155,-1,620.1,337.7,51.1,87.5,0.993
155,-1,1808.1,320.6,111.9,574.4,0.988
155,-1,203.0,366.9,22.7,68.3,0.975
155,-1,1568.8,343.4,58.0,151.2,0.968
155,-1,243.9,369.3,38.6,100.2,0.963
155,-1,851.4,354.4,22.3,66.5,0.957
155,-1,945.8,357.0,29.5,89.1,0.949
155,-1,540.6,348.1,39.3,115.1,0.947
155,-1,413.0,365.3,15.4,44.9,0.946
155,-1,777.8,370.0,24.3,51.9,0.922
155,-1,396.8,366.5,15.3,44.4,0.889
155,-1,759.7,369.0,22.1,51.8,0.884
155,-1,1015.0,344.7,20.4,61.4,0.866
155,-1,678.2,366.0,10.2,19.7,0.863
155,-1,525.2,356.9,25.1,97.4,0.846
155,-1,749.9,370.4,17.9,50.5,0.830
155,-1,600.4,363.9,19.8,51.0,0.807
155,-1,810.1,364.8,11.2,30.2,0.768
155,-1,939.4,346.4,23.8,98.3,0.701
155,-1,580.3,369.1,20.6,54.3,0.549
155,-1,688.0,366.6,8.6,17.8,0.495
155,-1,285.1,382.7,24.2,33.0,0.298
155,-1,1057.7,351.2,20.4,99.4,0.280
155,-1,567.4,362.6,16.9,64.6,0.225
155,-1,579.1,358.8,23.5,43.9,0.221
155,-1,1568.9,344.5,60.3,76.1,0.217
155,-1,590.4,360.3,24.9,50.2,0.151
155,-1,714.5,366.9,13.6,15.5,0.142
155,-1,578.8,352.9,26.0,29.8,0.131
155,-1,694.8,365.5,9.2,17.9,0.108
155,-1,281.0,383.8,33.6,77.5,0.086
155,-1,592.9,354.0,24.4,30.2,0.068
155,-1,592.8,344.9,23.3,24.1,0.055
156,-1,1125.2,324.5,57.7,175.1,0.999
156,-1,62.6,344.5,106.3,241.7,0.999
156,-1,350.6,361.1,47.8,127.7,0.997
156,-1,1805.5,308.2,114.5,607.3,0.996
156,-1,0.0,379.4,62.5,193.7,0.995
156,-1,618.9,339.3,57.4,80.0,0.993
156,-1,1020.7,346.3,54.4,159.2,0.993
156,-1,825.0,345.2,49.3,111.1,0.992
156,-1,905.7,343.3,40.0,126.3,0.991
156,-1,548.6,353.6,34.3,103.8,0.971
156,-1,244.1,364.5,43.3,103.3,0.955
156,-1,525.2,354.1,27.4,100.5,0.951
156,-1,205.3,364.5,22.2,68.1,0.949
156,-1,1574.0,345.4,58.8,147.6,0.926
156,-1,941.3,347.8,31.7,94.3,0.925
156,-1,1018.9,342.1,19.6,47.6,0.892
156,-1,781.0,368.7,25.0,50.3,0.878
156,-1,855.8,352.9,20.6,64.1,0.820
156,-1,763.1,365.0,22.9,53.2,0.817
156,-1,1016.5,342.0,21.6,86.9,0.773
156,-1,678.4,361.8,13.5,22.3,0.672
156,-1,412.9,363.5,18.6,45.2,0.672
156,-1,955.6,360.0,23.0,80.1,0.624
156,-1,749.2,369.1,21.5,48.9,0.571
156,-1,812.8,362.2,13.4,31.2,0.519
156,-1,599.6,365.5,21.2,46.8,0.518
156,-1,771.7,366.4,22.3,53.1,0.478
156,-1,398.9,364.5,19.0,44.2,0.452
156,-1,1574.7,343.6,62.0,73.0,0.424
156,-1,608.9,358.2,19.1,54.8,0.388
156,-1,569.2,361.2,19.7,61.3,0.235
156,-1,405.6,366.4,21.1,43.6,0.225
156,-1,682.1,359.4,12.6,21.8,0.216
156,-1,685.4,364.1,11.6,19.5,0.185
156,-1,586.1,344.5,26.3,29.0,0.130
156,-1,282.5,383.0,33.4,54.7,0.115
156,-1,583.2,361.4,19.3,47.1,0.115
156,-1,711.8,365.2,13.2,10.5,0.102
156,-1,1058.1,348.8,19.6,66.1,0.090
156,-1,274.0,382.3,47.7,80.3,0.078
156,-1,576.8,359.9,19.6,63.4,0.073
156,-1,600.5,354.6,25.2,26.7,0.065
156,-1,580.4,355.9,19.8,27.8,0.064
157,-1,1125.6,324.1,58.8,174.2,0.999
157,-1,58.7,343.1,106.5,246.1,0.999
157,-1,1797.2,304.6,122.8,604.6,0.998
157,-1,351.6,361.6,51.2,131.0,0.997
157,-1,0.0,377.8,63.4,197.2,0.994
157,-1,1020.4,343.7,53.9,162.7,0.993
157,-1,905.6,342.8,39.8,125.3,0.992
157,-1,826.4,346.3,42.0,110.8,0.992
157,-1,628.4,339.0,46.1,80.5,0.991
157,-1,854.9,352.1,21.8,67.0,0.981
157,-1,1577.2,341.2,58.0,148.9,0.961
157,-1,550.2,355.7,34.4,101.1,0.958
157,-1,940.1,346.2,32.3,95.2,0.953
157,-1,246.4,364.5,39.8,102.0,0.919
157,-1,524.2,362.2,27.3,92.8,0.892
157,-1,1019.4,341.1,22.0,89.0,0.837
157,-1,779.2,368.3,27.2,50.6,0.716
157,-1,414.5,363.6,18.4,45.5,0.713
157,-1,207.0,363.0,20.0,67.9,0.712
157,-1,1021.0,341.3,18.9,40.2,0.649
157,-1,399.5,365.5,17.1,43.1,0.600
157,-1,761.9,355.4,24.5,63.2,0.536
157,-1,605.6,369.1,20.0,43.6,0.496
157,-1,956.5,358.5,22.8,82.7,0.481
157,-1,404.1,366.1,20.0,43.7,0.413
157,-1,813.9,358.4,13.1,30.9,0.350
157,-1,568.5,360.7,19.4,59.0,0.342
157,-1,1057.9,348.3,20.4,98.6,0.333
157,-1,768.7,361.8,27.3,57.8,0.319
157,-1,598.0,361.4,21.7,52.2,0.262
157,-1,752.5,365.6,17.6,47.1,0.257
157,-1,261.3,373.0,56.0,92.3,0.217
157,-1,619.0,353.5,19.5,58.1,0.121
157,-1,397.5,376.7,18.0,53.2,0.092
157,-1,584.3,344.3,28.9,28.5,0.085
157,-1,590.7,350.2,32.5,31.4,0.084
157,-1,601.5,354.6,25.8,40.7,0.075
157,-1,576.8,363.1,17.0,54.2,0.073
157,-1,118.5,377.0,49.4,125.9,0.072
157,-1,578.3,352.6,25.4,24.9,0.059
157,-1,583.1,365.1,21.5,47.9,0.056
157,-1,622.9,337.4,62.0,148.2,0.051
157,-1,681.1,358.7,14.3,22.7,0.051
158,-1,54.2,342.5,105.5,248.1,1.000
158,-1,1126.2,324.1,58.0,174.8,0.999
158,-1,1787.4,305.2,131.9,610.7,0.998
158,-1,350.4,363.8,52.4,126.4,0.998
158,-1,904.8,343.3,39.5,125.5,0.994
158,-1,1018.8,343.7,55.0,164.2,0.993
158,-1,822.4,347.0,52.4,112.0,0.991
158,-1,1.0,380.3,51.8,193.1,0.990
158,-1,629.3,336.7,51.2,86.5,0.988
158,-1,1577.0,342.5,57.3,154.0,0.973
158,-1,939.7,343.1,35.3,99.6,0.952
158,-1,523.4,364.8,25.3,92.2,0.931
158,-1,549.5,356.1,34.7,98.1,0.894
158,-1,247.6,364.8,32.2,99.1,0.860
158,-1,855.3,353.8,21.4,64.9,0.847
158,-1,1020.8,341.1,19.0,39.6,0.769
158,-1,778.1,369.2,25.9,50.8,0.740
158,-1,756.6,367.6,25.1,52.0,0.619
158,-1,1056.1,347.7,21.3,98.4,0.573
158,-1,411.8,363.2,21.7,46.8,0.567
158,-1,200.1,357.9,25.3,74.1,0.556
158,-1,1016.8,340.6,22.2,90.6,0.522
158,-1,759.9,364.6,37.6,56.3,0.443
158,-1,399.5,366.8,20.6,42.8,0.361
158,-1,605.6,358.9,23.3,52.7,0.320
158,-1,558.7,359.7,28.0,60.3,0.308
158,-1,246.0,366.3,66.0,100.8,0.253
158,-1,750.0,370.2,19.0,48.2,0.210
158,-1,8.0,365.3,77.5,210.3,0.164
158,-1,589.0,356.6,32.1,55.9,0.136
158,-1,115.2,378.7,49.9,121.2,0.127
158,-1,541.5,348.9,29.3,98.6,0.087
158,-1,630.2,335.7,60.3,146.9,0.075
158,-1,269.7,378.0,52.5,84.9,0.074
158,-1,813.5,356.0,14.9,34.8,0.069
158,-1,582.4,349.3,30.1,26.6,0.056
159,-1,45.8,344.5,105.6,241.0,0.999
159,-1,1124.8,324.6,59.2,176.0,0.999
159,-1,1777.2,305.9,142.4,606.5,0.999
159,-1,349.7,364.1,52.0,126.0,0.997
159,-1,1017.3,343.3,54.5,164.1,0.993
159,-1,904.8,342.9,38.4,126.7,0.992
159,-1,0.2,380.5,60.3,193.2,0.990
159,-1,824.3,347.8,45.4,109.0,0.986
159,-1,627.4,341.5,56.4,79.0,0.986
159,-1,1578.8,345.4,58.0,152.7,0.985
159,-1,938.2,346.2,34.9,99.4,0.967
159,-1,523.2,371.5,24.7,76.7,0.784
159,-1,951.6,359.0,27.1,84.0,0.568
159,-1,760.9,368.0,26.9,54.0,0.415
159,-1,1019.7,343.5,17.7,42.4,0.414
159,-1,542.5,352.3,37.3,81.3,0.323
159,-1,777.0,367.6,25.5,53.2,0.313
159,-1,1582.6,346.1,52.0,68.1,0.308
159,-1,250.9,366.2,25.5,96.0,0.303
159,-1,1052.8,353.1,22.4,89.9,0.265
159,-1,854.7,354.3,19.7,62.9,0.264
159,-1,564.9,363.2,20.0,50.6,0.263
159,-1,530.4,351.0,38.0,108.1,0.215
159,-1,757.4,355.9,44.4,65.9,0.209
159,-1,413.3,363.8,20.7,41.0,0.194
159,-1,195.8,354.6,26.9,73.9,0.172
159,-1,110.1,378.9,45.2,135.3,0.136
159,-1,599.9,358.5,29.7,53.8,0.101
159,-1,749.4,370.2,18.7,49.3,0.095
159,-1,526.4,369.5,20.2,48.8,0.078
159,-1,756.1,349.1,24.5,57.1,0.066
159,-1,752.0,359.1,21.7,52.1,0.052
159,-1,206.6,305.4,60.0,159.9,0.052
160,-1,1124.4,324.4,59.3,176.4,0.999
160,-1,43.2,341.5,107.8,250.4,0.999
160,-1,1752.3,312.1,167.7,614.6,0.998
160,-1,350.1,364.4,49.9,131.0,0.998
160,-1,0.5,379.0,52.0,195.0,0.995
160,-1,1012.3,344.3,56.9,167.7,0.994
160,-1,901.6,342.8,39.0,130.1,0.993
160,-1,822.7,347.8,44.3,113.6,0.993
160,-1,631.5,342.8,51.2,82.0,0.991
160,-1,1579.0,346.0,55.8,154.4,0.987
160,-1,853.3,352.6,20.9,72.6,0.967
160,-1,197.1,364.5,23.4,71.7,0.967
160,-1,937.0,346.1,35.7,100.1,0.963
160,-1,777.0,368.6,27.1,53.9,0.953
160,-1,241.5,366.9,34.6,100.7,0.917
160,-1,759.3,366.8,25.1,54.4,0.905
160,-1,519.6,364.6,26.0,95.9,0.895
160,-1,548.2,362.3,33.3,101.3,0.890
160,-1,412.7,366.2,16.3,44.2,0.811
160,-1,606.2,363.6,20.8,50.5,0.591
160,-1,751.6,370.2,16.4,48.2,0.548
160,-1,575.3,363.9,27.5,60.1,0.509
160,-1,956.0,361.7,21.0,79.8,0.500
160,-1,397.0,365.4,18.3,44.9,0.424
160,-1,595.3,363.9,23.0,49.6,0.409
160,-1,532.6,359.8,40.3,105.2,0.266
160,-1,617.7,358.2,17.4,52.9,0.253
160,-1,583.6,367.7,23.2,43.5,0.251
160,-1,566.6,367.0,21.7,57.7,0.250
160,-1,625.5,381.1,18.6,34.8,0.249
160,-1,391.0,386.2,18.7,53.2,0.131
160,-1,279.3,381.5,25.7,31.6,0.106
160,-1,521.1,365.2,21.0,49.4,0.089
160,-1,581.9,356.2,23.6,25.8,0.077
160,-1,1857.4,303.3,62.6,128.7,0.070
160,-1,577.3,359.7,27.3,35.9,0.065
160,-1,584.7,347.4,29.6,27.8,0.057
160,-1,396.5,375.2,20.7,54.7,0.056
161,-1,1118.1,323.8,63.0,181.0,0.999
161,-1,1708.1,314.8,209.4,617.2,0.999
161,-1,22.8,344.9,110.2,247.1,0.998
161,-1,339.4,366.5,49.2,129.1,0.998
161,-1,628.3,346.9,49.0,77.0,0.993
161,-1,892.0,344.5,40.4,128.0,0.992
161,-1,1005.9,349.8,55.3,163.2,0.991
161,-1,1572.2,349.4,58.3,150.3,0.988
161,-1,811.4,348.0,52.0,113.6,0.985
161,-1,0.0,381.8,42.4,193.9,0.977
161,-1,930.3,347.5,39.5,102.9,0.972
161,-1,510.8,371.9,25.2,95.6,0.877
161,-1,529.8,363.2,46.7,103.7,0.836
161,-1,844.4,357.1,20.7,49.7,0.800
161,-1,187.7,368.3,23.2,68.7,0.719
161,-1,769.0,374.5,22.9,52.0,0.558
161,-1,237.3,370.9,26.7,98.8,0.509
161,-1,401.3,364.0,20.7,51.0,0.480
161,-1,749.7,350.7,28.2,75.4,0.475
161,-1,750.2,377.0,19.1,47.9,0.412
161,-1,570.6,370.6,26.1,46.3,0.287
161,-1,516.0,369.8,17.7,50.9,0.249
161,-1,578.9,367.2,36.7,49.7,0.197
161,-1,389.6,368.2,18.1,46.0,0.155
161,-1,383.6,395.6,17.8,41.3,0.154
161,-1,535.3,364.0,41.4,56.0,0.139
161,-1,753.3,370.1,35.2,57.0,0.110
161,-1,557.0,370.8,21.7,50.7,0.107
161,-1,595.1,378.7,22.4,37.2,0.090
161,-1,744.8,375.4,16.7,47.6,0.081
161,-1,743.0,351.6,23.5,57.1,0.080
161,-1,1016.5,346.1,31.3,40.0,0.052
162,-1,1117.7,323.1,62.4,181.6,1.000
162,-1,1696.6,321.4,223.1,607.7,0.999
162,-1,17.1,343.1,115.5,254.0,0.999
162,-1,338.7,366.1,50.2,128.0,0.998
162,-1,998.5,346.9,60.1,167.2,0.995
162,-1,813.2,346.8,47.9,115.9,0.994
162,-1,894.0,344.9,34.8,124.8,0.994
162,-1,1572.2,348.9,58.4,153.6,0.991
162,-1,628.2,344.4,53.2,143.5,0.983
162,-1,0.3,384.0,39.8,187.1,0.964
162,-1,529.0,360.2,45.6,106.3,0.964
162,-1,927.4,346.9,39.8,104.6,0.959
162,-1,843.4,354.1,21.9,71.9,0.951
162,-1,770.5,373.1,24.6,51.6,0.924
162,-1,506.5,369.2,24.3,93.1,0.922
162,-1,183.4,367.0,25.2,68.6,0.904
162,-1,230.6,369.8,32.9,99.1,0.796
162,-1,752.7,372.8,21.0,50.6,0.693
162,-1,582.9,367.0,35.2,49.4,0.675
162,-1,570.8,369.2,24.1,49.8,0.667
162,-1,399.8,366.9,17.4,46.0,0.564
162,-1,386.1,368.9,16.3,48.9,0.502
162,-1,745.1,368.6,19.7,50.7,0.451
162,-1,0.0,382.3,29.4,123.3,0.391
162,-1,603.6,366.9,23.2,48.9,0.331
162,-1,567.1,369.0,24.5,30.9,0.155
162,-1,563.7,369.4,20.9,48.1,0.145
162,-1,733.0,364.5,14.9,18.5,0.145
162,-1,756.0,358.5,23.3,60.6,0.117
162,-1,612.0,381.4,19.3,34.9,0.105
162,-1,87.9,373.4,73.8,131.7,0.093
162,-1,618.1,373.7,20.6,44.1,0.078
162,-1,552.0,367.9,22.1,53.2,0.077
162,-1,247.1,371.6,49.3,97.3,0.076
162,-1,382.5,385.9,17.4,48.8,0.060
162,-1,572.5,358.7,27.5,23.5,0.058
162,-1,113.8,448.6,81.9,56.9,0.057
163,-1,1113.3,324.0,62.5,181.2,0.999
163,-1,1686.1,322.1,232.8,594.8,0.999
163,-1,7.7,343.4,109.9,252.6,0.998
163,-1,332.8,368.4,48.6,124.6,0.996
163,-1,884.9,343.9,40.7,129.5,0.993
163,-1,1567.6,347.8,57.7,152.6,0.992
163,-1,806.7,350.5,48.2,110.9,0.988
163,-1,991.8,355.0,62.4,157.1,0.987
163,-1,622.0,345.3,53.8,136.2,0.968
163,-1,502.3,374.0,23.8,88.9,0.951
163,-1,924.6,350.1,39.0,99.2,0.949
163,-1,840.8,357.6,18.0,61.9,0.848
163,-1,220.0,371.2,35.6,100.4,0.833
163,-1,764.8,372.8,23.8,51.6,0.809
163,-1,524.0,358.5,44.3,104.1,0.730
163,-1,0.1,387.9,21.2,180.1,0.626
163,-1,1007.7,344.0,33.5,42.2,0.613
163,-1,1011.1,343.7,49.3,65.2,0.404
163,-1,746.8,373.5,21.4,50.2,0.377
163,-1,0.0,392.9,19.1,99.3,0.352
163,-1,568.4,364.0,43.5,51.7,0.313
163,-1,383.1,367.8,18.0,45.6,0.304
163,-1,0.2,389.4,41.5,183.3,0.300
163,-1,548.0,368.6,21.2,49.3,0.249
163,-1,741.9,344.5,26.3,77.2,0.248
163,-1,390.2,365.7,18.1,48.1,0.201
163,-1,738.6,371.6,17.6,48.8,0.189
163,-1,591.1,370.6,21.9,44.0,0.167
163,-1,565.0,370.4,26.7,44.8,0.163
163,-1,531.1,364.6,36.1,55.1,0.110
163,-1,754.2,366.1,26.6,58.0,0.101
163,-1,381.5,380.0,16.2,50.1,0.100
163,-1,0.0,388.3,7.8,51.3,0.084
163,-1,1000.4,344.6,39.7,76.9,0.078
163,-1,505.1,371.1,20.7,46.7,0.074
163,-1,1442.8,351.7,65.7,149.6,0.061
163,-1,0.0,384.3,14.2,62.1,0.060
164,-1,1673.8,324.5,246.2,607.9,0.999
164,-1,4.0,344.3,105.6,256.3,0.999
164,-1,1110.2,324.4,62.8,182.4,0.999
164,-1,329.3,365.3,48.6,131.8,0.997
164,-1,885.4,347.9,34.4,123.5,0.993
164,-1,620.3,344.8,52.2,142.0,0.992
164,-1,993.2,344.6,55.9,168.6,0.992
164,-1,803.3,349.8,42.1,116.0,0.990
164,-1,1561.8,347.1,58.7,158.1,0.982
164,-1,211.5,369.5,41.7,103.3,0.973
164,-1,835.9,356.4,18.9,63.2,0.966
164,-1,171.7,368.0,23.6,67.5,0.965
164,-1,914.2,348.7,32.7,99.8,0.956
164,-1,515.9,359.7,42.2,109.8,0.945
164,-1,761.8,372.3,23.9,53.0,0.926
164,-1,927.2,352.0,32.5,97.0,0.896
164,-1,495.6,368.5,23.7,91.9,0.872
164,-1,749.2,368.1,19.0,56.2,0.835
164,-1,377.7,363.0,19.0,50.7,0.745
164,-1,1004.0,345.2,27.9,40.0,0.673
164,-1,567.4,372.7,39.0,46.3,0.667
164,-1,588.8,370.8,20.3,46.0,0.626
164,-1,735.3,372.9,15.3,48.3,0.563
164,-1,1003.5,345.0,44.9,65.4,0.546
164,-1,742.0,377.5,20.3,46.4,0.544
164,-1,1563.9,349.5,60.4,74.4,0.430
164,-1,0.6,405.3,21.4,167.2,0.428
164,-1,561.8,369.8,23.7,51.4,0.413
164,-1,545.7,375.6,16.4,49.8,0.370
164,-1,596.4,370.1,19.3,41.6,0.161
164,-1,538.7,363.7,22.0,64.7,0.148
164,-1,940.7,363.4,19.4,79.7,0.125
164,-1,557.8,367.6,26.9,27.6,0.103
164,-1,1020.8,358.8,32.5,75.5,0.102
164,-1,590.8,365.1,22.5,28.7,0.087
164,-1,1.1,364.7,39.2,208.8,0.073
164,-1,736.2,365.5,17.4,33.2,0.072
164,-1,581.6,363.5,26.5,39.2,0.069
164,-1,563.5,357.2,24.6,23.3,0.062
164,-1,0.0,403.3,11.5,160.9,0.053
164,-1,369.1,392.7,16.2,48.2,0.053
165,-1,1668.7,325.0,251.3,619.6,1.000
165,-1,1105.7,324.8,62.6,182.2,0.999
165,-1,0.0,346.6,99.3,258.5,0.999
165,-1,324.1,367.0,45.6,126.8,0.998
165,-1,615.6,343.9,53.0,138.9,0.994
165,-1,979.0,347.8,61.1,164.7,0.994
165,-1,878.0,346.9,36.1,122.9,0.992
165,-1,797.3,353.0,45.5,112.5,0.990
165,-1,830.7,353.4,19.5,69.7,0.987
165,-1,1558.0,349.9,59.1,153.7,0.983
165,-1,164.1,368.1,22.9,68.1,0.981
165,-1,911.2,348.5,31.2,102.4,0.975
165,-1,510.8,356.8,43.1,116.5,0.972
165,-1,208.7,369.3,30.7,101.4,0.968
165,-1,755.5,371.1,25.1,52.8,0.951
165,-1,490.2,371.7,24.5,91.0,0.940
165,-1,925.5,356.9,29.4,90.2,0.906
165,-1,743.4,370.1,18.3,53.6,0.897
165,-1,370.7,366.0,18.0,65.1,0.831
165,-1,735.6,374.1,21.4,50.2,0.756
165,-1,560.8,363.7,38.4,57.0,0.714
165,-1,729.2,374.2,16.4,49.5,0.666
165,-1,588.0,366.6,16.2,48.5,0.604
165,-1,1556.8,348.9,61.4,78.1,0.585
165,-1,558.3,366.4,24.2,58.1,0.538
165,-1,539.8,373.3,18.0,53.8,0.491
165,-1,147.3,359.0,20.4,64.7,0.207
165,-1,937.7,364.5,17.8,67.6,0.165
165,-1,996.6,344.7,37.4,57.7,0.151
165,-1,682.8,367.9,10.3,12.2,0.143
165,-1,585.9,363.7,19.1,29.4,0.143
165,-1,557.5,358.4,25.0,33.7,0.109
165,-1,494.5,370.3,18.0,46.1,0.106
165,-1,685.4,368.3,11.2,16.6,0.103
165,-1,695.8,372.0,11.8,12.6,0.090
165,-1,605.6,381.7,16.7,37.0,0.088
165,-1,532.5,365.0,21.4,72.5,0.083
165,-1,88.2,451.2,89.7,54.6,0.080
165,-1,545.5,365.0,21.1,59.4,0.067
165,-1,550.2,357.5,20.8,24.4,0.063
165,-1,550.1,366.0,22.0,35.2,0.058
165,-1,730.0,366.8,12.2,30.3,0.055
165,-1,594.4,366.1,12.8,39.6,0.052
165,-1,573.9,359.9,25.7,37.2,0.050
166,-1,1660.5,310.3,255.9,625.6,0.999
166,-1,1095.9,323.6,65.8,185.9,0.999
166,-1,307.7,364.2,48.0,129.3,0.998
166,-1,0.2,347.0,71.9,250.9,0.997
166,-1,862.0,343.3,40.3,129.2,0.993
166,-1,1547.5,349.8,59.6,153.7,0.990
166,-1,962.5,362.9,61.1,145.5,0.990
166,-1,604.9,343.5,50.5,141.2,0.986
166,-1,787.3,347.6,41.1,115.7,0.979
166,-1,901.4,346.7,38.8,102.9,0.973
166,-1,474.6,375.7,26.8,86.9,0.911
166,-1,193.3,369.5,37.1,103.4,0.831
166,-1,743.5,368.9,23.6,54.4,0.731
166,-1,986.4,345.7,41.5,58.3,0.555
166,-1,986.5,344.6,26.8,39.3,0.528
166,-1,720.2,349.0,26.8,74.2,0.521
166,-1,378.9,369.4,14.5,37.0,0.517
166,-1,816.9,355.6,20.6,62.2,0.504
166,-1,547.9,366.9,41.9,50.1,0.487
166,-1,734.8,378.4,17.3,45.5,0.385
166,-1,975.9,346.2,52.1,109.5,0.375
166,-1,1549.2,347.6,59.2,76.1,0.302
166,-1,569.9,366.6,20.8,45.7,0.294
166,-1,1001.0,360.0,30.3,71.2,0.222
166,-1,722.5,377.5,19.8,45.4,0.194
166,-1,543.5,368.9,25.6,44.8,0.190
166,-1,528.7,372.8,16.4,37.9,0.180
166,-1,717.9,364.0,15.3,54.3,0.117
166,-1,1482.7,355.1,41.2,191.5,0.115
166,-1,804.5,349.3,32.2,103.2,0.109
166,-1,605.7,345.3,44.6,78.2,0.088
166,-1,973.1,345.5,42.1,73.7,0.077
166,-1,839.5,378.8,23.7,29.0,0.074
166,-1,373.6,375.0,17.5,45.0,0.068
167,-1,1660.2,315.5,252.3,625.1,0.999
167,-1,1089.9,324.5,67.4,185.2,0.999
167,-1,303.2,363.3,45.7,129.4,0.998
167,-1,0.0,381.0,63.8,221.0,0.998
167,-1,598.8,343.1,51.1,144.7,0.995
167,-1,856.4,344.8,40.9,128.5,0.993
167,-1,1542.7,348.1,68.0,155.7,0.992
167,-1,956.6,353.7,61.4,155.3,0.991
167,-1,776.4,351.0,48.4,114.0,0.990
167,-1,814.7,357.4,19.1,62.1,0.983
167,-1,182.4,369.0,45.0,101.9,0.962
167,-1,893.5,346.8,32.3,102.3,0.961
167,-1,738.4,369.4,24.9,54.1,0.915
167,-1,905.1,351.1,33.9,98.0,0.882
167,-1,140.4,365.2,23.4,69.8,0.858
167,-1,467.9,367.1,26.4,93.5,0.841
167,-1,722.5,356.9,24.0,66.7,0.789
167,-1,491.5,358.9,45.9,110.0,0.788
167,-1,352.2,381.5,22.6,63.4,0.739
167,-1,517.2,365.6,21.1,59.8,0.715
167,-1,715.3,369.3,20.8,53.2,0.576
167,-1,639.1,374.9,21.0,32.8,0.475
167,-1,481.5,352.2,39.3,115.1,0.399
167,-1,979.0,343.8,39.7,61.4,0.393
167,-1,918.7,363.4,22.0,76.8,0.385
167,-1,367.4,366.7,18.9,45.0,0.372
167,-1,986.7,345.4,37.6,94.3,0.368
167,-1,976.5,344.2,27.2,44.5,0.344
167,-1,547.5,376.6,23.6,39.3,0.337
167,-1,1545.6,347.5,64.0,73.8,0.285
167,-1,503.6,358.3,31.0,73.5,0.274
167,-1,365.0,380.9,16.5,32.6,0.242
167,-1,569.5,365.6,21.3,48.5,0.235
167,-1,686.1,367.5,19.5,16.7,0.199
167,-1,555.7,364.1,28.0,51.5,0.185
167,-1,537.2,356.9,47.3,62.6,0.162
167,-1,996.0,358.3,24.7,52.3,0.154
167,-1,537.7,367.4,23.3,43.8,0.147
167,-1,794.9,353.1,37.4,100.1,0.144
167,-1,192.7,370.4,20.3,68.6,0.140
167,-1,363.3,378.8,20.7,52.5,0.106
167,-1,219.6,386.5,29.9,51.4,0.090
167,-1,1914.6,397.5,5.4,464.9,0.078
167,-1,196.9,375.6,49.9,94.6,0.074
167,-1,835.3,380.5,16.0,24.4,0.065
167,-1,680.1,366.2,18.5,17.1,0.064
167,-1,355.6,380.0,17.1,37.3,0.063
167,-1,522.0,362.1,24.0,38.3,0.060
167,-1,576.3,366.6,22.0,48.0,0.055
168,-1,1652.1,318.4,240.6,612.8,0.999
168,-1,1085.5,324.7,68.0,184.3,0.999
168,-1,296.6,359.9,46.8,133.5,0.998
168,-1,851.4,343.2,37.2,129.7,0.996
168,-1,0.7,378.5,56.2,218.6,0.996
168,-1,776.2,352.0,37.8,109.7,0.995
168,-1,595.2,339.1,56.8,147.6,0.994
168,-1,950.1,347.5,60.1,161.0,0.990
168,-1,132.4,367.0,23.7,66.8,0.989
168,-1,807.4,354.0,20.9,69.7,0.986
168,-1,173.4,368.4,40.6,103.9,0.986
168,-1,888.1,345.6,31.2,104.5,0.981
168,-1,1535.6,344.4,59.8,160.0,0.981
168,-1,480.9,355.4,39.9,115.1,0.965
168,-1,514.2,369.5,16.6,57.6,0.950
168,-1,734.1,370.3,24.3,53.2,0.945
168,-1,460.7,368.0,25.6,95.5,0.930
168,-1,907.5,359.3,26.8,88.7,0.916
168,-1,361.4,364.3,17.5,47.2,0.898
168,-1,677.7,370.8,10.4,11.1,0.862
168,-1,541.4,367.9,36.1,53.2,0.843
168,-1,564.9,364.5,19.8,50.8,0.824
168,-1,1890.0,447.9,30.0,430.7,0.746
168,-1,536.2,368.0,19.0,56.5,0.688
168,-1,720.4,372.7,19.4,50.0,0.647
168,-1,714.2,387.7,19.1,35.9,0.615
168,-1,705.0,378.9,16.6,42.0,0.576
168,-1,661.1,367.2,10.0,12.6,0.501
168,-1,576.1,363.0,18.9,29.6,0.404
168,-1,584.2,381.7,17.9,33.5,0.256
168,-1,1537.8,344.9,60.1,76.2,0.246
168,-1,576.9,372.0,17.3,42.6,0.216
168,-1,993.8,358.7,21.3,63.3,0.196
168,-1,531.7,365.6,17.6,35.3,0.116
168,-1,1082.9,416.4,15.6,60.9,0.102
168,-1,708.0,367.2,15.2,41.0,0.095
168,-1,686.8,366.8,11.9,16.0,0.087
168,-1,681.3,369.1,11.4,12.7,0.080
168,-1,529.0,366.2,19.5,58.9,0.077
168,-1,769.7,363.3,15.9,49.9,0.070
168,-1,970.2,343.7,42.0,116.8,0.063
168,-1,499.3,361.3,23.9,71.9,0.063
168,-1,58.1,452.4,74.8,55.8,0.051
169,-1,1079.0,322.9,67.1,187.1,0.999
169,-1,1651.0,304.8,220.1,618.0,0.999
169,-1,845.5,345.2,35.2,125.7,0.998
169,-1,285.2,360.6,48.1,133.5,0.998
169,-1,582.6,342.9,55.5,145.5,0.996
169,-1,940.9,347.4,60.9,161.2,0.993
169,-1,1530.2,345.4,58.0,154.8,0.991
169,-1,765.3,348.7,47.8,112.0,0.991
169,-1,799.3,353.2,21.9,68.1,0.987
169,-1,877.9,344.8,32.9,102.1,0.985
169,-1,163.0,367.9,42.0,103.9,0.980
169,-1,1868.5,408.1,49.8,475.9,0.969
169,-1,508.6,376.1,15.4,47.6,0.968
169,-1,120.1,365.4,25.3,69.1,0.962
169,-1,0.2,369.8,35.3,227.1,0.942
169,-1,726.3,370.0,24.9,52.9,0.931
169,-1,898.5,360.4,28.1,85.9,0.887
169,-1,451.6,364.9,27.3,96.2,0.841
169,-1,472.3,353.6,38.4,108.5,0.835
169,-1,703.0,368.8,24.5,54.0,0.823
169,-1,532.5,364.8,36.6,54.1,0.795
169,-1,350.0,363.1,19.7,47.6,0.759
169,-1,556.6,367.0,18.3,48.0,0.664
169,-1,717.1,373.6,18.1,49.3,0.661
169,-1,454.8,353.2,45.0,114.5,0.550
169,-1,527.8,367.1,21.7,51.7,0.490
169,-1,985.4,358.0,21.4,69.0,0.404
169,-1,570.6,381.4,21.3,34.1,0.341
169,-1,104.2,355.4,21.3,73.3,0.326
169,-1,520.2,366.0,18.4,53.9,0.278
169,-1,486.5,363.3,24.7,77.7,0.268
169,-1,500.5,362.9,23.1,62.3,0.164
169,-1,566.4,362.9,20.7,52.2,0.163
169,-1,699.7,365.5,15.7,54.2,0.139
169,-1,39.2,451.0,97.6,59.4,0.102
169,-1,941.0,373.7,22.4,78.6,0.090
169,-1,1075.0,410.7,16.6,66.3,0.081
169,-1,204.9,384.3,26.6,32.4,0.076
169,-1,539.2,354.2,24.7,26.9,0.063
169,-1,519.6,362.2,22.5,36.0,0.059
169,-1,569.3,359.3,20.7,35.1,0.054
170,-1,1643.9,304.3,201.5,610.8,0.999
170,-1,1072.6,323.3,66.9,187.0,0.999
170,-1,275.0,362.3,50.0,131.3,0.998
170,-1,835.0,343.7,39.7,127.3,0.997
170,-1,936.3,344.3,58.9,164.3,0.995
170,-1,577.1,342.7,51.0,143.9,0.994
170,-1,760.0,351.8,34.8,108.9,0.990
170,-1,1521.5,343.0,61.0,159.6,0.990
170,-1,1848.7,368.1,68.0,520.8,0.986
170,-1,872.1,345.4,31.3,102.4,0.984
170,-1,789.6,354.1,22.7,69.0,0.982
170,-1,152.6,367.9,40.5,103.6,0.979
170,-1,108.5,365.6,24.3,68.4,0.966
170,-1,496.0,368.4,19.9,53.7,0.953
170,-1,718.5,369.4,24.0,52.6,0.934
170,-1,884.8,352.4,31.7,96.2,0.915
170,-1,440.9,368.6,27.5,95.3,0.896
170,-1,342.1,364.3,18.5,45.9,0.885
170,-1,520.8,371.2,38.7,47.6,0.884
170,-1,544.8,365.0,22.7,49.6,0.851
170,-1,697.3,367.4,24.2,55.3,0.814
170,-1,0.0,366.9,19.2,229.7,0.813
170,-1,559.1,374.1,28.4,44.4,0.513
170,-1,516.5,368.7,22.8,48.0,0.492
170,-1,896.4,361.1,22.8,79.6,0.489
170,-1,461.6,352.0,39.9,110.5,0.440
170,-1,545.8,363.6,23.1,27.0,0.355
170,-1,693.5,378.4,16.5,43.8,0.341
170,-1,1522.9,343.8,59.9,76.6,0.317
170,-1,328.4,366.0,16.7,44.3,0.226
170,-1,975.7,355.8,21.6,57.0,0.187
170,-1,30.2,450.1,87.5,60.0,0.187
170,-1,617.2,366.0,20.7,38.5,0.160
170,-1,688.2,379.5,16.5,42.8,0.124
170,-1,814.7,380.4,16.0,22.4,0.122
170,-1,509.7,368.2,19.6,47.9,0.109
170,-1,476.1,362.7,24.5,60.7,0.100
170,-1,664.4,367.6,19.4,15.9,0.094
170,-1,775.5,353.7,34.3,92.1,0.094
170,-1,90.4,351.8,28.6,79.4,0.066
170,-1,1069.1,408.6,16.7,71.5,0.058
170,-1,1726.6,374.7,112.2,382.1,0.055
170,-1,743.8,372.0,18.3,35.7,0.053
170,-1,513.1,363.2,24.6,31.3,0.050
171,-1,1626.5,299.4,185.5,619.0,0.999
171,-1,1059.4,320.8,66.8,189.5,0.999
171,-1,822.0,344.7,35.8,126.7,0.999
171,-1,1824.1,275.9,95.9,615.6,0.998
171,-1,919.8,343.3,56.7,165.7,0.997
171,-1,257.3,363.9,42.3,128.8,0.997
171,-1,741.8,349.2,42.7,115.4,0.995
171,-1,555.5,338.6,57.5,148.1,0.994
171,-1,855.6,344.9,31.3,102.7,0.993
171,-1,774.4,354.9,23.3,67.7,0.987
171,-1,128.5,369.2,42.6,105.1,0.987
171,-1,86.5,368.7,24.8,66.2,0.985
171,-1,447.1,354.2,31.9,112.7,0.984
171,-1,480.2,369.6,19.3,55.6,0.983
171,-1,1508.3,342.8,58.3,155.4,0.982
171,-1,424.7,366.5,24.3,99.4,0.959
171,-1,310.4,364.5,17.3,48.9,0.957
171,-1,324.8,363.0,17.9,48.7,0.943
171,-1,876.6,359.8,28.1,86.5,0.929
171,-1,704.3,372.5,24.3,52.2,0.924
171,-1,685.0,372.1,21.8,50.0,0.833
171,-1,505.1,367.2,34.4,56.1,0.790
171,-1,531.9,361.7,17.9,53.9,0.769
171,-1,962.5,359.7,20.5,67.3,0.552
171,-1,676.5,374.4,17.8,43.7,0.527
171,-1,173.9,384.3,23.7,32.3,0.515
171,-1,1507.9,343.4,60.4,76.3,0.419
171,-1,501.3,369.7,18.4,51.7,0.419
171,-1,538.2,366.5,16.3,47.9,0.271
171,-1,529.5,360.1,22.2,30.0,0.157
171,-1,1055.7,417.7,15.8,58.4,0.125
171,-1,548.3,368.8,17.0,47.1,0.120
171,-1,883.9,361.7,19.9,51.9,0.088
171,-1,546.1,360.8,14.7,34.3,0.069
171,-1,516.9,355.7,23.2,31.8,0.059
172,-1,1616.8,294.6,182.1,618.7,1.000
172,-1,1053.4,320.3,66.5,190.8,0.999
172,-1,1807.2,271.2,112.8,620.0,0.997
172,-1,247.6,365.3,42.3,131.1,0.997
172,-1,908.4,348.4,56.5,162.1,0.997
172,-1,812.4,345.5,35.7,124.7,0.996
172,-1,736.0,352.9,36.4,110.8,0.995
172,-1,545.7,340.7,58.9,146.2,0.995
172,-1,848.8,346.0,33.0,104.8,0.992
172,-1,121.4,370.8,41.0,105.9,0.989
172,-1,431.8,352.0,39.8,121.6,0.988
172,-1,75.8,373.5,24.6,63.9,0.987
172,-1,1501.0,343.7,57.5,160.1,0.983
172,-1,471.7,370.0,19.8,57.2,0.980
172,-1,770.9,361.5,18.1,60.6,0.970
172,-1,301.1,366.4,13.9,46.9,0.957
172,-1,414.3,367.8,24.7,98.3,0.951
172,-1,696.6,374.9,24.1,51.5,0.941
172,-1,869.0,359.3,28.0,89.1,0.936
172,-1,319.8,365.6,14.7,47.8,0.903
172,-1,528.5,366.7,16.6,51.5,0.903
172,-1,498.1,369.8,33.6,53.5,0.891
172,-1,681.6,371.0,20.1,56.3,0.801
172,-1,671.1,378.4,16.3,45.4,0.657
172,-1,494.2,371.2,18.3,48.9,0.653
172,-1,1501.0,342.5,60.7,76.2,0.600
172,-1,953.1,361.2,22.8,65.8,0.590
172,-1,518.0,364.1,21.0,52.5,0.557
172,-1,938.6,347.9,37.0,139.3,0.330
172,-1,524.8,363.8,18.5,29.5,0.305
172,-1,312.6,366.0,16.1,48.3,0.264
172,-1,537.0,371.3,16.2,48.8,0.238
172,-1,0.1,455.1,72.5,60.3,0.090
172,-1,641.0,369.8,18.2,16.5,0.086
172,-1,483.5,368.9,14.2,46.1,0.081
172,-1,796.3,377.3,14.9,28.9,0.070
172,-1,878.9,362.8,17.7,48.8,0.063
172,-1,605.1,367.3,11.3,23.2,0.058
173,-1,1606.8,299.8,186.2,613.7,0.999
173,-1,1049.3,319.6,65.6,192.0,0.999
173,-1,1795.2,273.5,124.8,623.4,0.999
173,-1,538.9,339.4,57.0,149.6,0.996
173,-1,806.4,344.4,36.0,124.8,0.996
173,-1,237.4,365.7,46.2,133.3,0.995
173,-1,725.8,353.3,45.6,114.1,0.994
173,-1,903.5,348.9,55.4,161.8,0.993
173,-1,842.4,344.9,33.0,107.3,0.992
173,-1,464.0,371.1,19.5,56.4,0.988
173,-1,113.0,371.6,40.4,103.7,0.984
173,-1,1494.4,342.1,58.1,160.0,0.983
173,-1,66.8,372.6,24.5,65.7,0.979
173,-1,762.6,362.8,19.9,59.4,0.974
173,-1,428.7,353.1,34.5,115.3,0.954
173,-1,690.0,372.2,24.9,54.1,0.952
173,-1,863.0,360.4,29.4,88.4,0.937
173,-1,310.3,365.1,16.6,49.2,0.926
173,-1,489.4,366.9,34.5,57.4,0.894
173,-1,406.7,366.2,25.7,98.3,0.891
173,-1,945.4,360.9,24.0,70.0,0.839
173,-1,295.7,366.5,15.8,47.5,0.831
173,-1,675.1,373.1,19.2,50.9,0.656
173,-1,517.2,364.4,18.3,53.1,0.655
173,-1,668.4,374.5,19.7,49.0,0.604
173,-1,486.6,372.3,20.9,51.6,0.586
173,-1,497.7,352.2,32.3,65.6,0.559
173,-1,0.0,457.7,79.0,57.8,0.520
173,-1,663.3,374.6,17.6,45.9,0.492
173,-1,532.0,381.3,15.8,39.1,0.462
173,-1,1495.4,343.7,59.3,78.8,0.352
173,-1,414.8,356.2,35.2,113.6,0.343
173,-1,970.4,370.9,16.6,56.0,0.246
173,-1,470.3,368.7,18.6,51.8,0.229
173,-1,935.5,345.5,33.5,107.3,0.228
173,-1,660.0,383.7,16.6,39.8,0.192
173,-1,478.1,367.7,15.0,43.1,0.138
173,-1,459.5,356.9,18.2,46.1,0.123
173,-1,304.9,366.3,14.6,48.2,0.083
173,-1,791.1,379.2,14.0,27.0,0.066
173,-1,636.4,370.8,22.6,40.6,0.065
173,-1,618.8,368.8,14.1,15.7,0.058
173,-1,268.5,378.4,18.1,98.6,0.051
174,-1,1597.3,297.6,184.1,610.2,0.999
174,-1,1796.0,270.8,124.0,625.9,0.997
174,-1,1047.9,320.3,66.8,191.2,0.997
174,-1,901.8,345.6,56.1,163.3,0.996
174,-1,796.7,343.2,44.8,128.3,0.987
174,-1,537.7,344.2,47.7,145.0,0.974
174,-1,842.4,347.1,43.6,106.0,0.929
174,-1,1496.8,345.7,55.3,68.4,0.863
174,-1,1493.6,345.6,59.7,149.6,0.860
174,-1,253.6,381.2,23.8,108.1,0.818
174,-1,723.7,342.7,35.6,119.3,0.771
174,-1,117.6,374.6,29.0,86.3,0.658
174,-1,115.5,371.5,34.0,48.9,0.523
174,-1,229.1,368.5,50.6,116.5,0.501
174,-1,846.8,345.2,27.1,75.8,0.395
174,-1,661.0,357.7,39.9,68.1,0.375
174,-1,454.7,368.2,26.9,50.0,0.295
174,-1,937.2,360.4,28.7,76.2,0.237
174,-1,824.6,347.7,44.8,111.1,0.229
174,-1,408.5,358.3,53.4,112.8,0.226
174,-1,426.4,359.7,32.8,69.1,0.183
174,-1,379.7,377.9,21.6,54.0,0.154
174,-1,858.4,361.0,29.6,86.5,0.152
174,-1,481.6,371.8,23.8,43.0,0.135
174,-1,406.4,373.4,20.0,49.0,0.105
174,-1,240.8,376.2,34.3,81.1,0.096
174,-1,632.0,356.8,79.7,68.6,0.086
174,-1,1.0,461.8,70.1,55.1,0.069
174,-1,410.3,374.5,15.1,24.5,0.060
175,-1,1589.6,304.7,183.5,627.5,1.000
175,-1,1040.3,318.5,67.1,196.2,0.999
175,-1,1772.9,279.6,147.1,632.3,0.999
175,-1,792.8,347.2,40.1,131.5,0.997
175,-1,714.5,352.2,45.5,116.7,0.995
175,-1,523.7,345.3,61.2,151.5,0.993
175,-1,830.9,348.5,34.6,104.1,0.993
175,-1,893.5,350.0,53.9,165.6,0.992
175,-1,95.0,373.7,43.5,109.9,0.990
175,-1,750.5,354.6,23.0,67.9,0.955
175,-1,51.1,374.2,25.0,69.2,0.949
175,-1,391.7,375.5,26.6,92.8,0.947
175,-1,453.7,370.8,20.4,57.9,0.944
175,-1,853.8,362.5,30.7,88.5,0.900
175,-1,1486.7,349.1,58.4,151.3,0.866
175,-1,418.6,361.3,32.2,108.5,0.862
175,-1,224.6,375.6,50.9,101.1,0.860
175,-1,478.8,371.9,23.0,57.6,0.796
175,-1,954.6,369.0,23.3,74.5,0.705
175,-1,936.3,363.8,19.6,77.8,0.680
175,-1,679.4,372.0,25.6,55.2,0.662
175,-1,669.6,375.0,21.2,53.2,0.618
175,-1,658.2,348.3,31.5,79.6,0.596
175,-1,653.2,362.7,22.0,65.0,0.572
175,-1,508.1,377.1,18.0,45.2,0.571
175,-1,484.6,367.0,29.7,57.3,0.541
175,-1,1484.1,347.8,61.1,69.5,0.481
175,-1,670.1,353.8,31.2,74.1,0.474
175,-1,154.0,391.7,25.2,87.8,0.400
175,-1,511.8,366.2,19.9,51.8,0.385
175,-1,661.2,377.5,22.8,50.0,0.357
175,-1,473.2,371.9,20.1,52.0,0.262
175,-1,499.7,368.5,20.1,51.3,0.253
175,-1,444.9,363.4,17.1,54.1,0.162
175,-1,460.8,369.0,20.8,53.9,0.154
175,-1,284.1,376.0,28.0,42.6,0.149
175,-1,576.3,359.9,27.3,57.0,0.147
175,-1,139.0,385.8,24.1,36.2,0.129
175,-1,164.4,392.2,16.6,26.9,0.129
175,-1,776.1,355.4,17.7,56.4,0.118
175,-1,294.3,390.2,22.1,46.5,0.117
175,-1,865.1,362.6,15.7,27.6,0.097
175,-1,1421.2,346.4,110.0,202.4,0.080
175,-1,401.2,366.7,35.4,107.8,0.070
175,-1,862.7,364.3,19.0,41.9,0.059
175,-1,285.0,390.1,20.4,28.0,0.055
176,-1,1560.6,305.5,200.0,637.2,1.000
176,-1,1741.5,285.7,178.4,641.1,0.999
176,-1,1041.8,318.3,66.3,197.8,0.999
176,-1,225.7,373.3,47.2,128.1,0.996
176,-1,713.5,357.0,45.4,115.7,0.995
176,-1,516.7,336.6,77.6,157.0,0.995
176,-1,894.4,347.2,51.7,165.3,0.993
176,-1,791.1,344.5,42.7,126.7,0.993
176,-1,93.9,374.1,43.0,107.1,0.992
176,-1,1488.9,344.4,58.0,160.0,0.988
176,-1,750.2,360.5,23.0,63.6,0.984
176,-1,830.8,348.8,33.8,104.0,0.982
176,-1,453.3,369.6,19.7,59.4,0.976
176,-1,45.9,374.0,26.6,69.7,0.956
176,-1,853.9,361.9,27.5,87.6,0.922
176,-1,389.2,376.1,25.6,92.0,0.918
176,-1,680.8,374.2,24.5,53.8,0.907
176,-1,661.0,376.1,22.9,50.9,0.879
176,-1,417.3,359.9,30.7,110.0,0.866
176,-1,950.8,356.5,27.8,87.0,0.855
176,-1,476.0,371.0,20.2,52.4,0.837
176,-1,920.6,342.3,42.2,115.9,0.712
176,-1,487.5,362.3,25.9,57.2,0.648
176,-1,934.9,361.7,20.9,65.7,0.547
176,-1,507.1,367.8,18.6,51.4,0.388
176,-1,654.2,373.6,18.7,48.8,0.236
176,-1,282.7,373.9,19.5,43.7,0.232
176,-1,780.3,372.0,13.8,39.9,0.192
176,-1,400.3,362.2,35.8,112.3,0.166
176,-1,922.5,344.0,27.1,72.0,0.163
176,-1,471.1,366.0,18.0,33.2,0.122
176,-1,690.0,375.1,21.9,51.9,0.104
176,-1,137.9,385.1,24.0,37.1,0.100
176,-1,893.0,352.1,27.1,104.9,0.096
176,-1,1036.1,414.5,19.9,65.2,0.093
176,-1,1490.0,344.1,57.0,73.4,0.087
176,-1,448.7,361.5,14.9,49.8,0.079
176,-1,466.0,369.1,13.4,44.2,0.078
176,-1,419.7,367.3,25.4,53.6,0.069
176,-1,860.7,363.8,20.5,57.8,0.063
176,-1,936.2,376.6,27.9,61.5,0.055
177,-1,1548.9,307.8,207.0,639.4,1.000
177,-1,1041.9,320.1,66.3,197.6,0.999
177,-1,1726.9,295.5,191.7,625.1,0.999
177,-1,227.9,369.4,45.3,134.4,0.997
177,-1,711.2,355.6,43.7,116.7,0.996
177,-1,892.8,349.0,53.6,162.8,0.995
177,-1,789.4,345.6,39.6,127.8,0.993
177,-1,92.2,374.3,43.1,107.3,0.992
177,-1,749.1,360.8,24.0,63.8,0.990
177,-1,520.5,339.6,68.1,153.3,0.988
177,-1,830.9,348.0,36.6,107.3,0.987
177,-1,452.8,371.3,20.7,60.3,0.950
177,-1,44.1,373.8,27.9,70.1,0.949
177,-1,1490.5,345.3,57.0,166.9,0.931
177,-1,387.5,378.4,23.5,89.3,0.928
177,-1,411.8,360.8,35.0,114.0,0.919
177,-1,680.8,373.1,23.7,54.5,0.882
177,-1,660.2,374.6,25.2,53.5,0.878
177,-1,855.3,365.4,26.4,85.3,0.865
177,-1,958.4,350.1,21.4,79.2,0.799
177,-1,475.5,371.9,20.0,53.9,0.647
177,-1,921.6,345.0,32.6,96.0,0.550
177,-1,934.0,362.7,20.6,64.9,0.516
177,-1,1489.6,345.1,59.5,71.2,0.363
177,-1,494.6,363.9,21.4,54.5,0.315
177,-1,920.9,344.9,23.1,48.2,0.291
177,-1,946.1,368.6,32.0,65.0,0.270
177,-1,480.1,376.3,25.2,46.6,0.264
177,-1,653.5,378.2,18.6,47.6,0.251
177,-1,1032.9,417.3,23.7,67.1,0.226
177,-1,135.9,386.4,24.8,39.4,0.218
177,-1,507.5,373.4,15.8,50.2,0.164
177,-1,472.4,370.9,16.8,44.2,0.139
177,-1,283.4,376.2,19.0,40.3,0.132
177,-1,461.7,369.0,17.0,56.0,0.124
177,-1,798.8,348.8,47.8,115.1,0.076
177,-1,860.5,364.3,21.0,54.4,0.072
177,-1,160.5,393.2,17.0,29.2,0.072
177,-1,574.7,375.7,18.7,38.8,0.065
177,-1,34.3,375.8,20.5,64.7,0.050
178,-1,1539.7,311.9,201.9,629.4,0.999
178,-1,1040.5,318.4,67.4,199.8,0.999
178,-1,1719.7,293.7,200.3,625.7,0.999
178,-1,223.6,363.8,46.3,133.9,0.998
178,-1,709.7,353.9,43.8,117.9,0.997
178,-1,791.5,343.6,38.6,132.3,0.996
178,-1,891.8,347.6,50.3,158.2,0.995
178,-1,517.8,341.8,73.3,150.2,0.993
178,-1,43.6,373.0,27.3,68.4,0.990
178,-1,91.6,373.1,42.6,107.0,0.989
178,-1,747.8,357.8,23.1,64.2,0.987
178,-1,1488.2,343.7,59.6,156.4,0.982
178,-1,830.3,346.6,32.6,106.8,0.977
178,-1,453.2,368.4,22.5,61.7,0.952
178,-1,416.2,359.3,28.0,78.9,0.918
178,-1,957.3,350.5,17.7,70.7,0.916
178,-1,854.8,360.5,25.0,86.0,0.904
178,-1,679.3,373.1,24.3,53.7,0.899
178,-1,478.3,373.2,28.8,46.9,0.791
178,-1,921.6,342.8,38.2,107.1,0.760
178,-1,384.9,375.2,23.4,90.7,0.723
178,-1,657.6,374.7,19.0,51.2,0.708
178,-1,669.0,371.4,19.2,54.9,0.643
178,-1,471.8,371.5,17.7,49.6,0.576
178,-1,282.5,370.3,14.6,44.9,0.427
178,-1,928.5,355.9,27.5,71.5,0.407
178,-1,507.5,367.0,16.4,55.0,0.383
178,-1,946.5,350.7,31.5,95.4,0.362
178,-1,297.7,382.0,14.3,35.9,0.329
178,-1,495.2,363.1,15.5,54.4,0.321
178,-1,1488.2,342.1,63.6,76.8,0.281
178,-1,109.1,372.6,24.3,57.2,0.217
178,-1,921.7,342.2,28.5,65.5,0.203
178,-1,651.4,370.5,17.2,51.1,0.176
178,-1,921.4,342.7,19.0,42.6,0.159
178,-1,133.7,388.5,25.0,34.1,0.153
178,-1,780.0,375.8,15.1,31.8,0.140
178,-1,1033.0,419.0,20.7,65.5,0.109
178,-1,470.4,368.3,17.3,31.3,0.109
178,-1,399.4,359.5,36.8,113.8,0.107
178,-1,860.4,362.6,18.7,44.0,0.094
178,-1,430.5,368.3,19.5,62.2,0.089
178,-1,282.3,390.3,14.0,27.8,0.087
178,-1,612.5,388.2,12.4,23.6,0.085
178,-1,889.9,370.4,13.6,83.3,0.075
178,-1,467.5,371.3,14.6,46.0,0.074
178,-1,32.0,375.8,17.2,61.6,0.063
179,-1,1534.2,309.3,197.4,638.1,0.999
179,-1,1717.0,295.8,203.0,626.7,0.999
179,-1,1041.2,317.0,67.2,200.3,0.999
179,-1,221.6,361.8,48.8,130.2,0.998
179,-1,793.6,343.0,36.0,129.7,0.998
179,-1,519.4,339.5,69.5,151.1,0.994
179,-1,890.4,345.5,54.2,158.5,0.993
179,-1,706.2,348.2,47.7,120.2,0.992
179,-1,830.8,344.6,31.8,104.9,0.980
179,-1,1490.4,341.6,59.6,157.7,0.976
179,-1,41.8,370.0,29.3,69.2,0.972
179,-1,93.3,369.4,37.4,108.9,0.971
179,-1,749.3,354.6,22.5,63.3,0.971
179,-1,449.0,365.0,28.7,62.5,0.931
179,-1,852.0,353.4,27.8,93.1,0.929
179,-1,957.0,349.5,18.4,82.8,0.905
179,-1,475.0,366.2,37.6,50.4,0.813
179,-1,922.4,339.4,43.3,119.2,0.791
179,-1,654.7,363.6,26.4,60.7,0.755
179,-1,677.9,366.7,27.3,56.1,0.725
179,-1,409.6,355.5,33.7,75.8,0.725
179,-1,1488.0,341.7,62.4,74.4,0.634
179,-1,381.9,370.4,28.5,84.6,0.626
179,-1,944.6,348.7,32.8,98.4,0.492
179,-1,668.4,365.5,22.1,57.6,0.469
179,-1,96.6,371.1,36.9,47.8,0.464
179,-1,472.4,370.1,20.1,45.9,0.353
179,-1,921.7,339.9,29.4,67.0,0.336
179,-1,954.4,349.0,21.9,44.2,0.332
179,-1,508.4,367.5,18.9,54.2,0.284
179,-1,492.5,359.2,20.8,51.6,0.177
179,-1,131.3,386.4,27.3,33.2,0.169
179,-1,296.3,368.2,16.6,44.4,0.150
179,-1,426.2,362.4,23.4,64.8,0.131
179,-1,368.8,371.6,17.9,58.8,0.124
179,-1,152.6,389.5,24.2,30.2,0.117
179,-1,147.2,390.3,27.8,74.8,0.109
179,-1,921.4,340.0,17.7,39.3,0.098
179,-1,282.4,369.7,17.7,43.0,0.096
179,-1,501.1,363.4,20.7,52.8,0.088
179,-1,778.2,364.5,18.1,40.5,0.081
179,-1,124.5,381.4,46.1,89.4,0.078
179,-1,264.8,393.0,21.2,42.7,0.076
179,-1,139.4,387.4,30.2,41.4,0.071
179,-1,581.8,365.5,14.8,19.6,0.061
179,-1,822.4,349.7,23.2,93.8,0.061
179,-1,494.3,357.3,22.6,26.9,0.060
180,-1,1712.6,292.2,206.0,631.9,0.999
180,-1,1527.7,303.8,205.4,644.5,0.999
180,-1,1041.8,313.8,67.6,200.8,0.999
180,-1,217.9,358.0,53.0,130.3,0.999
180,-1,890.0,342.5,53.3,158.8,0.996
180,-1,789.4,338.7,40.4,130.2,0.996
180,-1,708.5,344.7,43.2,120.3,0.995
180,-1,520.9,332.9,66.3,154.7,0.994
180,-1,89.4,365.6,42.4,106.1,0.991
180,-1,747.7,350.2,25.0,64.6,0.988
180,-1,830.8,340.1,32.2,105.8,0.987
180,-1,1492.0,337.4,59.6,158.3,0.984
180,-1,42.2,366.1,29.0,69.2,0.984
180,-1,454.4,364.2,22.9,59.1,0.949
180,-1,853.8,353.8,26.0,86.1,0.906
180,-1,953.1,343.8,22.3,74.8,0.900
180,-1,679.2,366.6,25.4,52.5,0.897
180,-1,411.5,352.9,28.6,78.3,0.866
180,-1,661.9,366.2,21.2,52.0,0.831
180,-1,507.5,356.6,20.3,62.8,0.824
180,-1,922.8,337.1,39.2,112.0,0.773
180,-1,382.7,369.8,19.8,76.4,0.758
180,-1,480.1,362.7,27.0,48.7,0.645
180,-1,490.2,355.4,20.0,53.6,0.526
180,-1,112.6,370.7,20.8,39.3,0.500
180,-1,922.6,335.8,14.1,31.0,0.453
180,-1,927.5,347.7,29.3,71.7,0.413
180,-1,922.6,336.4,22.0,64.2,0.390
180,-1,1492.3,338.4,59.6,74.0,0.318
180,-1,1035.7,417.9,19.0,62.8,0.258
180,-1,298.2,358.8,15.6,50.1,0.240
180,-1,473.7,365.9,16.9,45.7,0.230
180,-1,131.6,380.6,26.2,35.6,0.200
180,-1,283.0,363.1,16.4,45.4,0.190
180,-1,669.4,360.9,21.6,54.8,0.181
180,-1,465.6,363.9,18.3,53.0,0.179
180,-1,652.2,366.7,19.8,50.0,0.164
180,-1,380.8,360.1,34.7,105.3,0.118
180,-1,780.9,360.2,15.1,41.7,0.100
180,-1,498.6,362.8,14.3,48.1,0.092
180,-1,467.1,355.9,20.1,36.1,0.068
180,-1,610.5,361.0,16.4,16.9,0.059
180,-1,1622.3,290.4,237.2,650.6,0.058
180,-1,154.0,384.1,23.7,30.2,0.056
180,-1,372.0,368.9,18.1,57.7,0.054
180,-1,639.3,361.7,26.2,51.1,0.052
181,-1,1041.4,308.9,67.4,201.6,0.999
181,-1,1713.2,283.7,202.1,640.2,0.999
181,-1,1523.7,295.8,191.1,627.3,0.999
181,-1,216.6,348.2,50.7,133.9,0.999
181,-1,706.8,333.4,42.8,124.0,0.997
181,-1,514.3,325.8,67.9,151.7,0.996
181,-1,747.4,343.3,25.6,64.1,0.995
181,-1,786.4,331.7,39.6,126.6,0.995
181,-1,883.6,334.5,54.7,162.3,0.994
181,-1,830.5,333.6,33.1,105.1,0.986
181,-1,40.0,357.3,26.0,70.3,0.986
181,-1,86.8,357.2,35.4,106.2,0.980
181,-1,1491.2,332.2,62.1,161.7,0.973
181,-1,948.3,337.0,22.8,91.9,0.966
181,-1,106.8,360.4,21.1,46.4,0.941
181,-1,678.7,359.8,23.8,53.3,0.935
181,-1,453.6,355.0,20.6,60.8,0.924
181,-1,582.7,355.5,11.0,16.1,0.918
181,-1,404.5,340.2,33.4,80.5,0.898
181,-1,658.6,358.4,21.3,52.8,0.893
181,-1,852.5,346.4,26.3,87.2,0.882
181,-1,921.9,330.9,31.3,110.0,0.881
181,-1,474.5,357.2,30.1,48.2,0.789
181,-1,378.6,358.1,21.1,80.3,0.716
181,-1,282.1,355.3,15.1,43.8,0.672
181,-1,296.5,353.9,14.2,43.9,0.663
181,-1,1491.6,332.1,60.5,77.5,0.608
181,-1,651.8,358.8,18.0,53.4,0.597
181,-1,469.2,355.6,17.7,49.3,0.574
181,-1,882.1,339.1,21.2,90.9,0.517
181,-1,1035.8,413.1,19.6,66.3,0.486
181,-1,886.5,338.0,17.1,45.9,0.477
181,-1,128.5,374.5,25.7,32.0,0.436
181,-1,934.3,334.2,33.7,102.9,0.407
181,-1,922.1,330.0,18.8,53.7,0.394
181,-1,504.7,348.9,19.6,56.4,0.326
181,-1,493.9,345.9,20.9,57.5,0.249
181,-1,627.7,357.0,15.6,15.4,0.242
181,-1,646.0,356.6,18.1,54.2,0.200
181,-1,1577.7,290.3,266.8,639.5,0.073
181,-1,473.7,338.6,43.2,67.9,0.062
181,-1,467.1,290.9,61.2,120.1,0.055
181,-1,470.3,353.7,15.0,25.8,0.050
182,-1,1041.9,304.7,66.7,204.3,1.000
182,-1,1523.5,290.1,187.0,622.6,0.999
182,-1,1715.7,272.4,192.2,631.4,0.999
182,-1,217.0,343.2,49.8,134.0,0.999
182,-1,707.0,329.5,42.7,125.3,0.997
182,-1,509.4,320.7,72.5,151.7,0.997
182,-1,784.9,328.2,37.9,124.8,0.996
182,-1,883.0,332.4,52.6,157.1,0.993
182,-1,746.8,338.6,26.4,63.7,0.992
182,-1,830.3,328.3,31.1,107.5,0.990
182,-1,38.3,351.8,26.2,72.6,0.987
182,-1,80.9,352.0,41.2,106.9,0.985
182,-1,947.2,333.1,19.6,93.7,0.983
182,-1,453.0,351.4,19.9,57.6,0.959
182,-1,677.8,355.9,24.9,52.2,0.947
182,-1,1494.3,328.0,58.4,160.7,0.942
182,-1,295.1,346.0,15.3,48.3,0.941
182,-1,281.4,348.0,14.2,46.5,0.941
182,-1,402.6,336.7,35.7,85.6,0.933
182,-1,852.5,338.0,27.2,91.3,0.925
182,-1,920.0,325.3,33.9,109.6,0.917
182,-1,657.4,357.3,21.1,49.5,0.899
182,-1,104.4,354.3,22.1,45.3,0.892
182,-1,472.2,348.9,33.6,51.9,0.852
182,-1,1493.2,327.2,61.6,79.5,0.758
182,-1,885.8,333.0,16.6,36.4,0.738
182,-1,879.6,332.6,22.0,92.3,0.581
182,-1,668.0,354.1,19.2,54.1,0.527
182,-1,650.2,365.8,14.9,39.5,0.489
182,-1,375.0,354.5,21.5,64.0,0.420
182,-1,485.7,343.2,24.9,55.4,0.392
182,-1,921.3,325.0,18.1,36.4,0.387
182,-1,469.2,351.7,14.6,49.0,0.327
182,-1,125.9,367.4,25.8,34.1,0.306
182,-1,463.7,350.7,15.9,53.2,0.280
182,-1,504.1,343.7,19.4,59.2,0.269
182,-1,583.9,349.0,9.7,16.8,0.245
182,-1,1037.5,409.6,18.9,68.5,0.233
182,-1,465.7,339.9,16.0,37.3,0.162
182,-1,921.0,325.4,20.6,66.8,0.137
182,-1,494.4,336.6,22.6,55.6,0.093
182,-1,455.2,336.9,13.4,23.9,0.068
182,-1,615.7,352.1,11.9,15.3,0.054
182,-1,461.4,337.9,15.5,23.0,0.051
183,-1,1041.3,302.4,67.7,206.1,0.999
183,-1,1517.9,286.8,187.3,605.6,0.999
183,-1,1716.6,263.6,180.8,623.1,0.999
183,-1,216.6,343.3,51.6,130.8,0.999
183,-1,707.1,328.9,40.0,124.7,0.997
183,-1,508.6,319.4,73.9,153.4,0.996
183,-1,880.0,331.5,56.7,154.8,0.994
183,-1,781.5,325.6,41.2,129.7,0.993
183,-1,747.9,336.5,24.7,64.5,0.993
183,-1,79.7,350.3,40.8,106.5,0.990
183,-1,37.8,350.7,25.0,70.9,0.989
183,-1,829.0,325.8,33.2,109.0,0.987
183,-1,942.9,332.1,20.4,90.3,0.985
183,-1,453.9,348.1,20.4,58.3,0.951
183,-1,402.1,330.9,35.9,86.4,0.943
183,-1,920.7,323.1,30.3,111.6,0.931
183,-1,678.8,353.9,24.1,52.5,0.914
183,-1,854.6,339.8,25.0,87.0,0.901
183,-1,104.0,351.7,22.3,45.0,0.878
183,-1,1494.2,325.3,62.2,79.9,0.837
183,-1,281.7,347.3,15.3,45.9,0.833
183,-1,657.0,351.4,21.2,52.8,0.822
183,-1,1495.6,326.4,57.7,162.0,0.794
183,-1,473.9,348.7,30.6,48.9,0.763
183,-1,883.3,330.6,17.2,47.1,0.703
183,-1,931.7,327.5,28.6,101.9,0.691
183,-1,673.6,351.2,19.1,54.6,0.663
183,-1,878.0,329.5,21.8,86.9,0.607
183,-1,297.0,346.8,12.7,49.0,0.546
183,-1,845.7,327.2,26.7,101.8,0.530
183,-1,665.2,351.6,19.3,52.1,0.508
183,-1,491.3,337.5,17.9,51.3,0.484
183,-1,375.1,353.4,18.9,58.8,0.452
183,-1,469.9,350.2,14.8,47.1,0.434
183,-1,920.3,323.1,18.0,39.1,0.336
183,-1,648.9,351.3,16.0,49.9,0.226
183,-1,688.4,351.0,21.4,54.1,0.204
183,-1,125.4,364.6,25.0,33.2,0.197
183,-1,502.7,340.4,18.5,54.3,0.167
183,-1,95.3,351.3,28.8,87.2,0.140
183,-1,686.3,349.6,16.0,45.2,0.095
183,-1,585.1,345.1,9.8,20.4,0.094
183,-1,496.7,336.0,17.4,47.6,0.081
183,-1,469.8,339.5,15.5,37.8,0.074
183,-1,453.7,334.2,15.6,29.7,0.055
183,-1,474.2,341.1,16.7,41.7,0.052
183,-1,1038.1,402.3,19.2,73.5,0.052
184,-1,1507.6,284.3,189.1,596.2,0.999
184,-1,1041.3,300.0,67.5,207.7,0.999
184,-1,1712.0,258.5,182.9,621.7,0.999
184,-1,215.8,340.8,52.9,132.4,0.998
184,-1,705.7,327.6,44.3,124.6,0.997
184,-1,513.3,317.5,68.4,153.3,0.997
184,-1,877.2,330.2,59.3,157.8,0.996
184,-1,780.7,321.1,41.0,130.2,0.995
184,-1,748.4,337.9,23.1,61.3,0.990
184,-1,76.7,348.2,42.6,107.1,0.989
184,-1,33.5,347.7,27.0,68.1,0.984
184,-1,830.0,324.7,31.4,108.0,0.978
184,-1,101.7,349.4,23.1,47.4,0.958
184,-1,454.1,345.6,19.6,57.8,0.953
184,-1,939.5,328.4,23.5,91.7,0.941
184,-1,397.6,331.0,41.8,82.0,0.937
184,-1,919.8,322.8,27.5,108.5,0.933
184,-1,294.0,341.6,15.0,48.4,0.927
184,-1,280.7,341.3,15.3,48.0,0.926
184,-1,470.6,349.3,35.8,48.0,0.912
184,-1,679.1,351.8,23.5,52.7,0.907
184,-1,1493.8,326.0,62.7,150.6,0.901
184,-1,851.2,340.4,28.5,88.2,0.891
184,-1,656.8,350.1,21.5,53.0,0.872
184,-1,881.7,328.8,16.5,35.3,0.770
184,-1,378.9,328.9,57.5,114.5,0.651
184,-1,1495.4,324.1,60.8,80.2,0.610
184,-1,648.1,347.4,17.6,49.7,0.469
184,-1,480.8,330.9,30.0,62.7,0.451
184,-1,920.0,322.4,15.6,26.9,0.384
184,-1,468.8,349.0,14.8,48.1,0.372
184,-1,492.7,334.7,22.7,62.2,0.356
184,-1,875.8,327.9,22.6,86.9,0.348
184,-1,502.4,338.4,19.4,62.0,0.318
184,-1,919.5,322.0,20.4,67.7,0.301
184,-1,667.0,348.8,18.9,54.0,0.285
184,-1,124.4,363.5,25.2,31.9,0.270
184,-1,586.4,345.4,9.3,19.7,0.135
184,-1,480.5,327.3,26.9,39.2,0.126
184,-1,850.2,327.2,16.4,49.6,0.111
184,-1,863.5,337.2,24.1,86.4,0.091
184,-1,502.7,335.6,17.2,34.4,0.084
184,-1,872.7,329.2,33.2,117.3,0.079
184,-1,472.6,338.4,21.1,51.8,0.076
184,-1,454.4,333.1,16.4,25.2,0.073
184,-1,465.4,334.7,17.1,38.8,0.054
184,-1,1038.6,407.6,19.0,68.2,0.051
185,-1,1500.1,279.6,182.6,606.7,0.999
185,-1,1045.0,297.3,66.3,210.5,0.999
185,-1,1703.7,255.4,190.3,623.4,0.999
185,-1,215.3,340.3,54.1,130.4,0.999
185,-1,707.1,326.4,39.1,124.3,0.997
185,-1,512.6,315.1,68.8,154.8,0.994
185,-1,876.2,331.0,59.9,154.3,0.994
185,-1,783.1,327.1,35.9,123.4,0.992
185,-1,77.5,345.3,42.2,105.8,0.985
185,-1,749.4,333.5,22.7,63.5,0.985
185,-1,829.7,323.1,31.6,108.5,0.981
185,-1,33.7,343.4,26.1,70.7,0.974
185,-1,937.5,328.6,24.8,88.8,0.967
185,-1,101.8,346.7,21.6,44.8,0.959
185,-1,453.5,341.2,20.4,62.0,0.955
185,-1,397.3,328.1,39.9,84.0,0.950
185,-1,853.4,339.4,26.6,87.0,0.906
185,-1,919.9,322.4,25.0,105.9,0.892
185,-1,678.6,349.8,23.7,53.4,0.883
185,-1,656.9,349.1,20.9,52.4,0.808
185,-1,366.6,329.7,39.0,120.7,0.804
185,-1,881.1,327.7,15.5,33.8,0.717
185,-1,281.0,342.5,15.0,45.6,0.707
185,-1,471.0,346.1,35.4,48.2,0.672
185,-1,384.3,324.9,50.2,126.4,0.596
185,-1,492.5,341.1,16.0,47.5,0.594
185,-1,121.6,360.5,28.6,35.4,0.561
185,-1,919.6,321.6,18.9,51.7,0.498
185,-1,671.3,348.7,18.5,54.1,0.462
185,-1,878.1,327.3,19.3,60.1,0.389
185,-1,296.0,338.3,13.2,51.3,0.368
185,-1,502.2,336.7,20.2,63.7,0.334
185,-1,1495.1,325.4,55.2,161.0,0.237
185,-1,650.0,353.1,15.6,45.2,0.225
185,-1,689.8,346.8,19.4,53.3,0.199
185,-1,872.7,330.6,24.3,88.4,0.196
185,-1,1495.2,325.3,63.6,78.6,0.192
185,-1,469.3,346.8,13.2,46.9,0.160
185,-1,686.7,340.0,17.0,51.2,0.157
185,-1,587.0,344.2,9.0,17.9,0.105
185,-1,504.9,337.9,15.5,29.5,0.104
185,-1,466.6,331.7,15.0,41.2,0.088
185,-1,866.6,335.9,20.4,83.5,0.080
185,-1,417.1,328.7,24.1,72.7,0.074
185,-1,1497.5,284.0,145.1,123.5,0.061
185,-1,1628.0,438.0,62.4,315.8,0.051
186,-1,1045.4,294.4,68.8,212.3,0.999
186,-1,1480.1,267.3,190.9,637.0,0.999
186,-1,1684.5,251.3,205.9,634.2,0.999
186,-1,216.2,338.0,52.9,131.3,0.998
186,-1,704.4,325.6,46.7,123.1,0.995
186,-1,871.2,332.6,61.1,152.4,0.994
186,-1,507.6,313.3,72.8,154.5,0.992
186,-1,778.7,323.4,42.2,129.4,0.992
186,-1,75.6,342.7,42.9,105.8,0.988
186,-1,749.7,333.0,22.8,64.4,0.985
186,-1,32.0,339.6,26.0,68.6,0.980
186,-1,829.3,321.6,34.2,109.3,0.979
186,-1,454.7,341.3,20.3,60.0,0.976
186,-1,102.2,344.7,19.9,46.4,0.962
186,-1,392.3,327.0,43.0,95.5,0.936
186,-1,919.0,323.4,31.7,107.9,0.934
186,-1,850.1,334.4,29.9,92.4,0.887
186,-1,678.9,348.4,23.1,53.8,0.865
186,-1,370.6,325.9,57.0,122.4,0.837
186,-1,656.9,348.4,21.7,52.7,0.820
186,-1,929.3,330.1,30.8,93.5,0.816
186,-1,877.3,327.3,16.1,39.4,0.755
186,-1,1501.6,277.4,113.2,122.9,0.683
186,-1,367.6,331.8,32.3,99.6,0.648
186,-1,492.9,338.0,16.1,50.4,0.593
186,-1,474.8,342.6,27.1,49.0,0.582
186,-1,918.9,321.8,20.5,63.1,0.561
186,-1,367.0,341.6,17.7,66.0,0.477
186,-1,869.3,326.9,23.0,89.0,0.476
186,-1,296.8,339.7,12.7,49.3,0.437
186,-1,282.1,339.5,15.7,47.0,0.403
186,-1,652.0,347.8,18.7,51.3,0.373
186,-1,597.5,342.9,8.8,19.2,0.366
186,-1,589.1,343.1,8.9,16.8,0.323
186,-1,468.5,339.9,21.0,53.1,0.256
186,-1,688.5,347.9,19.2,51.1,0.192
186,-1,1498.7,319.1,52.8,85.5,0.183
186,-1,1499.7,322.0,50.6,171.0,0.161
186,-1,462.3,341.7,18.2,54.5,0.150
186,-1,483.9,329.2,22.8,59.0,0.140
186,-1,499.1,330.6,23.0,64.3,0.118
186,-1,467.2,330.8,17.9,36.7,0.108
186,-1,1502.8,283.0,161.8,171.9,0.108
186,-1,504.5,334.4,16.0,37.0,0.102
186,-1,693.5,338.1,17.8,51.5,0.100
186,-1,453.6,332.4,19.1,48.4,0.095
186,-1,119.9,357.6,25.3,34.1,0.095
186,-1,499.3,333.4,16.0,41.8,0.068
186,-1,617.7,344.3,13.3,17.0,0.065
186,-1,418.2,330.4,22.7,75.1,0.064
186,-1,472.7,323.8,39.4,73.5,0.063
186,-1,453.6,329.5,16.9,25.7,0.057
187,-1,1467.8,270.5,204.9,638.9,0.999
187,-1,1658.1,255.4,225.5,641.1,0.999
187,-1,1044.5,293.8,73.6,216.0,0.999
187,-1,215.8,338.2,51.4,132.5,0.998
187,-1,508.1,311.6,71.2,157.8,0.995
187,-1,704.8,326.1,46.4,124.4,0.994
187,-1,870.2,333.4,60.2,154.3,0.994
187,-1,777.9,325.7,42.5,126.5,0.991
187,-1,72.2,344.1,43.9,105.5,0.987
187,-1,31.5,339.7,26.5,70.3,0.985
187,-1,749.5,336.9,23.5,61.4,0.981
187,-1,828.6,324.4,36.1,108.9,0.977
187,-1,453.5,342.5,20.7,57.6,0.960
187,-1,384.4,326.5,49.5,120.2,0.958
187,-1,101.8,346.5,19.6,43.8,0.925
187,-1,923.1,333.2,42.0,92.3,0.916
187,-1,849.9,338.7,30.2,89.1,0.881
187,-1,677.1,350.4,23.9,51.9,0.812
187,-1,876.1,329.1,15.8,38.3,0.788
187,-1,366.5,334.8,34.9,113.3,0.767
187,-1,485.9,320.1,30.2,72.6,0.747
187,-1,918.7,324.3,26.0,108.1,0.710
187,-1,656.2,349.8,23.0,52.7,0.685
187,-1,470.4,340.3,32.1,53.7,0.597
187,-1,864.2,330.1,26.7,90.4,0.479
187,-1,918.7,323.5,21.7,56.6,0.430
187,-1,119.0,357.5,25.6,33.8,0.367
187,-1,465.7,342.1,22.0,52.0,0.298
187,-1,1503.9,281.1,108.3,114.1,0.289
187,-1,367.0,349.1,17.7,60.2,0.256
187,-1,662.8,347.4,25.2,56.5,0.253
187,-1,296.2,340.9,12.6,45.6,0.243
187,-1,685.5,345.7,18.1,51.2,0.224
187,-1,1501.4,327.9,43.8,75.4,0.195
187,-1,1500.9,322.1,46.1,146.2,0.153
187,-1,281.9,341.5,15.8,44.1,0.131
187,-1,596.7,345.2,11.7,20.7,0.118
187,-1,1043.8,406.3,18.6,68.0,0.100
187,-1,845.2,326.7,21.0,84.2,0.097
187,-1,692.3,346.6,17.0,44.5,0.094
187,-1,590.1,342.5,8.8,20.6,0.081
187,-1,594.0,343.1,9.4,20.2,0.075
187,-1,1502.0,285.2,159.5,307.2,0.052
188,-1,1442.1,278.4,225.4,640.9,0.999
188,-1,1631.4,259.5,249.0,646.8,0.999
188,-1,1048.0,293.6,73.1,215.7,0.999
188,-1,214.9,339.1,48.2,130.9,0.998
188,-1,870.4,333.5,57.5,153.3,0.994
188,-1,503.3,309.6,76.6,160.6,0.993
188,-1,706.5,328.9,43.4,124.0,0.993
188,-1,778.1,325.4,40.4,125.8,0.991
188,-1,750.5,335.0,22.1,64.2,0.989
188,-1,830.8,324.4,31.6,104.8,0.982
188,-1,72.3,342.0,44.2,107.1,0.980
188,-1,918.1,325.8,34.4,106.8,0.933
188,-1,96.7,341.9,23.8,46.4,0.886
188,-1,32.1,341.8,26.9,61.8,0.886
188,-1,846.3,333.3,31.4,97.1,0.841
188,-1,392.0,329.5,41.6,78.3,0.816
188,-1,871.5,329.1,18.6,36.5,0.759
188,-1,678.5,350.6,23.1,51.9,0.759
188,-1,478.4,318.9,40.1,70.2,0.743
188,-1,927.9,332.3,27.1,76.7,0.629
188,-1,459.0,331.5,49.0,60.3,0.559
188,-1,115.0,356.1,34.7,35.3,0.557
188,-1,656.2,350.0,27.3,52.4,0.556
188,-1,868.7,329.3,22.3,75.3,0.508
188,-1,669.6,347.4,23.1,54.8,0.495
188,-1,366.2,339.0,34.8,108.5,0.482
188,-1,96.0,344.6,25.0,90.9,0.460
188,-1,452.4,340.8,22.1,47.5,0.455
188,-1,687.1,354.6,19.7,46.5,0.362
188,-1,298.4,343.8,13.6,41.7,0.356
188,-1,80.4,342.2,23.0,92.7,0.310
188,-1,281.7,343.6,23.6,41.4,0.294
188,-1,362.6,347.3,24.2,59.9,0.281
188,-1,921.2,323.9,23.5,37.1,0.182
188,-1,80.5,341.2,17.9,50.1,0.168
188,-1,1506.5,282.8,98.7,101.6,0.143
188,-1,485.5,320.2,32.8,33.2,0.112
188,-1,50.9,346.5,14.8,44.8,0.107
188,-1,855.8,341.8,25.7,61.9,0.101
188,-1,659.5,336.4,39.0,66.8,0.080
188,-1,471.1,335.6,26.5,48.9,0.070
188,-1,114.5,354.2,34.9,86.4,0.070
188,-1,364.0,344.3,22.2,35.2,0.061
189,-1,1418.7,294.3,236.3,622.6,1.000
189,-1,1049.5,295.6,69.4,216.0,0.999
189,-1,1617.1,273.7,264.4,641.1,0.999
189,-1,215.8,339.0,49.6,131.8,0.998
189,-1,871.7,335.9,54.2,152.5,0.996
189,-1,705.5,328.8,47.8,128.9,0.992
189,-1,776.8,327.7,41.8,129.3,0.991
189,-1,917.1,327.0,34.3,108.7,0.986
189,-1,509.4,318.7,70.2,154.0,0.985
189,-1,830.9,326.3,29.3,109.4,0.983
189,-1,70.0,343.8,46.1,106.6,0.976
189,-1,748.1,337.3,25.2,64.6,0.973
189,-1,391.3,331.5,40.6,78.9,0.918
189,-1,654.3,346.7,27.1,58.6,0.888
189,-1,452.2,344.4,21.9,54.0,0.858
189,-1,25.9,337.5,30.7,69.0,0.838
189,-1,872.1,332.7,17.6,35.3,0.834
189,-1,848.4,330.4,28.1,101.7,0.811
189,-1,676.6,352.3,23.3,53.8,0.792
189,-1,365.1,337.8,31.2,97.9,0.652
189,-1,97.3,346.7,21.3,41.6,0.545
189,-1,463.6,339.9,40.7,53.0,0.529
189,-1,297.1,353.1,12.2,38.7,0.515
189,-1,862.4,335.4,23.8,82.0,0.500
189,-1,419.0,327.7,27.1,80.4,0.433
189,-1,481.2,337.4,26.0,53.0,0.422
189,-1,667.4,347.4,23.5,58.7,0.408
189,-1,347.3,338.3,19.8,73.1,0.381
189,-1,114.3,354.0,32.0,87.5,0.373
189,-1,683.1,346.1,25.1,57.9,0.360
189,-1,1510.8,338.3,29.2,43.8,0.359
189,-1,852.0,329.6,20.9,34.2,0.297
189,-1,870.9,332.4,20.0,65.4,0.280
189,-1,361.4,336.9,26.1,72.1,0.271
189,-1,116.5,356.5,27.9,39.4,0.238
189,-1,501.3,336.3,22.3,62.3,0.207
189,-1,91.7,345.0,27.2,93.8,0.194
189,-1,1046.2,405.0,16.2,73.7,0.182
189,-1,489.3,334.4,25.3,64.5,0.168
189,-1,376.0,341.5,21.0,69.7,0.152
189,-1,436.4,332.6,30.2,71.8,0.122
189,-1,687.5,332.9,19.9,56.1,0.104
189,-1,100.3,348.3,30.9,47.4,0.102
189,-1,855.4,342.4,24.9,66.8,0.100
189,-1,845.8,329.9,19.8,81.5,0.082
189,-1,851.6,332.2,23.6,54.7,0.065
189,-1,692.2,345.7,25.9,64.7,0.057
189,-1,1510.7,289.3,86.2,94.4,0.055
189,-1,855.5,334.2,39.1,107.1,0.052
190,-1,1408.5,296.9,247.1,637.0,1.000
190,-1,1050.9,297.9,71.1,217.2,1.000
190,-1,1615.5,281.5,274.9,640.2,0.998
190,-1,216.8,338.3,51.4,133.1,0.998
190,-1,706.9,329.6,44.5,125.8,0.996
190,-1,777.0,329.2,38.3,127.3,0.995
190,-1,508.5,316.2,68.5,155.9,0.995
190,-1,868.8,335.2,57.4,153.6,0.995
190,-1,829.9,328.3,31.6,107.4,0.991
190,-1,30.4,340.1,26.1,71.8,0.990
190,-1,920.7,328.7,34.0,108.6,0.989
190,-1,749.5,339.6,25.9,63.4,0.986
190,-1,70.1,343.1,43.4,106.1,0.977
190,-1,455.6,346.5,17.3,54.0,0.972
190,-1,390.8,332.0,41.5,81.6,0.964
190,-1,99.0,345.4,20.6,42.4,0.941
190,-1,679.7,353.0,23.0,53.6,0.936
190,-1,472.1,347.5,26.2,48.6,0.927
190,-1,664.7,353.3,19.2,52.7,0.908
190,-1,366.0,333.1,25.3,78.5,0.870
190,-1,859.4,333.8,27.4,85.9,0.858
190,-1,656.6,354.0,19.8,51.9,0.745
190,-1,872.2,334.2,17.1,35.2,0.680
190,-1,116.3,358.5,28.3,38.2,0.604
190,-1,670.9,352.1,19.5,56.1,0.596
190,-1,846.4,331.3,24.5,99.0,0.459
190,-1,466.5,346.4,17.9,49.1,0.335
190,-1,489.4,332.9,21.2,59.9,0.330
190,-1,689.6,349.9,19.0,50.3,0.324
190,-1,591.3,346.7,8.1,19.5,0.234
190,-1,502.9,334.2,22.4,66.0,0.225
190,-1,78.0,341.9,22.5,51.0,0.182
190,-1,445.4,328.3,13.2,40.7,0.171
190,-1,869.2,335.2,21.9,63.7,0.155
190,-1,1048.5,419.5,15.8,60.4,0.153
190,-1,598.2,347.9,11.3,22.0,0.149
190,-1,915.7,336.7,25.4,98.2,0.127
190,-1,283.9,348.2,15.2,39.1,0.114
190,-1,426.3,338.3,18.2,64.0,0.112
190,-1,88.4,344.6,29.2,87.5,0.108
190,-1,861.5,333.8,23.6,34.7,0.101
190,-1,117.2,360.0,50.1,29.9,0.089
190,-1,375.3,339.4,19.3,76.9,0.082
190,-1,651.5,359.0,15.1,45.4,0.079
190,-1,854.6,340.3,22.5,71.3,0.057
190,-1,115.2,355.1,51.2,92.7,0.055
190,-1,456.3,332.9,15.9,26.9,0.053
190,-1,688.3,338.3,17.6,38.6,0.052
190,-1,46.2,339.8,17.0,49.6,0.050
191,-1,1387.4,303.3,253.1,638.4,1.000
191,-1,1053.4,302.8,71.5,219.5,0.999
191,-1,1611.0,288.4,254.3,647.5,0.999
191,-1,217.0,337.6,49.2,131.4,0.998
191,-1,867.7,335.2,57.8,162.2,0.997
191,-1,510.0,310.8,62.5,164.4,0.995
191,-1,707.1,329.8,42.7,127.3,0.992
191,-1,774.2,329.2,42.8,130.1,0.991
191,-1,829.5,328.5,38.7,111.3,0.987
191,-1,26.0,336.6,27.6,74.4,0.980
191,-1,66.6,341.3,45.8,106.9,0.980
191,-1,751.1,340.9,26.6,64.0,0.976
191,-1,922.2,330.5,33.2,111.9,0.975
191,-1,377.0,329.3,47.8,120.7,0.959
191,-1,655.7,353.2,26.0,54.8,0.955
191,-1,456.3,347.8,17.2,50.9,0.918
191,-1,96.1,343.4,21.3,45.4,0.896
191,-1,680.2,351.2,26.6,57.3,0.895
191,-1,462.9,347.7,38.4,49.7,0.878
191,-1,857.8,337.0,26.3,88.6,0.869
191,-1,363.8,332.6,26.3,75.9,0.667
191,-1,479.3,343.4,27.2,51.9,0.523
191,-1,864.0,336.4,19.7,30.5,0.482
191,-1,667.7,351.5,22.7,57.5,0.403
191,-1,114.1,355.3,22.2,32.6,0.395
191,-1,489.3,335.0,21.6,56.0,0.341
191,-1,501.3,332.6,24.4,68.1,0.304
191,-1,860.1,337.4,22.0,46.1,0.288
191,-1,445.7,330.0,12.7,38.6,0.255
191,-1,916.2,334.8,25.4,102.4,0.200
191,-1,869.6,338.2,19.1,34.5,0.176
191,-1,691.0,340.6,17.2,50.4,0.172
191,-1,373.8,335.9,24.5,101.0,0.168
191,-1,593.9,346.2,9.7,20.2,0.116
191,-1,114.1,357.7,22.4,58.3,0.092
191,-1,50.4,339.1,15.1,46.6,0.089
191,-1,603.6,348.0,11.7,20.5,0.079
191,-1,456.7,335.7,16.1,38.7,0.073
191,-1,284.6,346.3,17.9,39.0,0.061
191,-1,423.3,335.6,19.3,67.6,0.055
192,-1,1389.0,311.6,249.9,632.6,1.000
192,-1,1054.4,307.5,72.5,220.5,1.000
192,-1,1615.1,292.1,249.9,651.1,0.999
192,-1,217.8,336.9,50.8,132.2,0.998
192,-1,868.4,337.5,58.4,160.4,0.996
192,-1,709.8,331.6,40.0,127.8,0.993
192,-1,510.6,314.1,61.4,163.2,0.992
192,-1,775.0,327.4,41.2,133.1,0.989
192,-1,752.3,340.6,25.8,66.5,0.985
192,-1,829.5,332.9,36.7,108.4,0.985
192,-1,26.0,337.7,28.3,71.6,0.980
192,-1,915.4,331.7,41.4,112.9,0.975
192,-1,66.9,341.4,45.6,107.4,0.969
192,-1,658.7,353.2,27.5,56.5,0.939
192,-1,464.3,345.2,39.9,50.9,0.921
192,-1,376.2,329.3,50.3,122.5,0.915
192,-1,96.3,343.0,23.0,47.0,0.904
192,-1,680.7,353.8,24.6,56.0,0.895
192,-1,386.3,331.4,43.2,78.7,0.876
192,-1,853.0,337.8,28.8,101.4,0.852
192,-1,456.4,347.6,18.1,49.4,0.772
192,-1,364.4,334.1,29.1,120.1,0.612
192,-1,485.8,339.1,23.4,50.0,0.572
192,-1,669.9,352.2,21.5,57.9,0.480
192,-1,864.3,338.7,18.8,31.0,0.425
192,-1,367.6,334.2,22.8,76.7,0.418
192,-1,285.1,341.7,18.7,45.9,0.378
192,-1,860.9,339.1,23.6,52.4,0.366
192,-1,596.2,350.8,9.7,16.3,0.338
192,-1,296.8,339.6,14.6,48.2,0.324
192,-1,78.3,342.8,36.2,50.3,0.311
192,-1,424.9,333.6,21.0,72.9,0.285
192,-1,506.1,340.5,20.9,62.0,0.216
192,-1,114.0,356.0,16.4,33.9,0.198
192,-1,602.0,350.6,11.9,19.4,0.168
192,-1,499.2,330.6,23.3,64.8,0.162
192,-1,915.4,342.1,22.6,94.0,0.120
192,-1,50.5,337.4,16.1,47.3,0.109
192,-1,456.9,340.8,15.7,36.0,0.086
192,-1,1583.9,427.7,50.5,359.3,0.081
192,-1,76.2,341.1,26.7,71.6,0.065
192,-1,804.3,356.1,14.5,45.2,0.053
192,-1,474.9,338.6,20.0,33.7,0.052
193,-1,1391.6,310.5,242.5,647.0,1.000
193,-1,1055.8,308.9,74.0,218.7,0.999
193,-1,1608.9,298.5,261.3,648.3,0.999
193,-1,869.2,337.9,54.1,161.5,0.997
193,-1,216.5,335.3,52.1,132.1,0.997
193,-1,830.1,332.1,39.1,110.7,0.993
193,-1,776.7,331.3,35.5,122.3,0.992
193,-1,511.2,311.1,59.4,167.0,0.991
193,-1,708.0,331.9,43.2,128.3,0.990
193,-1,753.0,339.5,25.4,65.3,0.989
193,-1,916.2,332.9,41.5,112.8,0.983
193,-1,67.2,339.0,38.0,107.6,0.972
193,-1,25.3,333.7,29.9,72.1,0.972
193,-1,379.4,327.0,48.3,125.6,0.954
193,-1,464.6,343.3,33.8,54.4,0.940
193,-1,656.7,351.2,25.6,58.5,0.936
193,-1,853.0,339.2,29.5,99.5,0.870
193,-1,679.7,350.3,27.1,58.6,0.833
193,-1,95.3,340.4,22.7,47.8,0.825
193,-1,363.1,331.0,32.4,120.0,0.773
193,-1,421.5,330.8,25.1,75.9,0.749
193,-1,388.4,330.0,35.6,81.2,0.741
193,-1,456.3,342.3,21.6,51.2,0.725
193,-1,866.1,339.8,14.5,29.7,0.690
193,-1,82.6,339.8,34.6,101.5,0.386
193,-1,664.5,349.0,27.5,60.5,0.359
193,-1,488.0,342.9,22.2,48.9,0.330
193,-1,284.5,337.4,23.5,48.2,0.320
193,-1,443.8,326.1,15.4,44.3,0.226
193,-1,915.3,334.1,25.1,93.4,0.195
193,-1,498.9,325.9,26.1,47.3,0.141
193,-1,494.5,327.5,22.9,59.5,0.139
193,-1,798.1,342.4,22.6,107.3,0.136
193,-1,741.3,326.8,19.1,52.3,0.130
193,-1,360.6,330.5,28.0,78.9,0.121
193,-1,674.4,344.8,22.8,61.7,0.110
193,-1,743.2,327.4,16.8,24.8,0.097
193,-1,691.2,344.6,19.1,53.8,0.097
193,-1,402.0,330.7,30.9,77.2,0.083
193,-1,48.3,331.9,19.5,54.5,0.079
193,-1,472.5,336.8,22.5,35.1,0.079
193,-1,484.6,312.1,43.4,80.7,0.066
193,-1,805.5,356.9,13.6,42.6,0.060
193,-1,855.3,337.6,18.6,40.8,0.058
193,-1,455.4,331.6,17.6,40.9,0.054
194,-1,1392.3,315.5,240.4,644.3,1.000
194,-1,1611.4,299.7,252.2,649.9,0.999
194,-1,1055.4,309.1,77.1,220.9,0.999
194,-1,218.9,330.4,48.5,134.1,0.997
194,-1,869.9,338.6,52.1,160.3,0.994
194,-1,512.4,308.9,55.2,166.7,0.994
194,-1,708.0,330.7,40.9,129.3,0.993
194,-1,830.2,332.4,36.9,108.8,0.991
194,-1,774.0,328.6,42.3,129.3,0.991
194,-1,753.9,339.7,24.6,64.8,0.988
194,-1,24.6,333.0,30.5,72.7,0.982
194,-1,65.1,338.1,40.6,107.7,0.964
194,-1,917.5,331.4,34.1,109.4,0.962
194,-1,656.1,350.6,27.7,58.4,0.954
194,-1,464.5,340.6,35.6,56.2,0.948
194,-1,385.2,328.7,35.5,79.6,0.927
194,-1,852.9,341.4,28.5,96.1,0.870
194,-1,93.6,339.1,19.2,48.0,0.848
194,-1,684.5,352.5,24.4,55.0,0.842
194,-1,457.3,342.8,18.1,47.8,0.708
194,-1,121.9,352.1,21.6,34.6,0.635
194,-1,913.7,338.5,23.0,95.3,0.576
194,-1,669.6,349.6,21.2,58.3,0.520
194,-1,93.6,337.4,19.3,101.5,0.469
194,-1,692.3,343.8,17.6,54.2,0.388
194,-1,931.4,348.3,27.1,84.3,0.300
194,-1,861.2,337.5,18.8,31.7,0.291
194,-1,368.1,342.1,23.9,95.4,0.278
194,-1,371.8,329.5,46.4,119.9,0.240
194,-1,371.8,337.9,17.7,58.9,0.218
194,-1,859.0,338.6,21.9,62.7,0.209
194,-1,917.4,331.8,25.0,69.7,0.198
194,-1,496.0,333.2,17.0,53.0,0.183
194,-1,801.5,344.9,18.5,97.4,0.182
194,-1,480.2,338.7,22.2,46.5,0.161
194,-1,285.6,338.2,21.5,45.5,0.118
194,-1,496.6,319.9,23.7,52.8,0.110
194,-1,92.9,338.5,42.2,104.0,0.087
194,-1,686.1,334.9,25.8,30.1,0.072
194,-1,1433.1,320.1,184.4,385.9,0.053
194,-1,864.1,348.3,23.8,92.8,0.053
194,-1,1480.9,316.9,94.2,87.4,0.051
195,-1,1057.8,312.0,75.6,220.7,0.999
195,-1,1394.1,313.2,231.2,646.2,0.999
195,-1,1612.5,299.0,244.2,655.0,0.999
195,-1,220.8,333.0,48.7,129.9,0.998
195,-1,868.7,339.9,54.0,160.4,0.997
195,-1,707.8,331.0,42.9,129.4,0.995
195,-1,514.0,310.5,53.4,166.4,0.994
195,-1,830.6,333.1,36.5,108.6,0.992
195,-1,772.4,329.5,43.3,131.6,0.992
195,-1,921.2,331.8,36.3,110.0,0.987
195,-1,753.9,339.6,24.2,64.5,0.981
195,-1,25.5,331.3,27.5,75.3,0.980
195,-1,62.1,337.0,42.3,110.5,0.974
195,-1,462.1,339.5,36.3,59.0,0.933
195,-1,659.8,350.1,25.8,58.0,0.926
195,-1,852.0,338.8,28.9,100.5,0.922
195,-1,386.2,328.2,34.4,82.8,0.905
195,-1,681.5,351.1,25.9,57.2,0.861
195,-1,457.8,341.8,17.7,51.1,0.696
195,-1,372.8,328.9,43.6,120.8,0.691
195,-1,92.3,339.5,20.9,100.4,0.567
195,-1,669.8,347.4,23.7,61.3,0.468
195,-1,369.2,334.4,21.3,88.6,0.463
195,-1,691.5,348.4,21.2,58.6,0.406
195,-1,92.3,337.8,20.1,51.1,0.370
195,-1,72.9,336.4,19.8,48.6,0.364
195,-1,799.1,342.9,22.2,108.5,0.349
195,-1,915.5,334.9,25.8,96.7,0.313
195,-1,913.4,339.1,18.6,80.4,0.311
195,-1,861.3,337.2,16.2,31.2,0.295
195,-1,116.0,352.1,23.2,33.4,0.208
195,-1,509.1,346.7,15.3,42.0,0.196
195,-1,286.4,333.8,21.7,52.9,0.172
195,-1,94.8,339.4,39.6,107.4,0.165
195,-1,449.5,325.3,14.2,41.2,0.156
195,-1,460.2,335.9,20.9,46.0,0.152
195,-1,82.2,337.7,27.5,89.0,0.141
195,-1,72.8,336.8,21.4,95.2,0.139
195,-1,488.1,342.8,19.5,45.5,0.133
195,-1,803.6,355.9,16.2,46.7,0.121
195,-1,1492.8,318.2,81.0,82.4,0.117
195,-1,499.2,332.9,19.1,53.2,0.111
195,-1,471.3,336.0,25.1,42.9,0.108
195,-1,643.3,350.6,30.2,56.4,0.099
195,-1,599.0,345.0,10.7,20.0,0.098
195,-1,1055.6,424.3,24.5,101.8,0.074
195,-1,455.7,327.6,17.2,40.5,0.065
195,-1,38.7,328.7,23.5,55.0,0.064
195,-1,685.9,336.9,21.1,47.7,0.061
195,-1,1428.8,321.0,182.3,377.4,0.061
195,-1,1553.1,456.5,62.1,324.8,0.054
195,-1,115.8,351.3,28.3,61.3,0.051
195,-1,699.7,346.0,16.1,53.0,0.050
196,-1,1397.1,312.4,208.6,647.2,0.999
196,-1,1061.5,310.1,80.3,225.2,0.999
196,-1,1620.5,301.3,214.1,642.8,0.998
196,-1,224.7,330.9,48.3,125.5,0.997
196,-1,871.6,342.3,51.2,156.1,0.997
196,-1,711.4,330.5,43.4,130.4,0.996
196,-1,515.3,311.1,53.4,164.5,0.994
196,-1,775.0,331.5,42.9,125.6,0.991
196,-1,835.3,330.6,31.9,110.2,0.990
196,-1,760.8,339.6,20.7,60.1,0.982
196,-1,922.2,328.2,43.8,113.6,0.979
196,-1,387.9,327.9,32.7,79.0,0.926
196,-1,467.8,338.1,32.9,55.6,0.913
196,-1,27.8,331.1,29.3,67.1,0.910
196,-1,75.9,333.6,22.3,52.6,0.897
196,-1,665.5,350.5,25.4,57.3,0.885
196,-1,369.7,339.0,30.8,111.2,0.880
196,-1,1530.6,351.1,52.9,48.3,0.851
196,-1,857.1,338.6,26.0,96.7,0.836
196,-1,916.9,337.4,16.4,58.0,0.832
196,-1,686.8,349.5,24.3,57.0,0.818
196,-1,111.2,350.4,35.0,37.4,0.754
196,-1,423.4,327.1,33.6,76.8,0.731
196,-1,461.3,339.2,23.1,53.5,0.719
196,-1,913.8,339.1,20.5,98.1,0.525
196,-1,801.9,339.9,21.9,108.3,0.456
196,-1,805.7,346.4,17.5,64.3,0.257
196,-1,487.8,339.4,23.1,45.9,0.238
196,-1,859.6,338.1,20.8,52.2,0.208
196,-1,289.6,343.8,26.0,46.9,0.195
196,-1,446.3,324.1,17.4,49.5,0.156
196,-1,677.4,343.2,20.8,62.0,0.152
196,-1,71.0,333.1,28.3,109.6,0.137
196,-1,1445.7,325.6,136.1,86.6,0.127
196,-1,501.6,338.5,16.8,47.0,0.121
196,-1,483.2,336.3,22.9,35.3,0.112
196,-1,699.9,342.1,16.8,46.8,0.090
196,-1,460.3,326.5,21.9,48.0,0.084
196,-1,675.4,337.5,21.2,27.3,0.081
196,-1,313.6,343.3,21.7,56.3,0.080
196,-1,700.7,333.4,17.2,30.7,0.076
196,-1,747.5,324.7,17.7,56.8,0.072
196,-1,73.3,334.7,64.6,67.9,0.060
197,-1,1398.1,313.4,199.8,624.9,0.999
197,-1,1065.8,312.9,79.6,226.3,0.999
197,-1,1620.8,298.9,204.4,629.4,0.998
197,-1,226.6,335.1,47.8,127.8,0.998
197,-1,872.1,343.5,51.5,157.3,0.996
197,-1,516.2,314.7,50.8,164.8,0.996
197,-1,715.7,336.4,39.7,124.9,0.994
197,-1,924.9,331.1,42.0,117.4,0.993
197,-1,776.5,331.9,41.6,129.7,0.993
197,-1,761.8,341.8,21.0,64.3,0.988
197,-1,836.7,330.9,31.7,113.3,0.987
197,-1,28.9,329.9,24.0,74.3,0.949
197,-1,389.9,332.1,34.5,78.8,0.948
197,-1,666.2,352.9,24.7,55.9,0.870
197,-1,804.1,342.8,21.0,100.3,0.825
197,-1,914.7,340.7,21.0,97.2,0.811
197,-1,1529.2,352.7,56.9,53.7,0.804
197,-1,861.5,348.6,22.4,92.6,0.757
197,-1,76.8,338.1,16.6,63.0,0.708
197,-1,466.8,350.0,35.7,45.9,0.703
197,-1,687.0,352.9,24.7,55.4,0.672
197,-1,368.5,340.5,25.7,102.7,0.651
197,-1,464.5,340.2,23.7,53.5,0.459
197,-1,678.6,351.3,20.2,58.2,0.449
197,-1,115.5,353.1,31.0,40.6,0.421
197,-1,480.3,339.9,25.9,49.7,0.405
197,-1,100.9,342.9,17.6,48.9,0.395
197,-1,861.2,338.8,20.1,53.4,0.390
197,-1,915.0,340.8,17.5,47.3,0.386
197,-1,430.0,333.2,27.1,74.9,0.379
197,-1,704.3,345.3,17.8,63.4,0.220
197,-1,865.7,350.0,19.3,50.5,0.203
197,-1,696.6,351.0,19.1,52.5,0.163
197,-1,414.9,337.3,28.3,71.2,0.115
197,-1,302.8,342.9,15.9,61.2,0.113
197,-1,503.6,340.1,14.7,44.1,0.109
197,-1,292.4,340.3,23.8,62.3,0.107
197,-1,74.0,335.8,45.5,104.9,0.083
197,-1,114.2,357.4,39.8,67.5,0.074
197,-1,454.9,328.4,12.5,40.8,0.059
197,-1,604.9,348.2,10.6,18.0,0.053
198,-1,1400.2,311.4,190.8,626.0,1.000
198,-1,1070.7,312.9,79.5,227.8,0.999
198,-1,1618.9,296.9,203.0,626.2,0.999
198,-1,227.4,335.3,48.6,130.3,0.997
198,-1,875.7,345.5,50.4,155.8,0.997
198,-1,515.4,312.8,52.6,165.9,0.997
198,-1,712.8,333.5,46.5,131.9,0.995
198,-1,772.1,333.9,46.9,130.8,0.990
198,-1,834.6,334.2,36.1,112.4,0.988
198,-1,932.4,333.4,33.1,98.8,0.972
198,-1,1534.1,355.1,55.5,58.0,0.928
198,-1,762.7,340.6,21.5,66.8,0.925
198,-1,30.4,329.7,28.0,73.8,0.922
198,-1,390.7,331.4,33.7,80.7,0.917
198,-1,471.6,341.1,34.5,57.4,0.904
198,-1,367.8,336.8,30.5,116.4,0.901
198,-1,914.4,342.6,24.2,93.8,0.872
198,-1,670.3,355.1,24.3,54.9,0.841
198,-1,858.6,338.8,27.1,103.0,0.803
198,-1,805.3,344.8,22.4,106.6,0.797
198,-1,114.4,355.0,35.5,36.8,0.774
198,-1,427.1,329.6,33.2,79.0,0.761
198,-1,689.4,355.2,24.4,55.6,0.753
198,-1,100.5,340.2,20.4,47.8,0.731
198,-1,464.8,343.1,21.5,48.0,0.603
198,-1,78.4,336.3,12.3,49.3,0.393
198,-1,99.8,339.1,44.9,51.4,0.330
198,-1,862.5,338.6,22.7,47.5,0.279
198,-1,295.3,345.9,22.2,43.3,0.275
198,-1,308.3,342.1,13.1,52.7,0.267
198,-1,484.6,340.4,24.5,40.5,0.237
198,-1,933.8,334.5,22.5,32.7,0.199
198,-1,317.2,344.0,22.7,60.7,0.193
198,-1,453.5,329.5,15.8,42.0,0.189
198,-1,704.9,350.7,16.7,48.0,0.163
198,-1,869.1,352.3,21.1,52.1,0.144
198,-1,48.4,320.1,30.6,66.3,0.124
198,-1,937.5,334.8,15.3,21.4,0.109
198,-1,464.0,330.2,20.5,43.7,0.101
198,-1,459.2,329.9,17.3,46.9,0.083
198,-1,498.8,338.5,20.8,47.3,0.071
198,-1,479.9,335.7,19.7,27.7,0.066
198,-1,470.5,334.9,22.9,40.8,0.065
198,-1,946.8,350.5,21.8,68.6,0.062
198,-1,413.9,337.5,37.1,71.8,0.059
199,-1,1399.1,308.2,193.9,640.3,1.000
199,-1,1075.0,313.1,81.1,229.7,0.999
199,-1,1621.0,297.8,213.5,642.4,0.998
199,-1,230.8,339.5,48.3,125.5,0.997
199,-1,518.5,310.5,51.5,169.7,0.996
199,-1,717.4,338.1,43.3,127.5,0.992
199,-1,880.4,346.6,50.4,154.6,0.991
199,-1,776.2,336.8,44.4,127.0,0.986
199,-1,841.4,337.1,30.8,108.0,0.974
199,-1,31.4,332.5,29.4,71.1,0.955
199,-1,935.7,336.7,33.1,91.9,0.923
199,-1,1539.7,357.1,55.6,65.2,0.904
199,-1,472.4,341.2,35.5,59.1,0.904
199,-1,93.6,344.3,32.9,44.7,0.878
199,-1,768.4,344.9,17.0,42.6,0.878
199,-1,395.7,334.0,33.6,75.0,0.850
199,-1,671.1,356.3,26.8,55.8,0.830
199,-1,370.0,346.6,30.2,107.4,0.759
199,-1,915.2,345.7,24.2,71.7,0.697
199,-1,115.1,349.3,37.8,40.5,0.696
199,-1,857.0,341.9,31.1,102.9,0.666
199,-1,383.7,332.7,41.2,119.5,0.664
199,-1,804.3,344.2,25.6,110.7,0.632
199,-1,694.6,352.1,27.2,63.0,0.573
199,-1,467.4,346.6,20.3,48.5,0.370
199,-1,688.3,350.9,22.4,61.7,0.298
199,-1,809.7,351.9,18.8,58.0,0.245
199,-1,422.9,336.1,36.1,69.8,0.161
199,-1,860.8,338.4,26.7,43.8,0.156
199,-1,510.1,345.8,16.1,43.8,0.143
199,-1,485.8,343.4,27.4,43.3,0.132
199,-1,1535.6,358.7,61.8,130.8,0.087
199,-1,940.1,336.6,18.0,30.5,0.077
199,-1,1130.8,341.2,20.7,92.1,0.072
199,-1,702.8,352.7,17.2,44.5,0.067
199,-1,297.8,360.0,23.6,32.6,0.062
199,-1,864.7,348.9,25.0,48.4,0.061
200,-1,1395.5,313.0,193.9,634.1,1.000
200,-1,1082.7,314.6,72.9,231.8,0.999
200,-1,520.5,319.9,50.2,166.8,0.998
200,-1,1620.4,293.1,200.5,650.8,0.998
200,-1,235.4,343.2,46.3,128.5,0.998
200,-1,720.2,338.8,43.5,132.7,0.996
200,-1,881.3,350.3,55.8,151.8,0.995
200,-1,782.4,338.3,39.4,131.8,0.990
200,-1,843.4,340.3,31.1,108.4,0.988
200,-1,768.3,347.9,21.6,67.9,0.986
200,-1,35.1,339.6,25.3,73.5,0.983
200,-1,934.7,338.5,42.0,113.1,0.972
200,-1,808.2,344.3,24.5,116.1,0.961
200,-1,394.4,336.7,33.3,81.0,0.932
200,-1,104.1,347.6,21.8,45.1,0.920
200,-1,1543.0,359.5,56.7,55.1,0.914
200,-1,867.3,356.3,23.2,89.8,0.867
200,-1,373.5,338.8,26.6,115.9,0.809
200,-1,473.5,353.0,42.6,51.3,0.796
200,-1,682.7,364.9,18.9,52.6,0.763
200,-1,696.5,363.5,26.9,53.9,0.739
200,-1,91.1,348.6,24.7,104.6,0.524
200,-1,383.9,335.8,41.6,119.6,0.505
200,-1,471.6,350.1,19.1,39.5,0.462
200,-1,917.0,348.8,25.3,95.7,0.443
200,-1,672.8,365.2,24.5,51.1,0.428
200,-1,96.1,350.4,29.1,84.1,0.393
200,-1,494.9,347.9,26.4,45.5,0.359
200,-1,56.5,335.2,23.3,55.0,0.349
200,-1,376.8,341.5,19.2,55.9,0.344
200,-1,690.4,358.9,20.7,58.7,0.331
200,-1,916.1,349.1,19.3,46.8,0.292
200,-1,123.0,361.0,28.3,35.1,0.266
200,-1,94.1,349.8,24.1,53.8,0.156
200,-1,615.4,354.8,9.6,19.9,0.155
200,-1,700.1,352.8,18.2,51.5,0.146
200,-1,438.0,339.9,23.2,75.3,0.127
200,-1,714.0,347.9,15.4,57.0,0.117
200,-1,676.1,352.1,27.1,56.3,0.098
200,-1,865.5,346.6,18.7,47.2,0.094
200,-1,304.0,360.1,21.2,46.0,0.094
200,-1,462.9,339.6,12.8,37.6,0.085
200,-1,560.0,347.2,16.5,45.2,0.076
200,-1,481.7,339.8,15.0,26.1,0.058
200,-1,691.3,350.8,23.3,43.2,0.053
200,-1,474.6,341.1,16.5,27.5,0.051
201,-1,1393.5,310.7,196.6,657.4,1.000
201,-1,1094.0,317.3,79.6,236.6,0.998
201,-1,1619.7,304.8,209.1,653.3,0.998
201,-1,891.6,354.9,51.6,154.1,0.997
201,-1,242.1,350.2,49.3,124.8,0.995
201,-1,788.9,341.8,45.8,134.6,0.993
201,-1,726.7,354.9,42.6,119.8,0.975
201,-1,511.7,319.3,68.5,174.7,0.972
201,-1,946.2,348.0,34.0,91.6,0.962
201,-1,857.3,347.7,40.5,110.1,0.947
201,-1,1544.9,365.5,69.6,86.6,0.846
201,-1,478.4,347.3,38.2,63.1,0.784
201,-1,817.9,354.4,21.8,109.1,0.706
201,-1,681.2,348.1,30.3,76.2,0.704
201,-1,821.2,353.7,16.2,59.0,0.646
201,-1,694.9,349.7,27.4,74.1,0.583
201,-1,107.6,356.0,25.6,42.6,0.555
201,-1,432.7,347.6,41.3,69.5,0.508
201,-1,397.5,349.2,37.6,70.0,0.437
201,-1,40.7,341.4,41.8,72.2,0.402
201,-1,873.4,360.5,25.0,79.9,0.349
201,-1,861.1,347.3,32.6,65.0,0.255
201,-1,853.7,349.8,26.8,89.3,0.241
201,-1,703.6,365.2,24.9,57.2,0.203
201,-1,97.4,350.8,35.8,109.4,0.174
201,-1,375.5,351.6,51.0,122.2,0.160
201,-1,1550.3,365.7,70.3,170.6,0.140
201,-1,379.5,367.4,23.8,55.5,0.134
201,-1,738.6,359.1,29.2,54.3,0.117
201,-1,673.5,351.4,49.5,111.7,0.116
201,-1,1083.8,423.5,36.9,127.2,0.113
201,-1,947.9,347.2,24.0,47.2,0.101
201,-1,99.9,355.4,25.5,50.3,0.097
201,-1,1144.5,348.9,23.3,107.1,0.096
201,-1,777.2,359.2,17.9,42.7,0.096
201,-1,492.6,353.8,35.8,48.0,0.087
201,-1,43.6,340.2,44.5,124.5,0.080
201,-1,724.5,367.8,29.2,97.0,0.070
201,-1,95.6,353.3,22.0,86.2,0.068
201,-1,88.4,351.3,22.4,108.8,0.057
201,-1,88.6,351.2,20.3,50.0,0.053
201,-1,916.0,356.7,32.9,75.4,0.052
202,-1,1391.7,319.3,195.6,659.5,1.000
202,-1,1099.5,320.0,75.5,238.4,0.998
202,-1,893.9,358.2,48.1,154.6,0.997
202,-1,1619.9,313.6,202.6,659.7,0.997
202,-1,249.6,356.0,49.4,118.5,0.990
202,-1,789.8,349.0,44.7,131.9,0.983
202,-1,531.4,364.2,52.2,134.6,0.954
202,-1,861.5,350.1,29.6,85.8,0.953
202,-1,948.7,356.9,32.6,84.3,0.879
202,-1,727.4,354.0,43.9,129.1,0.851
202,-1,372.8,355.9,38.7,121.9,0.766
202,-1,740.0,358.2,28.7,69.8,0.702
202,-1,378.9,358.1,29.0,81.2,0.477
202,-1,680.7,351.0,43.7,76.1,0.452
202,-1,650.0,364.5,70.8,64.6,0.301
202,-1,869.8,364.3,30.0,95.8,0.295
202,-1,325.8,357.8,25.8,57.0,0.226
202,-1,483.0,363.3,46.4,50.8,0.195
202,-1,697.4,361.5,32.1,65.0,0.179
202,-1,325.0,362.7,21.4,35.5,0.159
202,-1,645.6,356.3,80.3,125.8,0.140
202,-1,108.1,367.0,23.9,38.3,0.139
202,-1,390.9,353.2,36.0,72.9,0.128
202,-1,824.1,352.4,14.3,70.9,0.116
202,-1,822.0,359.0,20.2,105.7,0.110
202,-1,1564.8,372.5,47.9,42.0,0.087
202,-1,301.9,380.5,44.1,44.9,0.085
202,-1,103.5,357.8,29.0,105.9,0.084
202,-1,1551.3,373.6,71.6,79.4,0.078
202,-1,785.4,361.5,18.0,48.6,0.072
202,-1,710.9,369.7,25.7,54.6,0.071
202,-1,502.0,360.0,100.0,142.5,0.059
202,-1,949.2,353.8,24.3,49.1,0.058
203,-1,1387.5,329.7,189.8,662.0,1.000
203,-1,1104.7,326.0,79.4,239.8,0.999
203,-1,258.8,356.6,48.4,126.2,0.998
203,-1,1623.6,317.6,192.1,661.0,0.997
203,-1,898.8,361.7,61.6,158.4,0.997
203,-1,741.0,354.2,44.6,131.9,0.995
203,-1,960.9,356.5,34.1,112.4,0.994
203,-1,802.6,355.2,37.1,131.0,0.994
203,-1,862.6,355.9,40.2,110.1,0.992
203,-1,97.7,361.8,37.8,108.6,0.987
203,-1,536.6,344.7,53.9,158.2,0.986
203,-1,59.5,354.1,25.4,73.0,0.980
203,-1,825.7,363.1,25.2,115.0,0.959
203,-1,411.1,352.3,34.5,80.4,0.954
203,-1,1564.2,375.9,60.9,72.9,0.927
203,-1,127.7,361.9,22.4,45.8,0.918
203,-1,581.0,367.0,18.6,44.6,0.875
203,-1,716.7,378.2,24.6,55.6,0.859
203,-1,789.8,361.8,20.5,58.8,0.851
203,-1,495.7,362.3,44.0,57.0,0.843
203,-1,695.3,380.3,25.9,51.3,0.839
203,-1,883.0,364.4,23.6,96.4,0.563
203,-1,146.5,377.6,29.9,34.8,0.512
203,-1,398.2,352.6,48.0,119.6,0.509
203,-1,1559.3,370.1,67.2,182.3,0.489
203,-1,387.7,367.8,30.6,104.0,0.458
203,-1,792.9,354.8,33.1,103.5,0.284
203,-1,642.2,369.2,10.0,20.9,0.258
203,-1,329.3,362.1,20.0,48.4,0.220
203,-1,724.2,373.4,25.1,61.0,0.124
203,-1,669.5,372.0,17.0,17.8,0.113
203,-1,523.0,300.2,50.2,45.6,0.113
203,-1,722.9,371.5,17.3,47.8,0.111
203,-1,650.5,369.7,13.0,19.6,0.106
203,-1,498.1,320.3,91.8,180.0,0.086
203,-1,737.5,365.8,17.6,63.9,0.072
203,-1,523.7,357.9,22.9,51.4,0.065
203,-1,423.5,352.7,44.3,77.5,0.062
203,-1,480.3,346.3,19.0,47.0,0.055
203,-1,571.3,363.8,19.1,51.2,0.051
203,-1,589.1,371.2,16.8,37.7,0.051
204,-1,1401.5,335.7,189.8,660.3,0.999
204,-1,1120.5,328.3,81.0,244.6,0.999
204,-1,1632.7,319.2,196.3,677.8,0.997
204,-1,272.2,359.5,48.1,123.2,0.997
204,-1,907.6,366.1,61.0,155.9,0.997
204,-1,537.4,334.7,62.6,170.3,0.996
204,-1,810.4,356.7,38.3,131.9,0.994
204,-1,751.3,356.4,46.2,133.2,0.993
204,-1,73.8,355.2,22.0,74.9,0.991
204,-1,110.6,360.3,43.5,108.9,0.990
204,-1,840.0,359.3,22.4,122.3,0.989
204,-1,874.3,357.9,38.9,110.3,0.988
204,-1,966.7,357.8,37.6,116.7,0.985
204,-1,421.1,353.3,36.4,82.1,0.976
204,-1,508.1,360.5,37.3,61.2,0.957
204,-1,142.2,363.4,21.4,46.0,0.942
204,-1,1577.4,379.0,66.2,81.8,0.928
204,-1,592.8,367.5,20.5,45.3,0.924
204,-1,727.5,378.7,25.1,57.2,0.844
204,-1,401.6,366.5,23.5,64.8,0.770
204,-1,708.5,383.3,24.0,49.3,0.746
204,-1,801.9,364.9,20.4,65.0,0.683
204,-1,476.0,357.7,25.1,74.6,0.545
204,-1,891.6,371.9,28.9,93.6,0.466
204,-1,507.4,361.3,21.7,37.8,0.409
204,-1,396.6,367.0,31.5,111.0,0.400
204,-1,160.2,378.7,29.0,33.2,0.367
204,-1,405.4,367.4,18.8,37.1,0.354
204,-1,1577.9,379.2,64.0,174.3,0.287
204,-1,494.7,348.2,18.1,45.6,0.250
204,-1,342.9,359.2,20.2,52.0,0.201
204,-1,528.8,359.0,26.9,61.7,0.162
204,-1,515.7,353.6,32.5,46.7,0.144
204,-1,656.0,369.4,9.7,21.3,0.101
204,-1,799.7,354.9,13.5,45.7,0.095
204,-1,588.2,368.9,17.5,45.0,0.087
204,-1,516.4,349.3,26.4,34.8,0.069
204,-1,1178.0,367.6,21.2,86.3,0.067
204,-1,607.7,374.6,15.1,27.4,0.057
205,-1,1131.2,332.4,78.5,249.2,0.999
205,-1,1404.1,336.8,207.3,675.0,0.999
205,-1,1640.0,332.9,200.3,674.2,0.998
205,-1,917.9,367.7,53.0,156.3,0.995
205,-1,284.2,360.4,45.0,119.3,0.995
205,-1,816.3,356.6,45.5,136.0,0.993
205,-1,757.2,362.6,46.0,128.8,0.990
205,-1,547.4,345.2,60.2,162.4,0.985
205,-1,979.7,365.9,32.4,107.2,0.979
205,-1,885.5,359.7,40.8,107.3,0.964
205,-1,1592.4,382.2,59.2,71.3,0.904
205,-1,848.2,364.5,22.4,120.4,0.903
205,-1,513.7,362.5,37.3,60.1,0.731
205,-1,715.2,384.8,27.5,49.9,0.586
205,-1,136.3,365.3,35.4,93.4,0.436
205,-1,140.0,365.3,30.9,44.6,0.402
205,-1,406.3,375.3,30.8,57.2,0.320
205,-1,906.4,380.4,23.9,67.3,0.308
205,-1,740.0,392.9,19.2,39.0,0.272
205,-1,516.2,366.1,26.9,32.3,0.269
205,-1,854.9,376.9,15.0,53.4,0.211
205,-1,412.0,367.6,49.0,65.9,0.204
205,-1,1587.3,383.6,66.1,160.1,0.202
205,-1,733.7,377.3,20.7,56.8,0.193
205,-1,795.8,361.8,19.0,46.6,0.176
205,-1,979.0,362.2,23.1,45.4,0.163
205,-1,604.5,375.8,22.4,37.1,0.135
205,-1,542.5,345.4,45.5,77.1,0.121
205,-1,703.2,375.9,49.1,59.5,0.114
205,-1,810.8,369.1,17.7,36.4,0.084
205,-1,99.9,340.6,44.1,128.8,0.078
205,-1,594.5,377.4,24.2,39.1,0.077
205,-1,401.6,369.2,48.8,104.2,0.063
205,-1,1217.6,284.0,61.4,180.3,0.055
205,-1,507.5,362.8,30.4,45.7,0.052
206,-1,1146.7,338.4,81.5,246.8,1.000
206,-1,1649.6,338.3,202.3,676.9,0.999
206,-1,1404.1,348.8,207.0,659.9,0.999
206,-1,300.3,363.0,46.5,124.3,0.998
206,-1,931.0,371.5,57.8,157.2,0.996
206,-1,771.6,363.4,47.4,129.2,0.993
206,-1,833.9,359.6,39.3,133.9,0.992
206,-1,895.8,362.8,42.9,109.6,0.984
206,-1,559.0,350.2,60.2,161.5,0.981
206,-1,992.8,364.6,31.8,111.4,0.971
206,-1,136.3,363.4,51.0,108.4,0.952
206,-1,1606.5,385.2,70.0,84.7,0.912
206,-1,527.5,358.7,44.9,68.6,0.902
206,-1,443.9,355.5,38.9,77.3,0.895
206,-1,419.3,373.6,29.0,108.2,0.882
206,-1,616.3,372.4,21.6,45.0,0.813
206,-1,863.2,372.5,24.3,111.2,0.802
206,-1,1606.9,385.4,71.1,171.3,0.778
206,-1,917.3,379.2,26.3,91.9,0.703
206,-1,734.0,386.3,23.9,51.9,0.701
206,-1,169.6,366.3,24.0,45.1,0.577
206,-1,422.7,368.9,29.3,67.4,0.576
206,-1,752.1,388.8,25.1,50.1,0.508
206,-1,487.9,359.3,37.0,75.7,0.505
206,-1,184.9,382.4,31.9,32.9,0.365
206,-1,47.8,360.5,14.0,65.7,0.265
206,-1,148.8,364.0,23.0,46.1,0.234
206,-1,370.4,362.7,23.1,54.6,0.231
206,-1,108.4,364.8,20.7,61.2,0.176
206,-1,826.5,363.7,16.4,47.2,0.123
206,-1,0.0,449.1,53.1,62.3,0.122
206,-1,158.9,368.3,34.9,94.3,0.085
206,-1,819.5,362.8,12.9,42.5,0.052
207,-1,1158.4,338.9,82.6,247.0,1.000
207,-1,1404.6,355.0,205.4,674.2,1.000
207,-1,310.4,360.9,45.7,130.5,0.998
207,-1,1653.3,335.3,215.8,684.9,0.998
207,-1,780.8,359.2,49.4,134.6,0.996
207,-1,839.7,362.5,39.9,131.5,0.996
207,-1,570.5,344.9,55.9,167.2,0.996
207,-1,937.5,372.7,56.2,156.9,0.995
207,-1,869.1,369.2,26.7,120.9,0.989
207,-1,903.1,364.4,37.0,111.2,0.987
207,-1,149.0,365.1,34.3,105.6,0.984
207,-1,1619.7,386.7,66.5,77.4,0.974
207,-1,113.4,358.8,19.7,75.0,0.972
207,-1,448.0,357.4,38.6,84.5,0.968
207,-1,1003.2,365.3,28.3,94.6,0.959
207,-1,629.3,372.8,17.3,46.2,0.931
207,-1,177.4,367.1,22.2,46.1,0.908
207,-1,538.7,362.4,39.7,65.9,0.869
207,-1,769.4,393.0,18.9,47.6,0.838
207,-1,197.3,384.2,26.8,32.9,0.774
207,-1,924.9,378.1,26.0,94.9,0.759
207,-1,429.4,373.9,25.3,92.8,0.719
207,-1,739.6,383.2,26.2,55.6,0.700
207,-1,835.3,363.1,17.5,55.6,0.677
207,-1,1615.4,388.2,68.5,167.7,0.553
207,-1,760.3,383.1,24.9,56.3,0.469
207,-1,433.2,361.5,34.3,122.3,0.406
207,-1,751.0,374.8,22.3,64.7,0.400
207,-1,933.6,382.6,20.6,75.4,0.390
207,-1,614.8,373.0,10.2,33.6,0.381
207,-1,134.0,357.6,24.8,56.7,0.284
207,-1,626.4,375.8,12.7,39.4,0.261
207,-1,618.4,374.6,13.2,31.3,0.187
207,-1,54.4,360.5,14.3,66.0,0.176
207,-1,689.3,376.0,9.9,20.0,0.167
207,-1,717.9,377.9,13.5,16.4,0.153
207,-1,700.0,375.8,12.5,20.5,0.092
207,-1,977.6,393.2,17.6,42.0,0.081
207,-1,154.9,362.8,23.1,49.6,0.070
207,-1,639.6,378.2,14.2,32.1,0.070
207,-1,531.8,309.1,99.6,200.3,0.056
208,-1,1407.5,356.5,204.6,676.4,1.000
208,-1,1167.5,339.4,83.6,248.3,0.999
208,-1,1658.3,337.8,206.4,687.5,0.999
208,-1,318.1,365.0,46.9,118.2,0.997
208,-1,935.7,373.0,63.6,156.0,0.994
208,-1,846.3,359.9,41.5,135.2,0.993
208,-1,785.9,366.1,46.3,128.3,0.993
208,-1,573.1,347.1,58.3,166.2,0.983
208,-1,1004.7,368.0,37.8,108.3,0.975
208,-1,908.8,363.7,45.3,108.9,0.959
208,-1,1628.3,388.7,65.4,84.3,0.902
208,-1,116.0,359.6,25.7,70.8,0.885
208,-1,874.3,370.3,28.7,117.3,0.859
208,-1,181.0,366.9,25.9,45.0,0.826
208,-1,149.3,365.9,54.8,108.9,0.777
208,-1,432.7,372.5,31.3,93.5,0.707
208,-1,542.3,356.2,43.9,72.8,0.705
208,-1,747.2,385.2,24.4,52.7,0.694
208,-1,1625.4,386.5,68.7,176.6,0.691
208,-1,454.8,358.4,39.4,88.5,0.640
208,-1,768.7,386.1,21.7,52.7,0.564
208,-1,637.9,377.1,15.4,40.1,0.474
208,-1,436.1,366.8,45.1,110.5,0.456
208,-1,929.6,371.5,27.7,98.7,0.333
208,-1,761.2,380.5,22.5,58.1,0.322
208,-1,161.9,364.3,21.6,45.8,0.306
208,-1,201.5,381.2,29.9,35.0,0.240
208,-1,785.3,371.8,20.8,68.4,0.237
208,-1,163.6,366.6,36.5,46.6,0.234
208,-1,432.8,375.6,25.7,55.6,0.226
208,-1,840.4,364.2,18.4,42.9,0.212
208,-1,532.0,347.0,29.8,50.7,0.192
208,-1,779.6,379.7,19.2,59.2,0.188
208,-1,623.2,376.9,24.9,41.5,0.144
208,-1,184.8,368.0,40.4,48.5,0.128
208,-1,492.7,359.8,52.9,70.7,0.084
208,-1,878.1,361.2,22.0,75.8,0.081
208,-1,936.6,379.0,20.4,44.9,0.080
208,-1,1224.1,373.5,22.8,91.5,0.077
208,-1,386.4,379.5,24.1,48.6,0.067
208,-1,725.4,377.2,18.4,17.0,0.064
208,-1,735.4,397.7,24.6,40.0,0.064
208,-1,928.3,366.3,24.6,53.6,0.054
208,-1,0.4,450.5,66.2,63.1,0.052
209,-1,1409.5,349.4,200.6,683.1,1.000
209,-1,1169.4,340.5,83.2,252.5,1.000
209,-1,326.4,362.5,43.8,128.6,0.998
209,-1,1663.3,331.4,210.8,687.0,0.997
209,-1,944.7,373.5,61.1,154.3,0.995
209,-1,853.7,363.5,37.1,131.6,0.995
209,-1,792.4,364.1,49.2,129.8,0.994
209,-1,920.6,363.4,34.2,109.8,0.990
209,-1,125.3,360.9,21.5,72.3,0.987
209,-1,570.2,347.6,65.8,165.1,0.984
209,-1,880.4,371.6,25.0,117.8,0.984
209,-1,1010.0,365.3,37.0,111.8,0.983
209,-1,1635.6,385.2,68.5,82.0,0.975
209,-1,449.3,355.0,48.7,128.8,0.972
209,-1,157.4,363.9,38.7,108.5,0.970
209,-1,190.5,367.1,23.3,48.9,0.908
209,-1,641.8,374.0,16.3,44.8,0.842
209,-1,773.9,384.7,22.8,55.1,0.796
209,-1,753.9,383.0,22.0,55.6,0.751
209,-1,549.4,367.1,36.6,61.2,0.735
209,-1,440.2,373.6,26.5,110.5,0.677
209,-1,623.0,376.6,13.3,36.8,0.585
209,-1,846.5,369.8,15.1,46.5,0.505
209,-1,169.4,364.0,22.1,51.9,0.469
209,-1,438.2,374.4,22.2,72.3,0.467
209,-1,767.6,376.2,20.9,63.2,0.459
209,-1,210.8,386.1,25.3,30.5,0.397
209,-1,1634.4,385.3,69.8,178.8,0.291
209,-1,65.9,358.6,18.4,60.8,0.291
209,-1,180.5,367.1,32.1,103.0,0.286
209,-1,847.3,365.1,18.7,72.6,0.259
209,-1,941.9,382.4,21.6,78.6,0.166
209,-1,637.4,375.5,11.7,33.4,0.130
209,-1,705.0,375.8,9.5,19.7,0.123
209,-1,617.7,372.3,13.3,46.9,0.109
209,-1,616.5,368.6,21.6,40.2,0.106
209,-1,732.6,379.6,14.7,15.7,0.093
209,-1,145.7,357.8,24.0,58.6,0.064
209,-1,649.3,377.3,14.5,35.1,0.058
209,-1,362.6,401.2,18.7,35.5,0.054
209,-1,626.7,376.5,14.8,38.4,0.051
210,-1,1179.7,338.4,83.0,256.3,1.000
210,-1,1418.3,342.3,193.0,686.6,1.000
210,-1,1661.1,335.4,210.1,671.7,0.999
210,-1,331.8,361.6,47.6,126.6,0.998
210,-1,798.4,362.0,49.0,131.5,0.995
210,-1,950.4,373.2,57.4,153.7,0.994
210,-1,859.2,362.3,38.7,131.5,0.994
210,-1,131.1,359.0,24.4,73.4,0.991
210,-1,568.7,348.3,71.1,163.4,0.986
210,-1,922.8,363.2,41.0,111.1,0.985
210,-1,1018.3,365.6,33.5,108.5,0.985
210,-1,884.9,371.0,25.4,116.0,0.983
210,-1,162.9,366.3,54.9,107.4,0.951
210,-1,456.2,354.9,49.0,128.1,0.940
210,-1,649.1,373.9,15.1,43.1,0.922
210,-1,1641.4,386.5,72.2,93.8,0.865
210,-1,195.3,366.9,23.9,44.2,0.862
210,-1,759.9,381.9,25.5,56.5,0.787
210,-1,175.5,363.9,18.7,46.5,0.704
210,-1,72.6,355.7,18.2,67.4,0.703
210,-1,782.3,388.3,20.6,49.1,0.688
210,-1,557.4,365.4,38.7,59.5,0.684
210,-1,214.0,385.0,28.1,30.8,0.658
210,-1,627.6,372.8,15.5,42.1,0.640
210,-1,853.5,370.6,17.5,49.6,0.495
210,-1,919.0,369.7,19.7,98.4,0.434
210,-1,444.6,375.0,21.0,59.7,0.382
210,-1,619.7,365.6,19.3,51.0,0.371
210,-1,1642.5,377.7,67.0,185.8,0.364
210,-1,711.4,370.2,10.3,23.7,0.315
210,-1,445.8,371.5,25.8,95.3,0.308
210,-1,175.0,367.4,23.9,88.0,0.214
210,-1,655.0,374.8,12.3,38.8,0.208
210,-1,658.8,376.8,11.2,29.8,0.132
210,-1,556.4,353.1,61.3,80.8,0.126
210,-1,643.2,372.4,15.2,37.5,0.119
210,-1,774.0,373.2,15.6,51.5,0.091
210,-1,652.7,370.6,20.7,35.2,0.078
210,-1,779.9,373.8,15.9,43.3,0.077
210,-1,944.6,374.1,24.7,92.7,0.075
210,-1,634.6,375.7,18.1,40.3,0.061
210,-1,401.1,366.6,18.9,44.2,0.055
210,-1,722.0,376.5,11.7,18.4,0.055
211,-1,1192.6,332.9,82.8,266.0,1.000
211,-1,1417.3,330.9,194.5,662.0,0.999
211,-1,1673.8,316.4,204.3,665.9,0.998
211,-1,345.3,362.2,50.3,126.9,0.998
211,-1,868.9,361.4,37.0,130.5,0.997
211,-1,961.2,371.3,55.6,152.4,0.996
211,-1,143.5,361.4,24.5,70.7,0.996
211,-1,809.7,358.6,48.2,133.5,0.994
211,-1,575.5,346.9,74.1,163.7,0.991
211,-1,933.2,361.6,39.5,111.1,0.987
211,-1,1029.2,361.9,38.6,113.5,0.984
211,-1,173.0,364.0,46.4,107.4,0.982
211,-1,893.9,370.9,26.9,115.7,0.972
211,-1,659.5,373.3,17.1,44.1,0.956
211,-1,474.5,350.3,41.1,87.2,0.951
211,-1,207.7,366.8,21.8,45.8,0.849
211,-1,461.0,352.0,53.9,127.9,0.846
211,-1,228.2,384.8,25.2,31.6,0.763
211,-1,927.1,366.5,17.7,95.4,0.705
211,-1,772.2,377.5,28.0,60.7,0.692
211,-1,567.6,370.2,32.8,56.0,0.629
211,-1,788.8,372.1,25.7,65.7,0.613
211,-1,185.7,362.9,20.4,49.5,0.548
211,-1,643.4,375.0,13.1,38.7,0.502
211,-1,453.4,372.7,26.7,102.9,0.467
211,-1,82.0,355.6,23.4,62.4,0.464
211,-1,1658.2,382.0,67.0,95.1,0.441
211,-1,632.9,374.1,16.4,42.1,0.415
211,-1,964.0,375.2,16.7,28.9,0.414
211,-1,863.2,372.6,12.6,31.6,0.341
211,-1,957.2,374.8,25.1,93.0,0.263
211,-1,192.2,367.3,37.2,100.3,0.263
211,-1,1657.4,385.1,63.2,187.5,0.241
211,-1,653.4,373.6,14.5,41.2,0.187
211,-1,623.4,363.9,15.8,51.2,0.165
211,-1,667.5,373.3,12.8,34.2,0.158
211,-1,567.5,348.9,63.0,92.7,0.129
211,-1,648.7,372.0,14.1,39.1,0.104
211,-1,862.7,371.4,17.7,60.0,0.088
211,-1,770.7,371.3,17.4,25.0,0.078
211,-1,724.0,369.9,10.5,23.1,0.077
211,-1,769.5,372.2,22.8,45.9,0.074
211,-1,1661.2,321.5,123.0,155.0,0.073
211,-1,628.8,366.8,16.9,33.7,0.072
211,-1,786.2,372.1,16.3,43.2,0.071
211,-1,625.2,363.5,16.2,30.9,0.066
211,-1,943.7,367.6,43.2,116.2,0.064
211,-1,385.2,400.8,16.2,35.9,0.058
211,-1,960.5,373.7,19.0,49.0,0.058
211,-1,791.6,371.8,16.1,35.1,0.056
212,-1,1198.4,329.8,87.7,267.9,1.000
212,-1,1416.7,341.7,198.0,649.6,1.000
212,-1,351.6,363.0,52.4,125.6,0.999
212,-1,1678.2,318.1,208.3,669.2,0.998
212,-1,871.5,357.6,40.7,137.4,0.997
212,-1,964.6,371.2,53.9,151.6,0.996
212,-1,148.6,360.7,24.0,71.7,0.994
212,-1,815.3,358.3,47.4,135.4,0.993
212,-1,581.0,351.4,73.5,160.9,0.991
212,-1,938.5,361.7,40.8,111.2,0.985
212,-1,1034.4,361.9,33.6,113.7,0.979
212,-1,179.9,366.2,41.4,104.6,0.973
212,-1,476.2,355.1,43.1,85.0,0.969
212,-1,664.4,372.7,17.4,44.9,0.923
212,-1,901.6,371.1,28.4,112.8,0.919
212,-1,213.5,367.1,21.4,41.2,0.901
212,-1,797.3,372.5,22.0,65.5,0.864
212,-1,456.8,372.6,27.9,105.9,0.810
212,-1,637.5,372.0,17.0,45.0,0.808
212,-1,923.7,367.4,21.7,96.4,0.793
212,-1,776.1,377.6,25.3,58.9,0.755
212,-1,191.5,363.7,22.1,49.6,0.729
212,-1,233.4,384.0,25.6,31.3,0.660
212,-1,1664.3,374.5,66.5,188.0,0.443
212,-1,648.6,373.8,13.1,39.8,0.398
212,-1,1666.3,356.0,75.2,119.3,0.383
212,-1,666.8,371.1,18.1,28.0,0.302
212,-1,1668.6,317.9,134.8,165.2,0.288
212,-1,571.3,379.7,30.2,45.4,0.229
212,-1,630.2,368.0,17.8,50.8,0.207
212,-1,673.6,372.9,12.6,36.9,0.191
212,-1,658.3,372.4,15.0,44.6,0.172
212,-1,205.4,368.2,29.3,98.0,0.169
212,-1,729.0,369.8,10.8,24.4,0.149
212,-1,1049.3,379.5,22.9,73.2,0.123
212,-1,571.0,352.5,61.7,85.5,0.110
212,-1,1547.0,498.1,77.7,336.5,0.099
212,-1,1667.5,316.5,121.6,330.3,0.099
212,-1,627.1,367.2,16.3,32.8,0.095
212,-1,868.9,367.3,16.6,40.6,0.091
212,-1,417.9,387.2,14.8,28.6,0.083
212,-1,660.0,368.0,19.1,30.8,0.063
212,-1,965.3,371.0,22.1,67.5,0.059
213,-1,1207.9,325.1,86.4,274.3,1.000
213,-1,1418.0,329.2,201.8,666.5,1.000
213,-1,1678.7,311.2,209.6,675.7,0.999
213,-1,356.8,363.1,49.5,124.8,0.998
213,-1,969.1,368.2,57.6,153.6,0.996
213,-1,876.5,358.9,39.6,132.5,0.994
213,-1,153.3,359.5,24.0,72.7,0.994
213,-1,584.3,350.1,72.9,160.5,0.992
213,-1,819.8,359.3,45.8,134.2,0.991
213,-1,940.6,360.9,40.1,112.6,0.990
213,-1,182.6,365.9,45.1,105.0,0.984
213,-1,1040.2,361.2,30.0,110.2,0.983
213,-1,470.6,349.1,52.9,140.0,0.960
213,-1,906.0,369.4,29.6,114.7,0.943
213,-1,670.5,371.7,17.0,45.2,0.940
213,-1,216.6,367.6,22.7,44.1,0.881
213,-1,236.1,383.0,29.8,32.6,0.854
213,-1,479.8,351.7,46.5,84.8,0.843
213,-1,931.3,366.3,20.4,95.6,0.818
213,-1,782.6,379.2,22.3,57.0,0.729
213,-1,643.0,371.8,17.9,44.1,0.707
213,-1,801.8,378.0,21.1,59.7,0.701
213,-1,789.7,376.3,21.8,60.7,0.685
213,-1,964.8,371.8,25.6,94.9,0.622
213,-1,195.0,363.2,21.5,50.4,0.524
213,-1,1674.9,382.4,57.5,89.4,0.499
213,-1,972.5,374.4,18.4,39.8,0.461
213,-1,460.4,372.3,28.8,112.3,0.401
213,-1,578.8,379.9,26.2,44.6,0.400
213,-1,629.0,363.6,19.2,57.8,0.400
213,-1,1672.8,380.1,64.0,182.1,0.396
213,-1,636.4,368.5,17.6,48.0,0.394
213,-1,1052.4,378.2,24.9,69.2,0.362
213,-1,653.4,374.9,13.2,38.0,0.317
213,-1,664.5,373.3,16.7,42.9,0.305
213,-1,202.0,367.9,37.3,98.5,0.221
213,-1,733.3,367.0,11.7,26.8,0.194
213,-1,872.5,370.2,12.2,32.3,0.192
213,-1,1544.3,457.3,81.4,365.3,0.137
213,-1,459.7,375.7,23.5,64.8,0.122
213,-1,658.9,371.7,14.2,40.2,0.098
213,-1,678.5,372.3,12.8,37.5,0.093
213,-1,1012.7,386.0,14.4,57.8,0.089
213,-1,707.8,369.4,9.5,22.2,0.076
213,-1,576.7,353.1,62.5,87.4,0.062
213,-1,875.5,365.1,15.2,37.9,0.059
213,-1,175.9,362.2,20.5,51.6,0.056
213,-1,1485.3,348.4,126.5,477.5,0.052
214,-1,1416.4,332.8,204.5,657.3,1.000
214,-1,1212.7,323.7,86.2,276.3,1.000
214,-1,1661.5,314.7,218.5,677.7,0.999
214,-1,361.4,364.6,49.2,124.6,0.998
214,-1,580.3,350.2,81.5,161.3,0.997
214,-1,822.5,356.0,46.7,141.4,0.996
214,-1,974.0,368.2,54.7,155.1,0.995
214,-1,881.4,362.3,39.2,130.1,0.994
214,-1,157.2,362.5,22.7,72.9,0.993
214,-1,947.5,361.1,42.5,112.5,0.989
214,-1,186.8,367.7,43.8,106.4,0.988
214,-1,1044.8,363.6,34.6,110.7,0.980
214,-1,908.1,369.6,22.1,115.1,0.974
214,-1,483.9,352.8,41.7,87.9,0.945
214,-1,931.2,366.6,22.2,98.4,0.938
214,-1,671.2,374.3,15.7,44.4,0.920
214,-1,469.3,352.5,56.4,137.0,0.909
214,-1,787.6,380.9,24.7,58.1,0.905
214,-1,221.5,368.5,22.1,45.4,0.903
214,-1,682.2,374.7,12.3,43.0,0.868
214,-1,645.4,372.6,19.8,48.5,0.853
214,-1,462.8,374.0,28.1,108.4,0.751
214,-1,240.4,385.1,26.3,31.8,0.746
214,-1,1679.7,379.4,55.8,96.7,0.745
214,-1,807.2,385.4,19.6,53.5,0.596
214,-1,461.4,372.7,24.0,63.6,0.567
214,-1,655.2,376.0,14.8,40.4,0.521
214,-1,634.5,367.1,17.8,50.4,0.488
214,-1,878.0,367.9,17.5,60.8,0.400
214,-1,1054.6,378.7,26.9,75.9,0.368
214,-1,107.8,363.2,13.6,64.9,0.337
214,-1,200.8,364.7,20.9,47.2,0.333
214,-1,967.1,368.2,25.7,102.8,0.310
214,-1,1677.9,388.7,62.2,153.3,0.308
214,-1,660.7,374.0,12.1,34.3,0.303
214,-1,1539.5,396.9,76.2,421.3,0.302
214,-1,920.3,366.8,26.8,110.0,0.227
214,-1,737.8,377.1,9.1,17.8,0.177
214,-1,783.6,387.9,20.2,48.6,0.121
214,-1,1015.5,384.6,15.7,58.6,0.090
214,-1,429.3,371.2,15.9,41.4,0.089
214,-1,873.7,360.5,12.9,43.8,0.086
214,-1,662.6,377.8,14.8,39.2,0.070
214,-1,1548.5,575.5,49.0,254.7,0.066
214,-1,748.5,378.3,13.1,16.7,0.059
214,-1,429.1,389.5,14.5,30.2,0.055
214,-1,612.0,360.9,46.2,141.2,0.055
215,-1,1220.9,321.3,85.0,279.1,1.000
215,-1,1635.4,312.2,259.0,688.6,1.000
215,-1,1415.9,327.2,211.3,674.8,1.000
215,-1,367.4,365.5,46.4,121.7,0.997
215,-1,827.1,356.2,43.3,141.7,0.996
215,-1,980.0,367.7,52.8,155.3,0.995
215,-1,586.0,349.3,81.0,161.6,0.993
215,-1,883.7,361.0,43.3,128.4,0.992
215,-1,950.4,360.1,37.1,112.2,0.992
215,-1,162.4,361.4,22.0,70.9,0.992
215,-1,191.7,362.0,44.7,108.9,0.971
215,-1,1049.5,362.1,34.9,108.7,0.965
215,-1,484.5,355.6,43.1,81.6,0.961
215,-1,677.8,373.8,16.7,44.5,0.937
215,-1,225.7,368.4,23.3,42.8,0.878
215,-1,474.0,352.4,55.7,132.5,0.877
215,-1,793.0,381.1,23.5,56.4,0.844
215,-1,654.0,376.0,18.2,40.0,0.776
215,-1,939.3,366.3,17.6,87.2,0.748
215,-1,911.1,369.0,29.6,114.9,0.743
215,-1,109.1,354.9,18.5,59.4,0.706
215,-1,246.2,384.5,27.0,31.0,0.694
215,-1,1690.0,377.0,60.6,98.6,0.624
215,-1,435.6,366.1,16.8,46.6,0.546
215,-1,686.8,375.7,12.5,39.5,0.527
215,-1,812.6,388.3,19.5,49.7,0.496
215,-1,469.8,370.0,27.7,112.5,0.450
215,-1,639.7,365.9,18.5,49.5,0.377
215,-1,465.0,374.5,24.8,58.3,0.349
215,-1,662.1,375.9,13.7,38.2,0.320
215,-1,805.4,377.2,18.7,60.0,0.317
215,-1,184.3,360.9,25.3,53.0,0.307
215,-1,211.4,365.0,30.1,49.0,0.238
215,-1,1540.1,429.3,88.0,386.3,0.191
215,-1,204.8,362.5,22.8,50.2,0.163
215,-1,102.1,350.9,29.6,118.3,0.146
215,-1,1686.7,365.2,64.8,197.0,0.142
215,-1,671.5,374.4,15.1,42.0,0.126
215,-1,1286.3,368.3,21.3,107.1,0.111
215,-1,1683.1,354.1,73.5,360.6,0.093
215,-1,1690.0,314.6,134.0,167.6,0.081
215,-1,687.6,375.0,15.2,24.9,0.072
215,-1,210.9,367.0,37.4,98.5,0.072
215,-1,929.2,382.7,18.1,70.1,0.060
215,-1,780.7,383.2,24.1,53.3,0.058
215,-1,679.2,371.0,20.9,21.6,0.054
216,-1,1612.3,320.4,286.6,694.8,1.000
216,-1,1396.9,333.2,239.8,678.4,1.000
216,-1,1235.4,320.2,86.9,286.5,0.999
216,-1,375.5,368.3,47.9,123.7,0.998
216,-1,988.0,368.6,52.9,158.8,0.995
216,-1,892.0,357.4,44.0,139.3,0.993
216,-1,601.0,355.8,69.4,156.0,0.992
216,-1,836.1,360.7,44.7,135.9,0.988
216,-1,1059.0,369.4,37.8,106.0,0.983
216,-1,200.4,358.7,47.8,114.6,0.979
216,-1,954.9,362.1,44.5,115.1,0.978
216,-1,922.7,368.4,20.9,117.7,0.878
216,-1,483.6,350.6,53.1,110.2,0.875
216,-1,171.4,360.7,21.3,68.7,0.846
216,-1,685.9,374.4,20.4,46.4,0.828
216,-1,474.3,378.1,21.0,58.4,0.622
216,-1,803.1,374.9,31.0,64.4,0.621
216,-1,820.7,383.1,23.0,57.0,0.585
216,-1,934.4,372.2,26.9,97.7,0.561
216,-1,669.9,375.1,18.1,41.9,0.505
216,-1,234.5,367.9,21.6,42.4,0.395
216,-1,104.9,352.5,32.8,74.0,0.290
216,-1,653.0,374.5,17.4,37.9,0.266
216,-1,1705.8,388.7,42.3,79.6,0.249
216,-1,886.5,361.2,13.5,45.3,0.228
216,-1,664.1,385.2,16.2,33.1,0.207
216,-1,593.7,351.3,24.8,67.7,0.150
216,-1,983.5,370.9,21.1,95.3,0.127
216,-1,252.9,383.3,26.7,38.1,0.117
216,-1,659.9,373.4,20.1,38.8,0.107
216,-1,943.1,371.7,29.2,95.8,0.102
216,-1,890.5,359.6,15.5,44.8,0.097
216,-1,797.9,386.4,22.9,50.3,0.095
216,-1,445.5,373.5,15.9,47.4,0.074
216,-1,596.6,351.0,46.4,86.0,0.073
216,-1,592.9,381.0,20.5,41.3,0.066
216,-1,1289.6,330.2,31.9,145.7,0.062
216,-1,224.8,367.2,32.2,97.0,0.058
216,-1,875.1,368.2,17.2,46.1,0.056
217,-1,1389.8,331.6,249.0,686.2,0.999
217,-1,1612.0,330.9,293.8,695.3,0.999
217,-1,1239.0,324.1,94.3,289.4,0.999
217,-1,379.2,366.3,48.9,123.5,0.998
217,-1,593.1,349.8,81.5,163.1,0.997
217,-1,893.2,362.1,42.6,134.0,0.997
217,-1,990.6,373.8,53.2,153.3,0.997
217,-1,837.7,365.6,43.4,136.2,0.993
217,-1,967.8,365.3,33.1,111.5,0.991
217,-1,1061.7,366.8,31.1,111.0,0.982
217,-1,206.3,365.3,36.9,110.3,0.981
217,-1,173.9,362.3,21.7,69.9,0.977
217,-1,689.6,377.9,18.6,43.6,0.949
217,-1,491.2,356.8,50.4,107.5,0.948
217,-1,802.9,390.4,20.9,51.1,0.882
217,-1,472.4,375.2,27.4,90.2,0.874
217,-1,941.5,374.7,28.8,98.2,0.873
217,-1,239.3,369.9,21.4,43.5,0.827
217,-1,667.7,390.5,16.1,30.1,0.794
217,-1,822.5,391.2,21.3,52.2,0.706
217,-1,650.8,371.7,19.3,46.3,0.584
217,-1,924.3,371.8,19.1,113.3,0.567
217,-1,1073.6,384.3,26.4,83.8,0.561
217,-1,479.4,361.6,44.9,125.2,0.425
217,-1,256.1,386.7,27.9,30.7,0.411
217,-1,662.6,376.7,17.4,42.5,0.390
217,-1,192.2,363.2,32.4,55.8,0.342
217,-1,215.1,363.9,34.9,50.5,0.213
217,-1,596.0,356.3,60.3,90.1,0.160
217,-1,988.7,376.6,19.5,95.6,0.131
217,-1,679.4,381.3,15.4,39.1,0.128
217,-1,696.9,378.9,15.3,30.2,0.127
217,-1,1558.1,456.6,81.5,379.0,0.115
217,-1,642.7,363.9,20.3,52.1,0.100
217,-1,229.1,370.0,29.1,68.3,0.097
217,-1,668.8,372.1,18.4,28.2,0.081
217,-1,647.7,362.6,23.3,22.6,0.078
217,-1,954.0,372.3,30.0,102.4,0.060
217,-1,629.5,364.9,26.2,57.4,0.059
217,-1,908.3,365.7,42.6,121.6,0.059
217,-1,688.0,373.8,23.8,26.2,0.052
218,-1,1387.5,338.7,244.5,685.0,0.999
218,-1,1616.7,333.5,285.9,699.4,0.999
218,-1,1248.7,323.3,93.6,290.2,0.999
218,-1,384.3,364.5,50.0,121.2,0.998
218,-1,598.0,349.3,80.4,165.8,0.998
218,-1,994.4,374.8,54.8,153.2,0.996
218,-1,895.5,363.4,44.6,133.2,0.996
218,-1,842.1,364.7,42.9,137.7,0.993
218,-1,972.4,364.3,33.9,115.3,0.993
218,-1,205.6,363.6,49.9,108.9,0.985
218,-1,497.1,356.6,45.4,82.1,0.985
218,-1,177.8,360.6,24.3,69.9,0.977
218,-1,1066.3,365.7,38.5,113.5,0.973
218,-1,695.1,375.7,19.1,45.6,0.957
218,-1,949.5,372.2,23.7,98.7,0.949
218,-1,480.5,373.6,25.7,104.9,0.922
218,-1,807.2,387.6,23.8,53.7,0.864
218,-1,671.1,378.7,16.3,41.8,0.779
218,-1,244.5,368.7,19.6,41.9,0.762
218,-1,112.0,351.4,31.4,80.9,0.586
218,-1,828.9,390.3,20.7,52.8,0.575
218,-1,1081.7,384.8,23.0,77.5,0.561
218,-1,202.5,363.7,25.2,50.8,0.510
218,-1,925.0,370.9,20.9,116.5,0.487
218,-1,261.4,383.6,26.5,30.8,0.438
218,-1,219.3,363.4,24.2,51.0,0.391
218,-1,677.8,383.7,15.4,35.6,0.301
218,-1,937.5,370.1,31.2,108.5,0.287
218,-1,986.9,375.0,23.7,103.1,0.277
218,-1,453.6,392.4,12.1,23.2,0.255
218,-1,643.5,366.9,17.5,53.0,0.216
218,-1,1031.1,384.2,20.6,64.1,0.203
218,-1,454.4,371.7,14.3,41.4,0.188
218,-1,655.9,373.6,19.2,44.6,0.183
218,-1,650.6,370.7,14.8,46.7,0.150
218,-1,689.6,374.9,17.9,35.8,0.140
218,-1,686.6,377.2,14.7,40.6,0.138
218,-1,764.5,377.7,8.4,21.2,0.121
218,-1,680.8,373.7,16.6,42.0,0.118
218,-1,600.0,355.1,58.0,104.9,0.109
218,-1,641.3,368.0,15.2,36.7,0.109
218,-1,673.1,373.0,18.0,31.1,0.103
218,-1,701.1,376.8,18.6,40.7,0.069
218,-1,634.4,366.2,20.0,46.4,0.051
218,-1,667.0,374.5,16.6,37.6,0.051
219,-1,1382.8,339.2,252.8,687.9,0.999
219,-1,1254.5,325.5,94.1,289.6,0.999
219,-1,1623.2,335.5,278.2,696.7,0.999
219,-1,390.6,364.6,45.6,119.0,0.999
219,-1,604.4,353.2,75.4,161.2,0.995
219,-1,899.1,362.7,45.1,132.7,0.994
219,-1,996.9,373.9,52.8,155.8,0.994
219,-1,843.8,365.4,42.6,135.6,0.990
219,-1,973.0,366.2,38.8,108.9,0.983
219,-1,208.0,358.4,49.8,112.2,0.979
219,-1,500.1,353.4,43.5,79.0,0.976
219,-1,1069.3,367.6,37.1,110.6,0.967
219,-1,179.5,357.7,23.9,69.7,0.958
219,-1,697.6,374.9,17.8,45.8,0.935
219,-1,947.6,372.4,28.2,99.2,0.919
219,-1,477.4,370.2,30.3,105.9,0.856
219,-1,809.9,390.8,20.9,49.4,0.819
219,-1,675.3,387.1,15.6,32.7,0.804
219,-1,260.6,383.6,31.4,30.7,0.703
219,-1,638.3,363.7,26.8,53.3,0.677
219,-1,246.1,366.0,21.5,40.3,0.665
219,-1,829.8,376.3,21.9,65.4,0.619
219,-1,114.6,352.1,31.9,75.0,0.527
219,-1,923.4,368.6,27.5,118.6,0.327
219,-1,639.6,362.9,19.3,29.1,0.313
219,-1,684.4,376.9,13.1,38.9,0.285
219,-1,247.8,365.4,41.6,47.9,0.284
219,-1,820.7,376.0,23.4,66.8,0.282
219,-1,659.7,368.9,18.6,46.6,0.239
219,-1,232.2,364.2,32.1,47.9,0.222
219,-1,666.4,375.9,17.3,38.9,0.199
219,-1,678.1,373.4,16.5,41.3,0.187
219,-1,482.4,363.1,40.1,124.8,0.179
219,-1,652.3,368.9,16.1,47.2,0.179
219,-1,931.2,368.5,31.0,115.4,0.177
219,-1,601.0,354.6,59.9,109.7,0.174
219,-1,706.3,376.2,15.4,38.6,0.120
219,-1,1552.7,493.2,87.4,341.6,0.095
219,-1,1033.8,387.2,18.7,54.5,0.087
219,-1,673.6,367.9,17.6,29.6,0.087
219,-1,458.1,369.5,14.2,42.6,0.078
219,-1,692.5,373.0,17.9,34.8,0.076
219,-1,647.3,363.9,18.2,40.6,0.066
219,-1,797.4,382.3,25.9,59.4,0.056
219,-1,656.0,364.6,19.5,34.1,0.054
220,-1,1385.0,343.4,252.3,687.5,0.999
220,-1,1625.1,342.8,280.3,695.7,0.999
220,-1,1257.8,329.7,96.1,289.0,0.999
220,-1,396.2,364.6,43.3,122.1,0.999
220,-1,901.6,363.9,43.0,134.3,0.997
220,-1,606.4,350.3,73.4,167.6,0.995
220,-1,998.8,376.4,52.3,153.9,0.995
220,-1,846.7,366.6,42.3,136.2,0.993
220,-1,1072.9,368.8,36.5,111.6,0.991
220,-1,182.9,359.7,23.4,70.3,0.990
220,-1,977.0,365.5,34.9,113.6,0.984
220,-1,208.1,360.9,48.6,111.0,0.984
220,-1,503.3,354.8,43.5,82.9,0.970
220,-1,700.7,375.7,17.1,45.8,0.949
220,-1,483.5,371.4,29.9,114.0,0.945
220,-1,813.1,389.2,23.4,53.2,0.931
220,-1,947.5,373.4,31.3,97.3,0.916
220,-1,245.7,366.6,22.6,44.6,0.852
220,-1,679.0,376.3,15.9,44.7,0.787
220,-1,117.5,350.6,31.9,82.8,0.766
220,-1,480.4,368.8,29.1,70.4,0.668
220,-1,264.6,383.8,29.2,31.5,0.638
220,-1,833.9,382.6,18.1,59.9,0.456
220,-1,929.4,367.9,27.3,120.4,0.441
220,-1,687.6,375.4,12.9,43.7,0.424
220,-1,650.1,376.9,16.1,42.9,0.419
220,-1,707.8,378.6,15.9,42.6,0.413
220,-1,639.7,365.3,25.7,53.9,0.328
220,-1,489.2,357.4,56.1,132.5,0.319
220,-1,222.7,361.4,24.2,51.9,0.285
220,-1,206.8,359.8,27.2,53.5,0.270
220,-1,641.9,365.3,19.1,27.2,0.237
220,-1,667.9,372.7,17.2,46.5,0.221
220,-1,692.7,377.5,15.4,42.4,0.219
220,-1,770.4,380.4,9.0,18.5,0.174
220,-1,659.0,377.6,13.1,40.2,0.150
220,-1,661.8,374.2,17.1,43.3,0.147
220,-1,215.3,362.1,31.6,83.1,0.129
220,-1,1036.5,391.1,18.6,49.7,0.117
220,-1,603.9,354.3,57.1,107.6,0.113
220,-1,695.7,374.0,18.7,37.4,0.109
220,-1,644.9,370.1,17.0,39.9,0.092
220,-1,460.5,380.6,11.4,32.4,0.088
220,-1,679.4,370.3,16.7,27.8,0.084
220,-1,1557.7,533.7,75.5,310.8,0.070
220,-1,664.6,366.0,19.0,24.5,0.064
220,-1,465.4,369.9,43.1,97.2,0.056
220,-1,778.4,378.8,12.4,20.1,0.051
220,-1,768.8,371.3,13.7,27.5,0.051
221,-1,1373.7,352.8,229.8,683.8,0.999
221,-1,1631.4,343.1,269.1,702.9,0.999
221,-1,1263.8,332.1,101.0,298.4,0.999
221,-1,399.6,360.2,43.7,121.2,0.996
221,-1,1002.5,377.1,51.2,153.6,0.994
221,-1,899.4,363.6,44.5,134.2,0.993
221,-1,608.1,351.6,72.8,164.8,0.993
221,-1,848.4,365.0,41.7,138.2,0.991
221,-1,184.1,356.1,24.2,70.4,0.989
221,-1,1076.2,370.6,37.5,110.7,0.985
221,-1,977.0,366.4,35.7,113.2,0.985
221,-1,505.0,350.4,40.0,85.7,0.971
221,-1,209.6,356.3,49.3,113.0,0.969
221,-1,478.1,369.8,28.5,119.3,0.963
221,-1,942.2,372.4,29.1,85.3,0.839
221,-1,699.7,375.2,20.1,43.9,0.824
221,-1,246.7,363.3,24.6,46.7,0.790
221,-1,816.9,387.8,22.7,52.4,0.712
221,-1,932.1,372.2,20.3,112.6,0.608
221,-1,681.4,371.6,18.2,46.9,0.556
221,-1,830.5,381.0,23.3,60.6,0.376
221,-1,205.5,361.3,31.1,51.3,0.368
221,-1,646.2,363.0,22.3,54.2,0.367
221,-1,709.4,378.3,15.9,40.0,0.346
221,-1,542.5,380.7,36.6,48.1,0.307
221,-1,603.1,353.4,29.9,71.0,0.303
221,-1,996.0,384.7,24.0,93.6,0.290
221,-1,266.0,381.2,28.2,28.4,0.285
221,-1,231.1,362.4,39.5,101.6,0.282
221,-1,222.4,358.1,27.8,81.8,0.265
221,-1,482.5,367.7,30.5,74.9,0.250
221,-1,668.2,362.2,22.2,53.2,0.197
221,-1,839.7,372.8,20.0,58.7,0.178
221,-1,604.3,354.8,54.5,96.4,0.158
221,-1,691.7,379.8,16.4,38.8,0.114
221,-1,951.5,377.2,27.5,73.8,0.113
221,-1,658.3,367.1,16.5,47.5,0.103
221,-1,484.4,355.9,52.9,134.3,0.095
221,-1,1033.6,385.1,25.5,66.0,0.077
221,-1,814.4,372.6,42.8,70.0,0.065
221,-1,117.3,333.9,38.4,89.8,0.052
222,-1,1373.2,351.3,228.2,689.6,0.999
222,-1,1632.0,341.0,267.9,717.6,0.999
222,-1,1269.7,334.4,99.1,297.7,0.999
222,-1,401.6,358.9,42.1,123.6,0.997
222,-1,1003.4,378.0,49.5,150.2,0.995
222,-1,608.4,352.5,71.6,164.4,0.994
222,-1,848.8,361.2,43.9,143.2,0.994
222,-1,184.4,355.3,24.0,73.6,0.993
222,-1,900.2,364.5,44.5,132.9,0.992
222,-1,1079.0,370.2,36.5,111.3,0.992
222,-1,209.2,355.8,46.3,113.6,0.985
222,-1,975.1,367.3,40.5,111.9,0.983
222,-1,505.1,351.4,41.2,84.8,0.980
222,-1,477.1,370.3,29.5,119.4,0.979
222,-1,703.8,374.2,18.0,46.1,0.879
222,-1,818.2,387.5,21.7,52.8,0.811
222,-1,942.4,372.7,25.8,103.8,0.808
222,-1,244.8,362.9,25.5,47.4,0.764
222,-1,684.2,380.2,15.0,39.5,0.732
222,-1,932.7,372.5,21.7,112.6,0.562
222,-1,648.2,364.0,19.0,55.1,0.489
222,-1,824.9,378.5,22.9,63.4,0.480
222,-1,690.2,375.1,13.9,44.1,0.476
222,-1,841.3,371.5,18.8,66.8,0.396
222,-1,710.5,376.6,14.7,43.7,0.350
222,-1,117.4,342.2,35.7,84.9,0.332
222,-1,650.7,362.3,16.6,31.9,0.268
222,-1,656.1,366.5,14.9,49.9,0.218
222,-1,670.7,369.1,17.5,46.6,0.203
222,-1,776.3,376.7,10.5,19.7,0.188
222,-1,994.8,380.4,24.3,99.3,0.178
222,-1,661.6,366.9,15.0,48.9,0.172
222,-1,267.8,379.8,25.8,30.7,0.170
222,-1,953.6,376.5,28.2,78.7,0.166
222,-1,695.3,375.7,14.4,43.7,0.160
222,-1,678.3,373.4,13.5,45.2,0.151
222,-1,686.0,369.7,15.8,36.4,0.140
222,-1,605.7,352.6,44.3,80.3,0.113
222,-1,487.2,354.5,57.2,128.9,0.073
222,-1,703.0,370.1,20.5,22.3,0.070
222,-1,604.7,378.3,20.0,46.2,0.068
222,-1,710.0,375.1,19.5,23.6,0.059
222,-1,780.0,378.3,11.1,18.8,0.059
222,-1,785.5,377.6,12.8,20.3,0.054
223,-1,1635.5,337.0,252.2,697.7,0.999
223,-1,1371.8,350.9,230.5,689.2,0.999
223,-1,1274.1,334.4,98.4,302.5,0.999
223,-1,403.5,356.8,43.2,123.6,0.997
223,-1,608.8,350.4,71.7,165.4,0.996
223,-1,848.8,359.8,44.8,145.7,0.994
223,-1,1006.8,374.3,49.4,154.0,0.994
223,-1,901.5,362.8,43.0,134.3,0.994
223,-1,1078.6,367.9,39.1,115.0,0.993
223,-1,184.3,353.4,25.6,72.5,0.988
223,-1,474.6,368.6,32.7,121.7,0.988
223,-1,978.5,366.8,39.7,110.7,0.985
223,-1,504.9,350.4,40.4,82.8,0.978
223,-1,210.8,354.0,49.0,112.8,0.968
223,-1,936.4,371.8,28.9,110.9,0.931
223,-1,703.1,373.4,18.5,44.9,0.920
223,-1,244.8,360.5,25.1,45.0,0.780
223,-1,819.4,388.1,22.0,50.9,0.737
223,-1,684.8,370.5,18.3,47.7,0.677
223,-1,646.9,359.0,22.5,53.4,0.547
223,-1,696.7,382.5,14.7,35.7,0.453
223,-1,828.8,379.9,22.4,60.5,0.437
223,-1,959.7,385.1,26.6,85.2,0.377
223,-1,838.8,372.2,26.9,67.1,0.306
223,-1,266.9,378.9,26.0,29.5,0.287
223,-1,604.9,353.7,26.2,70.4,0.225
223,-1,654.6,367.0,19.6,46.1,0.220
223,-1,995.8,375.2,24.5,101.5,0.203
223,-1,701.3,369.7,23.5,22.4,0.183
223,-1,819.7,372.4,41.6,69.3,0.176
223,-1,663.6,370.1,17.3,42.6,0.170
223,-1,605.9,353.4,57.5,102.9,0.169
223,-1,948.7,374.2,32.6,90.2,0.166
223,-1,684.7,368.3,15.9,26.8,0.116
223,-1,672.3,364.6,17.5,49.0,0.110
223,-1,690.6,371.8,16.4,39.6,0.110
223,-1,710.8,372.7,14.6,38.8,0.100
223,-1,778.7,373.5,11.5,21.9,0.082
223,-1,642.6,362.9,24.9,76.2,0.064
224,-1,1643.7,334.1,227.5,684.6,0.999
224,-1,1361.2,345.5,241.6,699.7,0.999
224,-1,1279.3,330.0,98.7,305.7,0.999
224,-1,408.7,359.2,40.8,117.6,0.997
224,-1,1006.9,371.1,52.3,153.2,0.993
224,-1,610.7,351.9,72.3,159.9,0.991
224,-1,902.6,360.1,44.3,137.2,0.990
224,-1,1083.3,365.7,38.0,112.9,0.990
224,-1,850.5,355.1,44.8,146.2,0.990
224,-1,213.9,346.5,47.3,114.9,0.989
224,-1,986.7,365.4,30.0,111.2,0.988
224,-1,187.5,349.9,23.0,75.2,0.987
224,-1,509.7,348.1,38.5,84.5,0.979
224,-1,475.8,364.4,36.7,121.1,0.926
224,-1,706.8,371.9,16.8,44.4,0.912
224,-1,252.6,356.8,20.7,47.4,0.848
224,-1,822.2,381.9,24.5,55.8,0.819
224,-1,935.5,368.5,27.7,113.8,0.731
224,-1,958.5,388.5,29.8,86.0,0.689
224,-1,689.9,367.5,16.7,47.7,0.609
224,-1,831.6,376.6,20.8,60.7,0.550
224,-1,653.8,361.5,18.5,48.7,0.528
224,-1,713.6,372.3,15.4,42.8,0.472
224,-1,696.6,370.4,13.9,44.8,0.378
224,-1,269.2,374.7,27.6,32.5,0.312
224,-1,490.3,364.1,26.2,72.9,0.280
224,-1,608.1,370.5,17.9,50.4,0.263
224,-1,938.9,367.8,43.9,108.3,0.257
224,-1,664.1,362.9,15.9,47.5,0.250
224,-1,608.1,353.1,25.1,72.7,0.244
224,-1,676.8,362.2,16.0,47.4,0.123
224,-1,607.7,353.6,55.1,100.2,0.119
224,-1,483.4,359.0,43.4,94.5,0.089
224,-1,973.7,370.1,31.0,102.1,0.086
224,-1,845.6,367.3,23.9,74.1,0.086
224,-1,674.2,358.7,19.5,27.8,0.083
224,-1,840.5,374.5,19.7,61.6,0.081
224,-1,988.8,368.4,48.4,119.9,0.079
224,-1,812.0,381.1,25.7,55.0,0.079
224,-1,712.9,367.6,18.9,28.9,0.070
224,-1,689.5,360.1,18.4,31.3,0.057
225,-1,1352.2,341.1,247.3,685.2,0.999
225,-1,1643.5,326.4,222.3,689.7,0.998
225,-1,1286.5,324.1,96.1,312.5,0.997
225,-1,411.1,358.3,38.0,115.4,0.996
225,-1,610.1,349.8,73.6,161.1,0.995
225,-1,901.2,359.7,47.0,136.2,0.991
225,-1,1008.9,370.0,51.9,155.3,0.990
225,-1,851.6,355.5,43.1,144.9,0.990
225,-1,1083.8,364.8,38.1,112.2,0.984
225,-1,211.5,345.1,54.3,119.0,0.971
225,-1,187.2,348.4,25.1,72.3,0.970
225,-1,983.2,364.0,38.6,111.7,0.970
225,-1,509.4,346.9,38.7,83.7,0.957
225,-1,473.7,364.9,37.9,116.6,0.917
225,-1,939.2,362.8,28.6,117.0,0.911
225,-1,705.6,370.0,20.0,43.8,0.834
225,-1,973.1,372.1,24.7,91.7,0.572
225,-1,688.9,366.5,19.6,46.8,0.562
225,-1,822.5,381.7,28.6,55.7,0.501
225,-1,713.3,372.7,17.8,40.1,0.475
225,-1,249.6,356.0,23.8,47.2,0.279
225,-1,268.7,375.7,29.9,30.9,0.247
225,-1,833.7,381.8,24.5,56.1,0.236
225,-1,608.1,352.1,53.1,92.6,0.194
225,-1,675.6,365.9,18.2,43.4,0.177
225,-1,649.7,364.5,23.0,42.2,0.157
225,-1,696.5,373.6,19.5,40.5,0.156
225,-1,665.1,367.4,19.8,39.4,0.112
225,-1,950.9,369.5,36.5,101.7,0.094
225,-1,843.7,374.7,23.0,62.2,0.093
225,-1,225.3,338.5,52.3,97.8,0.080
225,-1,51.1,439.8,56.0,61.3,0.079
225,-1,964.7,381.8,23.8,62.2,0.070
225,-1,480.7,357.5,53.8,128.8,0.068
225,-1,946.8,369.5,26.0,73.6,0.066
225,-1,1518.3,509.5,94.0,337.2,0.060
226,-1,1348.2,336.4,254.6,676.8,1.000
226,-1,1644.6,321.6,221.7,698.4,0.999
226,-1,1294.9,321.3,99.3,316.3,0.998
226,-1,410.0,355.4,44.9,121.5,0.998
226,-1,608.3,350.2,73.9,160.9,0.996
226,-1,905.0,360.8,41.9,133.9,0.994
226,-1,1007.7,368.9,53.4,157.5,0.994
226,-1,851.1,354.9,44.7,143.7,0.990
226,-1,190.1,347.1,23.6,73.2,0.990
226,-1,213.6,347.0,48.5,113.4,0.981
226,-1,984.9,362.6,37.6,113.0,0.977
226,-1,1088.3,364.2,34.6,108.2,0.976
226,-1,506.6,344.7,38.9,86.6,0.971
226,-1,476.1,362.9,32.8,119.7,0.962
226,-1,935.7,365.3,27.5,114.9,0.943
226,-1,711.4,369.7,15.8,45.1,0.943
226,-1,253.3,356.5,20.9,46.5,0.851
226,-1,826.1,382.6,21.5,53.9,0.818
226,-1,1097.2,379.7,30.9,78.4,0.771
226,-1,701.9,370.9,14.6,43.5,0.745
226,-1,973.5,371.5,23.2,95.9,0.738
226,-1,653.6,373.0,20.2,36.7,0.629
226,-1,670.1,363.0,16.6,48.0,0.517
226,-1,694.9,375.4,15.2,38.5,0.514
226,-1,949.5,375.5,35.7,94.1,0.418
226,-1,716.7,369.3,15.1,43.9,0.381
226,-1,270.7,372.2,28.2,33.7,0.270
226,-1,481.7,360.9,28.8,72.7,0.263
226,-1,1777.8,394.8,57.5,42.5,0.256
226,-1,652.7,363.4,20.1,33.2,0.236
226,-1,677.2,359.6,18.3,50.8,0.218
226,-1,652.2,358.0,19.1,25.6,0.174
226,-1,545.2,373.2,41.6,52.8,0.147
226,-1,496.1,356.7,33.9,77.1,0.129
226,-1,839.8,374.9,22.4,61.2,0.128
226,-1,891.8,362.9,24.7,60.5,0.119
226,-1,679.1,358.2,16.9,25.5,0.102
226,-1,127.1,347.0,32.3,68.6,0.078
226,-1,667.1,354.6,25.2,23.7,0.072
226,-1,482.9,352.3,52.3,131.4,0.072
226,-1,609.5,347.8,59.8,102.7,0.068
226,-1,1533.5,505.8,81.8,336.5,0.058
226,-1,663.3,358.3,18.3,37.8,0.052
227,-1,1298.1,320.9,102.1,315.5,0.999
227,-1,1345.2,327.2,251.9,681.4,0.998
227,-1,1644.6,320.1,221.8,707.4,0.998
227,-1,413.8,355.4,45.7,120.1,0.997
227,-1,1013.3,369.2,52.8,156.1,0.995
227,-1,906.7,358.8,43.5,134.9,0.993
227,-1,985.7,360.9,37.7,117.7,0.990
227,-1,856.4,356.1,42.5,141.2,0.990
227,-1,620.1,350.4,64.8,161.2,0.988
227,-1,192.2,344.1,23.5,73.2,0.986
227,-1,1091.7,364.9,39.7,107.6,0.984
227,-1,213.6,335.0,59.9,125.5,0.978
227,-1,933.9,365.7,40.2,120.8,0.963
227,-1,477.4,361.7,36.5,109.0,0.954
227,-1,507.1,345.2,36.6,84.0,0.942
227,-1,713.9,367.8,20.2,45.2,0.866
227,-1,128.7,333.5,33.6,79.9,0.756
227,-1,697.2,377.4,18.1,35.5,0.573
227,-1,839.6,372.6,26.2,64.1,0.540
227,-1,827.6,379.7,27.3,56.0,0.490
227,-1,970.5,390.8,22.0,47.1,0.398
227,-1,610.7,347.0,43.4,78.2,0.310
227,-1,965.7,376.8,28.2,87.1,0.303
227,-1,656.2,372.0,22.3,40.7,0.270
227,-1,251.8,353.2,24.9,46.7,0.233
227,-1,608.8,345.4,23.3,71.1,0.230
227,-1,683.8,365.6,19.3,40.8,0.221
227,-1,483.1,352.8,56.6,123.7,0.200
227,-1,948.3,377.9,37.8,95.1,0.193
227,-1,1672.6,384.7,46.7,73.3,0.177
227,-1,273.8,371.5,27.3,32.6,0.147
227,-1,675.4,365.6,20.7,41.0,0.137
227,-1,656.0,366.7,20.8,27.4,0.136
227,-1,890.6,380.6,19.9,55.4,0.134
227,-1,696.3,361.0,20.9,31.2,0.134
227,-1,229.9,322.4,49.1,94.1,0.126
227,-1,701.3,364.2,18.6,49.7,0.120
227,-1,1508.5,512.9,105.7,331.1,0.115
227,-1,976.8,366.4,33.0,104.5,0.096
227,-1,691.6,365.4,18.5,46.3,0.095
227,-1,688.3,357.4,20.6,32.1,0.094
227,-1,1049.8,381.2,19.6,65.9,0.091
227,-1,472.8,356.8,51.9,74.9,0.084
227,-1,118.0,336.5,26.6,78.1,0.078
227,-1,668.6,368.4,21.5,40.8,0.073
227,-1,848.5,368.3,24.4,61.9,0.060
227,-1,839.5,367.2,32.1,35.3,0.053
228,-1,1345.0,330.4,253.9,678.2,0.999
228,-1,1637.5,318.1,217.7,710.8,0.999
228,-1,1304.6,318.8,104.7,321.0,0.999
228,-1,418.0,356.3,45.9,120.0,0.997
228,-1,612.6,347.7,71.7,163.6,0.996
228,-1,909.6,363.7,41.9,132.6,0.995
228,-1,1015.4,371.3,52.1,154.3,0.995
228,-1,858.6,354.0,44.9,146.8,0.990
228,-1,219.5,347.8,46.4,113.6,0.990
228,-1,196.0,347.4,22.1,73.6,0.989
228,-1,509.0,344.5,40.2,86.8,0.986
228,-1,991.8,362.3,35.7,114.5,0.986
228,-1,1096.1,364.5,36.7,113.8,0.984
228,-1,720.0,370.4,15.5,45.0,0.965
228,-1,938.7,371.2,36.0,115.2,0.954
228,-1,257.3,356.9,22.8,46.1,0.924
228,-1,478.7,361.1,35.4,120.2,0.866
228,-1,841.3,380.9,20.8,57.2,0.844
228,-1,1108.0,381.6,27.7,79.0,0.778
228,-1,831.5,384.6,24.5,51.8,0.698
228,-1,676.5,371.6,13.2,39.2,0.661
228,-1,658.2,373.0,17.9,42.3,0.645
228,-1,703.0,379.9,14.4,34.9,0.609
228,-1,707.9,369.2,13.6,45.5,0.573
228,-1,1679.2,384.9,40.2,72.4,0.565
228,-1,274.3,371.8,31.8,32.7,0.523
228,-1,975.8,382.8,21.8,56.8,0.521
228,-1,129.0,331.7,37.7,86.7,0.460
228,-1,725.8,372.4,13.2,42.2,0.443
228,-1,659.5,359.6,18.0,25.0,0.242
228,-1,659.3,362.3,20.7,38.2,0.233
228,-1,264.5,358.2,38.6,45.5,0.227
228,-1,705.8,365.0,16.7,28.1,0.209
228,-1,894.9,380.6,17.8,60.5,0.179
228,-1,977.3,371.9,24.9,98.7,0.174
228,-1,1527.3,490.7,88.1,364.3,0.169
228,-1,485.6,360.8,27.9,69.8,0.166
228,-1,667.0,357.0,19.6,25.2,0.159
228,-1,689.3,359.8,15.6,23.6,0.150
228,-1,1784.6,393.7,64.7,51.5,0.142
228,-1,701.7,363.5,14.4,28.3,0.134
228,-1,610.4,348.5,52.2,105.0,0.134
228,-1,670.1,376.9,13.2,34.8,0.126
228,-1,700.2,368.4,13.5,47.9,0.117
228,-1,769.8,366.3,9.2,21.6,0.117
228,-1,496.4,360.4,27.5,74.4,0.111
228,-1,687.3,360.2,17.0,50.1,0.094
228,-1,672.3,364.4,13.4,39.6,0.094
228,-1,952.1,375.8,44.1,99.7,0.088
228,-1,548.5,372.3,45.0,55.3,0.084
228,-1,494.6,361.0,16.9,39.1,0.083
228,-1,1672.4,322.0,167.5,139.2,0.082
228,-1,675.6,357.5,19.7,23.2,0.072
228,-1,802.6,372.6,11.8,20.8,0.068
228,-1,1053.5,385.9,18.0,55.9,0.064
228,-1,851.2,377.8,19.2,59.4,0.057
228,-1,855.7,368.3,20.9,72.7,0.051
229,-1,1642.6,324.3,224.2,717.0,0.999
229,-1,612.9,344.5,74.3,165.8,0.998
229,-1,1348.5,332.3,235.8,687.2,0.998
229,-1,1311.6,315.0,106.8,327.4,0.997
229,-1,424.9,356.7,37.5,118.2,0.997
229,-1,912.9,362.5,42.5,132.5,0.995
229,-1,1101.6,365.5,34.6,114.0,0.995
229,-1,1018.1,371.8,53.3,154.4,0.994
229,-1,993.5,362.4,37.3,116.0,0.990
229,-1,862.0,355.1,44.0,144.6,0.990
229,-1,509.9,346.2,39.6,87.1,0.990
229,-1,200.6,347.1,20.0,74.5,0.988
229,-1,223.4,348.6,44.6,111.6,0.981
229,-1,722.5,370.0,15.5,45.7,0.946
229,-1,938.7,365.3,29.2,119.9,0.927
229,-1,259.9,356.7,22.7,44.9,0.922
229,-1,475.3,356.7,41.7,127.5,0.871
229,-1,843.6,380.0,23.3,58.3,0.865
229,-1,706.8,371.2,15.7,43.6,0.680
229,-1,978.4,374.4,23.7,91.9,0.647
229,-1,681.8,370.8,14.2,39.6,0.595
229,-1,487.2,360.3,29.0,73.7,0.588
229,-1,712.4,367.6,14.3,46.5,0.503
229,-1,939.6,383.3,51.2,101.1,0.449
229,-1,730.9,369.1,12.3,45.2,0.391
229,-1,279.5,372.3,28.5,31.6,0.381
229,-1,661.5,372.9,18.9,38.7,0.370
229,-1,238.7,347.0,22.7,53.1,0.342
229,-1,662.6,360.1,19.5,21.8,0.295
229,-1,669.7,379.8,14.0,31.8,0.295
229,-1,835.5,384.4,23.6,51.9,0.245
229,-1,997.7,370.8,56.9,132.8,0.238
229,-1,1524.7,497.1,95.6,358.1,0.215
229,-1,494.4,359.2,18.1,37.7,0.198
229,-1,662.5,370.1,17.3,24.3,0.184
229,-1,707.2,364.4,15.3,28.9,0.166
229,-1,1313.1,431.9,74.0,203.0,0.148
229,-1,659.2,361.3,24.3,40.2,0.141
229,-1,674.4,372.1,13.5,39.2,0.130
229,-1,691.4,366.2,15.5,44.3,0.121
229,-1,552.4,366.4,54.7,57.9,0.112
229,-1,691.2,360.2,15.2,21.4,0.109
229,-1,985.2,367.9,28.6,104.0,0.104
229,-1,1053.7,383.3,20.2,58.7,0.093
229,-1,1111.2,380.9,28.5,79.3,0.091
229,-1,964.9,386.5,31.3,83.0,0.089
229,-1,700.5,371.5,12.2,40.9,0.085
229,-1,682.0,360.1,14.3,33.2,0.079
229,-1,666.3,356.2,23.9,24.5,0.079
229,-1,855.6,371.7,20.9,65.3,0.074
229,-1,139.2,343.5,31.8,71.4,0.071
229,-1,807.0,374.0,13.3,19.8,0.060
229,-1,669.9,360.8,14.5,24.5,0.053
229,-1,678.1,361.5,12.9,29.4,0.051
230,-1,1642.4,329.0,222.7,722.6,0.999
230,-1,1348.3,332.7,249.6,693.7,0.998
230,-1,424.8,354.9,44.0,114.4,0.996
230,-1,621.7,345.6,69.7,166.0,0.995
230,-1,1321.9,307.3,101.7,336.6,0.993
230,-1,1017.5,371.3,59.5,150.5,0.990
230,-1,917.1,360.9,44.8,129.0,0.989
230,-1,858.6,354.8,46.7,142.9,0.988
230,-1,1107.4,364.5,36.9,111.6,0.984
230,-1,1001.0,361.8,37.5,111.8,0.956
230,-1,513.7,343.6,43.6,85.3,0.934
230,-1,481.2,363.5,39.6,114.6,0.901
230,-1,228.8,344.5,53.5,114.5,0.859
230,-1,977.5,371.5,26.7,96.6,0.721
230,-1,838.8,380.4,28.3,56.4,0.584
230,-1,246.6,341.5,36.6,60.7,0.368
230,-1,942.9,368.5,42.6,112.3,0.340
230,-1,838.2,366.1,55.4,123.4,0.309
230,-1,983.5,373.7,17.8,63.8,0.286
230,-1,1053.0,379.1,24.4,56.5,0.259
230,-1,965.5,371.2,34.2,62.4,0.232
230,-1,957.2,368.2,42.9,105.8,0.224
230,-1,1053.5,381.3,25.0,111.9,0.222
230,-1,621.6,345.2,39.4,76.3,0.222
230,-1,1506.5,481.6,108.5,382.6,0.221
230,-1,498.4,350.6,51.4,98.3,0.190
230,-1,486.8,361.1,39.2,72.2,0.165
230,-1,949.6,365.4,30.6,64.7,0.142
230,-1,989.4,370.3,24.9,96.3,0.130
230,-1,837.8,370.0,43.7,74.0,0.124
230,-1,556.9,370.8,49.8,54.5,0.121
230,-1,829.1,376.5,25.2,58.3,0.111
230,-1,1038.1,373.2,38.5,54.3,0.074
230,-1,1795.4,394.0,72.6,57.1,0.061
230,-1,1445.3,379.3,170.5,499.6,0.061
230,-1,813.1,361.1,42.8,73.6,0.051
231,-1,622.4,343.3,70.5,168.5,0.999
231,-1,1638.5,331.8,238.5,711.4,0.999
231,-1,1351.4,333.3,244.5,713.0,0.998
231,-1,437.9,356.2,36.5,114.8,0.997
231,-1,1331.8,321.0,101.3,333.1,0.997
231,-1,922.6,363.8,39.3,132.7,0.997
231,-1,231.5,348.7,46.4,113.1,0.995
231,-1,1026.7,371.9,49.2,154.4,0.993
231,-1,873.3,354.7,41.1,148.0,0.993
231,-1,1006.9,362.5,34.8,118.3,0.992
231,-1,211.6,345.8,20.6,74.1,0.989
231,-1,946.1,366.6,40.9,122.2,0.988
231,-1,1113.4,367.1,31.6,108.2,0.987
231,-1,515.5,346.7,42.3,84.1,0.986
231,-1,735.1,370.0,15.8,45.3,0.966
231,-1,491.0,360.7,32.2,124.2,0.966
231,-1,270.3,355.9,20.4,45.5,0.927
231,-1,979.9,369.4,27.9,96.9,0.913
231,-1,851.7,380.9,26.8,58.1,0.883
231,-1,130.3,347.1,19.2,67.9,0.720
231,-1,692.5,372.8,13.6,38.6,0.613
231,-1,494.6,358.7,25.0,38.8,0.504
231,-1,0.1,352.8,24.8,376.4,0.453
231,-1,672.6,371.0,22.4,45.1,0.439
231,-1,494.5,358.4,28.5,68.3,0.413
231,-1,741.9,369.5,12.3,46.2,0.346
231,-1,687.5,373.9,13.8,37.8,0.334
231,-1,1872.9,1.5,26.3,38.3,0.321
231,-1,288.8,373.3,29.2,30.9,0.292
231,-1,1130.8,383.8,22.6,69.8,0.290
231,-1,718.2,368.1,14.9,47.1,0.273
231,-1,698.4,372.7,12.8,38.0,0.257
231,-1,681.6,374.2,15.6,38.2,0.250
231,-1,488.2,352.0,66.6,126.7,0.222
231,-1,863.0,385.1,20.8,53.7,0.221
231,-1,1837.7,0.2,20.6,34.1,0.187
231,-1,673.0,362.9,19.0,35.6,0.186
231,-1,726.7,369.0,12.0,44.2,0.168
231,-1,713.8,372.5,12.4,39.5,0.167
231,-1,151.6,339.1,30.2,76.8,0.165
231,-1,1.0,354.7,42.1,130.7,0.147
231,-1,560.7,371.6,49.2,56.6,0.127
231,-1,912.5,366.7,16.2,42.2,0.112
231,-1,676.7,359.1,19.1,25.4,0.101
231,-1,820.1,374.8,12.3,19.6,0.098
231,-1,707.1,368.8,16.9,43.1,0.093
231,-1,1521.6,498.3,105.6,380.3,0.084
231,-1,667.4,364.3,16.5,31.3,0.065
231,-1,623.2,345.2,46.0,86.2,0.056
231,-1,819.2,394.3,13.2,25.9,0.055
231,-1,843.2,383.4,21.4,51.0,0.054
232,-1,1354.2,335.9,245.6,711.3,0.998
232,-1,1644.1,336.0,230.5,722.1,0.998
232,-1,1027.4,368.3,50.2,154.2,0.994
232,-1,443.6,352.1,36.1,108.5,0.994
232,-1,928.9,361.7,41.3,128.8,0.993
232,-1,1339.1,320.9,99.1,322.6,0.991
232,-1,1118.5,365.8,36.9,89.0,0.990
232,-1,876.9,360.3,41.8,135.0,0.989
232,-1,632.5,342.0,68.1,168.6,0.988
232,-1,1007.4,360.6,36.5,115.4,0.986
232,-1,519.9,342.9,44.0,83.9,0.977
232,-1,488.8,355.9,37.9,107.0,0.919
232,-1,952.1,371.9,35.4,111.5,0.917
232,-1,235.6,337.0,60.1,119.3,0.899
232,-1,1811.9,394.6,75.1,81.6,0.865
232,-1,983.1,369.2,27.2,92.4,0.859
232,-1,214.6,343.1,24.6,68.4,0.835
232,-1,733.9,366.6,23.4,44.2,0.570
232,-1,503.2,344.1,58.2,116.2,0.498
232,-1,850.6,376.4,35.4,57.7,0.396
232,-1,257.2,332.6,37.8,67.1,0.355
232,-1,494.1,355.9,28.7,40.7,0.315
232,-1,135.0,341.0,20.6,63.2,0.313
232,-1,844.7,369.8,50.5,87.0,0.244
232,-1,722.3,367.7,21.1,44.5,0.207
232,-1,627.1,340.1,45.3,85.4,0.157
232,-1,1061.8,385.3,23.0,111.6,0.154
232,-1,738.1,364.9,20.4,28.3,0.131
232,-1,500.6,354.5,29.0,73.3,0.119
232,-1,156.5,331.1,32.6,81.2,0.105
232,-1,677.4,360.9,24.0,27.8,0.099
232,-1,566.5,359.0,55.1,65.5,0.098
232,-1,1064.9,386.7,19.5,64.4,0.096
232,-1,714.8,364.9,21.0,45.0,0.094
232,-1,476.7,347.7,82.8,152.2,0.081
232,-1,867.9,380.4,20.9,52.7,0.074
233,-1,631.9,339.6,70.1,169.7,0.999
233,-1,1646.4,336.6,224.0,720.1,0.999
233,-1,1357.2,333.5,239.6,712.9,0.999
233,-1,447.5,349.1,35.2,119.5,0.997
233,-1,1346.1,316.3,99.5,335.0,0.996
233,-1,1026.9,364.7,49.6,153.1,0.996
233,-1,879.5,350.8,41.3,146.8,0.995
233,-1,1120.4,362.3,37.6,111.8,0.993
233,-1,929.3,358.0,41.1,133.6,0.992
233,-1,490.8,351.0,36.9,131.3,0.990
233,-1,216.8,341.1,22.8,68.2,0.989
233,-1,521.3,341.5,42.2,85.5,0.986
233,-1,1014.0,358.5,34.0,117.7,0.976
233,-1,240.7,343.9,41.2,110.6,0.971
233,-1,954.3,364.4,36.9,119.7,0.963
233,-1,988.3,367.4,19.6,66.1,0.945
233,-1,2.1,355.9,50.2,174.7,0.886
233,-1,743.8,364.1,15.2,46.8,0.884
233,-1,752.1,361.2,12.7,48.8,0.816
233,-1,854.9,376.5,28.6,55.9,0.809
233,-1,137.3,339.5,21.4,61.1,0.778
233,-1,277.6,350.9,20.5,45.2,0.759
233,-1,683.5,366.2,17.8,42.2,0.694
233,-1,697.9,366.2,13.5,39.3,0.606
233,-1,728.6,367.7,14.1,43.1,0.590
233,-1,256.6,343.4,21.8,51.4,0.555
233,-1,1817.4,393.6,77.6,98.8,0.550
233,-1,702.5,366.5,14.6,39.0,0.424
233,-1,682.5,360.6,18.4,28.6,0.293
233,-1,0.0,331.5,29.1,341.0,0.248
233,-1,689.4,364.9,17.4,40.9,0.239
233,-1,568.7,363.2,55.9,57.5,0.233
233,-1,672.7,366.5,16.9,44.1,0.183
233,-1,822.1,367.6,9.5,20.2,0.181
233,-1,725.3,366.3,13.8,32.2,0.171
233,-1,828.3,367.5,11.6,21.2,0.164
233,-1,669.4,360.4,16.3,30.7,0.150
233,-1,686.1,355.3,14.0,20.0,0.150
233,-1,715.2,363.5,16.8,40.2,0.149
233,-1,985.0,368.7,27.7,92.5,0.130
233,-1,733.5,374.9,12.2,35.1,0.123
233,-1,737.5,363.3,13.5,46.4,0.106
233,-1,851.5,371.5,40.0,92.7,0.098
233,-1,736.4,363.8,11.2,27.9,0.095
233,-1,1359.1,589.9,49.7,67.6,0.093
233,-1,297.3,369.6,25.1,29.4,0.083
233,-1,1062.1,375.1,24.7,64.4,0.080
233,-1,866.7,375.2,22.5,58.7,0.077
233,-1,740.4,364.0,13.9,32.6,0.068
233,-1,1048.9,370.4,36.3,109.4,0.066
233,-1,497.8,352.4,32.5,82.6,0.065
233,-1,160.4,333.1,31.2,77.1,0.053
233,-1,1520.4,508.8,119.2,380.4,0.052
234,-1,1652.3,330.4,222.0,731.5,0.999
234,-1,1363.8,333.5,225.2,713.4,0.999
234,-1,633.3,336.0,73.7,170.8,0.998
234,-1,1035.0,364.5,49.9,152.2,0.997
234,-1,449.5,344.3,40.0,124.8,0.997
234,-1,2.1,343.2,49.0,187.8,0.995
234,-1,1353.4,320.0,98.1,248.8,0.994
234,-1,933.2,355.7,41.7,135.9,0.993
234,-1,885.1,351.4,39.7,143.4,0.992
234,-1,1124.1,358.7,41.4,112.8,0.990
234,-1,524.9,340.3,42.0,84.2,0.988
234,-1,959.7,360.1,40.1,120.0,0.986
234,-1,1019.7,355.2,34.9,116.4,0.986
234,-1,222.7,337.9,24.5,69.7,0.986
234,-1,493.5,350.4,36.2,129.3,0.986
234,-1,245.1,338.2,54.0,113.7,0.968
234,-1,748.1,362.7,18.4,46.3,0.942
234,-1,1826.9,391.0,83.1,98.4,0.925
234,-1,990.0,365.6,19.2,70.2,0.873
234,-1,861.8,373.3,27.9,58.3,0.710
234,-1,496.9,353.1,32.1,71.3,0.699
234,-1,143.4,340.3,19.4,59.6,0.485
234,-1,500.0,352.8,28.1,40.6,0.409
234,-1,688.5,364.2,21.0,38.2,0.390
234,-1,732.4,362.0,16.0,46.4,0.335
234,-1,713.3,354.5,24.4,48.5,0.312
234,-1,1067.1,370.8,25.1,70.3,0.278
234,-1,264.2,336.6,37.2,90.1,0.257
234,-1,576.7,361.7,57.8,56.1,0.246
234,-1,757.1,358.2,12.8,48.9,0.245
234,-1,686.1,355.1,22.1,33.6,0.219
234,-1,259.4,342.0,27.1,91.0,0.205
234,-1,674.0,360.0,19.0,29.2,0.167
234,-1,271.4,338.3,32.1,55.9,0.166
234,-1,705.8,360.5,18.6,42.1,0.141
234,-1,695.9,363.5,19.6,39.4,0.133
234,-1,672.3,357.5,23.7,51.6,0.120
234,-1,1357.6,336.4,191.0,388.7,0.098
234,-1,860.6,364.1,42.9,107.6,0.095
234,-1,715.1,350.6,22.6,30.2,0.071
234,-1,875.3,377.8,21.3,53.9,0.067
234,-1,802.4,359.3,11.6,23.1,0.057
234,-1,1562.9,535.0,80.2,150.4,0.056
234,-1,996.6,367.9,24.8,85.1,0.053
234,-1,1054.5,368.6,33.7,106.4,0.050
235,-1,1655.0,327.0,228.6,736.1,0.999
235,-1,0.1,340.4,63.1,190.7,0.999
235,-1,1367.1,334.6,231.5,710.9,0.999
235,-1,454.9,341.6,40.8,127.8,0.997
235,-1,638.3,331.5,69.0,174.6,0.995
235,-1,942.2,352.3,38.8,134.4,0.995
235,-1,1034.3,358.1,52.1,154.6,0.994
235,-1,894.8,352.3,31.2,137.9,0.989
235,-1,1358.5,313.4,96.0,322.5,0.988
235,-1,227.8,334.5,22.2,70.7,0.988
235,-1,249.1,337.6,46.0,113.2,0.986
235,-1,1133.8,356.2,32.1,113.6,0.985
235,-1,528.6,336.0,37.5,85.5,0.978
235,-1,967.8,358.0,31.0,120.5,0.977
235,-1,1028.3,352.2,29.5,119.7,0.968
235,-1,993.4,359.6,21.8,73.6,0.894
235,-1,501.8,350.1,32.0,98.6,0.879
235,-1,754.0,360.8,15.9,43.6,0.805
235,-1,286.0,343.5,22.7,45.9,0.787
235,-1,147.8,333.6,22.4,61.2,0.624
235,-1,692.9,360.9,23.1,38.5,0.573
235,-1,867.7,372.2,26.2,56.0,0.521
235,-1,172.2,330.8,31.4,70.4,0.444
235,-1,506.9,349.1,23.2,38.6,0.386
235,-1,1835.8,388.6,78.4,97.7,0.373
235,-1,991.2,356.7,33.7,99.2,0.351
235,-1,763.8,360.0,11.5,43.8,0.249
235,-1,692.4,355.1,21.1,28.8,0.230
235,-1,143.5,343.1,16.4,54.3,0.225
235,-1,753.3,359.2,15.1,25.0,0.210
235,-1,308.5,363.1,26.4,32.4,0.207
235,-1,865.0,378.2,19.1,47.9,0.202
235,-1,976.4,358.0,39.3,108.2,0.190
235,-1,740.5,369.4,14.6,36.2,0.175
235,-1,675.1,354.1,20.9,41.0,0.170
235,-1,264.7,340.5,24.6,82.7,0.152
235,-1,267.1,336.7,19.6,54.2,0.144
235,-1,706.4,346.7,16.3,31.5,0.116
235,-1,275.1,339.7,32.4,105.4,0.116
235,-1,1062.2,361.8,35.4,80.0,0.111
235,-1,515.5,348.3,19.1,66.7,0.104
235,-1,924.6,359.5,12.1,34.8,0.101
235,-1,579.6,358.7,51.9,57.5,0.089
235,-1,708.6,353.5,15.7,41.0,0.079
235,-1,702.3,349.6,15.6,30.6,0.077
235,-1,724.0,354.4,17.4,42.8,0.063
235,-1,1142.0,364.5,29.7,82.0,0.061
235,-1,880.3,370.4,21.1,58.4,0.050
235,-1,738.1,359.0,14.1,23.7,0.050
236,-1,1658.1,317.0,223.6,739.8,0.999
236,-1,1373.0,327.5,224.4,715.6,0.999
236,-1,0.1,335.0,66.9,192.8,0.999
236,-1,941.9,346.3,40.9,137.3,0.998
236,-1,644.8,327.1,67.6,173.5,0.996
236,-1,893.7,340.9,39.3,145.3,0.996
236,-1,1045.8,352.9,50.4,155.3,0.995
236,-1,1372.6,309.4,89.9,321.1,0.994
236,-1,462.3,339.9,41.1,122.9,0.990
236,-1,1138.5,350.3,31.6,111.5,0.988
236,-1,231.2,330.6,23.3,67.5,0.988
236,-1,253.6,335.5,46.3,110.6,0.987
236,-1,1030.3,346.2,33.4,119.4,0.983
236,-1,526.5,330.0,43.0,87.4,0.973
236,-1,969.0,352.1,36.7,122.5,0.969
236,-1,760.2,356.0,16.3,44.5,0.920
236,-1,288.1,338.6,22.6,45.9,0.826
236,-1,155.0,331.0,18.7,65.2,0.775
236,-1,875.5,367.6,23.1,54.7,0.775
236,-1,1377.4,308.3,85.1,169.0,0.767
236,-1,1845.2,382.3,74.7,111.2,0.645
236,-1,995.1,356.5,18.3,73.9,0.640
236,-1,681.9,351.2,18.1,47.7,0.587
236,-1,145.7,340.6,15.0,52.6,0.576
236,-1,175.1,323.1,32.1,78.5,0.489
236,-1,768.8,352.8,12.5,46.8,0.476
236,-1,746.9,367.6,13.8,33.2,0.446
236,-1,700.2,357.6,16.1,37.7,0.409
236,-1,507.1,334.1,47.4,128.0,0.409
236,-1,714.6,358.3,13.7,35.8,0.392
236,-1,719.9,357.5,13.5,35.7,0.356
236,-1,981.9,353.1,29.5,100.9,0.295
236,-1,729.8,354.3,15.1,37.8,0.261
236,-1,508.7,349.8,29.0,79.1,0.257
236,-1,514.2,345.8,19.8,36.1,0.254
236,-1,758.2,352.3,17.8,24.1,0.222
236,-1,707.9,355.8,16.3,38.8,0.211
236,-1,698.6,356.6,14.9,24.9,0.193
236,-1,585.6,355.2,53.9,55.0,0.177
236,-1,311.2,358.1,24.7,31.4,0.171
236,-1,688.9,356.3,20.0,43.9,0.163
236,-1,743.2,353.8,13.6,43.6,0.132
236,-1,643.1,331.0,52.3,111.6,0.099
236,-1,1156.8,368.6,20.0,69.9,0.093
236,-1,702.6,355.0,15.8,21.3,0.078
236,-1,705.3,343.6,12.1,22.9,0.077
236,-1,753.0,351.8,13.8,23.5,0.074
236,-1,697.9,364.9,14.4,34.5,0.069
236,-1,744.7,353.8,14.4,25.5,0.068
236,-1,709.3,341.0,15.3,37.2,0.067
236,-1,934.4,349.9,12.9,37.0,0.064
236,-1,717.5,348.8,13.2,32.6,0.051
237,-1,1657.6,311.7,226.0,722.8,0.999
237,-1,1377.6,317.8,214.8,724.0,0.999
237,-1,0.3,331.2,68.4,195.0,0.998
237,-1,646.4,325.0,66.6,173.6,0.996
237,-1,946.6,343.4,39.6,136.6,0.995
237,-1,1045.8,351.4,54.5,154.2,0.994
237,-1,897.3,341.1,37.5,142.7,0.992
237,-1,233.4,327.3,23.2,69.1,0.991
237,-1,1373.5,303.7,92.9,341.1,0.990
237,-1,256.0,333.6,39.5,111.5,0.990
237,-1,465.5,337.8,42.9,123.1,0.988
237,-1,1141.1,350.1,31.9,107.5,0.985
237,-1,523.9,325.3,49.4,91.6,0.983
237,-1,971.6,345.9,39.6,125.2,0.977
237,-1,1032.4,343.3,32.4,120.8,0.963
237,-1,1852.8,380.6,66.8,102.6,0.919
237,-1,762.3,350.9,16.1,47.2,0.902
237,-1,289.8,335.5,22.4,47.2,0.849
237,-1,683.3,349.5,18.8,45.5,0.779
237,-1,874.9,363.0,26.8,55.3,0.726
237,-1,507.9,344.0,29.1,111.2,0.723
237,-1,747.9,350.3,15.7,46.8,0.685
237,-1,720.1,350.2,14.7,41.1,0.628
237,-1,702.2,353.8,20.3,40.3,0.527
237,-1,155.4,327.7,20.8,63.7,0.527
237,-1,1151.4,360.0,27.5,77.3,0.460
237,-1,146.7,339.8,17.1,53.3,0.433
237,-1,716.1,354.3,14.3,38.3,0.412
237,-1,177.8,317.9,32.2,79.1,0.287
237,-1,1384.1,303.7,81.8,187.8,0.277
237,-1,515.8,343.3,19.3,35.0,0.233
237,-1,1526.1,495.1,107.2,378.9,0.224
237,-1,733.3,344.3,17.1,46.4,0.199
237,-1,1856.5,384.0,63.5,194.8,0.191
237,-1,717.3,338.8,14.8,38.1,0.177
237,-1,741.6,350.4,13.6,42.8,0.152
237,-1,313.7,355.0,24.9,30.1,0.143
237,-1,728.5,347.6,15.6,42.8,0.140
237,-1,761.6,349.5,14.5,27.5,0.139
237,-1,728.9,337.6,16.0,22.6,0.133
237,-1,932.6,352.7,11.7,34.3,0.127
237,-1,714.1,337.0,15.2,29.7,0.123
237,-1,758.6,350.2,13.8,46.5,0.123
237,-1,697.6,354.5,15.3,41.6,0.118
237,-1,704.5,338.1,13.8,24.0,0.108
237,-1,702.4,344.3,16.6,30.2,0.105
237,-1,708.1,347.6,18.0,35.7,0.101
237,-1,723.1,337.0,15.9,40.4,0.100
237,-1,771.2,351.5,10.8,44.2,0.097
237,-1,747.2,347.4,14.6,24.2,0.094
237,-1,711.1,337.5,13.1,24.8,0.087
237,-1,490.0,338.8,40.9,123.4,0.082
237,-1,1509.0,318.8,313.7,729.9,0.081
237,-1,757.1,348.5,13.7,25.1,0.081
237,-1,691.8,335.1,16.4,24.8,0.068
237,-1,1083.5,368.4,19.2,55.7,0.068
237,-1,1383.7,310.0,160.3,313.0,0.067
237,-1,587.3,349.6,52.5,58.1,0.051
238,-1,1657.5,308.4,217.6,703.2,0.999
238,-1,1375.4,314.4,221.9,716.1,0.999
238,-1,0.5,330.1,68.2,193.4,0.998
238,-1,945.9,339.8,39.8,135.5,0.994
238,-1,646.5,321.1,67.6,174.8,0.994
238,-1,1046.8,348.5,53.0,156.1,0.993
238,-1,255.5,326.9,46.6,114.1,0.993
238,-1,897.5,338.3,40.0,145.0,0.990
238,-1,235.4,323.7,22.3,67.3,0.987
238,-1,975.2,347.5,33.5,119.6,0.986
238,-1,467.1,337.0,51.2,120.6,0.986
238,-1,524.4,321.1,51.4,92.1,0.984
238,-1,1142.1,345.2,39.8,115.6,0.979
238,-1,1033.0,340.4,35.6,122.8,0.965
238,-1,1382.0,300.9,91.6,268.7,0.958
238,-1,1859.3,381.2,59.9,104.2,0.895
238,-1,766.3,347.2,16.4,48.0,0.869
238,-1,1040.0,339.9,27.9,65.9,0.775
238,-1,314.5,351.7,27.3,32.3,0.653
238,-1,290.9,331.7,24.9,47.9,0.638
238,-1,749.6,348.5,16.6,46.5,0.636
238,-1,703.2,351.7,23.5,40.5,0.496
238,-1,720.6,349.1,16.2,39.2,0.480
238,-1,684.8,346.4,19.0,47.2,0.478
238,-1,773.5,346.4,14.3,46.6,0.392
238,-1,178.4,312.6,32.9,80.1,0.365
238,-1,879.6,361.3,25.6,55.3,0.359
238,-1,507.3,343.9,27.6,101.7,0.317
238,-1,703.4,350.4,24.2,22.5,0.286
238,-1,1859.8,385.1,60.2,203.8,0.217
238,-1,932.0,346.4,15.5,38.2,0.183
238,-1,645.0,324.1,42.9,96.2,0.171
238,-1,717.0,334.9,16.9,28.7,0.165
238,-1,1376.5,301.6,114.9,608.3,0.155
238,-1,147.3,339.5,17.8,48.7,0.153
238,-1,728.5,334.0,24.2,24.8,0.129
238,-1,733.9,337.1,18.8,40.9,0.112
238,-1,488.9,344.6,32.4,102.9,0.108
238,-1,1394.8,297.7,77.2,147.1,0.108
238,-1,156.6,324.8,21.5,66.0,0.099
238,-1,512.5,337.3,29.2,84.0,0.089
238,-1,1859.9,359.7,60.1,416.5,0.080
238,-1,519.1,332.7,19.6,39.8,0.079
238,-1,722.2,335.0,19.8,25.0,0.079
238,-1,942.7,345.0,14.6,34.7,0.076
238,-1,714.7,341.9,18.5,33.2,0.076
238,-1,707.8,337.7,19.8,29.1,0.073
238,-1,696.3,329.9,26.1,25.3,0.071
238,-1,1466.8,313.3,329.8,724.4,0.058
238,-1,704.9,333.6,18.8,25.5,0.054
239,-1,1656.6,303.7,224.2,703.9,0.999
239,-1,1377.7,315.1,212.1,694.7,0.999
239,-1,0.2,328.1,69.4,196.9,0.997
239,-1,945.1,337.3,40.4,138.0,0.997
239,-1,900.5,330.7,37.4,151.9,0.996
239,-1,257.8,330.0,39.0,113.3,0.996
239,-1,1143.1,343.7,40.4,117.6,0.993
239,-1,648.3,321.1,68.2,176.8,0.992
239,-1,1047.2,347.8,52.2,153.9,0.991
239,-1,468.3,333.1,54.2,123.2,0.988
239,-1,979.2,346.9,31.8,123.3,0.986
239,-1,526.4,321.9,44.4,89.3,0.986
239,-1,236.6,323.2,23.3,65.0,0.985
239,-1,1033.0,339.4,34.0,117.9,0.971
239,-1,1385.3,301.8,95.0,213.9,0.939
239,-1,767.7,348.8,16.1,45.7,0.890
239,-1,291.3,332.2,25.4,46.6,0.841
239,-1,1866.3,381.3,53.5,100.2,0.797
239,-1,752.3,347.9,15.0,46.5,0.669
239,-1,685.9,348.3,18.6,23.1,0.665
239,-1,687.6,346.6,17.6,47.3,0.612
239,-1,721.7,349.0,14.9,39.6,0.580
239,-1,508.1,339.4,31.0,102.6,0.515
239,-1,876.0,363.0,28.3,53.8,0.452
239,-1,706.2,350.3,20.8,41.7,0.448
239,-1,934.0,345.4,14.9,37.5,0.445
239,-1,508.6,323.6,56.4,125.9,0.312
239,-1,149.2,336.0,17.0,51.4,0.300
239,-1,160.7,325.0,20.3,64.6,0.279
239,-1,1405.6,297.2,74.6,138.5,0.262
239,-1,707.2,349.5,17.4,19.5,0.204
239,-1,644.7,323.9,51.6,124.6,0.202
239,-1,776.6,347.7,12.4,45.3,0.189
239,-1,714.4,353.5,17.4,36.7,0.187
239,-1,181.1,319.2,32.0,73.0,0.174
239,-1,671.6,324.9,19.4,45.2,0.169
239,-1,723.1,343.4,14.5,30.7,0.160
239,-1,1518.6,522.5,66.1,332.8,0.160
239,-1,1385.0,300.3,142.7,302.6,0.153
239,-1,1867.7,343.6,52.2,353.7,0.132
239,-1,942.6,344.9,12.8,34.7,0.126
239,-1,720.5,332.7,15.4,22.5,0.119
239,-1,316.7,353.7,24.0,29.2,0.117
239,-1,698.2,331.8,17.1,21.9,0.112
239,-1,274.1,329.3,42.0,108.0,0.099
239,-1,712.5,345.3,21.0,29.6,0.097
239,-1,515.8,334.8,21.2,40.0,0.092
239,-1,726.8,341.0,15.4,46.9,0.085
239,-1,733.2,328.6,24.6,26.2,0.083
239,-1,709.7,338.1,14.5,20.5,0.082
239,-1,735.5,347.2,16.3,39.3,0.079
239,-1,745.8,348.4,15.0,39.6,0.078
239,-1,1077.5,355.6,28.7,89.1,0.073
239,-1,728.2,330.8,20.8,23.7,0.072
239,-1,748.6,347.1,16.5,30.4,0.053
240,-1,1655.7,296.7,228.3,714.1,0.999
240,-1,1379.8,318.3,216.1,676.1,0.999
240,-1,648.2,317.4,67.7,177.6,0.995
240,-1,902.6,331.1,37.9,151.2,0.995
240,-1,1.1,327.1,71.1,193.8,0.994
240,-1,475.2,331.5,48.8,122.1,0.993
240,-1,1049.6,348.8,51.4,152.1,0.992
240,-1,524.9,318.3,54.1,93.9,0.991
240,-1,237.9,322.5,23.1,67.7,0.991
240,-1,955.6,342.1,32.5,130.7,0.990
240,-1,1148.8,343.4,33.3,111.9,0.989
240,-1,980.3,344.4,30.7,122.7,0.987
240,-1,258.4,325.7,45.4,112.8,0.984
240,-1,1034.1,339.6,35.8,117.2,0.974
240,-1,1406.3,289.8,82.7,144.2,0.964
240,-1,1872.2,385.2,47.8,93.7,0.899
240,-1,509.6,341.4,28.8,96.8,0.878
240,-1,770.6,347.0,15.9,45.9,0.867
240,-1,689.1,345.0,18.5,48.0,0.783
240,-1,292.1,327.6,25.1,51.1,0.771
240,-1,755.0,351.9,13.8,40.8,0.699
240,-1,778.6,346.1,13.9,47.2,0.672
240,-1,1044.8,336.4,26.8,67.1,0.661
240,-1,726.8,350.8,12.7,37.5,0.657
240,-1,880.1,359.9,27.6,56.0,0.533
240,-1,149.8,332.7,18.8,53.9,0.529
240,-1,1379.1,293.0,108.2,291.5,0.525
240,-1,1516.0,518.9,71.6,328.2,0.518
240,-1,160.9,322.1,22.4,65.1,0.489
240,-1,710.8,353.1,17.0,37.9,0.394
240,-1,672.1,326.3,19.4,41.4,0.368
240,-1,936.5,343.8,12.5,40.3,0.360
240,-1,707.1,350.9,14.2,41.1,0.314
240,-1,760.7,352.3,13.1,40.3,0.304
240,-1,943.4,341.2,12.4,38.3,0.292
240,-1,716.8,359.0,13.4,30.9,0.289
240,-1,722.5,355.0,11.0,33.9,0.243
240,-1,1439.0,291.3,48.8,70.4,0.217
240,-1,1863.6,378.5,56.4,354.6,0.207
240,-1,765.9,350.9,14.4,41.2,0.203
240,-1,689.9,344.8,16.8,25.6,0.196
240,-1,516.9,328.1,21.5,43.3,0.190
240,-1,183.4,318.1,30.9,74.9,0.189
240,-1,1871.0,388.0,49.0,179.3,0.174
240,-1,947.6,342.1,12.7,36.8,0.160
240,-1,720.6,333.4,13.2,23.3,0.159
240,-1,316.8,350.3,26.1,31.4,0.149
240,-1,715.0,335.4,11.8,21.8,0.146
240,-1,708.9,351.0,15.3,27.0,0.138
240,-1,1393.4,307.4,149.8,155.2,0.136
240,-1,730.3,348.8,15.1,39.6,0.131
240,-1,647.0,321.2,46.5,126.4,0.114
240,-1,955.2,338.7,20.6,41.0,0.110
240,-1,724.2,338.7,12.1,32.7,0.087
240,-1,516.9,329.8,33.9,88.2,0.082
240,-1,1377.6,300.6,144.6,508.0,0.070
240,-1,1460.6,313.6,82.7,102.2,0.064
240,-1,1477.6,326.9,118.3,512.6,0.063
240,-1,744.1,350.3,13.6,36.5,0.053
240,-1,1091.3,366.0,17.3,56.8,0.052
241,-1,1623.8,288.0,271.6,732.7,0.999
241,-1,1384.2,308.8,217.7,680.8,0.999
241,-1,0.6,325.3,71.8,192.2,0.997
241,-1,956.3,336.4,40.4,136.5,0.994
241,-1,906.2,327.3,39.7,155.5,0.993
241,-1,985.4,341.0,31.1,122.0,0.992
241,-1,262.4,324.7,46.4,113.2,0.990
241,-1,529.4,317.0,51.4,92.9,0.989
241,-1,479.8,329.4,41.3,124.0,0.989
241,-1,652.3,316.5,74.1,179.3,0.989
241,-1,1056.7,350.4,52.7,149.6,0.989
241,-1,1152.6,340.1,35.4,113.4,0.986
241,-1,241.8,321.1,24.3,61.2,0.985
241,-1,1036.6,337.3,37.0,119.8,0.977
241,-1,1419.2,282.4,83.5,137.8,0.928
241,-1,776.8,345.3,16.0,47.4,0.913
241,-1,1884.7,382.9,35.3,92.4,0.830
241,-1,510.8,336.3,29.3,110.0,0.823
241,-1,784.9,345.7,13.7,46.6,0.800
241,-1,297.9,329.9,23.0,45.6,0.783
241,-1,759.1,347.0,15.2,44.3,0.752
241,-1,165.7,322.2,20.0,65.8,0.736
241,-1,1456.2,285.0,45.8,54.2,0.735
241,-1,943.9,345.2,12.3,37.4,0.682
241,-1,732.6,347.6,14.1,38.1,0.647
241,-1,693.8,342.2,19.6,50.2,0.537
241,-1,715.3,348.7,18.9,40.2,0.534
241,-1,1048.0,335.0,29.1,65.0,0.526
241,-1,886.5,356.6,25.9,57.7,0.408
241,-1,676.6,323.3,19.8,38.4,0.373
241,-1,1452.0,288.5,88.4,116.7,0.325
241,-1,1163.5,356.5,27.3,74.7,0.319
241,-1,152.3,331.7,20.7,53.0,0.288
241,-1,765.5,345.5,13.6,45.5,0.259
241,-1,724.7,350.7,14.3,36.4,0.258
241,-1,189.1,317.0,31.1,71.1,0.237
241,-1,949.7,337.8,11.6,39.8,0.233
241,-1,1479.7,311.7,119.2,518.6,0.220
241,-1,1464.7,285.6,67.9,70.9,0.210
241,-1,320.4,349.0,26.2,29.8,0.177
241,-1,1389.7,288.9,120.3,244.3,0.177
241,-1,1517.9,486.3,81.7,344.9,0.145
241,-1,1432.6,285.3,71.7,78.9,0.144
241,-1,518.0,327.4,31.4,83.3,0.133
241,-1,520.7,326.9,19.5,39.5,0.121
241,-1,959.4,333.7,33.6,72.3,0.115
241,-1,1387.6,309.3,133.8,386.7,0.098
241,-1,167.9,314.3,45.8,80.3,0.096
241,-1,1399.8,304.0,175.1,161.9,0.090
241,-1,714.9,343.8,17.3,25.3,0.085
241,-1,752.2,348.2,13.8,37.1,0.085
241,-1,958.5,338.0,19.4,40.7,0.083
241,-1,738.6,346.2,14.0,37.4,0.081
241,-1,1440.2,306.4,150.3,279.3,0.081
241,-1,720.3,335.6,13.1,22.2,0.075
241,-1,651.7,318.9,50.4,109.0,0.075
241,-1,747.4,347.8,14.4,34.6,0.074
241,-1,738.7,331.1,15.1,23.9,0.071
241,-1,888.3,338.5,46.5,138.5,0.069
241,-1,990.6,342.6,18.3,34.6,0.066
241,-1,1871.6,349.6,48.4,465.7,0.063
241,-1,1098.9,367.5,16.6,54.4,0.062
241,-1,726.0,332.8,15.1,23.8,0.060
241,-1,721.4,338.8,15.3,29.7,0.052
241,-1,676.2,319.8,23.4,72.0,0.050
242,-1,1382.8,305.4,218.4,689.0,0.999
242,-1,1607.6,286.0,290.9,739.8,0.999
242,-1,957.5,335.7,38.4,137.9,0.998
242,-1,0.6,324.6,70.8,191.1,0.997
242,-1,656.6,315.4,69.4,179.9,0.996
242,-1,530.8,316.7,51.3,93.2,0.994
242,-1,909.2,326.7,41.6,155.5,0.993
242,-1,986.5,340.8,33.0,125.2,0.992
242,-1,1060.1,350.7,53.1,150.3,0.991
242,-1,1152.9,338.9,40.9,116.6,0.991
242,-1,482.9,330.2,41.5,122.3,0.988
242,-1,258.5,323.9,50.2,113.2,0.987
242,-1,243.5,320.4,24.6,61.5,0.986
242,-1,1041.5,337.0,38.8,122.9,0.941
242,-1,779.7,343.1,16.7,49.3,0.898
242,-1,1430.2,281.7,88.4,135.4,0.892
242,-1,511.4,335.4,31.2,112.6,0.872
242,-1,1051.1,334.8,29.8,62.2,0.809
242,-1,762.6,344.2,16.2,47.1,0.797
242,-1,168.2,320.9,20.4,67.0,0.762
242,-1,1464.8,282.0,47.3,54.2,0.724
242,-1,1474.0,283.8,36.4,31.7,0.682
242,-1,889.3,357.6,27.7,57.0,0.681
242,-1,301.3,331.2,22.0,45.1,0.659
242,-1,718.3,350.0,19.3,39.2,0.635
242,-1,1890.3,390.6,29.7,86.2,0.585
242,-1,735.8,348.9,14.3,36.8,0.463
242,-1,1455.6,283.2,87.8,113.6,0.427
242,-1,947.3,342.3,13.1,39.8,0.410
242,-1,321.6,347.9,26.1,32.4,0.294
242,-1,728.5,353.2,14.0,33.7,0.261
242,-1,1449.6,282.5,60.5,97.6,0.245
242,-1,153.7,325.9,22.4,57.1,0.238
242,-1,697.3,344.7,19.0,45.7,0.234
242,-1,682.4,325.6,19.7,27.3,0.192
242,-1,768.9,344.4,13.5,45.4,0.158
242,-1,279.9,325.0,42.4,91.9,0.157
242,-1,717.9,342.6,17.6,30.0,0.152
242,-1,190.9,314.2,30.5,76.1,0.126
242,-1,521.4,332.1,20.4,36.6,0.110
242,-1,745.6,343.4,16.9,40.3,0.102
242,-1,1440.4,304.7,162.1,285.7,0.099
242,-1,1100.8,357.5,17.8,65.5,0.097
242,-1,954.0,338.2,14.6,40.4,0.096
242,-1,752.0,346.3,15.5,40.4,0.092
242,-1,708.9,329.6,18.5,23.5,0.088
242,-1,720.5,335.2,15.4,23.0,0.069
242,-1,740.7,348.2,15.3,38.2,0.066
242,-1,731.8,338.7,16.7,33.2,0.064
242,-1,1425.6,265.0,47.3,150.3,0.057
242,-1,1513.4,421.8,89.4,399.6,0.056
242,-1,739.5,331.2,20.5,25.2,0.055
242,-1,1151.5,342.5,22.3,92.8,0.054
242,-1,525.1,325.3,19.9,32.4,0.054
243,-1,1593.7,291.6,311.3,745.4,0.999
243,-1,1375.1,307.7,235.6,704.6,0.999
243,-1,1.0,322.5,72.5,192.8,0.998
243,-1,959.9,335.4,40.3,137.6,0.997
243,-1,657.0,312.3,68.8,180.3,0.996
243,-1,911.0,325.9,43.6,155.8,0.992
243,-1,1069.4,346.6,46.6,153.5,0.991
243,-1,534.8,316.5,52.1,91.9,0.990
243,-1,991.1,336.4,33.6,129.4,0.990
243,-1,1160.6,340.1,35.1,113.7,0.984
243,-1,262.8,326.3,54.9,111.4,0.982
243,-1,244.2,320.6,27.1,58.0,0.980
243,-1,485.4,330.8,40.8,123.3,0.980
243,-1,1043.6,337.0,41.9,122.4,0.953
243,-1,512.0,334.7,32.2,116.2,0.948
243,-1,783.8,344.5,14.9,46.7,0.905
243,-1,303.4,329.5,21.3,45.4,0.783
243,-1,764.5,343.6,17.5,47.4,0.746
243,-1,1479.9,284.0,78.1,136.5,0.723
243,-1,720.5,346.9,21.1,41.3,0.720
243,-1,1477.0,281.4,68.1,61.6,0.609
243,-1,1057.5,336.7,26.8,64.4,0.561
243,-1,1474.6,282.5,49.2,41.4,0.530
243,-1,790.6,343.1,14.6,45.4,0.528
243,-1,738.8,345.5,15.2,39.6,0.461
243,-1,700.3,343.6,20.1,43.8,0.445
243,-1,684.5,324.3,21.2,35.9,0.413
243,-1,891.3,357.8,26.2,54.7,0.374
243,-1,155.8,328.3,20.5,55.7,0.367
243,-1,325.4,348.2,25.7,29.7,0.233
243,-1,954.5,336.5,15.7,41.2,0.220
243,-1,731.7,348.1,15.4,37.8,0.207
243,-1,748.3,341.1,19.5,42.0,0.205
243,-1,1506.3,329.0,103.1,504.5,0.189
243,-1,171.0,322.8,19.2,61.6,0.152
243,-1,948.6,341.6,14.7,41.0,0.138
243,-1,993.0,343.3,26.6,78.5,0.132
243,-1,523.7,328.2,40.1,84.3,0.120
243,-1,192.5,315.4,31.6,74.4,0.103
243,-1,745.4,329.6,18.9,26.2,0.096
243,-1,602.9,341.1,53.9,59.0,0.096
243,-1,772.7,343.3,15.1,43.0,0.091
243,-1,1000.4,341.4,21.2,56.8,0.088
243,-1,756.7,346.5,15.6,40.0,0.082
243,-1,1528.2,497.0,90.0,339.7,0.078
243,-1,1100.8,357.2,22.1,67.4,0.073
243,-1,1441.2,278.6,91.6,135.7,0.072
243,-1,1445.2,287.9,143.1,147.1,0.064
243,-1,959.8,338.3,16.0,44.0,0.061
243,-1,751.8,335.0,17.7,34.7,0.057
243,-1,506.6,317.1,79.9,148.8,0.057
243,-1,661.8,316.7,43.3,137.3,0.054
243,-1,859.9,342.9,13.8,25.7,0.053
243,-1,732.7,330.5,17.1,32.7,0.051
244,-1,1587.5,293.4,316.1,752.5,0.999
244,-1,1365.8,303.2,250.0,706.1,0.999
244,-1,1.0,319.2,75.1,196.0,0.998
244,-1,659.1,318.2,67.5,174.2,0.994
244,-1,1069.5,341.2,49.6,155.6,0.988
244,-1,911.9,326.7,41.3,152.2,0.987
244,-1,962.7,336.3,44.6,128.7,0.982
244,-1,1162.3,339.1,33.5,105.8,0.969
244,-1,268.5,322.2,56.4,110.5,0.966
244,-1,1045.2,333.0,40.7,114.2,0.964
244,-1,985.1,344.1,39.5,120.0,0.961
244,-1,536.4,315.9,41.2,86.0,0.939
244,-1,1469.1,280.1,81.1,135.6,0.933
244,-1,243.1,315.2,31.4,58.4,0.901
244,-1,488.6,324.6,50.3,132.6,0.885
244,-1,1473.3,279.6,72.6,67.4,0.746
244,-1,768.3,342.9,38.5,45.7,0.654
244,-1,1058.4,334.7,28.5,72.2,0.475
244,-1,173.5,315.7,21.5,64.2,0.444
244,-1,891.4,356.2,23.7,54.8,0.336
244,-1,877.7,350.5,31.5,59.3,0.321
244,-1,510.7,335.5,31.7,76.1,0.304
244,-1,178.5,295.2,28.6,91.9,0.300
244,-1,948.8,338.0,29.2,86.7,0.294
244,-1,863.2,329.4,49.4,88.3,0.236
244,-1,785.1,346.8,18.6,40.0,0.233
244,-1,509.2,318.7,57.1,129.9,0.220
244,-1,1510.8,341.0,103.5,517.6,0.220
244,-1,1106.1,359.6,20.9,69.6,0.209
244,-1,286.0,319.5,44.4,56.6,0.205
244,-1,462.5,317.4,101.9,158.7,0.145
244,-1,1094.6,345.7,31.1,91.5,0.133
244,-1,956.3,339.7,21.1,41.6,0.131
244,-1,767.4,350.4,19.6,36.9,0.126
244,-1,721.4,340.5,22.0,27.9,0.108
244,-1,876.4,337.6,49.4,130.0,0.098
244,-1,158.0,322.9,20.7,59.7,0.073
244,-1,950.1,339.2,19.3,39.6,0.067
244,-1,1527.4,343.0,39.1,78.3,0.065
244,-1,195.8,319.4,32.0,66.6,0.063
244,-1,998.4,345.1,24.3,55.8,0.058
244,-1,963.8,335.2,22.1,52.5,0.055
245,-1,1589.6,295.8,311.2,754.1,0.999
245,-1,1353.6,300.0,264.7,703.5,0.999
245,-1,0.8,323.2,81.0,189.6,0.996
245,-1,661.1,309.9,68.7,184.9,0.994
245,-1,966.9,338.5,40.9,131.4,0.991
245,-1,1069.2,344.0,55.3,154.8,0.985
245,-1,915.1,334.4,39.2,144.8,0.973
245,-1,495.7,326.4,42.6,126.3,0.964
245,-1,266.8,327.3,51.2,109.5,0.956
245,-1,535.6,319.4,53.2,86.4,0.953
245,-1,992.9,340.1,33.4,125.2,0.952
245,-1,1162.4,339.8,33.5,94.0,0.947
245,-1,245.1,316.9,30.5,57.6,0.938
245,-1,1050.7,336.2,37.3,121.5,0.921
245,-1,1486.4,282.5,92.1,139.5,0.887
245,-1,514.7,331.7,30.5,112.9,0.882
245,-1,1492.5,282.8,48.7,37.4,0.687
245,-1,787.3,344.4,16.4,45.3,0.619
245,-1,1175.3,357.2,27.5,75.9,0.613
245,-1,511.2,318.4,73.4,133.6,0.600
245,-1,311.5,326.3,46.0,53.6,0.511
245,-1,1063.7,336.7,28.1,57.6,0.445
245,-1,1094.0,350.1,34.7,96.8,0.427
245,-1,161.3,321.1,29.6,62.2,0.407
245,-1,175.6,317.7,17.5,45.8,0.403
245,-1,288.9,324.5,44.4,53.9,0.368
245,-1,198.7,309.9,29.8,69.0,0.368
245,-1,1482.0,282.0,70.7,66.9,0.362
245,-1,894.6,357.3,25.1,56.1,0.288
245,-1,767.2,344.5,22.7,47.1,0.275
245,-1,947.8,345.1,27.4,84.7,0.264
245,-1,286.1,322.1,67.9,82.8,0.261
245,-1,608.3,342.2,53.8,58.1,0.205
245,-1,722.9,346.3,26.0,39.9,0.205
245,-1,178.2,302.2,49.5,79.9,0.186
245,-1,795.0,341.3,15.3,39.6,0.175
245,-1,1539.7,506.5,89.5,320.4,0.171
245,-1,200.2,314.0,26.6,38.5,0.158
245,-1,1001.5,341.7,23.9,66.2,0.148
245,-1,745.0,339.6,25.7,45.1,0.146
245,-1,1498.3,308.1,119.9,487.5,0.136
245,-1,1106.7,356.4,23.2,63.7,0.131
245,-1,1083.3,349.0,35.3,114.1,0.108
245,-1,759.3,342.8,21.1,44.9,0.092
245,-1,751.0,329.3,20.7,33.4,0.091
245,-1,949.8,348.1,23.3,46.3,0.083
245,-1,240.4,316.8,36.0,98.8,0.073
245,-1,910.6,363.8,32.3,109.4,0.073
245,-1,755.8,334.2,22.2,36.6,0.072
245,-1,762.6,338.4,24.5,30.1,0.071
245,-1,1482.7,287.8,118.4,230.8,0.059
245,-1,1465.8,279.2,85.7,116.8,0.056
245,-1,883.9,353.0,29.9,62.0,0.055
245,-1,879.8,345.4,62.8,125.8,0.053
245,-1,0.1,356.8,15.8,139.3,0.052
245,-1,870.2,347.5,52.8,93.5,0.052
246,-1,1350.9,306.5,269.3,716.1,0.999
246,-1,1608.3,297.9,300.0,769.6,0.999
246,-1,7.0,315.8,75.8,194.8,0.998
246,-1,667.7,307.7,66.2,183.3,0.996
246,-1,1077.9,343.4,53.3,153.5,0.995
246,-1,921.3,325.8,42.7,154.3,0.995
246,-1,977.6,333.5,41.7,137.6,0.993
246,-1,272.0,323.6,55.6,109.4,0.991
246,-1,1524.9,284.1,77.4,180.3,0.986
246,-1,1062.1,334.6,33.3,117.1,0.981
246,-1,255.4,314.5,25.3,58.7,0.975
246,-1,1170.5,340.0,37.0,103.1,0.969
246,-1,995.7,336.8,38.9,125.4,0.969
246,-1,539.1,312.7,49.7,91.9,0.967
246,-1,504.5,329.9,43.4,117.3,0.964
246,-1,182.5,316.3,19.4,62.5,0.811
246,-1,796.8,342.8,19.0,46.9,0.757
246,-1,776.6,346.8,15.4,42.1,0.733
246,-1,961.5,339.5,22.5,95.7,0.676
246,-1,309.9,324.5,22.9,44.5,0.614
246,-1,901.8,358.1,26.0,52.4,0.607
246,-1,506.5,313.7,74.8,132.0,0.587
246,-1,161.3,320.6,24.7,57.5,0.572
246,-1,506.2,329.8,32.5,66.7,0.561
246,-1,331.3,342.0,27.6,33.2,0.554
246,-1,964.0,339.1,18.6,46.7,0.532
246,-1,711.4,340.4,19.6,43.7,0.401
246,-1,1516.2,293.1,108.1,570.8,0.363
246,-1,202.8,304.8,31.2,79.9,0.358
246,-1,733.4,348.0,17.1,38.6,0.336
246,-1,751.4,345.9,13.3,36.9,0.315
246,-1,785.9,342.1,14.5,44.8,0.301
246,-1,958.4,339.9,14.7,40.5,0.251
246,-1,729.1,344.8,15.0,41.7,0.227
246,-1,975.6,332.6,24.8,65.0,0.218
246,-1,742.5,347.3,12.3,36.3,0.202
246,-1,1163.0,342.0,25.2,85.8,0.155
246,-1,720.9,323.2,16.9,24.5,0.153
246,-1,174.8,318.0,20.2,60.2,0.152
246,-1,958.8,388.5,25.0,56.1,0.151
246,-1,741.0,327.6,14.0,21.7,0.136
246,-1,518.3,332.0,27.7,63.6,0.114
246,-1,1121.7,365.4,15.1,60.8,0.111
246,-1,760.2,348.9,16.1,34.0,0.097
246,-1,204.5,301.9,28.6,47.3,0.088
246,-1,1005.5,340.8,26.4,69.3,0.077
246,-1,729.9,344.7,17.2,23.4,0.064
246,-1,775.7,342.8,16.5,23.8,0.063
246,-1,1530.3,288.0,80.7,314.4,0.060
246,-1,611.4,339.5,53.7,59.5,0.060
246,-1,769.7,346.0,14.7,36.6,0.058
246,-1,1015.5,347.3,18.4,48.2,0.058
246,-1,736.1,326.9,14.6,23.6,0.052
246,-1,1113.4,353.3,23.0,89.2,0.051
247,-1,1346.7,306.8,270.7,724.5,1.000
247,-1,1611.9,305.7,292.4,748.4,0.999
247,-1,5.7,316.2,76.7,194.1,0.998
247,-1,667.8,308.1,65.0,183.6,0.998
247,-1,1077.9,342.9,53.5,153.8,0.996
247,-1,920.5,326.1,42.8,154.2,0.996
247,-1,976.6,334.0,42.5,136.2,0.994
247,-1,272.2,321.1,50.6,112.5,0.990
247,-1,1171.2,338.3,35.3,118.0,0.987
247,-1,1059.8,335.4,36.3,121.3,0.987
247,-1,255.1,314.1,24.8,58.2,0.987
247,-1,1530.8,289.4,85.2,229.4,0.985
247,-1,999.1,338.8,32.1,123.5,0.974
247,-1,511.0,330.4,34.2,119.1,0.973
247,-1,538.4,314.9,43.0,89.9,0.970
247,-1,181.1,315.0,20.1,63.3,0.896
247,-1,794.6,340.5,15.7,49.0,0.877
247,-1,309.5,325.5,20.8,42.0,0.865
247,-1,329.4,343.3,30.4,32.3,0.743
247,-1,747.2,346.0,16.3,37.1,0.742
247,-1,902.3,356.9,25.1,53.7,0.724
247,-1,710.2,341.9,19.2,45.0,0.719
247,-1,775.7,347.9,15.1,40.9,0.695
247,-1,1531.0,308.9,86.3,421.6,0.683
247,-1,159.3,320.0,18.9,55.2,0.624
247,-1,963.9,340.8,18.8,85.1,0.533
247,-1,729.6,345.0,18.1,41.3,0.502
247,-1,803.5,343.3,13.5,41.4,0.468
247,-1,203.3,307.5,30.0,74.0,0.388
247,-1,742.9,346.5,13.1,37.1,0.318
247,-1,725.5,344.2,15.0,41.8,0.312
247,-1,738.0,348.7,14.3,36.2,0.311
247,-1,515.8,331.1,26.9,64.6,0.307
247,-1,761.3,339.7,18.7,40.7,0.278
247,-1,785.2,342.4,14.8,44.7,0.254
247,-1,968.9,335.0,25.9,108.1,0.246
247,-1,523.9,326.4,18.7,37.2,0.233
247,-1,204.8,308.8,27.0,38.1,0.201
247,-1,772.7,341.4,17.6,33.0,0.183
247,-1,954.5,338.3,30.2,114.5,0.145
247,-1,722.6,324.4,20.2,25.0,0.135
247,-1,742.7,327.9,17.7,22.5,0.121
247,-1,757.0,327.1,22.4,22.2,0.120
247,-1,1449.8,308.0,172.4,576.6,0.108
247,-1,1019.9,350.9,13.8,39.6,0.103
247,-1,178.5,312.4,41.5,74.7,0.095
247,-1,1181.8,357.3,28.3,77.9,0.072
247,-1,520.5,318.7,48.6,94.3,0.071
247,-1,1121.2,362.9,15.3,60.6,0.065
247,-1,1005.2,344.8,25.5,62.0,0.063
247,-1,962.8,338.7,17.1,40.6,0.056
247,-1,611.3,340.3,51.2,57.5,0.055
247,-1,754.0,334.5,17.5,46.6,0.053
248,-1,1616.6,310.5,289.1,749.9,0.999
248,-1,1351.5,315.8,266.6,710.8,0.999
248,-1,7.6,315.1,74.3,194.6,0.998
248,-1,668.8,307.2,62.3,184.6,0.997
248,-1,1079.5,343.4,54.7,154.6,0.996
248,-1,976.0,331.6,32.8,144.0,0.995
248,-1,921.1,325.9,44.8,153.7,0.993
248,-1,1061.3,335.1,36.7,122.9,0.992
248,-1,255.5,313.6,24.4,54.1,0.990
248,-1,268.0,319.8,53.9,111.7,0.989
248,-1,1172.1,337.8,39.4,116.9,0.985
248,-1,514.2,329.9,29.7,121.4,0.982
248,-1,1531.4,289.5,94.6,258.3,0.980
248,-1,535.7,312.0,52.1,91.8,0.978
248,-1,988.9,335.5,37.3,134.0,0.970
248,-1,309.1,322.3,21.0,44.9,0.890
248,-1,957.2,337.1,24.4,89.1,0.863
248,-1,803.6,341.4,14.9,46.6,0.854
248,-1,328.9,340.1,29.5,33.5,0.826
248,-1,795.7,340.7,17.8,48.2,0.800
248,-1,1528.8,287.5,104.6,568.5,0.748
248,-1,777.1,353.7,15.5,34.6,0.736
248,-1,159.2,318.8,19.6,55.0,0.623
248,-1,749.9,343.2,14.0,39.0,0.587
248,-1,712.0,340.0,18.8,46.3,0.587
248,-1,181.1,314.3,18.9,46.3,0.569
248,-1,901.5,358.4,26.2,52.2,0.548
248,-1,202.8,307.7,30.9,74.4,0.477
248,-1,734.8,349.6,16.6,36.4,0.395
248,-1,723.1,348.5,16.9,37.6,0.366
248,-1,785.5,341.4,16.4,45.3,0.324
248,-1,975.4,329.7,26.3,73.1,0.301
248,-1,744.8,344.2,14.0,38.7,0.293
248,-1,1026.4,351.8,11.1,37.3,0.273
248,-1,968.4,332.3,28.1,118.8,0.219
248,-1,772.3,340.8,17.6,43.7,0.171
248,-1,204.4,309.5,27.5,36.6,0.144
248,-1,1117.3,352.6,21.0,81.4,0.139
248,-1,757.7,341.9,20.2,39.6,0.138
248,-1,962.2,336.7,18.4,43.3,0.134
248,-1,523.2,316.9,46.1,103.8,0.133
248,-1,1004.8,331.5,17.4,28.7,0.128
248,-1,730.0,342.2,18.3,24.4,0.118
248,-1,744.7,328.7,15.6,22.2,0.105
248,-1,1003.9,340.2,29.0,114.6,0.094
248,-1,766.8,343.5,16.4,37.8,0.094
248,-1,297.2,319.2,30.5,57.3,0.076
248,-1,746.6,335.4,14.4,36.0,0.060
248,-1,738.9,330.4,12.7,19.9,0.059
248,-1,1019.9,349.4,15.9,45.7,0.054
249,-1,1348.9,321.7,270.6,705.4,0.999
249,-1,1622.1,304.6,282.0,763.8,0.999
249,-1,9.1,316.2,74.4,191.0,0.999
249,-1,669.6,304.1,62.7,185.5,0.998
249,-1,1082.7,343.5,53.0,153.4,0.995
249,-1,976.7,330.5,42.8,140.8,0.994
249,-1,922.7,326.9,42.2,148.8,0.993
249,-1,1064.0,334.2,36.0,121.7,0.992
249,-1,254.0,310.2,27.2,56.3,0.989
249,-1,1175.5,338.9,37.0,114.1,0.988
249,-1,1534.1,288.6,104.0,258.1,0.987
249,-1,270.6,316.5,49.8,111.7,0.984
249,-1,533.8,310.2,54.8,91.3,0.976
249,-1,1001.0,337.8,32.5,124.3,0.954
249,-1,512.8,328.7,26.9,104.3,0.934
249,-1,308.5,320.2,20.2,40.4,0.889
249,-1,799.0,338.0,18.7,50.2,0.846
249,-1,778.2,352.5,16.0,34.4,0.815
249,-1,330.9,336.3,26.6,35.3,0.794
249,-1,959.6,335.4,26.3,97.1,0.729
249,-1,751.3,342.8,14.5,37.4,0.728
249,-1,713.5,336.3,19.4,47.1,0.662
249,-1,1532.1,282.8,106.4,544.1,0.548
249,-1,735.4,345.9,15.5,38.4,0.540
249,-1,903.6,354.9,25.9,54.0,0.527
249,-1,202.9,303.0,31.8,79.0,0.495
249,-1,158.7,314.4,21.6,58.2,0.490
249,-1,181.9,311.0,18.6,59.9,0.444
249,-1,806.9,341.1,13.7,40.3,0.424
249,-1,518.7,325.9,22.0,42.5,0.422
249,-1,774.9,338.4,16.4,45.9,0.420
249,-1,728.1,341.1,18.2,41.5,0.327
249,-1,722.8,345.7,15.7,38.4,0.322
249,-1,1026.1,348.8,12.7,38.3,0.297
249,-1,788.3,339.7,14.3,39.9,0.292
249,-1,743.5,348.0,12.1,34.5,0.287
249,-1,522.1,317.0,46.2,87.3,0.208
249,-1,765.7,343.0,14.3,36.3,0.150
249,-1,961.1,333.8,21.0,59.2,0.147
249,-1,783.6,346.4,15.2,39.1,0.146
249,-1,791.9,341.8,17.5,44.0,0.131
249,-1,613.6,336.8,52.9,59.4,0.131
249,-1,755.5,343.0,17.2,37.0,0.116
249,-1,1007.4,334.0,16.7,34.9,0.112
249,-1,1125.3,358.5,15.5,64.6,0.111
249,-1,734.0,339.9,15.4,25.5,0.099
249,-1,771.7,342.0,13.9,37.9,0.097
249,-1,288.2,316.1,26.5,81.6,0.079
249,-1,963.3,334.3,18.6,29.9,0.066
249,-1,1006.1,339.0,21.6,63.5,0.065
249,-1,203.4,299.0,30.5,46.5,0.062
249,-1,168.6,322.8,21.0,50.1,0.059
249,-1,747.0,326.1,13.5,29.7,0.056
249,-1,747.4,338.4,15.2,34.4,0.051
250,-1,1352.6,311.8,261.2,721.2,0.999
250,-1,1628.5,298.3,280.8,765.2,0.999
250,-1,12.2,312.2,73.5,193.6,0.998
250,-1,672.4,303.9,59.4,181.8,0.998
250,-1,925.7,324.5,44.7,149.0,0.995
250,-1,978.0,329.7,43.3,139.5,0.995
250,-1,1088.1,342.5,53.0,152.2,0.994
250,-1,1175.4,335.2,40.5,115.5,0.994
250,-1,1066.4,330.0,37.0,124.9,0.989
250,-1,273.2,313.5,53.5,112.3,0.987
250,-1,258.3,308.0,26.1,53.5,0.984
250,-1,1002.1,333.8,33.1,126.6,0.978
250,-1,1527.8,294.1,126.2,384.9,0.977
250,-1,535.7,306.5,55.8,92.8,0.967
250,-1,512.8,326.1,33.5,112.9,0.951
250,-1,716.6,332.6,18.1,48.6,0.862
250,-1,798.9,336.5,17.3,50.3,0.855
250,-1,780.7,345.6,15.7,39.2,0.855
250,-1,310.7,316.8,21.0,45.6,0.784
250,-1,962.4,334.2,25.3,87.3,0.772
250,-1,907.8,351.9,24.3,54.1,0.684
250,-1,1028.0,347.8,12.8,36.9,0.675
250,-1,754.9,339.9,12.4,37.7,0.672
250,-1,334.5,335.4,27.4,34.6,0.662
250,-1,735.4,339.3,17.2,35.7,0.609
250,-1,160.7,311.7,21.5,57.9,0.589
250,-1,808.7,336.2,13.8,44.6,0.456
250,-1,742.3,345.0,14.8,35.6,0.373
250,-1,207.4,303.2,29.7,72.6,0.349
250,-1,724.9,335.3,20.3,47.3,0.292
250,-1,185.2,308.5,18.8,66.3,0.283
250,-1,790.2,336.4,12.3,44.6,0.277
250,-1,953.3,332.8,24.9,99.8,0.276
250,-1,747.9,339.3,14.9,37.9,0.249
250,-1,778.5,335.5,12.9,33.7,0.246
250,-1,36.1,311.4,54.9,117.9,0.235
250,-1,767.1,333.7,16.2,41.9,0.190
250,-1,750.1,322.4,14.1,23.7,0.167
250,-1,737.6,330.9,18.6,34.4,0.117
250,-1,614.5,334.2,61.6,59.7,0.113
250,-1,762.5,323.5,16.1,22.4,0.084
250,-1,744.0,325.5,12.5,21.1,0.081
250,-1,750.8,326.9,16.3,42.8,0.078
250,-1,1124.0,351.2,20.4,68.2,0.062
250,-1,756.5,323.0,15.2,23.8,0.059
250,-1,774.7,336.5,14.1,42.2,0.055
251,-1,1360.7,310.7,251.2,714.5,0.999
251,-1,20.1,310.8,72.7,193.0,0.999
251,-1,1645.9,292.1,260.7,736.0,0.999
251,-1,676.3,301.9,57.8,186.3,0.998
251,-1,980.7,327.1,44.1,138.4,0.996
251,-1,1093.4,339.8,50.4,150.1,0.995
251,-1,1070.0,327.5,40.0,126.4,0.994
251,-1,1536.8,279.2,138.9,455.1,0.991
251,-1,537.2,300.4,54.2,96.5,0.989
251,-1,274.8,310.7,54.2,114.7,0.987
251,-1,928.2,322.0,40.7,149.7,0.987
251,-1,1182.6,332.5,39.8,115.1,0.983
251,-1,261.3,306.2,25.1,53.8,0.979
251,-1,510.5,320.9,38.8,121.0,0.957
251,-1,1008.3,337.3,27.3,118.1,0.953
251,-1,801.6,333.3,17.2,52.9,0.804
251,-1,738.0,336.3,20.5,41.5,0.711
251,-1,756.6,336.4,15.2,38.3,0.653
251,-1,162.1,313.1,63.8,73.0,0.611
251,-1,311.4,315.8,22.8,44.3,0.607
251,-1,959.0,334.2,23.5,86.3,0.573
251,-1,783.9,333.3,16.0,47.4,0.528
251,-1,1035.2,343.5,11.3,36.6,0.522
251,-1,208.9,298.5,29.9,77.0,0.509
251,-1,909.1,346.8,25.9,57.2,0.468
251,-1,160.7,308.8,30.9,62.1,0.457
251,-1,963.7,329.0,33.4,128.2,0.439
251,-1,37.0,309.6,57.5,121.8,0.364
251,-1,718.9,330.2,19.2,43.8,0.343
251,-1,974.9,329.3,17.9,49.1,0.340
251,-1,810.4,328.1,14.4,50.0,0.334
251,-1,950.1,326.0,29.2,115.4,0.309
251,-1,618.8,325.5,59.0,66.4,0.306
251,-1,188.1,307.0,18.7,65.0,0.296
251,-1,518.5,320.1,28.9,60.8,0.271
251,-1,971.3,330.4,22.9,78.1,0.203
251,-1,767.7,319.3,19.6,49.3,0.200
251,-1,979.2,327.4,23.7,57.0,0.150
251,-1,172.5,311.9,32.6,60.7,0.117
251,-1,791.1,331.3,16.7,49.3,0.113
251,-1,746.0,320.9,23.2,46.0,0.109
251,-1,762.7,321.3,18.1,52.2,0.091
251,-1,773.1,331.0,16.7,44.6,0.078
251,-1,1636.6,369.1,38.1,171.8,0.075
251,-1,754.6,319.6,17.4,40.4,0.069
251,-1,904.1,330.6,46.7,131.9,0.068
251,-1,760.2,317.9,21.1,31.2,0.065
251,-1,1129.8,356.7,18.0,55.2,0.054
251,-1,298.3,312.3,34.5,83.2,0.053
252,-1,1369.5,307.6,238.7,710.8,0.999
252,-1,1652.4,282.8,262.1,746.4,0.999
252,-1,20.1,310.3,73.5,194.6,0.999
252,-1,677.7,300.0,58.8,187.2,0.996
252,-1,982.0,325.3,42.3,138.8,0.996
252,-1,1536.6,265.6,140.0,441.1,0.996
252,-1,1071.1,322.8,39.9,126.2,0.994
252,-1,1095.6,337.6,51.6,151.0,0.994
252,-1,508.5,320.7,39.3,125.3,0.992
252,-1,538.5,300.3,51.2,96.0,0.991
252,-1,928.2,320.0,43.7,152.7,0.988
252,-1,1186.4,331.7,36.6,114.1,0.987
252,-1,274.8,309.7,55.9,115.6,0.983
252,-1,263.1,305.1,24.5,52.2,0.978
252,-1,1010.5,335.5,25.6,117.4,0.952
252,-1,188.9,305.6,17.6,63.3,0.834
252,-1,803.1,330.6,18.3,55.3,0.807
252,-1,783.9,330.6,17.9,47.9,0.710
252,-1,38.4,310.0,56.4,115.7,0.677
252,-1,962.5,330.4,28.2,98.2,0.602
252,-1,312.6,313.0,23.4,45.3,0.594
252,-1,333.9,333.4,32.9,34.6,0.546
252,-1,909.5,340.1,26.7,61.2,0.452
252,-1,162.9,308.3,61.7,73.4,0.450
252,-1,210.0,298.7,29.8,73.4,0.438
252,-1,160.7,305.9,31.7,64.8,0.438
252,-1,757.5,326.8,17.7,45.3,0.363
252,-1,964.8,324.1,37.5,134.6,0.358
252,-1,166.7,316.1,37.3,57.6,0.348
252,-1,737.6,335.3,22.4,40.7,0.323
252,-1,767.3,319.0,20.0,53.4,0.290
252,-1,808.4,326.8,19.8,57.9,0.253
252,-1,1037.0,341.8,11.3,37.0,0.222
252,-1,967.9,326.4,23.7,63.9,0.215
252,-1,720.9,330.0,20.4,45.5,0.151
252,-1,794.6,332.3,22.2,49.8,0.147
252,-1,1031.2,342.2,13.1,36.0,0.142
252,-1,754.2,318.4,19.2,33.0,0.141
252,-1,1650.7,365.5,31.0,137.8,0.094
252,-1,619.9,324.6,59.0,63.7,0.078
252,-1,890.8,321.5,45.4,81.9,0.058
252,-1,1015.2,337.0,19.7,72.2,0.053
252,-1,731.6,336.6,18.4,39.6,0.050
253,-1,1369.8,300.1,239.1,704.1,1.000
253,-1,1655.4,279.9,254.6,735.9,0.999
253,-1,21.1,309.2,71.4,195.0,0.999
253,-1,678.0,298.7,55.5,185.3,0.998
253,-1,1554.5,266.7,140.8,462.8,0.997
253,-1,982.3,322.7,42.7,140.7,0.997
253,-1,1074.1,322.3,37.2,126.6,0.996
253,-1,934.3,318.1,36.6,151.5,0.995
253,-1,508.5,321.1,39.5,125.4,0.994
253,-1,1100.2,334.7,43.3,153.9,0.994
253,-1,1188.1,330.7,38.8,115.2,0.992
253,-1,275.5,311.4,53.0,114.6,0.988
253,-1,539.0,300.5,51.5,96.3,0.986
253,-1,263.4,307.2,24.9,51.8,0.969
253,-1,1011.6,332.1,25.6,119.9,0.969
253,-1,807.4,330.0,18.1,58.8,0.911
253,-1,785.2,322.6,20.4,58.3,0.859
253,-1,757.9,331.7,15.2,41.4,0.784
253,-1,204.9,291.1,35.7,88.7,0.743
253,-1,967.3,330.9,26.0,89.4,0.742
253,-1,158.0,295.2,19.5,91.3,0.691
253,-1,740.5,334.9,17.8,43.0,0.670
253,-1,188.8,307.6,18.3,61.7,0.626
253,-1,912.5,348.4,22.1,54.2,0.552
253,-1,1035.0,342.1,11.6,37.5,0.546
253,-1,311.8,315.6,22.9,46.9,0.496
253,-1,976.4,326.0,15.9,35.2,0.473
253,-1,814.9,331.8,13.9,47.5,0.428
253,-1,166.4,310.7,26.5,58.7,0.315
253,-1,722.5,332.3,17.0,43.5,0.277
253,-1,975.1,325.8,20.4,74.9,0.252
253,-1,1655.2,347.8,38.1,173.9,0.226
253,-1,738.0,325.0,21.5,35.1,0.134
253,-1,522.6,307.6,58.6,138.0,0.128
253,-1,771.3,325.0,17.2,46.7,0.127
253,-1,622.5,333.1,50.6,55.8,0.119
253,-1,1587.2,603.5,59.6,116.9,0.115
253,-1,958.3,325.7,22.6,104.4,0.111
253,-1,856.5,332.5,10.4,24.5,0.106
253,-1,792.5,328.1,16.4,50.5,0.100
253,-1,765.3,323.6,16.3,48.8,0.094
253,-1,731.2,336.4,17.5,40.6,0.086
253,-1,186.1,298.5,47.8,80.0,0.079
253,-1,885.6,358.9,12.2,24.9,0.079
253,-1,882.8,331.8,10.7,24.1,0.068
253,-1,751.8,320.6,17.6,46.6,0.060
253,-1,781.5,319.5,21.2,30.8,0.054
253,-1,773.3,320.4,18.2,32.5,0.052
253,-1,799.4,329.3,17.5,54.1,0.051
254,-1,1372.8,295.4,235.6,688.7,0.999
254,-1,22.8,313.0,71.0,190.3,0.999
254,-1,677.8,300.4,58.3,186.9,0.999
254,-1,1658.8,268.4,260.2,762.4,0.999
254,-1,1564.0,263.8,148.0,466.5,0.998
254,-1,982.7,321.2,37.7,141.3,0.997
254,-1,1191.8,330.1,35.7,111.8,0.996
254,-1,1075.4,322.7,37.8,124.0,0.995
254,-1,1101.9,335.3,45.4,151.4,0.994
254,-1,933.3,314.8,44.0,157.7,0.994
254,-1,536.5,299.9,53.3,98.9,0.991
254,-1,505.9,320.1,38.4,126.6,0.989
254,-1,264.2,308.1,26.1,56.5,0.980
254,-1,278.3,310.8,52.3,115.9,0.980
254,-1,1013.0,331.3,25.4,123.4,0.976
254,-1,808.4,329.1,20.6,59.7,0.945
254,-1,786.5,324.0,19.4,55.2,0.857
254,-1,158.3,299.1,18.1,86.1,0.767
254,-1,969.0,330.0,25.5,83.5,0.766
254,-1,760.9,333.2,14.1,39.3,0.704
254,-1,311.3,315.4,24.4,48.2,0.621
254,-1,724.5,332.5,16.6,43.2,0.620
254,-1,914.9,346.0,23.8,55.7,0.580
254,-1,210.2,301.2,31.7,78.4,0.576
254,-1,741.5,334.6,17.6,43.1,0.503
254,-1,190.3,307.9,18.0,62.9,0.456
254,-1,169.1,313.6,25.4,57.6,0.401
254,-1,1035.7,340.4,13.2,38.1,0.377
254,-1,977.6,326.3,18.8,45.5,0.357
254,-1,734.9,340.2,14.9,37.2,0.326
254,-1,817.9,332.2,14.8,47.5,0.265
254,-1,757.0,332.2,13.2,41.3,0.255
254,-1,1595.4,609.4,58.6,110.7,0.222
254,-1,772.4,322.8,18.9,53.3,0.217
254,-1,955.5,322.4,42.2,133.6,0.166
254,-1,291.1,312.7,27.5,94.9,0.159
254,-1,512.9,306.9,64.2,135.2,0.137
254,-1,958.5,319.6,22.1,113.3,0.107
254,-1,795.4,330.4,16.1,47.3,0.106
254,-1,624.6,336.2,46.0,53.2,0.085
254,-1,1672.9,350.3,35.1,139.5,0.082
254,-1,761.2,320.3,16.6,42.7,0.081
254,-1,175.4,307.7,49.1,75.2,0.074
254,-1,892.3,335.9,16.6,21.3,0.060
254,-1,757.2,319.7,17.8,30.1,0.054
254,-1,988.5,323.4,20.9,60.7,0.054
254,-1,1030.7,334.3,13.5,45.1,0.053
255,-1,1375.5,290.7,230.5,695.7,1.000
255,-1,22.6,311.3,70.5,195.1,0.999
255,-1,1657.6,257.1,262.4,768.8,0.999
255,-1,677.9,298.4,59.8,187.5,0.999
255,-1,1572.1,255.3,150.3,482.6,0.997
255,-1,1103.2,333.8,46.7,150.7,0.996
255,-1,935.2,319.1,42.0,150.3,0.995
255,-1,1193.5,326.1,37.2,115.7,0.993
255,-1,983.8,320.0,43.9,141.8,0.989
255,-1,1075.5,322.0,40.2,123.7,0.988
255,-1,280.1,312.8,52.7,113.5,0.982
255,-1,505.4,320.6,39.3,123.6,0.982
255,-1,268.2,306.7,24.8,54.8,0.982
255,-1,537.4,299.1,50.7,99.5,0.982
255,-1,1014.0,329.5,27.9,124.9,0.895
255,-1,159.6,301.3,19.8,89.1,0.874
255,-1,810.2,328.3,19.7,56.2,0.861
255,-1,914.7,345.1,23.7,55.2,0.748
255,-1,789.4,329.5,20.4,49.0,0.715
255,-1,191.3,308.3,19.2,59.2,0.643
255,-1,198.5,291.0,45.4,89.4,0.551
255,-1,974.2,325.0,24.3,95.4,0.551
255,-1,314.8,316.6,21.1,47.1,0.543
255,-1,744.4,334.6,18.0,41.2,0.411
255,-1,796.9,333.1,19.9,45.4,0.397
255,-1,961.7,323.8,29.7,102.0,0.390
255,-1,975.5,326.2,20.8,40.4,0.384
255,-1,979.6,324.3,28.8,79.9,0.291
255,-1,1595.6,501.7,68.7,222.4,0.274
255,-1,1041.0,340.0,13.0,36.1,0.251
255,-1,168.7,311.1,25.2,60.8,0.217
255,-1,761.9,331.0,17.4,41.3,0.198
255,-1,523.1,303.2,57.0,130.9,0.193
255,-1,726.7,329.4,16.6,44.0,0.177
255,-1,338.4,335.9,26.8,31.4,0.169
255,-1,293.8,312.2,22.0,51.1,0.142
255,-1,949.8,319.3,31.8,121.8,0.115
255,-1,1684.0,346.9,42.2,107.5,0.099
255,-1,170.0,305.6,48.6,79.9,0.094
255,-1,747.1,316.5,18.0,25.0,0.091
255,-1,768.9,324.1,20.8,46.9,0.086
255,-1,1140.0,354.6,16.3,51.9,0.085
255,-1,755.1,324.7,19.1,46.9,0.081
255,-1,776.8,325.3,18.1,44.1,0.072
255,-1,785.1,323.5,19.1,34.4,0.064
255,-1,1616.3,262.5,205.4,466.6,0.057
255,-1,627.3,333.2,46.0,55.0,0.057
255,-1,743.9,325.9,21.5,31.2,0.055
256,-1,1377.4,285.6,226.1,707.3,0.999
256,-1,24.0,314.4,70.2,192.6,0.999
256,-1,684.6,298.8,58.2,186.6,0.998
256,-1,1665.2,271.1,251.7,763.9,0.997
256,-1,1108.2,330.5,48.5,153.3,0.995
256,-1,986.4,319.8,42.6,141.0,0.994
256,-1,939.6,320.8,37.5,147.9,0.994
256,-1,1602.4,244.8,147.4,476.2,0.993
256,-1,1196.7,323.5,41.7,117.3,0.992
256,-1,507.2,322.4,40.2,119.4,0.989
256,-1,1082.3,321.8,38.8,124.2,0.987
256,-1,539.4,303.0,48.7,95.8,0.985
256,-1,270.3,310.4,26.8,54.0,0.979
256,-1,284.2,312.2,43.9,116.4,0.952
256,-1,814.5,331.6,16.8,50.6,0.913
256,-1,1019.5,326.6,24.2,127.1,0.891
256,-1,316.1,317.8,21.0,48.3,0.879
256,-1,973.7,329.1,24.9,100.6,0.876
256,-1,796.3,327.9,17.3,50.9,0.860
256,-1,161.5,296.5,24.6,91.5,0.852
256,-1,766.9,332.2,15.4,40.9,0.744
256,-1,922.9,343.6,20.6,58.1,0.548
256,-1,196.5,312.5,18.9,54.0,0.540
256,-1,1043.8,341.0,12.0,37.1,0.538
256,-1,731.7,332.1,16.0,44.2,0.531
256,-1,821.8,333.6,17.2,47.7,0.514
256,-1,294.5,313.3,22.2,52.0,0.469
256,-1,1604.4,470.4,76.1,261.4,0.453
256,-1,748.4,332.4,18.9,44.7,0.428
256,-1,805.0,331.0,14.1,46.9,0.311
256,-1,174.7,317.0,25.0,56.9,0.246
256,-1,216.9,307.0,30.5,69.8,0.240
256,-1,342.9,336.6,25.3,33.3,0.191
256,-1,982.2,325.9,17.9,52.0,0.186
256,-1,967.8,330.1,21.5,66.0,0.165
256,-1,1611.6,601.7,66.1,129.6,0.149
256,-1,1145.4,345.3,16.7,63.9,0.144
256,-1,1038.8,340.4,12.8,42.6,0.114
256,-1,764.4,317.8,14.2,28.3,0.113
256,-1,974.4,330.3,21.1,55.0,0.112
256,-1,790.3,328.1,16.2,49.3,0.107
256,-1,631.4,335.0,48.2,53.7,0.101
256,-1,758.9,316.9,18.9,45.5,0.096
256,-1,779.6,322.3,17.3,47.8,0.091
256,-1,1097.9,329.8,27.5,107.8,0.087
256,-1,961.5,323.8,23.6,100.6,0.086
256,-1,196.8,307.5,43.6,72.6,0.068
256,-1,760.3,335.0,14.3,39.0,0.067
256,-1,914.8,354.4,19.7,45.8,0.062
256,-1,791.1,319.6,14.9,32.4,0.060
256,-1,772.0,330.1,15.7,42.8,0.059
256,-1,908.7,365.5,16.1,33.9,0.056
256,-1,781.9,319.1,17.0,33.3,0.053
256,-1,907.5,328.2,42.5,104.9,0.053
256,-1,773.7,316.6,17.8,23.0,0.052
257,-1,26.7,315.9,65.6,191.4,0.999
257,-1,1389.8,282.8,232.0,723.2,0.999
257,-1,686.0,298.2,60.4,186.2,0.998
257,-1,1667.5,271.1,251.5,754.5,0.998
257,-1,988.9,319.8,49.2,141.8,0.995
257,-1,1614.1,247.5,139.3,486.6,0.994
257,-1,1113.2,330.1,48.8,151.8,0.993
257,-1,943.3,319.9,41.9,151.2,0.989
257,-1,511.1,322.8,39.8,122.6,0.988
257,-1,283.8,315.8,53.1,113.9,0.987
257,-1,1088.9,321.8,36.6,125.5,0.986
257,-1,541.1,302.2,48.9,96.3,0.976
257,-1,1207.3,323.7,31.5,94.8,0.974
257,-1,273.5,311.2,26.8,52.2,0.955
257,-1,164.3,301.6,21.8,93.8,0.907
257,-1,818.3,329.7,18.6,53.3,0.867
257,-1,798.1,330.8,19.2,48.3,0.863
257,-1,1019.2,323.5,29.2,131.1,0.804
257,-1,974.9,331.4,26.9,96.4,0.639
257,-1,770.5,330.2,16.0,43.1,0.581
257,-1,198.8,312.8,19.4,52.2,0.560
257,-1,751.3,331.3,21.1,45.6,0.454
257,-1,315.5,319.8,24.8,47.4,0.423
257,-1,734.7,329.8,17.7,41.8,0.421
257,-1,1615.9,490.7,73.1,248.0,0.343
257,-1,808.6,339.1,18.8,41.6,0.312
257,-1,169.6,313.3,49.8,75.2,0.297
257,-1,781.5,319.9,20.3,52.4,0.271
257,-1,924.3,342.3,25.0,60.0,0.244
257,-1,982.7,322.5,36.3,127.2,0.197
257,-1,1146.1,338.5,21.5,69.4,0.195
257,-1,1048.8,337.2,14.4,37.8,0.190
257,-1,297.1,314.7,21.3,51.7,0.187
257,-1,782.7,318.7,18.7,28.2,0.186
257,-1,178.5,319.6,27.9,58.3,0.174
257,-1,825.4,328.7,17.4,48.9,0.149
257,-1,1835.4,270.3,76.4,144.7,0.133
257,-1,523.0,311.1,58.2,133.9,0.132
257,-1,633.1,331.5,50.7,58.4,0.129
257,-1,774.3,322.1,21.0,49.8,0.128
257,-1,221.3,307.1,30.7,74.6,0.111
257,-1,1624.4,650.1,65.0,91.1,0.111
257,-1,796.7,323.7,19.4,35.8,0.105
257,-1,983.0,325.6,20.4,53.2,0.080
257,-1,900.7,313.8,48.1,89.0,0.077
257,-1,1856.3,534.5,63.6,221.5,0.061
257,-1,974.1,324.3,22.3,53.2,0.059
257,-1,918.1,333.0,46.3,132.7,0.056
258,-1,1394.0,275.8,250.8,736.3,0.999
258,-1,1663.9,271.9,252.1,762.0,0.998
258,-1,34.2,314.7,59.2,202.3,0.995
258,-1,989.8,322.7,52.2,139.9,0.995
258,-1,682.8,301.9,63.1,178.6,0.990
258,-1,1617.9,235.9,152.4,488.2,0.990
258,-1,1117.4,331.3,50.4,150.4,0.989
258,-1,1203.8,320.1,47.2,118.0,0.988
258,-1,1085.4,320.4,39.6,124.3,0.981
258,-1,938.5,318.9,52.0,144.4,0.979
258,-1,534.8,300.8,60.0,100.9,0.893
258,-1,508.2,320.3,46.5,122.3,0.726
258,-1,804.6,330.8,34.4,48.7,0.551
258,-1,800.3,334.2,25.0,44.2,0.488
258,-1,968.8,328.3,31.4,104.7,0.483
258,-1,280.6,310.3,54.3,120.8,0.379
258,-1,270.9,308.0,37.1,65.5,0.377
258,-1,958.9,314.8,70.2,151.5,0.360
258,-1,205.7,300.6,26.7,81.8,0.330
258,-1,169.0,309.1,24.9,80.0,0.324
258,-1,1051.6,333.2,15.7,44.7,0.286
258,-1,793.6,325.4,24.9,53.3,0.256
258,-1,271.1,305.4,44.8,109.6,0.242
258,-1,920.5,342.0,32.4,56.8,0.229
258,-1,1101.4,325.3,51.4,125.6,0.222
258,-1,208.3,286.6,42.9,101.3,0.219
258,-1,940.4,327.7,32.5,109.6,0.214
258,-1,54.5,317.6,50.7,138.0,0.212
258,-1,1020.1,329.7,27.4,122.9,0.211
258,-1,827.7,332.7,17.5,43.8,0.195
258,-1,169.2,253.8,43.2,134.0,0.147
258,-1,225.0,303.9,31.0,79.2,0.140
258,-1,894.6,328.9,45.2,54.1,0.137
258,-1,1148.4,347.5,23.7,69.2,0.135
258,-1,750.6,328.3,30.0,48.0,0.126
258,-1,904.9,329.4,50.8,122.9,0.111
258,-1,185.8,292.4,49.8,94.8,0.108
258,-1,974.5,333.2,26.6,61.5,0.095
258,-1,1210.3,320.3,32.5,81.3,0.093
258,-1,1213.8,320.8,23.7,41.2,0.093
258,-1,906.3,317.8,43.9,80.2,0.089
258,-1,778.0,319.5,36.9,45.7,0.086
258,-1,1026.8,329.0,16.8,57.6,0.084
258,-1,936.7,335.4,30.0,66.7,0.080
258,-1,753.1,325.3,24.5,28.7,0.077
258,-1,198.3,307.0,22.9,70.9,0.069
258,-1,766.7,321.5,24.1,41.2,0.066
258,-1,921.8,320.2,51.4,82.6,0.055
258,-1,174.5,311.0,35.7,74.3,0.053
259,-1,33.4,318.2,70.8,197.9,0.999
259,-1,1398.9,285.7,236.2,733.9,0.999
259,-1,1674.1,265.7,234.9,776.6,0.999
259,-1,687.5,298.5,62.5,186.5,0.998
259,-1,1121.5,329.0,50.6,154.5,0.995
259,-1,991.8,320.7,52.1,142.2,0.994
259,-1,1093.1,320.7,38.6,127.7,0.994
259,-1,945.8,317.0,46.9,153.9,0.991
259,-1,1636.5,249.6,139.6,429.3,0.988
259,-1,1209.8,321.9,41.6,116.9,0.986
259,-1,278.8,314.6,27.2,52.1,0.980
259,-1,541.5,302.6,53.2,94.9,0.977
259,-1,514.6,326.7,32.8,119.9,0.969
259,-1,287.6,318.7,54.1,114.4,0.958
259,-1,825.4,331.7,19.3,59.3,0.900
259,-1,803.3,332.4,18.9,47.4,0.732
259,-1,169.4,311.4,30.4,81.0,0.627
259,-1,755.7,332.8,21.8,45.4,0.605
259,-1,775.4,329.9,16.5,45.6,0.452
259,-1,1106.2,326.1,50.0,137.0,0.364
259,-1,787.4,319.8,19.7,53.1,0.355
259,-1,1058.1,332.1,12.2,44.7,0.342
259,-1,204.9,315.1,19.1,64.1,0.330
259,-1,1024.9,327.9,21.4,100.6,0.320
259,-1,977.0,333.2,26.4,78.3,0.312
259,-1,930.5,343.1,23.0,58.8,0.297
259,-1,320.8,322.4,23.6,47.3,0.281
259,-1,175.1,317.3,56.8,71.7,0.259
259,-1,739.2,332.8,16.5,40.9,0.235
259,-1,183.3,327.6,30.4,52.6,0.197
259,-1,787.5,317.7,22.2,31.1,0.195
259,-1,226.2,308.4,30.2,72.0,0.185
259,-1,1052.0,336.1,15.3,41.6,0.176
259,-1,1624.2,504.7,104.1,228.3,0.138
259,-1,520.9,318.9,50.8,129.5,0.126
259,-1,168.1,269.7,44.7,119.8,0.104
259,-1,796.3,332.3,17.0,45.5,0.098
259,-1,1656.7,253.6,181.8,336.8,0.087
259,-1,51.2,322.8,54.8,109.1,0.087
259,-1,304.6,320.4,34.3,80.4,0.068
259,-1,809.8,331.9,21.8,49.3,0.068
259,-1,766.4,324.9,19.7,45.2,0.067
259,-1,802.0,322.3,17.3,33.4,0.060
259,-1,1701.1,273.3,218.9,306.3,0.058
259,-1,1684.1,570.8,57.1,173.4,0.053
260,-1,1408.0,286.7,232.1,733.9,0.999
260,-1,1691.5,272.2,224.6,770.6,0.999
260,-1,695.9,298.3,58.2,185.3,0.998
260,-1,41.8,317.3,71.4,192.8,0.998
260,-1,1124.8,325.4,52.5,157.3,0.996
260,-1,994.7,319.1,51.9,139.9,0.995
260,-1,951.6,319.9,46.2,148.5,0.994
260,-1,1214.4,321.4,42.7,116.7,0.992
260,-1,1098.1,319.3,39.8,124.3,0.992
260,-1,1651.6,243.4,143.2,319.8,0.983
260,-1,285.0,313.1,25.6,54.3,0.978
260,-1,294.4,317.8,47.9,112.8,0.972
260,-1,540.0,304.3,54.6,101.0,0.957
260,-1,519.5,325.3,32.3,123.2,0.954
260,-1,830.7,329.8,21.6,59.3,0.928
260,-1,762.7,332.2,19.3,43.1,0.903
260,-1,209.5,314.0,20.1,65.0,0.883
260,-1,173.0,307.2,26.8,83.5,0.869
260,-1,809.7,338.8,17.3,40.3,0.858
260,-1,0.0,331.5,13.0,142.1,0.855
260,-1,744.6,329.4,15.5,43.5,0.814
260,-1,780.3,331.0,15.2,41.2,0.733
260,-1,1030.9,325.5,18.7,94.0,0.715
260,-1,325.5,318.8,24.6,48.5,0.603
260,-1,933.5,347.6,22.6,52.8,0.571
260,-1,232.1,307.3,29.5,75.7,0.548
260,-1,1025.5,321.1,28.4,131.0,0.514
260,-1,981.4,327.7,25.0,73.8,0.509
260,-1,1059.0,336.3,13.0,40.8,0.469
260,-1,189.7,320.0,21.5,55.3,0.380
260,-1,526.9,323.8,24.1,46.1,0.380
260,-1,785.1,327.4,15.4,44.9,0.265
260,-1,794.9,329.3,16.6,41.0,0.243
260,-1,1643.3,474.0,85.6,258.7,0.213
260,-1,308.1,316.9,23.1,49.8,0.165
260,-1,801.2,331.0,15.0,41.2,0.163
260,-1,817.7,331.2,17.3,46.9,0.140
260,-1,301.1,314.7,18.8,51.4,0.132
260,-1,771.9,329.6,18.6,42.6,0.125
260,-1,916.9,315.3,40.9,85.5,0.123
260,-1,823.0,332.2,21.4,52.8,0.119
260,-1,316.9,319.4,31.2,76.6,0.101
260,-1,0.0,318.9,16.7,221.7,0.075
260,-1,730.8,307.6,17.9,36.4,0.074
260,-1,1701.1,241.6,88.2,176.4,0.073
260,-1,795.3,319.4,19.5,35.5,0.066
260,-1,733.3,312.3,24.2,62.1,0.066
260,-1,55.4,321.1,55.2,108.3,0.062
260,-1,187.7,314.6,55.2,73.6,0.061
260,-1,644.4,334.8,46.7,53.8,0.058
260,-1,212.9,305.4,42.9,76.2,0.052
261,-1,1422.1,284.6,224.6,736.4,1.000
261,-1,46.7,314.1,69.1,192.4,0.999
261,-1,697.0,295.6,63.1,184.9,0.998
261,-1,1703.2,274.3,215.4,761.2,0.998
261,-1,958.1,314.3,44.4,151.9,0.997
261,-1,1135.2,325.0,51.0,153.8,0.996
261,-1,1106.1,314.3,39.8,120.3,0.996
261,-1,998.2,314.4,53.0,140.7,0.995
261,-1,1226.6,318.4,34.6,113.4,0.988
261,-1,299.0,311.0,52.1,114.8,0.987
261,-1,1676.7,239.9,150.2,471.3,0.987
261,-1,289.9,308.0,26.8,54.5,0.978
261,-1,524.3,320.3,33.2,122.0,0.974
261,-1,0.0,301.0,20.2,202.7,0.974
261,-1,549.4,301.8,48.9,104.3,0.942
261,-1,1033.8,321.8,22.9,112.0,0.930
261,-1,843.0,325.5,18.3,57.8,0.905
261,-1,790.0,330.3,14.0,38.7,0.901
261,-1,752.0,324.5,16.2,44.8,0.871
261,-1,815.7,324.0,18.1,50.4,0.827
261,-1,769.4,326.9,19.5,45.0,0.795
261,-1,989.7,325.0,20.1,71.9,0.675
261,-1,943.2,338.0,22.7,65.1,0.652
261,-1,1066.7,331.4,13.1,40.3,0.430
261,-1,1672.9,597.5,78.3,130.7,0.362
261,-1,834.6,326.3,18.5,55.6,0.341
261,-1,811.8,326.6,14.4,45.5,0.333
261,-1,193.7,313.0,22.6,57.9,0.297
261,-1,735.7,305.5,19.3,28.3,0.262
261,-1,925.8,326.6,13.2,23.3,0.193
261,-1,914.8,324.7,12.0,24.0,0.191
261,-1,932.2,325.7,15.7,23.0,0.188
261,-1,802.6,319.7,18.3,46.7,0.181
261,-1,824.6,325.0,15.6,47.6,0.179
261,-1,217.4,310.6,17.5,64.5,0.163
261,-1,784.9,327.9,14.6,41.0,0.132
261,-1,977.5,313.4,48.6,144.5,0.118
261,-1,918.9,325.0,12.5,23.6,0.116
261,-1,1240.5,335.8,27.2,74.3,0.115
261,-1,941.0,328.9,35.1,124.1,0.095
261,-1,1699.6,255.2,196.6,334.2,0.094
261,-1,916.0,352.6,13.3,23.3,0.085
261,-1,740.2,307.9,23.1,57.5,0.074
261,-1,58.7,317.1,56.3,111.0,0.065
261,-1,1167.3,334.0,22.2,63.2,0.064
261,-1,1767.5,237.6,58.4,69.0,0.061
261,-1,935.6,341.4,25.1,50.9,0.061
262,-1,1427.2,290.2,220.8,711.0,0.999
262,-1,1697.2,268.9,220.1,769.9,0.999
262,-1,701.6,292.6,62.5,187.1,0.997
262,-1,47.7,313.2,65.7,193.7,0.996
262,-1,1143.1,323.2,47.6,153.2,0.995
262,-1,1111.4,312.1,41.6,123.2,0.995
262,-1,1000.6,312.5,51.3,143.0,0.993
262,-1,960.4,312.7,45.9,151.2,0.991
262,-1,1233.5,313.5,34.2,100.4,0.985
262,-1,300.3,309.6,52.4,114.8,0.975
262,-1,0.1,300.3,20.8,194.5,0.972
262,-1,525.0,317.8,33.4,116.7,0.967
262,-1,1695.7,239.7,142.6,317.0,0.964
262,-1,289.7,305.8,31.5,54.1,0.925
262,-1,551.7,299.6,50.4,97.0,0.922
262,-1,1036.1,321.0,21.9,118.0,0.832
262,-1,771.5,326.4,25.2,43.4,0.556
262,-1,219.9,306.5,18.2,60.5,0.555
262,-1,529.5,312.1,50.7,131.1,0.463
262,-1,183.5,307.2,35.3,72.3,0.416
262,-1,987.1,319.2,23.5,77.0,0.375
262,-1,840.2,320.6,19.1,59.6,0.353
262,-1,942.2,326.4,45.3,130.6,0.328
262,-1,943.5,344.5,23.0,51.2,0.255
262,-1,817.2,324.3,18.0,47.7,0.250
262,-1,800.7,313.1,22.6,54.8,0.213
262,-1,323.8,310.3,28.4,51.6,0.167
262,-1,197.3,311.3,57.3,70.3,0.157
262,-1,1782.9,236.1,56.4,57.8,0.149
262,-1,196.0,319.2,34.9,53.0,0.147
262,-1,363.0,331.7,24.3,33.2,0.147
262,-1,1071.1,328.5,14.3,38.7,0.136
262,-1,828.9,336.9,18.1,37.2,0.134
262,-1,1685.5,553.4,71.0,178.4,0.128
262,-1,847.8,321.2,17.4,40.2,0.098
262,-1,790.9,323.9,19.1,41.8,0.092
262,-1,803.3,307.8,22.7,28.7,0.088
262,-1,180.3,262.9,46.1,114.0,0.068
262,-1,772.7,316.5,25.3,31.9,0.062
262,-1,654.1,328.0,51.0,56.6,0.056
262,-1,781.5,319.7,21.0,38.4,0.054
262,-1,67.1,314.7,53.9,111.6,0.054
262,-1,1686.2,406.2,95.2,317.4,0.052
262,-1,239.9,304.6,30.9,66.4,0.052
263,-1,1434.5,282.0,233.6,740.0,0.999
263,-1,700.5,289.1,66.7,187.0,0.999
263,-1,48.7,307.8,66.8,190.9,0.999
263,-1,1707.5,262.8,209.3,790.4,0.998
263,-1,963.1,302.3,46.8,158.3,0.997
263,-1,1115.1,307.7,41.7,124.6,0.996
263,-1,1145.9,320.7,50.5,151.4,0.995
263,-1,1234.4,311.6,42.7,115.2,0.993
263,-1,1002.6,307.4,54.1,141.9,0.988
263,-1,0.1,294.0,25.4,201.7,0.987
263,-1,522.9,311.8,37.4,136.6,0.984
263,-1,295.0,301.1,27.4,56.3,0.981
263,-1,1721.8,229.7,137.5,272.3,0.976
263,-1,548.1,296.3,52.2,125.0,0.972
263,-1,307.7,304.8,47.6,113.4,0.969
263,-1,846.1,319.9,20.9,59.8,0.933
263,-1,1036.7,315.8,24.1,106.7,0.919
263,-1,823.9,324.3,17.1,44.2,0.884
263,-1,581.7,288.4,44.1,98.7,0.825
263,-1,183.3,293.0,30.4,85.2,0.691
263,-1,1708.0,232.3,148.9,494.9,0.690
263,-1,776.5,322.5,20.9,43.3,0.657
263,-1,795.3,319.3,15.5,41.6,0.652
263,-1,757.0,316.2,17.9,47.4,0.606
263,-1,947.0,328.5,25.7,69.4,0.551
263,-1,786.2,318.6,20.6,42.7,0.421
263,-1,322.2,306.4,30.1,52.1,0.337
263,-1,789.4,329.9,14.8,34.7,0.323
263,-1,946.1,324.0,36.6,126.2,0.288
263,-1,195.5,306.7,30.7,62.8,0.260
263,-1,334.7,308.7,22.2,49.2,0.248
263,-1,923.7,318.1,16.5,26.4,0.245
263,-1,1798.6,230.4,61.4,67.3,0.223
263,-1,829.4,319.9,19.1,48.7,0.211
263,-1,1122.4,315.5,54.2,134.4,0.195
263,-1,816.3,321.8,16.3,43.4,0.189
263,-1,245.9,294.2,29.5,61.2,0.163
263,-1,807.4,316.1,20.5,43.7,0.157
263,-1,657.1,324.2,48.8,54.9,0.141
263,-1,1074.4,327.3,12.8,40.9,0.138
263,-1,985.5,308.3,26.7,135.0,0.129
263,-1,531.1,311.5,26.8,60.5,0.119
263,-1,996.2,311.4,24.7,123.8,0.107
263,-1,1178.2,330.4,21.5,57.7,0.093
263,-1,207.3,303.1,53.9,71.4,0.092
263,-1,583.5,290.2,24.1,48.4,0.092
263,-1,65.4,311.3,58.1,133.1,0.092
263,-1,800.3,320.7,20.0,39.9,0.078
263,-1,833.2,321.7,24.6,51.9,0.077
263,-1,896.7,318.3,13.1,22.6,0.053
264,-1,48.5,304.7,68.8,191.3,0.999
264,-1,1439.6,284.7,231.2,739.3,0.999
264,-1,700.9,282.6,67.5,192.7,0.999
264,-1,1715.5,269.5,200.9,731.4,0.998
264,-1,1148.4,317.7,50.9,151.5,0.996
264,-1,1116.1,305.1,43.2,126.4,0.995
264,-1,959.5,296.9,50.6,159.9,0.994
264,-1,0.3,291.7,26.7,203.7,0.993
264,-1,1007.6,302.9,47.6,144.0,0.993
264,-1,1238.1,309.8,36.6,118.7,0.991
264,-1,307.9,301.3,48.3,114.6,0.990
264,-1,296.5,299.2,26.0,55.1,0.985
264,-1,547.7,290.6,51.8,128.1,0.978
264,-1,530.0,307.8,30.6,131.1,0.976
264,-1,1734.8,225.5,142.2,251.7,0.973
264,-1,847.9,316.9,19.2,59.4,0.951
264,-1,1038.1,312.2,24.5,119.6,0.930
264,-1,826.4,322.1,15.9,43.1,0.880
264,-1,758.4,312.6,19.1,50.7,0.786
264,-1,225.4,298.1,19.0,62.3,0.778
264,-1,244.8,288.0,32.1,79.4,0.711
264,-1,796.3,315.6,18.9,42.3,0.702
264,-1,778.4,319.5,21.1,43.5,0.666
264,-1,1817.7,227.2,60.9,59.1,0.570
264,-1,583.1,288.6,31.2,98.5,0.569
264,-1,186.9,297.8,28.2,71.6,0.486
264,-1,204.3,315.1,25.8,47.9,0.464
264,-1,586.3,283.4,24.4,40.5,0.406
264,-1,188.0,304.0,56.2,68.2,0.350
264,-1,532.5,308.0,25.7,47.4,0.273
264,-1,223.1,292.8,48.7,75.5,0.272
264,-1,1075.8,319.7,15.1,41.3,0.257
264,-1,821.0,318.3,16.1,43.2,0.247
264,-1,794.3,303.7,16.9,23.9,0.216
264,-1,792.0,321.9,17.3,37.6,0.213
264,-1,837.5,319.0,25.5,54.8,0.209
264,-1,778.1,317.5,20.7,25.4,0.208
264,-1,539.9,302.0,32.6,133.3,0.176
264,-1,367.1,324.8,24.9,32.7,0.153
264,-1,925.5,316.6,13.8,24.3,0.147
264,-1,787.9,303.4,16.1,24.1,0.141
264,-1,813.4,312.8,19.4,42.6,0.124
264,-1,809.3,319.6,16.5,37.0,0.124
264,-1,1177.6,325.4,24.8,72.8,0.116
264,-1,1146.9,326.0,19.8,71.8,0.109
264,-1,1716.3,244.8,155.5,478.0,0.089
264,-1,334.6,304.4,22.6,50.9,0.088
264,-1,999.7,304.9,33.0,141.9,0.074
264,-1,930.5,317.6,13.6,23.7,0.074
264,-1,789.6,306.2,18.0,33.4,0.061
264,-1,781.3,306.2,18.6,23.1,0.056
265,-1,1445.0,282.6,236.9,736.0,0.999
265,-1,703.7,280.5,65.8,193.2,0.999
265,-1,48.2,303.4,69.0,190.7,0.998
265,-1,1715.3,261.0,201.7,737.3,0.998
265,-1,1150.8,315.8,50.5,152.3,0.996
265,-1,1011.6,301.2,40.6,145.6,0.996
265,-1,1239.2,307.1,42.4,118.0,0.995
265,-1,1119.7,302.7,43.6,128.2,0.995
265,-1,963.8,298.9,46.1,159.1,0.994
265,-1,0.2,289.2,27.6,206.1,0.994
265,-1,308.3,299.7,48.7,115.8,0.992
265,-1,296.2,294.7,26.4,58.3,0.987
265,-1,549.2,288.7,50.3,122.7,0.980
265,-1,528.4,304.1,35.4,135.4,0.978
265,-1,855.0,317.7,16.6,56.9,0.965
265,-1,1038.5,312.0,25.9,122.0,0.957
265,-1,1741.8,219.3,159.2,281.3,0.926
265,-1,1835.1,221.9,61.4,53.2,0.907
265,-1,585.6,285.1,28.9,99.2,0.873
265,-1,780.0,316.2,20.7,45.2,0.873
265,-1,759.8,311.5,19.4,49.5,0.808
265,-1,826.7,317.5,16.7,46.3,0.804
265,-1,800.2,314.2,14.3,42.1,0.800
265,-1,248.0,289.7,29.9,75.1,0.713
265,-1,226.3,297.4,17.0,63.9,0.704
265,-1,1076.8,319.2,14.4,42.4,0.646
265,-1,204.8,303.3,24.5,55.5,0.511
265,-1,185.7,291.5,26.6,78.9,0.497
265,-1,814.1,312.1,16.1,45.2,0.331
265,-1,564.0,288.3,46.4,98.3,0.322
265,-1,846.1,317.3,20.3,56.4,0.309
265,-1,805.7,315.3,16.1,40.6,0.276
265,-1,1131.9,312.1,51.2,130.7,0.187
265,-1,820.5,316.0,15.2,42.9,0.183
265,-1,793.5,313.6,16.8,44.5,0.177
265,-1,926.2,316.4,11.0,22.7,0.154
265,-1,1141.7,316.0,25.9,109.7,0.154
265,-1,781.8,309.4,20.5,31.5,0.150
265,-1,836.5,315.2,16.3,44.1,0.147
265,-1,797.2,302.8,17.7,30.3,0.143
265,-1,951.6,321.8,26.9,85.8,0.133
265,-1,950.8,314.9,38.7,136.7,0.120
265,-1,658.4,314.4,50.2,62.0,0.109
265,-1,589.0,282.8,21.8,39.9,0.092
265,-1,949.9,320.6,23.1,56.9,0.087
265,-1,787.7,304.9,15.1,25.2,0.085
265,-1,1000.0,301.6,30.3,141.1,0.079
265,-1,929.5,314.9,14.7,23.6,0.075
265,-1,955.1,318.9,14.7,23.1,0.073
265,-1,936.6,316.4,12.5,23.0,0.067
265,-1,1826.6,223.1,82.9,82.6,0.061
265,-1,941.3,316.8,16.9,21.7,0.055
265,-1,231.0,291.9,40.3,74.5,0.055
266,-1,49.6,296.7,66.1,191.7,0.999
266,-1,1451.2,276.7,233.4,703.7,0.999
266,-1,708.3,277.7,64.6,192.7,0.999
266,-1,1730.8,257.5,188.5,735.0,0.998
266,-1,1158.8,311.6,52.4,149.9,0.997
266,-1,308.2,296.2,51.0,115.0,0.996
266,-1,0.2,284.8,31.7,207.9,0.995
266,-1,1123.7,298.4,44.0,126.6,0.995
266,-1,966.6,290.6,47.8,164.3,0.994
266,-1,1011.1,298.5,39.6,142.4,0.993
266,-1,1247.1,304.9,36.8,118.6,0.987
266,-1,1041.1,306.4,27.6,132.0,0.985
266,-1,299.7,292.0,23.7,58.1,0.980
266,-1,856.6,313.8,17.9,55.1,0.970
266,-1,526.5,301.5,36.0,141.3,0.935
266,-1,832.5,324.6,15.0,36.1,0.925
266,-1,553.5,281.5,46.6,109.7,0.922
266,-1,764.5,309.9,17.6,48.0,0.892
266,-1,592.0,285.0,26.1,96.7,0.885
266,-1,1779.5,217.6,139.8,199.6,0.842
266,-1,785.4,314.2,17.8,44.7,0.806
266,-1,228.2,293.9,19.0,67.9,0.772
266,-1,801.2,313.8,17.1,38.9,0.748
266,-1,183.2,274.0,27.8,90.0,0.720
266,-1,547.0,283.7,42.7,153.9,0.709
266,-1,1876.8,210.5,43.2,42.3,0.660
266,-1,1081.2,319.1,13.2,43.8,0.601
266,-1,205.8,298.9,19.5,55.5,0.567
266,-1,1149.1,307.5,24.1,110.6,0.566
266,-1,249.9,283.4,29.4,80.5,0.489
266,-1,841.3,311.5,17.0,48.4,0.443
266,-1,1746.1,228.8,173.9,295.9,0.378
266,-1,663.6,315.0,49.1,55.8,0.334
266,-1,957.4,308.3,27.0,118.5,0.297
266,-1,827.2,313.3,14.2,33.6,0.295
266,-1,820.6,311.3,16.7,42.1,0.225
266,-1,191.1,292.5,27.0,67.2,0.224
266,-1,797.2,316.5,13.5,37.0,0.177
266,-1,1785.4,262.0,79.0,150.7,0.167
266,-1,862.2,316.0,15.6,42.3,0.163
266,-1,1773.0,325.3,68.4,96.4,0.154
266,-1,944.4,343.1,19.7,47.4,0.128
266,-1,1192.7,318.0,22.3,78.9,0.108
266,-1,1086.8,316.6,10.9,39.4,0.097
266,-1,903.4,309.6,10.3,24.6,0.075
266,-1,594.0,280.2,20.6,32.2,0.071
266,-1,929.7,305.8,11.9,29.8,0.066
266,-1,1586.2,446.8,104.9,391.4,0.064
266,-1,987.0,292.0,33.6,154.6,0.063
267,-1,1459.1,272.9,229.7,694.2,1.000
267,-1,706.6,277.7,67.2,188.5,0.999
267,-1,54.5,296.1,71.2,196.7,0.999
267,-1,1736.8,251.6,181.1,742.4,0.999
267,-1,1161.0,309.2,52.8,150.6,0.997
267,-1,1010.6,296.9,40.8,143.2,0.996
267,-1,0.0,284.2,34.4,211.6,0.996
267,-1,1125.7,298.5,43.4,125.9,0.995
267,-1,309.3,295.6,50.0,115.2,0.994
267,-1,967.7,290.0,50.0,165.2,0.993
267,-1,1246.9,304.3,38.8,117.0,0.989
267,-1,298.9,291.9,24.3,57.4,0.988
267,-1,547.7,280.2,50.1,156.6,0.976
267,-1,595.0,282.4,28.7,98.0,0.963
267,-1,855.1,311.8,21.1,58.6,0.962
267,-1,1039.3,307.8,30.3,118.1,0.950
267,-1,527.7,302.0,33.6,138.6,0.934
267,-1,765.4,308.7,17.5,49.0,0.927
267,-1,227.1,291.7,21.0,67.9,0.888
267,-1,833.7,320.2,15.2,38.9,0.871
267,-1,1082.2,318.8,14.4,43.4,0.858
267,-1,182.0,273.1,29.1,90.4,0.814
267,-1,786.2,312.2,17.2,45.4,0.747
267,-1,1147.7,300.7,25.9,118.3,0.723
267,-1,805.6,313.0,14.1,38.6,0.650
267,-1,205.9,296.7,20.8,58.3,0.591
267,-1,250.3,280.7,29.9,83.6,0.545
267,-1,837.8,313.6,16.1,46.0,0.405
267,-1,843.8,312.2,14.0,44.1,0.353
267,-1,960.2,306.7,24.1,116.8,0.340
267,-1,1797.4,211.1,120.8,190.7,0.339
267,-1,794.7,316.4,17.0,38.1,0.232
267,-1,945.0,346.2,20.4,43.3,0.219
267,-1,827.9,310.6,14.8,43.3,0.162
267,-1,788.2,306.9,16.4,25.9,0.149
267,-1,231.4,281.1,41.3,83.8,0.149
267,-1,532.2,302.0,24.8,73.5,0.141
267,-1,960.1,311.2,22.5,60.1,0.134
267,-1,945.2,305.0,33.5,104.8,0.133
267,-1,665.8,314.1,49.0,57.2,0.131
267,-1,1592.8,450.2,104.9,380.6,0.125
267,-1,846.6,311.1,19.3,53.2,0.116
267,-1,537.8,300.5,19.7,35.0,0.106
267,-1,818.0,311.1,16.8,41.3,0.101
267,-1,1794.9,325.6,53.0,78.1,0.095
267,-1,801.2,300.2,14.2,23.2,0.095
267,-1,1763.0,229.3,150.5,284.3,0.092
267,-1,1799.6,254.4,75.8,150.4,0.082
267,-1,792.0,302.7,13.3,21.7,0.077
267,-1,954.0,301.6,38.9,147.5,0.067
267,-1,210.0,291.5,44.1,72.6,0.051
268,-1,1461.7,266.0,236.5,687.9,0.999
268,-1,1729.1,233.5,186.9,762.3,0.999
268,-1,54.5,295.1,71.6,198.2,0.999
268,-1,706.5,276.1,68.4,191.6,0.999
268,-1,1010.5,295.6,40.8,143.2,0.997
268,-1,1163.4,307.4,54.0,152.5,0.997
268,-1,1126.2,297.3,44.4,127.3,0.995
268,-1,0.3,283.0,35.6,210.6,0.993
268,-1,1247.3,302.9,43.2,115.3,0.993
268,-1,309.4,296.6,51.4,113.7,0.992
268,-1,968.1,293.7,50.1,160.9,0.989
268,-1,299.2,291.3,24.7,57.8,0.988
268,-1,551.8,279.1,49.2,147.4,0.982
268,-1,596.0,293.2,28.4,85.9,0.976
268,-1,1039.8,306.0,33.8,120.8,0.970
268,-1,858.7,312.6,21.2,57.0,0.964
268,-1,525.1,299.9,36.7,144.0,0.951
268,-1,834.0,312.9,15.8,46.3,0.949
268,-1,766.5,307.8,18.1,48.9,0.906
268,-1,787.1,310.5,17.2,46.7,0.872
268,-1,805.7,312.0,13.9,39.8,0.838
268,-1,1084.1,318.7,14.2,41.0,0.790
268,-1,182.5,273.1,28.1,91.5,0.758
268,-1,227.7,292.2,20.9,66.1,0.712
268,-1,1147.1,301.6,28.4,119.0,0.681
268,-1,208.9,298.8,22.4,55.2,0.557
268,-1,839.0,312.5,16.0,44.7,0.551
268,-1,251.3,281.2,29.7,80.9,0.423
268,-1,793.7,315.7,17.5,38.6,0.323
268,-1,933.8,283.0,41.5,114.9,0.309
268,-1,214.6,296.2,29.2,61.6,0.265
268,-1,961.9,309.6,20.6,89.2,0.255
268,-1,811.3,312.1,13.0,39.0,0.254
268,-1,845.5,312.6,15.4,43.7,0.245
268,-1,226.7,284.0,43.5,79.8,0.193
268,-1,185.6,282.9,55.7,83.4,0.180
268,-1,946.2,345.7,19.1,46.6,0.178
268,-1,252.7,285.7,27.4,38.7,0.176
268,-1,1601.1,475.1,82.9,351.0,0.118
268,-1,851.5,311.4,19.3,54.5,0.117
268,-1,533.2,301.4,23.0,64.3,0.102
268,-1,570.9,289.5,34.3,91.6,0.097
268,-1,824.5,312.3,15.3,37.8,0.087
268,-1,537.9,301.0,18.4,35.0,0.081
268,-1,958.7,303.0,42.1,140.7,0.077
268,-1,1748.8,238.8,168.5,394.1,0.074
268,-1,815.4,311.7,15.2,35.9,0.058
268,-1,666.4,312.0,49.9,58.5,0.054
268,-1,797.0,306.1,13.7,31.5,0.053
268,-1,822.2,306.5,16.8,29.7,0.050
269,-1,1461.7,260.2,243.4,713.2,1.000
269,-1,1711.0,234.4,204.1,774.7,0.999
269,-1,703.2,274.6,71.8,195.3,0.999
269,-1,49.3,293.5,81.4,196.4,0.998
269,-1,1009.9,294.4,43.2,144.8,0.997
269,-1,1167.1,307.7,51.7,152.7,0.996
269,-1,974.7,291.5,42.2,159.7,0.996
269,-1,0.3,282.8,35.7,207.7,0.995
269,-1,1125.4,296.3,44.1,129.1,0.993
269,-1,1248.9,303.7,40.1,117.1,0.989
269,-1,594.0,296.5,32.9,83.1,0.989
269,-1,308.0,295.5,52.8,115.5,0.988
269,-1,297.7,291.2,25.0,58.2,0.965
269,-1,549.2,280.1,47.0,105.8,0.962
269,-1,1036.4,305.9,33.4,123.5,0.961
269,-1,519.8,303.2,39.4,137.0,0.902
269,-1,855.9,308.9,21.0,59.4,0.899
269,-1,833.6,311.8,17.0,47.1,0.881
269,-1,765.7,305.7,20.5,51.3,0.850
269,-1,1147.7,299.6,28.8,122.7,0.829
269,-1,180.8,272.5,31.9,90.5,0.827
269,-1,786.4,310.4,22.3,46.2,0.727
269,-1,934.7,290.4,45.7,106.6,0.694
269,-1,1085.0,318.4,15.0,39.7,0.654
269,-1,993.8,294.2,46.2,153.9,0.621
269,-1,532.0,285.8,51.8,162.4,0.579
269,-1,183.0,277.3,62.0,89.9,0.456
269,-1,784.7,288.4,14.5,30.1,0.421
269,-1,1090.8,316.7,12.0,40.2,0.412
269,-1,229.7,291.1,18.9,63.0,0.387
269,-1,806.3,309.9,16.7,39.4,0.360
269,-1,842.8,318.3,16.8,40.3,0.309
269,-1,215.8,287.3,53.7,77.5,0.308
269,-1,797.9,295.3,14.5,26.8,0.252
269,-1,848.8,312.9,21.6,51.9,0.246
269,-1,785.9,308.6,20.4,27.1,0.238
269,-1,215.9,297.7,33.5,60.8,0.221
269,-1,951.7,301.8,29.4,84.8,0.220
269,-1,817.1,307.8,21.8,42.8,0.202
269,-1,802.2,297.0,13.9,30.1,0.177
269,-1,801.2,315.9,15.1,37.5,0.175
269,-1,825.9,309.6,19.9,41.6,0.154
269,-1,937.8,309.4,31.0,73.0,0.134
269,-1,1113.9,336.1,17.2,27.8,0.130
269,-1,250.9,280.0,31.0,47.3,0.129
269,-1,795.2,304.4,21.1,42.1,0.115
269,-1,206.6,297.3,27.8,58.4,0.114
269,-1,786.2,300.9,19.1,24.4,0.091
269,-1,753.0,288.9,18.7,34.0,0.076
269,-1,814.3,295.1,24.0,25.1,0.069
269,-1,811.7,314.2,18.6,38.7,0.066
269,-1,943.6,337.5,25.2,51.9,0.059
269,-1,937.1,288.5,41.2,48.3,0.056
270,-1,1463.3,268.0,243.4,708.2,1.000
270,-1,1693.0,232.3,222.7,779.0,0.999
270,-1,713.7,275.2,61.6,191.0,0.998
270,-1,49.3,293.5,80.4,194.9,0.998
270,-1,1009.6,291.4,45.9,145.4,0.996
270,-1,1170.0,307.5,53.0,152.7,0.995
270,-1,0.0,281.8,35.3,183.1,0.995
270,-1,974.1,287.7,45.7,163.7,0.994
270,-1,1128.7,296.9,49.1,128.5,0.993
270,-1,594.6,295.0,34.8,84.6,0.987
270,-1,311.5,292.9,49.8,118.3,0.983
270,-1,1253.5,304.7,34.2,107.1,0.983
270,-1,1043.0,305.9,28.2,119.8,0.953
270,-1,547.6,282.1,48.4,103.7,0.949
270,-1,297.2,289.8,27.2,55.2,0.935
270,-1,787.1,311.5,25.5,44.9,0.800
270,-1,514.9,303.1,41.4,141.3,0.697
270,-1,766.6,309.4,21.6,50.0,0.638
270,-1,231.6,290.7,17.4,67.3,0.616
270,-1,518.5,302.4,33.7,71.1,0.610
270,-1,858.4,307.5,17.8,54.2,0.601
270,-1,184.9,281.8,49.5,86.8,0.539
270,-1,530.4,286.8,48.8,157.1,0.506
270,-1,843.6,319.3,23.3,39.3,0.355
270,-1,71.0,295.2,59.8,110.0,0.342
270,-1,787.8,310.7,22.8,25.5,0.270
270,-1,957.4,313.5,25.0,78.2,0.238
270,-1,1157.0,314.3,23.5,103.9,0.223
270,-1,233.9,279.5,44.0,79.1,0.216
270,-1,865.3,311.5,15.2,41.4,0.211
270,-1,937.7,299.9,44.3,95.7,0.196
270,-1,204.8,296.1,37.6,60.5,0.128
270,-1,1772.1,225.0,147.5,584.7,0.122
270,-1,806.3,250.2,24.9,42.2,0.113
270,-1,834.0,312.6,20.3,39.1,0.113
270,-1,520.3,291.5,59.9,88.3,0.103
270,-1,851.3,308.0,23.6,35.1,0.097
270,-1,955.7,303.0,47.1,139.0,0.076
270,-1,806.5,309.7,18.6,38.0,0.064
270,-1,1258.8,303.7,21.0,28.1,0.058
270,-1,828.4,265.0,29.6,25.4,0.056
270,-1,843.6,309.5,17.0,27.5,0.052
271,-1,1448.1,261.9,261.9,725.0,1.000
271,-1,708.0,277.1,64.3,200.4,0.999
271,-1,1687.0,241.8,231.5,778.7,0.999
271,-1,45.5,296.6,70.5,195.0,0.998
271,-1,1007.7,295.5,43.2,147.4,0.998
271,-1,1166.8,309.8,58.0,153.2,0.996
271,-1,969.9,291.0,45.6,162.6,0.995
271,-1,1127.2,297.8,47.0,130.5,0.994
271,-1,307.0,297.1,48.4,117.6,0.993
271,-1,594.5,297.3,33.2,85.9,0.993
271,-1,292.8,294.5,23.9,57.2,0.987
271,-1,0.3,282.0,32.3,205.2,0.986
271,-1,1249.0,304.7,41.7,115.1,0.984
271,-1,536.3,285.2,56.1,157.4,0.975
271,-1,1037.9,309.0,32.1,124.1,0.973
271,-1,859.0,313.6,20.4,56.6,0.963
271,-1,516.2,305.5,40.3,142.4,0.870
271,-1,766.2,311.5,19.0,46.7,0.848
271,-1,832.2,308.5,19.1,51.7,0.826
271,-1,785.5,315.2,23.8,43.5,0.810
271,-1,186.4,283.8,27.2,87.4,0.734
271,-1,806.2,315.9,15.6,36.9,0.472
271,-1,1086.3,320.4,13.9,38.5,0.419
271,-1,204.7,305.3,25.6,52.3,0.313
271,-1,945.7,300.9,34.2,107.1,0.309
271,-1,227.6,295.1,17.9,64.1,0.287
271,-1,843.4,313.7,14.5,44.8,0.266
271,-1,956.9,310.7,17.8,53.9,0.261
271,-1,1158.3,319.5,21.5,93.8,0.246
271,-1,791.8,314.0,24.0,38.3,0.243
271,-1,816.0,301.6,21.6,52.5,0.233
271,-1,525.9,304.0,19.2,45.5,0.205
271,-1,933.8,306.7,14.7,29.3,0.186
271,-1,802.6,302.0,18.4,38.3,0.177
271,-1,949.0,300.7,24.0,58.2,0.163
271,-1,183.6,292.7,52.8,79.1,0.159
271,-1,959.3,309.6,21.7,87.4,0.144
271,-1,220.7,293.8,50.9,74.0,0.138
271,-1,520.2,306.8,25.4,73.7,0.133
271,-1,1772.9,242.3,146.6,526.2,0.125
271,-1,829.3,309.7,16.7,28.0,0.107
271,-1,248.7,286.0,31.2,75.7,0.107
271,-1,816.0,300.8,21.2,25.9,0.104
271,-1,196.5,302.8,59.2,67.8,0.098
271,-1,949.3,298.4,18.9,23.4,0.097
271,-1,848.5,314.6,20.9,52.5,0.085
271,-1,797.9,300.9,15.9,28.9,0.058
271,-1,955.4,298.8,34.3,124.9,0.056
271,-1,580.7,296.1,19.2,78.1,0.055
271,-1,812.2,298.3,19.1,22.8,0.054
272,-1,1446.6,269.8,265.0,719.6,0.999
272,-1,44.0,303.5,72.1,193.6,0.998
272,-1,1691.4,247.6,228.6,778.5,0.998
272,-1,708.1,279.2,62.5,200.1,0.998
272,-1,967.0,296.4,47.2,163.7,0.996
272,-1,1127.6,300.7,47.9,133.7,0.995
272,-1,1169.7,314.2,52.6,154.4,0.994
272,-1,1003.3,300.8,41.1,144.1,0.989
272,-1,592.9,299.7,35.3,86.8,0.989
272,-1,0.4,289.7,28.1,204.6,0.988
272,-1,1250.1,306.9,37.4,110.5,0.987
272,-1,307.8,298.1,47.4,118.9,0.985
272,-1,287.1,294.9,28.8,62.4,0.972
272,-1,1036.1,313.1,32.6,122.9,0.969
272,-1,538.8,290.2,56.3,98.8,0.931
272,-1,1149.2,314.4,28.8,110.6,0.701
272,-1,856.9,313.4,15.8,60.0,0.637
272,-1,1081.6,320.6,15.9,50.0,0.627
272,-1,508.7,302.8,47.5,147.0,0.609
272,-1,224.8,299.4,16.9,62.4,0.605
272,-1,176.5,285.3,39.1,96.8,0.569
272,-1,247.4,287.3,29.6,71.0,0.445
272,-1,941.3,297.5,31.1,66.6,0.412
272,-1,200.5,302.7,57.3,72.1,0.368
272,-1,933.2,295.0,46.9,111.1,0.332
272,-1,58.3,304.2,59.6,118.6,0.259
272,-1,57.7,300.8,50.0,60.3,0.243
272,-1,363.5,328.6,32.2,33.7,0.238
272,-1,942.0,294.4,59.5,153.6,0.233
272,-1,186.6,301.1,38.8,73.5,0.216
272,-1,802.2,309.1,18.0,47.3,0.210
272,-1,511.8,304.3,34.8,93.7,0.165
272,-1,831.1,326.4,17.6,40.8,0.164
272,-1,784.5,318.3,22.8,41.0,0.150
272,-1,198.6,305.9,36.0,60.3,0.143
272,-1,1201.8,319.1,23.5,78.3,0.131
272,-1,932.3,318.6,27.6,43.8,0.126
272,-1,1089.1,314.2,13.2,47.5,0.114
272,-1,177.6,281.4,70.3,96.2,0.097
272,-1,945.3,295.8,28.6,36.3,0.095
272,-1,808.2,309.4,21.4,47.1,0.095
272,-1,1112.1,329.6,18.0,41.1,0.090
272,-1,763.2,317.3,20.3,41.5,0.066
272,-1,574.4,311.1,23.3,70.7,0.063
272,-1,225.3,290.0,37.3,78.6,0.063
272,-1,1640.5,421.8,79.9,401.6,0.062
272,-1,286.5,294.2,34.1,107.0,0.051
272,-1,933.9,303.4,24.4,41.3,0.050
272,-1,838.4,316.5,20.6,48.8,0.050
273,-1,40.0,305.1,77.0,191.1,0.999
273,-1,1448.7,267.2,260.8,722.7,0.999
273,-1,704.9,283.6,60.2,192.3,0.999
273,-1,1698.1,248.2,221.9,781.0,0.998
273,-1,964.0,295.0,44.3,162.2,0.997
273,-1,1159.0,314.1,63.3,150.3,0.996
273,-1,1123.3,301.1,48.9,131.6,0.996
273,-1,588.8,301.9,37.7,83.4,0.995
273,-1,1000.5,299.9,43.9,143.9,0.995
273,-1,299.5,300.8,49.2,116.7,0.989
273,-1,1245.6,305.9,40.0,105.1,0.982
273,-1,0.3,322.2,25.5,171.0,0.970
273,-1,531.4,286.2,61.3,138.4,0.967
273,-1,1031.6,310.4,32.7,122.0,0.960
273,-1,282.7,297.4,26.8,56.9,0.955
273,-1,851.2,310.7,17.9,60.0,0.881
273,-1,506.4,303.1,43.3,149.5,0.847
273,-1,1147.0,311.5,30.0,112.2,0.777
273,-1,780.9,313.2,24.0,48.2,0.621
273,-1,931.7,300.9,45.6,102.7,0.604
273,-1,760.3,313.1,21.4,46.0,0.483
273,-1,57.2,302.9,62.4,112.6,0.410
273,-1,802.6,291.0,50.1,69.4,0.365
273,-1,943.2,307.8,29.8,71.8,0.348
273,-1,937.7,317.5,27.1,73.9,0.328
273,-1,197.3,312.2,31.0,51.6,0.317
273,-1,56.4,302.1,47.9,57.7,0.296
273,-1,809.1,294.2,30.8,30.4,0.294
273,-1,942.7,315.0,24.3,44.9,0.257
273,-1,813.5,308.7,23.5,46.6,0.225
273,-1,744.0,292.1,20.7,27.7,0.223
273,-1,221.1,298.9,17.1,40.8,0.190
273,-1,219.5,303.6,17.8,59.3,0.169
273,-1,927.9,321.6,23.3,42.9,0.121
273,-1,1107.9,342.7,19.7,25.5,0.118
273,-1,190.4,306.9,55.5,66.2,0.112
273,-1,509.3,290.6,69.6,170.8,0.110
273,-1,826.8,318.4,19.1,44.0,0.097
273,-1,242.4,296.6,31.2,68.7,0.097
273,-1,944.9,297.6,44.6,145.0,0.073
273,-1,834.3,313.3,19.8,45.8,0.068
273,-1,801.5,310.2,23.8,45.3,0.064
273,-1,957.4,308.1,21.3,48.3,0.063
273,-1,209.5,300.8,49.7,70.7,0.054
273,-1,934.3,326.6,22.5,50.0,0.052
273,-1,785.9,294.0,20.2,28.3,0.051
274,-1,1450.8,271.6,260.9,724.4,0.999
274,-1,1707.2,250.0,211.1,732.0,0.999
274,-1,34.6,303.3,86.4,194.0,0.998
274,-1,703.9,281.4,59.7,196.6,0.998
274,-1,1121.8,301.8,50.4,131.2,0.997
274,-1,960.8,295.6,47.6,164.6,0.997
274,-1,1161.0,315.4,58.8,151.1,0.996
274,-1,587.4,301.7,38.7,83.7,0.995
274,-1,1001.0,301.2,41.3,143.3,0.992
274,-1,300.0,298.9,46.4,120.4,0.985
274,-1,1247.2,306.7,32.5,102.5,0.985
274,-1,0.6,324.9,33.0,169.6,0.972
274,-1,534.9,289.4,56.1,100.6,0.962
274,-1,1032.0,314.3,31.7,117.8,0.960
274,-1,279.6,297.6,28.4,57.6,0.946
274,-1,850.7,310.7,17.5,60.4,0.858
274,-1,503.0,306.2,45.6,137.1,0.842
274,-1,52.8,304.1,64.0,120.6,0.761
274,-1,1145.5,319.5,30.5,102.9,0.506
274,-1,505.3,305.8,31.2,81.7,0.459
274,-1,218.4,299.1,18.8,64.2,0.432
274,-1,56.1,304.6,48.3,59.8,0.343
274,-1,757.1,315.5,23.4,45.0,0.338
274,-1,778.3,316.7,24.0,45.3,0.289
274,-1,804.1,307.8,24.1,49.7,0.266
274,-1,927.5,308.8,44.9,142.4,0.251
274,-1,193.7,311.0,33.5,54.9,0.241
274,-1,183.7,301.8,52.2,73.9,0.217
274,-1,162.2,257.4,44.0,120.7,0.204
274,-1,927.7,320.4,28.6,46.0,0.199
274,-1,929.7,319.0,34.1,79.3,0.190
274,-1,239.2,295.3,30.4,69.8,0.142
274,-1,204.9,300.5,48.8,73.0,0.107
274,-1,941.0,311.1,25.6,57.4,0.100
274,-1,836.2,320.3,18.5,43.5,0.094
274,-1,1251.4,306.3,19.2,28.2,0.091
274,-1,784.1,305.9,30.2,51.1,0.089
274,-1,1882.9,354.4,37.1,683.2,0.086
274,-1,952.4,312.7,27.5,60.5,0.055
274,-1,281.5,297.6,40.5,116.7,0.053
274,-1,923.6,335.1,25.3,31.9,0.051
275,-1,1453.4,275.4,258.9,726.0,0.999
275,-1,29.2,303.5,87.6,194.0,0.998
275,-1,1706.1,247.7,213.9,709.1,0.998
275,-1,698.1,280.6,61.5,197.3,0.998
275,-1,960.9,296.9,47.3,162.6,0.998
275,-1,1157.5,313.7,61.2,150.7,0.997
275,-1,1120.8,297.5,49.8,133.7,0.996
275,-1,584.5,301.7,41.4,81.5,0.995
275,-1,1000.4,301.1,38.4,141.7,0.990
275,-1,1248.8,303.7,36.1,120.0,0.988
275,-1,296.2,298.4,47.2,120.6,0.988
275,-1,274.9,296.4,29.6,59.1,0.985
275,-1,1027.0,310.4,33.9,126.2,0.981
275,-1,525.6,287.9,62.2,101.0,0.968
275,-1,0.2,326.7,32.4,167.9,0.958
275,-1,500.9,304.5,41.5,146.9,0.900
275,-1,850.4,311.2,18.9,59.0,0.893
275,-1,918.4,296.3,45.5,104.7,0.720
275,-1,166.6,298.1,35.5,80.7,0.708
275,-1,215.4,298.5,18.7,64.1,0.702
275,-1,50.2,305.4,60.7,107.0,0.694
275,-1,1150.1,319.8,24.2,91.2,0.579
275,-1,928.9,303.9,31.4,68.8,0.552
275,-1,237.3,293.0,30.0,72.6,0.519
275,-1,923.5,298.2,50.4,155.4,0.508
275,-1,51.0,303.8,48.6,65.6,0.442
275,-1,776.1,316.8,24.6,42.9,0.411
275,-1,156.6,285.6,24.3,92.5,0.374
275,-1,511.3,303.7,18.9,42.5,0.352
275,-1,1244.0,304.9,27.5,96.1,0.343
275,-1,187.0,309.4,59.0,67.6,0.334
275,-1,935.4,310.2,34.1,84.9,0.263
275,-1,822.9,313.4,18.2,49.9,0.255
275,-1,190.5,313.5,36.3,54.4,0.208
275,-1,505.0,303.4,26.9,80.7,0.196
275,-1,805.7,303.8,23.8,53.8,0.185
275,-1,206.4,298.4,53.9,73.2,0.177
275,-1,1079.1,314.5,15.5,43.5,0.137
275,-1,923.6,318.3,20.8,48.7,0.137
275,-1,795.6,305.9,18.7,49.2,0.123
275,-1,757.1,314.0,21.2,44.8,0.118
275,-1,925.8,318.8,29.8,78.2,0.089
275,-1,947.4,303.5,25.2,56.5,0.078
275,-1,813.0,303.8,28.8,51.9,0.077
275,-1,834.6,315.5,19.6,49.0,0.065
275,-1,936.0,298.0,33.2,26.7,0.056
276,-1,1455.0,269.0,255.9,739.6,0.999
276,-1,953.6,298.5,47.8,164.5,0.999
276,-1,19.8,309.6,78.9,191.3,0.998
276,-1,1711.6,245.6,208.4,715.7,0.998
276,-1,578.6,300.5,39.4,87.8,0.998
276,-1,692.5,280.9,57.6,200.6,0.997
276,-1,993.8,299.4,31.3,143.9,0.996
276,-1,1155.0,314.0,57.0,149.3,0.996
276,-1,509.9,289.4,65.3,168.0,0.995
276,-1,1113.9,297.3,49.8,136.2,0.994
276,-1,283.2,301.0,48.6,118.0,0.984
276,-1,1237.7,304.2,33.0,109.7,0.984
276,-1,264.1,298.3,28.3,58.6,0.975
276,-1,1021.2,311.7,31.4,120.6,0.974
276,-1,924.1,294.6,44.2,103.5,0.818
276,-1,490.3,307.3,30.5,137.4,0.789
276,-1,841.9,312.8,18.8,58.6,0.744
276,-1,769.3,315.3,23.3,46.2,0.725
276,-1,160.0,283.3,31.8,95.0,0.701
276,-1,748.5,314.1,21.8,45.8,0.674
276,-1,735.9,295.3,17.6,49.6,0.631
276,-1,940.6,310.9,29.7,81.9,0.603
276,-1,1003.9,297.7,41.1,145.6,0.536
276,-1,814.9,317.4,16.9,46.2,0.507
276,-1,919.4,305.8,30.7,73.7,0.492
276,-1,794.8,308.8,22.6,49.0,0.431
276,-1,225.0,286.5,32.2,75.7,0.403
276,-1,146.2,283.0,34.4,94.6,0.397
276,-1,788.3,311.5,18.5,46.2,0.389
276,-1,205.0,299.5,16.8,46.1,0.337
276,-1,491.4,303.2,26.7,73.6,0.335
276,-1,928.1,300.2,32.2,64.2,0.326
276,-1,156.5,293.0,64.9,84.9,0.277
276,-1,48.3,315.0,58.4,139.4,0.264
276,-1,493.7,296.8,51.7,160.7,0.250
276,-1,500.1,304.0,17.7,43.5,0.232
276,-1,801.8,302.9,19.6,42.7,0.213
276,-1,1134.6,315.7,32.0,109.3,0.211
276,-1,764.5,300.6,25.5,23.6,0.205
276,-1,769.6,310.2,22.0,28.0,0.170
276,-1,827.5,315.4,17.5,44.3,0.160
276,-1,179.0,310.0,29.9,54.5,0.154
276,-1,205.7,291.1,48.3,78.1,0.154
276,-1,332.8,323.5,39.2,36.3,0.142
276,-1,1070.7,320.2,16.7,38.0,0.119
276,-1,1146.3,324.5,22.4,78.8,0.119
276,-1,789.3,303.3,19.2,24.1,0.116
276,-1,804.0,313.6,17.9,46.6,0.109
276,-1,791.1,300.9,29.5,25.8,0.105
276,-1,775.0,301.2,19.6,28.8,0.099
276,-1,775.0,306.9,25.8,46.5,0.096
276,-1,1619.3,329.8,103.4,495.2,0.091
276,-1,298.1,302.0,33.8,63.4,0.087
276,-1,924.2,305.2,29.5,32.7,0.084
276,-1,917.0,318.3,23.8,48.9,0.084
276,-1,63.4,335.8,41.6,94.0,0.079
276,-1,807.4,301.9,22.4,35.4,0.079
276,-1,822.1,314.1,17.5,51.0,0.070
276,-1,942.3,306.1,25.6,32.4,0.061
276,-1,912.1,309.2,46.2,142.4,0.061
276,-1,804.1,295.5,21.8,29.7,0.059
276,-1,820.1,311.3,17.3,32.6,0.054
277,-1,1450.1,269.8,265.7,733.4,0.999
277,-1,10.5,305.4,85.6,198.6,0.999
277,-1,948.1,296.8,45.9,165.1,0.999
277,-1,681.0,281.4,62.4,201.2,0.999
277,-1,1711.4,242.5,208.6,727.4,0.998
277,-1,1145.2,312.8,60.4,148.4,0.998
277,-1,573.4,303.2,39.0,85.9,0.997
277,-1,1109.7,297.9,46.3,131.6,0.997
277,-1,256.5,298.3,26.4,60.5,0.989
277,-1,501.0,290.2,63.2,167.5,0.989
277,-1,988.2,300.7,36.4,138.8,0.988
277,-1,1232.7,304.0,34.1,111.3,0.986
277,-1,274.9,300.9,48.7,120.1,0.985
277,-1,1011.8,306.2,36.9,128.9,0.978
277,-1,477.4,301.8,35.7,155.5,0.974
277,-1,833.9,313.1,20.9,61.6,0.965
277,-1,741.2,314.6,20.7,45.7,0.901
277,-1,150.0,283.4,27.4,97.2,0.829
277,-1,730.4,296.5,17.8,68.0,0.785
277,-1,763.0,315.9,20.4,45.3,0.717
277,-1,136.4,285.4,23.2,90.8,0.661
277,-1,919.3,298.1,35.6,85.6,0.654
277,-1,782.1,313.6,16.6,42.3,0.646
277,-1,808.3,312.3,17.1,51.7,0.636
277,-1,762.7,314.2,19.8,24.1,0.559
277,-1,913.6,300.7,24.1,74.2,0.401
277,-1,735.0,331.7,15.6,33.9,0.395
277,-1,1066.0,320.3,14.0,37.6,0.299
277,-1,171.8,308.8,27.9,56.3,0.298
277,-1,194.2,299.1,18.3,41.7,0.276
277,-1,820.5,315.8,14.0,34.6,0.261
277,-1,788.3,311.4,21.1,46.5,0.228
277,-1,798.0,313.4,15.4,42.6,0.197
277,-1,486.4,302.2,23.0,49.9,0.179
277,-1,932.5,309.5,27.9,84.4,0.170
277,-1,192.1,295.6,51.2,75.9,0.148
277,-1,1748.2,240.2,171.8,428.9,0.107
277,-1,769.0,316.1,20.5,40.3,0.100
277,-1,920.0,295.2,32.8,50.2,0.086
277,-1,907.9,304.2,49.1,128.5,0.083
277,-1,33.9,306.7,61.2,123.3,0.075
277,-1,780.1,302.2,19.2,24.1,0.075
277,-1,910.9,320.8,16.7,51.0,0.073
277,-1,943.2,317.5,20.6,83.4,0.071
277,-1,1183.1,317.0,25.5,76.8,0.069
277,-1,798.2,297.5,17.7,28.7,0.066
277,-1,1141.1,325.3,21.5,71.2,0.063
277,-1,1618.0,397.3,105.5,423.0,0.054
277,-1,807.5,310.5,15.3,29.1,0.054
277,-1,792.5,304.3,21.1,30.9,0.053
277,-1,1093.2,329.2,14.9,37.8,0.050
278,-1,1443.6,268.3,265.4,739.4,0.999
278,-1,1710.0,236.3,210.0,783.3,0.999
278,-1,0.4,303.2,85.1,202.1,0.998
278,-1,939.8,296.8,48.1,168.5,0.998
278,-1,671.9,280.3,59.6,199.7,0.998
278,-1,1137.7,311.4,60.2,151.0,0.998
278,-1,1100.8,297.2,45.5,131.8,0.996
278,-1,564.4,302.9,37.9,85.3,0.996
278,-1,491.0,290.6,60.7,166.5,0.995
278,-1,462.0,303.7,38.7,159.3,0.992
278,-1,260.8,301.1,53.3,119.8,0.991
278,-1,980.0,298.8,34.9,142.2,0.988
278,-1,245.1,297.9,25.6,62.3,0.987
278,-1,1002.3,308.2,38.9,128.9,0.981
278,-1,1225.9,308.7,33.0,102.0,0.978
278,-1,826.4,314.5,22.1,60.1,0.946
278,-1,799.7,315.7,17.2,48.2,0.926
278,-1,735.1,314.2,19.5,42.9,0.885
278,-1,904.6,292.6,35.2,90.6,0.818
278,-1,130.6,283.7,37.8,96.6,0.802
278,-1,755.1,320.2,20.9,41.9,0.681
278,-1,721.7,295.3,16.0,47.3,0.603
278,-1,774.0,314.3,16.3,41.7,0.576
278,-1,182.0,299.7,19.8,59.5,0.554
278,-1,204.6,293.5,31.4,80.0,0.537
278,-1,721.6,299.6,18.1,82.7,0.509
278,-1,1057.1,319.6,14.3,41.7,0.452
278,-1,122.1,277.3,28.2,106.0,0.369
278,-1,917.7,299.7,29.4,83.5,0.368
278,-1,779.8,312.8,20.9,45.5,0.334
278,-1,811.5,315.1,14.4,44.7,0.291
278,-1,1131.2,316.4,22.2,87.1,0.279
278,-1,231.2,298.7,34.4,69.2,0.264
278,-1,1122.5,301.8,29.0,116.5,0.217
278,-1,724.9,324.2,17.4,39.0,0.200
278,-1,897.1,359.6,45.4,47.7,0.190
278,-1,205.7,291.1,29.5,43.3,0.186
278,-1,925.6,298.0,25.1,23.5,0.175
278,-1,159.9,308.7,24.6,56.2,0.169
278,-1,1209.4,308.4,35.1,87.8,0.155
278,-1,898.4,315.3,48.5,112.6,0.155
278,-1,219.3,296.5,33.0,75.2,0.151
278,-1,1179.5,317.1,21.8,68.1,0.082
278,-1,789.2,314.9,15.6,44.8,0.077
278,-1,929.3,307.5,23.1,76.3,0.074
278,-1,901.1,310.8,21.5,62.4,0.070
278,-1,801.8,309.1,18.4,33.4,0.070
278,-1,277.1,302.9,35.7,56.4,0.068
278,-1,631.6,318.2,50.3,58.5,0.064
278,-1,159.1,299.3,57.1,75.6,0.064
278,-1,901.7,351.6,47.6,103.0,0.059
278,-1,1745.2,236.6,173.3,450.5,0.057
278,-1,726.8,311.1,21.1,50.0,0.056
278,-1,924.4,300.1,23.3,52.7,0.054
278,-1,910.5,296.2,34.2,27.4,0.054
279,-1,1436.0,269.1,256.2,731.7,0.999
279,-1,1709.2,240.5,210.4,758.9,0.999
279,-1,0.0,306.0,69.1,197.1,0.998
279,-1,1130.6,307.4,63.4,151.7,0.997
279,-1,931.0,294.8,50.8,166.5,0.997
279,-1,660.3,286.2,60.5,195.9,0.996
279,-1,555.4,303.5,38.4,83.7,0.996
279,-1,966.1,297.6,38.7,147.4,0.990
279,-1,1091.2,295.9,49.6,132.6,0.988
279,-1,251.8,301.7,52.0,119.0,0.985
279,-1,479.3,287.0,59.6,150.6,0.984
279,-1,1212.6,301.9,40.6,116.0,0.978
279,-1,448.5,302.9,41.3,158.7,0.971
279,-1,232.1,295.5,25.9,64.8,0.971
279,-1,989.2,303.9,42.4,132.6,0.971
279,-1,115.0,279.8,37.4,97.4,0.859
279,-1,887.5,294.0,49.1,105.2,0.851
279,-1,816.8,309.7,22.0,62.0,0.848
279,-1,790.4,312.4,18.0,51.3,0.705
279,-1,171.4,297.9,18.0,67.7,0.680
279,-1,725.4,310.2,21.2,42.3,0.657
279,-1,1201.3,304.5,41.8,93.5,0.477
279,-1,745.2,315.7,22.7,45.3,0.446
279,-1,193.6,292.8,30.5,77.9,0.422
279,-1,129.5,297.3,31.3,75.2,0.390
279,-1,1114.1,303.7,29.4,119.3,0.362
279,-1,797.1,310.6,20.1,50.1,0.331
279,-1,109.1,276.2,26.9,102.8,0.321
279,-1,145.1,304.7,24.1,58.1,0.286
279,-1,217.6,297.1,35.5,71.5,0.275
279,-1,910.3,300.8,31.9,84.6,0.206
279,-1,492.7,285.8,19.9,30.2,0.197
279,-1,775.4,306.9,20.5,47.0,0.184
279,-1,764.0,305.1,19.1,48.5,0.181
279,-1,711.8,316.0,19.6,41.1,0.180
279,-1,1049.7,316.7,15.1,42.4,0.178
279,-1,456.6,302.6,28.7,73.9,0.174
279,-1,711.6,302.3,17.4,39.7,0.164
279,-1,194.7,291.2,28.6,42.1,0.147
279,-1,746.4,308.9,21.9,29.2,0.117
279,-1,885.0,311.2,31.7,86.3,0.116
279,-1,895.7,287.0,61.0,173.4,0.105
279,-1,744.1,296.3,20.4,24.2,0.093
279,-1,883.6,315.7,54.4,133.1,0.092
279,-1,774.4,299.1,25.1,24.9,0.087
279,-1,899.6,292.1,35.4,30.7,0.083
279,-1,887.5,306.8,23.7,63.8,0.081
279,-1,783.2,309.7,21.1,49.9,0.079
279,-1,1116.4,307.1,48.9,130.9,0.062
279,-1,792.5,306.7,23.2,30.1,0.061
279,-1,805.7,315.2,20.1,52.7,0.060
279,-1,754.1,296.5,18.0,27.9,0.055
279,-1,785.7,306.5,21.6,34.3,0.051
280,-1,1427.3,261.0,268.4,721.7,0.999
280,-1,1707.2,225.3,210.7,753.3,0.999
280,-1,652.1,278.8,59.7,202.4,0.998
280,-1,0.0,305.1,64.8,191.4,0.998
280,-1,1087.8,294.0,44.8,130.8,0.998
280,-1,921.5,289.9,59.3,169.2,0.997
280,-1,547.8,299.7,40.3,86.2,0.997
280,-1,1126.0,305.6,59.1,151.9,0.997
280,-1,240.7,298.2,54.7,120.2,0.993
280,-1,467.3,284.0,60.2,162.9,0.991
280,-1,983.8,301.4,41.3,133.8,0.990
280,-1,222.3,294.5,27.4,61.0,0.990
280,-1,963.5,293.5,35.0,143.2,0.981
280,-1,1207.7,299.4,39.2,115.1,0.979
280,-1,810.4,308.2,22.0,61.3,0.950
280,-1,444.0,300.0,34.4,152.1,0.940
280,-1,719.5,310.3,18.2,46.7,0.936
280,-1,739.3,314.8,19.6,44.2,0.846
280,-1,881.1,303.3,36.6,94.1,0.757
280,-1,757.2,312.1,14.5,39.2,0.709
280,-1,1042.8,316.9,12.1,38.6,0.580
280,-1,892.8,298.8,32.0,80.5,0.546
280,-1,878.7,306.0,22.9,66.6,0.536
280,-1,122.6,295.6,24.4,73.7,0.493
280,-1,739.1,310.5,17.8,26.2,0.477
280,-1,784.2,314.5,16.5,46.6,0.407
280,-1,1220.2,317.0,27.9,81.2,0.359
280,-1,795.0,310.6,17.2,42.0,0.320
280,-1,185.1,292.0,30.5,70.9,0.270
280,-1,1113.0,310.0,26.2,107.3,0.239
280,-1,904.0,302.2,28.3,81.8,0.218
280,-1,161.3,296.3,19.0,64.5,0.203
280,-1,138.9,306.4,22.2,53.8,0.172
280,-1,771.7,313.4,14.1,38.5,0.102
280,-1,187.0,293.1,26.9,35.6,0.087
280,-1,748.5,311.6,17.6,41.7,0.083
280,-1,1158.4,311.0,29.3,96.9,0.082
280,-1,1198.4,307.4,30.5,84.7,0.069
280,-1,784.2,304.8,16.7,27.0,0.063
280,-1,755.9,299.3,14.0,31.0,0.061
280,-1,760.1,307.1,17.7,45.5,0.059
280,-1,900.3,294.7,42.5,146.9,0.056
281,-1,1414.7,252.0,286.5,693.7,0.999
281,-1,1692.6,218.5,223.4,770.9,0.999
281,-1,905.9,287.0,58.5,171.7,0.999
281,-1,628.7,272.5,64.4,207.0,0.998
281,-1,1118.8,302.6,53.3,151.9,0.997
281,-1,531.4,300.4,40.2,84.9,0.997
281,-1,1191.0,298.3,42.2,115.5,0.997
281,-1,217.7,297.7,56.6,121.4,0.995
281,-1,970.5,300.5,39.9,131.8,0.992
281,-1,444.2,280.6,58.6,178.2,0.991
281,-1,1072.8,293.5,39.5,128.4,0.991
281,-1,198.8,294.7,26.3,63.2,0.983
281,-1,423.7,302.6,32.4,150.2,0.977
281,-1,793.4,308.6,23.4,60.5,0.967
281,-1,0.3,304.5,40.7,188.2,0.964
281,-1,946.1,291.2,36.6,140.4,0.958
281,-1,703.6,309.0,18.5,47.0,0.953
281,-1,1095.0,302.9,30.3,117.5,0.915
281,-1,869.6,296.2,41.2,116.0,0.875
281,-1,860.1,304.4,20.8,60.3,0.811
281,-1,880.2,302.5,28.8,76.3,0.785
281,-1,723.6,311.0,18.2,46.4,0.669
281,-1,741.3,312.0,13.6,39.2,0.644
281,-1,137.5,295.6,22.4,70.7,0.639
281,-1,767.7,304.8,15.7,54.5,0.636
281,-1,93.7,286.4,29.3,91.2,0.550
281,-1,684.5,316.5,13.4,53.1,0.526
281,-1,949.9,290.9,30.0,81.4,0.473
281,-1,1026.5,313.2,13.4,40.4,0.415
281,-1,0.4,308.0,18.5,184.1,0.353
281,-1,895.1,311.4,19.0,69.7,0.305
281,-1,779.7,312.2,15.0,39.1,0.281
281,-1,137.6,295.2,19.9,40.0,0.277
281,-1,856.5,298.8,36.4,107.7,0.242
281,-1,751.3,311.4,15.8,38.6,0.211
281,-1,175.2,293.7,35.9,78.2,0.209
281,-1,689.1,314.9,14.2,49.7,0.195
281,-1,161.9,288.6,31.5,79.2,0.166
281,-1,116.5,307.8,22.8,52.9,0.146
281,-1,755.3,303.8,17.1,45.6,0.144
281,-1,731.4,314.7,14.8,40.2,0.134
281,-1,0.3,284.1,21.2,447.2,0.128
281,-1,761.1,310.9,13.8,40.0,0.118
281,-1,746.2,305.9,15.1,44.6,0.093
281,-1,1152.3,309.6,21.7,89.2,0.079
281,-1,0.0,244.6,39.4,457.9,0.070
281,-1,1056.5,322.4,16.1,42.2,0.069
281,-1,769.1,301.9,14.3,28.6,0.067
281,-1,885.1,300.6,24.2,46.4,0.053
281,-1,881.8,289.7,21.4,26.9,0.050
282,-1,1405.2,248.2,263.4,699.7,0.999
282,-1,894.1,285.4,62.5,171.6,0.999
282,-1,1682.2,211.5,233.6,780.3,0.999
282,-1,619.8,271.3,67.0,208.9,0.998
282,-1,1185.9,297.0,40.5,117.3,0.998
282,-1,1114.1,300.7,53.5,151.5,0.997
282,-1,1065.4,290.2,43.6,131.8,0.997
282,-1,524.5,298.9,40.5,86.0,0.997
282,-1,208.5,299.4,54.8,122.2,0.994
282,-1,435.2,281.1,57.3,168.6,0.994
282,-1,965.4,297.2,37.0,132.5,0.993
282,-1,695.5,310.0,18.0,47.0,0.983
282,-1,186.8,295.0,28.3,63.0,0.975
282,-1,786.9,306.8,23.3,61.4,0.969
282,-1,939.2,289.2,34.9,142.3,0.925
282,-1,414.9,302.0,32.5,148.5,0.915
282,-1,758.0,304.7,19.0,51.4,0.853
282,-1,731.1,307.3,17.6,43.0,0.813
282,-1,716.4,313.1,17.2,44.4,0.785
282,-1,864.3,298.9,34.2,85.1,0.777
282,-1,1080.4,303.5,38.0,116.9,0.770
282,-1,81.7,289.2,32.1,89.3,0.720
282,-1,1020.2,312.0,12.7,40.1,0.670
282,-1,1096.3,312.0,22.7,92.0,0.665
282,-1,851.5,304.2,18.3,62.7,0.592
282,-1,127.3,296.5,20.6,69.3,0.554
282,-1,942.7,290.4,29.1,75.6,0.527
282,-1,104.0,305.1,20.8,56.6,0.498
282,-1,878.3,302.6,26.4,78.2,0.480
282,-1,771.3,311.2,16.4,40.6,0.382
282,-1,886.7,294.9,24.1,93.7,0.288
282,-1,673.5,310.5,15.6,58.3,0.238
282,-1,1100.9,311.5,15.4,26.9,0.204
282,-1,887.6,296.5,22.9,42.5,0.183
282,-1,157.7,290.1,35.0,81.6,0.183
282,-1,944.9,288.6,18.8,22.9,0.164
282,-1,869.6,291.5,39.1,114.4,0.134
282,-1,59.9,287.2,24.8,90.7,0.122
282,-1,857.7,303.5,20.3,64.4,0.119
282,-1,1095.9,296.7,18.6,41.1,0.107
282,-1,1099.1,312.8,19.2,45.0,0.101
282,-1,680.5,310.1,14.3,56.2,0.095
282,-1,749.7,306.6,16.7,44.3,0.085
282,-1,0.2,317.3,29.1,147.9,0.080
282,-1,944.2,290.0,24.3,37.6,0.074
282,-1,684.9,308.1,14.6,48.8,0.069
282,-1,738.3,307.8,18.0,42.3,0.064
282,-1,1595.6,413.4,111.5,374.9,0.058
282,-1,867.4,293.4,32.1,44.6,0.058
282,-1,1048.8,316.8,13.6,40.5,0.050
283,-1,1672.9,206.5,244.9,804.8,1.000
283,-1,1405.6,244.3,264.9,702.0,0.999
283,-1,608.7,269.6,68.8,202.7,0.998
283,-1,890.4,287.9,60.7,169.0,0.998
283,-1,1059.3,289.0,48.4,131.7,0.997
283,-1,1110.5,300.6,52.8,151.3,0.997
283,-1,1181.5,297.0,40.5,114.6,0.997
283,-1,962.6,298.2,32.9,128.6,0.996
283,-1,518.8,298.0,41.3,85.3,0.996
283,-1,420.9,278.4,62.8,181.2,0.991
283,-1,199.3,298.8,54.6,121.0,0.989
283,-1,689.4,308.9,18.4,47.0,0.986
283,-1,176.8,294.4,26.2,62.6,0.978
283,-1,780.0,309.1,23.1,57.8,0.973
283,-1,1078.8,295.2,35.5,123.1,0.959
283,-1,751.7,306.1,18.0,51.0,0.920
283,-1,850.8,297.4,46.8,112.3,0.919
283,-1,935.0,291.1,31.2,94.6,0.904
283,-1,404.1,299.7,32.9,156.1,0.895
283,-1,724.0,306.1,18.0,44.9,0.757
283,-1,855.4,302.4,32.7,78.4,0.731
283,-1,1013.2,309.8,15.4,47.2,0.676
283,-1,708.5,311.9,17.6,42.3,0.581
283,-1,665.9,311.8,16.9,56.5,0.422
283,-1,845.9,307.4,17.3,48.8,0.366
283,-1,764.7,311.5,15.3,41.7,0.324
283,-1,875.7,305.0,24.4,75.0,0.298
283,-1,143.7,289.0,31.4,77.1,0.297
283,-1,1091.6,309.3,22.2,95.3,0.295
283,-1,119.5,295.5,17.7,37.3,0.292
283,-1,163.5,293.6,32.9,78.7,0.255
283,-1,716.1,313.8,14.2,38.9,0.219
283,-1,845.3,303.7,23.1,75.8,0.215
283,-1,1196.0,312.1,25.1,77.9,0.168
283,-1,879.6,294.2,23.3,34.6,0.158
283,-1,731.7,308.0,17.0,43.5,0.158
283,-1,703.2,311.9,15.4,43.3,0.155
283,-1,118.6,299.7,18.3,61.3,0.126
283,-1,736.7,304.1,17.3,45.6,0.109
283,-1,95.8,307.2,25.0,53.9,0.098
283,-1,875.4,290.7,27.4,23.8,0.078
283,-1,0.5,282.5,37.8,181.9,0.072
283,-1,868.2,289.7,27.0,21.7,0.055
283,-1,736.0,296.6,23.1,25.6,0.053
284,-1,1672.1,210.9,246.1,787.2,0.999
284,-1,1404.4,238.0,267.5,718.2,0.999
284,-1,597.3,269.7,74.8,203.3,0.998
284,-1,881.4,285.3,64.2,171.4,0.998
284,-1,1053.7,287.9,44.2,134.2,0.997
284,-1,1102.9,300.4,55.2,150.8,0.997
284,-1,511.9,298.3,41.2,85.6,0.997
284,-1,1175.0,292.7,40.7,117.4,0.995
284,-1,950.8,297.4,41.3,130.8,0.992
284,-1,407.9,282.0,65.6,172.6,0.991
284,-1,189.9,298.0,55.6,124.2,0.980
284,-1,159.0,295.5,36.2,73.0,0.968
284,-1,682.8,309.2,18.7,46.1,0.967
284,-1,774.0,306.9,20.1,58.0,0.943
284,-1,746.2,304.8,19.3,52.9,0.908
284,-1,65.1,289.4,30.3,90.5,0.847
284,-1,394.6,300.8,33.3,150.0,0.843
284,-1,846.0,300.1,36.1,80.4,0.787
284,-1,700.9,310.0,20.4,47.2,0.751
284,-1,926.9,286.9,33.3,145.3,0.739
284,-1,1007.8,310.5,14.5,43.2,0.666
284,-1,720.1,308.9,16.4,43.9,0.655
284,-1,827.3,300.5,28.0,58.9,0.529
284,-1,1080.8,297.2,26.3,114.9,0.526
284,-1,757.8,311.0,16.3,46.0,0.521
284,-1,110.6,297.0,20.3,66.0,0.509
284,-1,398.7,303.2,24.1,85.9,0.454
284,-1,125.1,283.8,45.8,88.0,0.442
284,-1,936.1,291.8,40.4,137.8,0.377
284,-1,50.4,279.2,38.8,101.7,0.356
284,-1,908.5,284.5,45.3,159.6,0.338
284,-1,829.7,301.6,45.2,97.1,0.299
284,-1,85.6,308.0,25.4,55.3,0.289
284,-1,929.4,295.9,29.5,77.3,0.268
284,-1,874.9,300.5,21.5,74.5,0.233
284,-1,43.6,283.4,29.5,92.8,0.201
284,-1,721.6,295.2,19.9,53.6,0.178
284,-1,653.8,303.4,20.7,65.8,0.171
284,-1,699.3,302.2,21.1,31.4,0.168
284,-1,857.6,293.0,36.0,92.9,0.167
284,-1,731.7,301.3,19.2,51.9,0.140
284,-1,865.4,290.2,30.3,24.4,0.104
284,-1,674.8,309.8,18.9,48.0,0.092
284,-1,381.2,290.6,49.9,218.1,0.089
284,-1,1193.2,313.2,22.1,68.7,0.085
284,-1,720.6,294.0,16.2,31.4,0.082
284,-1,102.9,294.8,49.4,76.7,0.079
284,-1,734.5,294.2,18.6,32.0,0.075
284,-1,773.6,303.8,26.7,34.7,0.067
284,-1,759.7,308.9,23.6,53.6,0.051
285,-1,1668.4,216.2,250.1,783.4,0.999
285,-1,1405.8,228.6,287.5,732.9,0.999
285,-1,588.8,274.4,79.1,206.2,0.998
285,-1,878.4,286.1,61.9,172.8,0.998
285,-1,1101.9,302.0,51.4,148.2,0.997
285,-1,1172.6,294.7,38.9,115.8,0.996
285,-1,506.2,297.1,41.2,87.5,0.996
285,-1,405.9,281.6,61.7,177.6,0.995
285,-1,1051.1,289.1,39.1,128.7,0.993
285,-1,185.7,299.2,51.4,124.6,0.992
285,-1,947.4,297.2,40.7,130.4,0.991
285,-1,677.0,309.3,19.8,46.6,0.978
285,-1,768.3,309.4,20.9,57.0,0.971
285,-1,150.1,297.1,38.3,64.7,0.967
285,-1,1069.8,293.7,33.8,123.9,0.929
285,-1,389.9,306.5,27.3,135.0,0.905
285,-1,842.7,299.5,32.4,80.0,0.888
285,-1,737.8,306.3,19.3,52.1,0.829
285,-1,716.1,310.3,16.2,42.3,0.778
285,-1,695.8,310.3,20.1,46.3,0.740
285,-1,921.3,293.9,36.1,140.8,0.719
285,-1,59.1,297.6,31.1,82.3,0.713
285,-1,826.7,300.1,27.7,71.7,0.651
285,-1,644.2,301.2,25.9,68.4,0.649
285,-1,1003.1,310.6,13.3,40.6,0.609
285,-1,924.1,288.7,29.3,75.5,0.514
285,-1,743.2,307.0,22.4,50.1,0.496
285,-1,393.3,303.3,23.1,57.8,0.413
285,-1,722.2,308.0,21.4,46.6,0.405
285,-1,127.4,296.4,31.5,73.7,0.401
285,-1,751.2,312.4,17.9,43.8,0.393
285,-1,102.2,298.6,18.3,40.4,0.343
285,-1,838.5,300.3,46.2,133.4,0.313
285,-1,139.4,294.6,38.2,78.2,0.273
285,-1,80.0,310.3,29.1,56.0,0.268
285,-1,1080.5,311.4,23.2,87.1,0.251
285,-1,39.8,277.4,34.1,103.9,0.200
285,-1,68.9,304.5,60.3,72.4,0.176
285,-1,696.5,306.2,20.4,26.7,0.155
285,-1,871.6,303.5,21.6,73.0,0.151
285,-1,686.6,308.5,20.5,48.6,0.145
285,-1,102.3,297.1,52.3,75.4,0.144
285,-1,854.3,302.7,30.9,74.4,0.117
285,-1,703.1,312.7,16.6,41.2,0.117
285,-1,718.2,297.0,23.9,24.5,0.116
285,-1,851.4,300.5,28.3,35.2,0.091
285,-1,1130.0,309.4,25.1,90.4,0.084
285,-1,728.5,302.2,16.4,41.0,0.068
285,-1,712.5,297.9,18.4,38.7,0.054
285,-1,730.0,297.5,16.4,28.2,0.053
286,-1,1404.3,233.2,265.2,718.9,0.999
286,-1,1668.8,209.3,250.5,784.4,0.999
286,-1,1100.6,299.9,49.5,145.8,0.995
286,-1,504.2,296.0,39.5,87.1,0.994
286,-1,873.6,286.5,54.1,166.5,0.992
286,-1,579.9,272.6,77.4,190.4,0.990
286,-1,1045.1,282.7,48.6,135.2,0.990
286,-1,1166.5,291.4,35.0,115.1,0.980
286,-1,392.6,278.3,67.2,175.1,0.963
286,-1,943.9,298.4,35.7,121.0,0.954
286,-1,916.8,287.9,31.5,131.6,0.913
286,-1,37.8,282.7,47.1,99.1,0.866
286,-1,180.8,296.4,49.7,126.9,0.802
286,-1,405.1,278.8,58.4,102.8,0.758
286,-1,670.2,306.3,23.8,47.4,0.746
286,-1,635.4,299.0,30.0,66.5,0.740
286,-1,91.1,295.9,22.4,68.3,0.721
286,-1,833.5,301.1,33.6,79.4,0.712
286,-1,377.1,301.5,39.7,154.0,0.692
286,-1,689.6,306.0,27.3,48.9,0.688
286,-1,146.8,294.1,36.0,67.4,0.664
286,-1,824.8,301.4,46.8,114.5,0.604
286,-1,1493.8,228.7,260.1,756.5,0.577
286,-1,815.2,303.4,37.0,90.1,0.447
286,-1,381.2,299.8,26.7,56.7,0.412
286,-1,1573.6,426.9,107.2,354.9,0.400
286,-1,198.1,294.9,31.4,64.5,0.388
286,-1,374.4,288.7,68.6,209.0,0.383
286,-1,637.7,298.2,21.2,43.5,0.364
286,-1,838.0,298.0,44.3,151.9,0.341
286,-1,652.4,290.9,17.3,40.6,0.321
286,-1,23.9,273.0,30.1,99.4,0.312
286,-1,758.7,308.9,24.3,48.8,0.309
286,-1,381.2,300.3,30.1,103.3,0.295
286,-1,846.2,297.7,33.3,79.5,0.242
286,-1,55.4,298.5,33.0,76.1,0.216
286,-1,734.2,313.4,27.3,42.5,0.162
286,-1,69.0,303.4,25.3,62.1,0.099
286,-1,854.6,294.4,52.2,150.4,0.094
286,-1,728.0,304.9,16.1,36.7,0.079
286,-1,857.1,306.3,31.2,70.5,0.079
286,-1,1077.3,312.8,25.2,69.2,0.066
286,-1,130.1,295.2,45.6,75.8,0.061
286,-1,95.7,293.7,30.8,75.6,0.050
287,-1,1417.5,238.9,265.5,726.8,0.999
287,-1,1660.4,210.8,258.0,786.5,0.999
287,-1,1097.8,299.8,48.9,149.6,0.996
287,-1,492.8,295.1,46.1,90.9,0.995
287,-1,865.2,286.8,64.4,168.2,0.994
287,-1,1042.0,289.3,47.5,132.2,0.990
287,-1,384.9,284.3,61.7,182.7,0.984
287,-1,567.9,277.2,71.4,194.4,0.979
287,-1,933.4,300.8,42.8,128.5,0.967
287,-1,1162.9,289.0,39.8,119.8,0.959
287,-1,808.2,304.1,41.7,89.4,0.922
287,-1,660.9,307.4,27.1,46.2,0.847
287,-1,909.0,294.2,32.6,99.0,0.712
287,-1,1515.0,235.5,255.4,755.0,0.706
287,-1,683.3,312.0,27.1,46.2,0.697
287,-1,44.9,305.3,32.4,75.8,0.635
287,-1,1068.9,310.8,30.2,89.6,0.556
287,-1,133.5,301.0,33.0,70.1,0.405
287,-1,633.2,303.1,27.2,63.8,0.375
287,-1,361.4,299.4,44.5,185.5,0.370
287,-1,569.3,276.8,57.3,114.8,0.293
287,-1,358.3,280.3,68.3,247.1,0.240
287,-1,189.3,302.5,33.8,57.7,0.233
287,-1,84.0,300.8,17.9,65.9,0.220
287,-1,390.5,287.6,56.9,99.2,0.201
287,-1,366.4,301.2,30.9,101.7,0.195
287,-1,824.8,304.1,27.2,72.3,0.195
287,-1,760.5,312.5,16.2,37.1,0.191
287,-1,1168.8,290.7,21.5,49.7,0.189
287,-1,801.6,318.4,68.0,99.0,0.170
287,-1,184.3,302.2,33.1,108.1,0.156
287,-1,27.8,286.9,46.1,98.4,0.155
287,-1,618.7,313.4,24.8,52.9,0.144
287,-1,646.2,306.4,51.3,60.1,0.132
287,-1,843.5,315.1,30.1,64.4,0.130
287,-1,834.6,303.8,24.7,71.6,0.121
287,-1,683.7,306.1,25.6,30.8,0.107
287,-1,112.6,301.9,29.1,67.8,0.107
287,-1,706.2,315.5,22.3,33.6,0.103
287,-1,683.9,295.8,29.4,23.5,0.091
287,-1,67.8,310.8,33.6,61.6,0.090
287,-1,624.7,300.9,28.1,58.7,0.086
287,-1,802.1,361.0,58.9,60.2,0.080
287,-1,641.0,297.5,19.9,38.5,0.078
287,-1,630.8,300.8,20.2,34.0,0.055
288,-1,1425.6,241.7,257.6,718.9,0.999
288,-1,1674.4,208.1,243.7,788.2,0.999
288,-1,864.0,281.5,68.4,172.7,0.998
288,-1,1099.4,295.9,48.0,149.0,0.997
288,-1,497.4,296.7,42.5,87.6,0.997
288,-1,562.9,270.4,87.8,208.2,0.996
288,-1,1041.6,281.9,44.9,134.3,0.995
288,-1,1165.0,286.3,39.7,116.5,0.994
288,-1,382.0,282.6,64.2,177.9,0.994
288,-1,933.8,294.7,41.9,130.2,0.991
288,-1,167.6,296.9,50.7,128.3,0.981
288,-1,133.6,296.3,31.1,77.3,0.929
288,-1,665.2,307.3,20.8,44.6,0.911
288,-1,813.9,297.1,35.8,88.2,0.893
288,-1,623.2,296.9,31.4,67.0,0.882
288,-1,756.6,306.4,20.9,55.9,0.870
288,-1,23.6,278.5,45.2,105.2,0.819
288,-1,911.0,285.9,30.1,136.8,0.768
288,-1,360.3,299.4,38.7,153.4,0.737
288,-1,685.0,308.2,23.8,46.5,0.726
288,-1,83.3,299.6,21.3,46.9,0.630
288,-1,1065.3,290.3,29.7,117.0,0.603
288,-1,366.9,299.2,28.0,103.3,0.600
288,-1,1072.7,303.4,23.5,78.2,0.500
288,-1,9.6,277.3,33.6,104.2,0.495
288,-1,369.0,298.1,25.5,55.5,0.365
288,-1,61.1,310.4,24.2,55.3,0.358
288,-1,798.1,302.0,64.1,107.0,0.355
288,-1,831.3,297.6,22.0,74.2,0.340
288,-1,110.6,293.5,30.2,57.8,0.283
288,-1,741.4,305.9,18.7,37.5,0.257
288,-1,810.4,297.3,23.5,68.3,0.238
288,-1,910.2,291.5,29.0,61.0,0.207
288,-1,730.0,311.8,20.2,42.9,0.167
288,-1,0.0,258.2,20.6,200.2,0.141
288,-1,994.6,308.1,14.7,37.1,0.137
288,-1,718.7,294.1,17.6,28.2,0.137
288,-1,41.8,298.3,34.6,78.4,0.127
288,-1,718.5,299.0,18.5,47.7,0.123
288,-1,682.8,290.1,24.0,20.8,0.112
288,-1,706.7,300.4,16.8,41.4,0.102
288,-1,643.0,299.7,19.1,60.0,0.099
288,-1,685.1,302.3,22.5,30.8,0.098
288,-1,656.8,301.8,16.6,46.8,0.096
288,-1,797.5,352.3,71.6,68.4,0.089
288,-1,837.0,299.6,18.0,40.2,0.079
288,-1,563.2,272.0,67.6,128.9,0.074
288,-1,98.1,293.4,46.8,78.8,0.073
288,-1,1846.4,633.8,73.6,137.5,0.068
288,-1,706.3,294.7,21.9,25.9,0.060
289,-1,1679.6,196.7,238.6,804.3,0.999
289,-1,1436.1,237.0,240.1,727.7,0.999
289,-1,1101.3,291.7,48.2,148.0,0.997
289,-1,495.4,292.4,45.5,92.2,0.994
289,-1,861.3,286.6,62.7,165.7,0.992
289,-1,1168.1,289.3,35.6,109.8,0.990
289,-1,1039.3,282.0,44.0,127.1,0.986
289,-1,932.6,292.4,41.5,134.8,0.981
289,-1,557.2,264.1,66.2,123.4,0.970
289,-1,370.3,274.9,68.2,192.2,0.962
289,-1,793.5,301.5,54.3,104.8,0.924
289,-1,910.5,292.3,32.3,117.1,0.645
289,-1,672.4,297.0,37.5,56.2,0.632
289,-1,618.8,295.2,27.9,62.3,0.630
289,-1,814.7,294.3,37.7,88.2,0.514
289,-1,812.4,309.8,62.2,109.5,0.482
289,-1,1169.4,281.7,26.1,52.8,0.441
289,-1,662.1,303.2,24.0,40.5,0.417
289,-1,22.5,252.8,50.6,127.5,0.414
289,-1,890.3,292.3,45.9,150.3,0.333
289,-1,680.6,297.2,27.9,32.9,0.303
289,-1,357.3,281.6,45.4,171.6,0.274
289,-1,36.5,296.2,37.2,85.6,0.266
289,-1,838.1,316.1,49.2,133.1,0.261
289,-1,735.3,304.1,38.7,49.4,0.258
289,-1,913.9,292.4,48.3,136.8,0.233
289,-1,172.2,292.8,44.9,127.7,0.218
289,-1,1062.8,304.0,37.4,102.9,0.216
289,-1,993.4,299.4,17.3,45.9,0.211
289,-1,840.8,298.4,36.3,82.2,0.201
289,-1,33.8,221.7,57.2,156.9,0.191
289,-1,79.6,258.9,41.5,113.8,0.187
289,-1,553.9,266.0,81.8,205.5,0.171
289,-1,793.1,341.4,42.2,67.8,0.138
289,-1,1074.2,305.3,26.1,74.2,0.112
289,-1,761.4,306.1,19.9,43.6,0.111
289,-1,1016.4,262.0,22.9,84.3,0.105
289,-1,1171.8,281.7,21.0,31.2,0.101
289,-1,806.0,300.9,34.7,71.9,0.091
289,-1,839.6,280.9,30.9,29.6,0.091
289,-1,8.6,268.4,45.9,113.6,0.089
289,-1,824.1,293.4,27.2,61.3,0.083
289,-1,727.9,304.0,26.4,46.4,0.082
289,-1,0.4,273.2,34.7,114.3,0.080
289,-1,115.6,293.1,47.6,76.7,0.079
289,-1,821.6,295.4,29.6,31.3,0.077
289,-1,704.3,296.1,21.5,47.2,0.074
289,-1,78.6,297.5,21.4,63.2,0.073
289,-1,911.8,295.5,28.5,60.4,0.066
289,-1,844.1,302.8,28.7,45.3,0.061
289,-1,818.4,290.9,29.1,20.4,0.059
289,-1,722.1,294.9,24.3,31.6,0.057
289,-1,1169.9,300.3,35.1,58.1,0.051
289,-1,823.5,285.4,80.1,157.5,0.051
290,-1,1434.9,244.3,249.7,711.6,1.000
290,-1,1676.2,197.7,240.6,794.6,0.999
290,-1,1099.0,290.2,53.3,147.3,0.998
290,-1,862.8,279.9,65.9,172.7,0.997
290,-1,552.9,264.5,62.6,119.3,0.996
290,-1,369.5,274.4,66.4,187.1,0.996
290,-1,1040.0,277.2,42.7,135.3,0.995
290,-1,496.7,295.7,42.0,86.0,0.995
290,-1,931.2,293.6,40.8,127.9,0.993
290,-1,161.4,294.7,49.6,131.3,0.988
290,-1,613.7,294.7,39.1,68.4,0.983
290,-1,1165.1,281.6,33.6,111.9,0.965
290,-1,128.1,293.0,31.4,72.4,0.957
290,-1,1059.8,282.2,31.9,126.2,0.936
290,-1,752.1,299.4,20.5,61.1,0.925
290,-1,812.9,296.7,30.6,83.2,0.861
290,-1,902.8,285.4,35.4,140.2,0.842
290,-1,660.3,302.5,21.0,43.5,0.733
290,-1,991.3,302.9,14.7,42.0,0.724
290,-1,680.5,305.1,23.3,44.5,0.683
290,-1,798.2,294.6,22.9,63.4,0.631
290,-1,699.8,300.9,16.6,43.5,0.533
290,-1,363.7,295.7,20.3,97.1,0.528
290,-1,802.2,294.9,48.5,105.8,0.516
290,-1,915.7,290.2,44.2,134.7,0.503
290,-1,738.1,306.1,17.7,43.0,0.492
290,-1,1073.1,302.3,20.3,89.4,0.477
290,-1,786.6,350.8,61.3,71.6,0.438
290,-1,33.2,293.4,29.7,87.1,0.412
290,-1,727.0,302.9,16.6,48.2,0.405
290,-1,365.7,298.1,17.3,48.6,0.344
290,-1,79.4,297.4,17.9,38.6,0.294
290,-1,712.5,297.7,17.7,46.7,0.256
290,-1,909.1,290.1,25.9,62.8,0.245
290,-1,111.3,294.6,38.4,74.1,0.216
290,-1,680.5,302.1,22.1,27.9,0.211
290,-1,15.9,275.8,45.5,105.4,0.143
290,-1,715.8,291.2,16.0,28.0,0.142
290,-1,0.3,306.1,21.2,68.2,0.139
290,-1,729.6,293.0,14.0,27.1,0.131
290,-1,104.1,298.3,30.3,50.0,0.127
290,-1,6.7,270.2,34.4,113.0,0.096
290,-1,53.9,311.4,28.5,53.3,0.074
290,-1,552.5,260.0,82.9,226.4,0.072
290,-1,365.3,282.8,44.8,154.1,0.065
290,-1,860.4,302.7,22.8,37.4,0.064
290,-1,699.7,288.5,17.3,30.2,0.058
290,-1,860.8,298.4,16.7,73.1,0.055
291,-1,1446.7,239.9,239.9,718.2,0.999
291,-1,1101.4,285.4,52.2,151.0,0.999
291,-1,1689.4,193.6,226.6,800.9,0.999
291,-1,859.0,278.8,62.6,169.9,0.994
291,-1,1040.2,275.9,43.1,132.8,0.993
291,-1,549.1,260.1,62.4,120.1,0.993
291,-1,498.3,291.9,41.6,87.0,0.993
291,-1,369.3,272.7,64.6,188.6,0.992
291,-1,1164.4,277.4,40.9,115.5,0.987
291,-1,162.4,291.4,50.0,130.2,0.987
291,-1,930.8,286.6,43.4,130.7,0.982
291,-1,612.1,290.7,41.6,69.2,0.978
291,-1,128.4,288.7,29.8,74.4,0.919
291,-1,79.7,293.8,18.2,69.0,0.888
291,-1,902.1,287.1,35.9,134.9,0.881
291,-1,754.5,301.7,18.4,55.4,0.876
291,-1,809.4,296.1,33.0,90.1,0.836
291,-1,661.9,298.4,20.1,43.4,0.796
291,-1,1068.7,292.2,28.3,109.2,0.776
291,-1,681.4,298.7,22.8,48.8,0.728
291,-1,22.0,272.1,47.7,106.8,0.684
291,-1,992.3,300.6,15.5,38.6,0.661
291,-1,785.2,339.7,70.1,85.1,0.573
291,-1,107.4,288.1,40.7,76.5,0.498
291,-1,728.6,308.0,18.0,40.3,0.455
291,-1,798.9,299.5,22.0,53.7,0.333
291,-1,222.5,314.3,36.9,40.8,0.319
291,-1,701.3,293.2,18.1,47.9,0.295
291,-1,0.6,296.0,26.8,74.8,0.277
291,-1,107.1,288.7,26.4,37.2,0.263
291,-1,738.6,300.5,19.3,43.5,0.205
291,-1,901.9,284.3,32.4,61.5,0.200
291,-1,794.8,296.4,33.8,86.0,0.196
291,-1,3.2,265.6,36.0,108.8,0.190
291,-1,707.6,286.8,23.9,54.2,0.186
291,-1,485.7,300.4,14.8,44.6,0.180
291,-1,647.1,277.9,17.7,44.5,0.166
291,-1,859.7,298.2,20.7,42.0,0.109
291,-1,53.8,307.6,31.6,54.2,0.106
291,-1,362.2,293.5,20.3,95.6,0.098
291,-1,682.6,284.0,26.3,25.3,0.089
291,-1,716.7,286.0,17.5,31.8,0.078
291,-1,703.6,285.3,26.0,25.5,0.069
291,-1,694.2,296.4,26.0,29.5,0.067
291,-1,1074.7,301.5,20.9,65.3,0.063
291,-1,358.0,289.1,34.7,167.1,0.062
291,-1,638.3,282.1,21.9,69.8,0.055
291,-1,829.5,315.6,28.9,69.2,0.055
291,-1,76.8,291.5,48.7,75.3,0.050
292,-1,1461.9,223.0,235.9,721.6,0.999
292,-1,1713.5,179.5,204.7,780.9,0.999
292,-1,361.0,266.3,66.1,184.7,0.998
292,-1,1103.7,278.7,54.8,151.6,0.998
292,-1,537.7,254.8,69.9,118.1,0.996
292,-1,857.8,269.9,65.9,177.0,0.994
292,-1,1043.0,267.1,42.1,135.3,0.994
292,-1,500.6,285.7,40.2,87.3,0.992
292,-1,159.4,282.8,49.6,133.0,0.991
292,-1,929.8,278.4,42.7,132.6,0.989
292,-1,1168.0,271.2,35.3,105.4,0.983
292,-1,608.1,282.7,43.6,72.0,0.981
292,-1,124.8,281.5,29.5,85.3,0.949
292,-1,807.4,285.1,30.2,99.7,0.927
292,-1,1063.9,285.6,35.4,113.2,0.895
292,-1,901.3,273.8,32.3,136.8,0.851
292,-1,757.8,295.5,16.0,52.4,0.820
292,-1,661.4,291.8,21.4,46.3,0.791
292,-1,994.4,292.5,14.2,39.4,0.733
292,-1,794.0,292.6,17.0,54.3,0.677
292,-1,682.1,292.5,22.0,47.2,0.459
292,-1,1075.1,294.6,23.5,80.0,0.413
292,-1,900.7,275.3,30.4,67.2,0.403
292,-1,781.9,338.4,51.8,61.0,0.330
292,-1,788.9,290.6,46.8,109.3,0.329
292,-1,794.6,287.1,25.9,78.6,0.304
292,-1,1.7,277.1,31.0,85.4,0.275
292,-1,703.1,293.0,17.3,40.0,0.245
292,-1,221.3,293.1,33.5,52.8,0.225
292,-1,338.6,283.2,42.0,170.2,0.207
292,-1,77.4,288.6,20.4,64.7,0.188
292,-1,741.0,294.3,17.8,34.6,0.176
292,-1,79.5,288.1,17.4,34.0,0.165
292,-1,8.1,263.8,38.9,100.0,0.163
292,-1,728.5,302.3,18.4,38.7,0.127
292,-1,1020.6,309.0,18.2,27.1,0.123
292,-1,100.6,281.8,40.8,77.6,0.108
292,-1,856.3,294.4,19.3,67.2,0.088
292,-1,682.7,285.4,21.7,33.5,0.086
292,-1,1070.6,272.0,21.0,42.1,0.084
292,-1,0.2,282.9,15.4,78.9,0.084
292,-1,50.3,299.8,26.5,55.3,0.084
292,-1,730.7,284.5,13.4,26.0,0.082
292,-1,357.9,287.2,16.3,93.9,0.080
292,-1,486.3,294.7,15.8,53.8,0.077
292,-1,721.8,282.3,13.2,25.5,0.071
292,-1,802.7,288.0,27.4,62.3,0.066
292,-1,840.9,272.0,33.5,95.8,0.065
292,-1,1078.3,285.4,14.9,28.3,0.063
292,-1,715.4,287.8,16.5,43.9,0.058
292,-1,852.0,273.9,20.5,19.1,0.054
293,-1,1467.1,219.7,233.3,708.3,0.999
293,-1,1720.9,178.1,197.8,766.2,0.999
293,-1,1103.4,275.0,56.9,151.7,0.999
293,-1,359.3,262.8,63.5,187.8,0.997
293,-1,522.0,250.8,82.6,119.2,0.997
293,-1,1042.7,263.3,43.8,136.8,0.996
293,-1,855.3,262.8,66.7,180.8,0.995
293,-1,1166.9,266.0,41.7,117.4,0.995
293,-1,500.4,282.4,40.5,85.2,0.994
293,-1,156.1,280.3,50.5,132.1,0.990
293,-1,928.9,273.6,44.3,130.8,0.987
293,-1,123.0,277.8,28.5,84.6,0.976
293,-1,607.3,279.6,42.5,70.5,0.973
293,-1,801.8,280.0,31.5,99.1,0.966
293,-1,660.5,288.2,21.1,48.5,0.932
293,-1,899.6,264.5,33.2,138.6,0.892
293,-1,1065.6,276.3,32.5,119.4,0.890
293,-1,755.3,289.3,16.2,54.9,0.887
293,-1,993.3,288.6,15.4,40.0,0.782
293,-1,74.6,283.8,22.7,68.5,0.692
293,-1,702.5,290.8,14.6,41.0,0.620
293,-1,485.4,294.3,12.0,36.0,0.555
293,-1,681.7,291.6,20.3,44.9,0.521
293,-1,790.7,282.1,23.8,95.0,0.497
293,-1,786.2,282.5,40.2,113.8,0.460
293,-1,31.5,282.3,26.8,81.3,0.404
293,-1,792.0,282.6,19.4,52.8,0.402
293,-1,778.6,336.7,48.0,68.4,0.330
293,-1,739.3,290.1,18.3,43.1,0.298
293,-1,784.5,336.6,27.4,56.1,0.290
293,-1,848.4,279.3,24.2,77.6,0.246
293,-1,1077.3,285.9,21.1,74.3,0.224
293,-1,0.8,295.3,22.5,64.7,0.215
293,-1,728.3,290.5,17.3,48.6,0.173
293,-1,834.3,282.3,18.3,53.1,0.159
293,-1,1599.1,319.4,93.9,447.7,0.149
293,-1,50.8,298.2,25.3,52.8,0.149
293,-1,681.5,287.6,19.2,28.3,0.144
293,-1,99.7,277.2,34.5,81.6,0.125
293,-1,9.1,264.1,31.5,100.7,0.125
293,-1,710.8,285.4,15.0,44.0,0.103
293,-1,850.9,269.4,20.3,37.6,0.090
293,-1,804.2,280.2,28.3,49.1,0.080
293,-1,848.3,268.5,24.7,21.2,0.079
293,-1,740.3,288.4,27.6,53.5,0.075
293,-1,717.1,282.1,15.2,46.7,0.075
293,-1,520.7,256.3,92.2,216.4,0.074
293,-1,829.3,287.6,17.7,49.3,0.073
293,-1,78.3,273.1,49.4,86.0,0.053
293,-1,139.0,284.8,22.3,60.8,0.051
293,-1,797.0,279.3,28.6,66.1,0.051
294,-1,1480.5,206.9,230.4,705.6,1.000
294,-1,1728.1,172.4,191.9,762.9,0.999
294,-1,511.1,249.2,96.1,116.4,0.999
294,-1,358.6,257.0,63.7,190.7,0.998
294,-1,1102.0,270.7,60.9,150.7,0.998
294,-1,1169.5,261.1,41.2,118.5,0.996
294,-1,855.8,256.2,64.1,189.3,0.996
294,-1,154.2,276.2,51.3,131.0,0.995
294,-1,503.7,277.1,39.3,83.9,0.993
294,-1,1044.3,257.7,43.2,138.0,0.993
294,-1,932.5,269.3,40.3,132.5,0.992
294,-1,608.0,275.1,44.6,70.6,0.982
294,-1,122.7,275.9,28.7,85.5,0.977
294,-1,804.1,281.9,32.2,97.3,0.968
294,-1,900.9,260.5,33.0,140.9,0.957
294,-1,1067.1,270.4,33.9,122.9,0.950
294,-1,756.3,281.5,17.4,59.2,0.903
294,-1,485.5,288.7,12.7,38.5,0.852
294,-1,663.5,285.0,18.5,46.7,0.824
294,-1,703.2,282.8,14.9,42.3,0.653
294,-1,683.7,286.5,19.0,46.6,0.594
294,-1,730.1,292.9,16.7,42.1,0.590
294,-1,220.3,299.2,35.9,39.9,0.539
294,-1,997.1,278.4,13.5,43.6,0.532
294,-1,34.1,283.4,22.3,74.0,0.421
294,-1,78.0,282.2,19.8,66.8,0.389
294,-1,595.8,289.8,15.3,58.3,0.326
294,-1,780.9,282.0,41.0,103.3,0.274
294,-1,1077.7,284.2,22.3,85.5,0.268
294,-1,791.7,279.3,16.8,60.2,0.247
294,-1,700.1,271.2,17.1,35.9,0.239
294,-1,50.4,291.3,21.4,54.1,0.206
294,-1,781.6,327.8,35.3,58.9,0.204
294,-1,741.6,285.3,17.2,44.6,0.194
294,-1,735.3,284.9,17.9,47.5,0.152
294,-1,1612.4,391.8,90.3,372.3,0.148
294,-1,106.3,274.3,36.3,87.5,0.142
294,-1,0.8,297.6,23.4,56.8,0.116
294,-1,78.0,281.3,17.8,36.9,0.114
294,-1,717.2,280.5,15.6,43.8,0.103
294,-1,132.8,277.7,22.7,66.0,0.101
294,-1,485.8,283.9,18.3,62.9,0.082
294,-1,838.0,274.4,13.4,31.3,0.077
294,-1,844.9,277.3,11.4,28.9,0.068
294,-1,690.0,290.4,14.7,37.5,0.067
294,-1,681.5,265.7,21.4,26.5,0.065
294,-1,836.4,282.4,14.8,49.1,0.056
294,-1,730.9,273.9,13.7,27.8,0.055
294,-1,708.7,282.4,14.8,42.6,0.051
295,-1,1484.3,202.2,235.9,714.2,1.000
295,-1,1733.7,166.9,184.9,774.4,0.999
295,-1,1102.1,269.6,60.4,148.6,0.998
295,-1,356.1,253.7,65.1,190.9,0.998
295,-1,524.3,244.9,77.4,118.6,0.996
295,-1,855.2,255.2,62.8,184.7,0.996
295,-1,1171.4,261.2,41.0,117.4,0.994
295,-1,1045.4,254.8,44.0,140.2,0.993
295,-1,155.6,275.1,49.0,130.9,0.992
295,-1,931.5,267.8,42.8,133.3,0.991
295,-1,506.7,277.7,35.5,68.9,0.986
295,-1,899.7,261.1,35.5,142.5,0.983
295,-1,606.6,271.9,51.2,74.8,0.976
295,-1,118.9,272.9,30.9,87.8,0.965
295,-1,799.8,273.4,38.1,100.4,0.917
295,-1,1070.7,275.5,31.4,113.4,0.879
295,-1,756.9,281.8,17.3,57.0,0.857
295,-1,663.7,281.6,20.2,47.2,0.815
295,-1,996.4,279.3,15.0,42.9,0.752
295,-1,219.6,298.7,36.8,39.9,0.703
295,-1,29.6,271.4,28.7,90.1,0.546
295,-1,485.0,286.4,13.9,40.1,0.542
295,-1,683.9,286.6,20.8,44.2,0.531
295,-1,330.3,271.6,38.1,175.6,0.502
295,-1,75.1,280.0,21.5,65.0,0.494
295,-1,704.6,281.7,15.6,43.0,0.458
295,-1,592.5,286.4,18.5,60.3,0.407
295,-1,1082.3,282.8,18.8,74.4,0.404
295,-1,790.6,270.1,23.7,81.5,0.298
295,-1,99.6,271.1,32.9,87.2,0.294
295,-1,0.4,273.7,22.0,79.0,0.282
295,-1,48.2,286.2,25.7,58.0,0.270
295,-1,700.6,268.5,17.2,32.3,0.205
295,-1,730.5,290.7,16.9,40.9,0.205
295,-1,3.8,253.5,32.7,109.3,0.167
295,-1,77.6,278.6,18.0,35.7,0.152
295,-1,1611.1,291.4,106.8,463.5,0.097
295,-1,1023.1,299.8,17.6,29.7,0.081
295,-1,838.4,278.3,19.2,52.1,0.080
295,-1,743.0,283.1,14.6,35.6,0.077
295,-1,148.6,284.1,24.3,52.9,0.074
295,-1,140.4,280.1,19.8,55.7,0.065
295,-1,671.6,284.2,22.3,39.2,0.063
295,-1,852.0,285.7,19.0,70.3,0.058
295,-1,516.4,248.6,88.1,216.0,0.057
295,-1,835.5,273.0,18.6,31.2,0.055
295,-1,844.2,285.1,19.8,55.8,0.054
295,-1,717.5,280.5,15.3,44.2,0.053
295,-1,684.8,276.4,20.8,32.1,0.050
296,-1,1488.9,201.2,240.1,710.2,1.000
296,-1,1723.6,169.2,195.4,769.5,0.999
296,-1,1101.7,269.6,61.7,149.1,0.999
296,-1,853.3,251.4,63.0,190.3,0.998
296,-1,351.6,250.2,65.0,196.3,0.997
296,-1,524.0,244.9,75.2,119.0,0.997
296,-1,152.9,273.6,49.0,133.3,0.997
296,-1,932.2,268.6,44.1,132.2,0.995
296,-1,1045.5,256.3,43.5,137.4,0.994
296,-1,1170.5,258.2,42.8,117.5,0.992
296,-1,113.6,272.2,33.9,90.6,0.992
296,-1,895.8,256.7,36.3,148.4,0.992
296,-1,507.6,275.8,33.2,79.7,0.990
296,-1,606.4,272.0,49.7,72.9,0.988
296,-1,1067.9,258.2,34.7,132.2,0.987
296,-1,795.5,267.3,40.2,115.7,0.958
296,-1,758.1,279.7,16.7,60.0,0.892
296,-1,663.8,281.1,18.9,47.7,0.873
296,-1,484.6,286.2,13.3,37.8,0.789
296,-1,326.9,270.1,35.6,173.7,0.775
296,-1,997.4,278.8,12.9,41.0,0.732
296,-1,28.4,270.3,26.7,90.9,0.654
296,-1,73.4,276.0,22.9,74.4,0.638
296,-1,684.7,283.2,19.7,48.4,0.482
296,-1,703.5,281.8,15.6,41.0,0.423
296,-1,1077.4,278.6,24.4,85.0,0.374
296,-1,776.6,270.3,44.6,111.8,0.361
296,-1,74.8,276.8,18.6,40.1,0.336
296,-1,100.1,272.2,29.6,85.8,0.322
296,-1,786.3,270.7,18.4,64.2,0.304
296,-1,742.6,282.8,16.3,37.0,0.281
296,-1,47.4,282.4,23.3,62.7,0.251
296,-1,0.8,294.7,21.6,71.9,0.251
296,-1,0.2,268.0,16.2,80.1,0.206
296,-1,730.5,278.9,16.5,51.7,0.197
296,-1,8.6,253.9,29.3,108.9,0.167
296,-1,743.5,279.9,26.7,59.5,0.136
296,-1,590.4,289.3,17.9,54.8,0.131
296,-1,326.1,275.8,25.2,110.4,0.127
296,-1,508.9,258.8,59.4,104.3,0.113
296,-1,36.4,275.1,26.3,77.1,0.110
296,-1,732.3,273.5,12.4,25.5,0.084
296,-1,719.2,281.2,15.1,41.9,0.074
296,-1,679.0,281.6,15.8,47.7,0.069
297,-1,1500.0,185.2,237.7,732.6,1.000
297,-1,1694.9,160.1,220.3,798.1,0.999
297,-1,1105.6,269.0,63.6,145.5,0.998
297,-1,522.6,239.9,68.2,119.8,0.998
297,-1,854.4,241.4,62.0,197.5,0.997
297,-1,1175.9,257.0,42.4,117.2,0.995
297,-1,351.6,247.3,66.9,191.0,0.995
297,-1,154.8,270.4,47.2,131.2,0.994
297,-1,1049.2,251.3,45.3,137.9,0.993
297,-1,611.2,269.2,44.5,70.7,0.993
297,-1,932.9,264.7,43.3,134.4,0.993
297,-1,899.5,251.4,34.0,149.8,0.991
297,-1,112.5,270.1,35.0,88.5,0.991
297,-1,759.0,275.9,17.8,58.1,0.981
297,-1,794.8,265.5,43.9,111.1,0.964
297,-1,1072.1,256.7,32.4,128.5,0.960
297,-1,666.3,277.3,19.8,48.4,0.950
297,-1,29.2,257.9,27.4,97.4,0.934
297,-1,782.0,266.9,25.6,103.4,0.896
297,-1,317.0,280.1,36.6,162.2,0.827
297,-1,1001.0,274.7,13.8,42.1,0.808
297,-1,733.3,270.3,16.8,57.5,0.760
297,-1,706.5,271.0,16.5,51.2,0.716
297,-1,586.9,285.7,24.8,55.5,0.711
297,-1,686.6,279.7,20.2,46.7,0.562
297,-1,744.9,278.7,17.8,45.0,0.522
297,-1,486.0,283.8,13.1,36.5,0.500
297,-1,783.5,270.2,19.2,62.6,0.469
297,-1,50.4,283.6,25.5,58.3,0.458
297,-1,101.4,267.9,25.0,87.8,0.399
297,-1,1.0,277.0,23.0,73.3,0.347
297,-1,217.9,294.1,35.0,39.5,0.346
297,-1,75.4,274.4,20.8,60.4,0.328
297,-1,747.6,276.6,25.7,54.9,0.221
297,-1,13.4,253.2,31.7,103.4,0.176
297,-1,716.9,262.8,23.1,54.2,0.150
297,-1,1026.4,274.6,15.8,48.7,0.139
297,-1,684.1,269.5,22.8,36.9,0.087
297,-1,1148.3,277.0,20.9,59.4,0.076
297,-1,716.2,261.4,25.6,25.5,0.075
297,-1,335.2,252.9,58.8,187.9,0.072
297,-1,840.0,272.8,12.2,27.3,0.066
297,-1,684.3,259.8,20.4,26.5,0.063
297,-1,1125.6,270.9,47.6,104.4,0.059
297,-1,1082.2,274.9,23.0,82.4,0.056
298,-1,1492.8,187.9,244.0,741.5,1.000
298,-1,1688.4,164.9,228.6,795.7,0.999
298,-1,853.3,246.2,62.7,191.7,0.999
298,-1,1104.9,268.1,67.2,145.0,0.999
298,-1,521.1,238.1,65.8,121.5,0.998
298,-1,1175.1,256.8,43.6,117.6,0.997
298,-1,349.8,247.7,68.0,194.8,0.995
298,-1,893.6,250.4,39.4,150.6,0.994
298,-1,936.1,265.5,35.8,131.5,0.992
298,-1,1050.2,250.4,46.1,138.9,0.991
298,-1,153.3,269.1,48.4,132.2,0.988
298,-1,610.6,269.2,43.2,70.1,0.985
298,-1,111.1,270.4,34.2,87.2,0.985
298,-1,780.3,266.5,52.4,116.7,0.958
298,-1,761.9,280.1,17.5,51.6,0.923
298,-1,583.6,288.1,29.7,52.7,0.778
298,-1,664.9,277.4,21.8,46.5,0.762
298,-1,1071.4,263.1,34.5,124.2,0.728
298,-1,685.0,278.6,23.4,47.5,0.703
298,-1,1590.6,195.5,245.8,758.9,0.634
298,-1,74.6,273.1,20.7,70.6,0.572
298,-1,706.5,274.1,16.6,47.5,0.547
298,-1,1000.7,275.6,14.2,41.2,0.513
298,-1,732.5,273.5,17.7,54.1,0.474
298,-1,25.3,268.6,32.7,86.6,0.424
298,-1,745.3,278.8,17.6,44.9,0.409
298,-1,776.0,266.2,29.2,105.0,0.389
298,-1,0.3,272.0,22.5,80.8,0.331
298,-1,718.6,266.3,21.9,52.7,0.238
298,-1,8.3,253.0,37.7,103.3,0.212
298,-1,774.9,264.1,26.3,61.3,0.133
298,-1,485.2,283.5,14.2,35.6,0.132
298,-1,717.2,265.7,23.6,25.6,0.111
298,-1,749.3,277.7,25.4,52.9,0.110
298,-1,685.5,268.1,26.2,33.4,0.106
298,-1,1081.8,277.4,24.2,86.5,0.099
298,-1,796.4,270.7,30.0,88.0,0.089
298,-1,48.4,285.2,28.0,56.1,0.074
298,-1,317.9,264.8,46.2,180.1,0.060
298,-1,653.5,260.9,14.9,39.9,0.058
298,-1,49.6,280.9,57.9,71.9,0.057
298,-1,709.8,265.5,18.9,39.8,0.054
299,-1,1483.3,186.2,258.4,749.2,1.000
299,-1,1688.3,166.8,230.1,805.8,0.999
299,-1,519.5,239.5,64.9,122.4,0.998
299,-1,1104.9,269.5,67.9,143.6,0.998
299,-1,1175.4,259.7,42.5,120.4,0.998
299,-1,349.0,249.5,67.0,194.2,0.998
299,-1,846.0,249.2,65.1,193.7,0.997
299,-1,892.2,255.6,41.3,150.0,0.993
299,-1,1049.6,252.1,48.2,140.0,0.992
299,-1,151.5,269.7,48.5,135.9,0.990
299,-1,931.5,267.8,41.4,132.5,0.990
299,-1,608.4,269.7,44.8,71.0,0.977
299,-1,108.1,271.5,35.6,87.8,0.959
299,-1,785.3,270.6,47.9,109.4,0.949
299,-1,1000.1,275.4,14.3,44.7,0.801
299,-1,579.1,289.0,31.7,53.7,0.680
299,-1,1073.8,272.1,31.7,114.9,0.586
299,-1,755.2,283.2,20.1,48.7,0.580
299,-1,776.6,273.4,34.3,107.6,0.522
299,-1,20.7,264.9,33.0,90.1,0.445
299,-1,0.2,271.5,18.3,87.7,0.411
299,-1,684.2,280.3,24.4,46.8,0.346
299,-1,215.6,288.0,38.1,46.4,0.305
299,-1,72.5,271.7,21.7,74.7,0.261
299,-1,663.1,277.8,25.0,45.3,0.238
299,-1,747.0,282.3,20.6,45.8,0.233
299,-1,704.9,271.7,22.1,49.8,0.207
299,-1,731.3,280.3,19.4,47.0,0.204
299,-1,716.5,268.7,20.6,52.6,0.144
299,-1,684.0,256.8,20.1,35.2,0.135
299,-1,718.7,268.8,18.4,26.0,0.121
299,-1,768.6,273.6,29.7,94.2,0.106
299,-1,746.5,275.8,37.0,115.6,0.095
299,-1,44.8,284.9,28.0,57.0,0.092
299,-1,704.7,266.3,18.7,25.5,0.089
299,-1,684.2,266.4,22.7,39.5,0.074
299,-1,312.7,263.4,46.6,186.9,0.071
299,-1,325.5,257.0,72.7,201.6,0.068
299,-1,732.7,270.2,18.9,27.2,0.065
299,-1,694.9,274.3,25.5,38.2,0.056
299,-1,866.0,246.9,65.1,175.9,0.056
299,-1,74.2,274.6,17.5,39.8,0.055
299,-1,616.9,267.0,63.7,72.1,0.054
299,-1,719.8,260.9,21.1,27.9,0.052
300,-1,1474.2,193.5,273.9,740.0,1.000
300,-1,1698.6,172.3,216.6,795.1,0.998
300,-1,842.1,245.0,68.8,196.8,0.998
300,-1,1107.7,266.7,63.7,144.5,0.998
300,-1,891.7,250.6,41.8,151.7,0.996
300,-1,517.9,238.3,63.8,118.6,0.995
300,-1,1174.8,257.1,43.1,119.2,0.992
300,-1,340.3,246.5,64.1,197.1,0.992
300,-1,149.5,269.4,48.0,130.2,0.988
300,-1,1049.1,251.3,46.8,137.8,0.988
300,-1,930.4,264.2,44.0,134.2,0.986
300,-1,606.8,267.9,47.3,70.1,0.975
300,-1,101.9,264.6,35.2,90.7,0.909
300,-1,784.8,266.4,45.7,113.7,0.898
300,-1,1070.3,261.3,34.7,124.4,0.887
300,-1,302.2,266.5,47.3,177.2,0.843
300,-1,0.8,244.8,38.3,113.8,0.804
300,-1,771.1,267.2,39.5,114.6,0.788
300,-1,758.3,268.1,37.8,114.1,0.715
300,-1,68.3,270.4,21.5,68.1,0.681
300,-1,577.3,288.8,31.7,51.2,0.551
300,-1,302.6,270.5,34.0,101.2,0.530
300,-1,14.0,254.5,39.2,103.7,0.496
300,-1,664.2,273.2,25.1,47.6,0.495
300,-1,0.3,251.0,21.5,100.6,0.373
300,-1,683.0,274.5,25.5,51.0,0.368
300,-1,756.1,282.7,20.2,45.0,0.346
300,-1,80.0,254.9,48.5,86.2,0.327
300,-1,469.0,250.6,66.7,96.6,0.325
300,-1,1000.4,274.2,13.1,39.5,0.320
300,-1,744.3,279.5,20.3,45.8,0.299
300,-1,1083.6,281.1,22.0,80.6,0.298
300,-1,730.3,282.7,21.4,45.3,0.289
300,-1,771.0,267.9,22.2,63.2,0.249
300,-1,705.0,276.9,28.0,47.4,0.140
300,-1,666.9,262.1,43.5,64.2,0.138
300,-1,718.4,268.9,19.9,43.6,0.103
300,-1,907.0,261.1,53.1,141.0,0.097
300,-1,502.0,240.7,81.2,202.1,0.095
300,-1,1668.7,415.3,87.3,346.6,0.080
300,-1,731.5,269.1,19.3,29.5,0.080
300,-1,705.0,268.4,18.0,37.3,0.075
300,-1,64.5,267.8,47.9,74.8,0.064
300,-1,457.9,236.5,124.5,121.8,0.057
300,-1,1075.5,255.4,23.4,52.2,0.057
300,-1,724.9,274.4,20.2,44.4,0.055
300,-1,1150.2,277.9,23.5,74.6,0.051
300,-1,718.1,267.3,18.6,25.1,0.051
301,-1,1466.5,199.1,282.1,741.3,1.000
301,-1,1707.3,175.5,209.4,797.4,0.999
301,-1,844.4,253.0,62.9,190.4,0.997
301,-1,1110.7,268.4,57.6,149.3,0.997
301,-1,1176.6,260.6,39.4,122.5,0.996
301,-1,513.7,240.9,60.3,117.3,0.995
301,-1,1047.6,253.5,48.2,143.7,0.993
301,-1,931.5,268.7,39.5,132.2,0.992
301,-1,147.5,265.5,51.2,137.7,0.991
301,-1,885.7,256.1,39.1,152.7,0.986
301,-1,335.3,248.3,71.2,208.4,0.965
301,-1,599.9,268.2,58.3,73.1,0.960
301,-1,94.0,266.8,41.9,85.9,0.924
301,-1,768.1,268.7,45.5,114.0,0.886
301,-1,1077.4,276.2,26.5,113.2,0.795
301,-1,567.5,290.2,40.8,52.5,0.674
301,-1,3.7,246.2,52.9,115.7,0.635
301,-1,293.7,274.3,54.7,178.3,0.474
301,-1,65.0,273.1,21.5,69.4,0.460
301,-1,998.0,263.7,15.2,56.8,0.372
301,-1,657.7,276.4,24.6,42.6,0.305
301,-1,727.3,278.0,21.5,53.7,0.266
301,-1,210.3,272.0,39.2,65.4,0.249
301,-1,68.4,266.9,56.5,89.4,0.244
301,-1,764.8,269.5,28.5,67.4,0.238
301,-1,2.7,176.1,67.3,175.1,0.213
301,-1,700.2,279.7,29.1,45.3,0.213
301,-1,788.2,271.9,25.1,81.1,0.208
301,-1,921.5,272.2,19.2,53.6,0.206
301,-1,740.1,279.8,42.6,94.0,0.177
301,-1,741.9,287.6,31.1,64.0,0.168
301,-1,679.6,285.6,25.0,43.1,0.163
301,-1,622.3,267.0,62.7,70.8,0.160
301,-1,751.0,284.6,27.3,47.7,0.136
301,-1,0.0,278.4,13.6,73.6,0.134
301,-1,0.5,243.8,22.5,108.1,0.124
301,-1,46.7,274.6,36.5,69.0,0.116
301,-1,726.1,256.1,53.7,96.5,0.112
301,-1,69.2,265.0,31.9,81.7,0.095
301,-1,897.2,269.5,37.8,127.7,0.094
301,-1,842.6,258.9,22.4,74.9,0.088
301,-1,1147.4,275.4,22.8,66.9,0.086
301,-1,44.7,275.9,65.2,81.9,0.084
301,-1,714.9,269.2,21.5,33.9,0.084
301,-1,1108.6,293.6,20.4,74.3,0.075
301,-1,1666.9,371.0,78.8,409.7,0.074
301,-1,640.4,262.2,20.5,43.4,0.073
301,-1,1022.0,264.7,16.9,58.3,0.072
301,-1,293.9,255.2,92.4,235.4,0.070
301,-1,718.0,261.3,44.3,71.2,0.070
301,-1,918.5,279.9,20.1,75.2,0.069
301,-1,680.9,272.3,25.2,40.5,0.064
301,-1,848.8,251.9,59.3,95.1,0.061
301,-1,1021.2,297.9,17.7,32.6,0.053
302,-1,1466.9,205.7,281.7,746.8,1.000
302,-1,1721.8,186.5,194.7,753.6,0.999
302,-1,834.8,245.2,66.8,197.1,0.999
302,-1,487.6,235.2,77.1,123.9,0.998
302,-1,1113.5,267.8,51.6,148.0,0.998
302,-1,330.8,247.0,69.5,195.5,0.997
302,-1,1172.0,261.7,42.0,115.3,0.997
302,-1,929.1,267.7,38.9,132.0,0.996
302,-1,886.1,256.7,39.7,147.0,0.996
302,-1,139.6,265.7,48.6,133.9,0.995
302,-1,1046.2,254.9,44.1,138.4,0.994
302,-1,90.7,263.8,35.6,90.6,0.985
302,-1,602.4,268.3,45.1,71.2,0.982
302,-1,1069.2,257.7,32.4,134.1,0.975
302,-1,764.8,266.5,44.8,117.0,0.962
302,-1,660.9,277.4,18.7,48.9,0.954
302,-1,13.3,251.7,30.8,103.2,0.885
302,-1,283.2,268.9,48.8,169.8,0.822
302,-1,560.4,288.8,41.8,52.8,0.642
302,-1,726.6,272.1,17.1,56.0,0.641
302,-1,922.1,273.7,14.1,37.2,0.637
302,-1,736.3,279.7,32.5,108.2,0.582
302,-1,0.1,248.8,16.3,107.9,0.579
302,-1,700.0,282.6,13.7,39.4,0.552
302,-1,739.2,280.6,22.1,68.9,0.547
302,-1,996.4,280.3,14.1,40.6,0.533
302,-1,756.3,268.4,25.0,64.9,0.439
302,-1,679.3,279.8,17.9,37.9,0.436
302,-1,739.0,279.2,16.2,41.4,0.399
302,-1,1150.6,274.7,18.3,84.8,0.262
302,-1,61.4,268.3,19.6,50.5,0.253
302,-1,963.2,280.6,14.4,38.2,0.230
302,-1,1082.6,276.9,19.1,87.3,0.179
302,-1,1112.0,290.8,20.2,77.0,0.179
302,-1,751.5,274.5,19.7,63.4,0.161
302,-1,714.0,267.3,18.1,52.6,0.155
302,-1,747.2,282.9,25.5,85.5,0.141
302,-1,704.5,277.1,18.5,44.4,0.126
302,-1,754.7,266.3,24.9,34.1,0.105
302,-1,475.8,284.2,13.9,34.1,0.092
302,-1,294.4,263.5,65.6,178.0,0.081
302,-1,833.4,258.4,19.9,60.9,0.076
302,-1,686.3,283.0,16.4,40.1,0.068
302,-1,727.8,269.5,16.5,29.7,0.067
302,-1,716.6,267.6,17.7,30.7,0.063
302,-1,35.2,282.7,30.2,55.6,0.057
302,-1,62.9,265.6,33.8,75.2,0.053
302,-1,1676.3,422.5,73.7,360.5,0.053
303,-1,1467.2,218.2,279.3,735.8,1.000
303,-1,1728.4,183.7,187.1,731.8,0.999
303,-1,1172.2,261.7,40.2,117.0,0.998
303,-1,1114.3,267.5,49.7,149.0,0.998
303,-1,831.8,247.1,66.3,199.3,0.998
303,-1,324.7,243.8,64.9,199.2,0.996
303,-1,482.8,235.5,74.3,124.5,0.995
303,-1,882.0,258.4,41.1,150.5,0.993
303,-1,1042.9,255.1,47.7,140.9,0.991
303,-1,927.2,268.6,39.6,131.7,0.990
303,-1,133.6,262.6,51.9,135.9,0.982
303,-1,597.0,267.3,51.4,71.4,0.979
303,-1,85.7,262.7,35.0,85.2,0.958
303,-1,274.9,270.2,44.4,171.1,0.939
303,-1,1067.1,261.0,34.4,130.0,0.934
303,-1,758.6,269.9,46.8,112.2,0.934
303,-1,657.6,276.5,22.7,42.5,0.758
303,-1,201.0,271.4,39.5,56.5,0.471
303,-1,736.7,278.0,36.8,102.8,0.418
303,-1,56.7,267.7,20.1,66.3,0.381
303,-1,553.0,284.7,48.2,56.9,0.381
303,-1,1147.6,274.0,20.5,64.5,0.358
303,-1,992.3,275.3,14.5,44.6,0.347
303,-1,676.4,280.3,24.6,45.7,0.275
303,-1,772.1,271.3,28.0,93.5,0.275
303,-1,2.5,251.4,47.0,96.9,0.272
303,-1,737.1,280.4,24.6,48.8,0.267
303,-1,750.6,270.9,37.8,94.7,0.239
303,-1,58.5,266.0,16.4,40.0,0.236
303,-1,634.8,258.9,19.9,43.3,0.182
303,-1,921.9,266.5,18.3,51.7,0.179
303,-1,700.0,271.6,26.7,47.3,0.170
303,-1,674.9,275.9,24.0,27.0,0.143
303,-1,749.9,270.7,27.9,57.8,0.133
303,-1,209.1,262.8,51.5,103.5,0.105
303,-1,1076.5,278.5,23.1,77.3,0.092
303,-1,712.1,266.1,18.3,34.3,0.085
303,-1,677.5,265.3,24.0,28.0,0.084
303,-1,26.6,275.9,29.2,57.5,0.078
303,-1,269.4,273.2,45.6,97.4,0.067
303,-1,279.7,254.5,89.4,215.0,0.066
303,-1,642.3,257.5,16.7,41.4,0.066
303,-1,723.0,283.2,19.9,43.3,0.065
303,-1,0.2,244.2,18.6,104.3,0.063
303,-1,1016.3,300.3,17.4,27.8,0.060
303,-1,772.3,269.4,26.8,51.5,0.053
303,-1,1140.7,272.9,27.2,117.1,0.052
304,-1,1468.7,224.1,271.9,735.8,0.999
304,-1,1729.6,200.7,186.3,728.7,0.998
304,-1,1113.9,269.1,50.7,147.8,0.998
304,-1,831.5,245.6,62.9,198.8,0.997
304,-1,480.6,236.6,72.8,124.1,0.996
304,-1,1169.0,262.1,42.2,114.2,0.995
304,-1,926.8,269.4,40.2,131.0,0.993
304,-1,881.8,255.1,38.9,151.9,0.992
304,-1,1042.5,255.3,45.8,140.5,0.991
304,-1,129.4,261.8,49.0,134.7,0.990
304,-1,597.4,267.2,45.8,72.5,0.986
304,-1,317.6,243.9,68.0,197.7,0.986
304,-1,81.8,258.8,31.3,90.7,0.963
304,-1,752.2,268.8,47.9,115.9,0.954
304,-1,1065.8,269.9,34.6,123.3,0.890
304,-1,268.3,269.8,53.6,167.4,0.834
304,-1,992.1,279.3,14.6,43.7,0.833
304,-1,274.4,256.3,88.1,185.7,0.760
304,-1,656.8,276.9,20.1,45.8,0.756
304,-1,3.3,254.8,35.9,96.8,0.734
304,-1,735.0,276.6,18.9,48.7,0.605
304,-1,192.0,268.1,44.0,58.6,0.533
304,-1,747.7,270.7,24.2,68.5,0.518
304,-1,695.8,274.1,17.5,48.4,0.424
304,-1,675.2,278.4,21.9,48.2,0.365
304,-1,922.7,267.9,15.9,35.6,0.350
304,-1,1153.5,284.9,15.8,74.1,0.320
304,-1,722.1,275.5,18.4,49.4,0.317
304,-1,53.6,264.9,21.1,58.2,0.313
304,-1,0.4,234.0,14.2,118.1,0.303
304,-1,959.0,277.6,16.1,40.8,0.256
304,-1,674.9,275.2,21.4,27.1,0.249
304,-1,710.5,266.3,19.1,25.4,0.162
304,-1,710.8,265.5,18.9,51.3,0.162
304,-1,1674.5,431.7,65.1,356.9,0.137
304,-1,916.5,274.0,15.6,38.4,0.136
304,-1,549.9,285.0,49.7,55.0,0.118
304,-1,640.9,257.0,16.9,43.6,0.111
304,-1,267.0,275.3,40.4,92.3,0.104
304,-1,697.8,263.8,19.3,26.1,0.103
304,-1,701.9,269.6,20.9,51.0,0.099
304,-1,1073.9,278.0,23.9,81.6,0.092
304,-1,26.5,275.9,26.3,59.0,0.079
304,-1,677.5,265.5,20.5,27.6,0.078
304,-1,197.9,260.8,51.2,90.2,0.078
304,-1,56.9,261.0,50.2,84.8,0.072
304,-1,0.4,231.9,12.7,28.7,0.071
304,-1,739.6,269.4,23.5,53.8,0.064
304,-1,725.2,270.3,18.9,41.6,0.056
304,-1,1079.3,279.8,16.3,28.7,0.055
304,-1,1139.9,275.5,26.9,121.6,0.054
304,-1,718.8,269.7,19.1,29.6,0.052
305,-1,1470.1,224.7,264.0,747.3,0.999
305,-1,830.2,243.9,62.0,201.9,0.999
305,-1,1734.3,184.8,180.2,748.4,0.998
305,-1,477.9,235.3,67.4,125.6,0.997
305,-1,1040.9,255.0,44.3,141.4,0.997
305,-1,875.6,255.6,41.9,151.4,0.996
305,-1,1111.9,268.9,53.7,147.5,0.996
305,-1,927.9,272.2,33.2,125.7,0.995
305,-1,1167.9,261.8,42.0,114.5,0.995
305,-1,122.5,259.5,51.0,134.8,0.993
305,-1,590.3,265.4,50.7,73.5,0.992
305,-1,309.1,242.5,76.2,203.6,0.991
305,-1,749.9,264.9,44.3,120.6,0.984
305,-1,78.5,256.0,28.9,93.0,0.980
305,-1,1063.8,264.9,34.9,129.5,0.929
305,-1,263.9,268.1,53.3,174.3,0.903
305,-1,655.0,276.0,19.2,47.3,0.889
305,-1,990.6,279.6,13.7,43.3,0.825
305,-1,693.5,275.3,16.2,43.4,0.802
305,-1,467.7,280.1,13.7,34.5,0.734
305,-1,1.1,237.8,29.6,111.2,0.586
305,-1,740.0,270.3,23.8,62.5,0.550
305,-1,49.3,263.0,21.1,73.2,0.472
305,-1,744.4,268.7,26.3,100.0,0.460
305,-1,718.7,270.4,18.9,57.3,0.408
305,-1,673.4,278.2,18.8,48.8,0.354
305,-1,732.6,269.3,30.6,115.3,0.350
305,-1,962.8,287.2,10.3,28.2,0.227
305,-1,732.5,276.4,15.7,44.2,0.174
305,-1,264.7,270.2,42.6,107.1,0.173
305,-1,0.1,230.7,16.8,108.9,0.167
305,-1,1074.7,280.4,23.0,85.6,0.159
305,-1,799.4,268.9,11.9,25.8,0.142
305,-1,1149.2,277.5,19.6,79.9,0.136
305,-1,21.8,271.2,30.8,62.4,0.133
305,-1,34.6,263.2,44.5,80.6,0.125
305,-1,1078.4,275.5,15.7,30.5,0.116
305,-1,666.5,277.3,19.8,47.4,0.100
305,-1,542.5,281.6,50.9,58.8,0.095
305,-1,0.4,227.1,11.5,35.4,0.087
305,-1,681.6,275.1,15.5,45.0,0.073
305,-1,543.8,260.5,11.8,27.2,0.064
305,-1,1015.6,303.3,12.2,26.5,0.060
306,-1,1475.6,220.6,257.3,746.5,0.999
306,-1,1744.2,189.9,170.5,763.7,0.998
306,-1,472.9,234.2,65.8,126.6,0.998
306,-1,1109.7,270.3,52.4,147.5,0.997
306,-1,823.6,246.1,63.6,200.5,0.997
306,-1,1036.9,254.8,45.7,142.7,0.996
306,-1,1164.8,262.2,42.5,113.9,0.995
306,-1,117.6,259.2,49.0,135.9,0.994
306,-1,922.3,269.1,43.6,131.7,0.994
306,-1,586.3,264.0,50.7,75.0,0.992
306,-1,70.6,255.4,31.2,93.2,0.991
306,-1,298.5,241.0,73.1,206.4,0.990
306,-1,871.4,256.6,40.2,149.9,0.986
306,-1,743.9,264.2,41.7,119.4,0.973
306,-1,255.1,267.8,49.2,175.7,0.965
306,-1,1059.2,264.5,34.2,128.8,0.936
306,-1,651.1,275.8,19.5,49.3,0.936
306,-1,985.5,277.7,15.0,46.2,0.930
306,-1,41.7,259.3,22.7,73.7,0.685
306,-1,0.2,239.3,19.6,110.9,0.668
306,-1,669.0,273.8,21.4,52.6,0.635
306,-1,689.3,271.3,16.3,47.6,0.604
306,-1,715.9,264.8,18.5,64.0,0.576
306,-1,737.5,267.7,25.5,97.3,0.485
306,-1,536.8,279.7,52.8,59.9,0.330
306,-1,462.1,277.3,14.3,37.2,0.328
306,-1,956.4,287.2,12.0,28.9,0.325
306,-1,703.6,268.5,17.2,49.4,0.316
306,-1,14.8,269.4,27.8,61.4,0.278
306,-1,1070.8,281.0,22.7,96.9,0.239
306,-1,639.9,257.6,15.0,42.9,0.215
306,-1,909.4,276.4,13.1,37.3,0.211
306,-1,1.7,249.9,36.1,90.4,0.209
306,-1,669.1,254.8,19.8,33.2,0.199
306,-1,1147.6,280.0,16.3,78.4,0.164
306,-1,736.1,269.1,22.5,60.6,0.160
306,-1,694.4,264.2,18.7,53.5,0.138
306,-1,13.0,256.7,48.5,85.5,0.114
306,-1,1150.6,292.1,21.1,65.4,0.114
306,-1,687.9,262.1,18.8,36.9,0.108
306,-1,1075.4,275.7,15.3,28.5,0.102
306,-1,63.0,254.8,18.7,84.1,0.090
306,-1,468.0,232.4,74.3,225.4,0.080
306,-1,1070.8,271.4,22.1,55.5,0.060
306,-1,703.9,264.0,20.9,30.2,0.059
306,-1,1645.7,365.6,86.6,417.3,0.053
306,-1,672.1,261.9,19.4,36.8,0.050
307,-1,1480.8,221.7,239.7,708.1,1.000
307,-1,1748.2,180.2,168.8,783.7,0.998
307,-1,1103.2,270.3,54.0,147.2,0.997
307,-1,810.1,245.5,64.2,202.6,0.997
307,-1,1030.0,253.7,44.2,140.6,0.995
307,-1,456.7,233.5,63.6,127.0,0.994
307,-1,860.5,251.1,42.5,150.4,0.993
307,-1,912.6,268.6,47.4,128.9,0.993
307,-1,288.3,236.2,64.6,206.6,0.992
307,-1,101.4,255.2,51.0,136.4,0.991
307,-1,1158.8,262.6,41.9,115.9,0.990
307,-1,55.8,254.4,27.7,87.4,0.986
307,-1,235.9,262.4,62.1,182.7,0.983
307,-1,642.8,273.5,19.5,50.2,0.980
307,-1,727.8,266.6,46.0,112.6,0.979
307,-1,576.6,261.8,51.5,75.5,0.978
307,-1,1052.0,259.6,35.8,133.2,0.962
307,-1,978.8,276.5,15.0,43.0,0.728
307,-1,724.1,266.6,28.9,98.0,0.720
307,-1,28.2,255.9,22.7,71.5,0.719
307,-1,0.1,252.9,15.2,96.2,0.715
307,-1,721.8,266.6,23.5,62.3,0.626
307,-1,660.7,275.6,20.6,46.7,0.607
307,-1,681.2,274.4,15.4,41.6,0.429
307,-1,0.9,258.9,27.3,73.1,0.385
307,-1,632.0,257.6,16.1,41.3,0.348
307,-1,33.1,257.7,17.0,34.8,0.345
307,-1,449.7,255.3,16.0,58.2,0.331
307,-1,705.5,266.5,21.3,59.7,0.317
307,-1,902.6,269.7,15.4,37.1,0.239
307,-1,694.4,272.1,17.7,42.6,0.214
307,-1,951.3,284.8,10.2,29.2,0.209
307,-1,898.7,270.6,14.7,41.6,0.198
307,-1,661.1,270.7,20.1,28.7,0.188
307,-1,236.4,265.5,49.4,105.9,0.122
307,-1,704.9,266.4,20.8,30.9,0.094
307,-1,526.9,276.0,51.9,61.1,0.094
307,-1,791.3,269.4,11.7,25.9,0.086
307,-1,946.2,278.6,13.6,36.8,0.085
307,-1,695.3,266.1,18.3,32.5,0.080
307,-1,1064.6,276.4,21.8,88.1,0.077
307,-1,670.8,270.2,17.5,40.5,0.075
307,-1,621.1,257.2,16.0,40.4,0.071
307,-1,675.8,267.4,16.9,32.6,0.069
307,-1,1004.0,298.1,15.2,28.9,0.060
307,-1,700.9,269.9,18.2,35.5,0.059
308,-1,1483.8,219.3,231.5,697.3,1.000
308,-1,807.2,245.5,64.0,202.6,0.999
308,-1,1745.3,180.2,172.5,788.0,0.998
308,-1,453.2,231.0,62.9,125.5,0.998
308,-1,1102.7,270.2,54.2,147.2,0.997
308,-1,260.3,237.4,83.1,211.8,0.995
308,-1,98.5,256.4,47.5,135.5,0.994
308,-1,857.5,251.7,43.7,150.8,0.994
308,-1,1027.2,253.4,46.0,141.2,0.993
308,-1,910.6,263.3,43.2,133.7,0.993
308,-1,639.3,273.6,20.7,51.7,0.991
308,-1,1158.5,261.9,35.7,108.7,0.989
308,-1,570.5,261.1,54.0,77.5,0.981
308,-1,47.7,252.7,30.8,92.7,0.979
308,-1,736.5,268.2,34.3,112.8,0.976
308,-1,230.8,263.2,50.2,180.4,0.959
308,-1,1049.3,259.1,34.6,131.8,0.948
308,-1,976.2,274.3,15.1,42.7,0.862
308,-1,23.0,256.1,21.6,72.3,0.824
308,-1,658.1,275.0,19.1,50.2,0.807
308,-1,677.3,271.4,16.3,44.2,0.805
308,-1,509.5,268.1,23.5,73.1,0.534
308,-1,527.5,277.8,49.0,59.8,0.483
308,-1,703.7,272.0,16.8,54.5,0.456
308,-1,0.1,263.8,16.3,62.8,0.448
308,-1,900.0,271.6,13.8,35.4,0.388
308,-1,719.0,270.4,17.3,56.0,0.387
308,-1,67.8,256.9,16.6,63.6,0.357
308,-1,691.8,263.4,16.9,50.9,0.243
308,-1,723.5,272.9,20.1,73.6,0.222
308,-1,677.0,259.0,17.8,28.5,0.218
308,-1,709.0,266.6,21.6,58.3,0.171
308,-1,669.2,272.1,19.0,45.2,0.128
308,-1,681.3,266.1,19.5,49.8,0.127
308,-1,629.3,261.4,14.1,37.4,0.095
308,-1,731.6,268.8,34.8,48.3,0.091
308,-1,705.1,263.6,17.7,43.8,0.089
308,-1,1062.8,270.5,18.1,33.1,0.089
308,-1,890.4,272.1,15.8,56.0,0.087
308,-1,16.1,257.9,39.4,79.2,0.084
308,-1,8.6,260.5,29.7,71.8,0.078
308,-1,1065.2,281.2,18.3,76.8,0.077
308,-1,1002.4,264.2,14.7,61.3,0.069
308,-1,661.7,270.8,18.4,32.6,0.061
308,-1,698.5,269.6,15.5,48.5,0.056
308,-1,228.8,269.9,36.2,96.3,0.052
309,-1,1483.2,210.9,229.8,708.6,1.000
309,-1,1741.5,177.8,175.7,797.9,0.999
309,-1,801.7,246.9,62.0,201.0,0.998
309,-1,446.4,230.4,59.8,129.2,0.997
309,-1,1100.9,271.1,53.3,148.4,0.996
309,-1,91.2,257.4,49.0,136.6,0.995
309,-1,851.8,256.6,45.4,149.7,0.995
309,-1,906.7,264.8,39.9,135.4,0.994
309,-1,1023.2,254.6,45.5,142.5,0.993
309,-1,267.3,239.3,68.4,207.9,0.993
309,-1,1154.5,260.7,30.8,113.1,0.990
309,-1,728.2,269.5,37.8,112.2,0.985
309,-1,40.2,252.4,27.8,96.9,0.984
309,-1,566.9,264.0,54.5,74.8,0.975
309,-1,635.7,275.0,19.3,50.8,0.974
309,-1,220.8,262.8,51.3,179.5,0.971
309,-1,1047.3,259.6,33.1,134.6,0.949
309,-1,500.8,265.5,27.3,79.5,0.930
309,-1,16.4,259.6,21.1,70.6,0.800
309,-1,672.1,272.3,16.3,45.3,0.772
309,-1,653.6,277.3,19.3,49.5,0.743
309,-1,698.3,269.3,15.5,57.1,0.724
309,-1,972.0,278.8,14.8,43.0,0.510
309,-1,524.8,279.0,45.2,59.6,0.446
309,-1,0.1,259.5,19.5,69.6,0.433
309,-1,1058.9,280.8,21.1,97.3,0.331
309,-1,714.0,269.9,16.7,56.7,0.329
309,-1,625.7,263.0,14.3,39.9,0.302
309,-1,61.1,257.6,16.7,75.3,0.234
309,-1,678.5,272.1,13.8,45.1,0.233
309,-1,439.9,267.5,17.1,49.8,0.187
309,-1,821.4,242.2,62.0,190.3,0.174
309,-1,720.1,269.0,33.6,88.2,0.152
309,-1,895.2,270.8,14.1,41.9,0.150
309,-1,200.1,252.1,34.1,115.7,0.095
309,-1,938.7,277.0,13.1,38.5,0.094
309,-1,705.1,265.8,17.8,58.1,0.089
309,-1,889.0,270.5,15.8,54.9,0.086
309,-1,664.3,277.4,14.4,40.7,0.081
309,-1,669.6,263.5,20.6,39.1,0.080
309,-1,779.6,269.4,11.6,30.5,0.072
309,-1,684.0,264.5,22.2,27.7,0.069
309,-1,691.4,271.7,16.1,45.0,0.069
309,-1,666.6,269.2,16.6,40.5,0.067
309,-1,997.9,292.9,16.3,34.9,0.062
309,-1,5.6,258.5,24.9,66.0,0.062
309,-1,221.7,266.2,40.6,104.0,0.058
309,-1,31.5,245.0,21.0,89.6,0.055
309,-1,319.9,322.5,43.9,39.5,0.051
310,-1,1483.9,211.9,229.5,708.6,1.000
310,-1,1739.2,182.5,177.9,801.6,0.999
310,-1,798.4,247.0,61.7,201.9,0.999
310,-1,441.0,231.7,58.6,130.8,0.997
310,-1,1101.2,273.1,52.3,145.7,0.996
310,-1,906.2,269.4,38.9,130.1,0.996
310,-1,1021.4,255.6,44.7,143.3,0.996
310,-1,1152.9,263.7,26.5,100.4,0.994
310,-1,85.6,259.4,49.3,135.5,0.994
310,-1,848.5,259.3,44.2,149.6,0.993
310,-1,716.5,269.9,46.7,114.6,0.989
310,-1,35.1,257.6,30.6,95.0,0.988
310,-1,564.2,265.7,49.4,76.1,0.983
310,-1,237.7,241.9,86.0,208.0,0.983
310,-1,633.4,276.2,19.8,51.9,0.975
310,-1,495.9,269.0,29.8,79.8,0.952
310,-1,1047.5,269.5,30.9,127.0,0.938
310,-1,1157.4,278.7,35.1,85.6,0.917
310,-1,213.2,266.2,52.1,167.3,0.909
310,-1,670.9,273.7,15.9,46.6,0.858
310,-1,970.3,279.2,15.3,43.5,0.781
310,-1,652.6,279.2,17.1,49.9,0.774
310,-1,11.5,261.7,22.4,70.1,0.773
310,-1,695.9,278.5,14.1,49.7,0.731
310,-1,704.5,269.7,18.5,56.3,0.720
310,-1,697.8,264.3,18.7,63.2,0.521
310,-1,0.2,271.1,16.4,59.1,0.440
310,-1,55.0,261.0,18.5,72.7,0.378
310,-1,1058.1,282.3,19.6,91.6,0.377
310,-1,684.4,273.4,15.9,46.1,0.266
310,-1,937.1,282.2,12.7,35.1,0.250
310,-1,659.5,277.7,13.1,43.6,0.245
310,-1,515.2,269.9,48.0,70.9,0.239
310,-1,233.1,255.7,52.6,196.5,0.235
310,-1,665.5,275.6,16.1,45.5,0.153
310,-1,898.5,267.9,15.4,41.0,0.144
310,-1,967.3,281.0,12.3,38.2,0.119
310,-1,894.1,272.9,12.0,38.3,0.114
310,-1,1059.6,279.3,14.8,26.9,0.066
310,-1,777.4,272.9,9.6,25.9,0.058
311,-1,1484.0,208.5,228.2,723.6,0.999
311,-1,1737.7,185.4,179.0,802.5,0.999
311,-1,793.1,247.5,61.7,204.7,0.999
311,-1,432.3,233.0,61.7,131.9,0.998
311,-1,1101.5,273.6,52.2,145.4,0.997
311,-1,79.9,261.0,51.0,141.4,0.996
311,-1,903.5,270.4,38.2,132.6,0.996
311,-1,1020.0,256.8,47.0,144.6,0.996
311,-1,844.9,259.3,47.2,149.8,0.995
311,-1,29.7,259.3,31.8,96.6,0.993
311,-1,238.1,243.4,76.3,213.2,0.987
311,-1,1151.5,265.0,34.3,103.7,0.986
311,-1,488.6,266.9,37.3,92.0,0.983
311,-1,712.5,274.6,49.5,113.9,0.981
311,-1,563.2,268.6,47.7,74.7,0.976
311,-1,630.7,278.7,20.0,52.1,0.950
311,-1,1043.6,265.8,33.2,132.8,0.940
311,-1,207.7,267.0,51.3,185.6,0.938
311,-1,698.7,271.4,19.1,59.4,0.842
311,-1,649.4,281.2,18.7,50.9,0.839
311,-1,6.6,266.0,22.9,68.6,0.827
311,-1,968.0,280.9,15.1,46.0,0.803
311,-1,669.3,277.7,15.2,45.2,0.652
311,-1,519.0,282.8,45.0,60.0,0.651
311,-1,890.5,277.7,13.6,36.8,0.508
311,-1,619.7,265.8,13.9,40.0,0.438
311,-1,0.0,267.0,16.1,69.0,0.431
311,-1,190.7,269.9,24.0,102.4,0.353
311,-1,680.2,275.9,16.3,47.2,0.259
311,-1,715.1,274.1,29.5,81.9,0.184
311,-1,880.4,289.8,14.0,64.5,0.164
311,-1,775.9,264.6,12.2,36.2,0.155
311,-1,789.7,270.7,11.3,30.3,0.152
311,-1,48.6,263.2,20.1,78.3,0.152
311,-1,692.7,272.4,14.6,55.9,0.132
311,-1,885.6,272.7,14.7,48.4,0.129
311,-1,207.2,269.2,44.4,108.8,0.127
311,-1,665.1,265.7,16.8,35.0,0.107
311,-1,660.3,278.5,14.1,42.6,0.101
311,-1,1054.7,282.6,21.0,79.2,0.081
311,-1,650.2,273.0,18.9,37.5,0.074
311,-1,669.8,266.5,18.0,45.0,0.067
311,-1,228.0,264.9,52.7,187.9,0.063
312,-1,788.2,251.5,62.8,210.7,0.999
312,-1,1494.2,215.3,226.9,741.3,0.999
312,-1,1733.7,195.6,180.2,813.3,0.999
312,-1,1104.8,277.2,49.7,146.8,0.998
312,-1,426.9,239.5,59.3,131.1,0.997
312,-1,483.6,274.2,38.3,86.1,0.995
312,-1,902.1,275.6,40.5,134.3,0.995
312,-1,1018.9,262.1,44.6,142.4,0.994
312,-1,76.4,269.4,49.1,140.6,0.994
312,-1,23.2,269.1,32.3,92.4,0.993
312,-1,840.3,268.7,46.2,145.9,0.992
312,-1,194.0,274.9,54.9,185.7,0.988
312,-1,248.9,250.4,53.1,215.0,0.987
312,-1,558.3,273.6,52.3,77.4,0.981
312,-1,1152.0,270.6,35.9,99.2,0.975
312,-1,702.0,279.4,51.1,113.1,0.963
312,-1,1045.4,286.0,30.6,116.5,0.932
312,-1,628.0,282.7,21.0,47.2,0.900
312,-1,690.8,267.2,19.4,63.8,0.852
312,-1,967.1,286.0,15.3,44.4,0.772
312,-1,665.6,273.2,18.7,54.9,0.758
312,-1,1.6,271.1,24.1,76.9,0.731
312,-1,44.9,272.9,21.7,69.1,0.667
312,-1,888.5,281.6,14.3,36.0,0.557
312,-1,876.9,286.9,17.6,71.9,0.498
312,-1,647.2,288.2,20.7,48.6,0.495
312,-1,679.5,270.4,15.8,57.1,0.373
312,-1,880.1,281.8,14.6,36.2,0.312
312,-1,874.0,282.0,17.2,56.0,0.258
312,-1,1644.2,442.2,63.5,333.0,0.231
312,-1,647.3,272.8,22.5,45.3,0.218
312,-1,519.9,292.7,42.1,56.3,0.165
312,-1,706.3,281.5,31.1,73.6,0.151
312,-1,694.3,278.9,21.9,58.8,0.138
312,-1,505.2,278.7,49.8,73.1,0.127
312,-1,660.0,280.2,16.0,46.2,0.106
312,-1,679.6,260.1,41.3,76.4,0.096
312,-1,1805.0,680.9,112.0,316.0,0.071
312,-1,643.1,267.2,24.9,36.7,0.065
312,-1,638.1,286.9,24.6,44.8,0.063
312,-1,1136.5,283.8,23.6,81.7,0.060
312,-1,1056.0,285.8,16.9,30.7,0.051
312,-1,667.6,270.7,17.0,28.8,0.051
313,-1,1501.7,220.6,229.7,744.1,0.999
313,-1,1738.3,193.7,177.6,821.0,0.998
313,-1,417.5,237.3,63.2,133.8,0.997
313,-1,785.6,263.1,63.4,196.0,0.997
313,-1,1104.9,279.4,47.6,147.2,0.995
313,-1,1018.5,263.5,50.5,144.0,0.991
313,-1,218.9,256.9,81.0,210.8,0.990
313,-1,559.9,278.7,45.0,72.2,0.989
313,-1,187.6,277.5,56.3,186.4,0.988
313,-1,482.4,276.6,39.1,81.7,0.987
313,-1,900.9,278.6,40.3,131.2,0.986
313,-1,1152.6,272.6,36.0,97.4,0.959
313,-1,74.9,274.7,45.2,138.3,0.956
313,-1,834.3,276.2,48.6,142.0,0.955
313,-1,693.4,283.6,44.0,122.6,0.870
313,-1,7.2,255.3,53.9,103.8,0.679
313,-1,1048.2,288.9,25.6,120.1,0.644
313,-1,696.3,286.8,33.0,78.0,0.636
313,-1,965.3,288.3,15.6,42.7,0.569
313,-1,642.7,296.9,27.8,41.0,0.351
313,-1,624.5,286.8,26.5,38.8,0.351
313,-1,684.3,278.9,25.1,59.4,0.340
313,-1,641.6,271.6,30.5,26.9,0.316
313,-1,624.7,278.5,43.9,46.3,0.190
313,-1,0.6,271.5,20.3,82.5,0.188
313,-1,709.3,288.3,27.1,74.6,0.183
313,-1,668.6,288.7,21.4,39.6,0.142
313,-1,1645.6,451.1,70.1,326.4,0.138
313,-1,645.1,276.7,26.8,48.1,0.131
313,-1,711.9,288.1,26.6,26.9,0.129
313,-1,555.2,277.2,51.1,169.9,0.128
313,-1,877.6,285.6,27.5,75.8,0.103
313,-1,679.5,273.8,43.9,69.7,0.094
313,-1,719.5,292.1,19.8,49.1,0.085
313,-1,676.4,284.0,23.2,50.0,0.063
313,-1,656.3,293.0,17.7,39.9,0.060
313,-1,704.5,285.8,28.7,44.2,0.059
313,-1,1710.1,262.6,159.4,382.9,0.058
313,-1,870.6,279.2,18.5,66.1,0.057
314,-1,1508.0,229.3,223.7,741.4,0.999
314,-1,1730.1,203.3,186.4,815.5,0.999
314,-1,1103.6,279.8,45.8,151.7,0.997
314,-1,408.7,242.4,64.7,137.5,0.995
314,-1,774.3,260.2,71.8,183.4,0.995
314,-1,896.7,283.1,44.6,130.6,0.994
314,-1,1017.9,264.1,53.2,147.6,0.993
314,-1,830.3,270.6,51.3,156.6,0.991
314,-1,1148.1,275.2,42.3,115.7,0.991
314,-1,475.3,275.4,48.5,93.0,0.990
314,-1,69.4,274.5,51.6,143.7,0.986
314,-1,208.1,257.2,87.7,219.7,0.984
314,-1,182.6,280.6,51.1,190.6,0.982
314,-1,556.3,281.8,50.1,72.8,0.949
314,-1,1037.2,288.7,40.6,123.2,0.869
314,-1,699.5,296.2,28.0,70.7,0.855
314,-1,3.5,239.8,55.8,128.7,0.824
314,-1,640.8,296.0,26.7,52.3,0.658
314,-1,708.3,296.1,29.0,61.1,0.540
314,-1,626.8,283.9,41.2,55.4,0.539
314,-1,250.5,266.8,47.4,200.0,0.481
314,-1,682.1,289.6,22.9,51.2,0.459
314,-1,692.6,285.5,41.6,117.9,0.451
314,-1,142.1,269.1,41.4,82.1,0.405
314,-1,696.2,292.9,24.9,51.5,0.397
314,-1,144.1,275.3,48.6,133.8,0.362
314,-1,621.6,291.5,23.8,38.7,0.347
314,-1,664.5,285.9,20.3,45.2,0.345
314,-1,20.3,274.7,35.2,91.9,0.344
314,-1,969.7,269.0,27.7,74.4,0.333
314,-1,691.3,291.0,19.7,50.5,0.283
314,-1,0.5,277.6,17.6,74.2,0.256
314,-1,965.0,291.2,19.8,49.4,0.241
314,-1,1153.1,272.8,31.3,54.2,0.218
314,-1,203.4,271.3,55.8,182.6,0.193
314,-1,720.0,300.0,19.1,41.1,0.175
314,-1,876.3,281.9,30.8,84.5,0.166
314,-1,1.8,275.2,31.7,90.1,0.154
314,-1,647.4,287.2,22.6,43.6,0.116
314,-1,187.3,281.4,58.0,111.9,0.116
314,-1,714.3,292.8,23.1,36.8,0.101
314,-1,515.9,293.4,42.7,63.1,0.094
314,-1,688.1,268.3,18.3,32.4,0.081
314,-1,878.7,277.5,45.3,114.3,0.076
314,-1,986.5,304.4,19.7,39.8,0.066
314,-1,643.9,283.7,23.6,32.3,0.061
314,-1,491.3,280.2,57.7,80.2,0.060
314,-1,190.2,280.1,36.9,63.5,0.060
314,-1,708.6,291.5,22.5,30.0,0.060
314,-1,553.3,281.4,57.5,165.2,0.051
315,-1,1513.8,237.7,215.0,747.1,1.000
315,-1,1746.1,200.0,168.4,828.2,0.998
315,-1,779.7,252.7,69.1,215.2,0.998
315,-1,1104.4,284.8,53.8,149.4,0.998
315,-1,900.2,285.5,43.1,133.2,0.994
315,-1,1019.3,270.7,45.3,142.6,0.993
315,-1,72.2,279.3,50.1,141.7,0.991
315,-1,211.4,261.8,85.3,215.3,0.990
315,-1,486.0,285.6,38.8,81.1,0.990
315,-1,405.2,245.9,70.3,134.9,0.989
315,-1,180.5,287.8,53.4,179.8,0.989
315,-1,834.5,279.3,49.1,146.1,0.988
315,-1,1155.2,279.7,32.8,99.6,0.986
315,-1,559.6,284.5,45.0,76.2,0.964
315,-1,1044.6,281.6,33.5,132.5,0.939
315,-1,19.3,281.5,30.6,89.8,0.900
315,-1,700.5,296.3,25.3,65.4,0.837
315,-1,0.3,284.2,23.6,74.2,0.718
315,-1,691.8,282.7,45.9,131.8,0.670
315,-1,142.8,313.6,36.6,37.2,0.595
315,-1,716.3,295.2,21.2,58.1,0.556
315,-1,1.6,283.6,38.6,86.0,0.551
315,-1,680.7,283.2,22.6,59.5,0.551
315,-1,625.1,293.6,22.6,44.0,0.473
315,-1,31.5,281.9,32.4,80.0,0.416
315,-1,968.0,292.1,14.1,44.6,0.384
315,-1,663.9,280.7,23.5,58.4,0.377
315,-1,873.4,295.4,20.2,72.3,0.363
315,-1,645.0,298.2,25.0,44.7,0.348
315,-1,630.2,288.5,39.7,51.0,0.304
315,-1,615.8,274.5,17.7,44.5,0.257
315,-1,693.3,281.2,28.5,70.9,0.219
315,-1,38.4,280.7,24.1,38.5,0.198
315,-1,645.6,278.0,28.7,56.9,0.182
315,-1,685.5,272.1,42.5,107.4,0.181
315,-1,879.2,290.9,18.6,50.2,0.154
315,-1,26.6,280.7,30.4,53.8,0.145
315,-1,201.5,286.8,54.0,185.4,0.115
315,-1,517.1,296.4,47.4,63.5,0.084
315,-1,648.3,272.3,40.6,71.8,0.082
315,-1,826.1,283.6,26.3,129.6,0.078
315,-1,1740.7,289.0,120.0,380.0,0.076
315,-1,718.8,294.4,19.9,31.3,0.060
315,-1,827.1,273.9,24.9,27.8,0.060
315,-1,602.6,276.1,18.4,42.8,0.054
315,-1,669.8,269.5,40.3,77.2,0.054
315,-1,1808.0,522.2,112.0,505.8,0.053
315,-1,1054.8,297.4,22.0,91.1,0.052
315,-1,886.1,289.8,17.8,45.7,0.051
316,-1,1521.0,230.8,229.4,749.2,0.999
316,-1,782.3,253.8,65.7,215.8,0.999
316,-1,414.2,249.6,65.1,133.4,0.998
316,-1,210.0,260.8,86.3,220.1,0.998
316,-1,907.4,283.2,33.4,133.1,0.997
316,-1,1766.1,210.5,150.5,822.8,0.996
316,-1,1105.9,284.9,57.6,145.4,0.995
316,-1,838.2,273.9,49.4,150.9,0.994
316,-1,490.3,283.2,39.6,82.3,0.993
316,-1,174.9,288.4,58.0,187.8,0.992
316,-1,1023.4,269.6,48.2,142.5,0.991
316,-1,563.7,284.3,45.7,76.9,0.989
316,-1,74.5,282.1,50.9,138.2,0.988
316,-1,1160.7,279.3,36.9,108.6,0.978
316,-1,19.6,280.9,31.2,92.7,0.951
316,-1,1048.6,284.8,32.1,123.8,0.936
316,-1,632.2,292.6,22.2,46.8,0.917
316,-1,691.0,282.6,42.2,130.3,0.881
316,-1,721.3,295.2,20.9,57.2,0.763
316,-1,683.0,283.9,19.1,60.0,0.726
316,-1,692.6,290.8,32.7,70.4,0.724
316,-1,649.3,296.7,26.5,47.3,0.713
316,-1,525.7,302.8,36.9,55.2,0.578
316,-1,687.0,285.6,27.2,61.0,0.492
316,-1,4.6,286.3,22.4,64.4,0.419
316,-1,831.6,287.1,24.6,129.6,0.319
316,-1,643.7,278.3,22.6,24.4,0.277
316,-1,166.1,283.7,27.5,66.1,0.275
316,-1,887.6,288.0,20.4,38.3,0.251
316,-1,168.1,269.1,29.4,58.7,0.164
316,-1,145.7,313.1,31.9,35.6,0.160
316,-1,641.3,290.0,30.9,45.1,0.151
316,-1,971.9,295.6,15.5,42.3,0.135
316,-1,876.7,294.2,20.7,75.9,0.135
316,-1,42.9,297.5,24.9,61.4,0.134
316,-1,659.0,295.0,22.1,47.5,0.128
316,-1,706.1,292.3,21.8,57.8,0.122
316,-1,882.4,290.3,19.3,50.3,0.120
316,-1,498.1,282.4,54.3,77.9,0.118
316,-1,619.0,278.5,16.0,40.6,0.116
316,-1,608.5,279.7,17.6,38.5,0.114
316,-1,668.1,286.1,23.6,55.6,0.107
316,-1,248.9,274.4,51.2,197.0,0.091
316,-1,670.7,280.2,19.0,42.9,0.088
316,-1,650.2,280.7,21.2,33.6,0.080
316,-1,719.4,291.1,23.0,28.9,0.057
316,-1,557.5,288.1,54.4,130.2,0.057
316,-1,892.4,284.6,22.8,45.8,0.055
317,-1,1537.3,230.5,224.1,752.7,0.999
317,-1,415.2,245.8,64.3,140.0,0.998
317,-1,1110.5,286.6,64.0,146.5,0.997
317,-1,1787.9,219.1,132.1,718.3,0.997
317,-1,783.6,255.3,64.9,219.2,0.997
317,-1,1030.8,271.1,42.9,144.7,0.994
317,-1,498.8,286.5,41.1,82.2,0.993
317,-1,208.3,268.7,88.1,217.7,0.992
317,-1,842.3,272.6,50.7,152.5,0.992
317,-1,1168.6,278.0,37.3,112.5,0.991
317,-1,78.6,283.3,51.1,140.8,0.990
317,-1,909.7,285.5,40.4,132.7,0.989
317,-1,637.5,297.1,19.6,50.7,0.977
317,-1,566.7,288.9,39.2,72.4,0.973
317,-1,176.9,289.5,50.3,196.0,0.971
317,-1,656.0,300.3,20.8,48.9,0.966
317,-1,979.3,291.2,16.4,51.7,0.958
317,-1,23.1,283.2,33.5,91.3,0.957
317,-1,1056.5,286.7,30.7,125.1,0.930
317,-1,727.0,294.7,20.8,58.3,0.913
317,-1,584.3,286.5,28.7,73.5,0.615
317,-1,683.0,294.0,19.2,50.2,0.607
317,-1,8.9,287.0,24.0,63.0,0.578
317,-1,534.3,300.5,35.7,59.4,0.517
317,-1,700.3,296.4,23.4,49.6,0.504
317,-1,46.4,287.4,26.8,77.1,0.451
317,-1,832.2,273.4,22.3,28.4,0.444
317,-1,0.1,298.0,14.0,57.1,0.422
317,-1,886.9,288.2,14.9,53.3,0.378
317,-1,895.0,288.7,13.4,45.0,0.344
317,-1,672.1,295.6,15.0,45.2,0.275
317,-1,597.8,289.6,18.4,62.3,0.241
317,-1,693.1,291.6,18.8,52.9,0.227
317,-1,250.1,281.4,49.6,199.5,0.214
317,-1,46.0,285.6,24.8,36.3,0.212
317,-1,710.5,296.4,18.0,49.3,0.204
317,-1,150.0,314.2,33.2,38.2,0.180
317,-1,878.9,288.8,20.5,80.9,0.168
317,-1,1169.2,286.4,23.0,87.7,0.152
317,-1,1001.3,292.2,16.5,50.9,0.137
317,-1,675.9,289.5,17.9,53.9,0.132
317,-1,831.6,272.2,25.2,91.2,0.130
317,-1,1782.8,281.7,110.0,401.9,0.083
317,-1,628.9,290.4,12.9,31.8,0.083
317,-1,718.6,293.3,23.2,56.6,0.077
317,-1,845.0,277.5,15.6,23.4,0.067
317,-1,668.2,282.6,19.0,38.8,0.060
317,-1,658.5,278.6,18.1,31.7,0.060
318,-1,1549.4,227.8,225.5,761.9,0.999
318,-1,415.7,246.6,64.5,137.5,0.999
318,-1,1118.4,284.7,61.5,144.9,0.998
318,-1,1036.5,267.3,44.6,145.5,0.997
318,-1,784.2,253.5,65.6,219.4,0.996
318,-1,505.2,285.6,40.5,82.3,0.996
318,-1,1805.7,220.2,114.3,751.6,0.995
318,-1,843.5,271.3,54.2,154.2,0.992
318,-1,915.1,280.6,39.1,135.4,0.991
318,-1,206.2,264.1,93.5,223.9,0.990
318,-1,571.8,284.3,43.9,76.4,0.988
318,-1,1174.8,274.8,39.8,115.1,0.984
318,-1,166.9,288.1,55.6,196.6,0.976
318,-1,82.4,284.6,49.5,139.2,0.971
318,-1,0.1,305.6,48.8,67.0,0.965
318,-1,24.4,282.6,34.7,81.1,0.913
318,-1,1066.8,292.8,25.4,115.6,0.902
318,-1,640.7,292.6,23.3,49.8,0.897
318,-1,732.1,292.8,20.3,53.0,0.891
318,-1,983.9,290.5,16.0,47.5,0.841
318,-1,700.4,284.3,25.8,60.4,0.801
318,-1,540.1,303.0,34.9,55.0,0.759
318,-1,684.3,284.5,23.2,59.9,0.734
318,-1,660.9,297.8,22.0,47.5,0.663
318,-1,630.3,277.1,16.0,42.5,0.481
318,-1,647.9,294.2,30.7,51.9,0.480
318,-1,0.0,303.0,26.0,60.1,0.439
318,-1,870.9,277.0,38.1,145.1,0.390
318,-1,48.6,284.2,30.2,68.8,0.388
318,-1,625.5,272.6,16.3,44.9,0.347
318,-1,716.7,292.0,24.0,55.4,0.318
318,-1,15.7,283.6,34.4,58.1,0.316
318,-1,11.3,286.2,26.1,51.2,0.311
318,-1,882.9,293.2,25.7,74.0,0.271
318,-1,90.8,284.4,39.4,63.7,0.254
318,-1,894.3,286.2,23.3,52.6,0.244
318,-1,253.8,288.4,47.7,192.2,0.165
318,-1,689.5,268.5,45.8,77.3,0.165
318,-1,50.1,284.1,25.8,36.0,0.156
318,-1,654.8,276.4,27.5,27.2,0.118
318,-1,662.5,280.4,26.1,32.1,0.094
318,-1,1802.3,309.4,104.4,417.0,0.092
318,-1,1857.0,525.8,63.0,422.1,0.071
318,-1,188.4,289.6,31.1,65.6,0.062
319,-1,415.6,246.9,65.1,137.4,0.999
319,-1,1556.1,230.8,226.7,764.0,0.999
319,-1,782.2,252.6,68.6,217.9,0.998
319,-1,1121.4,282.8,63.7,146.5,0.998
319,-1,1040.6,265.9,43.6,145.6,0.997
319,-1,918.2,282.3,38.9,131.8,0.996
319,-1,509.3,281.6,39.6,83.4,0.996
319,-1,206.7,257.5,92.6,228.1,0.996
319,-1,846.5,270.7,51.1,151.1,0.993
319,-1,86.0,281.8,50.0,139.9,0.992
319,-1,159.0,285.8,64.8,201.8,0.992
319,-1,576.7,283.1,43.3,76.3,0.987
319,-1,1178.5,270.3,37.5,114.2,0.987
319,-1,1829.8,348.9,87.8,521.1,0.971
319,-1,646.5,293.5,18.8,49.2,0.967
319,-1,27.8,282.8,35.0,90.6,0.945
319,-1,735.8,290.3,20.0,59.0,0.930
319,-1,988.7,289.7,15.2,47.2,0.919
319,-1,1064.3,284.6,32.7,122.3,0.911
319,-1,686.8,282.3,19.7,61.7,0.907
319,-1,664.6,296.0,20.1,48.9,0.760
319,-1,886.3,305.4,21.7,60.5,0.757
319,-1,542.8,299.8,33.5,57.3,0.727
319,-1,702.3,282.1,26.0,61.3,0.700
319,-1,0.2,299.3,20.2,58.6,0.588
319,-1,890.0,282.2,23.3,60.9,0.388
319,-1,903.2,290.1,12.2,36.0,0.310
319,-1,635.7,273.9,13.7,43.5,0.294
319,-1,18.0,286.3,20.2,64.7,0.258
319,-1,838.9,268.0,18.9,31.0,0.237
319,-1,719.6,289.8,17.4,52.3,0.230
319,-1,693.6,269.1,45.8,147.7,0.210
319,-1,897.7,287.1,13.8,46.9,0.199
319,-1,692.7,266.8,42.3,77.4,0.182
319,-1,54.8,281.9,26.1,64.3,0.181
319,-1,675.6,296.8,15.6,45.6,0.173
319,-1,892.6,286.1,14.8,35.7,0.137
319,-1,908.7,287.8,15.1,40.0,0.098
319,-1,1863.4,521.6,56.6,399.8,0.090
319,-1,686.7,274.4,23.6,37.5,0.084
319,-1,664.6,274.8,12.4,28.6,0.080
319,-1,472.5,264.4,18.5,17.5,0.077
319,-1,840.4,272.0,20.6,39.7,0.073
319,-1,156.5,298.1,31.8,114.1,0.072
319,-1,726.5,291.2,22.1,60.2,0.060
319,-1,1010.3,309.3,16.5,31.5,0.054
320,-1,413.9,246.4,66.9,137.0,0.999
320,-1,1560.5,229.3,230.6,757.8,0.999
320,-1,1123.1,282.0,63.3,145.2,0.998
320,-1,780.2,253.5,71.7,216.2,0.997
320,-1,201.6,257.8,93.6,227.9,0.997
320,-1,920.3,281.4,39.5,131.3,0.994
320,-1,514.1,283.3,38.9,81.3,0.993
320,-1,1042.8,262.6,45.7,147.4,0.993
320,-1,87.8,281.7,47.9,140.4,0.991
320,-1,578.7,281.5,42.8,76.2,0.991
320,-1,846.2,270.1,54.3,149.7,0.990
320,-1,1845.0,349.7,74.5,496.8,0.983
320,-1,170.0,283.2,51.1,201.8,0.983
320,-1,1180.2,269.3,42.5,108.4,0.983
320,-1,26.4,279.5,38.3,90.7,0.955
320,-1,701.7,272.7,25.9,69.8,0.917
320,-1,991.3,287.8,15.5,49.5,0.914
320,-1,647.8,288.1,20.5,52.6,0.902
320,-1,1068.7,283.6,31.8,120.0,0.896
320,-1,685.5,279.2,21.8,63.7,0.892
320,-1,737.7,289.4,19.5,55.8,0.870
320,-1,666.9,291.5,20.6,50.7,0.668
320,-1,889.5,295.9,20.5,66.9,0.591
320,-1,0.0,299.0,22.1,57.5,0.576
320,-1,547.2,299.9,32.8,55.9,0.547
320,-1,1012.6,309.5,20.3,28.1,0.472
320,-1,840.2,267.9,21.8,24.3,0.327
320,-1,694.7,270.1,45.8,146.9,0.290
320,-1,9.5,287.7,30.1,69.4,0.256
320,-1,906.9,283.0,19.1,39.1,0.255
320,-1,54.8,279.5,28.6,65.6,0.240
320,-1,38.2,281.4,40.3,88.4,0.210
320,-1,665.2,273.8,17.5,28.5,0.139
320,-1,671.6,281.0,25.6,60.4,0.127
320,-1,1122.7,303.3,23.9,61.4,0.099
320,-1,725.2,289.1,18.2,52.5,0.091
320,-1,715.0,280.5,23.8,62.4,0.073
320,-1,1180.6,286.1,25.9,80.4,0.063
320,-1,683.2,276.6,19.9,45.0,0.061
320,-1,573.9,282.5,51.8,166.9,0.056
321,-1,1562.7,219.6,228.3,743.5,0.999
321,-1,412.3,246.6,66.6,135.4,0.998
321,-1,1126.2,280.0,60.8,143.1,0.997
321,-1,780.0,251.6,71.3,217.1,0.997
321,-1,921.1,278.7,43.0,131.9,0.996
321,-1,515.6,281.9,39.9,80.0,0.995
321,-1,197.6,256.7,93.8,228.1,0.995
321,-1,848.2,269.1,52.2,147.9,0.994
321,-1,1045.5,260.5,45.4,148.4,0.992
321,-1,578.0,279.9,43.4,75.9,0.992
321,-1,164.0,275.6,58.7,207.9,0.991
321,-1,1185.5,265.4,41.2,116.9,0.989
321,-1,88.2,279.7,48.2,139.0,0.989
321,-1,650.9,288.6,19.6,51.9,0.978
321,-1,700.8,281.4,26.3,59.3,0.969
321,-1,740.1,285.2,19.4,58.8,0.965
321,-1,993.0,282.9,16.1,51.3,0.961
321,-1,26.6,278.1,38.2,92.7,0.955
321,-1,1859.4,355.1,60.6,484.4,0.954
321,-1,1074.2,277.2,27.8,125.3,0.918
321,-1,685.9,280.5,17.5,60.5,0.860
321,-1,669.5,291.5,18.8,50.2,0.779
321,-1,0.1,297.3,22.5,57.7,0.639
321,-1,888.4,300.0,22.0,58.0,0.634
321,-1,909.0,285.5,14.1,34.4,0.605
321,-1,1187.2,279.5,25.9,91.3,0.526
321,-1,548.5,294.4,32.5,60.5,0.349
321,-1,899.0,282.0,11.8,29.3,0.316
321,-1,56.2,282.6,28.2,62.3,0.268
321,-1,1082.3,288.7,18.8,92.3,0.264
321,-1,897.7,281.5,15.3,48.9,0.252
321,-1,1.0,293.1,42.9,74.1,0.185
321,-1,668.2,282.0,18.6,40.1,0.182
321,-1,836.6,267.7,21.3,37.9,0.176
321,-1,905.0,283.6,10.8,29.3,0.171
321,-1,723.9,286.5,16.2,39.3,0.159
321,-1,718.8,281.5,15.8,46.4,0.109
321,-1,669.7,267.1,18.2,32.1,0.081
321,-1,251.9,285.7,45.8,187.5,0.075
321,-1,476.7,261.0,18.2,17.3,0.057
321,-1,896.7,293.8,18.5,55.5,0.056
322,-1,412.4,242.5,65.7,136.6,0.999
322,-1,1573.0,190.0,232.0,755.8,0.999
322,-1,785.8,250.3,66.8,215.5,0.998
322,-1,853.7,261.4,49.2,151.1,0.997
322,-1,1135.9,270.5,60.2,145.9,0.997
322,-1,926.0,270.9,40.7,132.8,0.996
322,-1,1194.7,260.9,39.7,121.2,0.996
322,-1,193.8,251.2,95.0,232.5,0.995
322,-1,1054.4,254.6,42.9,149.2,0.994
322,-1,159.4,277.0,57.1,205.4,0.994
322,-1,526.5,277.1,38.5,81.4,0.994
322,-1,35.0,276.5,32.7,97.3,0.991
322,-1,92.3,278.6,48.5,136.4,0.990
322,-1,584.3,278.1,41.8,73.3,0.974
322,-1,655.1,284.5,19.8,52.7,0.970
322,-1,997.9,278.7,16.1,51.3,0.944
322,-1,1081.1,273.8,28.8,125.8,0.935
322,-1,1873.6,352.5,46.4,604.2,0.904
322,-1,701.7,277.3,25.8,58.6,0.895
322,-1,746.5,279.1,19.3,62.8,0.881
322,-1,0.0,285.1,17.4,67.0,0.852
322,-1,894.1,286.6,24.4,69.6,0.817
322,-1,171.3,262.4,77.1,218.8,0.813
322,-1,912.9,280.0,13.4,34.7,0.770
322,-1,554.6,289.8,32.3,61.8,0.766
322,-1,683.4,276.0,21.3,59.9,0.752
322,-1,27.1,278.6,26.8,85.8,0.722
322,-1,674.9,289.6,17.8,48.4,0.642
322,-1,4.3,292.9,21.7,58.2,0.614
322,-1,904.9,278.3,15.9,53.0,0.436
322,-1,962.1,283.3,13.1,35.5,0.339
322,-1,1717.1,386.0,89.8,395.5,0.262
322,-1,726.5,284.3,35.1,59.8,0.227
322,-1,728.2,284.9,19.4,46.7,0.149
322,-1,1021.9,272.5,14.2,56.0,0.097
322,-1,917.0,278.0,16.2,42.9,0.078
322,-1,714.0,285.9,19.2,51.6,0.076
322,-1,844.9,263.6,18.5,40.8,0.062
322,-1,62.8,289.0,26.1,54.2,0.062
322,-1,51.9,278.4,32.2,82.2,0.050
323,-1,1577.5,204.7,236.7,734.9,0.999
323,-1,408.5,241.6,66.3,138.3,0.999
323,-1,784.7,251.6,67.9,214.8,0.998
323,-1,1197.0,261.1,40.2,122.1,0.998
323,-1,854.1,261.5,50.2,150.8,0.997
323,-1,1138.7,268.9,59.0,146.9,0.997
323,-1,927.5,271.5,40.3,131.3,0.996
323,-1,1054.2,255.7,43.5,149.1,0.996
323,-1,529.2,277.7,39.5,79.4,0.993
323,-1,90.7,278.9,50.5,136.8,0.991
323,-1,193.0,250.5,90.8,238.9,0.991
323,-1,35.7,277.9,31.6,96.7,0.986
323,-1,656.4,283.7,20.5,53.6,0.985
323,-1,155.4,274.8,66.7,208.5,0.981
323,-1,584.8,276.4,41.9,75.3,0.980
323,-1,1081.7,272.7,29.4,127.5,0.953
323,-1,999.9,277.7,15.6,53.2,0.915
323,-1,1865.6,497.6,54.1,439.6,0.908
323,-1,702.1,276.7,25.0,59.6,0.906
323,-1,747.2,284.3,18.0,56.6,0.882
323,-1,0.0,287.9,18.2,63.6,0.882
323,-1,684.6,273.2,20.4,62.1,0.873
323,-1,895.0,292.6,24.2,63.6,0.762
323,-1,26.0,280.6,19.2,79.4,0.730
323,-1,915.5,279.3,11.2,32.8,0.590
323,-1,905.0,278.3,15.6,49.6,0.578
323,-1,674.7,286.9,18.4,49.4,0.439
323,-1,904.8,277.4,12.2,32.3,0.435
323,-1,560.5,293.2,28.6,56.2,0.375
323,-1,3.3,293.5,26.6,58.6,0.366
323,-1,962.5,284.9,13.3,36.7,0.331
323,-1,909.9,277.3,11.3,28.7,0.312
323,-1,198.5,261.4,20.3,40.5,0.229
323,-1,64.1,283.8,25.5,56.6,0.178
323,-1,730.2,283.2,19.0,41.3,0.175
323,-1,727.4,284.8,31.5,57.5,0.124
323,-1,720.6,288.4,18.4,50.3,0.111
323,-1,919.2,279.3,14.1,38.9,0.111
323,-1,1886.3,571.0,33.7,285.4,0.079
324,-1,1586.8,208.3,232.4,737.5,1.000
324,-1,407.2,239.1,66.8,139.7,0.999
324,-1,854.5,259.1,51.7,151.8,0.998
324,-1,784.7,249.6,68.1,215.5,0.998
324,-1,1145.3,267.4,56.7,147.5,0.997
324,-1,532.3,275.4,38.6,79.3,0.995
324,-1,1057.1,253.1,44.5,151.5,0.994
324,-1,1203.6,258.8,35.9,119.3,0.994
324,-1,94.8,276.2,48.5,138.7,0.993
324,-1,930.1,269.8,40.5,130.9,0.991
324,-1,187.6,248.7,88.2,236.4,0.989
324,-1,34.8,276.3,33.6,96.3,0.987
324,-1,153.1,272.7,61.3,210.3,0.985
324,-1,657.7,283.1,21.2,53.1,0.984
324,-1,588.0,275.9,41.6,74.7,0.969
324,-1,1087.9,278.5,27.5,118.9,0.925
324,-1,749.3,279.8,19.2,61.6,0.885
324,-1,1003.3,274.9,16.2,53.4,0.883
324,-1,614.6,274.7,20.0,77.2,0.880
324,-1,0.3,286.3,17.6,65.8,0.869
324,-1,1845.2,604.6,74.4,338.2,0.866
324,-1,908.5,274.3,16.6,56.4,0.745
324,-1,681.0,275.0,22.2,59.6,0.738
324,-1,919.8,277.0,13.0,36.9,0.700
324,-1,700.8,274.7,19.0,57.7,0.661
324,-1,675.8,283.1,19.8,53.0,0.618
324,-1,898.4,283.9,24.0,68.7,0.606
324,-1,173.1,270.7,63.4,208.6,0.574
324,-1,562.3,290.5,28.7,58.6,0.546
324,-1,719.0,271.9,18.5,63.6,0.370
324,-1,734.0,282.4,14.6,37.1,0.361
324,-1,833.4,261.8,20.3,39.2,0.359
324,-1,195.1,264.5,25.3,35.9,0.349
324,-1,910.2,274.5,12.8,33.5,0.346
324,-1,852.0,259.3,19.8,42.9,0.324
324,-1,916.3,285.7,22.2,72.7,0.251
324,-1,1835.7,207.9,84.3,743.3,0.243
324,-1,1.3,292.6,31.2,58.0,0.230
324,-1,706.1,280.5,19.9,52.7,0.225
324,-1,721.9,263.9,17.2,44.6,0.069
324,-1,710.4,271.1,16.2,40.1,0.060
324,-1,961.5,275.5,16.3,44.3,0.059
324,-1,840.8,261.1,20.5,36.3,0.056
325,-1,1586.7,193.7,240.6,753.1,1.000
325,-1,403.2,237.9,70.6,140.3,0.999
325,-1,1205.8,258.5,40.2,123.3,0.998
325,-1,1151.3,266.1,52.8,147.7,0.996
325,-1,856.0,261.6,55.4,147.5,0.996
325,-1,785.3,248.1,70.4,209.7,0.995
325,-1,184.7,246.7,91.5,241.5,0.994
325,-1,932.7,268.5,41.2,132.9,0.994
325,-1,1061.1,252.6,46.1,151.4,0.994
325,-1,94.1,274.3,50.2,144.4,0.992
325,-1,536.7,274.6,35.8,78.8,0.992
325,-1,36.0,276.3,33.0,94.3,0.985
325,-1,151.7,272.1,63.1,208.2,0.976
325,-1,660.8,283.1,20.1,52.9,0.973
325,-1,589.2,276.6,39.2,73.4,0.954
325,-1,752.5,280.0,19.2,60.1,0.940
325,-1,1006.5,274.7,15.0,53.8,0.940
325,-1,1088.6,271.0,29.4,125.3,0.888
325,-1,680.4,272.7,20.6,61.4,0.840
325,-1,701.9,270.3,21.0,62.3,0.825
325,-1,1832.2,745.7,87.1,180.5,0.741
325,-1,618.9,274.4,20.3,72.6,0.655
325,-1,29.6,278.8,20.7,82.4,0.621
325,-1,1.7,284.3,19.7,68.9,0.596
325,-1,566.7,292.3,26.8,56.8,0.493
325,-1,0.0,280.2,10.5,85.8,0.470
325,-1,735.6,280.4,15.6,36.9,0.464
325,-1,910.5,272.4,17.2,51.5,0.464
325,-1,720.1,276.6,19.1,59.2,0.453
325,-1,1025.2,266.2,16.4,63.5,0.452
325,-1,919.3,276.5,11.5,35.3,0.443
325,-1,900.8,284.1,24.9,69.6,0.440
325,-1,190.4,255.5,20.4,42.2,0.397
325,-1,915.9,274.2,11.3,29.9,0.357
325,-1,1831.4,351.1,88.6,572.8,0.333
325,-1,1221.1,275.6,25.2,88.5,0.228
325,-1,1832.4,853.5,87.3,76.9,0.205
325,-1,61.2,275.7,30.8,63.8,0.197
325,-1,699.7,268.5,26.6,32.8,0.162
325,-1,1184.7,274.5,21.2,83.4,0.145
325,-1,674.2,278.1,18.5,56.2,0.140
325,-1,146.5,273.8,53.8,142.7,0.131
325,-1,693.0,271.8,14.2,59.7,0.093
325,-1,833.0,271.3,19.5,29.2,0.076
325,-1,572.7,274.2,40.5,76.8,0.076
325,-1,853.4,276.5,21.8,75.6,0.064
325,-1,1027.6,290.4,16.3,39.6,0.061
325,-1,1191.7,287.1,16.7,67.9,0.060
325,-1,850.3,266.4,16.8,34.7,0.057
325,-1,830.1,268.1,24.8,61.7,0.055
325,-1,228.1,267.7,51.1,213.9,0.054
325,-1,7.9,293.1,26.6,57.6,0.054
326,-1,1579.0,189.4,257.7,773.2,1.000
326,-1,401.3,243.7,71.2,136.4,0.998
326,-1,1155.7,268.5,52.6,147.6,0.998
326,-1,1065.9,257.2,45.6,148.6,0.997
326,-1,1208.5,260.1,40.9,120.7,0.996
326,-1,784.6,248.1,69.5,208.0,0.995
326,-1,858.2,264.1,53.4,143.3,0.994
326,-1,934.3,271.2,41.6,131.9,0.994
326,-1,538.8,276.4,38.1,78.8,0.991
326,-1,92.2,276.3,53.3,145.0,0.990
326,-1,174.3,249.5,92.7,238.9,0.989
326,-1,36.6,278.5,32.6,95.4,0.980
326,-1,1007.8,280.1,16.8,52.3,0.974
326,-1,662.4,283.2,22.2,55.2,0.972
326,-1,590.9,279.2,36.4,72.7,0.949
326,-1,1088.2,278.7,32.6,121.2,0.919
326,-1,145.8,275.6,67.4,209.0,0.908
326,-1,1828.1,762.4,91.9,161.4,0.905
326,-1,697.5,274.0,25.2,62.5,0.901
326,-1,753.3,288.2,18.5,54.4,0.858
326,-1,902.9,295.6,23.9,61.2,0.794
326,-1,679.3,273.4,21.2,63.8,0.745
326,-1,617.5,278.8,21.7,73.3,0.730
326,-1,29.6,280.3,20.8,71.0,0.728
326,-1,141.5,280.3,51.0,126.0,0.722
326,-1,0.0,283.9,18.1,88.1,0.708
326,-1,568.6,292.4,27.2,59.3,0.641
326,-1,923.2,278.2,12.5,33.8,0.554
326,-1,61.2,273.4,31.7,84.9,0.424
326,-1,724.0,294.9,16.9,44.1,0.391
326,-1,738.6,284.4,16.3,36.5,0.312
326,-1,706.7,283.9,20.3,53.6,0.245
326,-1,150.9,278.2,43.4,74.5,0.230
326,-1,920.5,273.6,26.2,86.0,0.223
326,-1,908.9,273.2,16.9,58.8,0.217
326,-1,970.9,283.9,12.8,37.1,0.164
326,-1,909.0,276.1,13.5,32.7,0.161
326,-1,1820.6,161.1,99.4,772.3,0.130
326,-1,4.5,290.9,28.1,65.0,0.128
326,-1,915.7,275.2,13.8,43.3,0.125
326,-1,653.2,267.9,13.4,44.7,0.117
326,-1,63.5,276.0,29.9,43.1,0.112
326,-1,851.4,268.6,18.6,34.5,0.097
326,-1,643.9,268.5,12.1,42.8,0.096
326,-1,716.5,279.9,17.7,55.6,0.088
326,-1,716.8,273.2,15.1,37.8,0.082
326,-1,730.5,269.6,16.3,30.8,0.071
326,-1,1194.6,287.5,15.8,64.7,0.069
326,-1,77.7,281.9,26.5,64.7,0.063
326,-1,586.9,292.7,26.6,58.9,0.062
326,-1,851.3,266.6,25.5,81.4,0.056
326,-1,726.1,273.7,12.6,29.0,0.052
327,-1,1584.3,201.0,284.2,775.3,0.999
327,-1,389.4,243.5,82.3,139.6,0.999
327,-1,861.9,264.2,56.6,149.4,0.996
327,-1,781.7,249.6,69.6,209.8,0.996
327,-1,1160.9,271.4,54.4,146.5,0.995
327,-1,164.0,251.4,105.2,240.4,0.995
327,-1,1067.5,254.9,48.6,153.0,0.994
327,-1,940.3,272.1,37.0,135.0,0.994
327,-1,1219.2,263.8,35.4,111.9,0.993
327,-1,545.5,276.9,37.3,78.9,0.990
327,-1,38.9,278.4,35.6,95.6,0.989
327,-1,97.0,278.2,48.5,142.0,0.982
327,-1,594.2,279.2,41.2,74.2,0.982
327,-1,141.2,279.3,69.1,207.9,0.960
327,-1,1012.3,282.2,15.2,50.0,0.951
327,-1,695.3,275.6,28.3,63.3,0.922
327,-1,758.2,286.0,21.6,57.7,0.916
327,-1,666.6,283.2,19.9,55.4,0.869
327,-1,681.4,276.6,20.0,61.4,0.840
327,-1,1098.5,276.6,27.9,123.3,0.805
327,-1,0.6,283.7,19.2,92.8,0.645
327,-1,974.8,286.9,12.6,34.6,0.613
327,-1,618.2,279.7,24.1,73.8,0.605
327,-1,722.5,265.6,25.1,75.1,0.469
327,-1,4.9,290.3,24.5,64.0,0.429
327,-1,916.9,281.1,14.8,39.3,0.364
327,-1,137.9,280.5,52.7,130.6,0.343
327,-1,926.0,282.7,11.8,29.9,0.298
327,-1,717.1,271.9,18.0,57.6,0.277
327,-1,727.2,281.2,29.7,59.5,0.274
327,-1,566.3,283.2,30.6,71.6,0.210
327,-1,738.5,285.4,22.0,41.5,0.191
327,-1,911.0,280.7,20.3,57.0,0.172
327,-1,65.8,280.1,34.9,59.7,0.162
327,-1,907.1,292.9,22.0,64.4,0.157
327,-1,705.6,275.6,24.7,59.5,0.136
327,-1,921.8,279.8,13.3,25.8,0.109
327,-1,719.2,269.9,26.7,33.3,0.100
327,-1,1873.8,106.9,46.2,58.0,0.074
327,-1,1196.5,278.9,21.4,71.1,0.053
328,-1,1592.1,208.6,285.8,775.7,0.999
328,-1,1165.1,275.3,52.2,146.9,0.995
328,-1,783.1,258.0,71.0,204.4,0.995
328,-1,862.6,272.3,56.6,141.1,0.995
328,-1,394.6,248.5,77.5,138.5,0.995
328,-1,1219.3,265.2,40.8,121.3,0.994
328,-1,1069.9,261.2,48.7,152.8,0.994
328,-1,940.6,277.4,41.1,131.6,0.993
328,-1,164.2,251.1,104.5,249.3,0.992
328,-1,547.2,280.4,44.2,77.9,0.991
328,-1,137.9,288.3,75.4,206.5,0.984
328,-1,99.5,281.7,44.1,138.5,0.979
328,-1,34.4,280.8,46.2,100.1,0.965
328,-1,759.0,296.4,20.9,51.8,0.926
328,-1,1089.5,267.1,37.3,140.4,0.855
328,-1,594.5,298.7,39.2,57.2,0.842
328,-1,693.9,283.6,28.8,57.5,0.829
328,-1,0.0,283.8,20.2,94.7,0.809
328,-1,1013.4,280.5,16.1,57.1,0.755
328,-1,1027.9,261.9,18.6,77.8,0.705
328,-1,1105.2,285.5,22.7,107.0,0.674
328,-1,64.7,276.8,39.6,67.9,0.655
328,-1,672.1,284.8,27.5,55.3,0.514
328,-1,919.5,280.3,29.4,88.5,0.432
328,-1,1.6,290.4,32.9,70.7,0.423
328,-1,613.5,280.9,29.6,75.0,0.408
328,-1,143.4,286.9,39.9,102.9,0.308
328,-1,1865.0,833.7,55.0,95.6,0.290
328,-1,666.3,291.1,19.8,45.9,0.243
328,-1,843.8,289.9,28.4,65.0,0.188
328,-1,738.6,280.9,34.6,64.4,0.173
328,-1,724.0,281.6,24.0,64.8,0.172
328,-1,916.0,281.3,17.7,42.9,0.166
328,-1,112.4,281.0,60.2,144.0,0.151
328,-1,570.8,287.3,30.2,69.6,0.146
328,-1,1032.5,301.4,17.0,38.3,0.136
328,-1,911.5,279.3,22.2,71.4,0.133
328,-1,1193.7,281.4,26.9,82.4,0.132
328,-1,735.8,273.2,23.8,65.2,0.128
328,-1,716.5,281.6,22.5,61.5,0.092
328,-1,159.1,284.9,28.9,58.6,0.078
328,-1,859.1,284.1,21.1,73.9,0.065
328,-1,838.0,281.2,25.1,27.1,0.065
328,-1,838.7,284.9,25.7,51.2,0.058
328,-1,1019.9,263.9,17.5,73.5,0.052
329,-1,1599.0,214.6,287.4,784.0,1.000
329,-1,780.8,248.2,68.5,210.2,0.999
329,-1,385.4,249.3,84.7,139.0,0.999
329,-1,863.4,271.2,56.6,146.6,0.997
329,-1,1166.8,277.5,55.5,148.0,0.996
329,-1,547.5,280.0,44.5,80.3,0.996
329,-1,158.1,253.7,99.1,246.2,0.995
329,-1,1220.9,269.2,41.3,119.9,0.994
329,-1,942.5,278.1,40.0,133.1,0.994
329,-1,1071.5,261.5,43.8,151.6,0.993
329,-1,594.9,282.2,43.1,77.8,0.990
329,-1,94.7,280.8,46.8,139.5,0.987
329,-1,38.2,282.9,37.0,94.3,0.985
329,-1,1096.7,281.6,33.0,125.5,0.961
329,-1,141.0,284.1,69.5,212.8,0.957
329,-1,692.8,279.5,29.5,64.7,0.941
329,-1,761.2,289.7,19.0,59.1,0.887
329,-1,1016.2,288.2,14.6,46.7,0.874
329,-1,671.3,279.2,24.5,63.0,0.826
329,-1,0.0,281.9,16.5,96.5,0.756
329,-1,928.5,287.6,10.9,32.3,0.745
329,-1,918.1,285.3,13.2,35.8,0.647
329,-1,729.5,294.9,17.3,49.5,0.609
329,-1,659.3,274.1,16.2,43.5,0.548
329,-1,6.3,293.6,21.3,67.3,0.545
329,-1,113.3,283.7,48.9,140.5,0.518
329,-1,923.5,286.0,10.9,34.8,0.464
329,-1,128.1,287.1,54.9,128.4,0.404
329,-1,933.1,284.4,10.9,32.1,0.285
329,-1,679.7,278.5,25.1,64.2,0.211
329,-1,910.8,293.9,20.2,63.2,0.205
329,-1,744.2,293.2,19.1,43.4,0.170
329,-1,1108.6,288.1,21.2,95.3,0.166
329,-1,577.0,287.5,25.8,69.8,0.148
329,-1,714.7,280.7,19.5,61.3,0.146
329,-1,708.6,269.9,40.9,75.5,0.099
329,-1,744.8,291.8,30.8,58.0,0.091
329,-1,51.0,282.3,41.1,86.9,0.089
329,-1,723.9,270.7,39.1,76.1,0.076
329,-1,851.5,286.7,11.8,25.5,0.074
329,-1,1238.6,286.9,23.4,80.1,0.074
329,-1,704.6,277.3,22.1,60.5,0.074
329,-1,64.2,280.0,35.7,45.1,0.061
330,-1,1613.2,220.7,280.2,775.5,0.999
330,-1,386.5,249.1,84.7,141.3,0.998
330,-1,780.4,255.0,70.8,202.1,0.997
330,-1,1170.7,278.5,54.3,147.9,0.997
330,-1,868.5,272.9,59.1,148.5,0.997
330,-1,1223.7,271.0,43.0,118.9,0.995
330,-1,157.3,255.1,98.9,247.3,0.994
330,-1,1076.5,262.8,43.7,150.9,0.994
330,-1,946.0,280.7,39.5,130.0,0.994
330,-1,550.3,282.2,43.6,78.4,0.992
330,-1,37.7,283.4,38.5,98.2,0.983
330,-1,96.8,282.2,44.6,113.3,0.979
330,-1,129.5,282.5,81.6,221.4,0.974
330,-1,692.8,282.6,29.2,60.5,0.957
330,-1,598.4,286.2,39.8,73.9,0.956
330,-1,1101.9,285.5,31.3,124.6,0.935
330,-1,0.0,274.0,23.8,107.0,0.912
330,-1,672.4,284.2,22.9,57.8,0.903
330,-1,658.7,272.7,15.5,45.4,0.758
330,-1,732.7,294.2,16.9,48.8,0.730
330,-1,616.6,284.8,28.1,75.3,0.675
330,-1,1016.5,291.1,14.2,41.9,0.670
330,-1,930.5,289.1,10.3,32.1,0.639
330,-1,922.6,286.8,12.6,36.0,0.606
330,-1,121.8,287.1,58.0,129.2,0.605
330,-1,763.4,304.9,17.0,43.9,0.548
330,-1,1021.8,292.6,12.3,40.1,0.451
330,-1,1240.1,289.6,26.1,82.2,0.380
330,-1,6.8,292.6,26.5,66.6,0.336
330,-1,714.8,281.5,19.6,52.4,0.308
330,-1,150.3,286.6,30.6,68.3,0.308
330,-1,911.6,310.3,23.2,54.4,0.285
330,-1,66.9,280.3,35.5,46.2,0.265
330,-1,926.5,285.9,14.7,46.1,0.250
330,-1,718.5,264.9,42.5,79.8,0.233
330,-1,1112.6,290.8,19.9,93.9,0.184
330,-1,744.6,294.0,23.8,48.7,0.165
330,-1,1114.8,289.0,17.3,34.6,0.160
330,-1,731.5,274.2,24.4,67.8,0.151
330,-1,579.6,291.2,23.1,65.7,0.147
330,-1,684.6,281.1,26.2,60.3,0.062
330,-1,1884.7,266.7,35.3,711.9,0.061
331,-1,1624.6,225.4,268.1,777.7,1.000
331,-1,381.9,250.4,89.8,139.2,0.998
331,-1,1174.1,278.5,53.3,147.5,0.998
331,-1,772.3,248.1,75.0,208.6,0.997
331,-1,870.9,270.9,54.7,150.5,0.997
331,-1,551.7,281.7,44.7,79.2,0.996
331,-1,150.2,258.7,104.8,245.6,0.995
331,-1,1078.6,260.8,43.2,153.0,0.994
331,-1,947.5,280.2,40.2,132.0,0.994
331,-1,38.3,282.4,35.8,98.2,0.990
331,-1,1228.7,270.3,37.0,117.7,0.988
331,-1,600.0,283.8,42.2,77.7,0.988
331,-1,94.7,281.6,47.2,103.4,0.985
331,-1,687.1,280.7,31.7,63.0,0.976
331,-1,1100.8,285.1,35.6,126.3,0.971
331,-1,137.0,285.9,65.8,218.6,0.952
331,-1,0.0,266.6,17.4,109.8,0.857
331,-1,1022.8,291.3,14.0,43.7,0.844
331,-1,113.3,290.9,56.0,116.1,0.708
331,-1,732.7,290.9,18.5,52.2,0.646
331,-1,673.3,287.6,19.9,53.5,0.529
331,-1,765.2,290.2,17.0,54.9,0.519
331,-1,932.2,288.8,10.3,31.0,0.500
331,-1,5.2,285.3,24.0,80.3,0.467
331,-1,1245.6,291.4,22.8,74.0,0.458
331,-1,713.1,285.1,15.9,52.7,0.428
331,-1,917.9,282.8,20.1,66.6,0.377
331,-1,1017.3,290.9,12.0,40.4,0.371
331,-1,144.6,288.0,30.7,69.7,0.371
331,-1,924.8,285.8,12.2,37.4,0.341
331,-1,464.6,298.4,13.7,39.5,0.295
331,-1,914.4,308.8,22.9,55.4,0.272
331,-1,746.4,293.0,20.0,41.8,0.267
331,-1,701.3,285.5,20.4,56.6,0.175
331,-1,862.7,270.3,20.3,41.3,0.172
331,-1,677.5,281.7,29.8,60.2,0.161
331,-1,925.9,285.8,16.5,50.4,0.153
331,-1,1113.2,288.5,21.8,98.5,0.136
331,-1,574.1,285.2,29.9,72.2,0.128
331,-1,714.9,277.2,18.8,46.9,0.128
331,-1,684.5,270.7,23.0,32.6,0.110
331,-1,1116.6,288.0,18.3,36.9,0.094
331,-1,856.0,273.7,18.9,38.5,0.059
332,-1,1638.1,228.0,275.8,780.6,0.999
332,-1,1179.2,279.7,52.6,146.8,0.998
332,-1,373.8,249.1,94.4,140.9,0.997
332,-1,553.5,281.8,44.8,80.1,0.996
332,-1,1230.2,270.9,42.0,120.0,0.995
332,-1,1080.1,263.0,47.1,152.8,0.995
332,-1,770.4,251.1,79.9,210.7,0.995
332,-1,135.3,258.2,112.8,249.8,0.995
332,-1,873.1,273.7,58.8,145.3,0.994
332,-1,950.8,282.6,40.5,129.2,0.991
332,-1,33.7,280.7,36.1,98.1,0.985
332,-1,111.1,288.0,76.1,216.4,0.983
332,-1,599.5,283.8,43.6,76.4,0.972
332,-1,98.0,281.5,35.1,68.7,0.939
332,-1,1106.8,286.3,31.3,125.5,0.928
332,-1,679.4,281.5,37.0,61.9,0.871
332,-1,0.0,277.0,21.0,101.3,0.772
332,-1,924.4,282.0,16.2,51.4,0.632
332,-1,1021.3,289.7,15.4,48.8,0.628
332,-1,662.9,276.0,25.3,64.0,0.581
332,-1,933.9,286.8,9.7,34.8,0.567
332,-1,103.6,286.4,49.6,123.7,0.546
332,-1,714.0,291.6,14.5,43.2,0.537
332,-1,916.7,296.1,22.7,66.4,0.427
332,-1,731.6,277.2,21.3,66.9,0.426
332,-1,5.0,286.6,22.9,79.0,0.413
332,-1,128.7,285.0,36.8,64.5,0.287
332,-1,929.4,286.1,11.5,35.7,0.267
332,-1,748.6,289.8,16.3,39.9,0.259
332,-1,212.3,268.9,32.3,58.5,0.254
332,-1,922.9,281.2,13.5,31.2,0.227
332,-1,464.3,297.3,14.1,38.5,0.216
332,-1,115.0,286.5,50.4,91.2,0.208
332,-1,91.4,280.2,42.5,143.5,0.194
332,-1,856.3,285.1,13.6,28.2,0.180
332,-1,722.5,264.3,43.7,78.6,0.173
332,-1,693.1,279.8,22.5,45.1,0.156
332,-1,946.0,280.4,13.2,36.0,0.142
332,-1,662.8,271.4,18.3,43.5,0.139
332,-1,719.7,286.2,16.4,48.0,0.113
332,-1,207.1,260.7,43.7,95.3,0.113
332,-1,864.6,270.8,18.9,37.9,0.112
332,-1,74.6,279.8,39.9,72.8,0.103
332,-1,1117.1,292.5,20.1,96.0,0.094
332,-1,650.9,272.6,13.6,44.8,0.094
332,-1,849.9,287.5,13.0,25.8,0.071
332,-1,56.9,277.7,42.4,80.6,0.064
332,-1,833.8,283.2,14.7,26.0,0.060
332,-1,865.8,276.1,13.0,24.8,0.060
332,-1,844.5,279.0,15.6,32.1,0.054
333,-1,1647.6,226.4,270.9,789.5,0.999
333,-1,371.2,248.8,96.0,141.9,0.998
333,-1,1180.0,279.2,53.0,147.1,0.998
333,-1,553.7,283.0,44.0,79.2,0.997
333,-1,768.9,251.4,76.7,209.8,0.997
333,-1,874.2,271.6,51.4,150.2,0.995
333,-1,132.4,256.8,111.5,254.3,0.995
333,-1,950.6,281.4,42.9,133.3,0.995
333,-1,1230.1,271.3,42.7,120.3,0.994
333,-1,1080.7,263.1,45.0,153.6,0.994
333,-1,598.9,283.0,41.8,77.4,0.983
333,-1,28.6,279.0,41.3,99.3,0.982
333,-1,104.9,286.3,69.3,217.0,0.975
333,-1,678.3,279.3,35.9,64.0,0.964
333,-1,1106.0,287.2,33.2,125.9,0.917
333,-1,94.6,282.1,32.8,63.3,0.917
333,-1,0.0,282.2,19.9,95.4,0.816
333,-1,1021.5,291.2,17.3,49.8,0.690
333,-1,916.8,300.7,21.4,66.0,0.618
333,-1,713.5,287.9,16.3,45.1,0.606
333,-1,462.1,296.4,15.8,39.5,0.604
333,-1,662.2,274.2,21.1,66.5,0.568
333,-1,732.4,281.2,19.1,62.8,0.566
333,-1,661.8,271.1,18.0,27.2,0.552
333,-1,4.5,288.6,21.5,74.2,0.525
333,-1,935.0,287.2,10.4,32.4,0.492
333,-1,748.0,291.0,19.3,39.0,0.461
333,-1,923.1,285.7,16.0,48.1,0.377
333,-1,944.5,282.6,12.6,34.5,0.349
333,-1,98.7,285.9,59.0,131.1,0.329
333,-1,106.6,284.2,43.5,70.1,0.224
333,-1,87.8,282.6,41.8,138.8,0.224
333,-1,937.8,285.0,10.8,31.6,0.175
333,-1,949.0,281.3,14.7,36.4,0.157
333,-1,721.9,282.1,17.1,50.8,0.143
333,-1,650.1,271.4,15.8,44.7,0.141
333,-1,688.6,269.4,22.2,24.6,0.134
333,-1,643.5,273.2,14.4,45.1,0.124
333,-1,865.8,268.7,19.6,43.0,0.112
333,-1,718.0,267.7,43.5,73.8,0.102
333,-1,712.8,274.7,20.7,47.4,0.088
333,-1,1830.4,399.3,84.8,404.8,0.080
333,-1,704.5,280.0,16.9,53.8,0.077
333,-1,489.2,261.1,50.7,99.3,0.075
333,-1,686.7,276.1,24.7,39.6,0.068
333,-1,855.8,285.5,14.3,27.2,0.066
333,-1,200.2,269.4,47.0,216.2,0.058
333,-1,203.1,263.1,42.0,95.8,0.058
333,-1,864.7,273.9,16.6,22.3,0.055
333,-1,868.9,271.8,15.8,20.1,0.053
333,-1,1040.6,309.0,15.9,29.9,0.051
334,-1,1660.6,224.0,259.4,790.2,0.999
334,-1,1230.7,272.1,41.6,120.5,0.999
334,-1,374.1,248.0,91.0,143.0,0.998
334,-1,1180.5,278.5,53.1,147.8,0.998
334,-1,766.8,254.6,77.0,208.1,0.998
334,-1,1081.2,264.0,47.4,152.8,0.997
334,-1,554.0,283.3,43.3,79.3,0.997
334,-1,872.8,271.9,53.4,146.3,0.995
334,-1,125.8,256.3,112.4,255.1,0.995
334,-1,950.5,281.6,42.3,131.9,0.993
334,-1,25.6,278.0,42.1,99.7,0.983
334,-1,598.5,284.1,37.1,76.3,0.971
334,-1,1104.6,286.0,34.5,127.8,0.932
334,-1,103.0,284.3,62.3,213.6,0.927
334,-1,671.3,284.7,40.0,57.7,0.881
334,-1,89.9,282.8,31.5,58.2,0.864
334,-1,120.1,273.5,69.3,229.6,0.828
334,-1,1022.7,291.9,17.9,50.2,0.827
334,-1,627.2,280.0,22.3,78.7,0.772
334,-1,712.3,289.0,15.5,44.2,0.741
334,-1,0.3,285.7,20.0,88.3,0.724
334,-1,915.3,293.1,22.6,73.2,0.702
334,-1,658.0,271.4,20.8,70.6,0.677
334,-1,732.8,290.6,17.7,53.4,0.664
334,-1,92.7,284.8,56.0,135.8,0.513
334,-1,460.6,292.0,17.7,44.0,0.473
334,-1,933.7,287.9,10.7,34.1,0.463
334,-1,83.9,282.6,39.3,132.3,0.316
334,-1,747.4,289.6,20.0,42.2,0.273
334,-1,104.9,283.0,45.7,74.7,0.257
334,-1,684.6,278.9,24.3,56.0,0.248
334,-1,122.4,282.3,29.4,58.5,0.237
334,-1,946.2,282.8,11.9,34.8,0.174
334,-1,700.0,292.4,16.2,44.3,0.163
334,-1,490.4,270.1,58.4,91.8,0.153
334,-1,849.0,284.3,13.3,26.9,0.144
334,-1,1831.7,445.4,86.8,362.3,0.131
334,-1,862.9,269.1,22.2,41.5,0.131
334,-1,645.7,271.8,17.6,46.5,0.124
334,-1,659.1,270.7,15.9,26.7,0.123
334,-1,1040.6,309.6,16.9,30.4,0.117
334,-1,637.2,280.4,13.8,63.7,0.108
334,-1,927.6,287.1,11.4,32.8,0.106
334,-1,864.2,272.3,10.7,19.2,0.091
334,-1,863.7,273.8,15.8,25.4,0.086
334,-1,688.1,270.1,19.7,26.1,0.084
334,-1,657.0,270.1,16.1,48.0,0.069
334,-1,724.2,285.5,16.0,48.7,0.061
334,-1,857.2,285.2,12.9,27.4,0.061
334,-1,719.4,266.8,42.9,75.0,0.053
335,-1,1667.1,222.3,252.9,779.6,0.999
335,-1,367.9,247.7,95.2,141.4,0.998
335,-1,1180.4,278.4,52.5,148.3,0.998
335,-1,553.5,281.8,43.4,79.3,0.996
335,-1,1080.6,262.9,48.8,153.4,0.995
335,-1,106.7,254.1,122.7,255.6,0.995
335,-1,1232.1,271.2,38.6,119.8,0.995
335,-1,761.5,251.3,78.0,211.0,0.995
335,-1,872.4,271.5,51.5,149.1,0.994
335,-1,950.5,281.1,40.4,129.9,0.992
335,-1,23.0,276.7,41.2,100.6,0.990
335,-1,597.0,282.6,37.5,76.7,0.970
335,-1,94.2,279.7,61.8,214.5,0.963
335,-1,1099.8,279.9,37.5,134.6,0.918
335,-1,87.9,279.9,29.9,58.0,0.822
335,-1,0.1,284.0,12.3,90.8,0.793
335,-1,914.4,295.9,22.7,69.6,0.734
335,-1,654.6,280.1,20.1,61.4,0.712
335,-1,625.5,280.6,22.0,77.4,0.667
335,-1,711.1,274.6,15.6,58.1,0.630
335,-1,1.9,287.2,19.1,71.2,0.611
335,-1,730.4,277.6,19.8,67.5,0.608
335,-1,667.4,282.8,37.3,59.3,0.544
335,-1,696.8,291.4,16.8,50.2,0.469
335,-1,685.4,289.8,22.2,52.2,0.391
335,-1,85.5,279.1,46.1,152.2,0.390
335,-1,749.4,290.9,19.1,35.9,0.381
335,-1,656.0,269.4,14.1,25.2,0.284
335,-1,930.3,286.6,10.7,33.0,0.275
335,-1,1019.6,290.1,12.2,40.7,0.259
335,-1,863.6,271.1,17.2,36.5,0.242
335,-1,458.6,286.7,17.6,48.8,0.233
335,-1,944.7,278.4,14.2,39.9,0.207
335,-1,1025.7,290.6,15.1,46.6,0.164
335,-1,922.7,284.6,14.2,40.6,0.163
335,-1,1116.6,291.5,21.0,104.0,0.149
335,-1,633.5,282.5,15.5,57.0,0.147
335,-1,847.7,286.1,12.3,25.0,0.146
335,-1,676.3,283.0,18.0,28.6,0.136
335,-1,852.9,283.7,13.3,28.9,0.113
335,-1,59.0,271.9,35.8,75.6,0.113
335,-1,96.6,278.6,45.9,74.9,0.105
335,-1,652.5,269.9,16.9,37.7,0.097
335,-1,708.4,273.0,17.5,29.5,0.089
335,-1,694.1,281.6,16.9,47.2,0.080
335,-1,69.6,283.9,41.0,144.2,0.077
335,-1,499.0,267.6,52.8,92.4,0.064
335,-1,359.4,252.9,108.1,260.6,0.058
335,-1,869.3,277.0,19.0,79.3,0.050
336,-1,1676.8,221.3,243.2,773.1,1.000
336,-1,364.7,244.7,94.5,143.3,0.999
336,-1,1178.2,278.6,54.6,146.6,0.999
336,-1,101.3,243.0,123.3,267.6,0.997
336,-1,755.8,252.7,81.0,212.5,0.997
336,-1,550.7,280.0,44.7,80.0,0.996
336,-1,870.8,270.5,50.8,150.5,0.996
336,-1,947.3,277.7,42.0,135.0,0.996
336,-1,1078.4,262.8,47.7,152.9,0.995
336,-1,1229.3,269.8,40.5,118.8,0.995
336,-1,83.0,277.6,64.3,218.5,0.983
336,-1,14.4,273.2,43.5,102.7,0.979
336,-1,592.8,282.7,38.1,75.5,0.962
336,-1,1101.8,286.0,35.1,127.7,0.961
336,-1,646.5,272.0,21.6,68.6,0.878
336,-1,0.0,281.4,16.7,71.8,0.772
336,-1,665.1,277.1,30.0,62.5,0.757
336,-1,728.4,297.6,17.6,45.7,0.618
336,-1,708.4,283.0,16.2,49.1,0.539
336,-1,912.4,300.1,22.7,64.1,0.532
336,-1,454.9,287.3,17.4,47.5,0.523
336,-1,930.5,284.8,10.2,30.5,0.501
336,-1,203.4,263.6,21.6,57.1,0.493
336,-1,1019.0,291.6,15.8,43.5,0.413
336,-1,80.4,280.9,46.2,155.7,0.389
336,-1,625.2,280.2,20.3,74.4,0.354
336,-1,744.6,289.3,16.7,31.3,0.300
336,-1,652.9,273.4,24.2,66.4,0.294
336,-1,68.5,283.2,34.6,140.8,0.255
336,-1,675.8,284.7,25.6,55.6,0.229
336,-1,1243.4,288.2,27.1,81.0,0.222
336,-1,919.8,280.2,19.4,53.4,0.218
336,-1,920.9,281.7,13.2,38.7,0.202
336,-1,692.2,294.6,16.3,47.0,0.195
336,-1,635.5,281.0,15.5,66.0,0.176
336,-1,843.3,284.2,11.6,23.1,0.154
336,-1,927.6,283.8,11.1,40.0,0.153
336,-1,853.1,283.1,12.2,27.5,0.135
336,-1,689.2,271.8,18.8,62.3,0.118
336,-1,940.4,278.2,10.7,35.3,0.081
336,-1,848.0,283.9,12.2,26.2,0.079
336,-1,355.8,250.5,106.9,247.7,0.070
336,-1,659.8,270.6,16.6,35.3,0.065
336,-1,857.4,292.7,22.6,61.4,0.064
336,-1,857.6,320.2,16.5,38.8,0.063
336,-1,715.1,262.8,44.8,78.0,0.062
336,-1,1117.6,291.7,17.9,80.5,0.061
336,-1,861.3,276.5,12.5,31.8,0.060
336,-1,944.2,278.7,14.5,41.9,0.059
336,-1,1119.2,289.2,16.2,39.5,0.058
336,-1,1838.5,425.2,80.7,382.5,0.050
337,-1,1683.0,219.3,237.0,762.7,1.000
337,-1,354.6,249.9,97.9,141.7,0.999
337,-1,1228.3,273.2,40.3,122.5,0.998
337,-1,1171.5,282.8,58.0,146.5,0.998
337,-1,864.6,272.6,53.9,147.8,0.997
337,-1,745.6,253.4,84.0,214.9,0.996
337,-1,1075.6,268.0,47.0,151.9,0.995
337,-1,943.4,280.5,44.0,135.3,0.995
337,-1,90.9,247.0,101.2,268.6,0.994
337,-1,547.2,281.5,42.6,82.5,0.993
337,-1,63.4,272.4,73.3,234.2,0.985
337,-1,587.8,282.6,37.4,78.8,0.962
337,-1,10.0,276.0,33.7,99.0,0.959
337,-1,1096.9,287.3,37.1,130.8,0.942
337,-1,630.6,279.0,22.0,77.2,0.779
337,-1,661.7,287.5,24.5,53.2,0.721
337,-1,927.5,285.7,10.5,34.2,0.636
337,-1,617.5,281.5,20.7,79.2,0.610
337,-1,684.3,290.5,20.4,54.8,0.595
337,-1,707.1,289.5,15.3,44.9,0.533
337,-1,602.7,282.1,30.2,80.4,0.513
337,-1,938.0,279.8,12.7,39.8,0.510
337,-1,449.9,281.2,16.5,53.0,0.458
337,-1,737.5,291.2,16.1,56.3,0.427
337,-1,909.8,281.6,20.1,63.7,0.354
337,-1,915.9,282.6,16.4,45.4,0.341
337,-1,0.0,285.2,13.8,94.0,0.335
337,-1,644.6,280.8,15.9,61.4,0.315
337,-1,1022.6,294.3,12.1,39.2,0.298
337,-1,724.2,297.3,17.8,47.8,0.273
337,-1,685.2,291.8,16.6,33.3,0.260
337,-1,1013.9,292.1,13.1,40.8,0.217
337,-1,652.3,282.5,24.1,59.1,0.212
337,-1,1017.6,292.0,14.1,44.0,0.201
337,-1,664.2,285.6,17.6,32.6,0.191
337,-1,56.8,281.2,39.7,151.7,0.177
337,-1,857.0,292.6,20.7,68.9,0.175
337,-1,187.4,281.9,26.2,114.5,0.166
337,-1,908.8,306.9,22.6,61.0,0.152
337,-1,1245.7,289.5,24.0,83.7,0.141
337,-1,922.1,285.7,11.0,31.6,0.140
337,-1,47.2,270.6,36.2,96.7,0.139
337,-1,857.8,278.3,16.0,30.9,0.113
337,-1,839.7,279.2,13.5,35.0,0.111
337,-1,810.0,273.9,16.0,32.4,0.103
337,-1,741.1,293.1,13.4,31.0,0.102
337,-1,844.7,286.7,12.5,26.5,0.095
337,-1,672.0,291.4,17.6,42.1,0.078
337,-1,940.6,281.6,16.4,40.3,0.075
337,-1,691.1,292.6,15.9,41.0,0.071
337,-1,863.3,284.1,16.4,29.5,0.062
337,-1,738.7,288.3,14.2,27.6,0.061
337,-1,55.8,308.6,24.4,118.0,0.059
337,-1,842.1,289.3,16.6,51.4,0.055
337,-1,825.9,279.2,12.7,28.9,0.055
337,-1,932.0,283.4,10.7,34.4,0.052
337,-1,173.6,275.5,36.7,136.5,0.051
338,-1,1686.4,221.9,231.9,765.3,1.000
338,-1,347.0,246.7,98.5,146.8,0.999
338,-1,1168.8,283.5,58.1,147.6,0.997
338,-1,1226.7,274.2,39.8,124.2,0.996
338,-1,81.9,247.9,103.4,266.6,0.996
338,-1,941.0,280.4,41.2,137.6,0.996
338,-1,741.2,255.7,84.3,212.7,0.996
338,-1,1070.9,268.2,49.7,153.2,0.993
338,-1,545.6,282.0,41.0,81.9,0.991
338,-1,865.6,273.1,48.1,132.6,0.986
338,-1,1.8,274.8,37.8,103.1,0.973
338,-1,54.8,279.9,60.2,228.7,0.971
338,-1,584.4,288.0,36.0,73.4,0.951
338,-1,654.3,283.4,27.6,60.5,0.949
338,-1,1096.1,283.1,35.0,134.9,0.937
338,-1,622.7,277.0,26.7,79.3,0.847
338,-1,599.6,281.1,29.6,82.1,0.745
338,-1,681.6,294.6,18.9,52.9,0.688
338,-1,912.4,278.3,21.1,61.4,0.654
338,-1,924.1,287.2,9.6,32.7,0.530
338,-1,39.7,269.3,32.5,90.5,0.467
338,-1,735.7,293.7,15.8,46.6,0.427
338,-1,704.3,291.3,16.0,45.8,0.426
338,-1,906.1,298.1,21.8,69.7,0.412
338,-1,446.0,289.7,15.5,45.4,0.398
338,-1,1019.9,294.1,12.1,44.2,0.391
338,-1,913.1,285.4,14.4,41.7,0.383
338,-1,720.7,300.9,19.0,46.1,0.382
338,-1,835.9,284.6,12.8,30.0,0.307
338,-1,844.2,287.3,12.7,27.7,0.272
338,-1,1011.2,291.2,14.0,44.7,0.235
338,-1,634.9,277.7,20.7,67.2,0.213
338,-1,935.8,281.4,11.5,38.8,0.163
338,-1,1242.0,286.9,25.5,87.8,0.126
338,-1,807.9,274.9,14.9,35.7,0.096
338,-1,48.6,283.1,45.8,178.4,0.091
338,-1,848.9,321.6,22.5,42.5,0.084
338,-1,643.7,270.9,17.2,71.3,0.081
338,-1,736.6,291.2,15.4,24.7,0.077
338,-1,0.0,286.8,12.4,69.0,0.073
338,-1,840.4,288.5,17.3,52.2,0.072
338,-1,878.9,271.9,44.1,96.6,0.063
338,-1,692.2,293.3,15.4,46.0,0.055
338,-1,851.5,296.1,22.4,64.2,0.055
338,-1,60.5,278.4,49.8,104.9,0.053
338,-1,837.7,304.8,13.6,35.9,0.051
338,-1,535.7,295.4,21.7,65.3,0.050
339,-1,1694.7,228.3,225.3,757.7,0.999
339,-1,343.0,249.1,100.6,146.7,0.998
339,-1,735.4,254.4,86.9,222.4,0.998
339,-1,858.3,275.5,54.0,150.9,0.997
339,-1,66.8,252.6,112.4,265.6,0.997
339,-1,1163.9,290.1,61.7,142.3,0.997
339,-1,1226.1,279.9,38.8,120.9,0.996
339,-1,546.3,285.1,38.0,83.5,0.995
339,-1,1069.4,270.3,49.2,156.3,0.994
339,-1,938.9,284.5,42.9,136.3,0.993
339,-1,581.3,287.7,35.0,79.8,0.982
339,-1,643.1,287.2,33.6,64.4,0.982
339,-1,0.2,278.6,29.4,102.9,0.978
339,-1,32.0,284.0,69.4,229.9,0.958
339,-1,1098.5,290.2,31.1,131.9,0.953
339,-1,616.5,282.5,26.9,80.8,0.891
339,-1,1008.1,296.8,17.8,50.5,0.880
339,-1,679.1,299.5,20.4,50.5,0.844
339,-1,625.7,280.8,21.8,65.9,0.773
339,-1,603.8,286.0,24.6,80.6,0.769
339,-1,35.0,270.3,31.5,90.2,0.715
339,-1,716.7,304.5,18.7,47.3,0.620
339,-1,698.8,297.8,17.6,43.0,0.618
339,-1,902.7,297.4,22.3,73.8,0.467
339,-1,920.7,293.6,9.9,30.3,0.463
339,-1,440.8,286.7,17.1,51.7,0.446
339,-1,1004.2,296.0,15.1,48.4,0.332
339,-1,909.9,291.3,14.7,43.3,0.318
339,-1,72.6,281.3,27.5,67.5,0.251
339,-1,34.0,282.3,41.7,167.8,0.189
339,-1,931.8,286.1,11.9,38.5,0.188
339,-1,44.9,279.5,52.1,142.9,0.171
339,-1,915.3,293.3,10.8,32.8,0.169
339,-1,533.1,302.0,20.4,62.1,0.159
339,-1,25.4,265.0,24.2,98.5,0.121
339,-1,834.9,297.8,12.9,22.0,0.075
339,-1,1017.9,298.7,14.5,47.9,0.071
339,-1,1027.2,316.3,14.7,32.7,0.058
339,-1,732.1,294.2,13.9,24.6,0.054
339,-1,67.1,272.4,67.0,212.4,0.050
340,-1,1696.3,223.8,223.5,782.3,0.999
340,-1,341.4,251.0,98.0,146.3,0.998
340,-1,730.4,255.6,86.4,222.9,0.998
340,-1,860.1,278.3,48.9,149.7,0.998
340,-1,1161.8,291.7,59.8,145.3,0.997
340,-1,53.9,248.6,110.6,276.6,0.997
340,-1,936.9,285.4,41.3,140.2,0.996
340,-1,545.1,286.1,38.2,84.3,0.995
340,-1,1068.1,274.1,46.6,152.5,0.994
340,-1,1224.0,283.3,39.9,119.1,0.988
340,-1,577.7,289.7,42.9,80.1,0.985
340,-1,0.5,280.7,23.6,101.3,0.979
340,-1,636.1,285.6,34.7,68.1,0.962
340,-1,1098.4,292.4,29.8,130.9,0.955
340,-1,14.5,279.4,72.0,238.3,0.944
340,-1,614.1,284.4,27.1,78.4,0.931
340,-1,1006.7,298.9,16.1,44.8,0.891
340,-1,662.5,295.8,17.2,55.8,0.791
340,-1,675.6,299.5,22.6,53.4,0.762
340,-1,72.6,283.2,20.7,49.9,0.755
340,-1,31.9,286.2,19.7,83.7,0.638
340,-1,601.7,287.0,31.3,82.1,0.630
340,-1,33.2,284.3,51.6,165.8,0.571
340,-1,920.0,298.8,10.2,28.7,0.492
340,-1,713.9,309.7,17.7,44.1,0.483
340,-1,1012.2,300.5,15.7,47.4,0.412
340,-1,63.0,283.1,28.7,69.9,0.398
340,-1,623.5,284.3,32.4,71.0,0.397
340,-1,697.0,298.2,16.4,44.6,0.384
340,-1,902.7,292.1,19.9,62.9,0.374
340,-1,437.6,291.8,18.8,51.4,0.368
340,-1,908.0,295.8,14.0,36.6,0.275
340,-1,47.5,284.8,34.8,68.8,0.270
340,-1,472.0,268.4,55.3,100.3,0.249
340,-1,15.9,284.8,19.1,84.0,0.227
340,-1,899.7,307.5,20.2,65.7,0.209
340,-1,838.8,292.4,14.6,28.8,0.196
340,-1,530.2,300.4,21.4,66.7,0.142
340,-1,848.7,280.3,17.3,39.1,0.132
340,-1,833.5,292.9,13.1,28.1,0.118
340,-1,30.5,279.8,46.3,104.3,0.111
340,-1,52.6,282.3,38.4,140.5,0.105
340,-1,916.4,297.4,9.8,31.4,0.099
340,-1,802.6,281.8,16.7,35.3,0.093
340,-1,620.6,283.1,16.8,25.2,0.092
340,-1,448.5,267.8,49.7,96.9,0.066
340,-1,675.7,283.2,20.9,37.5,0.058
341,-1,723.8,259.1,91.7,222.6,0.999
341,-1,1700.8,233.2,219.2,787.5,0.999
341,-1,1158.7,296.5,62.4,144.4,0.998
341,-1,856.1,280.4,49.1,154.1,0.998
341,-1,336.8,251.1,99.1,148.4,0.998
341,-1,934.8,289.8,41.2,139.7,0.997
341,-1,42.6,255.0,111.9,273.1,0.997
341,-1,1066.8,276.9,47.2,154.9,0.997
341,-1,541.8,290.8,38.0,82.1,0.994
341,-1,1226.1,286.2,35.8,121.0,0.986
341,-1,7.2,288.5,71.2,235.8,0.971
341,-1,1005.3,301.6,17.5,50.2,0.969
341,-1,577.1,293.5,44.7,79.4,0.968
341,-1,1098.1,301.9,29.1,126.6,0.956
341,-1,0.2,283.0,23.0,102.7,0.920
341,-1,659.8,301.7,17.7,53.3,0.916
341,-1,71.3,286.9,16.5,35.2,0.895
341,-1,674.0,305.0,21.8,52.3,0.872
341,-1,639.7,291.1,26.6,64.0,0.863
341,-1,613.6,290.3,24.1,65.3,0.821
341,-1,605.9,291.6,24.2,79.9,0.749
341,-1,695.3,300.6,16.2,44.6,0.669
341,-1,625.3,294.2,34.1,62.3,0.611
341,-1,642.3,283.8,19.5,27.2,0.444
341,-1,917.8,301.8,9.1,30.1,0.432
341,-1,667.2,302.3,19.8,54.6,0.424
341,-1,898.2,306.3,21.1,71.4,0.413
341,-1,707.3,289.4,18.5,30.6,0.376
341,-1,60.3,286.3,28.0,57.2,0.306
341,-1,711.8,294.3,18.3,61.7,0.289
341,-1,23.7,289.7,49.7,155.2,0.236
341,-1,678.5,299.9,19.0,39.8,0.232
341,-1,37.9,288.1,35.7,70.9,0.231
341,-1,527.5,298.4,24.8,71.3,0.214
341,-1,41.3,285.3,44.6,157.5,0.211
341,-1,905.1,301.7,14.8,45.6,0.211
341,-1,847.2,286.8,19.7,36.3,0.182
341,-1,434.1,295.6,18.8,47.8,0.175
341,-1,911.6,301.3,11.7,34.9,0.154
341,-1,833.1,295.7,13.9,28.7,0.146
341,-1,671.3,283.9,20.9,24.5,0.129
341,-1,684.8,304.3,15.4,43.5,0.120
341,-1,836.7,302.4,14.1,23.5,0.117
341,-1,1107.3,303.8,19.6,45.3,0.093
341,-1,719.1,285.9,25.9,26.3,0.093
341,-1,1013.3,302.7,14.7,47.9,0.089
341,-1,921.9,301.8,11.0,28.8,0.087
341,-1,845.2,337.2,17.8,36.3,0.076
341,-1,720.5,283.3,15.7,35.7,0.069
341,-1,833.6,303.5,18.6,48.9,0.062
341,-1,712.9,291.9,16.3,35.5,0.059
341,-1,622.5,287.9,22.9,62.9,0.052
341,-1,841.0,292.9,28.1,71.1,0.052
342,-1,1708.9,240.2,211.1,805.0,0.999
342,-1,856.7,291.3,47.6,148.7,0.998
342,-1,1155.8,302.2,61.9,147.7,0.998
342,-1,333.1,257.6,100.1,150.3,0.997
342,-1,31.0,260.0,112.0,277.0,0.997
342,-1,707.8,265.8,99.6,222.8,0.997
342,-1,930.6,298.7,44.5,137.2,0.995
342,-1,1064.6,285.4,47.1,154.0,0.994
342,-1,1225.5,294.9,36.8,117.5,0.990
342,-1,542.2,295.8,34.9,84.6,0.988
342,-1,654.3,309.1,20.0,55.3,0.975
342,-1,1003.3,311.8,19.7,48.8,0.968
342,-1,1.8,293.8,50.8,243.2,0.967
342,-1,1093.1,308.8,33.6,129.2,0.932
342,-1,569.6,300.5,44.3,77.3,0.926
342,-1,598.2,296.5,29.7,80.7,0.917
342,-1,673.8,311.3,20.9,54.2,0.891
342,-1,626.9,299.0,27.5,63.0,0.789
342,-1,894.7,320.1,24.0,65.3,0.716
342,-1,695.1,307.5,15.8,45.6,0.715
342,-1,914.6,308.5,10.5,28.2,0.413
342,-1,0.1,294.0,18.6,175.2,0.391
342,-1,524.6,309.5,25.3,68.3,0.315
342,-1,834.7,305.2,14.3,28.4,0.199
342,-1,843.0,344.8,17.8,38.3,0.184
342,-1,705.6,303.6,17.6,53.1,0.179
342,-1,828.2,303.7,13.4,29.2,0.178
342,-1,46.5,295.7,23.4,42.3,0.138
342,-1,910.4,309.8,12.3,33.6,0.131
342,-1,14.5,292.1,42.5,77.7,0.104
342,-1,715.9,295.0,19.1,36.0,0.103
342,-1,20.9,291.9,66.4,230.8,0.095
342,-1,927.4,299.8,14.7,40.4,0.085
342,-1,1106.0,311.8,19.3,41.2,0.083
342,-1,433.1,303.9,15.3,47.1,0.082
342,-1,642.6,304.7,15.5,57.1,0.081
342,-1,14.0,293.1,48.9,170.3,0.081
342,-1,905.8,308.1,15.1,45.5,0.073
342,-1,690.5,310.4,15.2,43.2,0.060
342,-1,684.0,312.1,15.1,45.0,0.059
342,-1,909.4,305.7,17.5,52.8,0.057
342,-1,1020.5,309.7,17.1,51.7,0.057
342,-1,898.0,311.4,17.8,55.5,0.055
342,-1,668.3,292.1,18.8,28.6,0.054
342,-1,672.5,305.1,18.1,35.3,0.053
343,-1,1713.8,249.7,205.8,811.3,0.999
343,-1,332.4,262.9,97.2,146.8,0.998
343,-1,1154.9,307.8,61.7,146.7,0.997
343,-1,706.5,270.3,92.8,223.7,0.996
343,-1,851.6,294.6,52.0,149.1,0.995
343,-1,14.4,260.9,121.6,286.4,0.995
343,-1,1064.4,288.7,50.9,155.0,0.992
343,-1,928.4,303.2,44.6,138.1,0.991
343,-1,1222.8,297.8,40.8,122.0,0.984
343,-1,538.9,302.8,39.0,82.1,0.975
343,-1,570.9,301.8,47.2,82.9,0.967
343,-1,0.3,289.0,38.9,245.0,0.929
343,-1,650.1,313.9,22.9,53.7,0.903
343,-1,1002.4,313.6,19.1,48.7,0.900
343,-1,1086.8,304.6,39.8,138.2,0.845
343,-1,619.8,302.4,30.7,65.1,0.840
343,-1,601.0,302.7,25.5,71.1,0.664
343,-1,669.2,313.4,25.6,55.3,0.617
343,-1,522.5,315.7,27.3,66.5,0.467
343,-1,894.1,314.2,26.4,78.3,0.379
343,-1,704.2,303.7,23.7,56.6,0.362
343,-1,687.9,312.3,18.8,43.6,0.325
343,-1,1.3,279.7,70.2,264.8,0.209
343,-1,707.8,292.8,27.0,44.8,0.192
343,-1,670.8,310.2,25.2,34.6,0.137
343,-1,839.5,335.9,24.5,51.8,0.124
343,-1,693.3,302.1,19.5,50.4,0.112
343,-1,0.0,261.5,53.7,199.6,0.105
343,-1,0.3,299.7,13.9,251.3,0.103
343,-1,705.3,302.0,16.9,32.8,0.088
343,-1,655.8,308.9,30.5,58.0,0.082
343,-1,625.8,301.8,23.4,37.8,0.080
343,-1,0.0,295.9,38.2,89.8,0.064
343,-1,831.5,317.6,29.5,71.1,0.055
343,-1,671.6,299.5,24.4,30.5,0.050
344,-1,1725.5,255.1,194.1,807.0,0.999
344,-1,336.8,265.4,94.5,149.3,0.999
344,-1,1156.0,309.8,62.9,144.5,0.998
344,-1,695.4,269.0,105.2,237.9,0.998
344,-1,853.1,297.1,51.7,147.3,0.996
344,-1,929.9,304.9,47.0,138.4,0.995
344,-1,11.1,265.4,126.0,284.3,0.995
344,-1,1066.2,292.4,47.8,152.7,0.993
344,-1,1227.3,302.2,38.0,119.9,0.989
344,-1,543.0,304.1,37.1,83.8,0.987
344,-1,566.1,303.0,54.9,85.0,0.985
344,-1,1004.6,316.8,19.6,54.7,0.954
344,-1,0.4,303.7,41.1,234.7,0.953
344,-1,618.2,305.6,31.7,66.4,0.951
344,-1,652.8,316.8,22.3,55.0,0.938
344,-1,1103.6,319.5,24.3,127.2,0.936
344,-1,673.5,320.4,21.4,49.7,0.783
344,-1,895.0,317.5,25.6,76.6,0.674
344,-1,693.0,311.8,18.1,50.4,0.588
344,-1,914.5,316.5,11.2,32.4,0.475
344,-1,927.6,307.9,12.1,38.6,0.442
344,-1,903.6,313.0,16.1,46.0,0.338
344,-1,524.7,318.2,26.2,67.5,0.327
344,-1,637.4,309.4,20.4,60.5,0.304
344,-1,601.8,304.0,20.3,72.2,0.296
344,-1,832.7,316.2,14.1,23.7,0.296
344,-1,1.6,301.8,38.1,76.7,0.287
344,-1,842.1,345.7,20.2,43.8,0.279
344,-1,431.8,313.2,15.2,46.9,0.249
344,-1,10.3,293.0,71.3,247.3,0.203
344,-1,627.4,303.6,25.0,52.3,0.155
344,-1,686.2,317.3,18.6,45.5,0.145
344,-1,703.7,301.7,18.5,50.0,0.116
344,-1,711.0,294.4,26.8,37.1,0.111
344,-1,671.4,313.5,24.1,33.3,0.094
344,-1,840.9,318.9,24.5,63.6,0.075
344,-1,708.0,299.3,17.5,40.0,0.072
344,-1,641.2,297.5,17.9,27.6,0.066
344,-1,465.6,287.5,51.7,100.7,0.063
345,-1,1730.5,257.2,189.5,815.1,0.999
345,-1,691.0,268.5,107.1,251.6,0.999
345,-1,334.7,269.1,96.4,149.1,0.998
345,-1,1156.7,311.4,62.5,146.5,0.998
345,-1,4.2,267.3,130.3,285.3,0.997
345,-1,1066.3,292.3,53.0,154.7,0.994
345,-1,852.3,297.4,52.5,147.3,0.994
345,-1,928.9,309.0,46.9,136.9,0.989
345,-1,570.1,305.2,45.3,86.2,0.988
345,-1,1228.4,304.3,39.7,118.5,0.981
345,-1,541.1,309.0,40.2,81.4,0.951
345,-1,1091.9,314.1,37.7,133.1,0.929
345,-1,613.3,305.1,38.4,71.3,0.911
345,-1,1004.4,318.7,20.4,51.6,0.896
345,-1,652.4,314.0,23.7,55.4,0.731
345,-1,0.1,304.2,31.9,236.6,0.687
345,-1,895.2,315.2,27.3,80.8,0.678
345,-1,692.1,290.9,28.3,72.0,0.444
345,-1,635.8,301.2,20.9,70.0,0.419
345,-1,1232.0,303.3,25.7,61.9,0.366
345,-1,0.0,296.4,29.6,84.1,0.343
345,-1,0.0,317.6,16.7,225.8,0.333
345,-1,668.3,315.2,31.4,54.5,0.281
345,-1,683.9,302.3,27.8,62.7,0.255
345,-1,905.9,315.6,31.3,78.2,0.162
345,-1,713.9,297.8,24.4,30.5,0.141
345,-1,667.2,300.1,20.3,26.4,0.119
345,-1,669.4,291.7,44.3,79.4,0.117
345,-1,525.0,318.3,29.7,69.5,0.111
345,-1,0.1,285.9,23.9,163.9,0.100
345,-1,909.3,314.9,24.7,50.3,0.081
345,-1,840.1,340.5,26.8,50.1,0.079
345,-1,927.3,310.1,16.0,38.0,0.077
345,-1,1.0,271.4,46.5,161.4,0.070
345,-1,685.5,286.6,30.5,46.5,0.069
345,-1,564.0,305.8,53.7,187.1,0.066
345,-1,459.8,289.2,52.6,95.9,0.053
346,-1,1733.0,270.7,186.1,790.5,0.999
346,-1,335.6,271.6,94.2,148.5,0.999
346,-1,0.4,269.2,128.2,288.9,0.998
346,-1,691.9,269.0,103.5,256.3,0.998
346,-1,853.7,303.9,48.6,146.4,0.997
346,-1,1155.5,311.8,63.0,147.5,0.997
346,-1,1228.0,307.2,40.4,120.9,0.996
346,-1,1065.6,296.1,49.6,155.0,0.993
346,-1,929.4,309.9,45.1,138.3,0.990
346,-1,544.1,312.8,35.7,80.3,0.983
346,-1,566.4,305.0,47.6,88.5,0.949
346,-1,1002.3,318.4,21.6,59.3,0.938
346,-1,611.5,309.3,31.9,65.7,0.927
346,-1,1098.9,320.6,28.7,126.7,0.898
346,-1,652.3,319.0,21.3,53.5,0.884
346,-1,893.5,321.5,28.6,76.4,0.636
346,-1,0.0,313.7,21.9,235.3,0.516
346,-1,694.2,300.6,27.1,70.4,0.466
346,-1,587.5,305.8,47.4,79.2,0.454
346,-1,670.0,323.5,22.8,53.8,0.424
346,-1,842.8,299.0,23.9,43.0,0.260
346,-1,687.4,309.1,24.4,62.8,0.231
346,-1,1259.9,302.7,27.1,52.3,0.225
346,-1,641.7,304.0,17.8,41.8,0.187
346,-1,902.6,315.2,24.7,56.5,0.183
346,-1,525.7,312.5,38.2,81.6,0.175
346,-1,831.1,316.4,19.7,28.0,0.144
346,-1,0.0,296.4,13.8,208.6,0.144
346,-1,915.0,320.3,17.1,33.2,0.137
346,-1,590.0,308.1,24.0,50.4,0.110
346,-1,669.9,300.7,27.1,33.1,0.102
346,-1,680.8,300.2,39.8,110.9,0.085
346,-1,671.1,308.5,25.5,41.5,0.085
346,-1,927.5,312.0,13.7,38.8,0.081
346,-1,829.4,299.2,42.3,94.2,0.080
346,-1,668.0,297.9,36.8,76.7,0.071
346,-1,711.7,294.6,20.8,30.4,0.065
346,-1,117.4,329.8,42.3,45.1,0.063
346,-1,1014.5,320.6,23.1,53.7,0.051
346,-1,621.0,308.9,22.3,27.5,0.051
347,-1,1746.6,267.3,170.9,790.2,0.999
347,-1,337.1,273.8,97.1,151.6,0.999
347,-1,0.1,273.5,113.4,295.0,0.999
347,-1,678.2,270.3,111.9,274.5,0.999
347,-1,1237.8,307.0,35.2,122.9,0.998
347,-1,1159.0,312.6,61.7,148.5,0.997
347,-1,853.1,303.0,49.6,142.9,0.997
347,-1,930.8,314.2,41.5,134.0,0.994
347,-1,1069.0,298.3,48.0,155.9,0.993
347,-1,654.5,321.8,20.4,56.8,0.984
347,-1,566.1,306.5,48.6,89.8,0.983
347,-1,610.9,313.3,31.3,64.8,0.980
347,-1,550.9,314.9,29.5,77.9,0.968
347,-1,1004.9,321.2,20.0,52.3,0.943
347,-1,1096.1,314.3,33.9,137.7,0.921
347,-1,675.6,326.0,19.7,53.0,0.811
347,-1,893.7,334.4,26.3,63.6,0.751
347,-1,431.9,317.3,13.5,45.8,0.697
347,-1,560.9,312.5,32.7,82.0,0.563
347,-1,48.9,304.1,33.1,37.6,0.546
347,-1,524.9,324.2,31.7,68.1,0.513
347,-1,833.1,316.7,13.8,28.9,0.449
347,-1,844.3,337.3,19.3,54.9,0.302
347,-1,0.0,307.0,14.8,160.9,0.272
347,-1,49.0,304.5,48.8,134.2,0.258
347,-1,455.4,310.6,12.4,50.1,0.242
347,-1,829.9,312.6,11.9,31.5,0.236
347,-1,693.5,322.1,12.6,28.7,0.222
347,-1,679.5,328.0,17.0,31.1,0.183
347,-1,48.5,303.3,22.8,22.3,0.182
347,-1,838.9,315.5,15.4,29.3,0.167
347,-1,0.3,311.0,13.6,57.5,0.140
347,-1,687.9,332.6,14.2,39.0,0.137
347,-1,909.8,327.2,11.2,36.7,0.123
347,-1,831.2,345.9,14.6,28.9,0.062
347,-1,1265.0,305.4,25.2,56.0,0.058
347,-1,845.8,307.7,15.3,34.5,0.058
347,-1,901.7,325.0,17.7,56.8,0.057
347,-1,1.5,289.1,44.5,272.6,0.053
348,-1,668.4,272.6,116.1,280.0,0.999
348,-1,1743.5,265.1,174.8,740.3,0.999
348,-1,337.4,274.3,94.7,149.1,0.999
348,-1,1159.5,315.4,59.9,146.2,0.997
348,-1,1.3,275.0,104.4,294.4,0.997
348,-1,1233.6,309.6,35.9,120.6,0.996
348,-1,852.5,305.3,48.8,134.5,0.996
348,-1,1067.2,299.5,49.9,155.3,0.995
348,-1,929.0,317.1,40.9,133.0,0.995
348,-1,651.8,322.5,21.9,57.9,0.985
348,-1,564.4,313.8,52.2,83.0,0.968
348,-1,608.3,316.0,28.0,67.5,0.964
348,-1,550.6,316.7,27.7,79.5,0.950
348,-1,1003.2,324.5,20.4,47.4,0.915
348,-1,1090.1,316.0,39.2,139.5,0.915
348,-1,893.2,320.9,27.5,78.9,0.860
348,-1,43.5,301.4,47.2,156.8,0.819
348,-1,672.1,326.1,19.0,54.8,0.644
348,-1,841.1,313.7,25.6,83.2,0.438
348,-1,45.4,308.2,39.0,92.6,0.376
348,-1,999.4,324.9,12.7,41.1,0.343
348,-1,594.2,312.8,38.1,81.4,0.316
348,-1,453.1,311.3,12.5,53.0,0.216
348,-1,915.4,321.2,15.7,30.7,0.212
348,-1,11.5,277.1,65.9,197.0,0.210
348,-1,838.6,343.9,22.8,52.6,0.205
348,-1,527.9,320.2,39.0,76.8,0.201
348,-1,910.5,320.9,27.5,83.9,0.169
348,-1,902.8,317.7,19.7,64.9,0.160
348,-1,429.3,311.3,17.4,53.4,0.154
348,-1,684.3,332.0,16.2,43.5,0.150
348,-1,112.7,336.1,33.3,41.6,0.143
348,-1,830.6,315.2,15.7,30.6,0.143
348,-1,837.0,318.1,14.5,27.1,0.141
348,-1,910.1,319.0,17.5,43.4,0.105
348,-1,675.0,323.1,20.5,41.3,0.104
348,-1,906.9,320.1,15.9,34.3,0.087
348,-1,160.3,294.0,46.8,83.4,0.077
348,-1,848.9,309.4,21.9,33.3,0.074
348,-1,897.0,320.8,20.0,44.3,0.070
348,-1,688.6,315.4,14.1,32.0,0.053
349,-1,338.4,276.2,94.9,147.8,0.999
349,-1,1750.7,270.0,164.1,799.7,0.999
349,-1,660.4,266.5,119.2,290.4,0.998
349,-1,0.1,279.8,84.8,292.1,0.997
349,-1,1233.2,310.0,38.7,120.7,0.997
349,-1,1160.3,316.4,57.9,143.9,0.997
349,-1,849.5,306.4,51.5,142.3,0.997
349,-1,926.7,318.7,40.4,129.9,0.996
349,-1,1067.0,300.1,50.1,154.7,0.995
349,-1,651.2,323.9,19.7,54.8,0.987
349,-1,561.7,311.7,46.7,83.9,0.981
349,-1,550.5,312.2,26.6,84.4,0.971
349,-1,1002.5,323.4,21.0,51.8,0.969
349,-1,605.5,315.0,26.2,67.1,0.952
349,-1,40.0,303.5,42.3,154.9,0.933
349,-1,1095.3,318.2,33.5,136.4,0.927
349,-1,891.5,333.6,28.2,67.8,0.910
349,-1,671.3,326.0,18.1,52.9,0.712
349,-1,827.4,312.5,13.9,32.0,0.370
349,-1,585.6,314.4,28.7,73.3,0.363
349,-1,916.3,322.0,9.5,28.1,0.319
349,-1,904.8,323.6,15.1,46.4,0.302
349,-1,844.2,304.4,20.8,39.6,0.243
349,-1,670.5,329.4,16.8,28.2,0.229
349,-1,42.5,305.5,35.5,75.1,0.226
349,-1,833.5,314.3,15.3,31.8,0.212
349,-1,1.0,282.2,31.7,287.6,0.203
349,-1,663.0,324.3,16.5,54.2,0.167
349,-1,910.7,321.2,10.0,27.5,0.161
349,-1,841.9,310.6,25.0,85.5,0.159
349,-1,683.6,326.8,13.7,49.6,0.157
349,-1,903.2,319.6,12.4,28.7,0.143
349,-1,798.2,308.1,15.2,36.0,0.133
349,-1,159.1,293.8,40.1,127.4,0.133
349,-1,1265.2,304.0,25.0,53.9,0.127
349,-1,896.5,321.1,14.9,30.9,0.126
349,-1,814.6,315.0,12.3,28.8,0.120
349,-1,911.2,323.3,12.9,44.1,0.111
349,-1,841.3,346.0,18.6,48.7,0.105
349,-1,0.0,322.7,18.4,237.5,0.080
349,-1,8.8,276.2,64.1,197.1,0.068
349,-1,677.6,326.7,15.0,36.5,0.057
349,-1,1108.1,326.6,20.4,51.8,0.053
350,-1,1751.1,266.8,163.8,793.1,0.999
350,-1,339.3,275.9,95.6,148.3,0.999
350,-1,1234.5,306.7,42.4,124.2,0.998
350,-1,657.7,260.4,116.1,299.3,0.998
350,-1,847.5,304.6,52.9,138.0,0.996
350,-1,1161.7,316.3,56.5,144.0,0.995
350,-1,1066.8,299.6,52.7,156.6,0.995
350,-1,926.5,317.6,39.7,131.2,0.995
350,-1,0.5,275.6,69.5,294.9,0.988
350,-1,34.0,300.2,45.5,155.6,0.974
350,-1,560.7,305.9,49.2,89.5,0.974
350,-1,650.7,323.1,20.3,55.2,0.970
350,-1,1003.0,322.6,19.9,52.4,0.960
350,-1,1092.8,312.9,36.1,142.3,0.938
350,-1,606.2,309.3,20.9,69.7,0.915
350,-1,550.0,310.3,29.9,83.6,0.847
350,-1,890.5,323.6,27.6,76.8,0.842
350,-1,582.6,312.3,29.9,80.7,0.704
350,-1,669.6,315.1,20.3,64.6,0.654
350,-1,615.0,312.9,15.2,63.6,0.597
350,-1,915.3,320.4,11.8,32.6,0.337
350,-1,829.2,319.0,13.1,25.4,0.199
350,-1,1000.2,323.0,13.0,40.9,0.196
350,-1,161.7,297.4,31.8,74.1,0.195
350,-1,1263.3,300.2,27.4,65.0,0.181
350,-1,814.5,312.1,14.5,26.4,0.180
350,-1,107.2,334.4,26.6,43.1,0.180
350,-1,670.9,320.6,17.8,35.1,0.174
350,-1,663.2,322.4,19.2,56.1,0.162
350,-1,906.3,321.4,26.1,79.1,0.123
350,-1,1161.0,333.4,16.2,80.6,0.112
350,-1,797.3,305.0,17.0,37.6,0.112
350,-1,1020.9,323.9,18.6,50.3,0.102
350,-1,521.0,317.0,44.0,76.2,0.099
350,-1,903.0,322.8,15.8,48.5,0.099
350,-1,841.0,344.7,17.9,48.7,0.098
350,-1,963.5,326.5,11.9,31.7,0.097
350,-1,838.9,308.8,26.7,84.0,0.090
350,-1,844.4,305.7,19.2,36.5,0.088
350,-1,1010.4,324.6,17.7,51.2,0.083
350,-1,907.7,320.3,17.5,32.2,0.080
350,-1,915.8,319.6,16.1,46.9,0.078
350,-1,686.5,307.9,14.5,30.1,0.069
350,-1,683.5,315.7,14.2,43.3,0.064
350,-1,0.0,290.8,15.8,272.5,0.060
350,-1,824.6,310.1,15.9,28.3,0.055
350,-1,896.8,318.6,20.9,39.5,0.051
351,-1,337.5,275.2,99.6,148.5,0.999
351,-1,1748.7,260.1,168.8,778.5,0.999
351,-1,1234.4,307.7,42.8,121.8,0.998
351,-1,654.5,264.9,115.9,299.6,0.997
351,-1,846.6,304.7,54.3,145.4,0.997
351,-1,1160.9,316.2,56.1,143.3,0.996
351,-1,1067.0,297.5,51.5,157.4,0.996
351,-1,924.8,316.1,40.2,131.3,0.996
351,-1,649.7,321.8,19.9,56.2,0.989
351,-1,0.2,279.0,61.9,283.1,0.983
351,-1,26.3,299.4,48.2,155.4,0.978
351,-1,559.9,306.0,49.1,88.5,0.968
351,-1,1002.6,319.2,21.0,56.0,0.967
351,-1,550.5,306.9,31.2,87.6,0.951
351,-1,1091.1,307.2,37.4,146.4,0.938
351,-1,600.5,312.1,24.5,68.9,0.924
351,-1,889.9,338.2,27.7,60.8,0.831
351,-1,961.0,326.8,13.2,33.5,0.697
351,-1,668.0,320.7,15.7,34.6,0.659
351,-1,583.5,311.9,27.3,81.2,0.642
351,-1,668.6,322.6,16.9,55.1,0.574
351,-1,105.4,333.4,22.0,42.4,0.478
351,-1,615.9,314.6,14.3,56.9,0.394
351,-1,830.0,320.3,12.8,24.4,0.380
351,-1,826.4,315.2,12.7,28.3,0.207
351,-1,1159.9,339.7,17.3,70.9,0.157
351,-1,903.5,315.4,12.3,33.9,0.152
351,-1,901.2,318.9,16.2,54.0,0.145
351,-1,661.9,322.0,18.5,54.4,0.128
351,-1,799.8,310.7,14.6,29.7,0.125
351,-1,1017.8,330.1,16.4,44.9,0.090
351,-1,910.4,320.5,10.6,33.0,0.081
351,-1,845.3,306.1,20.7,31.6,0.078
351,-1,1199.7,329.3,17.4,55.9,0.060
351,-1,620.2,315.1,11.7,39.6,0.060
351,-1,896.9,322.3,13.9,38.2,0.053
352,-1,1751.3,254.4,168.4,801.4,0.999
352,-1,345.5,273.6,93.5,150.3,0.999
352,-1,653.2,273.1,102.5,297.7,0.998
352,-1,1235.5,308.5,42.7,122.6,0.997
352,-1,1159.4,318.8,55.5,144.7,0.997
352,-1,925.1,317.9,36.4,125.2,0.997
352,-1,843.0,304.5,55.3,144.2,0.996
352,-1,1065.2,299.2,53.3,158.0,0.996
352,-1,645.4,322.8,23.4,56.2,0.992
352,-1,12.4,303.0,54.3,154.2,0.991
352,-1,551.7,307.6,40.0,87.7,0.990
352,-1,580.9,313.2,27.4,83.4,0.945
352,-1,0.4,304.4,20.9,152.7,0.944
352,-1,1001.5,321.6,19.4,53.3,0.928
352,-1,617.3,318.5,12.3,32.7,0.906
352,-1,888.3,335.0,28.4,66.1,0.824
352,-1,1100.3,305.8,28.8,148.8,0.782
352,-1,596.4,313.4,21.1,67.6,0.736
352,-1,665.3,323.9,13.3,42.6,0.729
352,-1,960.2,326.8,14.0,35.5,0.597
352,-1,667.6,319.4,12.7,28.9,0.492
352,-1,900.8,317.7,14.3,36.8,0.460
352,-1,896.3,314.5,27.8,89.6,0.354
352,-1,658.5,323.7,17.3,51.3,0.330
352,-1,826.4,314.9,14.9,31.6,0.288
352,-1,662.1,323.6,13.8,31.2,0.088
352,-1,796.1,318.7,10.7,24.4,0.087
352,-1,907.7,322.4,25.6,87.5,0.082
352,-1,2.8,302.6,23.1,67.7,0.062
352,-1,1193.8,325.5,23.2,69.5,0.061
352,-1,743.5,321.2,16.6,30.7,0.060
352,-1,515.9,314.4,44.2,80.0,0.059
352,-1,749.3,318.3,16.6,32.7,0.057
352,-1,1012.0,327.8,17.8,48.6,0.056
353,-1,340.9,274.0,100.9,151.2,0.999
353,-1,1753.2,261.1,163.7,785.7,0.999
353,-1,652.7,266.7,96.3,302.3,0.999
353,-1,923.4,317.5,33.6,129.6,0.998
353,-1,1159.0,320.2,55.3,145.5,0.998
353,-1,843.8,303.4,53.3,148.3,0.998
353,-1,1234.3,310.8,43.8,122.0,0.997
353,-1,1064.5,300.6,52.3,158.3,0.996
353,-1,8.4,302.9,54.0,152.1,0.985
353,-1,644.9,324.5,21.7,56.3,0.977
353,-1,556.8,313.1,46.3,84.4,0.972
353,-1,544.5,308.4,29.6,87.3,0.952
353,-1,1000.3,323.7,18.0,47.8,0.931
353,-1,1097.2,324.3,30.0,130.4,0.925
353,-1,616.2,319.9,12.3,32.9,0.924
353,-1,887.2,332.1,28.3,70.1,0.892
353,-1,578.0,313.4,31.0,81.9,0.845
353,-1,894.0,317.1,19.7,59.7,0.695
353,-1,0.0,310.3,16.2,136.0,0.671
353,-1,897.6,319.8,14.7,35.2,0.578
353,-1,594.6,316.1,17.7,68.5,0.465
353,-1,903.6,321.3,12.5,34.1,0.351
353,-1,909.9,323.0,10.6,31.7,0.320
353,-1,0.8,304.3,26.4,118.6,0.264
353,-1,959.2,331.1,12.5,32.9,0.246
353,-1,823.9,315.6,12.6,30.3,0.184
353,-1,837.3,306.8,19.2,39.7,0.172
353,-1,1009.2,329.4,13.5,45.3,0.151
353,-1,829.5,315.6,14.0,31.1,0.130
353,-1,749.1,319.9,16.4,33.7,0.129
353,-1,739.3,323.1,19.2,37.3,0.128
353,-1,669.1,306.2,12.9,29.6,0.120
353,-1,523.3,312.5,45.1,84.4,0.109
353,-1,906.7,321.9,13.9,50.2,0.090
353,-1,1107.5,330.0,19.2,44.0,0.085
353,-1,906.9,323.6,22.4,83.6,0.079
353,-1,834.6,315.9,22.4,65.7,0.077
353,-1,1235.8,324.3,24.6,92.2,0.059
353,-1,657.7,321.2,14.1,52.3,0.054
354,-1,343.0,275.4,100.6,153.8,0.999
354,-1,1747.6,267.7,170.3,780.0,0.999
354,-1,645.9,275.2,102.5,291.5,0.999
354,-1,842.3,312.0,53.5,140.6,0.997
354,-1,1159.4,322.8,54.3,145.7,0.997
354,-1,1232.7,312.5,46.4,123.9,0.995
354,-1,1064.1,304.0,53.8,156.7,0.995
354,-1,919.8,317.8,41.9,135.1,0.993
354,-1,549.4,315.3,55.9,84.2,0.974
354,-1,4.8,306.0,54.2,151.8,0.973
354,-1,1088.9,312.6,37.8,147.4,0.924
354,-1,643.7,325.1,21.3,56.3,0.770
354,-1,615.5,321.3,12.4,33.7,0.742
354,-1,887.7,331.0,24.6,72.9,0.670
354,-1,999.4,329.3,17.6,42.6,0.657
354,-1,1.0,305.9,31.2,152.7,0.611
354,-1,0.1,312.8,13.4,149.0,0.271
354,-1,4.6,306.6,47.9,70.0,0.245
354,-1,623.5,309.3,15.7,41.1,0.235
354,-1,904.6,329.7,22.3,78.4,0.206
354,-1,539.7,316.8,32.6,79.1,0.183
354,-1,514.7,320.6,49.1,77.0,0.180
354,-1,587.6,317.6,20.9,71.2,0.165
354,-1,0.3,309.8,22.7,61.9,0.145
354,-1,910.2,326.4,13.7,28.7,0.090
354,-1,897.9,325.5,13.3,28.7,0.089
354,-1,599.1,319.1,15.8,61.1,0.080
354,-1,826.5,325.7,18.3,23.9,0.073
354,-1,837.1,310.5,22.5,33.1,0.072
354,-1,616.9,316.7,17.5,36.7,0.067
354,-1,833.7,316.8,25.8,85.4,0.060
354,-1,889.5,327.3,15.7,35.2,0.058
354,-1,546.8,319.2,58.8,176.5,0.056
354,-1,1016.3,352.5,18.5,26.4,0.053
354,-1,830.8,310.6,48.0,119.8,0.052
355,-1,344.7,276.4,101.3,153.6,1.000
355,-1,1729.0,269.5,190.0,757.5,0.999
355,-1,634.6,276.3,111.1,298.3,0.999
355,-1,1160.8,326.4,51.9,144.7,0.998
355,-1,838.8,313.9,57.7,142.9,0.998
355,-1,1234.0,318.7,46.9,122.1,0.997
355,-1,1064.4,307.3,50.0,158.3,0.997
355,-1,918.6,321.3,40.0,133.1,0.996
355,-1,555.6,318.1,47.9,84.1,0.982
355,-1,2.9,310.2,56.8,151.7,0.981
355,-1,1000.2,330.0,19.7,50.9,0.958
355,-1,1097.4,325.5,29.7,136.7,0.916
355,-1,614.0,324.3,11.7,34.4,0.904
355,-1,533.1,317.7,29.0,86.4,0.865
355,-1,542.1,316.2,22.6,62.2,0.680
355,-1,510.3,332.4,31.5,69.8,0.625
355,-1,887.3,327.2,24.4,76.9,0.616
355,-1,643.4,328.3,17.0,37.0,0.597
355,-1,904.1,331.6,22.2,83.2,0.592
355,-1,899.5,326.7,12.0,29.1,0.534
355,-1,2.4,308.5,54.1,78.6,0.433
355,-1,582.9,317.9,21.1,72.6,0.362
355,-1,734.5,329.2,19.9,52.3,0.347
355,-1,956.6,336.1,13.6,35.3,0.332
355,-1,0.3,314.5,19.7,59.1,0.319
355,-1,897.0,324.2,16.0,47.5,0.278
355,-1,1004.1,332.7,24.2,53.4,0.211
355,-1,825.0,329.2,15.4,25.0,0.197
355,-1,1.1,309.7,32.4,141.0,0.181
355,-1,713.4,308.1,25.2,43.3,0.174
355,-1,1195.1,334.1,20.1,63.9,0.172
355,-1,904.8,330.1,12.9,33.3,0.152
355,-1,1017.3,346.5,15.3,38.8,0.150
355,-1,0.1,313.6,20.2,119.4,0.149
355,-1,639.0,325.0,11.5,29.1,0.144
355,-1,896.6,325.4,20.1,76.9,0.136
355,-1,545.0,320.6,59.4,171.3,0.097
355,-1,822.3,322.0,13.7,31.8,0.094
355,-1,1107.7,334.0,18.5,49.7,0.092
355,-1,837.4,314.7,19.0,37.4,0.078
355,-1,890.9,327.2,14.9,37.0,0.061
355,-1,711.2,305.9,40.0,76.7,0.058
355,-1,835.0,320.2,24.1,81.5,0.054
356,-1,1704.7,276.8,212.2,765.8,0.999
356,-1,343.6,277.2,99.9,154.0,0.999
356,-1,625.9,277.6,111.2,293.3,0.998
356,-1,1157.8,328.9,54.1,143.7,0.996
356,-1,1063.4,307.9,56.9,160.5,0.995
356,-1,839.0,319.6,52.9,134.5,0.992
356,-1,917.6,324.8,35.9,135.2,0.982
356,-1,552.8,319.1,45.6,84.2,0.975
356,-1,0.0,308.0,50.7,150.0,0.958
356,-1,1236.4,325.5,44.1,118.7,0.947
356,-1,523.4,318.7,34.1,82.2,0.674
356,-1,535.8,320.0,22.3,56.0,0.487
356,-1,0.0,307.8,49.7,75.4,0.444
356,-1,533.0,318.2,52.3,86.6,0.298
356,-1,895.9,334.8,28.1,78.2,0.231
356,-1,881.8,335.4,21.0,70.8,0.222
356,-1,619.8,310.1,19.0,43.6,0.168
356,-1,1093.2,335.3,32.8,128.8,0.142
356,-1,822.2,338.8,26.1,64.6,0.095
356,-1,997.3,337.8,15.6,36.3,0.088
356,-1,953.0,349.8,13.6,23.1,0.083
356,-1,695.8,304.9,44.4,90.2,0.056
356,-1,699.8,313.2,45.2,159.9,0.053
357,-1,1696.9,278.9,221.1,743.2,1.000
357,-1,340.9,279.4,104.9,156.4,0.999
357,-1,615.6,279.2,111.8,309.7,0.998
357,-1,835.1,321.8,59.4,144.3,0.998
357,-1,1156.2,333.6,53.4,145.7,0.997
357,-1,1063.6,315.2,49.9,161.2,0.996
357,-1,913.1,330.4,39.1,136.8,0.994
357,-1,1236.0,337.3,47.0,113.1,0.986
357,-1,0.4,312.9,45.9,154.3,0.981
357,-1,549.5,326.3,40.1,84.0,0.968
357,-1,996.1,340.4,18.7,53.6,0.943
357,-1,520.2,323.3,31.4,83.1,0.908
357,-1,610.3,331.2,12.8,33.8,0.855
357,-1,1088.0,340.4,37.6,133.1,0.828
357,-1,880.9,335.3,25.8,81.5,0.664
357,-1,696.4,312.7,42.9,163.3,0.577
357,-1,726.9,336.0,22.3,56.6,0.559
357,-1,698.9,314.6,32.8,72.2,0.427
357,-1,891.9,334.5,25.1,83.0,0.387
357,-1,899.6,338.4,25.6,81.2,0.310
357,-1,906.9,336.6,13.4,28.5,0.304
357,-1,892.0,330.5,18.7,53.8,0.275
357,-1,954.1,346.6,11.7,33.4,0.261
357,-1,620.5,315.3,12.2,44.8,0.216
357,-1,572.0,326.7,22.4,80.8,0.156
357,-1,711.0,331.7,28.9,62.5,0.135
357,-1,908.4,333.4,15.6,41.1,0.100
357,-1,898.7,338.0,16.3,47.9,0.086
357,-1,709.6,325.3,22.1,48.5,0.085
357,-1,624.2,317.3,12.1,39.6,0.083
357,-1,819.4,335.6,15.1,26.1,0.081
357,-1,904.4,336.6,16.3,47.2,0.080
357,-1,727.6,356.9,17.9,37.9,0.065
357,-1,886.4,335.8,17.2,50.6,0.058
357,-1,1011.7,352.7,16.4,40.8,0.055
358,-1,1703.6,305.9,214.7,712.6,0.999
358,-1,337.7,281.4,107.0,155.8,0.999
358,-1,613.1,278.4,110.5,312.3,0.999
358,-1,834.5,321.0,60.5,150.1,0.998
358,-1,1153.8,335.1,56.3,144.8,0.998
358,-1,1061.6,316.4,49.7,162.0,0.997
358,-1,912.3,331.3,38.5,136.4,0.994
358,-1,1236.9,335.0,45.9,117.2,0.990
358,-1,0.2,311.6,43.1,156.7,0.983
358,-1,551.4,327.8,36.1,82.8,0.982
358,-1,508.0,322.0,38.9,89.3,0.949
358,-1,994.2,341.3,20.0,49.7,0.948
358,-1,607.4,331.2,13.9,37.3,0.920
358,-1,1081.5,326.9,41.9,147.6,0.911
358,-1,725.5,334.6,22.8,62.6,0.879
358,-1,568.5,328.8,22.5,81.7,0.699
358,-1,882.3,346.2,26.1,70.8,0.522
358,-1,954.2,347.8,10.8,33.5,0.490
358,-1,706.8,334.0,23.2,58.0,0.437
358,-1,713.5,335.7,29.8,62.7,0.292
358,-1,819.5,337.9,13.9,26.0,0.235
358,-1,697.7,316.0,37.8,160.6,0.224
358,-1,0.4,312.1,22.2,143.9,0.143
358,-1,613.4,333.1,12.6,32.7,0.142
358,-1,902.6,338.5,11.2,26.7,0.137
358,-1,707.3,332.8,18.1,33.9,0.137
358,-1,1011.7,352.2,15.3,41.8,0.122
358,-1,627.3,317.4,10.8,28.8,0.107
358,-1,621.1,326.0,10.6,36.7,0.089
358,-1,893.9,338.3,12.4,34.5,0.085
358,-1,786.9,322.4,15.8,34.6,0.071
358,-1,835.7,327.7,18.0,31.3,0.063
358,-1,898.3,337.5,24.7,80.9,0.062
358,-1,815.7,331.4,12.5,30.7,0.059
358,-1,739.4,331.0,16.5,33.7,0.054
358,-1,905.2,338.9,11.7,37.5,0.050
359,-1,331.1,277.7,114.1,164.5,0.999
359,-1,599.5,279.7,118.3,317.3,0.999
359,-1,1723.0,293.8,195.2,727.2,0.999
359,-1,832.9,322.3,56.7,150.2,0.998
359,-1,1148.5,337.0,58.8,147.8,0.997
359,-1,908.8,333.9,37.3,137.3,0.997
359,-1,1057.6,318.7,50.7,162.8,0.995
359,-1,0.3,313.0,36.8,159.1,0.994
359,-1,1235.5,336.5,45.9,117.5,0.992
359,-1,496.3,324.4,53.1,89.1,0.975
359,-1,543.7,326.6,42.1,88.8,0.974
359,-1,721.8,337.6,21.1,62.4,0.969
359,-1,991.3,342.0,20.5,50.0,0.964
359,-1,1089.2,338.3,32.3,140.0,0.954
359,-1,605.0,334.8,14.0,34.3,0.879
359,-1,948.2,347.7,13.6,35.2,0.846
359,-1,877.6,332.5,27.6,92.4,0.772
359,-1,686.8,314.3,42.2,164.6,0.669
359,-1,690.2,313.1,36.0,82.2,0.642
359,-1,815.1,337.6,13.6,27.5,0.265
359,-1,893.7,339.9,11.6,27.0,0.229
359,-1,570.1,333.2,19.2,80.0,0.189
359,-1,818.8,336.4,19.0,29.9,0.159
359,-1,688.5,314.5,34.9,39.1,0.151
359,-1,891.8,337.8,12.9,46.2,0.124
359,-1,526.5,327.1,37.9,85.8,0.106
359,-1,705.2,325.3,35.5,76.3,0.100
359,-1,832.3,325.3,17.6,37.2,0.080
359,-1,825.3,328.2,17.0,37.6,0.071
359,-1,623.7,319.5,11.5,26.2,0.063
359,-1,700.1,317.9,27.2,57.5,0.062
359,-1,827.6,325.2,21.6,21.4,0.061
359,-1,885.0,338.0,15.9,48.1,0.060
360,-1,1713.9,294.7,203.6,760.1,1.000
360,-1,328.4,279.3,116.4,161.9,0.999
360,-1,595.3,280.7,113.7,328.0,0.999
360,-1,830.0,327.7,54.4,147.2,0.997
360,-1,1145.8,338.8,58.9,146.8,0.996
360,-1,1055.8,320.2,54.5,164.0,0.995
360,-1,912.2,341.9,31.7,126.1,0.994
360,-1,501.8,324.6,44.8,89.7,0.979
360,-1,0.0,315.3,31.6,158.3,0.979
360,-1,1235.0,343.3,44.7,113.9,0.978
360,-1,721.6,337.4,18.8,64.3,0.972
360,-1,546.5,328.6,37.8,86.7,0.972
360,-1,1084.3,335.6,35.1,146.1,0.911
360,-1,990.9,344.7,20.1,55.0,0.784
360,-1,603.4,334.4,13.0,36.6,0.705
360,-1,690.1,318.7,44.1,85.4,0.679
360,-1,875.1,343.1,28.7,78.9,0.589
360,-1,494.9,330.1,26.3,82.5,0.388
360,-1,681.3,314.9,45.2,125.0,0.378
360,-1,949.8,352.6,9.8,31.2,0.285
360,-1,520.0,326.9,50.0,89.6,0.203
360,-1,812.5,343.5,22.0,49.4,0.195
360,-1,887.7,338.8,13.5,31.2,0.165
360,-1,885.2,338.6,18.5,57.4,0.160
360,-1,811.1,337.9,20.0,30.1,0.143
360,-1,1003.3,350.9,17.8,51.0,0.131
360,-1,497.5,329.9,49.7,154.6,0.117
360,-1,823.7,344.7,22.7,76.5,0.112
360,-1,781.0,338.9,10.7,25.4,0.090
360,-1,892.0,341.4,15.6,46.1,0.089
360,-1,895.4,341.3,11.8,29.3,0.076
360,-1,703.4,341.9,33.3,61.4,0.075
360,-1,895.0,348.8,22.1,78.3,0.069
360,-1,600.2,335.1,13.6,50.0,0.052
361,-1,1722.9,300.0,196.8,744.3,0.999
361,-1,323.1,280.2,122.5,159.7,0.999
361,-1,588.2,283.6,121.8,320.7,0.998
361,-1,1144.3,340.6,61.0,143.0,0.998
361,-1,829.0,327.3,55.6,146.6,0.996
361,-1,1055.6,321.0,55.7,162.4,0.996
361,-1,718.9,337.0,20.0,64.8,0.994
361,-1,907.0,339.8,36.7,132.0,0.993
361,-1,1235.1,333.2,47.0,124.2,0.991
361,-1,497.0,320.8,48.2,95.0,0.989
361,-1,0.3,314.0,30.1,159.2,0.977
361,-1,539.0,324.7,43.0,92.0,0.974
361,-1,990.1,343.6,19.7,57.7,0.944
361,-1,1082.3,338.4,37.8,143.9,0.929
361,-1,736.5,334.0,12.1,34.0,0.658
361,-1,874.7,353.1,27.9,69.9,0.617
361,-1,948.0,351.6,11.4,32.3,0.466
361,-1,696.7,338.6,25.0,47.3,0.366
361,-1,887.3,338.8,26.8,88.2,0.363
361,-1,601.5,333.0,12.8,27.9,0.351
361,-1,814.7,339.8,14.5,27.8,0.330
361,-1,781.5,325.2,16.8,36.9,0.242
361,-1,689.6,322.8,42.7,78.9,0.236
361,-1,690.6,316.9,30.7,47.1,0.235
361,-1,496.2,325.4,51.0,182.8,0.199
361,-1,687.9,314.5,26.2,32.2,0.174
361,-1,896.9,341.2,10.6,28.3,0.137
361,-1,512.7,326.0,52.6,89.8,0.133
361,-1,887.8,339.5,11.5,29.8,0.131
361,-1,676.2,327.1,15.7,21.3,0.105
361,-1,810.6,334.2,14.1,31.9,0.104
361,-1,779.2,334.3,14.8,29.6,0.094
361,-1,891.9,343.4,13.9,48.5,0.073
361,-1,667.2,310.8,19.9,33.0,0.069
361,-1,819.3,337.5,13.5,28.7,0.056
361,-1,672.8,320.0,16.5,26.4,0.053
361,-1,813.9,343.9,22.5,49.1,0.051
362,-1,311.1,279.5,134.5,162.0,0.999
362,-1,571.9,281.6,127.3,329.0,0.999
362,-1,1733.6,311.7,183.1,749.7,0.999
362,-1,1140.9,343.1,60.7,141.5,0.998
362,-1,826.8,321.0,54.7,155.0,0.998
362,-1,1054.2,320.1,50.9,165.6,0.996
362,-1,904.2,339.4,36.2,133.7,0.996
362,-1,1237.6,333.5,45.7,123.8,0.996
362,-1,716.1,338.9,19.7,62.4,0.987
362,-1,987.3,344.0,20.6,57.0,0.985
362,-1,487.7,321.0,43.2,90.1,0.979
362,-1,531.9,326.7,39.7,89.7,0.975
362,-1,1086.5,346.2,31.3,133.9,0.926
362,-1,945.2,348.7,12.6,38.3,0.837
362,-1,555.3,328.7,23.2,86.1,0.781
362,-1,0.0,323.6,23.0,150.2,0.597
362,-1,680.3,314.7,40.9,65.9,0.578
362,-1,872.2,340.9,26.5,81.4,0.546
362,-1,506.4,323.6,46.4,90.8,0.304
362,-1,644.2,318.6,13.1,21.4,0.233
362,-1,813.7,338.7,16.9,28.5,0.217
362,-1,816.7,323.9,21.0,41.5,0.203
362,-1,731.5,334.7,14.5,32.3,0.185
362,-1,650.9,320.6,13.5,22.9,0.172
362,-1,818.5,327.5,28.3,88.4,0.147
362,-1,1257.0,356.8,26.9,73.4,0.108
362,-1,684.2,314.3,35.6,31.4,0.108
362,-1,880.8,341.9,17.6,56.5,0.104
362,-1,675.2,329.6,17.3,40.2,0.093
362,-1,700.0,328.8,34.8,71.6,0.090
362,-1,808.7,342.7,22.7,51.5,0.078
362,-1,814.2,344.6,23.5,62.2,0.071
362,-1,823.0,323.6,23.1,36.4,0.065
362,-1,808.3,338.2,13.7,26.5,0.063
362,-1,598.8,320.7,11.5,20.3,0.059
362,-1,993.7,347.0,20.8,52.7,0.051
363,-1,306.4,278.2,140.6,162.0,0.999
363,-1,1732.6,298.9,183.8,753.3,0.999
363,-1,829.3,317.7,50.8,157.4,0.999
363,-1,568.5,285.6,124.8,322.3,0.999
363,-1,1054.5,318.8,48.9,166.2,0.998
363,-1,1140.7,341.9,58.9,142.4,0.996
363,-1,903.8,338.1,36.0,134.0,0.994
363,-1,1240.0,336.6,43.2,118.6,0.986
363,-1,529.6,327.8,38.1,87.4,0.985
363,-1,483.3,317.9,47.3,90.6,0.984
363,-1,713.6,337.9,20.3,61.3,0.967
363,-1,987.2,342.7,19.4,54.3,0.943
363,-1,1086.7,343.1,31.2,137.4,0.934
363,-1,944.9,347.7,12.2,36.1,0.732
363,-1,554.9,331.0,20.4,81.3,0.645
363,-1,872.7,343.2,25.8,77.3,0.527
363,-1,0.0,322.0,16.7,153.2,0.486
363,-1,681.7,312.6,40.1,65.7,0.329
363,-1,688.4,313.8,44.9,86.5,0.215
363,-1,681.5,312.9,32.1,40.5,0.200
363,-1,824.9,324.5,22.9,39.3,0.144
363,-1,810.3,337.7,18.2,27.7,0.134
363,-1,648.6,310.0,17.9,38.1,0.128
363,-1,673.6,330.2,21.6,43.5,0.118
363,-1,1255.3,355.9,29.5,77.9,0.106
363,-1,818.9,325.5,19.0,32.9,0.102
363,-1,938.4,352.7,14.0,32.7,0.084
363,-1,886.0,340.2,28.9,94.1,0.068
363,-1,807.9,340.0,23.3,51.7,0.059
363,-1,693.5,315.5,32.9,45.5,0.057
363,-1,1098.7,348.7,19.1,40.4,0.053
363,-1,732.6,332.1,15.4,33.1,0.051
364,-1,301.4,279.0,141.7,161.7,0.999
364,-1,1729.9,291.2,185.8,780.5,0.998
364,-1,560.4,283.3,123.9,324.9,0.998
364,-1,827.0,319.4,51.9,153.7,0.997
364,-1,1137.4,343.4,60.7,141.9,0.996
364,-1,1052.5,318.3,55.9,164.9,0.995
364,-1,904.6,335.0,33.9,136.4,0.994
364,-1,478.4,317.5,48.8,94.4,0.964
364,-1,710.1,337.5,20.4,58.2,0.957
364,-1,523.8,326.5,44.4,88.5,0.944
364,-1,1240.1,343.6,45.3,109.9,0.942
364,-1,1073.4,334.4,43.0,145.0,0.845
364,-1,986.6,341.4,18.6,50.7,0.756
364,-1,868.9,341.2,26.3,77.6,0.399
364,-1,0.0,319.6,9.6,158.2,0.379
364,-1,520.0,328.3,25.4,83.5,0.370
364,-1,497.7,332.4,33.3,77.2,0.283
364,-1,940.5,360.8,14.4,20.9,0.265
364,-1,683.0,315.9,30.5,51.0,0.184
364,-1,889.2,341.7,10.9,27.3,0.135
364,-1,893.1,342.6,12.6,26.6,0.121
364,-1,1242.2,348.6,26.6,88.4,0.114
364,-1,684.1,314.9,21.6,30.5,0.105
364,-1,647.0,311.4,22.6,40.6,0.099
364,-1,680.5,324.2,21.3,51.2,0.094
364,-1,696.2,321.2,37.9,78.8,0.092
364,-1,633.7,313.4,19.3,28.9,0.088
364,-1,806.1,317.3,38.2,97.9,0.083
364,-1,816.0,319.1,26.6,43.6,0.079
364,-1,457.1,316.9,56.3,93.6,0.077
364,-1,884.2,342.3,14.0,40.3,0.074
364,-1,668.0,325.2,25.0,47.8,0.061
365,-1,297.4,279.6,148.8,161.4,0.999
365,-1,1722.5,287.8,195.4,776.2,0.999
365,-1,550.9,285.4,124.2,328.6,0.998
365,-1,822.8,318.9,52.9,154.6,0.998
365,-1,1135.4,340.3,59.5,143.4,0.997
365,-1,1050.8,318.8,51.4,163.9,0.996
365,-1,901.9,335.4,36.2,135.8,0.995
365,-1,1238.4,334.2,44.8,120.9,0.990
365,-1,474.8,319.2,40.7,89.7,0.984
365,-1,708.2,338.6,21.6,59.8,0.981
365,-1,981.7,340.9,22.4,57.7,0.952
365,-1,1079.7,348.9,35.3,132.3,0.948
365,-1,521.1,327.4,39.2,87.1,0.894
365,-1,512.2,327.6,28.7,84.6,0.832
365,-1,939.7,347.9,12.9,36.8,0.741
365,-1,867.0,351.8,26.7,69.2,0.695
365,-1,543.0,326.1,23.7,41.8,0.583
365,-1,665.8,340.5,20.6,52.5,0.334
365,-1,670.9,331.6,18.9,45.9,0.187
365,-1,649.4,331.3,17.5,34.6,0.149
365,-1,804.9,341.0,12.2,22.3,0.134
365,-1,727.2,334.1,14.4,29.8,0.106
365,-1,646.5,318.2,16.0,34.1,0.087
365,-1,889.6,343.9,11.2,25.7,0.087
365,-1,809.9,342.6,15.5,23.7,0.079
365,-1,664.5,326.8,19.8,32.9,0.072
365,-1,689.8,321.4,22.7,50.9,0.070
365,-1,688.2,340.3,20.8,37.7,0.063
365,-1,553.1,331.0,18.8,35.7,0.060
365,-1,671.5,326.7,22.5,32.4,0.056
365,-1,1096.0,348.5,18.7,45.7,0.054
365,-1,677.4,333.0,25.6,47.3,0.053
366,-1,295.8,279.5,151.7,161.4,0.999
366,-1,544.0,280.3,127.5,345.0,0.999
366,-1,822.1,321.5,55.2,152.1,0.998
366,-1,1134.6,338.8,59.5,142.8,0.997
366,-1,1738.8,289.1,178.8,782.6,0.997
366,-1,901.4,333.7,36.3,137.3,0.996
366,-1,1051.5,317.5,52.7,164.9,0.996
366,-1,707.3,334.3,22.1,63.0,0.986
366,-1,463.6,319.8,47.3,93.6,0.977
366,-1,1239.7,333.0,45.8,119.6,0.973
366,-1,509.0,328.4,30.7,85.3,0.933
366,-1,986.3,342.3,21.7,58.5,0.931
366,-1,1078.2,339.8,37.3,139.3,0.914
366,-1,524.3,326.3,38.5,88.6,0.839
366,-1,866.0,353.6,28.1,67.1,0.792
366,-1,539.2,324.9,26.8,42.0,0.671
366,-1,940.3,349.2,12.6,34.2,0.534
366,-1,666.6,328.4,23.0,63.9,0.388
366,-1,467.2,319.9,28.5,74.2,0.351
366,-1,487.5,329.6,34.9,82.6,0.277
366,-1,644.6,318.4,22.8,43.2,0.258
366,-1,889.9,341.4,12.4,26.5,0.140
366,-1,646.2,330.8,21.9,44.4,0.114
366,-1,805.8,339.3,18.2,24.6,0.103
366,-1,673.8,324.0,21.7,48.3,0.098
366,-1,878.5,337.9,27.8,83.7,0.095
366,-1,819.1,324.8,22.7,38.9,0.091
366,-1,680.8,327.1,25.8,51.2,0.086
366,-1,671.0,311.0,46.5,85.9,0.083
366,-1,688.0,316.5,26.1,59.2,0.080
366,-1,683.1,314.0,27.0,32.1,0.056
366,-1,1097.8,347.6,17.5,38.8,0.050
367,-1,288.1,280.1,161.8,162.6,0.999
367,-1,531.7,275.5,130.2,347.1,0.999
367,-1,823.1,318.9,52.6,155.0,0.998
367,-1,1133.7,337.2,61.9,143.4,0.997
367,-1,1053.5,316.1,55.0,168.3,0.996
367,-1,1757.5,291.8,158.8,785.1,0.996
367,-1,900.0,330.3,39.2,141.4,0.995
367,-1,708.9,340.1,21.4,59.4,0.978
367,-1,459.3,320.7,46.4,93.3,0.968
367,-1,526.1,325.8,35.5,85.3,0.896
367,-1,1252.2,336.5,36.0,100.1,0.892
367,-1,986.4,341.6,19.5,58.9,0.883
367,-1,506.3,326.4,26.3,88.0,0.881
367,-1,1091.9,349.0,27.1,128.4,0.850
367,-1,665.8,343.7,21.7,54.2,0.655
367,-1,866.7,350.6,26.5,69.9,0.490
367,-1,484.1,330.7,36.1,82.6,0.416
367,-1,941.1,349.3,13.9,33.8,0.325
367,-1,883.9,337.9,29.0,95.6,0.307
367,-1,671.0,337.7,21.1,48.6,0.265
367,-1,539.6,327.7,21.6,31.3,0.187
367,-1,644.8,344.4,21.9,43.3,0.172
367,-1,647.4,320.9,21.9,36.3,0.132
367,-1,873.2,339.6,31.1,88.3,0.093
367,-1,877.8,336.6,49.0,128.0,0.058
367,-1,1248.5,426.1,25.0,29.0,0.057
367,-1,877.4,343.1,18.3,52.3,0.057
368,-1,291.5,280.4,164.4,163.9,0.999
368,-1,528.0,273.9,129.2,347.7,0.999
368,-1,823.9,318.5,52.4,156.1,0.998
368,-1,1134.5,336.7,62.1,144.7,0.998
368,-1,1764.0,287.2,151.3,778.6,0.997
368,-1,899.8,331.2,39.1,138.1,0.997
368,-1,1055.8,315.4,49.6,168.6,0.996
368,-1,709.9,339.2,20.7,61.0,0.981
368,-1,460.0,321.3,40.3,91.8,0.959
368,-1,1086.3,341.6,34.9,138.1,0.954
368,-1,502.5,326.1,30.1,88.4,0.932
368,-1,988.2,343.8,17.9,56.4,0.919
368,-1,1251.9,334.7,41.1,118.0,0.913
368,-1,523.1,326.4,37.5,84.3,0.884
368,-1,664.6,339.7,22.4,59.4,0.821
368,-1,868.1,351.2,27.6,69.9,0.776
368,-1,942.0,350.1,14.4,33.3,0.679
368,-1,474.2,334.8,36.0,78.2,0.577
368,-1,486.5,332.4,36.9,83.4,0.508
368,-1,678.2,338.5,15.5,46.2,0.331
368,-1,649.1,348.9,18.6,48.0,0.308
368,-1,533.2,327.8,25.9,52.2,0.248
368,-1,886.2,342.9,27.7,88.7,0.188
368,-1,538.6,328.4,18.2,25.5,0.151
368,-1,1100.7,346.2,19.1,36.8,0.148
368,-1,992.7,349.1,23.9,50.3,0.134
368,-1,1267.6,347.8,26.8,88.2,0.129
368,-1,809.5,343.6,14.8,21.9,0.090
368,-1,680.1,325.6,20.5,47.8,0.082
368,-1,873.0,349.9,18.1,50.7,0.064
368,-1,691.6,340.2,15.0,42.9,0.063
368,-1,669.1,330.0,22.0,49.9,0.062
368,-1,641.3,346.1,19.1,35.5,0.052
368,-1,487.6,391.6,23.6,26.1,0.051
369,-1,517.6,271.9,134.1,356.8,0.998
369,-1,1136.7,334.9,58.9,145.4,0.995
369,-1,1059.3,316.5,56.3,163.7,0.995
369,-1,321.0,288.9,103.9,155.9,0.995
369,-1,1787.3,201.9,130.7,850.8,0.988
369,-1,822.6,326.3,53.7,130.5,0.986
369,-1,906.2,338.7,36.1,133.3,0.931
369,-1,867.4,337.8,30.4,84.9,0.917
369,-1,474.3,327.2,61.4,84.3,0.803
369,-1,1249.9,335.6,43.9,118.2,0.676
369,-1,913.8,348.2,23.6,56.0,0.619
369,-1,443.7,323.7,57.0,85.9,0.586
369,-1,994.3,311.4,30.0,86.8,0.198
369,-1,418.1,320.3,67.0,92.2,0.161
369,-1,885.0,340.8,29.9,70.4,0.134
369,-1,505.6,329.9,50.7,83.2,0.114
369,-1,532.5,329.0,24.1,22.6,0.104
369,-1,802.6,354.9,27.0,39.8,0.099
369,-1,458.3,321.4,25.7,79.2,0.089
369,-1,687.8,350.1,19.8,38.7,0.083
369,-1,490.2,329.1,39.2,44.3,0.055
369,-1,825.8,328.0,46.6,73.6,0.051
370,-1,298.6,283.5,166.1,165.6,0.999
370,-1,519.8,266.9,129.7,374.2,0.998
370,-1,1061.4,315.4,56.0,169.7,0.997
370,-1,1138.6,335.3,57.2,147.8,0.996
370,-1,904.0,339.2,38.9,132.8,0.996
370,-1,825.7,326.1,49.8,150.8,0.996
370,-1,1783.5,270.1,131.8,763.3,0.993
370,-1,1259.5,339.8,38.7,114.3,0.983
370,-1,496.0,325.6,35.8,87.9,0.961
370,-1,457.3,314.6,48.5,100.3,0.958
370,-1,711.5,342.3,20.3,57.1,0.908
370,-1,991.5,344.2,19.5,53.7,0.838
370,-1,667.3,354.3,18.8,48.0,0.825
370,-1,870.3,356.0,30.3,66.9,0.775
370,-1,1093.8,344.9,31.8,136.5,0.747
370,-1,734.0,339.6,12.7,29.9,0.705
370,-1,648.0,344.2,19.5,55.6,0.430
370,-1,679.3,340.2,15.3,48.2,0.374
370,-1,809.4,343.8,20.0,50.3,0.346
370,-1,696.8,336.2,16.7,44.1,0.259
370,-1,945.9,352.3,12.3,32.7,0.252
370,-1,893.6,360.6,22.6,66.1,0.172
370,-1,822.4,348.2,17.1,71.2,0.152
370,-1,690.3,339.8,18.3,40.2,0.140
370,-1,892.4,338.8,10.3,31.8,0.096
370,-1,632.7,341.8,16.0,41.0,0.084
370,-1,778.4,340.3,10.8,25.1,0.084
370,-1,783.0,340.7,8.4,22.9,0.082
370,-1,682.3,335.5,18.5,38.8,0.081
370,-1,645.2,344.5,16.7,33.1,0.081
370,-1,811.9,337.4,16.7,30.0,0.077
370,-1,874.3,338.2,40.6,94.1,0.076
370,-1,807.4,332.7,15.1,30.9,0.070
370,-1,0.0,284.3,18.6,445.7,0.069
370,-1,785.5,340.1,9.3,24.3,0.066
370,-1,779.9,323.0,13.5,37.6,0.059
370,-1,519.1,329.4,28.1,79.9,0.055
370,-1,698.8,325.7,17.2,37.2,0.053
371,-1,518.5,272.0,131.5,365.8,1.000
371,-1,309.8,284.0,160.7,166.1,0.999
371,-1,1147.4,336.2,58.2,145.7,0.997
371,-1,912.5,333.1,40.4,138.6,0.996
371,-1,832.8,326.3,47.1,147.1,0.996
371,-1,1067.5,315.8,51.5,169.7,0.996
371,-1,1271.0,349.9,32.3,103.8,0.989
371,-1,1796.0,384.8,124.0,623.4,0.986
371,-1,996.8,342.4,23.2,56.4,0.965
371,-1,1097.5,342.8,35.7,138.5,0.957
371,-1,498.6,327.6,36.7,88.5,0.936
371,-1,674.2,347.7,20.9,54.2,0.924
371,-1,464.9,323.0,38.9,91.1,0.922
371,-1,636.7,341.9,19.4,54.7,0.922
371,-1,718.8,341.2,19.3,56.3,0.917
371,-1,874.4,353.4,29.5,70.4,0.905
371,-1,656.3,348.7,18.3,51.6,0.870
371,-1,689.4,347.9,13.9,41.8,0.824
371,-1,952.9,351.2,13.6,34.9,0.408
371,-1,680.9,342.1,20.7,53.4,0.399
371,-1,459.4,322.2,27.8,84.6,0.382
371,-1,666.1,349.6,14.5,50.9,0.352
371,-1,894.8,342.5,27.1,83.8,0.271
371,-1,702.6,345.1,16.1,40.3,0.246
371,-1,463.6,317.9,19.9,31.3,0.218
371,-1,741.5,336.8,12.1,32.0,0.197
371,-1,821.0,342.7,11.9,24.4,0.189
371,-1,891.8,338.7,14.2,31.9,0.165
371,-1,898.3,343.0,12.2,26.9,0.159
371,-1,543.6,324.9,22.2,16.6,0.154
371,-1,538.6,326.7,26.2,32.6,0.139
371,-1,659.6,322.6,15.0,29.8,0.137
371,-1,828.7,332.0,22.6,67.7,0.118
371,-1,652.0,344.1,14.6,49.7,0.114
371,-1,1191.1,354.7,19.1,81.6,0.113
371,-1,886.5,346.7,22.4,68.3,0.097
371,-1,1112.2,346.9,21.0,51.3,0.097
371,-1,887.9,341.0,14.0,33.3,0.066
371,-1,520.3,325.9,45.5,87.6,0.064
371,-1,676.2,332.1,16.7,28.4,0.052
371,-1,819.6,344.0,15.9,45.1,0.051
371,-1,905.1,344.2,14.1,33.4,0.050
372,-1,516.2,263.4,132.3,380.4,1.000
372,-1,329.7,279.0,147.8,168.5,0.999
372,-1,1080.0,310.7,53.6,171.4,0.997
372,-1,836.9,319.0,50.7,153.2,0.995
372,-1,1159.0,333.3,54.8,144.5,0.995
372,-1,915.4,329.3,45.5,137.4,0.994
372,-1,1802.0,407.0,114.0,613.0,0.990
372,-1,502.4,325.9,36.3,86.2,0.975
372,-1,1282.6,331.1,38.4,120.0,0.972
372,-1,463.0,322.0,45.1,90.0,0.953
372,-1,1007.3,338.2,20.1,52.1,0.944
372,-1,645.8,339.4,19.9,56.8,0.941
372,-1,1100.7,337.1,42.7,143.3,0.932
372,-1,727.6,337.6,20.1,54.0,0.928
372,-1,668.5,345.9,17.5,51.7,0.827
372,-1,681.6,348.8,20.4,49.2,0.820
372,-1,882.3,356.3,29.0,62.8,0.818
372,-1,446.3,321.7,47.7,97.7,0.772
372,-1,668.5,318.8,13.4,32.9,0.684
372,-1,0.0,318.7,18.9,162.3,0.667
372,-1,696.6,340.2,15.4,44.9,0.665
372,-1,961.1,346.5,14.8,34.2,0.306
372,-1,661.1,342.3,17.2,53.5,0.296
372,-1,688.3,338.1,20.0,51.7,0.281
372,-1,716.1,338.2,15.1,44.8,0.193
372,-1,901.3,334.8,16.5,31.3,0.161
372,-1,666.3,338.3,18.7,38.2,0.148
372,-1,880.7,334.2,25.9,54.3,0.122
372,-1,683.7,326.9,13.3,30.3,0.115
372,-1,829.6,331.8,14.8,30.0,0.112
372,-1,892.4,353.7,27.4,64.7,0.090
372,-1,1115.6,351.7,27.3,107.9,0.087
372,-1,894.1,334.8,18.6,31.1,0.074
372,-1,0.0,293.2,20.2,419.6,0.074
372,-1,752.0,332.8,11.8,31.7,0.068
372,-1,914.2,336.6,15.2,31.0,0.052
373,-1,341.5,280.2,147.0,166.5,0.999
373,-1,516.5,260.5,129.1,381.6,0.998
373,-1,1084.1,312.2,59.7,169.7,0.997
373,-1,1165.2,334.2,55.4,140.8,0.994
373,-1,838.3,316.8,51.0,151.3,0.994
373,-1,915.5,325.5,50.1,140.0,0.992
373,-1,1805.0,415.6,115.0,611.3,0.981
373,-1,1289.4,329.5,37.0,120.3,0.964
373,-1,506.0,325.8,34.1,79.7,0.880
373,-1,883.5,329.3,33.2,87.4,0.870
373,-1,466.7,317.5,40.0,88.3,0.860
373,-1,0.0,316.1,21.0,171.3,0.810
373,-1,1111.4,337.2,38.0,139.2,0.756
373,-1,679.9,330.6,27.5,65.9,0.605
373,-1,647.1,335.4,24.1,55.5,0.590
373,-1,1012.4,334.4,19.7,55.6,0.499
373,-1,452.2,318.6,44.0,96.0,0.499
373,-1,727.2,338.2,24.8,53.1,0.375
373,-1,1024.1,319.5,25.0,74.7,0.372
373,-1,0.0,285.9,21.7,423.6,0.370
373,-1,482.3,323.9,48.9,86.5,0.309
373,-1,666.7,342.7,20.1,53.8,0.283
373,-1,899.9,332.4,34.3,97.8,0.241
373,-1,688.6,324.0,28.2,54.5,0.187
373,-1,904.4,330.0,24.9,67.9,0.180
373,-1,909.4,333.6,32.1,121.0,0.173
373,-1,1164.0,358.9,18.0,65.1,0.094
373,-1,1812.0,141.1,108.0,611.8,0.092
373,-1,1195.9,338.2,24.8,80.6,0.090
373,-1,1128.6,340.5,20.2,53.3,0.089
373,-1,659.7,323.2,45.5,75.0,0.087
373,-1,1129.0,344.0,22.9,96.0,0.083
373,-1,1018.3,315.5,21.5,71.8,0.079
373,-1,463.5,317.3,27.6,72.1,0.069
373,-1,841.7,310.0,22.3,29.7,0.068
373,-1,1805.6,422.4,114.4,171.4,0.066
373,-1,0.0,326.9,8.1,343.4,0.064
373,-1,644.7,314.8,47.5,81.4,0.061
373,-1,625.5,318.9,20.1,45.2,0.059
373,-1,963.7,339.6,17.5,37.9,0.055
373,-1,0.0,274.2,48.2,441.9,0.050
374,-1,512.9,258.1,128.6,386.8,0.999
374,-1,352.5,275.1,142.8,171.0,0.999
374,-1,1089.3,306.7,52.5,171.6,0.998
374,-1,919.6,326.5,49.4,136.9,0.996
374,-1,849.2,314.4,47.3,148.9,0.996
374,-1,1170.1,330.2,53.8,143.9,0.996
374,-1,654.2,333.4,22.6,58.8,0.991
374,-1,1811.4,429.0,108.6,618.0,0.991
374,-1,1298.5,326.9,35.7,117.1,0.975
374,-1,1018.4,333.7,20.8,57.2,0.962
374,-1,734.5,329.4,22.8,63.7,0.938
374,-1,465.9,316.2,45.0,91.9,0.897
374,-1,1123.6,336.0,32.0,135.0,0.896
374,-1,508.0,323.3,30.3,85.1,0.877
374,-1,0.5,317.5,23.1,161.3,0.835
374,-1,687.0,342.9,22.9,50.1,0.801
374,-1,892.9,345.0,32.7,69.3,0.744
374,-1,629.3,325.9,14.2,34.4,0.732
374,-1,676.7,340.8,17.0,52.4,0.582
374,-1,1813.9,429.4,106.1,174.5,0.536
374,-1,886.1,328.9,21.1,84.7,0.448
374,-1,704.1,332.6,19.1,45.8,0.404
374,-1,913.8,330.6,15.6,29.2,0.353
374,-1,973.1,346.4,12.8,30.4,0.337
374,-1,836.7,322.2,15.4,35.8,0.330
374,-1,910.7,329.5,25.0,71.7,0.270
374,-1,891.0,330.7,19.9,51.6,0.197
374,-1,902.5,334.2,23.4,62.4,0.186
374,-1,838.0,327.6,19.0,64.0,0.183
374,-1,677.8,307.6,18.0,42.9,0.165
374,-1,0.0,308.7,24.3,311.0,0.162
374,-1,465.3,315.9,28.3,67.2,0.162
374,-1,1134.5,336.6,20.5,52.9,0.145
374,-1,670.0,333.8,18.2,58.3,0.133
374,-1,466.9,316.5,22.1,33.7,0.108
374,-1,1213.3,368.6,16.6,59.6,0.101
374,-1,913.9,335.7,27.8,108.6,0.098
374,-1,632.0,319.4,18.1,41.4,0.093
374,-1,711.5,320.2,17.9,40.7,0.076
374,-1,1204.0,338.5,21.1,85.8,0.072
374,-1,917.9,332.5,15.9,41.0,0.072
374,-1,676.1,319.6,19.5,62.6,0.066
374,-1,924.2,333.9,12.3,31.4,0.059
374,-1,694.8,309.3,44.8,80.7,0.055
374,-1,722.9,321.0,20.6,58.4,0.054
375,-1,507.4,257.7,129.6,390.6,1.000
375,-1,357.8,276.1,136.9,165.3,0.999
375,-1,1174.8,328.8,52.5,143.6,0.997
375,-1,1091.8,304.1,61.8,169.3,0.997
375,-1,919.5,323.0,53.2,140.0,0.995
375,-1,850.0,312.1,49.6,151.0,0.993
375,-1,657.2,332.4,22.8,57.8,0.968
375,-1,1302.0,323.0,40.1,119.4,0.951
375,-1,690.2,328.1,27.0,63.5,0.941
375,-1,0.1,311.4,28.9,171.3,0.923
375,-1,507.0,320.9,28.3,84.1,0.911
375,-1,466.5,314.9,45.9,88.0,0.894
375,-1,1803.6,160.7,115.9,882.6,0.893
375,-1,736.8,329.0,23.7,59.5,0.885
375,-1,897.7,324.6,34.2,85.9,0.880
375,-1,1021.8,331.7,18.5,49.0,0.852
375,-1,890.0,327.3,24.8,83.8,0.743
375,-1,633.5,324.0,15.1,34.4,0.734
375,-1,677.8,337.8,18.5,51.6,0.534
375,-1,706.2,329.2,18.7,49.3,0.413
375,-1,1127.1,333.0,34.1,139.6,0.315
375,-1,454.0,316.6,41.6,100.1,0.277
375,-1,478.7,319.2,48.6,91.1,0.249
375,-1,908.5,325.0,22.6,62.3,0.178
375,-1,641.5,313.2,14.5,42.7,0.118
375,-1,916.4,329.1,25.1,59.1,0.117
375,-1,1810.2,130.2,109.1,497.7,0.116
375,-1,905.0,325.2,41.4,106.8,0.109
375,-1,514.3,322.1,20.7,39.5,0.107
375,-1,676.9,313.2,18.9,38.4,0.071
375,-1,975.3,340.6,16.0,31.6,0.068
375,-1,650.5,317.3,14.6,39.3,0.066
375,-1,925.1,331.4,19.9,48.7,0.065
375,-1,726.7,333.4,18.5,43.7,0.062
375,-1,1809.4,426.2,110.6,187.8,0.057
375,-1,839.0,329.7,20.9,60.3,0.054
375,-1,677.0,329.0,19.4,37.4,0.054
375,-1,841.3,322.2,18.3,32.7,0.052
376,-1,489.3,260.7,138.7,392.0,0.999
376,-1,923.0,321.2,50.8,137.7,0.998
376,-1,365.8,271.4,129.1,168.5,0.998
376,-1,1176.7,327.3,48.1,141.2,0.998
376,-1,1306.1,321.4,39.2,120.9,0.997
376,-1,852.0,308.0,49.1,149.5,0.997
376,-1,1095.2,303.6,52.7,169.1,0.995
376,-1,738.4,323.9,21.7,65.8,0.988
376,-1,660.1,328.8,20.6,57.7,0.982
376,-1,634.6,318.8,14.5,38.5,0.962
376,-1,1025.3,329.7,18.8,50.6,0.958
376,-1,1803.4,262.2,116.6,784.2,0.946
376,-1,506.4,319.0,24.7,91.7,0.918
376,-1,0.5,307.4,28.3,167.1,0.912
376,-1,1124.4,328.1,36.9,140.8,0.908
376,-1,692.7,331.4,23.2,56.9,0.907
376,-1,460.8,308.2,48.8,101.7,0.903
376,-1,899.3,332.3,31.6,76.8,0.832
376,-1,891.5,328.0,27.1,80.4,0.767
376,-1,682.4,337.2,16.0,50.2,0.691
376,-1,708.5,328.5,18.3,43.8,0.608
376,-1,913.2,324.6,24.8,75.9,0.559
376,-1,978.5,338.9,13.0,34.0,0.513
376,-1,889.6,337.9,16.7,71.4,0.465
376,-1,1217.0,346.8,17.2,75.8,0.320
376,-1,652.7,306.4,15.0,47.6,0.306
376,-1,843.3,326.9,17.8,63.9,0.298
376,-1,915.6,327.4,17.9,35.8,0.279
376,-1,898.7,327.9,17.3,37.9,0.265
376,-1,462.8,309.2,32.9,63.2,0.249
376,-1,920.0,325.8,27.0,96.0,0.206
376,-1,843.2,322.4,15.0,30.2,0.187
376,-1,911.3,323.9,46.1,119.4,0.186
376,-1,463.2,309.9,26.2,35.9,0.177
376,-1,1807.9,437.9,112.1,190.2,0.172
376,-1,767.2,322.5,11.6,33.6,0.131
376,-1,1140.9,332.5,20.8,54.3,0.130
376,-1,1805.4,135.0,114.6,514.0,0.112
376,-1,682.3,310.4,17.2,38.8,0.106
376,-1,716.3,319.3,18.8,51.1,0.097
376,-1,724.1,308.8,38.5,81.9,0.094
376,-1,679.0,329.7,17.0,37.2,0.093
376,-1,1846.3,968.9,73.2,86.5,0.072
376,-1,722.1,318.0,22.2,53.7,0.072
376,-1,840.4,341.0,16.3,44.5,0.071
376,-1,695.9,315.0,13.7,29.6,0.071
376,-1,765.2,327.2,9.4,31.2,0.066
377,-1,475.1,252.9,148.9,399.0,0.999
377,-1,371.3,262.8,132.6,174.2,0.998
377,-1,931.6,311.9,45.7,137.6,0.998
377,-1,1184.6,315.8,49.6,142.2,0.998
377,-1,855.7,298.7,49.7,148.6,0.997
377,-1,1103.7,292.8,52.1,173.5,0.995
377,-1,1314.6,310.5,39.5,122.2,0.995
377,-1,1030.7,319.0,23.4,63.0,0.995
377,-1,665.3,321.6,21.2,57.1,0.980
377,-1,744.0,318.1,21.2,63.9,0.973
377,-1,697.1,314.6,23.0,67.1,0.972
377,-1,1130.0,320.9,40.0,142.6,0.968
377,-1,640.8,312.7,14.1,38.5,0.966
377,-1,0.1,302.0,31.2,168.0,0.961
377,-1,595.4,309.3,28.9,70.0,0.944
377,-1,909.6,338.8,28.1,63.7,0.923
377,-1,1804.3,152.2,115.7,887.5,0.902
377,-1,896.1,319.9,18.7,80.9,0.736
377,-1,714.7,322.3,16.9,42.4,0.730
377,-1,510.2,310.2,19.5,29.5,0.610
377,-1,688.4,329.0,15.7,51.0,0.566
377,-1,847.6,346.5,14.7,35.6,0.350
377,-1,1806.7,503.2,113.3,160.8,0.336
377,-1,503.6,311.3,26.0,46.0,0.336
377,-1,848.0,321.9,19.3,60.7,0.293
377,-1,616.1,313.3,16.6,62.3,0.285
377,-1,920.0,315.3,20.8,68.8,0.278
377,-1,979.0,335.0,12.4,28.8,0.234
377,-1,680.6,322.7,19.7,55.0,0.232
377,-1,847.4,310.3,15.3,32.4,0.212
377,-1,984.0,335.4,11.7,27.7,0.201
377,-1,988.9,334.0,10.3,28.7,0.167
377,-1,721.2,319.8,15.6,43.5,0.154
377,-1,737.0,315.7,21.6,62.8,0.120
377,-1,1041.0,318.7,21.6,60.0,0.114
377,-1,483.8,332.9,25.6,43.2,0.101
377,-1,1221.6,329.1,18.7,87.6,0.100
377,-1,1145.0,324.5,24.3,92.4,0.095
377,-1,597.1,310.0,12.6,15.8,0.092
377,-1,752.6,321.3,14.9,57.0,0.081
377,-1,732.0,319.6,18.2,52.4,0.077
377,-1,1872.5,695.4,47.5,348.4,0.075
377,-1,490.8,308.0,41.6,78.2,0.074
377,-1,584.0,306.4,12.0,21.8,0.072
377,-1,468.1,303.7,17.0,24.5,0.072
377,-1,819.7,306.5,14.3,33.5,0.071
377,-1,597.1,311.1,20.9,37.4,0.062
377,-1,822.8,317.1,12.8,25.5,0.062
377,-1,494.4,307.1,38.3,171.1,0.062
377,-1,125.0,235.1,28.1,142.4,0.054
377,-1,724.9,316.3,19.8,46.1,0.050
378,-1,470.0,251.4,153.3,404.3,0.999
378,-1,373.6,263.1,134.3,173.1,0.997
378,-1,857.0,298.4,51.9,144.6,0.997
378,-1,932.6,309.4,47.4,140.6,0.996
378,-1,1108.8,292.8,53.4,172.4,0.996
378,-1,1186.5,314.3,53.2,141.4,0.996
378,-1,594.6,308.8,31.0,73.9,0.982
378,-1,1316.9,313.6,42.4,116.9,0.982
378,-1,667.0,319.0,21.2,58.8,0.974
378,-1,698.9,314.0,22.9,66.0,0.973
378,-1,1034.6,318.7,20.7,55.4,0.968
378,-1,0.3,297.6,31.5,171.5,0.958
378,-1,1804.5,147.0,115.5,873.0,0.950
378,-1,643.6,313.1,14.1,36.4,0.947
378,-1,746.1,315.8,22.2,62.9,0.917
378,-1,1139.6,321.0,33.4,137.5,0.909
378,-1,911.3,335.7,27.9,63.8,0.850
378,-1,615.7,311.6,18.2,68.7,0.833
378,-1,898.4,317.9,22.1,81.6,0.819
378,-1,989.1,339.2,10.6,25.8,0.799
378,-1,505.6,308.7,24.1,43.2,0.710
378,-1,511.0,308.8,20.6,28.3,0.698
378,-1,919.5,313.9,24.1,72.6,0.610
378,-1,904.3,318.9,27.6,80.3,0.602
378,-1,718.7,321.5,17.0,42.7,0.547
378,-1,687.5,328.2,16.8,49.7,0.477
378,-1,1803.7,467.7,116.3,423.8,0.469
378,-1,1802.2,510.6,117.8,165.5,0.342
378,-1,902.9,318.1,18.3,44.0,0.320
378,-1,698.7,308.7,19.0,30.3,0.305
378,-1,577.1,307.8,16.7,21.9,0.235
378,-1,989.8,330.9,14.4,32.9,0.235
378,-1,921.7,314.7,20.3,37.1,0.195
378,-1,709.5,316.1,18.6,53.6,0.170
378,-1,500.0,306.1,34.2,82.6,0.163
378,-1,1881.2,685.3,38.8,356.8,0.161
378,-1,850.1,346.1,14.8,34.3,0.159
378,-1,681.5,320.7,18.0,56.8,0.144
378,-1,1147.3,324.0,24.8,80.2,0.100
378,-1,984.3,329.7,12.6,31.0,0.087
378,-1,908.3,315.9,24.3,50.3,0.083
378,-1,1857.4,577.0,62.6,465.9,0.077
378,-1,152.4,276.2,49.6,65.4,0.068
378,-1,736.2,319.3,16.5,51.0,0.064
378,-1,746.6,317.0,20.1,29.5,0.061
378,-1,705.1,311.7,16.0,30.1,0.054
379,-1,477.8,247.8,142.4,411.1,0.999
379,-1,1109.9,291.7,52.0,175.3,0.997
379,-1,376.1,261.5,134.1,251.6,0.997
379,-1,936.3,309.3,44.7,141.4,0.997
379,-1,857.1,297.8,53.8,152.4,0.997
379,-1,1188.8,313.1,49.9,143.0,0.996
379,-1,1322.1,311.5,40.7,119.6,0.993
379,-1,669.2,319.2,22.0,58.2,0.992
379,-1,1037.4,320.6,19.5,59.2,0.989
379,-1,745.2,316.7,23.8,61.8,0.988
379,-1,701.2,313.9,23.8,66.1,0.983
379,-1,592.0,308.2,35.1,74.7,0.966
379,-1,0.5,300.8,28.4,166.4,0.949
379,-1,645.8,313.6,13.5,35.2,0.948
379,-1,915.9,333.9,25.4,66.4,0.919
379,-1,1140.9,320.8,34.8,139.9,0.907
379,-1,989.2,329.5,13.6,34.0,0.778
379,-1,574.3,307.1,20.6,26.3,0.730
379,-1,720.5,321.8,16.3,43.9,0.729
379,-1,898.8,317.9,20.9,81.9,0.707
379,-1,928.6,315.2,16.5,35.7,0.697
379,-1,506.2,306.1,22.6,26.9,0.683
379,-1,903.6,316.9,27.5,82.9,0.672
379,-1,925.7,312.9,20.3,61.5,0.669
379,-1,619.9,311.5,16.1,65.2,0.644
379,-1,904.6,317.4,18.2,43.7,0.551
379,-1,852.0,343.2,13.6,37.0,0.388
379,-1,689.4,324.2,14.8,53.9,0.365
379,-1,27.6,246.5,56.7,68.8,0.309
379,-1,713.5,324.7,16.0,50.5,0.280
379,-1,699.4,308.9,18.9,31.6,0.240
379,-1,678.8,318.2,20.1,59.2,0.230
379,-1,1812.2,123.2,107.8,872.2,0.211
379,-1,573.0,306.8,38.9,84.5,0.184
379,-1,692.7,315.3,21.3,64.0,0.169
379,-1,1882.9,685.7,37.1,276.5,0.127
379,-1,1049.0,326.5,18.9,52.2,0.119
379,-1,1153.0,322.3,22.0,76.2,0.114
379,-1,920.6,316.9,19.4,47.7,0.107
379,-1,27.7,252.3,57.4,123.3,0.097
379,-1,1817.1,507.9,102.9,410.8,0.086
379,-1,910.1,315.0,20.1,52.6,0.059
379,-1,739.7,320.8,17.4,53.2,0.055
379,-1,1219.6,324.0,24.1,92.3,0.055
379,-1,705.6,311.8,16.9,33.8,0.053
379,-1,570.4,307.2,17.8,19.9,0.051
380,-1,477.1,247.3,140.8,416.1,1.000
380,-1,379.8,263.7,123.4,175.8,0.998
380,-1,1191.2,310.8,49.4,144.9,0.998
380,-1,858.5,296.2,52.3,147.2,0.998
380,-1,1111.4,290.8,56.1,174.9,0.998
380,-1,937.9,307.9,46.0,141.3,0.997
380,-1,672.0,320.4,21.0,55.9,0.985
380,-1,593.9,306.3,37.2,78.3,0.981
380,-1,746.7,315.2,22.9,63.4,0.979
380,-1,702.2,313.6,24.4,66.0,0.975
380,-1,1328.2,308.4,40.3,121.6,0.970
380,-1,0.4,301.4,29.0,163.0,0.960
380,-1,648.7,312.9,13.2,34.6,0.951
380,-1,1041.5,320.0,17.5,51.6,0.948
380,-1,1142.1,323.0,37.5,137.4,0.946
380,-1,905.3,312.2,33.2,86.5,0.861
380,-1,1833.6,545.1,86.4,369.8,0.816
380,-1,572.6,306.6,23.8,33.8,0.759
380,-1,915.0,331.2,28.6,67.8,0.673
380,-1,900.3,313.7,19.4,84.2,0.609
380,-1,571.2,304.5,37.9,95.6,0.585
380,-1,922.4,312.6,23.9,76.0,0.476
380,-1,992.8,338.4,11.0,22.7,0.469
380,-1,722.0,320.8,16.2,43.6,0.396
380,-1,927.0,313.2,19.0,39.5,0.363
380,-1,691.2,321.4,15.2,55.3,0.356
380,-1,153.5,276.7,49.5,61.5,0.311
380,-1,695.3,318.4,17.4,60.9,0.260
380,-1,741.7,316.1,19.5,58.6,0.231
380,-1,1151.5,322.9,27.0,75.2,0.161
380,-1,1.7,300.8,29.6,77.4,0.152
380,-1,1824.5,537.9,95.5,179.0,0.141
380,-1,988.4,333.5,12.3,27.5,0.138
380,-1,1159.2,322.1,19.3,45.3,0.127
380,-1,758.8,318.9,13.6,56.3,0.121
380,-1,1052.8,328.0,15.8,46.3,0.118
380,-1,830.5,317.1,10.9,25.0,0.094
380,-1,27.3,253.7,60.7,101.8,0.090
380,-1,827.3,314.8,11.1,25.7,0.083
380,-1,1228.9,324.8,18.3,90.9,0.083
380,-1,853.1,341.0,17.1,38.0,0.082
380,-1,570.0,308.4,17.2,25.3,0.078
380,-1,780.4,314.8,9.9,31.5,0.073
380,-1,853.6,308.0,16.5,31.3,0.067
380,-1,739.5,319.3,15.2,46.3,0.063
380,-1,717.6,313.4,16.9,46.6,0.061
380,-1,1829.2,200.3,90.8,733.4,0.055
381,-1,460.9,243.0,163.7,434.0,1.000
381,-1,1192.6,311.1,54.6,145.1,0.997
381,-1,859.7,296.5,53.8,149.1,0.997
381,-1,939.5,308.8,46.2,140.2,0.997
381,-1,1115.1,290.1,52.8,175.5,0.996
381,-1,383.9,265.3,113.9,181.9,0.995
381,-1,673.6,321.9,22.0,56.8,0.990
381,-1,597.0,307.2,36.8,80.4,0.986
381,-1,1043.8,320.4,19.7,50.3,0.984
381,-1,702.0,313.2,27.5,67.0,0.982
381,-1,1329.1,312.4,43.5,116.9,0.980
381,-1,1141.5,314.3,40.9,145.8,0.968
381,-1,0.3,300.7,32.6,168.5,0.952
381,-1,571.3,306.6,32.9,92.4,0.909
381,-1,651.9,315.2,13.9,33.2,0.906
381,-1,624.5,312.1,16.5,65.1,0.825
381,-1,904.3,317.3,23.6,83.3,0.825
381,-1,748.1,316.6,25.1,62.0,0.801
381,-1,994.7,327.1,13.6,35.0,0.739
381,-1,919.8,323.7,26.4,76.1,0.707
381,-1,725.6,320.0,17.5,44.7,0.642
381,-1,1846.7,553.8,73.3,373.9,0.540
381,-1,1845.9,557.1,73.8,165.4,0.505
381,-1,908.9,315.6,18.4,42.4,0.268
381,-1,574.6,306.1,25.9,50.7,0.236
381,-1,976.6,321.0,11.1,43.5,0.234
381,-1,684.8,325.0,18.8,53.5,0.221
381,-1,34.7,250.5,52.7,65.2,0.220
381,-1,750.9,340.2,19.9,39.3,0.180
381,-1,693.9,327.9,15.1,52.5,0.175
381,-1,711.4,313.8,21.0,55.2,0.161
381,-1,928.2,313.1,19.1,52.4,0.153
381,-1,703.3,308.4,18.7,28.9,0.143
381,-1,1161.7,320.4,20.5,52.3,0.142
381,-1,1057.1,327.8,16.9,46.4,0.124
381,-1,158.9,279.0,47.2,60.9,0.103
381,-1,1868.4,607.8,51.6,454.3,0.102
381,-1,987.9,330.2,13.1,31.4,0.092
381,-1,720.1,314.2,17.4,52.3,0.089
381,-1,2.4,302.4,32.6,69.4,0.087
381,-1,979.6,323.8,16.4,39.5,0.080
381,-1,29.8,252.2,58.6,120.8,0.073
381,-1,130.1,231.6,34.3,137.0,0.065
381,-1,1886.7,670.8,33.3,250.0,0.063
381,-1,766.9,320.7,13.2,25.8,0.059
382,-1,448.9,243.6,155.2,436.3,0.999
382,-1,1119.1,290.7,63.7,176.4,0.997
382,-1,1192.1,312.9,56.9,145.1,0.997
382,-1,860.8,298.8,55.8,147.0,0.997
382,-1,940.3,308.0,46.4,140.8,0.996
382,-1,389.4,267.3,106.5,175.2,0.996
382,-1,675.4,321.9,23.1,59.2,0.995
382,-1,748.1,318.2,27.2,64.4,0.993
382,-1,1047.7,319.2,23.2,56.8,0.984
382,-1,599.6,308.9,38.1,81.3,0.979
382,-1,655.6,316.9,12.4,34.7,0.978
382,-1,702.2,316.7,27.0,65.0,0.976
382,-1,1334.7,321.4,44.3,114.5,0.972
382,-1,0.3,303.0,33.1,166.6,0.971
382,-1,568.0,308.8,38.0,95.1,0.960
382,-1,908.6,317.2,22.9,83.9,0.870
382,-1,1827.9,709.2,91.8,352.6,0.832
382,-1,915.8,318.8,26.8,82.0,0.832
382,-1,924.6,337.6,22.2,63.0,0.802
382,-1,997.5,338.2,12.8,27.7,0.722
382,-1,727.9,323.8,15.6,42.7,0.562
382,-1,1157.0,320.9,30.3,141.4,0.548
382,-1,0.8,302.7,29.9,85.1,0.354
382,-1,912.7,318.8,16.9,46.1,0.337
382,-1,786.7,316.8,10.2,33.4,0.311
382,-1,689.6,322.4,17.8,57.7,0.289
382,-1,718.5,322.4,17.6,46.7,0.198
382,-1,928.6,319.5,18.3,64.4,0.185
382,-1,993.3,333.2,13.1,32.0,0.160
382,-1,1831.9,135.3,88.1,907.1,0.141
382,-1,5.5,304.9,31.4,50.6,0.132
382,-1,981.3,323.9,10.1,41.7,0.128
382,-1,972.5,319.9,16.9,49.8,0.120
382,-1,635.6,315.6,11.6,44.8,0.106
382,-1,1058.4,325.5,19.7,50.6,0.097
382,-1,703.6,305.2,13.4,33.7,0.092
382,-1,160.1,279.7,46.6,59.1,0.086
382,-1,36.3,256.4,55.6,67.5,0.086
382,-1,860.0,312.9,17.1,27.3,0.077
382,-1,772.3,321.0,12.6,39.8,0.073
382,-1,761.0,321.1,15.7,55.2,0.071
382,-1,707.4,314.7,17.4,53.5,0.068
382,-1,860.4,344.0,15.2,34.0,0.065
382,-1,134.0,237.2,29.7,148.6,0.054
383,-1,439.8,242.9,153.6,441.5,0.999
383,-1,1192.8,314.9,57.2,145.4,0.997
383,-1,940.3,311.0,48.9,140.5,0.996
383,-1,1121.2,291.6,63.5,179.5,0.995
383,-1,863.9,301.2,52.4,152.6,0.995
383,-1,677.5,322.9,21.0,60.9,0.986
383,-1,395.9,263.5,90.4,180.9,0.985
383,-1,749.5,320.4,25.9,63.5,0.984
383,-1,0.3,304.4,32.8,168.9,0.982
383,-1,1340.5,312.0,42.7,124.8,0.972
383,-1,703.0,314.7,24.1,69.1,0.970
383,-1,600.5,315.4,36.5,74.6,0.964
383,-1,568.3,313.7,37.7,90.0,0.946
383,-1,656.4,318.3,12.9,35.8,0.926
383,-1,909.3,317.2,30.0,86.2,0.911
383,-1,1049.3,322.4,18.6,55.2,0.876
383,-1,1808.3,729.0,111.1,335.3,0.792
383,-1,1159.2,321.0,29.7,143.5,0.703
383,-1,922.5,317.2,24.5,85.8,0.700
383,-1,729.6,326.7,14.8,42.9,0.609
383,-1,999.2,336.8,12.2,29.6,0.546
383,-1,973.0,322.5,17.0,54.4,0.535
383,-1,1803.9,339.0,116.1,705.6,0.411
383,-1,931.3,315.9,17.5,68.6,0.324
383,-1,860.4,311.9,17.0,31.6,0.297
383,-1,832.1,306.6,15.4,41.2,0.273
383,-1,910.6,319.9,17.5,68.6,0.255
383,-1,685.5,322.4,21.3,60.3,0.246
383,-1,1059.0,309.5,18.1,67.6,0.234
383,-1,734.6,321.4,16.9,46.3,0.174
383,-1,787.3,319.3,10.4,30.9,0.173
383,-1,770.6,324.5,12.9,39.3,0.166
383,-1,1865.3,736.0,54.7,287.3,0.165
383,-1,764.2,322.0,13.7,51.6,0.151
383,-1,717.0,313.8,18.2,42.3,0.128
383,-1,838.4,311.9,11.4,32.3,0.107
383,-1,860.6,348.2,15.8,31.4,0.094
383,-1,18.0,315.4,22.7,66.3,0.088
383,-1,732.2,310.8,24.3,27.4,0.080
383,-1,727.5,314.2,17.5,43.8,0.072
383,-1,56.3,286.4,52.0,96.6,0.060
384,-1,435.6,239.3,143.6,452.9,0.999
384,-1,1193.1,316.9,57.3,142.8,0.996
384,-1,1122.1,295.9,61.5,177.7,0.996
384,-1,938.7,310.9,51.5,142.1,0.995
384,-1,864.4,302.6,53.6,146.8,0.994
384,-1,400.4,272.1,71.1,168.5,0.979
384,-1,599.0,315.3,40.0,81.9,0.972
384,-1,1802.5,795.8,116.7,239.7,0.970
384,-1,1341.2,316.1,43.3,124.7,0.969
384,-1,555.2,315.5,49.4,92.2,0.945
384,-1,673.9,323.9,26.0,56.8,0.921
384,-1,0.2,307.4,32.2,170.8,0.908
384,-1,909.5,317.8,28.0,86.3,0.540
384,-1,1149.8,321.8,41.8,147.9,0.512
384,-1,746.1,325.7,26.6,44.3,0.366
384,-1,924.0,319.5,27.2,84.7,0.362
384,-1,1049.1,321.1,20.8,46.9,0.328
384,-1,703.0,326.8,24.1,57.7,0.299
384,-1,1801.4,416.4,118.6,615.9,0.261
384,-1,683.7,325.1,23.6,57.4,0.134
384,-1,912.3,321.3,22.4,43.7,0.128
384,-1,550.3,331.3,35.2,66.7,0.112
384,-1,970.5,327.4,18.7,48.3,0.108
384,-1,1.5,308.3,36.0,76.6,0.105
384,-1,743.1,317.8,30.6,26.7,0.098
384,-1,1058.3,335.3,23.9,42.4,0.095
384,-1,923.3,313.9,50.2,119.8,0.079
384,-1,710.1,323.8,27.1,59.0,0.061
384,-1,721.1,331.3,21.1,43.9,0.053
384,-1,0.1,303.4,17.7,159.0,0.051
385,-1,414.4,242.0,153.1,445.8,0.999
385,-1,1195.8,319.2,59.7,144.4,0.997
385,-1,870.0,303.3,53.0,151.7,0.997
385,-1,1129.0,296.5,65.4,177.2,0.997
385,-1,942.6,312.0,48.6,142.3,0.995
385,-1,561.1,311.3,53.2,95.4,0.993
385,-1,605.9,315.7,36.1,75.7,0.990
385,-1,680.5,328.2,23.0,55.4,0.989
385,-1,751.9,318.6,27.5,68.1,0.988
385,-1,1797.0,841.7,121.1,194.0,0.983
385,-1,403.6,268.8,64.4,150.5,0.979
385,-1,706.6,316.8,23.1,69.9,0.972
385,-1,0.3,304.6,31.0,171.0,0.956
385,-1,1054.1,322.7,22.5,57.4,0.910
385,-1,1348.0,317.2,42.3,123.2,0.904
385,-1,917.8,320.3,28.8,85.6,0.895
385,-1,1063.1,307.0,23.2,72.4,0.861
385,-1,660.4,319.7,13.8,35.3,0.852
385,-1,911.4,330.0,20.2,76.9,0.717
385,-1,734.5,327.6,17.4,44.1,0.672
385,-1,978.4,325.9,17.2,43.8,0.540
385,-1,1796.3,299.7,123.7,728.0,0.503
385,-1,1002.3,342.4,14.4,28.1,0.450
385,-1,930.0,319.0,21.2,82.7,0.331
385,-1,60.2,299.0,49.4,85.7,0.310
385,-1,919.2,322.9,19.7,46.3,0.296
385,-1,7.8,310.7,34.2,37.7,0.236
385,-1,1167.8,331.9,27.6,124.7,0.217
385,-1,4.5,309.2,36.8,78.2,0.191
385,-1,998.8,335.6,13.4,34.5,0.137
385,-1,137.3,238.8,32.7,152.4,0.085
385,-1,718.3,318.6,20.0,54.1,0.082
385,-1,706.5,312.5,22.4,35.7,0.074
385,-1,865.2,351.3,15.4,32.7,0.063
385,-1,712.1,313.9,23.0,45.6,0.057
385,-1,40.3,269.0,63.9,104.7,0.054
386,-1,409.2,237.6,139.8,450.8,0.999
386,-1,1195.0,320.1,57.2,143.0,0.997
386,-1,868.4,303.4,54.4,153.4,0.997
386,-1,1129.4,295.2,64.7,179.5,0.997
386,-1,679.1,327.7,22.9,56.6,0.992
386,-1,559.8,314.5,52.7,92.6,0.990
386,-1,940.9,311.4,49.6,144.1,0.990
386,-1,604.5,316.1,36.8,75.1,0.985
386,-1,752.0,318.7,24.7,67.4,0.981
386,-1,706.4,320.7,21.7,67.0,0.977
386,-1,1793.5,823.4,124.2,219.3,0.967
386,-1,1350.4,319.4,40.9,122.3,0.962
386,-1,0.3,302.1,29.1,173.4,0.960
386,-1,1054.8,325.8,21.1,56.9,0.927
386,-1,403.0,268.5,53.6,153.0,0.910
386,-1,660.2,320.0,12.6,34.6,0.900
386,-1,918.0,320.7,29.6,84.9,0.887
386,-1,732.8,329.6,16.1,42.1,0.757
386,-1,912.0,327.4,18.9,78.7,0.694
386,-1,1064.1,310.2,18.5,69.4,0.554
386,-1,975.9,322.7,17.9,48.3,0.479
386,-1,1005.4,345.9,10.6,23.7,0.470
386,-1,1790.7,392.3,129.3,645.5,0.414
386,-1,916.6,322.5,19.5,72.1,0.325
386,-1,45.0,266.3,60.3,118.0,0.294
386,-1,998.7,338.6,10.8,31.5,0.272
386,-1,984.5,328.2,11.2,42.7,0.240
386,-1,918.7,323.3,19.0,39.0,0.228
386,-1,791.8,321.7,9.7,31.6,0.224
386,-1,711.7,321.7,21.5,49.5,0.163
386,-1,705.4,314.4,21.6,28.7,0.137
386,-1,8.7,308.1,29.9,75.9,0.133
386,-1,835.4,321.1,11.3,28.6,0.132
386,-1,863.4,316.2,15.9,30.4,0.131
386,-1,864.4,349.5,13.3,35.6,0.106
386,-1,837.3,311.9,13.2,35.5,0.093
386,-1,739.9,324.2,19.9,52.9,0.093
386,-1,780.5,326.0,10.3,34.4,0.086
386,-1,723.3,316.2,16.3,41.7,0.081
386,-1,933.0,317.9,19.4,82.7,0.077
386,-1,767.2,326.5,13.9,43.9,0.074
386,-1,850.2,318.1,12.2,25.5,0.070
386,-1,887.1,309.3,37.8,103.4,0.061
386,-1,1238.0,338.1,15.4,82.1,0.052
387,-1,365.7,238.9,167.9,465.7,1.000
387,-1,1195.4,323.8,57.4,143.6,0.998
387,-1,1129.3,299.4,67.2,181.5,0.998
387,-1,869.1,307.9,53.1,153.0,0.997
387,-1,941.7,315.2,49.1,141.0,0.996
387,-1,679.3,328.1,23.0,57.8,0.989
387,-1,604.1,316.9,38.1,77.1,0.985
387,-1,1054.6,325.6,24.9,60.6,0.984
387,-1,750.7,320.7,26.4,68.0,0.978
387,-1,561.3,316.8,50.3,92.9,0.975
387,-1,0.1,304.2,27.6,173.7,0.933
387,-1,1811.2,735.0,106.3,336.4,0.929
387,-1,1362.1,318.0,33.5,126.2,0.928
387,-1,910.7,322.9,20.2,86.7,0.918
387,-1,732.6,333.0,16.5,39.5,0.881
387,-1,660.4,319.4,13.1,37.4,0.878
387,-1,921.3,324.7,27.3,83.7,0.688
387,-1,975.8,327.5,18.4,54.7,0.478
387,-1,44.4,264.5,57.3,120.8,0.461
387,-1,705.2,317.7,20.5,64.2,0.402
387,-1,1007.4,348.3,10.2,24.2,0.392
387,-1,718.3,322.9,17.0,47.0,0.297
387,-1,735.7,319.4,19.3,53.4,0.254
387,-1,1809.9,358.6,110.1,714.2,0.236
387,-1,985.2,330.3,10.5,43.0,0.230
387,-1,921.0,326.6,21.1,40.1,0.200
387,-1,723.4,314.6,17.5,53.9,0.144
387,-1,792.4,322.1,12.5,33.7,0.136
387,-1,705.3,317.4,15.1,29.6,0.130
387,-1,999.7,345.9,11.4,26.6,0.129
387,-1,837.5,312.0,15.1,38.0,0.126
387,-1,709.2,320.5,18.4,39.2,0.118
387,-1,915.2,326.7,18.8,42.4,0.110
387,-1,4.8,304.2,32.2,79.9,0.092
387,-1,864.3,318.9,16.7,29.3,0.090
387,-1,750.6,316.2,29.4,35.2,0.071
387,-1,864.0,351.7,14.3,38.5,0.063
387,-1,742.8,319.8,27.1,60.0,0.062
388,-1,340.7,241.0,186.8,473.4,0.999
388,-1,1194.0,323.5,56.6,143.8,0.999
388,-1,1128.9,299.5,66.8,180.7,0.998
388,-1,863.2,304.7,58.1,154.1,0.997
388,-1,939.9,314.2,50.3,142.8,0.996
388,-1,602.6,316.5,38.7,77.7,0.992
388,-1,679.1,328.0,22.0,56.4,0.990
388,-1,562.9,313.3,47.0,97.6,0.986
388,-1,1052.9,328.1,25.4,55.6,0.974
388,-1,1817.1,703.1,102.9,370.3,0.917
388,-1,911.4,320.5,20.9,87.7,0.910
388,-1,1364.5,317.2,32.0,127.9,0.907
388,-1,660.0,321.5,13.2,33.8,0.892
388,-1,748.3,322.3,21.5,64.7,0.872
388,-1,0.0,309.0,20.7,167.4,0.859
388,-1,703.3,315.1,22.2,70.8,0.840
388,-1,732.0,328.4,17.0,44.2,0.808
388,-1,916.9,319.5,26.6,86.6,0.700
388,-1,923.7,343.2,24.8,64.8,0.653
388,-1,977.9,327.0,16.7,51.9,0.481
388,-1,918.6,323.8,16.8,34.0,0.441
388,-1,52.9,291.3,46.1,92.9,0.431
388,-1,984.7,330.4,11.4,43.3,0.309
388,-1,1816.0,308.3,104.0,765.5,0.227
388,-1,1001.5,339.8,12.1,32.3,0.224
388,-1,1006.2,344.5,11.0,27.2,0.222
388,-1,712.1,321.7,17.4,50.0,0.217
388,-1,718.7,324.0,16.5,48.1,0.212
388,-1,707.4,304.2,14.9,28.5,0.197
388,-1,922.6,324.8,20.0,40.5,0.196
388,-1,915.1,323.5,16.3,53.2,0.186
388,-1,1068.3,332.6,17.0,49.1,0.177
388,-1,1861.6,732.8,57.7,308.1,0.163
388,-1,760.8,329.2,19.2,55.9,0.148
388,-1,862.1,351.2,15.9,38.2,0.147
388,-1,931.1,323.2,17.5,39.6,0.143
388,-1,641.1,317.0,11.5,38.0,0.141
388,-1,0.6,298.8,33.2,90.8,0.133
388,-1,702.8,311.0,19.2,34.3,0.133
388,-1,647.7,316.0,12.9,38.7,0.117
388,-1,148.8,280.7,61.1,67.0,0.096
388,-1,760.6,327.9,16.2,34.1,0.077
388,-1,853.6,347.7,14.0,35.3,0.074
388,-1,771.2,329.8,11.3,26.7,0.073
388,-1,781.2,329.0,8.5,25.6,0.069
388,-1,533.8,324.3,41.7,79.2,0.060
388,-1,12.7,332.7,23.1,46.4,0.059
388,-1,41.5,259.0,54.5,103.6,0.055
388,-1,923.1,317.3,45.3,105.8,0.053
388,-1,838.4,323.9,13.8,23.9,0.053
389,-1,317.0,242.9,195.8,478.8,1.000
389,-1,1128.8,299.6,66.1,180.9,0.998
389,-1,1194.2,323.3,53.7,142.2,0.998
389,-1,600.9,316.8,39.0,75.9,0.996
389,-1,862.5,305.4,54.9,151.3,0.996
389,-1,937.8,315.0,48.0,143.5,0.996
389,-1,567.1,313.6,37.7,98.7,0.994
389,-1,676.6,327.3,22.5,58.8,0.992
389,-1,1049.6,326.8,27.5,62.5,0.975
389,-1,658.7,321.1,14.0,33.7,0.909
389,-1,1826.6,696.8,91.7,374.1,0.885
389,-1,730.3,329.3,17.0,42.0,0.879
389,-1,913.6,322.7,24.2,86.5,0.865
389,-1,746.4,324.0,19.9,62.6,0.841
389,-1,1370.0,314.2,26.7,130.5,0.814
389,-1,971.6,325.8,20.8,59.6,0.810
389,-1,1155.4,326.9,41.8,147.7,0.749
389,-1,702.5,318.8,20.1,62.5,0.733
389,-1,908.3,334.0,19.3,74.9,0.727
389,-1,923.3,331.6,23.5,76.6,0.717
389,-1,983.2,327.9,11.9,45.8,0.684
389,-1,917.1,326.0,15.9,38.2,0.579
389,-1,713.6,323.0,14.9,51.3,0.382
389,-1,930.3,324.1,20.3,72.6,0.290
389,-1,997.4,342.3,9.8,29.6,0.273
389,-1,1170.3,331.6,26.8,100.0,0.271
389,-1,447.7,299.5,63.9,257.8,0.249
389,-1,753.6,327.8,19.3,57.9,0.237
389,-1,442.8,279.7,64.4,113.9,0.213
389,-1,759.4,330.9,18.6,49.4,0.195
389,-1,154.9,289.7,25.4,48.7,0.146
389,-1,44.6,284.3,47.8,97.4,0.130
389,-1,718.1,317.7,16.4,39.3,0.124
389,-1,706.0,318.2,17.6,32.4,0.117
389,-1,152.8,285.2,51.3,61.0,0.115
389,-1,761.7,327.5,17.1,33.8,0.114
389,-1,1006.1,347.0,9.5,24.2,0.114
389,-1,926.2,326.9,16.0,38.4,0.112
389,-1,389.2,244.4,117.4,148.9,0.103
389,-1,1065.9,330.8,17.8,51.7,0.099
389,-1,1148.9,313.2,75.4,165.9,0.098
389,-1,455.5,392.2,51.1,180.7,0.098
389,-1,129.4,252.5,32.2,141.8,0.092
389,-1,1825.4,247.9,94.6,802.1,0.084
389,-1,646.6,316.4,13.5,39.4,0.082
389,-1,0.2,322.9,19.0,153.8,0.081
389,-1,859.6,350.9,16.4,38.3,0.074
389,-1,701.6,314.1,15.6,30.2,0.069
389,-1,772.5,328.3,10.5,24.7,0.069
389,-1,736.7,325.5,16.4,46.8,0.063
389,-1,878.5,308.4,45.7,114.0,0.054
389,-1,705.4,308.2,15.5,33.5,0.052
390,-1,294.7,236.8,207.2,491.0,1.000
390,-1,1127.5,299.0,67.5,178.9,0.998
390,-1,1193.6,320.6,52.9,141.8,0.998
390,-1,859.3,301.8,56.6,152.5,0.997
390,-1,598.7,313.1,40.5,77.7,0.996
390,-1,936.1,313.9,48.9,142.9,0.995
390,-1,675.4,323.0,22.1,60.3,0.995
390,-1,564.8,311.0,38.3,97.3,0.993
390,-1,1047.9,324.5,28.1,62.7,0.963
390,-1,657.3,319.2,13.2,33.5,0.957
390,-1,924.8,323.2,24.2,83.4,0.901
390,-1,971.0,323.0,20.8,60.7,0.884
390,-1,700.0,315.1,20.6,68.5,0.873
390,-1,729.1,327.7,16.7,42.0,0.869
390,-1,907.5,337.7,18.4,68.9,0.857
390,-1,1836.3,666.3,81.9,406.6,0.832
390,-1,746.0,322.3,17.6,57.0,0.809
390,-1,913.8,321.4,24.9,85.0,0.758
390,-1,916.0,322.1,15.3,36.3,0.670
390,-1,1374.7,332.2,21.6,94.6,0.630
390,-1,980.4,327.4,13.8,45.5,0.600
390,-1,433.6,282.1,69.8,277.3,0.534
390,-1,1001.7,332.2,12.4,34.3,0.428
390,-1,718.4,325.6,14.3,44.5,0.277
390,-1,705.7,319.3,19.1,53.3,0.251
390,-1,44.3,289.7,45.4,92.1,0.245
390,-1,1065.7,330.2,19.4,49.8,0.223
390,-1,1357.3,347.6,37.0,73.9,0.209
390,-1,427.5,268.9,75.4,145.1,0.192
390,-1,719.9,319.1,14.3,30.8,0.148
390,-1,926.3,322.4,15.0,38.9,0.140
390,-1,723.1,326.1,16.0,43.3,0.140
390,-1,1171.6,330.3,25.1,103.9,0.139
390,-1,932.9,321.0,17.9,53.0,0.122
390,-1,634.1,318.0,11.7,39.5,0.108
390,-1,859.0,349.4,15.6,37.7,0.107
390,-1,532.5,327.8,35.4,69.7,0.105
390,-1,774.3,326.5,9.9,24.9,0.096
390,-1,759.8,328.9,16.3,39.7,0.095
390,-1,0.7,301.0,27.2,78.9,0.095
390,-1,541.9,314.9,43.6,88.3,0.093
390,-1,768.5,326.6,10.0,26.5,0.088
390,-1,1880.2,687.0,39.8,347.4,0.086
390,-1,703.5,314.3,15.8,30.7,0.085
390,-1,910.9,324.9,17.3,59.2,0.083
390,-1,654.9,318.6,9.7,35.2,0.082
390,-1,640.8,311.1,18.3,42.4,0.080
390,-1,997.1,335.2,9.8,30.6,0.070
390,-1,1826.8,208.2,93.2,858.2,0.068
390,-1,758.8,324.5,13.0,26.9,0.067
390,-1,790.6,320.9,11.1,33.3,0.067
390,-1,738.2,326.2,14.3,44.2,0.063
390,-1,693.8,319.9,16.6,59.4,0.057
390,-1,431.3,287.1,62.6,79.6,0.056
390,-1,749.1,322.7,16.8,33.0,0.051
391,-1,273.6,235.1,223.1,496.7,1.000
391,-1,1128.4,297.0,65.6,179.4,0.999
391,-1,1192.4,318.3,53.6,142.1,0.998
391,-1,674.4,321.5,22.7,60.1,0.997
391,-1,598.6,311.4,39.6,76.4,0.997
391,-1,858.5,299.6,55.9,155.0,0.996
391,-1,934.6,316.2,47.0,138.6,0.995
391,-1,562.9,311.3,36.8,95.2,0.994
391,-1,656.9,318.2,13.9,34.1,0.974
391,-1,1048.0,323.9,27.1,61.5,0.941
391,-1,970.8,321.2,19.8,59.8,0.904
391,-1,726.9,326.0,15.8,43.2,0.893
391,-1,414.4,253.0,82.9,311.7,0.872
391,-1,743.3,319.6,18.1,64.1,0.856
391,-1,905.5,335.3,19.5,70.1,0.854
391,-1,698.0,313.3,21.8,69.8,0.852
391,-1,979.4,323.2,13.7,50.8,0.740
391,-1,912.1,319.9,25.7,84.9,0.694
391,-1,922.6,329.1,25.1,76.1,0.623
391,-1,1000.8,333.8,12.4,33.3,0.568
391,-1,914.7,322.0,15.7,33.6,0.538
391,-1,1842.5,684.8,77.5,389.3,0.523
391,-1,415.1,267.5,83.4,154.7,0.514
391,-1,1358.4,343.5,37.9,90.1,0.487
391,-1,531.4,323.7,32.1,74.2,0.358
391,-1,332.5,233.6,161.2,186.8,0.330
391,-1,630.5,316.6,13.7,47.7,0.283
391,-1,1171.6,329.2,24.5,96.0,0.155
391,-1,998.1,336.6,10.9,29.6,0.151
391,-1,37.7,273.9,49.6,104.9,0.127
391,-1,697.3,312.1,17.0,29.9,0.116
391,-1,707.1,318.6,17.9,54.3,0.116
391,-1,926.4,323.7,16.9,40.2,0.108
391,-1,788.1,318.8,10.8,33.2,0.105
391,-1,769.2,324.9,11.4,23.4,0.090
391,-1,857.8,346.7,15.6,38.0,0.086
391,-1,548.9,317.5,39.7,84.0,0.083
391,-1,624.7,314.6,19.2,66.2,0.064
391,-1,931.5,321.9,18.6,51.0,0.064
391,-1,1148.9,308.6,74.1,162.8,0.058
391,-1,933.3,320.3,30.6,97.1,0.052
391,-1,149.5,279.3,53.8,57.6,0.051
392,-1,246.1,232.2,225.3,516.4,1.000
392,-1,1129.1,297.0,64.5,177.8,0.998
392,-1,1192.4,315.8,52.6,145.1,0.998
392,-1,856.6,298.5,57.0,156.5,0.997
392,-1,599.7,309.9,38.1,74.4,0.995
392,-1,933.5,314.3,47.5,141.6,0.995
392,-1,673.1,320.8,22.6,60.2,0.993
392,-1,392.3,259.9,95.6,304.8,0.992
392,-1,551.0,307.5,49.5,98.0,0.988
392,-1,655.9,317.5,12.3,34.0,0.958
392,-1,1047.0,324.2,26.8,61.6,0.954
392,-1,739.2,320.3,20.3,60.9,0.919
392,-1,903.2,335.5,21.4,69.1,0.895
392,-1,697.0,312.0,21.0,71.5,0.880
392,-1,970.3,321.0,19.8,60.9,0.875
392,-1,725.1,325.4,16.4,42.6,0.862
392,-1,1377.7,344.3,19.1,94.7,0.714
392,-1,922.3,323.3,24.4,80.2,0.679
392,-1,999.8,335.4,12.4,33.3,0.667
392,-1,1357.1,347.0,39.7,90.7,0.610
392,-1,915.5,320.9,15.0,39.0,0.590
392,-1,912.3,318.7,25.2,84.3,0.461
392,-1,979.0,323.4,13.5,48.4,0.450
392,-1,707.5,318.6,17.9,50.0,0.449
392,-1,1172.9,331.0,23.2,114.6,0.388
392,-1,1871.2,607.5,48.8,171.0,0.322
392,-1,1066.6,330.4,19.2,49.0,0.307
392,-1,994.5,336.3,11.4,31.6,0.244
392,-1,697.8,313.5,15.7,31.2,0.228
392,-1,1868.6,696.0,51.1,80.2,0.206
392,-1,786.7,317.1,12.1,33.3,0.201
392,-1,926.9,323.3,17.3,46.0,0.179
392,-1,1178.2,341.7,19.7,77.9,0.114
392,-1,832.8,316.8,11.4,27.2,0.113
392,-1,1867.6,635.0,52.3,439.0,0.100
392,-1,728.6,316.1,38.2,67.6,0.100
392,-1,959.9,314.2,24.2,68.9,0.099
392,-1,931.7,323.0,17.7,64.5,0.097
392,-1,528.3,324.4,28.9,72.7,0.092
392,-1,341.8,253.6,133.2,356.5,0.084
392,-1,722.6,306.1,16.0,27.1,0.080
392,-1,705.5,301.4,15.5,30.6,0.079
392,-1,854.1,347.9,16.3,40.2,0.079
392,-1,715.4,317.5,17.3,48.5,0.077
392,-1,684.0,318.6,17.5,61.5,0.072
392,-1,755.4,320.9,16.8,40.4,0.066
392,-1,835.7,310.7,13.5,33.5,0.063
392,-1,35.6,281.7,47.8,95.9,0.063
392,-1,1154.0,307.0,71.2,163.0,0.056
392,-1,949.1,318.0,30.0,91.7,0.054
392,-1,719.8,312.8,15.2,42.1,0.053
392,-1,0.2,311.0,20.4,66.6,0.051
393,-1,232.5,227.9,228.6,523.7,1.000
393,-1,1129.1,296.0,63.6,179.0,0.999
393,-1,1192.5,314.5,52.4,144.5,0.998
393,-1,383.5,255.1,103.5,316.3,0.997
393,-1,598.3,307.5,38.6,79.1,0.996
393,-1,855.6,296.4,60.1,157.4,0.996
393,-1,935.2,312.8,45.9,141.3,0.996
393,-1,673.4,317.7,23.0,61.5,0.993
393,-1,558.6,305.7,41.3,99.5,0.992
393,-1,1047.1,320.8,26.9,61.0,0.982
393,-1,696.5,313.4,23.2,68.0,0.897
393,-1,1004.1,335.7,15.6,31.7,0.890
393,-1,971.2,318.6,19.9,62.8,0.865
393,-1,656.8,315.5,12.2,34.2,0.857
393,-1,901.8,330.4,22.2,72.9,0.842
393,-1,725.0,323.4,15.6,42.5,0.819
393,-1,738.5,317.5,19.6,59.0,0.799
393,-1,912.7,317.7,25.6,85.0,0.772
393,-1,914.5,319.1,17.3,43.8,0.759
393,-1,1354.2,339.7,44.1,102.6,0.747
393,-1,1851.5,576.7,68.4,185.1,0.744
393,-1,923.1,329.3,21.6,74.2,0.698
393,-1,1154.9,325.1,41.8,147.8,0.668
393,-1,1000.6,332.1,13.6,34.5,0.636
393,-1,1175.8,340.2,21.8,80.6,0.470
393,-1,703.9,314.9,19.4,51.9,0.322
393,-1,979.5,322.1,14.1,46.5,0.296
393,-1,1357.1,351.7,36.8,58.6,0.223
393,-1,930.2,321.3,19.4,75.0,0.212
393,-1,995.3,336.4,12.6,30.0,0.192
393,-1,959.8,314.4,26.3,67.5,0.174
393,-1,925.2,320.4,14.4,35.3,0.154
393,-1,528.2,321.9,29.7,72.9,0.135
393,-1,1065.9,327.4,19.0,48.7,0.132
393,-1,697.4,314.2,17.3,38.8,0.124
393,-1,720.1,321.9,13.4,43.7,0.123
393,-1,724.6,314.6,43.6,67.5,0.118
393,-1,34.3,274.7,47.2,100.4,0.112
393,-1,616.1,308.2,23.2,68.9,0.094
393,-1,701.3,309.4,20.7,35.2,0.077
393,-1,149.1,276.1,50.5,57.8,0.065
393,-1,639.2,306.2,20.1,45.2,0.063
393,-1,694.0,311.1,18.2,31.1,0.055
394,-1,218.7,218.4,227.2,533.8,1.000
394,-1,1129.6,296.3,62.3,180.7,0.998
394,-1,1191.6,314.1,53.1,145.2,0.998
394,-1,380.8,255.9,100.9,313.3,0.998
394,-1,934.4,310.7,49.7,142.2,0.997
394,-1,858.7,299.8,54.2,153.6,0.997
394,-1,598.0,307.6,38.7,78.9,0.996
394,-1,673.3,317.3,23.3,62.6,0.995
394,-1,556.1,304.9,43.4,100.0,0.994
394,-1,1048.0,321.4,26.1,60.9,0.981
394,-1,696.3,315.6,23.1,65.7,0.952
394,-1,656.4,315.3,14.3,34.7,0.941
394,-1,900.6,330.8,23.2,71.7,0.940
394,-1,738.0,316.3,19.4,61.4,0.888
394,-1,1357.0,337.6,43.3,105.7,0.881
394,-1,970.5,316.3,20.8,65.3,0.819
394,-1,724.0,320.8,16.6,45.1,0.817
394,-1,913.0,319.4,25.5,83.5,0.712
394,-1,978.3,322.6,14.2,48.4,0.660
394,-1,1002.3,338.5,13.1,27.9,0.641
394,-1,922.4,340.9,21.5,62.0,0.624
394,-1,1834.2,566.7,85.7,181.1,0.607
394,-1,913.6,318.4,17.0,50.8,0.588
394,-1,1178.1,338.3,21.2,80.0,0.566
394,-1,705.4,317.6,17.8,48.7,0.383
394,-1,994.5,338.5,11.4,28.1,0.287
394,-1,698.8,312.3,22.1,36.0,0.172
394,-1,1169.7,328.7,28.0,115.0,0.154
394,-1,725.5,313.1,46.0,69.2,0.148
394,-1,906.0,318.5,22.0,64.4,0.144
394,-1,615.1,308.0,23.9,69.3,0.136
394,-1,503.6,292.5,23.9,101.6,0.127
394,-1,926.0,319.5,15.8,37.8,0.117
394,-1,293.3,239.6,178.7,413.2,0.114
394,-1,1164.7,308.0,67.2,161.7,0.098
394,-1,1067.6,327.2,18.5,48.9,0.084
394,-1,682.9,319.0,19.1,60.2,0.082
394,-1,528.1,322.8,31.1,72.2,0.078
394,-1,732.0,319.6,20.1,53.1,0.076
394,-1,932.0,316.8,19.0,74.0,0.069
394,-1,1188.6,337.9,16.2,75.1,0.063
394,-1,694.9,311.5,19.1,30.6,0.054
395,-1,206.5,219.4,220.9,533.5,1.000
395,-1,377.0,258.4,99.8,312.7,0.998
395,-1,1130.2,297.2,62.6,180.0,0.998
395,-1,1190.8,315.6,54.4,143.4,0.998
395,-1,934.4,310.0,49.1,144.1,0.997
395,-1,599.0,309.4,40.1,76.8,0.997
395,-1,856.5,301.3,53.0,152.4,0.997
395,-1,553.0,305.4,47.9,101.1,0.995
395,-1,673.6,320.7,22.7,60.1,0.994
395,-1,1049.1,322.3,24.0,59.1,0.981
395,-1,695.9,315.8,21.6,65.9,0.950
395,-1,900.3,331.2,23.8,73.0,0.942
395,-1,736.7,315.2,21.7,65.2,0.941
395,-1,656.9,317.4,13.5,33.9,0.893
395,-1,970.8,317.9,20.0,63.7,0.831
395,-1,1827.0,548.0,93.0,180.6,0.791
395,-1,1360.1,340.5,42.4,103.3,0.788
395,-1,724.0,323.7,17.1,43.9,0.734
395,-1,1001.8,333.1,12.9,34.6,0.720
395,-1,981.2,323.4,11.4,47.4,0.682
395,-1,923.8,341.1,22.6,64.5,0.682
395,-1,913.1,319.5,25.5,84.4,0.673
395,-1,913.8,320.9,16.9,38.1,0.537
395,-1,707.3,321.3,16.1,46.9,0.342
395,-1,997.8,337.6,11.0,30.1,0.318
395,-1,993.7,337.8,11.6,29.9,0.282
395,-1,464.3,319.1,17.2,72.8,0.223
395,-1,30.7,277.6,47.4,101.0,0.201
395,-1,694.3,312.1,19.8,33.5,0.179
395,-1,1179.2,331.2,22.6,91.4,0.134
395,-1,924.6,320.8,16.4,41.6,0.126
395,-1,932.5,320.3,18.1,67.3,0.120
395,-1,724.1,312.4,43.5,72.7,0.109
395,-1,528.4,323.5,27.9,72.5,0.106
395,-1,788.2,316.9,11.1,34.7,0.105
395,-1,1067.7,327.9,16.8,46.9,0.081
395,-1,1171.4,327.2,28.9,129.2,0.074
395,-1,959.8,311.0,26.4,82.7,0.065
395,-1,491.2,294.8,41.1,103.5,0.063
395,-1,985.7,325.8,9.9,42.2,0.062
395,-1,699.7,306.6,18.9,32.6,0.058
396,-1,203.0,212.9,207.2,541.8,0.999
396,-1,372.7,258.6,101.7,305.0,0.998
396,-1,1130.1,295.0,66.5,176.3,0.997
396,-1,599.7,307.7,39.0,75.1,0.997
396,-1,1191.8,315.6,53.7,143.5,0.996
396,-1,856.4,300.0,54.9,154.8,0.996
396,-1,934.2,307.0,50.7,147.3,0.995
396,-1,553.4,304.7,49.6,99.7,0.992
396,-1,1052.1,316.7,27.3,59.6,0.961
396,-1,673.6,320.9,23.9,54.6,0.957
396,-1,1818.8,534.0,101.2,176.2,0.954
396,-1,899.2,333.1,25.0,69.5,0.929
396,-1,695.1,309.6,26.3,70.3,0.855
396,-1,731.0,318.0,27.5,63.3,0.854
396,-1,971.4,318.1,19.8,58.1,0.851
396,-1,913.0,318.4,25.9,83.9,0.829
396,-1,922.2,333.4,24.4,68.9,0.533
396,-1,727.2,296.3,42.2,85.8,0.423
396,-1,1363.2,349.2,39.5,90.5,0.408
396,-1,657.7,305.4,17.3,43.3,0.368
396,-1,642.8,309.7,18.3,40.9,0.330
396,-1,915.4,320.9,19.4,44.3,0.297
396,-1,699.4,299.2,22.1,25.8,0.273
396,-1,996.8,332.4,20.1,33.6,0.201
396,-1,699.2,301.4,23.6,44.4,0.183
396,-1,1066.6,323.7,21.1,50.9,0.170
396,-1,463.3,324.6,21.7,65.0,0.164
396,-1,724.1,318.5,21.8,48.4,0.150
396,-1,147.6,276.7,51.9,55.2,0.122
396,-1,663.8,304.9,19.4,42.3,0.115
396,-1,537.8,329.6,27.0,65.1,0.076
396,-1,991.3,332.0,17.7,34.1,0.074
396,-1,0.0,305.2,16.4,67.4,0.069
396,-1,703.8,319.1,20.4,57.5,0.066
396,-1,669.4,303.5,19.9,39.9,0.065
396,-1,722.0,304.1,20.7,33.1,0.064
396,-1,1181.4,340.2,23.2,72.5,0.060
396,-1,696.1,296.7,41.9,85.7,0.055
397,-1,194.1,203.8,162.3,560.3,0.999
397,-1,1135.1,295.4,63.7,176.3,0.998
397,-1,372.7,251.7,97.6,312.7,0.996
397,-1,857.3,296.5,56.2,165.6,0.995
397,-1,1196.2,316.8,51.0,144.3,0.995
397,-1,933.5,303.2,61.3,150.9,0.994
397,-1,553.2,308.5,54.4,96.2,0.988
397,-1,602.7,312.4,40.5,67.4,0.986
397,-1,1056.0,322.4,26.9,59.8,0.878
397,-1,1824.2,530.3,95.8,150.7,0.718
397,-1,901.1,324.9,31.0,80.1,0.659
397,-1,918.5,316.8,29.9,86.2,0.602
397,-1,527.3,315.6,40.0,80.1,0.558
397,-1,658.7,302.0,20.8,49.0,0.538
397,-1,674.7,317.8,40.5,62.8,0.445
397,-1,970.7,316.0,23.6,60.8,0.402
397,-1,1002.1,327.6,17.7,37.7,0.296
397,-1,0.1,303.8,18.8,72.1,0.278
397,-1,669.1,300.0,33.5,65.6,0.203
397,-1,27.7,340.5,39.6,36.2,0.184
397,-1,729.2,317.2,32.4,62.4,0.183
397,-1,1063.6,292.3,25.7,80.9,0.172
397,-1,1368.0,363.3,38.1,79.0,0.165
397,-1,692.3,324.7,30.4,57.3,0.104
397,-1,329.5,255.1,57.4,179.0,0.096
397,-1,884.8,297.5,74.9,160.8,0.095
397,-1,704.6,317.3,53.0,66.9,0.073
397,-1,705.2,304.3,26.7,45.0,0.062
397,-1,323.0,257.5,56.4,79.7,0.055
398,-1,182.9,204.2,157.0,563.5,0.999
398,-1,366.6,256.1,105.4,312.1,0.999
398,-1,1144.5,296.3,60.3,178.9,0.998
398,-1,1201.2,318.4,50.0,143.1,0.997
398,-1,606.5,311.8,39.7,73.1,0.997
398,-1,859.3,301.8,52.2,154.9,0.996
398,-1,564.0,304.6,49.2,102.1,0.996
398,-1,935.5,309.8,58.0,144.0,0.996
398,-1,681.9,321.4,21.9,60.2,0.994
398,-1,1058.3,321.3,26.5,56.5,0.987
398,-1,736.1,316.5,25.5,66.2,0.972
398,-1,700.0,316.1,21.5,65.9,0.927
398,-1,901.5,330.7,28.4,74.0,0.905
398,-1,1007.6,330.2,15.1,38.1,0.896
398,-1,976.4,320.1,21.7,62.4,0.889
398,-1,1828.5,536.7,91.5,118.9,0.681
398,-1,915.4,319.9,25.1,83.9,0.675
398,-1,667.1,319.0,11.6,30.5,0.611
398,-1,732.5,323.0,19.7,54.8,0.584
398,-1,715.8,323.4,14.4,47.7,0.581
398,-1,924.4,321.2,24.8,82.6,0.543
398,-1,984.6,322.5,15.1,51.4,0.516
398,-1,991.1,324.6,10.7,45.9,0.436
398,-1,507.9,291.7,25.5,108.3,0.294
398,-1,150.8,276.4,48.2,59.4,0.236
398,-1,545.1,307.8,47.7,94.2,0.229
398,-1,699.7,314.6,17.0,26.4,0.218
398,-1,1388.7,359.0,24.5,83.9,0.196
398,-1,730.4,298.3,47.9,84.6,0.182
398,-1,924.1,313.3,47.8,111.5,0.172
398,-1,534.1,324.8,30.3,71.8,0.125
398,-1,1074.5,326.3,21.6,51.8,0.092
398,-1,710.9,303.2,16.1,31.2,0.084
398,-1,0.2,314.7,20.7,59.8,0.084
398,-1,796.0,318.4,12.9,33.0,0.079
399,-1,175.4,200.8,152.5,568.4,0.999
399,-1,367.1,255.9,104.2,310.1,0.998
399,-1,1147.3,293.7,56.7,180.9,0.998
399,-1,939.8,307.9,59.5,145.8,0.997
399,-1,1201.9,317.0,51.9,144.0,0.994
399,-1,550.1,305.0,55.5,98.9,0.992
399,-1,860.8,297.3,55.7,163.7,0.992
399,-1,610.9,308.2,40.0,70.3,0.986
399,-1,682.3,322.1,26.2,55.4,0.806
399,-1,697.9,314.9,30.7,65.3,0.766
399,-1,1831.6,543.0,88.2,102.2,0.741
399,-1,911.8,311.2,33.7,90.7,0.596
399,-1,735.0,315.5,32.7,60.4,0.559
399,-1,671.2,300.5,20.0,46.8,0.441
399,-1,675.3,310.9,27.6,62.2,0.433
399,-1,932.3,323.3,26.5,75.3,0.319
399,-1,977.4,322.2,21.0,55.1,0.224
399,-1,713.4,307.8,21.0,43.3,0.221
399,-1,718.3,327.0,17.6,50.2,0.203
399,-1,904.3,327.7,29.8,74.0,0.167
399,-1,1067.6,294.9,29.4,78.8,0.156
399,-1,739.1,307.1,39.3,40.9,0.142
399,-1,754.1,305.0,23.3,20.5,0.125
399,-1,535.8,319.7,39.0,73.6,0.093
399,-1,1008.9,329.4,20.8,34.8,0.084
399,-1,703.7,304.8,33.4,29.6,0.083
399,-1,1830.5,344.4,89.5,296.9,0.074
399,-1,677.7,305.3,52.7,73.3,0.066
399,-1,919.5,311.4,46.7,100.3,0.065
399,-1,747.1,306.8,35.2,26.3,0.057
399,-1,951.5,311.5,43.9,79.9,0.051
400,-1,159.0,196.6,149.0,586.1,0.999
400,-1,365.8,249.5,106.1,324.1,0.999
400,-1,1147.9,293.8,60.9,183.5,0.997
400,-1,612.8,309.2,38.9,72.7,0.995
400,-1,859.9,297.6,54.5,162.5,0.994
400,-1,1205.1,314.6,50.1,144.4,0.994
400,-1,940.7,309.5,56.4,139.9,0.994
400,-1,1065.1,319.8,23.8,56.7,0.989
400,-1,557.4,303.4,58.0,100.7,0.988
400,-1,1834.4,545.7,85.1,93.0,0.971
400,-1,735.2,312.8,30.2,67.7,0.965
400,-1,685.6,315.3,23.1,61.9,0.965
400,-1,904.5,326.2,30.1,75.4,0.858
400,-1,700.4,313.4,26.4,64.7,0.791
400,-1,981.0,319.8,21.7,61.3,0.785
400,-1,924.5,317.0,24.3,82.3,0.738
400,-1,1011.6,331.7,15.5,34.0,0.545
400,-1,715.2,301.1,18.8,51.2,0.440
400,-1,989.6,322.2,15.8,48.6,0.413
400,-1,926.0,320.7,20.0,45.1,0.353
400,-1,929.8,313.7,29.7,90.1,0.347
400,-1,153.4,273.0,31.2,63.3,0.343
400,-1,669.3,306.2,17.2,39.9,0.271
400,-1,742.2,293.2,40.8,62.5,0.208
400,-1,9.6,273.2,63.7,103.7,0.193
400,-1,534.6,317.7,28.9,74.0,0.191
400,-1,733.0,319.3,18.6,55.9,0.183
400,-1,538.9,306.2,48.4,92.5,0.139
400,-1,752.2,296.5,31.7,36.7,0.135
400,-1,757.2,305.6,25.4,56.3,0.119
400,-1,1150.6,306.5,25.6,156.0,0.118
400,-1,717.5,313.2,17.7,58.7,0.083
400,-1,1079.8,326.3,20.6,49.8,0.081
400,-1,704.3,307.2,23.5,37.8,0.080
400,-1,348.9,303.3,34.6,118.7,0.073
400,-1,934.1,319.4,18.8,59.9,0.070
400,-1,1377.3,340.0,43.0,101.3,0.069
400,-1,1834.5,458.1,85.5,197.6,0.062
400,-1,0.1,297.5,22.7,74.9,0.054
401,-1,138.1,194.2,159.7,590.5,0.999
401,-1,1155.5,292.4,55.5,181.7,0.999
401,-1,364.2,249.6,107.8,317.5,0.998
401,-1,1208.1,314.0,50.2,140.6,0.994
401,-1,616.1,306.6,39.6,71.3,0.992
401,-1,860.4,297.7,56.1,162.6,0.992
401,-1,549.7,302.3,60.9,98.8,0.991
401,-1,942.0,310.0,57.0,141.0,0.990
401,-1,701.4,314.6,36.1,63.7,0.870
401,-1,904.9,324.6,31.9,75.6,0.818
401,-1,688.1,314.2,22.2,57.7,0.718
401,-1,981.9,320.1,21.2,56.2,0.652
401,-1,920.0,318.4,28.8,82.3,0.639
401,-1,673.1,295.4,21.8,47.4,0.546
401,-1,719.5,298.1,23.5,46.1,0.357
401,-1,931.1,321.6,24.8,78.8,0.270
401,-1,1071.7,320.6,21.4,50.7,0.181
401,-1,728.7,297.8,25.0,46.2,0.174
401,-1,681.1,310.0,44.2,63.8,0.165
401,-1,716.0,321.5,26.8,55.0,0.123
401,-1,1840.3,554.1,79.7,82.3,0.114
401,-1,714.9,296.6,18.2,36.7,0.102
401,-1,736.2,298.6,30.0,48.4,0.092
401,-1,739.3,291.4,45.5,56.5,0.092
401,-1,1175.1,305.9,51.5,160.5,0.078
401,-1,887.0,313.4,49.9,130.3,0.076
401,-1,0.1,292.8,26.6,75.8,0.073
401,-1,736.5,319.3,33.1,43.4,0.063
401,-1,679.6,298.9,24.9,56.0,0.053
402,-1,54.8,193.9,233.4,599.3,0.999
402,-1,355.4,240.0,117.7,336.0,0.999
402,-1,1158.1,286.6,60.5,184.2,0.998
402,-1,621.3,301.1,37.6,73.7,0.995
402,-1,946.1,299.1,53.1,145.9,0.995
402,-1,1214.0,307.6,48.2,142.8,0.995
402,-1,862.9,288.8,54.1,158.3,0.994
402,-1,555.7,295.5,64.3,103.5,0.988
402,-1,1073.4,314.8,22.0,54.8,0.978
402,-1,692.8,309.5,18.9,58.7,0.977
402,-1,744.8,313.1,22.6,60.3,0.976
402,-1,910.1,319.8,31.9,75.3,0.898
402,-1,985.1,307.1,24.3,69.3,0.895
402,-1,720.3,317.8,18.6,54.1,0.836
402,-1,922.4,315.1,26.2,81.7,0.786
402,-1,705.2,304.7,20.1,66.9,0.785
402,-1,677.8,307.9,12.3,30.4,0.633
402,-1,1019.5,318.8,14.9,38.1,0.598
402,-1,932.2,310.3,25.6,84.8,0.578
402,-1,1086.0,317.8,19.7,51.1,0.403
402,-1,1002.8,313.4,12.5,46.2,0.386
402,-1,934.1,310.5,18.4,46.1,0.352
402,-1,1849.8,566.0,69.9,75.9,0.322
402,-1,739.7,301.0,39.1,74.0,0.212
402,-1,722.2,287.6,16.6,44.4,0.208
402,-1,541.8,298.2,53.4,94.2,0.164
402,-1,26.5,266.6,51.2,102.7,0.155
402,-1,941.9,308.7,26.2,84.1,0.135
402,-1,644.9,303.8,16.5,57.5,0.128
402,-1,681.3,296.4,15.0,38.9,0.127
402,-1,756.9,286.0,30.1,39.7,0.096
402,-1,1184.7,307.3,37.1,155.0,0.082
402,-1,852.4,296.0,19.6,38.2,0.071
402,-1,906.6,320.9,21.9,66.1,0.064
402,-1,750.9,285.2,40.3,68.9,0.062
402,-1,922.2,311.6,21.2,32.8,0.057
402,-1,913.3,311.0,21.3,25.8,0.055
402,-1,37.0,218.7,1170.0,601.8,0.051
402,-1,741.5,291.3,17.1,24.1,0.051
403,-1,8.0,193.1,281.1,598.8,0.999
403,-1,347.4,237.5,124.6,338.1,0.999
403,-1,1160.1,284.2,57.7,183.8,0.996
403,-1,946.5,295.6,56.7,147.1,0.996
403,-1,862.1,286.6,54.7,156.1,0.995
403,-1,621.7,298.2,38.8,73.3,0.994
403,-1,1214.1,305.4,49.0,143.0,0.994
403,-1,546.1,292.0,67.4,102.9,0.986
403,-1,913.7,319.7,27.7,72.6,0.936
403,-1,1074.4,309.5,25.3,57.8,0.919
403,-1,741.2,304.5,25.4,62.5,0.881
403,-1,985.5,303.2,24.3,70.4,0.856
403,-1,693.0,307.1,18.9,59.1,0.839
403,-1,720.5,316.1,18.3,53.6,0.743
403,-1,931.1,305.1,23.1,84.6,0.695
403,-1,703.4,302.5,21.2,65.8,0.631
403,-1,677.7,304.6,12.8,32.3,0.491
403,-1,721.7,286.7,18.4,58.3,0.369
403,-1,1018.7,317.0,16.4,37.5,0.354
403,-1,937.1,328.2,21.2,65.9,0.351
403,-1,999.3,309.5,14.0,53.7,0.349
403,-1,932.3,304.8,26.3,41.7,0.246
403,-1,18.1,261.6,56.2,106.4,0.217
403,-1,680.5,299.9,15.4,36.6,0.198
403,-1,539.5,300.0,32.3,78.7,0.184
403,-1,722.6,288.2,14.0,30.3,0.174
403,-1,907.0,320.1,23.2,68.0,0.161
403,-1,1196.8,314.0,24.3,100.4,0.125
403,-1,758.3,287.5,25.0,35.5,0.113
403,-1,982.0,299.4,30.0,117.8,0.085
403,-1,940.8,305.4,30.1,99.3,0.076
403,-1,705.8,298.3,16.1,25.1,0.071
403,-1,686.7,293.9,35.3,74.8,0.068
403,-1,745.2,297.8,36.7,65.0,0.054
403,-1,763.9,298.9,25.8,38.2,0.052
404,-1,13.4,189.9,261.9,605.6,0.999
404,-1,347.6,232.3,121.8,339.2,0.999
404,-1,1162.4,280.0,55.8,185.4,0.997
404,-1,947.5,293.6,53.2,144.1,0.996
404,-1,1215.0,301.4,48.5,144.1,0.996
404,-1,861.6,282.5,57.1,157.0,0.995
404,-1,622.3,294.1,40.1,74.9,0.992
404,-1,547.0,290.1,63.3,102.5,0.983
404,-1,742.0,300.9,24.7,66.7,0.982
404,-1,700.1,298.7,26.9,68.8,0.916
404,-1,985.5,300.4,24.5,67.2,0.907
404,-1,1076.6,308.0,24.0,53.8,0.894
404,-1,911.8,317.0,31.3,72.3,0.860
404,-1,694.7,304.4,17.0,57.8,0.696
404,-1,720.7,308.5,20.9,57.7,0.678
404,-1,931.9,304.4,26.2,86.0,0.648
404,-1,455.8,287.6,16.6,59.8,0.559
404,-1,678.5,286.2,14.1,46.2,0.362
404,-1,722.6,304.9,19.7,35.0,0.176
404,-1,324.5,357.1,32.8,78.9,0.173
404,-1,1021.8,313.6,14.0,35.5,0.147
404,-1,18.8,260.4,53.6,103.9,0.141
404,-1,933.4,306.2,18.4,48.5,0.135
404,-1,450.2,281.5,21.2,96.7,0.127
404,-1,540.8,299.8,33.6,73.7,0.126
404,-1,687.2,285.4,16.3,46.3,0.122
404,-1,1091.0,313.8,17.8,47.6,0.096
404,-1,1192.1,302.0,29.7,142.8,0.088
404,-1,1001.4,307.0,13.0,52.4,0.085
404,-1,1866.7,583.3,53.1,90.8,0.084
404,-1,742.4,299.9,22.5,33.0,0.077
404,-1,723.9,286.3,17.8,43.1,0.062
404,-1,705.1,296.9,18.0,29.0,0.061
405,-1,3.1,189.6,266.0,618.1,0.999
405,-1,338.7,231.6,127.9,336.8,0.999
405,-1,946.5,294.1,50.2,144.0,0.998
405,-1,1164.0,278.2,53.6,189.4,0.997
405,-1,621.4,291.1,41.1,76.8,0.996
405,-1,1214.0,299.8,49.3,145.2,0.996
405,-1,861.4,282.4,57.4,155.3,0.994
405,-1,547.6,289.4,63.7,102.5,0.981
405,-1,742.2,299.4,22.5,61.4,0.956
405,-1,986.4,296.7,24.5,67.7,0.942
405,-1,698.9,297.5,27.1,67.7,0.901
405,-1,911.9,314.2,30.2,72.9,0.898
405,-1,721.4,308.8,20.0,56.1,0.775
405,-1,1078.1,306.4,21.0,56.6,0.761
405,-1,932.0,302.8,24.2,84.4,0.738
405,-1,695.6,302.1,15.4,57.4,0.644
405,-1,925.4,314.2,21.3,74.0,0.636
405,-1,455.7,287.3,16.3,55.5,0.601
405,-1,939.5,302.2,16.3,36.8,0.577
405,-1,1020.4,311.1,14.4,37.9,0.432
405,-1,679.4,299.3,12.6,32.5,0.396
405,-1,1186.4,297.0,36.4,150.5,0.313
405,-1,1005.0,305.0,14.5,47.7,0.306
405,-1,451.4,282.3,20.2,90.2,0.221
405,-1,18.8,255.8,54.4,105.0,0.221
405,-1,723.4,283.1,18.9,53.8,0.197
405,-1,708.4,301.7,26.9,63.3,0.155
405,-1,930.8,303.2,18.4,44.7,0.139
405,-1,704.2,294.9,18.4,29.3,0.132
405,-1,936.9,300.1,24.9,53.7,0.130
405,-1,314.8,359.0,40.8,76.6,0.127
405,-1,1202.6,305.2,22.7,93.8,0.100
405,-1,541.1,300.8,34.8,77.0,0.094
405,-1,738.3,290.4,43.5,75.0,0.090
405,-1,1199.2,292.7,46.0,156.5,0.086
405,-1,724.3,280.8,13.8,33.2,0.083
405,-1,753.6,277.6,35.0,70.0,0.081
405,-1,910.9,287.2,23.2,37.6,0.074
405,-1,933.6,300.9,18.4,32.5,0.059
405,-1,687.3,292.2,16.7,38.7,0.058
405,-1,758.2,278.6,23.5,37.0,0.054
405,-1,693.0,298.2,16.7,37.9,0.053
405,-1,940.7,299.7,25.0,90.0,0.051
406,-1,0.4,183.2,267.5,631.1,0.999
406,-1,333.6,228.1,129.0,340.1,0.999
406,-1,947.5,294.2,48.6,142.9,0.998
406,-1,1164.1,276.5,54.3,189.3,0.998
406,-1,620.2,289.9,41.6,77.4,0.996
406,-1,1212.2,299.5,50.0,143.9,0.995
406,-1,859.9,279.8,57.5,153.7,0.994
406,-1,554.1,289.5,52.6,101.4,0.988
406,-1,986.2,295.6,24.3,69.1,0.952
406,-1,695.9,295.6,27.2,68.9,0.945
406,-1,739.6,299.4,22.1,60.0,0.913
406,-1,910.0,313.8,31.6,72.0,0.886
406,-1,720.5,304.5,21.6,60.5,0.841
406,-1,453.3,287.2,17.4,57.3,0.832
406,-1,924.7,304.9,26.1,82.3,0.822
406,-1,1078.6,305.8,20.3,53.9,0.659
406,-1,1019.4,311.2,16.0,37.7,0.641
406,-1,933.2,300.2,25.3,85.4,0.569
406,-1,679.6,298.6,11.6,32.4,0.534
406,-1,722.9,273.6,18.2,48.7,0.501
406,-1,929.3,300.7,19.5,51.9,0.375
406,-1,933.6,298.3,26.4,40.2,0.347
406,-1,1193.1,302.9,31.3,117.7,0.298
406,-1,1002.6,303.2,14.8,50.0,0.289
406,-1,692.5,296.0,18.2,60.7,0.215
406,-1,583.3,299.3,23.1,87.8,0.184
406,-1,687.4,283.5,18.5,46.6,0.171
406,-1,542.8,295.8,45.7,87.2,0.144
406,-1,598.7,316.9,29.5,50.3,0.115
406,-1,539.9,301.2,27.4,67.0,0.102
406,-1,806.7,298.7,12.2,29.9,0.078
406,-1,911.1,290.0,22.3,33.0,0.077
406,-1,942.7,297.9,26.3,89.4,0.074
406,-1,683.9,291.9,16.1,38.6,0.070
406,-1,753.5,277.0,25.8,28.7,0.068
406,-1,925.0,303.4,19.9,30.0,0.060
406,-1,759.6,279.6,22.8,36.1,0.058
406,-1,709.2,281.3,30.8,85.8,0.055
406,-1,742.9,291.7,19.5,38.6,0.054
406,-1,853.8,290.6,17.4,39.4,0.051
407,-1,327.6,230.1,136.2,337.8,0.999
407,-1,0.9,185.1,241.2,636.9,0.999
407,-1,1168.5,273.9,55.2,189.5,0.998
407,-1,949.2,290.2,47.3,145.5,0.996
407,-1,862.5,278.9,57.3,154.8,0.995
407,-1,623.9,288.1,41.1,77.1,0.995
407,-1,1211.5,299.8,53.5,142.0,0.993
407,-1,554.2,287.1,54.2,102.8,0.987
407,-1,1080.4,301.7,26.0,61.3,0.981
407,-1,989.5,296.2,23.4,65.5,0.952
407,-1,699.3,292.6,26.8,70.5,0.916
407,-1,912.0,314.8,33.4,70.8,0.877
407,-1,721.6,307.8,20.4,54.5,0.825
407,-1,742.6,298.2,21.3,59.8,0.759
407,-1,1023.3,309.0,16.1,39.3,0.720
407,-1,453.2,286.2,18.4,58.5,0.655
407,-1,937.1,301.5,22.6,84.8,0.437
407,-1,681.7,290.4,12.1,38.3,0.423
407,-1,683.8,279.9,14.3,48.8,0.364
407,-1,1090.0,303.0,23.5,57.8,0.333
407,-1,930.3,304.3,21.8,80.3,0.332
407,-1,689.1,278.1,15.4,50.8,0.312
407,-1,1008.8,303.2,13.8,45.0,0.311
407,-1,941.3,300.0,16.4,44.7,0.180
407,-1,756.8,276.6,29.8,30.8,0.158
407,-1,542.1,292.3,46.5,87.5,0.153
407,-1,1211.2,310.6,25.3,123.9,0.153
407,-1,859.0,291.7,19.8,63.2,0.151
407,-1,999.5,298.5,15.6,56.6,0.150
407,-1,1004.6,301.9,13.4,46.9,0.143
407,-1,540.8,300.9,26.0,63.8,0.126
407,-1,759.7,273.1,33.0,65.9,0.115
407,-1,152.8,254.1,55.1,56.7,0.113
407,-1,724.7,274.5,18.1,43.7,0.113
407,-1,602.1,314.1,27.5,50.0,0.099
407,-1,857.9,287.3,17.8,43.8,0.095
407,-1,743.4,287.7,20.5,34.5,0.092
407,-1,765.4,293.6,24.0,47.6,0.074
407,-1,1199.5,298.3,29.3,110.2,0.072
407,-1,691.6,285.7,18.6,54.9,0.065
407,-1,908.9,299.2,28.8,69.0,0.060
407,-1,855.0,294.0,14.0,38.9,0.059
407,-1,914.4,301.2,27.8,42.9,0.057
407,-1,704.2,286.0,19.9,33.7,0.056
407,-1,914.7,289.0,25.9,35.7,0.054
407,-1,769.6,287.2,23.1,32.8,0.053
408,-1,323.2,231.4,140.8,337.8,0.999
408,-1,1169.2,275.8,54.2,188.2,0.999
408,-1,0.4,181.9,222.1,636.5,0.998
408,-1,947.4,292.2,48.8,145.9,0.998
408,-1,862.2,279.1,56.9,157.8,0.996
408,-1,623.8,290.4,41.7,77.3,0.996
408,-1,1082.2,300.2,24.8,69.5,0.992
408,-1,1212.4,302.0,53.6,141.2,0.992
408,-1,555.3,288.3,52.0,104.8,0.989
408,-1,989.8,297.8,23.6,65.0,0.982
408,-1,700.2,297.5,25.1,66.5,0.944
408,-1,451.6,290.2,17.4,58.1,0.936
408,-1,914.3,314.2,31.8,73.7,0.935
408,-1,722.6,308.0,19.6,54.9,0.929
408,-1,743.0,298.2,20.6,62.6,0.921
408,-1,1022.9,311.3,16.9,37.8,0.881
408,-1,931.9,300.9,28.8,86.3,0.662
408,-1,1007.8,304.6,14.3,45.3,0.618
408,-1,682.1,280.7,13.9,49.3,0.609
408,-1,940.6,300.4,18.2,40.5,0.437
408,-1,687.6,279.8,14.4,50.4,0.279
408,-1,0.9,174.2,105.6,481.5,0.174
408,-1,595.5,308.3,34.5,58.2,0.154
408,-1,453.3,290.8,13.4,31.9,0.142
408,-1,913.6,288.2,25.9,36.6,0.141
408,-1,928.7,302.9,18.2,34.6,0.132
408,-1,925.2,307.5,20.8,55.7,0.124
408,-1,705.8,295.3,16.8,27.1,0.113
408,-1,692.5,282.9,15.1,47.6,0.096
408,-1,1095.1,304.8,16.1,54.5,0.079
408,-1,909.5,298.3,23.8,62.1,0.077
408,-1,914.5,304.1,27.2,42.5,0.074
408,-1,727.7,282.6,13.6,31.8,0.071
408,-1,540.9,301.7,26.5,68.8,0.063
408,-1,733.3,302.6,21.0,59.7,0.060
408,-1,677.2,294.7,11.0,35.4,0.051
409,-1,318.4,229.4,146.4,343.8,0.999
409,-1,1170.6,278.2,52.1,189.3,0.999
409,-1,863.4,280.1,55.8,157.7,0.997
409,-1,946.9,294.7,49.1,144.4,0.997
409,-1,624.2,292.4,42.0,76.2,0.997
409,-1,1211.8,304.1,51.7,140.4,0.994
409,-1,0.0,217.7,190.8,594.7,0.992
409,-1,552.8,288.4,51.0,105.7,0.991
409,-1,696.4,295.5,27.6,70.2,0.990
409,-1,989.0,299.2,24.9,66.5,0.982
409,-1,1081.1,303.4,22.3,61.5,0.976
409,-1,451.4,291.0,15.5,58.5,0.964
409,-1,722.3,309.8,20.3,54.6,0.952
409,-1,925.7,322.6,20.5,67.7,0.950
409,-1,743.5,299.5,19.4,61.9,0.934
409,-1,912.7,314.1,31.0,74.1,0.896
409,-1,1023.9,313.3,16.5,37.8,0.765
409,-1,682.1,285.1,13.0,45.9,0.597
409,-1,937.9,300.1,21.2,88.7,0.463
409,-1,1.2,187.8,58.9,536.1,0.387
409,-1,1008.2,306.1,14.6,44.6,0.340
409,-1,452.9,291.0,12.8,32.3,0.334
409,-1,690.4,290.5,13.8,40.8,0.263
409,-1,1206.6,305.9,28.2,128.5,0.229
409,-1,601.8,319.7,26.5,48.9,0.140
409,-1,578.5,293.9,29.5,95.8,0.137
409,-1,704.8,296.8,17.3,28.9,0.134
409,-1,915.9,295.6,24.3,31.4,0.110
409,-1,927.1,303.2,19.5,31.5,0.108
409,-1,694.8,287.7,14.6,42.1,0.092
409,-1,673.3,292.1,12.2,39.3,0.081
409,-1,924.3,308.6,21.5,43.1,0.073
409,-1,931.4,301.8,21.7,44.3,0.063
409,-1,922.1,300.2,33.9,90.3,0.060
410,-1,307.9,228.6,159.8,341.8,0.999
410,-1,1174.4,276.7,49.7,189.7,0.998
410,-1,864.6,282.4,55.4,154.0,0.998
410,-1,947.2,292.2,49.6,146.1,0.997
410,-1,626.1,293.0,39.1,75.7,0.997
410,-1,1217.3,303.4,45.0,143.0,0.996
410,-1,1081.5,304.6,24.4,65.3,0.993
410,-1,558.8,289.7,45.2,106.6,0.991
410,-1,990.0,299.4,25.2,68.2,0.985
410,-1,699.2,297.9,27.0,68.7,0.984
410,-1,0.1,228.8,157.2,601.0,0.947
410,-1,913.6,315.3,32.9,73.3,0.920
410,-1,449.2,289.4,21.1,60.6,0.919
410,-1,0.4,241.5,32.5,384.5,0.902
410,-1,741.2,302.3,22.3,62.8,0.878
410,-1,723.2,309.3,19.3,54.5,0.834
410,-1,1024.5,313.0,15.8,38.3,0.820
410,-1,683.2,300.4,12.2,32.9,0.730
410,-1,1211.9,303.4,27.4,139.2,0.709
410,-1,1010.5,306.5,13.1,45.4,0.263
410,-1,686.2,293.9,13.9,38.9,0.258
410,-1,938.3,304.5,22.2,83.8,0.249
410,-1,674.8,297.7,10.8,35.5,0.195
410,-1,712.6,301.3,23.4,64.3,0.170
410,-1,1186.4,286.8,59.6,172.1,0.138
410,-1,541.1,296.1,52.1,85.7,0.129
410,-1,452.2,292.0,14.2,31.5,0.125
410,-1,706.0,296.0,18.1,28.5,0.122
410,-1,15.9,269.9,48.2,91.2,0.118
410,-1,931.3,311.5,18.6,72.7,0.111
410,-1,725.0,305.7,17.7,35.0,0.103
410,-1,1204.3,303.6,28.1,105.5,0.092
410,-1,577.7,294.2,32.9,92.0,0.075
410,-1,731.8,307.7,15.9,54.2,0.069
410,-1,598.4,315.1,30.9,53.2,0.069
410,-1,1004.8,305.3,14.2,52.6,0.062
410,-1,539.2,302.7,28.3,77.6,0.055
410,-1,917.9,302.4,26.1,33.9,0.054
410,-1,1095.2,307.9,17.6,54.5,0.052
410,-1,0.1,269.9,20.9,301.1,0.050
411,-1,314.9,230.5,154.0,347.4,0.999
411,-1,947.0,295.7,48.7,145.2,0.997
411,-1,1175.9,279.3,48.7,187.5,0.997
411,-1,870.6,287.8,51.0,151.8,0.996
411,-1,627.5,296.1,39.9,75.7,0.993
411,-1,1216.9,303.5,45.6,143.9,0.992
411,-1,553.3,291.7,49.8,104.9,0.989
411,-1,988.4,303.2,26.5,65.4,0.986
411,-1,698.3,293.0,30.7,75.6,0.962
411,-1,0.0,240.5,125.0,610.4,0.942
411,-1,1026.3,316.5,18.2,37.0,0.856
411,-1,1082.7,304.4,27.3,62.9,0.844
411,-1,916.8,317.6,34.5,74.3,0.835
411,-1,564.9,293.0,62.2,86.5,0.820
411,-1,717.0,276.5,43.7,91.4,0.478
411,-1,729.7,284.4,22.5,39.4,0.463
411,-1,720.5,306.6,30.5,59.1,0.446
411,-1,933.9,309.9,26.2,81.6,0.427
411,-1,0.1,305.0,13.8,264.4,0.365
411,-1,153.3,258.3,55.2,59.1,0.312
411,-1,538.3,297.9,33.9,87.3,0.256
411,-1,445.9,289.2,24.8,44.3,0.228
411,-1,1.1,616.7,123.5,201.8,0.225
411,-1,1008.3,309.6,20.6,42.9,0.223
411,-1,1079.4,253.6,39.1,116.4,0.208
411,-1,589.0,307.1,40.9,64.4,0.190
411,-1,0.2,275.0,25.6,294.3,0.174
411,-1,708.9,307.2,32.4,59.4,0.173
411,-1,731.2,304.6,32.8,62.0,0.169
411,-1,726.3,286.4,30.1,65.9,0.125
411,-1,929.9,313.6,22.8,61.5,0.117
411,-1,683.8,292.5,16.3,43.2,0.115
411,-1,724.3,331.9,25.5,34.8,0.096
411,-1,743.5,300.1,27.2,54.2,0.090
411,-1,0.2,270.3,16.4,528.9,0.069
411,-1,1234.6,309.6,29.6,83.4,0.067
411,-1,463.3,296.8,45.6,80.7,0.061
411,-1,284.3,282.8,42.9,135.6,0.058
412,-1,304.9,238.4,164.9,348.6,0.999
412,-1,867.6,292.0,55.7,152.8,0.998
412,-1,947.8,294.4,47.8,151.4,0.996
412,-1,1181.2,287.9,45.2,185.4,0.996
412,-1,629.5,301.4,39.3,73.8,0.994
412,-1,991.2,310.3,25.2,64.6,0.989
412,-1,1216.4,308.4,44.4,145.8,0.985
412,-1,539.3,297.2,60.2,107.1,0.985
412,-1,702.5,308.2,23.9,66.6,0.984
412,-1,1085.3,313.7,23.8,66.2,0.950
412,-1,919.7,318.6,29.3,77.9,0.941
412,-1,723.4,314.3,20.2,56.4,0.864
412,-1,1027.8,321.5,15.6,38.1,0.825
412,-1,445.9,297.1,22.2,57.9,0.821
412,-1,738.4,308.1,24.7,61.6,0.786
412,-1,936.1,312.3,21.2,83.3,0.632
412,-1,687.1,309.6,9.8,30.9,0.616
412,-1,1012.8,317.2,13.1,41.9,0.350
412,-1,1853.3,963.8,66.7,111.8,0.349
412,-1,579.9,306.1,32.8,88.5,0.211
412,-1,861.0,293.3,16.5,37.7,0.176
412,-1,753.4,316.8,15.5,46.3,0.151
412,-1,933.6,312.8,19.0,40.2,0.128
412,-1,745.1,306.6,26.6,57.4,0.119
412,-1,713.9,309.2,13.9,53.2,0.119
412,-1,814.7,307.8,11.4,32.6,0.113
412,-1,6.6,283.1,51.8,84.1,0.107
412,-1,21.6,232.1,59.5,144.3,0.098
412,-1,292.8,282.6,23.9,99.0,0.092
412,-1,713.7,309.3,12.7,29.7,0.091
412,-1,731.1,316.9,17.4,54.8,0.081
412,-1,755.9,307.1,24.6,47.5,0.079
412,-1,593.6,317.6,33.3,60.1,0.066
412,-1,0.1,280.1,16.7,88.1,0.061
412,-1,1241.2,319.0,22.4,103.9,0.061
412,-1,800.6,312.1,11.1,26.5,0.059
412,-1,864.9,305.0,18.6,65.4,0.055
412,-1,912.1,321.8,20.3,67.0,0.051
413,-1,303.2,235.5,168.9,354.6,0.999
413,-1,869.0,293.6,56.0,153.2,0.998
413,-1,1182.6,287.8,45.6,195.6,0.998
413,-1,631.5,302.5,38.3,76.7,0.998
413,-1,950.3,296.3,48.5,151.9,0.997
413,-1,548.4,294.7,49.6,112.6,0.992
413,-1,991.6,308.2,25.7,67.8,0.991
413,-1,1220.9,309.0,44.1,144.7,0.982
413,-1,701.0,303.7,27.3,72.8,0.979
413,-1,449.5,295.9,20.6,64.2,0.934
413,-1,1086.9,314.1,22.2,62.0,0.915
413,-1,916.1,325.2,34.2,71.6,0.903
413,-1,1028.4,322.4,17.1,39.4,0.897
413,-1,1012.8,316.5,14.9,45.9,0.807
413,-1,1854.8,959.9,65.2,111.2,0.758
413,-1,723.7,319.6,20.5,54.1,0.620
413,-1,687.1,292.6,13.1,49.3,0.546
413,-1,1215.0,312.4,33.3,129.2,0.260
413,-1,1.0,285.3,55.4,84.4,0.250
413,-1,739.9,310.1,22.4,63.0,0.231
413,-1,1148.0,313.4,10.9,37.9,0.207
413,-1,932.8,321.6,23.3,78.0,0.190
413,-1,605.9,334.1,24.6,44.1,0.178
413,-1,0.0,286.0,17.0,76.8,0.172
413,-1,561.2,296.7,63.9,85.4,0.144
413,-1,917.5,295.7,29.5,42.6,0.144
413,-1,577.2,303.7,33.0,87.2,0.136
413,-1,1238.2,315.1,27.0,110.5,0.133
413,-1,594.4,317.8,33.7,62.5,0.125
413,-1,588.3,318.2,25.6,62.8,0.086
413,-1,914.9,313.4,32.4,50.2,0.076
413,-1,152.7,262.9,55.4,57.2,0.063
413,-1,27.5,239.8,45.9,129.2,0.052
414,-1,299.7,240.2,172.1,353.6,0.999
414,-1,869.7,295.4,54.8,158.6,0.997
414,-1,951.0,303.0,49.5,147.9,0.997
414,-1,631.6,306.2,38.2,77.8,0.997
414,-1,1183.7,291.2,47.0,194.6,0.995
414,-1,554.9,300.5,47.0,110.9,0.992
414,-1,994.7,315.7,24.5,65.0,0.989
414,-1,1221.7,313.1,42.4,143.3,0.978
414,-1,700.6,309.7,26.0,69.3,0.960
414,-1,1086.7,317.3,26.4,65.0,0.952
414,-1,447.8,300.6,21.6,57.1,0.908
414,-1,914.8,322.3,33.9,79.5,0.869
414,-1,1029.1,327.4,17.7,38.0,0.859
414,-1,1013.2,320.4,13.9,45.6,0.689
414,-1,688.0,295.2,13.4,50.4,0.591
414,-1,724.3,325.9,21.1,50.9,0.503
414,-1,736.5,307.8,26.8,70.3,0.493
414,-1,936.8,315.0,22.8,88.8,0.485
414,-1,715.5,328.3,18.2,48.4,0.472
414,-1,579.5,319.9,27.9,81.8,0.344
414,-1,603.0,333.4,29.4,50.2,0.246
414,-1,2.0,237.8,68.5,135.5,0.239
414,-1,1148.1,318.0,12.5,35.9,0.224
414,-1,273.0,291.5,38.2,135.9,0.201
414,-1,928.9,324.5,21.4,68.5,0.153
414,-1,285.7,290.1,26.1,97.1,0.135
414,-1,283.9,298.0,45.7,152.9,0.122
414,-1,937.2,316.9,19.1,38.3,0.092
414,-1,1233.0,317.5,32.3,95.8,0.082
414,-1,730.3,295.6,15.4,36.8,0.080
414,-1,569.5,301.5,45.6,88.9,0.071
414,-1,30.0,240.2,50.7,85.1,0.069
414,-1,1863.7,980.3,56.3,99.0,0.066
414,-1,724.9,299.0,30.8,80.7,0.063
415,-1,299.3,243.1,173.2,356.1,0.999
415,-1,871.5,296.2,52.9,159.5,0.998
415,-1,633.1,308.2,37.3,77.6,0.997
415,-1,951.6,304.2,48.2,147.4,0.996
415,-1,1185.6,294.2,44.8,192.3,0.995
415,-1,549.6,300.8,47.2,113.4,0.993
415,-1,994.6,315.5,26.1,67.0,0.984
415,-1,1223.0,312.1,43.0,146.6,0.982
415,-1,701.9,308.0,24.1,72.8,0.968
415,-1,1087.2,316.1,25.0,67.0,0.964
415,-1,917.7,330.8,33.9,73.2,0.939
415,-1,449.0,301.6,19.6,58.7,0.924
415,-1,278.2,295.5,37.2,156.6,0.917
415,-1,1030.3,326.7,18.2,40.4,0.863
415,-1,282.6,294.8,29.8,92.2,0.831
415,-1,737.0,313.8,25.8,66.1,0.821
415,-1,1014.2,321.8,13.8,46.3,0.727
415,-1,688.6,298.2,13.2,48.6,0.684
415,-1,715.3,314.3,20.0,64.4,0.405
415,-1,721.9,318.2,21.8,60.2,0.335
415,-1,578.9,319.2,28.2,84.3,0.263
415,-1,1149.8,315.3,10.4,37.4,0.256
415,-1,936.6,319.2,22.6,84.0,0.236
415,-1,752.6,316.9,15.3,54.7,0.230
415,-1,677.9,304.3,12.4,42.3,0.162
415,-1,0.0,288.7,16.7,76.1,0.091
415,-1,921.2,316.5,25.6,32.0,0.078
415,-1,1237.5,317.7,28.9,78.9,0.074
415,-1,565.5,302.8,51.7,92.5,0.067
415,-1,596.6,327.7,33.5,56.7,0.058
416,-1,301.1,243.8,169.5,359.2,0.999
416,-1,871.5,296.8,52.9,161.2,0.998
416,-1,633.9,309.0,36.8,78.7,0.998
416,-1,952.0,306.2,46.1,148.1,0.996
416,-1,1186.1,296.6,49.1,190.1,0.995
416,-1,995.6,317.7,25.4,65.6,0.992
416,-1,556.9,302.6,45.2,111.7,0.991
416,-1,1087.1,317.4,24.4,71.5,0.979
416,-1,1225.4,315.1,41.2,142.0,0.977
416,-1,264.8,297.2,47.0,154.5,0.970
416,-1,1030.1,329.0,19.5,40.1,0.956
416,-1,448.3,302.6,19.9,58.0,0.943
416,-1,698.4,307.9,26.3,73.1,0.940
416,-1,734.7,315.0,28.5,65.4,0.897
416,-1,919.4,333.3,31.9,71.8,0.889
416,-1,271.7,295.7,36.8,96.8,0.835
416,-1,1014.4,322.4,12.5,45.2,0.696
416,-1,689.9,302.2,11.1,44.5,0.640
416,-1,934.7,321.9,22.4,85.1,0.387
416,-1,752.0,319.3,16.0,56.8,0.327
416,-1,578.3,322.4,28.5,68.1,0.298
416,-1,727.7,329.1,17.1,48.4,0.260
416,-1,535.6,305.1,54.5,103.5,0.240
416,-1,1150.1,319.8,12.1,37.9,0.216
416,-1,915.2,321.8,26.3,65.3,0.191
416,-1,1459.2,299.0,19.6,57.4,0.190
416,-1,2.4,289.3,62.5,89.6,0.135
416,-1,940.7,318.2,18.0,46.3,0.128
416,-1,0.0,288.3,16.0,88.3,0.114
416,-1,603.4,335.0,29.5,49.8,0.104
416,-1,716.2,317.3,22.6,61.5,0.099
416,-1,566.5,306.5,58.6,84.8,0.092
416,-1,1184.7,322.8,11.9,43.4,0.092
416,-1,932.0,321.6,20.7,41.0,0.090
416,-1,707.5,313.5,24.3,63.9,0.081
416,-1,921.7,321.5,24.4,32.8,0.064
416,-1,942.0,337.1,18.5,66.7,0.062
416,-1,1102.4,321.4,16.7,55.1,0.059
416,-1,1235.2,318.1,31.5,71.5,0.052
417,-1,299.0,249.4,176.0,358.5,0.999
417,-1,874.7,300.8,53.6,156.0,0.999
417,-1,633.8,309.8,37.9,79.2,0.997
417,-1,951.2,315.2,45.3,141.0,0.997
417,-1,1188.6,297.2,48.6,189.2,0.996
417,-1,994.4,318.4,27.1,66.2,0.993
417,-1,248.2,300.2,63.8,160.2,0.991
417,-1,1226.7,318.3,39.5,140.4,0.985
417,-1,544.0,305.4,52.6,112.0,0.979
417,-1,697.0,312.3,25.0,69.8,0.965
417,-1,1031.3,327.6,18.1,40.5,0.957
417,-1,446.4,305.1,20.3,55.9,0.956
417,-1,1088.9,323.0,23.6,54.1,0.945
417,-1,918.2,335.4,33.6,71.3,0.910
417,-1,731.6,317.2,31.0,65.3,0.910
417,-1,751.7,319.3,17.1,46.4,0.677
417,-1,1014.5,323.1,12.5,44.8,0.650
417,-1,689.7,317.2,10.8,30.6,0.519
417,-1,603.5,337.5,34.3,49.5,0.455
417,-1,573.1,316.4,34.0,92.2,0.373
417,-1,725.7,322.3,18.6,55.5,0.370
417,-1,935.4,335.8,18.8,71.3,0.303
417,-1,1.1,249.9,66.4,126.1,0.223
417,-1,941.3,318.0,25.2,88.5,0.176
417,-1,1102.2,324.0,18.8,53.6,0.130
417,-1,914.6,322.1,24.0,57.3,0.129
417,-1,913.9,332.0,19.6,71.7,0.126
417,-1,0.1,293.8,41.5,87.9,0.100
417,-1,714.8,320.3,14.7,53.9,0.076
417,-1,931.8,326.8,19.7,45.2,0.063
417,-1,0.0,291.8,12.6,82.8,0.052
418,-1,298.5,249.4,179.2,363.1,0.999
418,-1,871.6,298.4,53.1,158.8,0.998
418,-1,950.4,310.9,46.1,144.9,0.996
418,-1,1191.6,295.7,45.4,193.3,0.996
418,-1,633.9,309.4,36.2,80.0,0.996
418,-1,993.5,317.9,28.5,66.0,0.992
418,-1,243.5,301.3,72.8,160.6,0.990
418,-1,541.6,305.6,51.9,112.2,0.983
418,-1,1226.7,316.8,40.1,142.5,0.976
418,-1,1031.2,326.2,19.5,42.4,0.966
418,-1,1090.7,321.2,21.7,58.4,0.941
418,-1,445.8,306.4,21.3,53.4,0.923
418,-1,696.6,322.3,24.6,61.0,0.883
418,-1,730.7,316.7,29.1,64.4,0.839
418,-1,922.0,324.5,30.9,82.1,0.807
418,-1,752.2,320.1,16.1,44.8,0.759
418,-1,600.6,336.6,41.0,52.0,0.671
418,-1,1014.0,323.0,13.2,47.6,0.507
418,-1,936.6,317.2,27.9,89.7,0.447
418,-1,745.6,318.8,19.2,53.3,0.316
418,-1,1101.1,322.9,23.6,57.8,0.265
418,-1,724.7,320.4,19.0,56.1,0.254
418,-1,1461.7,292.6,22.3,69.5,0.248
418,-1,689.5,305.0,13.6,41.8,0.235
418,-1,577.1,324.6,27.6,87.1,0.202
418,-1,1.6,296.6,61.4,85.9,0.157
418,-1,705.4,318.9,23.4,61.9,0.110
418,-1,557.8,307.4,68.6,87.7,0.094
418,-1,916.4,322.4,28.4,57.2,0.082
418,-1,1190.9,296.5,22.9,169.9,0.081
418,-1,934.5,337.7,19.8,69.6,0.072
418,-1,931.6,318.7,25.2,39.8,0.072
418,-1,578.2,321.7,60.0,70.0,0.061
418,-1,860.5,318.1,15.1,29.6,0.060
418,-1,0.0,292.7,12.0,76.4,0.051
419,-1,300.3,253.7,180.3,366.4,0.999
419,-1,949.9,315.3,47.2,140.3,0.997
419,-1,870.7,298.0,53.4,160.9,0.997
419,-1,1193.9,294.9,45.2,191.7,0.996
419,-1,633.4,310.2,37.5,81.0,0.995
419,-1,993.3,318.8,28.9,65.5,0.989
419,-1,540.3,308.4,49.5,110.6,0.988
419,-1,241.9,304.4,67.7,157.1,0.982
419,-1,1227.6,317.2,39.5,142.2,0.959
419,-1,730.3,316.1,27.4,67.4,0.948
419,-1,1091.0,322.2,21.0,56.4,0.941
419,-1,695.9,313.8,25.6,71.3,0.907
419,-1,916.1,332.4,34.2,73.9,0.897
419,-1,1033.1,325.8,16.6,40.7,0.880
419,-1,751.6,319.7,16.1,47.2,0.849
419,-1,444.9,307.6,20.2,50.7,0.748
419,-1,1013.3,322.9,13.4,47.2,0.677
419,-1,689.2,305.5,13.6,43.8,0.574
419,-1,706.0,319.3,19.5,60.2,0.484
419,-1,928.7,326.7,27.8,84.2,0.404
419,-1,0.0,300.8,38.5,91.4,0.404
419,-1,1006.1,321.1,17.2,56.5,0.360
419,-1,723.5,318.0,17.9,59.1,0.324
419,-1,578.1,351.2,26.0,58.5,0.303
419,-1,250.6,306.1,50.4,94.4,0.291
419,-1,939.9,317.7,26.5,88.7,0.234
419,-1,732.0,297.2,16.4,35.5,0.170
419,-1,1103.6,322.9,17.3,54.5,0.115
419,-1,564.2,310.3,43.1,100.0,0.109
419,-1,817.3,315.7,11.7,33.0,0.095
419,-1,711.9,317.8,21.0,61.5,0.094
419,-1,703.8,313.4,20.6,38.3,0.092
419,-1,862.8,304.0,18.1,44.4,0.090
419,-1,932.1,329.4,20.2,57.7,0.088
419,-1,861.7,314.4,14.0,37.4,0.079
419,-1,940.8,321.5,17.1,50.1,0.074
419,-1,576.3,329.8,28.1,60.6,0.072
419,-1,757.1,317.2,16.1,47.2,0.054
419,-1,914.4,334.8,19.1,64.0,0.052
419,-1,0.6,262.4,64.5,124.1,0.051
420,-1,301.8,251.6,179.2,365.1,1.000
420,-1,952.0,316.1,45.6,139.4,0.997
420,-1,1194.2,293.4,46.9,193.1,0.997
420,-1,870.0,297.8,53.3,161.0,0.997
420,-1,632.7,310.6,37.8,81.0,0.997
420,-1,538.2,308.0,51.9,113.3,0.987
420,-1,993.6,318.3,28.2,64.7,0.985
420,-1,238.3,304.2,66.7,159.1,0.978
420,-1,1090.6,319.6,21.2,59.1,0.940
420,-1,1230.3,318.8,29.4,141.5,0.929
420,-1,695.8,319.8,24.8,64.9,0.909
420,-1,1030.0,326.7,19.0,37.1,0.800
420,-1,916.1,332.1,35.1,75.5,0.769
420,-1,730.4,319.0,26.4,62.6,0.768
420,-1,751.0,320.8,16.1,45.7,0.722
420,-1,707.6,321.2,17.4,57.7,0.708
420,-1,443.3,308.6,19.4,48.0,0.690
420,-1,935.1,319.9,26.7,87.6,0.574
420,-1,1013.1,323.1,14.2,46.2,0.518
420,-1,723.7,323.9,16.5,53.3,0.421
420,-1,602.8,338.9,33.9,49.4,0.325
420,-1,1464.6,292.6,21.6,66.0,0.322
420,-1,168.4,285.9,25.8,45.7,0.262
420,-1,149.3,283.1,28.5,52.5,0.182
420,-1,575.3,338.3,27.7,55.1,0.159
420,-1,930.0,326.5,22.1,56.2,0.159
420,-1,946.8,318.6,18.5,48.9,0.137
420,-1,0.0,310.2,35.2,79.0,0.133
420,-1,689.6,308.3,16.5,41.0,0.127
420,-1,933.4,323.0,19.8,37.4,0.122
420,-1,715.2,321.5,17.5,55.6,0.114
420,-1,692.1,312.1,21.7,61.8,0.111
420,-1,549.3,308.4,64.7,87.4,0.107
420,-1,1103.1,321.0,17.8,55.2,0.085
420,-1,925.3,320.4,22.0,26.4,0.083
420,-1,906.1,288.8,20.6,41.1,0.075
420,-1,864.3,314.5,25.6,81.3,0.070
420,-1,940.4,320.8,18.4,43.7,0.063
420,-1,1457.3,276.6,29.1,153.9,0.061
420,-1,244.3,306.4,25.0,74.7,0.060
420,-1,916.4,312.0,28.2,28.8,0.059
420,-1,1151.2,318.0,10.9,35.3,0.059
420,-1,743.1,321.5,17.1,52.4,0.054
420,-1,243.5,305.0,50.9,102.2,0.053
421,-1,302.2,253.2,177.2,365.9,0.999
421,-1,867.8,300.0,54.6,159.4,0.998
421,-1,1192.8,292.4,51.2,200.0,0.997
421,-1,950.2,315.0,46.8,141.9,0.997
421,-1,632.3,311.7,37.7,82.4,0.996
421,-1,994.0,319.6,27.0,65.0,0.990
421,-1,531.0,309.0,54.2,113.3,0.987
421,-1,232.8,306.4,66.0,159.7,0.983
421,-1,1089.5,323.2,21.9,57.1,0.958
421,-1,1031.8,327.9,16.6,41.2,0.926
421,-1,693.6,323.8,26.1,63.1,0.918
421,-1,729.8,319.4,24.2,65.1,0.910
421,-1,912.5,336.5,32.9,70.9,0.886
421,-1,750.7,320.0,16.3,48.0,0.795
421,-1,704.6,323.5,17.7,58.3,0.739
421,-1,1011.8,323.1,12.2,48.6,0.626
421,-1,442.5,311.8,18.0,43.3,0.587
421,-1,929.5,335.5,24.4,73.6,0.494
421,-1,1226.5,310.8,38.3,146.8,0.382
421,-1,576.0,355.9,24.3,40.1,0.336
421,-1,1464.4,293.0,22.4,65.1,0.322
421,-1,688.0,315.1,14.7,37.3,0.232
421,-1,732.9,344.7,17.9,39.3,0.171
421,-1,0.1,297.7,28.4,93.9,0.169
421,-1,723.5,318.7,19.1,60.2,0.164
421,-1,1105.6,323.6,15.2,54.0,0.147
421,-1,934.7,323.2,16.9,40.1,0.147
421,-1,943.0,337.4,19.3,68.9,0.134
421,-1,742.3,331.7,13.6,52.4,0.132
421,-1,941.4,321.6,18.0,64.5,0.122
421,-1,719.9,327.0,14.2,48.7,0.118
421,-1,236.4,305.7,33.2,99.2,0.109
421,-1,731.3,303.1,13.9,29.0,0.107
421,-1,718.9,314.9,15.6,33.7,0.105
421,-1,816.2,317.5,11.5,33.6,0.101
421,-1,707.7,319.6,16.2,34.3,0.095
421,-1,914.3,330.2,23.4,53.5,0.077
421,-1,986.7,319.3,16.2,64.2,0.072
421,-1,732.9,317.2,17.1,33.7,0.070
421,-1,802.1,322.4,10.1,26.3,0.062
421,-1,519.2,317.7,74.7,256.1,0.057
421,-1,1.3,251.2,66.8,139.1,0.056
421,-1,713.9,317.6,14.6,36.9,0.053
422,-1,302.4,253.8,179.0,373.2,0.999
422,-1,1191.6,292.7,55.5,201.3,0.998
422,-1,952.3,316.6,47.3,141.9,0.998
422,-1,866.7,306.6,52.2,152.0,0.998
422,-1,221.3,310.4,59.5,161.2,0.997
422,-1,632.5,317.3,36.5,79.6,0.996
422,-1,533.2,313.7,62.8,113.8,0.989
422,-1,994.0,323.2,27.2,64.3,0.985
422,-1,726.2,324.7,24.0,64.3,0.973
422,-1,705.9,329.2,17.6,58.1,0.966
422,-1,1089.8,324.4,20.7,58.7,0.939
422,-1,915.3,338.6,31.7,72.7,0.920
422,-1,1031.4,331.7,16.6,40.2,0.912
422,-1,690.2,335.1,24.7,56.2,0.892
422,-1,750.4,324.8,16.6,45.7,0.785
422,-1,1465.6,288.9,24.6,70.5,0.735
422,-1,928.4,337.4,23.7,75.1,0.717
422,-1,935.4,327.0,24.1,84.5,0.632
422,-1,442.8,316.2,18.6,39.6,0.538
422,-1,905.4,330.0,22.6,82.8,0.422
422,-1,1106.1,325.7,14.8,52.5,0.294
422,-1,1010.9,326.2,13.8,50.8,0.208
422,-1,687.2,318.2,16.5,35.6,0.174
422,-1,600.5,348.1,28.0,46.0,0.165
422,-1,813.8,324.3,9.4,28.9,0.149
422,-1,224.9,310.4,42.7,94.5,0.142
422,-1,941.9,323.3,18.7,64.6,0.136
422,-1,1463.0,283.3,27.5,155.0,0.125
422,-1,1150.5,321.1,11.2,35.3,0.120
422,-1,1227.5,313.2,41.4,137.4,0.114
422,-1,705.7,324.5,16.8,35.5,0.105
422,-1,933.7,328.0,18.1,34.1,0.094
422,-1,927.9,327.1,19.4,24.3,0.092
422,-1,687.3,321.2,20.1,54.1,0.076
422,-1,573.3,346.8,26.3,50.9,0.062
422,-1,731.1,305.7,14.1,28.4,0.060
422,-1,917.2,320.9,18.1,25.7,0.059
422,-1,718.0,330.1,19.4,57.9,0.051
423,-1,304.5,253.3,180.6,381.0,0.999
423,-1,1193.9,293.6,54.1,203.6,0.999
423,-1,952.4,318.1,46.9,142.8,0.998
423,-1,865.9,307.3,51.3,153.1,0.997
423,-1,210.6,313.8,65.2,161.1,0.995
423,-1,633.6,321.2,35.0,77.1,0.994
423,-1,994.3,324.5,26.8,64.6,0.984
423,-1,526.6,315.9,54.5,112.7,0.984
423,-1,725.2,325.0,24.5,66.3,0.976
423,-1,1092.0,327.1,20.6,58.5,0.959
423,-1,1031.9,332.5,17.1,42.3,0.951
423,-1,915.1,339.9,33.4,73.0,0.943
423,-1,690.1,339.4,25.0,53.2,0.926
423,-1,707.6,331.4,18.6,57.5,0.917
423,-1,1466.7,288.5,26.6,71.1,0.864
423,-1,750.1,331.3,16.3,43.1,0.787
423,-1,934.9,336.2,23.4,79.3,0.617
423,-1,297.7,320.6,18.2,75.8,0.586
423,-1,1007.7,327.1,16.6,55.9,0.404
423,-1,1105.1,326.3,16.3,54.6,0.384
423,-1,1460.8,275.3,33.2,152.5,0.317
423,-1,443.9,319.5,15.6,33.0,0.274
423,-1,283.5,320.2,33.4,85.3,0.250
423,-1,288.4,322.9,32.6,140.1,0.228
423,-1,944.7,342.3,17.9,70.9,0.167
423,-1,707.1,328.1,16.1,34.3,0.159
423,-1,714.3,331.0,22.1,60.1,0.150
423,-1,573.7,362.0,24.7,42.3,0.121
423,-1,934.7,329.7,17.3,31.3,0.103
423,-1,1223.9,304.7,42.8,156.0,0.103
423,-1,859.7,342.6,11.3,20.4,0.083
423,-1,909.6,332.9,24.4,71.4,0.080
423,-1,941.4,328.3,19.5,58.7,0.075
423,-1,687.8,326.1,16.2,55.0,0.059
423,-1,715.8,325.1,14.2,32.0,0.054
423,-1,147.9,287.8,48.2,61.4,0.054
424,-1,298.8,251.4,187.4,384.2,0.999
424,-1,1194.5,291.5,53.7,207.0,0.999
424,-1,951.4,318.1,46.0,143.9,0.997
424,-1,862.6,308.1,54.7,155.7,0.995
424,-1,633.2,322.1,35.3,77.3,0.994
424,-1,525.2,319.8,59.4,112.0,0.993
424,-1,997.0,327.0,22.5,61.5,0.985
424,-1,201.5,313.3,63.3,165.3,0.980
424,-1,915.5,344.0,32.2,70.1,0.902
424,-1,290.7,321.0,23.7,103.8,0.824
424,-1,682.9,311.5,30.1,83.2,0.816
424,-1,1095.1,328.1,21.9,55.5,0.674
424,-1,687.9,342.8,21.6,51.2,0.488
424,-1,1027.8,333.7,22.8,37.9,0.476
424,-1,691.9,328.9,41.9,65.4,0.364
424,-1,929.1,338.5,26.0,76.6,0.347
424,-1,289.6,320.5,36.8,147.8,0.313
424,-1,716.2,324.5,31.4,65.2,0.298
424,-1,145.7,293.1,51.1,54.8,0.170
424,-1,756.7,302.4,38.5,62.9,0.156
424,-1,723.9,314.7,31.3,63.9,0.125
424,-1,1465.9,289.5,28.0,69.7,0.103
424,-1,939.4,335.7,22.6,76.0,0.092
424,-1,211.2,314.3,47.4,98.8,0.087
424,-1,753.3,304.3,35.5,30.9,0.054
424,-1,1011.8,331.5,12.5,42.6,0.053
424,-1,748.6,314.4,24.3,59.7,0.052
425,-1,310.3,260.3,175.3,383.6,0.999
425,-1,1194.6,296.6,54.6,203.1,0.999
425,-1,862.3,311.7,54.2,155.6,0.997
425,-1,951.7,321.6,54.5,145.8,0.997
425,-1,634.2,328.7,34.5,74.7,0.992
425,-1,525.6,321.6,54.1,114.3,0.984
425,-1,1090.7,331.2,24.3,60.1,0.973
425,-1,198.1,322.4,64.6,161.7,0.971
425,-1,287.3,325.9,31.6,137.5,0.941
425,-1,999.3,330.1,22.1,61.5,0.933
425,-1,688.4,345.1,24.6,55.4,0.910
425,-1,913.2,330.2,39.3,85.3,0.829
425,-1,1032.2,331.3,18.9,44.3,0.691
425,-1,696.9,336.7,24.1,60.5,0.599
425,-1,935.6,335.7,26.9,81.5,0.547
425,-1,726.1,342.1,18.6,45.8,0.497
425,-1,1456.0,280.9,43.7,170.4,0.476
425,-1,750.5,335.8,15.9,43.4,0.441
425,-1,1008.5,332.2,16.2,52.0,0.347
425,-1,773.0,327.5,21.8,29.0,0.197
425,-1,1149.6,290.9,16.3,94.1,0.178
425,-1,904.6,309.4,16.5,37.2,0.177
425,-1,705.6,333.9,17.6,44.3,0.164
425,-1,768.1,326.5,27.6,46.8,0.154
425,-1,687.4,316.0,35.4,84.6,0.140
425,-1,910.2,326.7,27.0,78.9,0.113
425,-1,989.4,326.7,26.8,62.2,0.108
425,-1,780.6,332.5,15.6,27.3,0.101
425,-1,20.2,254.6,45.8,103.5,0.092
425,-1,713.6,342.4,20.2,54.4,0.087
425,-1,714.3,319.1,20.2,49.1,0.085
425,-1,1089.8,285.1,32.8,107.2,0.075
425,-1,607.8,351.9,20.1,46.8,0.072
425,-1,763.0,328.3,22.4,48.0,0.070
425,-1,1445.1,336.4,46.9,115.1,0.064
425,-1,930.2,320.9,25.7,71.3,0.060
425,-1,1044.0,309.9,15.0,58.9,0.058
425,-1,206.1,317.3,30.5,97.7,0.052
426,-1,315.5,260.0,174.3,383.2,0.999
426,-1,1198.6,294.3,49.7,207.0,0.999
426,-1,861.2,313.6,54.6,156.3,0.995
426,-1,952.3,321.1,50.2,144.2,0.995
426,-1,526.5,322.6,53.0,114.2,0.993
426,-1,633.7,328.1,35.5,76.7,0.992
426,-1,995.2,330.8,24.8,62.0,0.968
426,-1,285.0,327.6,31.3,99.3,0.929
426,-1,188.3,317.8,67.3,151.0,0.925
426,-1,913.8,342.4,36.0,75.2,0.895
426,-1,1095.6,328.7,23.0,58.8,0.821
426,-1,682.5,316.1,39.0,83.9,0.814
426,-1,1012.7,334.9,16.1,45.2,0.408
426,-1,930.3,342.2,27.2,76.9,0.387
426,-1,596.3,343.8,37.0,60.2,0.332
426,-1,696.9,335.0,31.7,62.0,0.225
426,-1,1005.6,332.0,16.3,55.2,0.198
426,-1,142.8,291.5,56.3,66.8,0.198
426,-1,1468.5,296.0,31.7,65.8,0.181
426,-1,1029.4,337.9,22.7,37.8,0.161
426,-1,109.4,265.9,45.6,93.3,0.144
426,-1,700.1,319.7,43.7,76.0,0.116
426,-1,940.5,337.7,21.4,78.6,0.100
426,-1,719.3,338.7,27.5,56.3,0.093
426,-1,100.0,267.5,53.5,181.2,0.086
426,-1,740.7,317.1,31.1,59.6,0.071
426,-1,1441.9,294.5,56.2,151.5,0.061
426,-1,173.9,310.8,70.1,107.4,0.053
427,-1,318.8,259.6,177.4,389.9,0.999
427,-1,1200.1,296.4,62.3,207.1,0.998
427,-1,861.4,313.4,57.3,157.1,0.998
427,-1,959.0,323.2,56.1,145.4,0.995
427,-1,639.4,332.4,34.8,76.0,0.991
427,-1,525.1,326.8,58.0,113.4,0.991
427,-1,259.5,329.2,56.6,142.0,0.976
427,-1,189.2,348.1,65.8,139.2,0.973
427,-1,1001.0,330.9,28.3,63.8,0.938
427,-1,1095.4,329.5,26.5,63.4,0.915
427,-1,1032.9,335.2,23.1,44.4,0.876
427,-1,915.5,346.2,34.7,72.6,0.847
427,-1,690.0,355.3,21.5,45.3,0.756
427,-1,705.1,336.3,27.7,62.1,0.712
427,-1,924.0,333.6,37.2,87.1,0.643
427,-1,598.9,350.4,44.2,55.4,0.632
427,-1,177.9,331.8,49.2,151.9,0.469
427,-1,1012.3,332.4,18.9,54.5,0.426
427,-1,938.6,336.5,30.2,81.6,0.316
427,-1,726.0,340.4,22.4,53.1,0.244
427,-1,909.5,331.9,29.7,67.0,0.216
427,-1,1094.4,279.3,32.5,113.9,0.208
427,-1,1464.2,296.9,42.3,155.1,0.188
427,-1,715.2,319.5,23.5,43.5,0.138
427,-1,186.4,319.6,30.7,87.5,0.125
427,-1,910.9,311.6,23.6,32.0,0.123
427,-1,1049.2,314.9,16.7,49.9,0.097
427,-1,0.3,233.7,65.9,163.1,0.097
427,-1,726.9,323.2,21.2,43.0,0.092
427,-1,170.9,323.9,56.5,88.8,0.084
427,-1,754.2,332.8,16.4,47.2,0.073
427,-1,861.9,335.8,18.6,70.8,0.071
427,-1,321.1,322.5,43.6,161.8,0.064
427,-1,992.4,325.9,20.7,57.2,0.060
427,-1,1191.7,304.4,39.5,161.4,0.056
428,-1,328.0,263.6,172.7,383.5,0.999
428,-1,1196.3,294.4,68.5,209.1,0.998
428,-1,958.2,320.5,49.8,148.3,0.997
428,-1,863.0,313.1,54.3,155.7,0.995
428,-1,641.1,328.9,35.2,79.3,0.994
428,-1,525.1,325.6,56.9,114.8,0.993
428,-1,1001.6,330.5,25.7,63.2,0.972
428,-1,1098.7,327.2,25.1,64.2,0.941
428,-1,688.3,333.0,25.8,68.7,0.933
428,-1,919.7,343.4,35.4,76.8,0.916
428,-1,250.0,328.6,70.5,111.2,0.916
428,-1,704.9,339.1,23.4,58.5,0.894
428,-1,1036.8,337.1,18.8,40.8,0.846
428,-1,168.2,319.2,86.7,156.6,0.732
428,-1,727.2,328.4,23.0,65.9,0.656
428,-1,754.8,336.4,17.1,44.0,0.551
428,-1,1016.9,334.0,14.3,48.7,0.525
428,-1,731.5,317.3,19.8,42.0,0.380
428,-1,941.6,332.3,26.4,86.2,0.301
428,-1,467.3,335.8,31.0,67.3,0.298
428,-1,935.4,346.4,24.8,73.3,0.297
428,-1,761.0,309.2,39.6,55.7,0.227
428,-1,210.4,320.9,86.3,156.5,0.170
428,-1,200.5,350.2,59.1,129.5,0.160
428,-1,168.0,320.4,69.2,91.8,0.134
428,-1,694.6,321.3,36.2,79.1,0.125
428,-1,1459.7,289.0,48.3,158.8,0.105
428,-1,735.4,316.2,15.3,27.9,0.101
428,-1,945.3,362.1,19.5,54.2,0.082
428,-1,2.6,263.3,61.6,79.4,0.068
428,-1,764.3,309.8,30.3,35.5,0.063
428,-1,730.5,350.0,16.9,44.1,0.058
428,-1,1192.6,304.2,42.3,187.0,0.058
429,-1,334.5,264.0,171.7,385.9,1.000
429,-1,1200.9,297.3,66.7,204.6,0.996
429,-1,864.0,313.1,54.8,155.4,0.995
429,-1,644.2,329.1,35.8,79.2,0.994
429,-1,961.6,320.7,50.3,147.0,0.994
429,-1,526.5,326.3,57.1,114.6,0.988
429,-1,1004.5,329.9,23.7,62.6,0.984
429,-1,261.0,328.6,55.0,143.1,0.976
429,-1,160.8,323.2,100.5,164.5,0.970
429,-1,684.8,318.8,29.3,81.9,0.932
429,-1,921.3,346.9,33.3,71.2,0.883
429,-1,1104.6,328.6,24.1,59.0,0.746
429,-1,707.5,337.8,26.2,58.5,0.622
429,-1,728.5,333.2,23.2,61.1,0.429
429,-1,936.7,341.6,26.1,78.7,0.382
429,-1,1038.1,337.0,21.8,40.5,0.324
429,-1,1481.2,285.9,33.7,72.4,0.199
429,-1,946.8,335.8,22.2,82.1,0.161
429,-1,757.2,333.5,20.9,46.0,0.124
429,-1,2.4,264.4,60.6,80.5,0.116
429,-1,205.9,326.2,101.0,157.8,0.114
429,-1,692.8,317.4,39.7,83.0,0.109
429,-1,605.3,328.6,45.7,77.7,0.093
429,-1,714.6,343.5,30.9,54.3,0.080
429,-1,730.1,318.8,22.9,43.0,0.052
430,-1,339.8,259.4,170.8,389.1,0.999
430,-1,1201.0,292.1,65.4,212.0,0.999
430,-1,865.9,311.5,57.8,153.9,0.998
430,-1,644.3,324.6,37.6,82.0,0.995
430,-1,963.6,317.8,49.9,147.9,0.995
430,-1,163.9,321.6,94.0,165.5,0.995
430,-1,526.9,323.2,56.6,116.7,0.991
430,-1,247.8,327.4,61.9,146.9,0.990
430,-1,1006.2,328.3,26.0,62.3,0.984
430,-1,1104.5,326.3,24.4,66.6,0.907
430,-1,924.3,343.4,35.0,73.8,0.900
430,-1,1043.6,334.8,15.9,39.7,0.847
430,-1,1485.8,281.8,34.0,81.1,0.814
430,-1,712.5,334.2,19.2,61.9,0.791
430,-1,691.5,341.2,22.6,56.9,0.785
430,-1,761.5,334.9,19.6,43.5,0.642
430,-1,730.0,332.5,22.8,60.4,0.527
430,-1,1022.7,330.2,12.6,46.8,0.341
430,-1,1482.4,275.6,36.6,156.5,0.246
430,-1,1201.9,306.6,34.8,180.2,0.189
430,-1,948.5,327.4,25.3,89.3,0.177
430,-1,953.9,330.2,17.3,31.4,0.154
430,-1,740.0,310.0,16.3,54.7,0.141
430,-1,956.8,328.1,18.2,54.5,0.090
430,-1,744.8,341.9,11.7,43.1,0.075
430,-1,689.3,321.0,34.1,78.5,0.074
430,-1,762.3,319.7,30.6,59.1,0.065
430,-1,571.3,346.4,33.4,60.8,0.054
431,-1,338.5,256.9,176.1,401.1,0.999
431,-1,866.2,309.3,56.4,155.6,0.998
431,-1,1213.6,290.6,56.5,213.2,0.998
431,-1,154.0,315.9,97.3,174.2,0.998
431,-1,245.2,326.8,66.5,144.6,0.998
431,-1,645.2,322.4,36.1,81.8,0.997
431,-1,961.4,316.0,52.0,144.7,0.997
431,-1,525.0,321.3,59.3,119.1,0.995
431,-1,1103.8,322.8,27.5,71.4,0.989
431,-1,1006.0,325.0,26.0,65.6,0.987
431,-1,712.9,333.7,18.7,62.2,0.920
431,-1,1044.4,332.8,15.5,41.1,0.920
431,-1,924.5,342.2,33.6,73.6,0.907
431,-1,1205.5,295.2,36.8,198.6,0.879
431,-1,761.9,334.9,16.8,42.1,0.836
431,-1,728.5,333.3,21.6,60.8,0.694
431,-1,690.1,335.4,20.6,60.3,0.638
431,-1,939.7,342.1,22.9,74.2,0.598
431,-1,1023.8,327.9,12.7,46.5,0.499
431,-1,949.1,328.3,22.2,86.3,0.366
431,-1,739.8,309.5,15.8,44.3,0.320
431,-1,704.0,321.1,19.3,75.0,0.257
431,-1,738.4,333.0,17.4,59.2,0.248
431,-1,1485.6,276.9,36.2,147.1,0.243
431,-1,1018.0,326.6,16.2,56.5,0.191
431,-1,744.5,336.6,12.4,42.8,0.174
431,-1,152.9,320.8,49.0,163.9,0.165
431,-1,704.3,315.0,16.5,48.2,0.151
431,-1,571.6,345.1,31.7,61.7,0.119
431,-1,691.2,324.5,14.6,29.6,0.109
431,-1,952.5,327.7,17.3,44.4,0.097
431,-1,955.2,352.5,18.0,59.3,0.096
431,-1,920.7,350.1,23.9,64.5,0.095
431,-1,675.9,320.6,16.8,75.3,0.092
431,-1,946.0,329.3,18.0,37.2,0.083
431,-1,585.1,345.3,52.2,61.3,0.081
431,-1,1164.3,325.6,11.3,44.5,0.074
431,-1,810.1,329.3,14.2,31.5,0.070
431,-1,908.4,333.5,23.2,82.1,0.061
431,-1,1200.7,302.1,23.7,106.7,0.060
431,-1,915.8,352.8,18.6,60.8,0.055
432,-1,342.6,256.0,181.0,395.9,0.999
432,-1,644.5,318.6,36.2,80.8,0.998
432,-1,1211.9,286.2,60.8,213.9,0.998
432,-1,861.6,307.8,56.1,151.0,0.998
432,-1,231.6,321.9,67.8,146.2,0.997
432,-1,144.8,316.7,85.7,165.5,0.997
432,-1,960.5,310.9,52.8,147.3,0.997
432,-1,519.9,315.5,62.5,124.3,0.995
432,-1,1005.8,321.1,25.3,66.5,0.987
432,-1,712.6,330.7,17.2,58.1,0.963
432,-1,1040.8,328.0,19.1,40.5,0.926
432,-1,1104.8,321.3,25.2,55.4,0.917
432,-1,921.8,338.5,33.5,72.3,0.872
432,-1,1204.4,289.8,37.8,198.6,0.839
432,-1,688.2,336.0,19.3,54.0,0.808
432,-1,724.6,320.2,31.1,68.7,0.757
432,-1,758.6,330.2,18.6,41.1,0.711
432,-1,1025.6,323.6,12.2,37.8,0.643
432,-1,939.4,321.1,30.6,90.9,0.610
432,-1,697.9,326.8,20.1,63.9,0.419
432,-1,737.8,306.9,15.9,34.4,0.335
432,-1,738.3,330.2,17.4,52.5,0.249
432,-1,1484.5,262.8,40.0,149.6,0.245
432,-1,1099.7,326.5,16.6,47.8,0.173
432,-1,951.8,320.7,17.4,39.7,0.165
432,-1,731.0,342.6,21.0,46.4,0.159
432,-1,943.9,322.7,20.5,58.0,0.147
432,-1,720.5,332.3,20.3,57.1,0.135
432,-1,951.2,342.5,20.7,67.5,0.107
432,-1,945.6,322.7,18.2,32.1,0.100
432,-1,914.7,328.2,30.8,73.0,0.096
432,-1,910.0,338.4,25.8,70.4,0.071
432,-1,724.1,325.4,21.1,43.8,0.050
433,-1,343.8,251.5,182.2,405.4,0.999
433,-1,1199.8,286.9,69.0,210.9,0.998
433,-1,861.8,304.0,55.5,156.1,0.998
433,-1,643.1,316.5,37.6,82.2,0.998
433,-1,228.4,320.4,69.3,146.7,0.998
433,-1,955.7,310.3,50.6,146.1,0.997
433,-1,514.1,314.3,62.8,126.5,0.995
433,-1,132.6,314.2,85.8,171.0,0.992
433,-1,1003.4,319.5,25.7,64.1,0.989
433,-1,711.2,331.2,16.3,56.7,0.963
433,-1,686.1,335.0,20.3,56.2,0.934
433,-1,1103.0,319.7,22.8,56.6,0.902
433,-1,922.4,334.3,34.2,76.0,0.848
433,-1,1041.0,329.0,16.8,39.1,0.826
433,-1,160.2,295.3,38.3,51.9,0.703
433,-1,736.3,327.2,18.6,60.6,0.701
433,-1,1488.1,278.3,37.7,76.8,0.666
433,-1,724.3,326.3,18.7,60.0,0.646
433,-1,943.4,325.5,24.1,86.2,0.615
433,-1,1021.6,322.6,12.0,47.4,0.475
433,-1,130.1,318.8,49.4,154.0,0.366
433,-1,758.2,328.8,16.8,40.9,0.325
433,-1,1025.6,322.9,10.3,40.1,0.274
433,-1,1197.7,292.7,39.8,194.3,0.215
433,-1,952.5,339.4,19.6,70.9,0.209
433,-1,935.5,329.3,21.4,59.5,0.134
433,-1,740.5,329.3,14.9,40.2,0.132
433,-1,823.4,319.9,10.7,33.2,0.101
433,-1,921.3,320.5,15.0,23.5,0.099
433,-1,947.0,321.1,18.0,38.7,0.096
433,-1,148.7,306.3,55.8,113.7,0.081
433,-1,908.8,327.6,25.9,68.9,0.079
433,-1,943.1,325.2,15.9,36.3,0.073
433,-1,1481.6,272.6,41.7,162.6,0.071
433,-1,695.3,322.1,19.4,67.3,0.071
433,-1,480.8,330.8,14.3,36.1,0.061
433,-1,1408.2,277.0,60.0,79.9,0.053
433,-1,915.2,324.6,13.5,21.7,0.053
434,-1,343.3,249.5,179.4,406.2,0.999
434,-1,1210.4,285.5,61.7,215.7,0.998
434,-1,859.4,304.6,53.2,153.3,0.998
434,-1,957.3,310.5,48.4,148.0,0.997
434,-1,641.1,316.7,38.7,82.1,0.997
434,-1,221.1,322.0,68.0,146.1,0.997
434,-1,511.8,314.6,60.3,127.1,0.996
434,-1,121.5,313.7,79.4,171.7,0.994
434,-1,1001.6,319.4,27.0,64.6,0.991
434,-1,682.4,335.2,20.3,56.5,0.941
434,-1,1099.9,319.5,25.2,65.9,0.935
434,-1,921.0,334.9,32.3,75.0,0.930
434,-1,710.2,330.1,17.4,58.2,0.923
434,-1,942.0,321.7,23.9,89.5,0.777
434,-1,1486.4,279.3,38.9,73.0,0.749
434,-1,719.3,328.2,20.5,58.9,0.736
434,-1,1038.7,329.0,18.2,38.2,0.680
434,-1,755.3,328.7,16.3,40.7,0.586
434,-1,1019.3,321.9,12.8,45.6,0.455
434,-1,734.8,329.6,16.9,50.7,0.453
434,-1,908.5,325.3,35.2,86.9,0.420
434,-1,941.5,324.6,16.9,50.4,0.272
434,-1,949.4,322.4,16.8,45.2,0.229
434,-1,735.2,305.3,15.4,34.5,0.203
434,-1,949.3,342.0,18.6,66.9,0.201
434,-1,1202.1,290.5,41.2,199.2,0.196
434,-1,1159.1,316.5,11.8,41.5,0.177
434,-1,929.7,331.2,19.1,39.3,0.117
434,-1,722.8,320.9,16.9,35.0,0.111
434,-1,1484.2,270.4,38.3,163.6,0.107
434,-1,935.8,327.4,18.3,37.6,0.069
434,-1,1198.5,296.8,30.5,143.5,0.060
434,-1,698.9,315.6,15.7,40.9,0.057
434,-1,739.9,329.2,13.7,36.4,0.057
434,-1,922.1,321.1,12.8,24.5,0.057
434,-1,923.4,331.4,19.2,37.3,0.055
434,-1,902.0,324.6,29.3,63.8,0.051
435,-1,344.2,249.2,181.9,413.8,0.999
435,-1,1212.0,282.8,59.0,216.1,0.999
435,-1,856.9,304.3,54.6,150.9,0.997
435,-1,213.9,321.0,70.0,145.4,0.997
435,-1,638.2,316.2,38.5,80.8,0.997
435,-1,115.4,312.5,73.0,173.3,0.996
435,-1,955.1,313.3,48.9,143.7,0.996
435,-1,508.1,313.2,63.7,126.7,0.994
435,-1,1000.2,318.9,25.8,65.2,0.983
435,-1,706.6,328.1,17.5,60.1,0.932
435,-1,913.0,331.7,32.0,77.5,0.926
435,-1,1100.3,321.0,24.4,58.0,0.904
435,-1,678.7,334.9,20.8,56.5,0.868
435,-1,728.7,328.2,19.8,60.5,0.860
435,-1,711.2,324.2,24.2,64.1,0.846
435,-1,1199.7,287.4,42.6,203.0,0.799
435,-1,926.0,333.4,29.5,77.4,0.768
435,-1,753.8,329.4,15.9,38.6,0.715
435,-1,940.3,321.6,25.5,89.1,0.658
435,-1,1036.9,325.7,17.6,40.0,0.607
435,-1,1019.6,322.0,11.8,38.5,0.520
435,-1,900.2,323.9,27.1,88.4,0.465
435,-1,594.1,342.9,37.3,54.2,0.322
435,-1,734.4,328.6,16.2,38.7,0.262
435,-1,1196.9,318.0,27.4,90.7,0.242
435,-1,1481.8,274.8,42.6,83.8,0.230
435,-1,693.1,322.6,14.4,30.8,0.223
435,-1,716.6,318.9,20.4,31.5,0.172
435,-1,947.9,322.8,17.5,47.4,0.151
435,-1,948.5,347.8,18.0,61.1,0.138
435,-1,806.5,324.3,11.1,27.7,0.129
435,-1,693.1,321.7,19.4,67.1,0.116
435,-1,942.8,323.7,15.4,36.8,0.107
435,-1,931.9,327.8,20.6,62.6,0.076
435,-1,937.3,326.6,16.3,39.8,0.074
435,-1,928.2,329.4,19.8,41.3,0.073
435,-1,1158.1,316.5,10.7,43.3,0.071
435,-1,1479.4,268.4,41.8,164.9,0.070
435,-1,555.7,336.0,39.8,68.6,0.066
435,-1,995.2,315.1,20.8,65.2,0.052
436,-1,345.9,246.6,181.1,415.8,1.000
436,-1,205.6,318.4,76.6,145.3,0.998
436,-1,854.9,302.2,55.8,155.6,0.998
436,-1,1199.5,280.7,72.0,220.0,0.997
436,-1,637.5,315.5,37.1,81.6,0.997
436,-1,954.6,311.2,46.5,143.4,0.996
436,-1,505.8,312.9,64.2,126.5,0.995
436,-1,108.4,313.0,73.7,169.3,0.994
436,-1,996.1,315.0,26.5,67.1,0.985
436,-1,1097.8,318.6,26.2,67.9,0.964
436,-1,915.7,334.2,34.3,74.7,0.953
436,-1,672.3,320.1,24.0,74.1,0.931
436,-1,708.0,327.9,16.1,60.0,0.930
436,-1,725.8,330.2,21.8,58.2,0.906
436,-1,1484.0,278.8,40.0,72.7,0.762
436,-1,715.2,321.7,19.8,63.9,0.717
436,-1,751.8,326.2,15.6,42.2,0.629
436,-1,1035.7,328.2,14.6,38.4,0.592
436,-1,933.2,330.2,24.0,80.1,0.578
436,-1,1019.9,321.5,10.7,36.8,0.525
436,-1,695.5,319.4,12.3,34.5,0.438
436,-1,943.7,317.0,20.2,92.1,0.410
436,-1,596.7,342.1,30.8,53.5,0.397
436,-1,1044.5,334.6,10.6,31.1,0.241
436,-1,1015.5,319.9,13.3,49.5,0.224
436,-1,102.1,311.6,49.9,150.0,0.134
436,-1,1196.3,287.1,43.8,201.8,0.122
436,-1,806.2,324.0,10.8,28.8,0.102
436,-1,744.9,318.2,20.4,46.7,0.089
436,-1,1156.8,316.5,10.6,41.4,0.081
436,-1,898.1,322.5,29.4,76.4,0.076
436,-1,1194.3,319.9,27.9,86.7,0.068
436,-1,948.5,319.6,16.1,56.2,0.067
436,-1,926.4,328.0,21.2,37.5,0.063
436,-1,943.3,323.7,16.8,43.6,0.059
436,-1,904.1,322.7,14.0,24.4,0.055
437,-1,339.5,249.4,186.1,416.9,1.000
437,-1,1198.3,281.3,68.0,219.9,0.999
437,-1,850.5,305.3,55.1,153.5,0.998
437,-1,500.9,311.5,56.6,128.6,0.998
437,-1,189.3,318.8,72.9,147.5,0.998
437,-1,633.1,318.0,36.5,81.0,0.997
437,-1,944.9,312.3,50.4,144.0,0.995
437,-1,91.3,312.9,67.8,173.3,0.994
437,-1,995.4,317.3,24.0,66.1,0.985
437,-1,910.2,337.1,34.1,73.1,0.949
437,-1,1092.8,319.2,28.1,63.0,0.946
437,-1,720.4,329.1,21.2,60.9,0.935
437,-1,700.8,331.7,15.8,55.9,0.910
437,-1,668.0,327.9,23.7,63.7,0.896
437,-1,1030.5,327.1,19.8,44.0,0.834
437,-1,1479.2,279.9,42.4,76.4,0.806
437,-1,704.9,323.9,21.6,64.7,0.709
437,-1,75.4,312.9,57.4,153.6,0.549
437,-1,1014.7,323.4,11.8,39.6,0.530
437,-1,897.4,331.3,25.7,71.2,0.450
437,-1,748.5,325.5,15.2,44.7,0.343
437,-1,584.9,342.1,38.2,55.9,0.342
437,-1,936.4,322.6,23.3,88.7,0.342
437,-1,76.7,313.0,52.3,83.1,0.321
437,-1,928.3,337.6,20.0,74.5,0.303
437,-1,1193.2,288.9,41.8,201.3,0.281
437,-1,547.1,337.2,39.3,66.3,0.191
437,-1,1008.1,322.0,14.7,53.5,0.191
437,-1,90.3,312.0,51.0,105.0,0.163
437,-1,729.7,330.9,15.2,48.8,0.122
437,-1,122.0,307.0,31.0,39.9,0.117
437,-1,1474.5,276.6,44.9,161.5,0.089
437,-1,1152.8,316.5,11.3,39.5,0.080
437,-1,556.2,335.4,61.3,65.7,0.074
437,-1,895.3,328.1,20.4,50.9,0.062
437,-1,689.3,322.7,13.3,35.7,0.062
437,-1,120.6,314.5,66.2,159.5,0.061
437,-1,0.2,339.3,5.4,161.8,0.055
438,-1,331.2,251.5,192.0,410.0,0.999
438,-1,1195.2,281.5,75.1,222.4,0.999
438,-1,849.1,306.3,55.7,153.6,0.998
438,-1,184.0,315.7,69.7,149.2,0.997
438,-1,942.7,316.9,48.3,139.3,0.997
438,-1,628.4,318.5,38.1,82.4,0.996
438,-1,498.2,312.7,55.0,127.4,0.994
438,-1,79.1,317.5,73.2,167.5,0.992
438,-1,990.7,319.0,25.2,65.4,0.979
438,-1,909.1,337.3,35.5,73.5,0.924
438,-1,1094.1,322.2,25.3,61.1,0.877
438,-1,660.7,321.1,27.9,70.4,0.820
438,-1,700.6,323.4,26.2,65.5,0.779
438,-1,1028.6,328.5,18.3,42.6,0.775
438,-1,1478.2,278.0,42.1,83.3,0.648
438,-1,718.9,316.4,23.0,71.7,0.547
438,-1,697.7,331.1,17.2,56.6,0.508
438,-1,66.8,313.5,49.8,149.2,0.431
438,-1,1192.1,286.6,45.6,203.5,0.292
438,-1,546.4,338.3,36.2,64.3,0.272
438,-1,1090.0,327.9,14.1,50.6,0.207
438,-1,745.0,322.5,16.0,46.6,0.201
438,-1,892.1,328.9,29.2,69.0,0.185
438,-1,708.9,327.6,27.8,62.0,0.160
438,-1,1149.7,317.0,11.8,36.4,0.153
438,-1,1011.2,322.2,13.6,46.1,0.134
438,-1,138.3,300.4,32.9,43.3,0.133
438,-1,926.6,330.3,26.0,79.6,0.117
438,-1,79.8,311.5,29.0,110.3,0.109
438,-1,1027.1,338.1,14.3,31.8,0.109
438,-1,723.1,306.8,17.9,43.2,0.096
438,-1,704.9,319.5,21.6,37.8,0.091
438,-1,591.0,342.7,28.6,54.3,0.082
438,-1,738.2,321.2,17.9,49.4,0.080
438,-1,666.3,320.3,20.5,43.3,0.073
438,-1,106.7,309.7,75.3,174.3,0.067
438,-1,1477.2,295.8,41.7,146.7,0.060
439,-1,329.1,251.8,190.8,420.6,0.999
439,-1,1197.1,286.0,70.2,216.7,0.998
439,-1,848.9,310.9,54.1,151.5,0.997
439,-1,942.7,317.3,46.7,142.9,0.997
439,-1,188.6,318.7,57.6,153.5,0.996
439,-1,67.3,314.6,80.5,175.2,0.991
439,-1,495.9,316.8,57.9,125.1,0.991
439,-1,629.7,322.3,33.8,80.3,0.991
439,-1,987.9,322.0,28.4,68.5,0.985
439,-1,1096.7,327.2,23.4,59.0,0.926
439,-1,910.8,338.7,34.0,76.3,0.897
439,-1,658.5,324.9,29.1,71.8,0.886
439,-1,1027.2,332.9,18.5,40.1,0.852
439,-1,696.0,329.9,28.2,63.7,0.843
439,-1,1478.1,278.8,41.6,87.9,0.822
439,-1,891.3,333.8,26.8,79.9,0.620
439,-1,718.6,328.8,22.1,63.7,0.547
439,-1,743.3,332.1,16.5,42.3,0.518
439,-1,1147.6,318.3,13.7,54.5,0.238
439,-1,1008.8,326.5,14.7,45.7,0.180
439,-1,925.3,336.3,23.5,76.5,0.178
439,-1,1193.9,294.4,34.8,187.9,0.163
439,-1,750.1,304.2,37.0,69.1,0.126
439,-1,746.5,315.2,24.2,60.0,0.122
439,-1,1089.2,332.6,15.2,50.3,0.120
439,-1,722.4,313.4,20.5,51.2,0.090
439,-1,973.6,321.6,16.2,48.3,0.066
439,-1,645.4,323.1,35.1,77.8,0.065
439,-1,732.5,321.6,22.0,53.0,0.064
439,-1,751.9,301.7,29.6,43.0,0.058
439,-1,73.4,314.5,64.9,100.5,0.056
439,-1,1473.0,291.7,46.4,154.5,0.053
440,-1,319.5,251.8,197.9,421.3,0.999
440,-1,1196.1,286.8,68.6,224.8,0.998
440,-1,844.2,310.4,55.3,153.7,0.997
440,-1,173.8,321.1,58.2,151.8,0.996
440,-1,626.7,326.2,33.9,77.9,0.995
440,-1,939.8,311.3,47.1,152.8,0.995
440,-1,490.4,319.3,57.1,123.0,0.990
440,-1,52.0,317.2,85.7,174.9,0.988
440,-1,989.0,325.4,24.2,66.5,0.982
440,-1,696.3,332.8,22.9,61.4,0.941
440,-1,715.6,336.2,19.5,56.6,0.920
440,-1,903.2,337.2,35.8,79.1,0.907
440,-1,1475.7,279.3,42.5,99.2,0.903
440,-1,1026.3,334.3,15.6,41.1,0.836
440,-1,578.8,344.8,39.5,57.1,0.829
440,-1,741.2,330.0,15.1,47.6,0.793
440,-1,1095.3,329.9,18.4,60.6,0.785
440,-1,653.8,326.3,27.2,74.1,0.740
440,-1,47.6,319.7,46.9,147.2,0.630
440,-1,1190.9,301.9,40.2,200.6,0.277
440,-1,889.0,311.6,34.6,102.9,0.270
440,-1,1407.7,318.7,45.0,108.8,0.251
440,-1,1007.2,329.4,12.4,46.2,0.239
440,-1,1088.9,332.3,16.7,57.8,0.239
440,-1,63.1,317.1,49.3,100.6,0.235
440,-1,922.1,334.0,20.5,83.6,0.207
440,-1,693.8,334.4,12.2,39.2,0.147
440,-1,899.4,315.5,20.0,36.7,0.133
440,-1,1421.5,322.4,21.6,86.7,0.127
440,-1,720.8,332.6,15.9,46.1,0.122
440,-1,595.5,335.4,28.1,65.8,0.105
440,-1,755.8,330.5,14.6,40.3,0.102
440,-1,770.7,331.2,17.0,22.7,0.096
440,-1,1475.0,291.0,42.8,167.0,0.087
440,-1,701.4,328.1,14.6,26.3,0.080
440,-1,41.4,340.8,38.2,119.4,0.076
440,-1,930.0,331.8,18.7,83.4,0.070
440,-1,918.0,324.6,22.9,53.1,0.068
440,-1,974.0,325.6,12.6,39.9,0.064
440,-1,913.8,319.4,23.8,37.0,0.059
440,-1,894.7,319.0,16.3,31.4,0.053
440,-1,81.2,314.7,51.4,100.3,0.053
441,-1,322.5,253.2,200.6,424.1,0.999
441,-1,626.3,326.6,34.7,79.6,0.999
441,-1,167.6,322.2,63.2,151.1,0.999
441,-1,1212.5,290.5,49.8,222.7,0.998
441,-1,843.7,311.4,53.3,154.0,0.997
441,-1,940.4,319.3,44.7,146.6,0.996
441,-1,40.8,320.6,89.0,167.8,0.996
441,-1,489.1,319.3,56.5,126.2,0.992
441,-1,986.4,327.5,24.5,64.7,0.990
441,-1,1190.7,297.9,51.0,204.9,0.986
441,-1,695.2,332.1,25.5,65.2,0.960
441,-1,903.0,341.3,34.8,78.1,0.955
441,-1,1092.4,329.5,22.7,65.1,0.943
441,-1,654.9,328.0,27.4,72.7,0.893
441,-1,1025.1,333.8,17.4,44.5,0.829
441,-1,1476.3,289.9,42.3,77.9,0.806
441,-1,714.7,337.2,20.9,54.9,0.745
441,-1,740.7,336.2,16.3,42.2,0.670
441,-1,891.3,340.6,33.4,79.0,0.602
441,-1,580.6,351.6,36.1,52.9,0.504
441,-1,972.5,330.9,13.4,36.9,0.333
441,-1,719.9,312.4,14.4,36.3,0.314
441,-1,922.3,341.3,19.6,78.3,0.290
441,-1,674.2,316.5,15.1,41.4,0.215
441,-1,885.9,336.2,27.3,69.0,0.211
441,-1,892.8,335.5,17.5,22.9,0.182
441,-1,38.5,324.9,50.2,151.1,0.152
441,-1,1008.0,332.9,12.1,44.5,0.131
441,-1,928.0,329.3,19.1,89.9,0.125
441,-1,1086.6,338.7,13.7,51.2,0.120
441,-1,1145.7,328.5,11.2,32.3,0.107
441,-1,679.9,317.9,14.5,43.9,0.104
441,-1,1186.1,301.4,36.5,163.8,0.097
441,-1,934.7,327.9,18.0,91.1,0.061
441,-1,724.0,334.3,15.3,45.9,0.060
441,-1,888.0,335.4,22.3,41.6,0.051
441,-1,683.9,324.2,14.1,38.5,0.051
442,-1,331.5,254.4,193.5,429.8,0.999
442,-1,1207.1,293.6,54.4,224.6,0.999
442,-1,837.7,317.0,53.1,156.0,0.997
442,-1,620.1,330.0,36.0,83.5,0.995
442,-1,934.6,327.3,45.7,143.4,0.994
442,-1,146.5,330.0,59.1,149.8,0.988
442,-1,14.4,329.4,103.5,171.9,0.981
442,-1,981.5,331.8,26.2,65.7,0.976
442,-1,1187.1,296.2,57.8,219.1,0.975
442,-1,483.4,326.4,53.3,124.8,0.971
442,-1,1020.0,342.7,17.9,41.3,0.917
442,-1,896.4,349.8,34.7,75.4,0.897
442,-1,707.1,338.6,22.8,60.9,0.862
442,-1,688.4,335.2,25.0,65.6,0.811
442,-1,1088.1,337.8,23.8,58.9,0.796
442,-1,1472.6,294.2,41.1,77.3,0.773
442,-1,1001.6,338.6,14.1,43.9,0.706
442,-1,568.4,355.6,40.1,55.2,0.658
442,-1,881.1,340.4,28.4,81.6,0.486
442,-1,1181.4,305.9,39.3,174.6,0.448
442,-1,16.1,327.3,53.3,147.4,0.434
442,-1,913.8,348.5,23.0,78.2,0.388
442,-1,24.9,326.8,37.8,93.6,0.363
442,-1,667.3,319.1,17.5,45.4,0.355
442,-1,121.1,304.0,29.9,50.5,0.352
442,-1,98.1,304.5,29.9,51.9,0.240
442,-1,734.0,340.4,19.2,41.9,0.211
442,-1,709.6,320.2,21.6,46.0,0.130
442,-1,650.2,341.0,23.7,60.8,0.129
442,-1,696.3,325.0,31.5,78.0,0.113
442,-1,715.3,318.2,14.5,29.8,0.093
442,-1,1140.1,337.2,13.8,51.2,0.093
442,-1,676.1,319.7,16.1,46.1,0.089
442,-1,1083.8,342.0,13.2,52.5,0.085
442,-1,690.3,333.2,20.3,32.8,0.084
442,-1,964.5,339.0,15.9,49.4,0.081
442,-1,497.9,332.0,64.7,84.5,0.073
442,-1,715.6,339.5,18.1,49.4,0.064
442,-1,922.4,335.8,22.2,89.5,0.059
442,-1,743.2,314.5,35.8,47.7,0.054
442,-1,1175.1,325.9,24.9,100.2,0.051
443,-1,1208.0,291.8,50.8,229.0,0.999
443,-1,332.0,256.9,193.3,410.6,0.999
443,-1,835.0,316.4,54.5,152.3,0.998
443,-1,145.2,328.6,60.8,151.0,0.996
443,-1,616.9,329.1,36.1,84.1,0.995
443,-1,932.2,322.7,46.3,146.2,0.995
443,-1,978.5,331.2,27.0,67.2,0.986
443,-1,5.3,328.7,102.7,172.0,0.985
443,-1,483.0,324.3,45.8,120.8,0.972
443,-1,1187.4,305.4,56.6,207.2,0.960
443,-1,1019.0,342.3,16.1,41.7,0.948
443,-1,1084.8,336.4,23.6,62.1,0.944
443,-1,895.7,348.4,35.7,76.3,0.937
443,-1,705.3,342.9,19.8,56.9,0.933
443,-1,685.8,334.1,21.7,67.9,0.836
443,-1,1471.1,288.1,40.9,95.0,0.817
443,-1,649.2,338.8,20.1,62.6,0.701
443,-1,1179.1,306.3,38.3,161.2,0.689
443,-1,732.3,340.0,15.6,42.4,0.587
443,-1,998.1,336.5,12.5,45.0,0.545
443,-1,878.8,341.6,26.6,79.2,0.450
443,-1,118.1,304.7,31.6,49.6,0.429
443,-1,1173.1,323.9,29.8,139.6,0.331
443,-1,1415.8,327.2,26.4,96.4,0.305
443,-1,672.9,336.5,12.7,33.2,0.272
443,-1,1173.0,335.4,18.8,86.8,0.259
443,-1,1084.1,341.1,13.8,55.0,0.220
443,-1,916.1,340.9,23.2,82.8,0.185
443,-1,16.5,325.8,64.6,103.2,0.171
443,-1,1138.1,330.1,12.2,51.7,0.156
443,-1,926.2,334.4,17.0,87.9,0.144
443,-1,782.0,337.7,13.5,28.0,0.137
443,-1,573.8,355.7,29.1,53.7,0.117
443,-1,713.4,317.9,13.8,34.3,0.113
443,-1,910.8,344.8,21.2,70.1,0.085
443,-1,735.9,327.2,15.2,27.8,0.070
443,-1,1182.1,291.7,102.3,234.4,0.055
443,-1,707.1,328.6,20.6,43.5,0.053
443,-1,511.7,343.9,24.0,73.6,0.051
444,-1,1210.3,296.0,47.9,230.5,1.000
444,-1,343.1,256.7,173.0,415.2,0.999
444,-1,930.3,328.8,44.3,142.5,0.998
444,-1,614.8,329.6,35.8,83.7,0.998
444,-1,830.3,315.8,58.9,157.4,0.998
444,-1,128.7,328.9,69.6,152.2,0.996
444,-1,976.7,335.8,26.0,64.0,0.992
444,-1,1181.5,308.8,45.6,203.4,0.988
444,-1,703.1,341.8,20.3,60.3,0.986
444,-1,2.0,327.6,94.2,174.2,0.984
444,-1,682.0,335.8,22.2,66.5,0.961
444,-1,891.5,346.1,38.0,82.0,0.961
444,-1,480.7,325.1,40.4,92.5,0.954
444,-1,1016.0,344.4,17.5,40.8,0.910
444,-1,1085.2,340.3,22.7,60.1,0.876
444,-1,1468.7,296.3,41.8,75.7,0.870
444,-1,646.1,342.2,21.7,61.5,0.853
444,-1,994.4,339.5,14.1,44.4,0.803
444,-1,873.5,344.2,27.2,80.5,0.795
444,-1,1170.5,306.4,45.2,159.0,0.758
444,-1,112.5,304.6,31.1,50.6,0.508
444,-1,669.8,340.8,12.9,28.6,0.429
444,-1,570.9,359.7,24.8,52.2,0.331
444,-1,1420.3,329.4,21.0,47.5,0.250
444,-1,1180.1,327.8,22.6,138.9,0.217
444,-1,884.0,341.9,16.7,22.2,0.211
444,-1,487.9,326.9,58.9,91.3,0.204
444,-1,913.6,360.2,19.2,66.6,0.156
444,-1,1169.5,328.0,27.1,119.9,0.138
444,-1,918.4,339.8,20.1,84.0,0.132
444,-1,511.9,345.5,50.4,71.8,0.115
444,-1,1082.4,340.6,14.6,55.1,0.109
444,-1,503.6,334.8,26.4,84.7,0.104
444,-1,2.4,316.2,36.5,182.2,0.104
444,-1,781.9,340.6,10.5,22.0,0.096
444,-1,482.0,324.7,25.9,29.8,0.089
444,-1,920.7,339.0,18.8,42.1,0.088
444,-1,7.5,327.3,67.4,109.9,0.069
444,-1,14.6,328.8,153.1,165.4,0.063
444,-1,1136.1,333.5,12.2,36.7,0.057
444,-1,711.5,319.5,13.7,29.9,0.051
445,-1,350.7,253.1,161.0,415.9,0.999
445,-1,826.9,317.5,55.9,154.9,0.999
445,-1,1202.3,295.9,53.3,227.1,0.998
445,-1,925.9,322.6,45.8,149.9,0.997
445,-1,610.6,327.9,36.3,85.4,0.995
445,-1,971.2,333.5,28.4,66.1,0.992
445,-1,133.8,328.4,53.9,154.0,0.990
445,-1,698.6,342.9,22.2,59.7,0.974
445,-1,1174.8,306.1,44.9,186.4,0.972
445,-1,887.2,348.4,36.6,77.8,0.952
445,-1,1082.1,338.4,23.8,62.8,0.950
445,-1,1466.4,298.3,41.4,75.1,0.946
445,-1,0.2,328.9,76.8,174.1,0.939
445,-1,475.7,325.7,45.2,91.6,0.935
445,-1,1014.9,343.7,16.3,41.1,0.862
445,-1,641.6,339.1,21.0,64.7,0.860
445,-1,677.4,334.9,21.9,64.9,0.816
445,-1,724.8,340.1,18.0,44.1,0.779
445,-1,874.9,343.2,27.8,80.5,0.730
445,-1,1409.9,330.9,31.9,85.8,0.706
445,-1,1167.1,320.3,36.9,148.3,0.676
445,-1,1408.9,329.8,36.5,46.9,0.587
445,-1,705.4,318.4,16.8,34.7,0.207
445,-1,106.2,305.3,33.4,50.3,0.172
445,-1,991.3,339.2,15.9,51.0,0.129
445,-1,907.8,350.2,21.2,77.2,0.122
445,-1,0.6,323.8,29.8,174.0,0.118
445,-1,667.5,340.8,15.7,28.3,0.105
445,-1,1078.2,342.3,13.5,50.1,0.099
445,-1,469.2,330.9,50.0,157.8,0.094
445,-1,914.7,359.6,18.3,65.8,0.092
445,-1,491.7,334.0,57.5,82.9,0.052
446,-1,348.0,254.1,164.2,410.1,1.000
446,-1,1197.4,295.6,55.6,226.6,0.999
446,-1,823.8,316.3,58.9,157.7,0.998
446,-1,923.2,326.3,46.7,147.4,0.998
446,-1,607.1,329.7,37.5,85.3,0.997
446,-1,113.0,332.0,67.9,151.2,0.994
446,-1,694.0,339.6,25.6,64.7,0.987
446,-1,971.2,335.2,25.5,65.8,0.987
446,-1,1080.0,340.0,24.3,66.8,0.981
446,-1,1177.6,305.7,46.7,207.1,0.981
446,-1,0.0,330.4,65.3,171.9,0.977
446,-1,885.9,347.7,35.6,79.3,0.962
446,-1,1162.9,306.6,49.5,162.0,0.932
446,-1,473.6,327.2,42.8,93.5,0.929
446,-1,1465.5,297.4,40.7,76.3,0.921
446,-1,673.8,335.8,22.5,67.2,0.903
446,-1,989.8,339.5,13.5,44.3,0.887
446,-1,1011.3,342.3,18.3,43.4,0.874
446,-1,722.4,339.8,17.5,44.7,0.782
446,-1,866.7,342.4,30.0,86.0,0.780
446,-1,1413.8,328.4,41.1,49.9,0.690
446,-1,1412.7,329.4,32.3,81.0,0.554
446,-1,0.2,333.3,22.5,165.8,0.554
446,-1,639.1,335.0,19.7,67.6,0.448
446,-1,911.8,340.1,22.9,87.1,0.413
446,-1,901.7,349.3,24.1,78.5,0.390
446,-1,103.1,303.5,31.6,53.5,0.350
446,-1,983.1,338.3,18.5,58.2,0.273
446,-1,658.1,318.8,15.1,48.6,0.199
446,-1,687.0,342.5,18.9,60.9,0.162
446,-1,703.5,317.5,15.3,30.3,0.157
446,-1,645.1,329.7,26.1,72.1,0.116
446,-1,664.9,326.7,15.0,41.2,0.094
446,-1,665.4,339.9,19.2,61.6,0.083
446,-1,914.1,334.7,22.9,40.3,0.078
446,-1,899.8,343.8,22.9,50.8,0.067
446,-1,1162.8,329.6,24.2,118.2,0.063
446,-1,627.3,322.6,41.3,84.3,0.061
446,-1,502.3,346.0,51.6,72.2,0.057
446,-1,877.7,337.9,16.4,24.3,0.050
447,-1,337.0,250.3,170.9,423.7,1.000
447,-1,1193.0,293.9,55.8,229.8,0.999
447,-1,814.2,317.7,58.2,154.1,0.998
447,-1,600.0,329.1,39.3,86.6,0.998
447,-1,918.2,329.1,44.3,145.1,0.997
447,-1,965.6,333.7,25.5,65.6,0.994
447,-1,663.7,335.9,23.6,67.2,0.989
447,-1,88.9,332.1,74.6,148.7,0.987
447,-1,690.3,343.2,19.5,58.1,0.982
447,-1,1173.0,306.0,47.9,210.2,0.974
447,-1,1155.1,305.6,52.4,161.8,0.970
447,-1,881.1,347.0,33.9,79.7,0.965
447,-1,1075.1,340.7,23.5,58.5,0.917
447,-1,1459.6,296.5,40.8,77.7,0.901
447,-1,715.3,340.2,18.6,44.3,0.889
447,-1,1005.5,346.2,17.6,39.0,0.860
447,-1,466.2,322.4,46.0,97.1,0.792
447,-1,1408.1,327.9,42.4,49.9,0.691
447,-1,90.4,304.2,28.1,52.5,0.686
447,-1,629.7,340.0,12.9,59.1,0.635
447,-1,865.7,344.5,27.1,71.4,0.602
447,-1,0.0,356.1,29.0,142.5,0.577
447,-1,982.2,338.1,12.8,48.6,0.416
447,-1,1407.0,329.6,44.6,90.2,0.394
447,-1,950.2,341.1,15.1,40.7,0.381
447,-1,906.4,332.4,21.6,93.9,0.275
447,-1,901.0,353.3,19.5,73.7,0.237
447,-1,696.8,320.1,14.5,31.3,0.206
447,-1,657.1,329.6,13.6,39.2,0.155
447,-1,464.2,327.7,47.4,265.9,0.145
447,-1,866.6,341.4,20.4,24.4,0.134
447,-1,767.4,338.6,12.8,27.7,0.112
447,-1,673.5,337.7,19.4,62.1,0.100
447,-1,684.1,340.7,19.7,62.1,0.093
447,-1,909.0,334.5,19.1,48.2,0.091
447,-1,650.3,322.5,12.3,45.6,0.087
447,-1,714.9,328.0,19.1,40.8,0.081
447,-1,89.4,290.3,44.8,69.2,0.073
447,-1,893.7,343.5,22.9,49.2,0.070
447,-1,960.7,333.3,13.5,48.7,0.068
447,-1,763.9,338.4,11.7,25.7,0.066
447,-1,707.2,333.4,19.4,49.6,0.061
447,-1,658.0,332.2,16.6,55.9,0.053
448,-1,335.3,248.5,172.4,429.3,1.000
448,-1,1192.7,293.3,55.5,232.9,0.999
448,-1,814.2,318.3,53.6,157.5,0.998
448,-1,598.1,330.6,39.4,84.8,0.997
448,-1,915.1,331.3,47.2,143.1,0.996
448,-1,84.8,331.4,74.6,150.0,0.990
448,-1,961.8,336.0,26.2,64.3,0.989
448,-1,687.3,342.4,20.9,60.2,0.985
448,-1,660.3,333.3,26.6,71.9,0.974
448,-1,1151.4,307.6,54.6,159.9,0.974
448,-1,1073.2,341.5,24.5,60.9,0.969
448,-1,876.8,348.3,33.7,79.3,0.964
448,-1,1168.2,305.3,49.0,201.4,0.955
448,-1,1458.0,299.1,40.8,74.5,0.949
448,-1,712.4,341.1,16.6,44.8,0.875
448,-1,1408.4,329.1,41.2,50.9,0.862
448,-1,1003.3,347.6,17.3,38.6,0.859
448,-1,86.0,306.5,23.9,52.0,0.810
448,-1,0.1,328.0,16.4,167.4,0.606
448,-1,63.8,307.7,24.3,52.6,0.532
448,-1,650.0,320.3,12.9,47.8,0.484
448,-1,858.8,340.3,31.1,79.1,0.437
448,-1,900.7,342.0,22.4,86.6,0.420
448,-1,458.7,312.8,50.3,105.3,0.387
448,-1,983.4,338.9,11.6,47.0,0.378
448,-1,695.4,318.0,13.9,30.7,0.301
448,-1,625.5,338.0,14.9,62.7,0.289
448,-1,636.9,325.0,15.0,46.0,0.263
448,-1,1069.4,341.4,14.5,57.6,0.227
448,-1,630.2,322.4,15.6,55.9,0.126
448,-1,1151.9,328.4,31.8,136.3,0.119
448,-1,864.1,340.5,15.3,24.1,0.106
448,-1,762.9,339.6,12.1,25.1,0.084
448,-1,128.1,374.6,53.2,105.7,0.079
448,-1,655.5,327.3,13.4,42.7,0.077
448,-1,1456.4,293.1,43.3,145.7,0.075
448,-1,106.2,339.7,41.0,135.3,0.072
448,-1,950.9,337.8,14.7,46.4,0.064
448,-1,889.3,347.5,23.5,47.0,0.062
448,-1,100.7,297.7,27.8,53.5,0.054
448,-1,868.0,346.3,23.5,53.8,0.052
449,-1,334.1,249.0,175.0,429.0,1.000
449,-1,1191.9,295.0,57.3,233.8,0.999
449,-1,811.6,318.7,55.7,156.8,0.997
449,-1,597.1,330.1,40.9,85.8,0.997
449,-1,913.0,329.1,47.8,145.3,0.996
449,-1,92.8,329.3,64.1,149.3,0.996
449,-1,660.4,333.8,25.1,70.8,0.992
449,-1,685.4,341.3,23.2,60.2,0.991
449,-1,962.3,333.9,25.7,63.4,0.987
449,-1,1150.6,308.0,54.4,160.7,0.978
449,-1,884.4,347.9,28.3,79.9,0.973
449,-1,1072.1,340.0,25.5,61.5,0.931
449,-1,1457.8,292.1,42.3,82.3,0.913
449,-1,1172.2,307.9,46.0,206.7,0.911
449,-1,711.6,340.5,16.5,44.8,0.833
449,-1,1002.9,347.1,17.9,38.6,0.833
449,-1,1408.5,329.0,41.7,48.7,0.753
449,-1,84.6,305.7,26.2,50.2,0.511
449,-1,621.4,331.6,16.6,64.2,0.439
449,-1,649.6,320.6,13.1,46.5,0.422
449,-1,1408.1,328.0,44.1,94.5,0.371
449,-1,862.3,344.7,26.9,70.0,0.347
449,-1,903.1,340.0,21.9,87.2,0.304
449,-1,694.3,317.8,15.2,29.3,0.299
449,-1,634.7,324.7,17.2,45.9,0.269
449,-1,980.1,338.2,14.0,48.8,0.259
449,-1,1068.7,341.8,13.1,53.7,0.225
449,-1,61.5,305.0,25.9,57.0,0.213
449,-1,627.9,326.4,16.8,56.4,0.195
449,-1,863.6,343.5,17.7,21.7,0.165
449,-1,763.2,338.8,13.3,30.1,0.124
449,-1,1177.4,387.1,37.8,124.5,0.092
449,-1,949.8,337.0,14.4,47.4,0.090
449,-1,717.0,341.1,17.5,43.0,0.077
449,-1,1151.5,338.5,22.9,112.7,0.077
449,-1,894.3,349.2,19.3,53.0,0.064
450,-1,330.4,244.8,187.2,440.5,0.999
450,-1,1191.6,294.4,56.7,235.1,0.999
450,-1,811.6,319.5,54.7,154.2,0.997
450,-1,914.0,329.2,46.9,145.6,0.995
450,-1,597.6,330.8,40.2,85.6,0.994
450,-1,76.5,327.6,70.1,153.4,0.990
450,-1,960.3,334.6,27.9,64.6,0.980
450,-1,682.7,342.6,28.6,61.9,0.977
450,-1,1149.3,306.1,55.2,162.7,0.972
450,-1,876.0,351.8,33.5,75.2,0.957
450,-1,657.1,332.4,29.3,72.1,0.939
450,-1,1174.0,306.7,44.4,208.5,0.914
450,-1,1072.0,337.6,26.0,67.0,0.905
450,-1,1459.3,293.5,42.4,79.6,0.835
450,-1,1002.5,342.8,19.7,41.7,0.569
450,-1,890.8,351.0,23.6,78.9,0.561
450,-1,901.4,341.8,23.5,85.7,0.346
450,-1,645.9,322.5,15.5,47.3,0.334
450,-1,710.0,342.9,19.2,40.9,0.285
450,-1,628.6,323.0,21.7,53.5,0.160
450,-1,694.0,320.4,15.7,31.2,0.121
450,-1,1068.7,341.0,17.1,54.7,0.080
450,-1,725.4,316.0,33.1,36.8,0.077
450,-1,861.6,347.6,27.5,75.1,0.074
450,-1,1148.9,330.3,32.3,133.8,0.073
450,-1,720.8,314.2,37.4,65.4,0.069
450,-1,624.4,337.8,16.1,65.7,0.066
450,-1,950.0,332.0,17.7,48.5,0.062
450,-1,1453.8,283.9,51.4,175.0,0.060
450,-1,712.6,326.8,24.1,54.5,0.051
451,-1,322.9,243.1,213.4,443.0,1.000
451,-1,1192.2,295.3,55.9,237.1,0.999
451,-1,804.9,320.3,55.9,154.1,0.998
451,-1,911.1,322.9,47.9,153.3,0.996
451,-1,595.0,334.8,39.9,84.6,0.996
451,-1,71.1,329.1,57.7,155.4,0.992
451,-1,959.9,336.7,26.2,65.9,0.988
451,-1,875.1,351.0,33.7,77.9,0.973
451,-1,1070.7,336.4,25.3,73.3,0.970
451,-1,1145.6,309.5,57.0,160.8,0.965
451,-1,653.3,336.2,25.1,71.4,0.963
451,-1,682.0,344.7,24.4,59.9,0.954
451,-1,1172.5,305.2,46.7,212.1,0.891
451,-1,1002.4,346.2,16.0,39.4,0.788
451,-1,706.9,341.7,16.5,45.5,0.774
451,-1,977.4,339.0,12.2,48.2,0.734
451,-1,1457.2,292.8,42.0,82.5,0.600
451,-1,892.1,347.8,22.3,81.4,0.496
451,-1,970.9,337.5,17.0,57.1,0.327
451,-1,670.9,345.6,13.8,58.2,0.311
451,-1,904.6,336.7,19.0,90.0,0.289
451,-1,854.3,340.2,31.1,88.2,0.287
451,-1,1449.9,282.6,50.7,174.5,0.274
451,-1,712.8,345.5,16.7,42.2,0.208
451,-1,760.4,340.2,14.5,35.6,0.188
451,-1,692.0,319.4,14.5,34.5,0.151
451,-1,1144.9,334.3,28.6,132.1,0.070
451,-1,127.5,380.6,54.2,64.3,0.062
451,-1,884.4,348.3,24.4,52.5,0.053
452,-1,324.1,245.9,216.3,440.9,1.000
452,-1,1189.4,293.1,58.0,229.5,0.999
452,-1,806.8,323.3,51.7,152.6,0.998
452,-1,592.9,336.3,38.9,82.0,0.996
452,-1,910.7,327.9,47.7,148.7,0.995
452,-1,66.5,327.3,56.5,158.9,0.993
452,-1,962.7,339.7,20.6,59.7,0.986
452,-1,872.9,350.8,35.3,79.7,0.970
452,-1,1143.6,325.3,48.7,144.1,0.970
452,-1,1171.7,306.5,44.1,208.3,0.909
452,-1,648.9,332.3,28.8,71.3,0.842
452,-1,679.0,334.7,28.1,70.1,0.829
452,-1,857.6,349.9,29.7,78.9,0.581
452,-1,1071.8,341.9,23.6,56.1,0.510
452,-1,888.5,346.8,27.4,83.9,0.480
452,-1,897.5,338.4,29.1,90.7,0.291
452,-1,1000.8,348.3,19.1,35.2,0.173
452,-1,1176.9,302.3,29.4,113.7,0.157
452,-1,1408.3,331.4,32.4,76.3,0.080
452,-1,654.9,324.1,43.0,80.8,0.073
452,-1,978.0,342.4,16.9,46.9,0.054
453,-1,319.4,251.0,227.8,441.1,1.000
453,-1,803.1,325.7,55.5,155.4,0.996
453,-1,1190.6,298.5,68.0,237.9,0.996
453,-1,912.3,332.5,48.9,148.1,0.996
453,-1,596.5,341.3,37.7,81.3,0.994
453,-1,65.8,334.6,50.6,158.9,0.980
453,-1,1139.9,338.8,44.7,137.0,0.979
453,-1,1173.3,308.9,43.1,212.6,0.964
453,-1,960.4,341.9,24.9,64.2,0.959
453,-1,868.3,358.1,36.0,76.0,0.940
453,-1,1068.1,342.7,30.5,61.8,0.863
453,-1,648.2,335.2,27.5,75.2,0.843
453,-1,1459.3,291.0,44.5,90.1,0.816
453,-1,681.1,349.6,25.7,62.1,0.804
453,-1,665.9,348.2,21.0,63.3,0.683
453,-1,890.1,350.1,26.6,85.3,0.667
453,-1,1173.7,310.8,34.0,103.9,0.603
453,-1,1002.1,349.9,20.9,38.8,0.593
453,-1,1168.9,329.6,29.3,144.9,0.554
453,-1,979.0,344.9,13.4,51.4,0.359
453,-1,900.0,349.5,24.5,82.5,0.267
453,-1,1450.9,287.9,53.8,171.0,0.208
453,-1,851.6,345.1,34.8,86.0,0.135
453,-1,689.7,324.8,16.8,36.6,0.124
453,-1,625.0,331.3,25.5,55.9,0.121
453,-1,648.1,338.6,25.0,40.3,0.119
453,-1,720.5,319.9,29.4,41.9,0.098
453,-1,672.5,327.3,29.2,54.9,0.077
453,-1,952.7,339.2,17.0,45.0,0.074
453,-1,492.7,361.0,47.7,64.8,0.074
453,-1,714.0,320.1,40.7,66.0,0.056
453,-1,892.2,349.0,23.0,43.9,0.052
454,-1,326.0,253.5,219.9,445.0,1.000
454,-1,1193.6,300.0,67.7,235.9,0.994
454,-1,598.4,342.8,37.6,82.6,0.994
454,-1,914.1,333.7,47.9,147.6,0.993
454,-1,806.9,326.9,52.9,152.7,0.992
454,-1,63.0,333.7,56.9,163.0,0.989
454,-1,1142.5,339.9,46.1,137.0,0.983
454,-1,964.2,342.8,22.9,63.0,0.961
454,-1,874.4,360.0,36.5,75.4,0.938
454,-1,1178.4,310.0,39.1,208.3,0.821
454,-1,1174.1,343.0,25.7,129.9,0.745
454,-1,667.3,339.1,24.6,73.1,0.728
454,-1,651.1,339.6,25.0,71.3,0.679
454,-1,1075.9,344.5,24.3,57.3,0.638
454,-1,890.7,355.0,28.4,82.4,0.472
454,-1,983.5,347.9,14.1,36.8,0.378
454,-1,1183.9,310.1,29.1,69.0,0.279
454,-1,1178.6,333.0,26.0,83.6,0.235
454,-1,684.2,348.9,27.7,60.0,0.215
454,-1,1006.2,358.1,18.2,31.1,0.214
454,-1,902.5,344.7,26.5,88.7,0.198
454,-1,1463.7,298.2,44.6,81.4,0.160
454,-1,975.6,347.0,14.4,48.6,0.074
454,-1,652.1,342.4,21.0,38.6,0.069
454,-1,956.9,343.5,22.1,55.1,0.060
454,-1,953.0,347.5,15.4,41.3,0.051
455,-1,328.7,252.8,215.3,450.1,1.000
455,-1,62.9,338.5,57.7,155.5,0.998
455,-1,1201.0,296.1,59.7,238.2,0.997
455,-1,806.2,327.1,54.7,153.5,0.997
455,-1,918.2,333.9,48.0,146.9,0.995
455,-1,602.6,341.6,37.6,83.7,0.995
455,-1,967.4,341.1,24.5,65.0,0.988
455,-1,1143.3,332.5,47.3,145.0,0.986
455,-1,655.4,341.3,23.4,69.6,0.953
455,-1,1176.7,307.1,41.7,213.2,0.947
455,-1,878.1,355.4,36.5,79.0,0.941
455,-1,687.9,351.2,24.0,60.7,0.918
455,-1,1007.3,345.3,20.1,45.2,0.891
455,-1,1074.7,342.2,29.9,61.8,0.863
455,-1,1467.0,294.1,44.0,89.3,0.829
455,-1,983.1,341.9,13.1,50.7,0.674
455,-1,896.9,351.1,27.2,84.2,0.673
455,-1,669.7,350.2,20.5,59.9,0.617
455,-1,1178.1,309.3,36.6,110.2,0.554
455,-1,1461.9,288.9,49.6,165.8,0.319
455,-1,957.9,336.0,17.0,45.1,0.251
455,-1,715.1,346.6,17.4,45.3,0.226
455,-1,962.4,338.8,20.1,55.3,0.185
455,-1,1186.5,308.7,28.6,67.4,0.182
455,-1,867.7,343.1,36.8,86.7,0.172
455,-1,679.0,357.9,15.1,50.6,0.151
455,-1,731.0,333.9,25.6,33.2,0.148
455,-1,702.4,351.1,13.9,53.6,0.127
455,-1,673.5,343.0,32.8,71.9,0.124
455,-1,907.1,345.6,23.4,87.5,0.109
455,-1,543.3,364.9,39.1,57.8,0.108
455,-1,857.0,345.8,33.6,87.3,0.099
455,-1,661.7,328.5,33.2,86.2,0.087
455,-1,874.1,322.4,26.2,42.8,0.084
455,-1,1125.2,333.7,14.7,46.0,0.074
455,-1,900.5,344.0,22.5,49.6,0.071
455,-1,0.0,242.9,14.3,673.7,0.059
456,-1,331.2,256.2,209.1,443.1,1.000
456,-1,1199.9,300.6,74.5,236.6,0.995
456,-1,604.0,343.1,38.4,84.4,0.994
456,-1,809.7,328.0,56.3,154.6,0.994
456,-1,920.3,331.4,47.3,150.9,0.993
456,-1,60.8,336.3,61.4,159.3,0.988
456,-1,1146.0,337.6,44.9,140.6,0.985
456,-1,970.2,344.6,21.3,62.6,0.969
456,-1,880.1,357.3,36.4,80.4,0.958
456,-1,1181.9,311.3,44.0,215.1,0.951
456,-1,656.1,344.0,24.7,67.5,0.919
456,-1,1081.0,343.5,27.6,61.8,0.859
456,-1,985.4,347.1,13.0,48.9,0.851
456,-1,672.1,343.6,23.4,67.2,0.817
456,-1,1471.5,299.4,43.4,81.5,0.709
456,-1,1010.2,351.3,21.0,40.8,0.589
456,-1,1183.9,311.2,34.4,108.2,0.557
456,-1,690.5,351.1,26.4,60.0,0.516
456,-1,716.9,350.8,17.1,41.5,0.257
456,-1,898.0,357.9,25.1,80.4,0.246
456,-1,1176.7,342.6,30.4,129.2,0.200
456,-1,1073.4,349.7,26.4,54.3,0.067
456,-1,908.0,369.2,19.8,63.6,0.065
456,-1,1166.5,322.0,48.9,116.4,0.051
457,-1,335.4,260.6,205.8,440.3,1.000
457,-1,608.5,341.6,38.7,86.6,0.995
457,-1,1203.7,301.5,74.7,238.3,0.994
457,-1,53.6,336.6,69.6,159.7,0.994
457,-1,810.7,327.4,59.5,154.3,0.994
457,-1,922.6,336.2,49.6,146.5,0.993
457,-1,1148.7,338.2,45.9,139.7,0.986
457,-1,971.5,341.9,24.8,66.2,0.983
457,-1,1181.9,311.6,46.1,211.0,0.970
457,-1,1083.4,343.4,26.6,71.8,0.949
457,-1,884.2,359.5,36.9,78.1,0.947
457,-1,659.4,338.7,27.7,74.5,0.943
457,-1,1014.3,351.9,18.9,40.5,0.831
457,-1,694.7,351.9,25.0,60.5,0.828
457,-1,1476.0,296.1,42.9,84.1,0.816
457,-1,677.2,348.7,21.6,63.5,0.769
457,-1,991.3,346.4,11.5,49.8,0.541
457,-1,88.7,316.4,29.9,52.8,0.456
457,-1,727.2,321.7,37.2,66.1,0.248
457,-1,719.4,341.7,19.4,52.3,0.235
457,-1,669.2,334.8,39.3,79.2,0.226
457,-1,731.0,323.8,25.5,40.6,0.172
457,-1,907.5,359.7,22.7,77.9,0.166
457,-1,1185.4,313.6,37.1,107.5,0.159
457,-1,915.4,364.0,18.6,68.3,0.131
457,-1,708.0,336.9,23.4,56.0,0.109
457,-1,1075.6,364.6,16.7,38.9,0.098
457,-1,740.2,327.8,28.0,38.2,0.058
457,-1,726.9,339.1,21.2,53.1,0.056
457,-1,861.7,355.7,36.7,85.2,0.053
457,-1,1086.4,347.3,21.9,38.1,0.051
457,-1,539.8,363.3,51.1,65.2,0.050
457,-1,722.4,325.5,28.2,32.9,0.050
458,-1,334.5,258.1,216.0,447.8,1.000
458,-1,814.6,324.4,53.4,156.1,0.999
458,-1,610.3,338.9,37.9,89.9,0.998
458,-1,50.8,341.2,66.7,155.7,0.997
458,-1,924.6,334.1,49.5,145.8,0.997
458,-1,1203.9,297.8,83.9,245.4,0.997
458,-1,974.4,341.1,23.4,66.1,0.996
458,-1,1145.9,334.1,45.2,140.4,0.993
458,-1,700.3,358.9,19.5,51.3,0.980
458,-1,660.2,341.6,18.5,67.2,0.974
458,-1,1187.8,304.9,41.7,222.4,0.973
458,-1,994.1,345.0,12.5,46.5,0.971
458,-1,885.4,358.1,36.9,78.6,0.970
458,-1,1085.4,341.3,28.6,75.7,0.969
458,-1,680.0,352.1,17.9,59.2,0.962
458,-1,1481.5,297.5,42.2,82.0,0.950
458,-1,1018.3,350.6,15.9,41.8,0.933
458,-1,87.9,316.9,35.0,52.0,0.813
458,-1,61.6,318.1,24.0,42.5,0.768
458,-1,721.8,348.8,13.8,43.7,0.708
458,-1,1188.6,308.6,38.5,119.0,0.695
458,-1,60.9,318.1,38.0,55.4,0.442
458,-1,903.3,359.2,24.9,78.0,0.391
458,-1,911.9,369.3,21.1,66.9,0.317
458,-1,665.4,346.7,22.6,66.2,0.279
458,-1,1475.6,285.2,48.0,162.7,0.130
458,-1,1428.7,301.6,46.6,78.5,0.123
458,-1,1185.7,350.3,18.2,72.1,0.103
458,-1,917.1,346.4,20.8,88.9,0.092
458,-1,704.3,348.4,19.1,53.8,0.088
458,-1,863.1,347.7,15.9,22.4,0.078
458,-1,711.4,349.2,13.4,44.8,0.067
458,-1,686.2,351.2,16.9,55.3,0.063
458,-1,876.5,350.9,24.2,69.5,0.060
458,-1,514.8,361.6,66.3,66.7,0.058
458,-1,872.0,373.4,25.1,58.4,0.057
459,-1,339.6,256.9,220.4,454.3,1.000
459,-1,815.2,322.6,55.5,157.3,0.998
459,-1,608.9,335.5,38.4,90.1,0.998
459,-1,926.3,332.8,46.7,145.4,0.996
459,-1,1202.0,297.2,88.5,240.1,0.996
459,-1,46.6,337.3,67.7,160.6,0.995
459,-1,1147.5,331.8,42.8,142.7,0.994
459,-1,973.9,338.9,24.5,65.3,0.991
459,-1,1191.0,305.5,43.0,220.7,0.971
459,-1,677.7,349.3,21.5,61.1,0.968
459,-1,701.3,358.3,20.7,51.3,0.967
459,-1,885.5,357.1,37.1,76.6,0.965
459,-1,660.4,339.8,20.7,67.9,0.961
459,-1,993.7,342.3,13.6,48.5,0.953
459,-1,1017.7,347.8,18.6,43.8,0.952
459,-1,1086.3,340.3,29.0,68.2,0.945
459,-1,1482.4,294.0,44.0,81.9,0.932
459,-1,59.2,316.7,29.6,44.3,0.774
459,-1,87.3,313.0,31.8,54.6,0.702
459,-1,1189.7,308.4,39.2,121.3,0.576
459,-1,720.7,344.6,15.9,46.2,0.564
459,-1,913.3,365.4,23.0,69.1,0.425
459,-1,872.6,348.6,29.1,76.2,0.201
459,-1,705.6,325.1,14.8,33.6,0.188
459,-1,1426.3,296.2,51.5,78.9,0.174
459,-1,1186.7,359.1,17.7,62.8,0.165
459,-1,903.7,363.4,23.6,71.1,0.158
459,-1,689.9,348.4,20.9,60.8,0.142
459,-1,714.7,349.3,14.5,42.8,0.125
459,-1,970.6,336.0,19.2,59.9,0.087
459,-1,538.3,361.4,53.1,63.1,0.086
459,-1,1478.0,288.6,48.9,151.4,0.080
459,-1,52.7,313.3,49.2,57.7,0.074
459,-1,702.9,342.6,18.4,32.7,0.064
460,-1,341.5,251.6,221.6,458.9,1.000
460,-1,816.2,319.6,54.3,158.8,0.998
460,-1,42.1,336.0,70.8,157.8,0.998
460,-1,1205.4,292.8,85.5,245.0,0.997
460,-1,927.5,326.3,47.9,151.5,0.997
460,-1,613.0,334.3,40.8,89.5,0.997
460,-1,659.5,339.0,21.1,69.9,0.996
460,-1,979.0,338.7,20.7,64.9,0.995
460,-1,1147.5,329.0,43.4,143.2,0.995
460,-1,681.3,346.1,21.1,60.5,0.989
460,-1,702.1,355.6,20.1,50.9,0.984
460,-1,1190.2,306.1,43.5,213.5,0.973
460,-1,1092.0,334.8,25.4,73.1,0.969
460,-1,886.1,351.4,38.2,82.3,0.969
460,-1,1020.9,345.7,16.8,42.5,0.957
460,-1,1485.5,287.9,43.6,86.6,0.897
460,-1,997.4,341.5,11.4,46.6,0.853
460,-1,722.2,345.1,14.8,45.2,0.788
460,-1,88.0,311.2,35.2,54.5,0.764
460,-1,63.8,315.1,24.0,47.1,0.633
460,-1,919.0,358.8,18.1,74.2,0.504
460,-1,1192.3,304.6,38.9,114.9,0.361
460,-1,910.2,357.3,22.5,75.9,0.284
460,-1,778.4,336.9,12.2,28.3,0.117
460,-1,717.3,347.7,13.8,42.3,0.093
460,-1,1482.2,283.5,46.9,161.9,0.089
460,-1,1088.3,335.9,15.3,63.4,0.076
460,-1,334.7,339.0,16.4,33.6,0.073
460,-1,703.4,343.1,18.6,35.8,0.066
460,-1,710.4,325.8,12.5,29.9,0.065
460,-1,969.7,339.8,12.8,38.5,0.050
461,-1,340.2,249.1,226.8,461.3,1.000
461,-1,929.6,330.0,47.6,144.7,0.998
461,-1,815.9,317.9,54.9,158.2,0.998
461,-1,657.8,338.4,22.6,70.3,0.997
461,-1,609.7,331.2,45.9,92.3,0.997
461,-1,38.1,335.5,67.4,155.1,0.997
461,-1,1206.4,291.7,84.5,242.4,0.996
461,-1,1147.2,327.9,44.6,142.4,0.994
461,-1,978.2,337.2,21.7,65.2,0.994
461,-1,1090.2,335.5,25.5,73.2,0.988
461,-1,702.7,350.6,19.3,55.7,0.986
461,-1,682.6,345.9,19.3,59.4,0.984
461,-1,1193.2,305.2,44.5,216.4,0.977
461,-1,1022.0,344.4,16.1,42.0,0.971
461,-1,885.7,351.4,39.5,80.9,0.970
461,-1,1487.2,284.7,42.9,85.3,0.931
461,-1,86.5,310.7,35.0,53.7,0.927
461,-1,723.9,341.8,14.5,44.6,0.850
461,-1,62.9,314.4,20.8,48.3,0.839
461,-1,997.1,339.6,11.5,46.2,0.800
461,-1,905.4,347.9,25.5,83.3,0.490
461,-1,1193.4,303.5,39.5,121.8,0.412
461,-1,1480.9,284.0,49.8,173.1,0.298
461,-1,1087.1,338.3,13.3,60.4,0.258
461,-1,918.9,356.3,19.4,75.0,0.258
461,-1,779.5,335.5,11.4,28.8,0.230
461,-1,876.6,346.2,24.4,63.5,0.165
461,-1,693.8,345.9,15.5,58.0,0.134
461,-1,711.6,350.5,15.1,48.6,0.124
461,-1,713.3,338.6,17.4,47.9,0.112
461,-1,606.2,353.6,20.0,66.7,0.096
461,-1,1525.6,287.8,40.0,83.1,0.086
461,-1,861.1,341.6,17.9,23.7,0.082
461,-1,708.6,341.5,16.3,41.4,0.080
461,-1,682.3,339.0,18.4,41.8,0.074
461,-1,673.4,336.4,14.5,40.2,0.066
461,-1,877.7,341.1,16.7,23.5,0.065
461,-1,1187.3,349.1,15.4,70.0,0.057
461,-1,710.4,325.2,13.0,28.5,0.053
461,-1,532.6,355.1,49.8,69.5,0.052
461,-1,863.5,347.6,17.1,49.3,0.050
462,-1,339.2,250.6,229.4,455.1,1.000
462,-1,816.4,318.5,54.3,157.7,0.998
462,-1,930.5,331.2,46.1,144.1,0.997
462,-1,1207.1,291.3,86.0,244.5,0.997
462,-1,609.4,331.5,45.8,91.6,0.996
462,-1,1146.5,328.8,42.5,141.8,0.995
462,-1,655.8,339.6,25.0,68.3,0.994
462,-1,30.8,336.2,65.9,153.6,0.994
462,-1,1089.0,336.6,26.8,71.1,0.987
462,-1,976.5,335.7,23.0,65.8,0.986
462,-1,703.3,346.9,19.7,60.4,0.985
462,-1,1195.9,304.8,44.2,222.9,0.977
462,-1,683.0,345.0,18.8,59.7,0.973
462,-1,886.5,351.6,36.8,80.2,0.961
462,-1,1486.2,285.8,47.0,92.9,0.944
462,-1,1022.7,345.0,15.6,40.7,0.913
462,-1,84.2,313.6,29.8,51.2,0.882
462,-1,724.0,344.5,14.7,42.7,0.878
462,-1,998.0,338.7,12.1,45.9,0.864
462,-1,61.8,313.8,22.4,50.3,0.765
462,-1,1194.2,303.8,39.1,135.4,0.727
462,-1,606.5,345.4,22.5,76.9,0.589
462,-1,1190.5,346.9,23.1,73.6,0.467
462,-1,904.0,347.2,25.0,84.2,0.407
462,-1,913.8,346.5,23.6,83.6,0.377
462,-1,874.0,345.8,28.2,73.6,0.276
462,-1,1479.3,286.8,56.8,175.2,0.208
462,-1,691.1,344.7,15.6,57.7,0.163
462,-1,1086.3,337.5,14.5,60.0,0.135
462,-1,709.0,343.3,18.2,53.5,0.107
462,-1,862.5,339.9,18.4,25.2,0.097
462,-1,1186.9,350.5,15.6,68.9,0.094
462,-1,865.9,342.9,23.1,55.3,0.080
462,-1,708.3,325.2,15.5,24.0,0.063
462,-1,959.5,335.8,14.7,45.8,0.060
462,-1,873.0,343.9,23.3,43.9,0.057
462,-1,910.4,339.7,20.0,34.9,0.057
462,-1,718.2,343.5,14.3,45.1,0.055
462,-1,776.5,334.6,13.4,29.2,0.051
463,-1,342.1,248.3,217.9,447.3,1.000
463,-1,816.8,317.2,53.9,155.2,0.998
463,-1,614.8,332.4,39.5,89.3,0.998
463,-1,925.8,332.0,47.0,142.5,0.998
463,-1,1211.9,288.7,83.6,250.1,0.998
463,-1,655.6,336.3,24.7,71.4,0.997
463,-1,1093.9,335.4,25.3,73.9,0.997
463,-1,977.3,335.6,24.3,65.1,0.996
463,-1,704.4,349.2,18.4,55.5,0.994
463,-1,1146.2,328.3,44.6,140.9,0.993
463,-1,10.1,331.8,71.6,158.9,0.992
463,-1,682.9,344.4,19.3,58.4,0.990
463,-1,1196.8,300.3,42.8,225.2,0.986
463,-1,1491.4,287.1,42.1,86.4,0.979
463,-1,886.3,351.1,39.6,80.4,0.970
463,-1,1022.3,343.5,18.2,41.7,0.945
463,-1,83.8,309.2,37.1,54.3,0.873
463,-1,724.2,342.5,14.5,42.3,0.856
463,-1,58.4,313.2,22.5,48.9,0.843
463,-1,995.9,338.2,12.7,45.9,0.764
463,-1,1486.9,282.0,47.8,158.3,0.368
463,-1,607.0,339.9,17.7,67.1,0.363
463,-1,711.4,347.7,15.6,45.9,0.257
463,-1,781.7,337.1,9.5,27.0,0.197
463,-1,911.6,361.4,19.3,69.0,0.193
463,-1,27.4,274.0,43.4,82.0,0.183
463,-1,720.3,342.8,12.9,43.2,0.175
463,-1,1193.8,299.7,41.6,127.9,0.161
463,-1,692.4,345.8,17.0,57.0,0.136
463,-1,775.9,331.3,12.3,31.6,0.104
463,-1,1086.2,339.7,16.9,56.8,0.092
463,-1,1184.7,345.9,14.8,69.5,0.083
463,-1,787.5,336.2,9.9,29.6,0.073
463,-1,1084.5,361.2,16.1,34.7,0.071
463,-1,1192.7,353.5,16.0,65.3,0.065
463,-1,918.3,350.0,19.2,78.8,0.061
463,-1,683.5,338.7,20.3,38.0,0.056
464,-1,344.3,249.0,210.9,446.8,0.999
464,-1,817.0,317.8,54.5,156.0,0.999
464,-1,617.0,333.7,36.1,88.2,0.998
464,-1,1210.6,287.2,86.3,251.3,0.997
464,-1,926.2,331.2,45.4,143.0,0.997
464,-1,19.7,331.1,53.2,157.4,0.997
464,-1,655.4,339.4,23.9,68.3,0.996
464,-1,977.7,334.0,24.7,65.5,0.996
464,-1,1146.1,328.5,46.6,140.9,0.994
464,-1,704.8,349.3,17.2,55.1,0.992
464,-1,683.8,343.5,18.8,59.7,0.990
464,-1,1196.1,297.1,46.2,224.7,0.980
464,-1,1492.3,287.7,42.7,86.0,0.969
464,-1,999.4,338.5,13.0,46.7,0.969
464,-1,886.0,351.2,39.8,79.9,0.968
464,-1,1095.3,333.1,24.9,71.7,0.968
464,-1,83.2,308.6,36.3,53.9,0.815
464,-1,724.2,342.6,14.7,41.6,0.770
464,-1,58.1,312.4,21.9,49.4,0.761
464,-1,1022.6,342.2,18.9,41.2,0.756
464,-1,606.0,340.8,21.6,76.0,0.660
464,-1,554.0,361.9,24.9,60.6,0.584
464,-1,711.6,346.6,15.1,47.4,0.307
464,-1,1195.2,300.7,41.8,119.9,0.266
464,-1,905.0,352.7,25.0,78.5,0.254
464,-1,27.6,275.9,25.8,57.5,0.234
464,-1,991.4,337.2,13.9,53.3,0.205
464,-1,718.3,346.0,11.8,39.7,0.152
464,-1,1087.4,342.0,15.8,53.4,0.134
464,-1,781.9,338.3,10.2,26.0,0.128
464,-1,958.3,335.5,14.1,47.2,0.120
464,-1,26.8,274.6,43.0,82.3,0.115
464,-1,912.7,371.5,19.1,60.0,0.068
464,-1,778.2,331.3,11.5,32.7,0.067
464,-1,500.9,353.4,59.6,71.6,0.059
464,-1,1194.9,337.8,24.9,82.7,0.057
464,-1,692.7,344.8,17.5,58.5,0.056
465,-1,343.3,247.6,201.8,449.9,0.999
465,-1,818.3,318.7,52.2,157.8,0.999
465,-1,1211.6,287.4,85.4,249.5,0.997
465,-1,926.4,331.3,45.2,142.7,0.997
465,-1,655.2,338.9,22.1,69.2,0.996
465,-1,0.9,333.8,65.5,153.5,0.996
465,-1,616.0,333.7,38.4,87.6,0.996
465,-1,1146.4,330.7,44.3,139.7,0.994
465,-1,977.7,336.2,25.8,66.2,0.990
465,-1,683.9,343.4,18.9,60.4,0.990
465,-1,704.7,346.4,18.4,58.1,0.980
465,-1,1196.1,298.0,47.1,224.9,0.967
465,-1,1094.3,338.9,26.8,66.9,0.950
465,-1,886.9,351.1,38.2,79.3,0.949
465,-1,999.8,338.1,13.0,48.1,0.906
465,-1,724.5,344.1,13.9,41.5,0.896
465,-1,1492.9,286.1,46.0,91.8,0.884
465,-1,58.4,313.2,25.9,50.6,0.746
465,-1,606.4,334.0,17.6,75.0,0.738
465,-1,82.4,310.3,34.3,52.4,0.710
465,-1,559.3,364.6,21.4,57.5,0.641
465,-1,1025.3,341.9,16.6,41.2,0.623
465,-1,520.1,353.7,30.6,66.6,0.600
465,-1,1489.9,282.8,49.8,178.2,0.394
465,-1,909.5,347.1,22.8,83.6,0.337
465,-1,715.7,345.8,13.5,42.9,0.323
465,-1,1195.8,302.0,42.6,118.5,0.290
465,-1,1141.7,332.0,14.1,61.3,0.255
465,-1,27.3,275.8,24.7,57.5,0.247
465,-1,873.1,343.5,29.5,75.0,0.233
465,-1,500.8,353.1,59.2,71.7,0.227
465,-1,719.6,343.0,14.5,43.2,0.208
465,-1,544.9,364.3,31.5,57.8,0.176
465,-1,782.8,337.2,10.2,26.0,0.107
465,-1,522.7,354.5,51.7,70.0,0.100
465,-1,1086.3,347.7,16.8,48.4,0.084
465,-1,970.3,333.2,13.0,38.4,0.072
465,-1,694.9,342.3,19.3,62.7,0.069
465,-1,42.7,335.2,47.6,143.9,0.066
465,-1,628.5,333.0,38.6,84.7,0.061
466,-1,342.2,245.9,193.3,457.2,0.999
466,-1,818.6,319.2,52.5,159.4,0.998
466,-1,1211.8,286.3,88.8,253.9,0.998
466,-1,926.1,329.7,45.9,144.0,0.995
466,-1,615.0,335.2,40.2,85.5,0.995
466,-1,1.5,335.0,72.5,152.6,0.994
466,-1,1148.0,330.5,42.1,139.9,0.992
466,-1,978.4,336.5,25.1,64.7,0.992
466,-1,655.2,335.6,23.5,72.7,0.991
466,-1,684.2,342.5,20.1,62.0,0.981
466,-1,1203.8,300.0,43.0,228.5,0.972
466,-1,703.9,343.4,22.7,63.7,0.969
466,-1,885.2,352.7,37.4,77.6,0.949
466,-1,606.1,335.8,19.5,77.2,0.934
466,-1,1497.1,292.7,43.7,80.0,0.901
466,-1,999.5,337.3,16.3,49.3,0.865
466,-1,1195.6,300.2,44.6,132.8,0.706
466,-1,1098.0,336.8,25.2,62.8,0.703
466,-1,1025.6,341.2,19.1,40.6,0.560
466,-1,520.8,353.9,29.4,66.4,0.552
466,-1,723.5,341.1,19.9,44.1,0.514
466,-1,1489.8,283.0,51.6,168.4,0.454
466,-1,83.2,305.9,35.7,57.1,0.447
466,-1,557.8,362.3,25.9,60.6,0.378
466,-1,910.3,350.1,23.1,81.2,0.373
466,-1,720.0,345.3,16.2,41.8,0.117
466,-1,1088.1,338.3,25.1,59.6,0.102
466,-1,1085.7,344.4,18.7,49.3,0.089
466,-1,713.0,340.7,19.6,50.0,0.070
466,-1,536.8,355.0,46.3,69.5,0.063
467,-1,339.9,239.8,182.6,466.4,0.999
467,-1,1210.3,286.2,89.5,251.3,0.996
467,-1,619.9,335.6,35.1,84.3,0.995
467,-1,814.6,320.8,57.7,157.9,0.995
467,-1,1147.5,329.5,45.8,139.4,0.990
467,-1,926.2,333.9,44.9,139.0,0.988
467,-1,1201.2,296.8,45.4,225.3,0.977
467,-1,978.7,333.3,21.7,65.4,0.970
467,-1,682.0,344.9,23.4,56.8,0.966
467,-1,653.7,337.2,27.5,63.5,0.893
467,-1,883.0,352.6,36.8,77.1,0.882
467,-1,702.4,341.9,26.4,63.6,0.859
467,-1,4.4,333.9,50.5,151.2,0.853
467,-1,1493.5,285.0,50.1,83.5,0.611
467,-1,997.2,338.1,20.4,32.5,0.593
467,-1,601.7,344.5,25.2,67.0,0.548
467,-1,1022.8,343.3,24.2,39.1,0.539
467,-1,1097.1,341.7,26.2,63.6,0.526
467,-1,896.9,351.4,33.5,79.5,0.428
467,-1,1082.7,322.3,24.1,74.3,0.403
467,-1,1488.0,280.6,55.7,171.2,0.287
467,-1,911.4,350.7,24.4,76.7,0.191
467,-1,871.8,342.1,35.5,84.5,0.188
467,-1,962.8,330.6,37.0,87.7,0.166
467,-1,1196.2,298.7,45.7,118.6,0.150
467,-1,1140.2,333.6,18.9,80.8,0.125
467,-1,629.6,334.0,38.6,81.8,0.114
467,-1,1082.7,355.8,22.1,38.7,0.090
467,-1,1140.9,333.7,17.5,39.4,0.074
467,-1,1192.3,347.3,24.4,69.8,0.059
467,-1,657.4,326.6,36.2,78.8,0.058
467,-1,905.1,343.6,21.9,61.8,0.056
467,-1,719.9,325.2,22.4,45.9,0.053
468,-1,332.8,251.4,175.5,465.6,0.999
468,-1,817.1,318.0,53.4,161.2,0.998
468,-1,612.2,334.7,45.1,89.7,0.997
468,-1,1219.0,288.3,85.8,252.0,0.996
468,-1,925.7,331.8,44.0,142.7,0.996
468,-1,1148.3,330.6,41.8,138.0,0.996
468,-1,0.1,337.5,66.5,152.5,0.995
468,-1,1098.6,333.0,26.6,82.8,0.994
468,-1,979.1,336.7,26.0,65.6,0.992
468,-1,684.3,344.3,18.9,61.0,0.987
468,-1,706.6,347.2,17.8,59.1,0.983
468,-1,652.0,340.3,22.3,68.8,0.982
468,-1,1206.4,302.1,42.9,228.1,0.980
468,-1,1497.7,289.1,48.3,90.4,0.956
468,-1,888.3,349.8,40.4,82.6,0.951
468,-1,1000.4,339.2,14.8,47.8,0.950
468,-1,723.5,343.4,13.4,43.2,0.838
468,-1,1027.8,347.8,15.7,38.8,0.722
468,-1,79.3,310.4,32.2,51.4,0.586
468,-1,53.6,313.9,22.4,48.3,0.406
468,-1,606.2,335.9,16.2,71.4,0.399
468,-1,717.0,346.8,13.2,42.8,0.347
468,-1,1198.2,301.6,47.0,130.4,0.331
468,-1,671.8,346.2,11.3,31.0,0.330
468,-1,606.9,338.9,13.0,25.9,0.241
468,-1,1144.7,335.3,13.3,67.7,0.197
468,-1,962.3,336.9,12.2,36.0,0.193
468,-1,972.0,337.4,11.4,34.0,0.193
468,-1,782.8,336.7,11.4,25.6,0.171
468,-1,1144.4,333.6,12.2,38.1,0.159
468,-1,909.3,350.2,21.2,83.6,0.153
468,-1,1542.7,307.3,54.5,65.5,0.149
468,-1,957.1,335.5,15.5,52.8,0.074
468,-1,543.9,356.5,42.1,67.4,0.066
468,-1,1088.4,345.4,16.5,52.3,0.065
468,-1,707.5,343.9,18.9,28.0,0.060
468,-1,690.9,342.4,19.4,64.2,0.050
468,-1,1198.6,340.3,27.8,81.9,0.050
469,-1,329.5,255.3,169.6,468.2,0.999
469,-1,609.9,336.0,46.4,93.8,0.998
469,-1,815.1,320.0,55.3,161.9,0.998
469,-1,1218.1,291.0,84.1,256.4,0.998
469,-1,924.8,333.8,44.0,145.6,0.997
469,-1,1147.9,332.2,42.1,139.2,0.997
469,-1,0.6,340.0,49.9,154.1,0.990
469,-1,976.9,339.0,26.8,66.0,0.989
469,-1,704.1,352.2,20.7,57.8,0.988
469,-1,682.6,347.8,20.3,58.8,0.987
469,-1,650.8,343.1,23.5,66.6,0.982
469,-1,1204.4,303.3,44.3,229.5,0.972
469,-1,1498.2,293.6,46.0,89.9,0.968
469,-1,1098.5,343.1,26.0,74.4,0.958
469,-1,999.6,342.6,15.0,46.7,0.927
469,-1,886.2,352.5,38.9,82.4,0.924
469,-1,724.1,346.9,13.2,42.6,0.791
469,-1,1026.2,351.4,17.2,39.8,0.786
469,-1,77.2,309.5,36.6,57.3,0.726
469,-1,51.1,315.0,23.9,50.4,0.694
469,-1,604.7,339.6,16.4,66.9,0.692
469,-1,1496.3,276.5,47.3,187.8,0.326
469,-1,1145.7,350.9,10.5,51.4,0.315
469,-1,711.6,349.9,16.6,48.4,0.275
469,-1,957.1,339.6,16.6,57.7,0.253
469,-1,910.0,348.2,20.0,89.3,0.188
469,-1,709.3,325.9,18.7,18.7,0.177
469,-1,320.9,357.7,16.9,44.6,0.169
469,-1,781.3,339.3,13.2,29.1,0.142
469,-1,863.7,344.5,17.9,23.5,0.130
469,-1,995.1,341.4,14.4,51.2,0.125
469,-1,1143.9,340.0,13.3,38.1,0.101
469,-1,1198.1,325.0,39.3,100.5,0.100
469,-1,904.2,327.1,24.9,24.8,0.095
469,-1,874.8,349.0,27.7,43.3,0.093
469,-1,659.9,345.3,18.7,54.5,0.077
469,-1,884.1,344.5,17.9,24.7,0.062
469,-1,903.2,348.4,23.6,48.8,0.057
469,-1,1086.5,368.5,15.8,33.4,0.055
469,-1,713.7,329.1,13.4,30.8,0.054
469,-1,902.4,334.0,25.0,30.8,0.054
469,-1,710.7,344.0,15.3,31.6,0.053
469,-1,876.6,347.7,29.2,81.1,0.052
470,-1,322.1,256.3,173.0,469.4,0.999
470,-1,813.7,319.9,58.0,164.0,0.996
470,-1,1215.1,291.7,87.7,256.3,0.996
470,-1,616.1,338.6,39.0,91.9,0.994
470,-1,922.1,338.6,46.5,142.0,0.994
470,-1,1146.7,334.4,42.9,139.6,0.993
470,-1,977.3,342.0,25.6,64.3,0.992
470,-1,680.2,348.5,25.3,61.4,0.974
470,-1,1100.4,339.1,24.0,76.0,0.964
470,-1,1207.4,306.2,43.8,228.2,0.956
470,-1,0.0,339.2,48.7,150.9,0.950
470,-1,997.3,343.2,16.9,51.6,0.934
470,-1,885.8,354.3,37.3,81.3,0.913
470,-1,703.1,355.3,21.7,54.7,0.899
470,-1,1023.7,345.6,19.8,45.1,0.871
470,-1,1500.5,295.9,44.0,84.2,0.793
470,-1,650.0,345.6,25.3,59.8,0.733
470,-1,903.1,358.3,26.6,78.2,0.720
470,-1,602.4,341.8,17.7,65.3,0.555
470,-1,74.6,307.4,39.7,63.2,0.551
470,-1,49.4,310.7,42.8,56.5,0.550
470,-1,47.5,316.0,26.8,49.7,0.396
470,-1,1085.1,320.7,22.0,87.1,0.350
470,-1,961.9,344.0,13.3,33.3,0.319
470,-1,716.9,337.6,21.3,54.1,0.297
470,-1,734.9,329.5,21.0,37.8,0.237
470,-1,13.0,276.9,32.5,83.8,0.236
470,-1,871.7,347.0,31.2,68.2,0.215
470,-1,1143.5,337.1,14.2,39.9,0.208
470,-1,683.7,331.8,41.6,80.1,0.204
470,-1,1142.9,342.4,15.1,67.9,0.170
470,-1,705.4,342.6,26.7,50.4,0.160
470,-1,730.4,316.8,45.1,62.0,0.138
470,-1,1205.0,306.3,40.1,129.8,0.129
470,-1,712.0,329.0,25.4,43.3,0.124
470,-1,866.8,372.2,31.0,62.8,0.110
470,-1,953.9,345.9,16.6,38.8,0.106
470,-1,733.5,320.2,25.7,34.3,0.088
470,-1,731.4,336.5,22.3,50.3,0.086
470,-1,698.8,332.7,29.4,51.8,0.081
470,-1,952.0,345.6,24.2,70.4,0.065
470,-1,856.8,339.4,46.0,97.7,0.059
470,-1,543.5,360.2,47.0,68.1,0.053
471,-1,315.2,252.5,174.1,472.4,1.000
471,-1,614.4,335.7,39.6,93.1,0.997
471,-1,812.6,318.8,56.1,161.0,0.997
471,-1,1216.1,292.6,84.5,259.1,0.997
471,-1,923.2,337.3,44.0,141.9,0.996
471,-1,1145.5,332.5,44.2,141.0,0.993
471,-1,977.1,339.8,25.3,64.7,0.991
471,-1,682.0,347.9,20.9,58.7,0.987
471,-1,703.2,357.9,18.6,50.1,0.977
471,-1,0.3,334.7,49.6,154.6,0.974
471,-1,1198.5,304.1,50.8,232.1,0.968
471,-1,1098.4,343.9,26.4,72.3,0.948
471,-1,998.9,343.8,15.0,47.4,0.943
471,-1,1498.3,295.5,47.4,85.2,0.942
471,-1,883.7,353.0,40.1,82.3,0.899
471,-1,1024.8,348.6,17.9,43.2,0.859
471,-1,601.5,342.3,14.7,63.4,0.651
471,-1,718.5,346.7,15.2,44.8,0.555
471,-1,45.5,314.5,25.9,48.8,0.482
471,-1,649.7,340.1,19.5,67.8,0.469
471,-1,952.7,341.5,16.2,45.1,0.369
471,-1,905.3,356.9,22.2,79.8,0.326
471,-1,70.3,301.3,43.1,67.9,0.255
471,-1,601.6,339.4,15.7,29.1,0.254
471,-1,669.4,345.0,12.4,32.2,0.223
471,-1,961.7,342.1,11.5,39.5,0.166
471,-1,970.6,340.3,11.0,34.2,0.159
471,-1,665.1,345.8,12.1,30.7,0.132
471,-1,709.2,352.7,18.4,47.6,0.132
471,-1,872.7,345.5,30.1,72.5,0.117
471,-1,1453.1,295.6,45.1,89.0,0.103
471,-1,777.2,335.4,13.8,30.3,0.097
471,-1,1142.8,339.0,14.2,35.7,0.097
471,-1,703.4,343.9,22.2,44.9,0.091
471,-1,4.4,280.6,51.9,129.0,0.083
471,-1,986.8,340.8,19.2,58.4,0.082
471,-1,908.6,348.4,19.7,46.5,0.078
471,-1,40.5,310.4,52.1,59.0,0.061
471,-1,882.0,343.2,15.9,25.3,0.058
471,-1,710.0,330.0,17.3,37.2,0.051
471,-1,709.1,324.5,19.1,26.0,0.051
472,-1,311.3,258.1,166.1,469.1,1.000
472,-1,810.7,320.3,57.3,162.5,0.998
472,-1,613.9,337.4,38.6,94.2,0.998
472,-1,1214.8,293.6,85.9,260.2,0.998
472,-1,921.5,339.7,44.5,141.2,0.998
472,-1,1139.3,335.0,49.3,141.5,0.996
472,-1,976.2,341.4,24.3,64.9,0.996
472,-1,681.7,352.2,19.4,54.7,0.995
472,-1,1198.8,304.9,48.5,234.9,0.992
472,-1,702.3,354.9,18.9,52.6,0.979
472,-1,884.1,354.7,40.0,83.0,0.961
472,-1,997.3,343.1,14.8,51.9,0.959
472,-1,1499.5,294.0,45.7,89.5,0.958
472,-1,1097.2,346.2,27.3,73.3,0.954
472,-1,646.7,343.4,18.6,66.6,0.890
472,-1,1024.1,346.9,18.0,46.7,0.839
472,-1,0.4,337.8,32.5,152.3,0.793
472,-1,599.9,345.9,16.0,60.9,0.745
472,-1,718.8,353.3,12.6,37.8,0.727
472,-1,44.7,314.6,25.4,50.8,0.675
472,-1,662.6,347.5,12.1,32.3,0.525
472,-1,71.4,311.6,35.4,55.9,0.517
472,-1,779.7,338.6,9.4,28.6,0.386
472,-1,710.8,352.5,14.8,41.3,0.309
472,-1,11.7,275.9,28.9,69.1,0.295
472,-1,601.0,341.0,13.6,26.9,0.281
472,-1,906.3,353.5,20.9,84.9,0.243
472,-1,783.2,342.4,9.3,24.0,0.199
472,-1,10.8,272.7,43.9,94.8,0.186
472,-1,0.2,290.2,42.5,171.6,0.141
472,-1,1456.6,295.4,42.7,93.0,0.134
472,-1,949.8,345.8,18.0,57.8,0.130
472,-1,1194.9,307.0,50.9,111.8,0.087
472,-1,963.0,342.3,12.2,47.0,0.051
472,-1,971.2,339.7,13.8,50.1,0.051
473,-1,294.9,257.8,167.2,469.2,0.999
473,-1,607.9,335.0,42.3,97.2,0.998
473,-1,804.7,321.2,55.5,162.0,0.998
473,-1,917.1,339.4,43.2,143.2,0.998
473,-1,1213.2,294.6,88.4,258.6,0.996
473,-1,1134.0,337.4,50.9,137.3,0.994
473,-1,971.0,339.4,25.8,67.1,0.991
473,-1,675.3,352.2,21.3,54.9,0.990
473,-1,1196.1,306.8,53.4,235.3,0.980
473,-1,994.2,345.4,14.5,47.4,0.973
473,-1,1093.3,345.4,27.7,71.1,0.963
473,-1,1498.2,295.9,44.4,91.0,0.958
473,-1,697.0,354.9,20.4,53.0,0.955
473,-1,880.5,356.2,38.1,82.1,0.934
473,-1,1019.6,351.5,17.9,41.5,0.809
473,-1,592.3,342.7,20.0,69.1,0.803
473,-1,641.1,343.5,17.9,62.9,0.788
473,-1,62.8,307.3,35.3,59.1,0.607
473,-1,3.1,271.7,43.0,94.8,0.387
473,-1,898.2,364.2,23.3,73.6,0.343
473,-1,712.9,352.7,12.2,38.4,0.308
473,-1,1191.3,307.2,51.4,129.9,0.286
473,-1,1456.2,297.4,42.7,126.8,0.273
473,-1,1545.4,305.8,49.5,74.6,0.263
473,-1,948.9,343.6,15.3,46.1,0.171
473,-1,954.9,342.6,14.1,50.5,0.151
473,-1,594.6,339.3,15.3,28.0,0.105
473,-1,773.4,336.7,12.2,31.1,0.104
473,-1,904.7,349.4,20.8,56.5,0.051
474,-1,287.1,257.3,176.2,471.8,0.999
474,-1,802.7,321.4,55.0,162.3,0.998
474,-1,608.0,336.0,39.1,97.5,0.998
474,-1,915.8,338.6,43.1,144.3,0.997
474,-1,1214.7,293.8,89.8,262.8,0.996
474,-1,971.1,340.9,23.9,66.8,0.993
474,-1,1131.8,335.6,49.9,140.9,0.993
474,-1,696.5,355.9,19.0,52.7,0.988
474,-1,674.4,351.8,19.0,56.1,0.988
474,-1,1091.5,343.0,28.0,78.6,0.987
474,-1,993.2,346.2,13.8,47.3,0.981
474,-1,1196.4,308.0,53.7,235.2,0.978
474,-1,1498.0,296.4,43.8,90.7,0.959
474,-1,878.0,355.9,38.2,82.4,0.931
474,-1,1018.6,348.9,17.9,44.0,0.888
474,-1,591.5,341.5,20.3,72.7,0.875
474,-1,644.6,340.4,23.2,70.8,0.718
474,-1,32.1,310.8,25.9,51.7,0.694
474,-1,1189.6,308.0,52.0,145.3,0.692
474,-1,640.5,345.4,16.8,61.1,0.665
474,-1,711.4,351.8,11.1,38.4,0.661
474,-1,895.2,357.0,24.7,82.0,0.524
474,-1,774.1,338.4,10.1,29.5,0.354
474,-1,656.4,348.2,12.5,29.8,0.340
474,-1,57.1,304.9,43.9,63.5,0.263
474,-1,1415.7,311.2,25.5,40.2,0.209
474,-1,946.2,344.5,15.5,56.6,0.162
474,-1,1.4,274.4,38.6,92.0,0.105
474,-1,1486.5,295.0,57.9,140.5,0.092
474,-1,697.2,347.7,19.1,39.1,0.090
474,-1,9.1,294.6,52.2,69.6,0.085
474,-1,782.4,338.2,11.1,28.5,0.073
474,-1,865.8,376.2,25.1,58.4,0.071
474,-1,1453.7,297.5,43.7,88.4,0.064
474,-1,1542.6,302.4,48.0,78.2,0.062
474,-1,531.8,355.7,45.8,71.4,0.055
474,-1,1172.1,349.9,13.7,72.1,0.052
475,-1,277.8,253.8,181.3,480.8,0.999
475,-1,1214.7,293.3,88.2,265.2,0.998
475,-1,801.3,323.7,55.2,158.7,0.998
475,-1,606.4,335.6,43.1,100.0,0.997
475,-1,917.1,338.2,43.3,141.8,0.997
475,-1,1130.4,338.0,47.3,139.2,0.994
475,-1,969.7,341.0,24.7,66.5,0.986
475,-1,1088.9,342.5,29.9,80.0,0.985
475,-1,1191.9,307.1,54.9,229.2,0.974
475,-1,990.7,346.5,16.4,50.0,0.965
475,-1,672.4,348.9,20.7,59.8,0.961
475,-1,692.9,354.1,23.0,55.7,0.952
475,-1,1018.1,350.8,18.7,42.3,0.930
475,-1,1497.7,295.9,45.4,89.8,0.930
475,-1,877.2,356.6,38.9,81.3,0.916
475,-1,590.4,335.7,17.6,74.7,0.845
475,-1,1189.7,307.7,51.8,129.7,0.607
475,-1,29.9,308.6,21.9,51.9,0.554
475,-1,54.6,307.7,32.7,54.8,0.492
475,-1,641.2,342.3,19.5,64.2,0.402
475,-1,895.4,358.4,24.9,80.6,0.319
475,-1,946.9,339.3,15.9,40.3,0.316
475,-1,954.7,342.5,15.5,50.5,0.210
475,-1,653.4,348.4,16.6,31.8,0.184
475,-1,705.4,347.2,16.4,46.2,0.126
475,-1,771.3,337.4,13.8,29.6,0.112
475,-1,1491.1,302.2,52.8,164.8,0.111
475,-1,962.0,340.9,16.6,39.9,0.104
475,-1,1169.4,354.6,15.5,68.0,0.102
475,-1,421.2,322.9,44.5,114.8,0.091
475,-1,695.8,343.4,21.6,35.8,0.078
475,-1,645.4,347.3,20.4,49.2,0.077
475,-1,944.5,342.8,17.8,67.4,0.076
475,-1,1194.1,333.9,34.6,95.3,0.072
475,-1,529.9,361.0,46.9,64.9,0.063
475,-1,203.5,289.4,1343.6,520.1,0.060
475,-1,0.8,273.6,37.4,95.7,0.059
475,-1,1463.1,292.1,40.1,98.4,0.058
475,-1,1171.1,380.1,15.8,47.3,0.057
475,-1,679.6,351.1,26.7,58.6,0.055
476,-1,272.7,256.2,192.1,477.5,0.999
476,-1,801.6,322.8,53.4,160.1,0.999
476,-1,916.9,340.6,42.6,139.4,0.998
476,-1,608.1,336.7,38.0,100.4,0.997
476,-1,1214.5,294.0,89.7,263.3,0.996
476,-1,1128.0,337.5,50.8,140.0,0.995
476,-1,970.1,340.3,23.9,66.6,0.993
476,-1,1092.5,342.4,27.4,77.2,0.989
476,-1,674.5,345.6,20.4,64.1,0.987
476,-1,990.1,343.7,15.7,51.4,0.985
476,-1,693.7,352.7,20.5,55.8,0.982
476,-1,1192.4,305.9,56.0,231.8,0.982
476,-1,1498.0,297.6,45.5,85.2,0.953
476,-1,874.3,356.6,40.0,81.6,0.942
476,-1,1018.2,349.2,18.5,43.6,0.919
476,-1,409.6,327.5,53.6,108.2,0.815
476,-1,589.9,344.7,19.4,66.0,0.754
476,-1,712.5,350.2,12.0,39.3,0.603
476,-1,654.0,348.2,11.2,29.0,0.527
476,-1,54.5,306.9,39.1,59.4,0.509
476,-1,27.5,308.4,25.6,52.9,0.473
476,-1,1191.5,307.1,53.3,124.1,0.433
476,-1,771.8,337.5,11.1,30.6,0.382
476,-1,896.2,351.8,23.7,87.0,0.317
476,-1,641.1,345.2,12.6,60.5,0.251
476,-1,0.2,272.2,23.0,58.1,0.243
476,-1,945.6,344.2,14.6,53.8,0.216
476,-1,1455.4,292.8,45.5,89.3,0.212
476,-1,0.5,266.6,42.1,94.0,0.198
476,-1,1171.0,374.2,14.7,51.4,0.166
476,-1,955.7,344.3,13.4,38.0,0.159
476,-1,702.6,347.8,13.9,34.5,0.120
476,-1,643.6,341.4,19.7,62.0,0.098
476,-1,1165.6,347.9,17.0,75.8,0.096
476,-1,1544.7,303.1,49.5,76.3,0.092
476,-1,648.6,346.5,10.1,28.2,0.091
476,-1,1492.1,294.4,52.2,172.8,0.083
476,-1,774.9,344.3,11.2,23.4,0.081
476,-1,391.9,331.3,76.1,297.2,0.078
476,-1,889.5,354.0,25.8,47.5,0.066
476,-1,693.7,346.0,19.7,37.0,0.059
476,-1,862.3,376.1,27.7,58.3,0.056
476,-1,1157.1,342.3,22.9,87.3,0.056
477,-1,262.3,254.5,199.4,479.0,0.999
477,-1,799.7,323.8,52.4,161.2,0.998
477,-1,607.2,337.8,42.9,104.4,0.997
477,-1,914.6,340.0,42.5,139.3,0.997
477,-1,1214.0,294.2,87.4,263.8,0.996
477,-1,1124.8,338.7,50.5,139.1,0.994
477,-1,969.8,340.2,23.5,67.2,0.993
477,-1,1198.2,309.4,45.2,235.0,0.985
477,-1,671.6,350.4,20.3,56.8,0.984
477,-1,1088.2,340.7,28.3,82.7,0.983
477,-1,693.1,352.7,20.5,57.1,0.982
477,-1,990.4,345.3,14.5,49.1,0.962
477,-1,874.3,360.2,38.1,78.7,0.917
477,-1,1016.5,347.6,19.8,47.1,0.913
477,-1,1499.1,297.8,43.8,89.5,0.907
477,-1,400.2,327.0,59.5,108.4,0.884
477,-1,54.1,303.9,39.7,68.8,0.873
477,-1,588.9,337.2,19.0,70.8,0.871
477,-1,26.5,308.8,24.9,51.8,0.780
477,-1,1190.1,304.9,51.7,127.7,0.767
477,-1,712.8,350.8,13.6,39.0,0.585
477,-1,955.8,344.1,13.4,35.5,0.530
477,-1,895.8,352.1,22.7,87.0,0.527
477,-1,651.3,346.8,11.4,31.8,0.441
477,-1,708.5,351.0,13.6,40.5,0.402
477,-1,646.7,345.4,12.0,32.4,0.303
477,-1,1167.6,357.0,15.6,68.5,0.233
477,-1,698.9,347.8,17.9,49.0,0.226
477,-1,771.3,338.7,10.7,29.5,0.215
477,-1,872.1,346.2,13.3,23.3,0.211
477,-1,943.5,344.1,14.2,41.6,0.186
477,-1,900.0,351.5,19.1,36.0,0.167
477,-1,96.7,417.6,112.9,41.1,0.157
477,-1,1544.5,303.4,48.6,73.8,0.154
477,-1,1079.9,368.8,16.1,35.2,0.152
477,-1,1493.0,290.6,51.4,174.8,0.146
477,-1,859.8,370.5,31.0,65.0,0.141
477,-1,948.4,343.5,15.3,48.3,0.118
477,-1,639.1,347.0,14.8,60.7,0.115
477,-1,0.2,264.8,40.6,99.5,0.097
477,-1,892.0,354.9,22.6,42.0,0.096
477,-1,1460.6,290.9,40.8,96.9,0.076
477,-1,698.1,344.8,16.8,30.1,0.074
477,-1,949.9,343.2,21.5,69.4,0.067
477,-1,943.5,344.0,17.3,69.9,0.060
477,-1,1161.2,346.4,19.8,69.2,0.059
477,-1,766.4,337.6,12.1,30.6,0.053
478,-1,244.8,258.9,230.5,483.2,1.000
478,-1,606.0,340.8,44.1,108.2,0.998
478,-1,793.2,324.3,55.1,160.2,0.997
478,-1,1213.4,296.8,84.7,261.7,0.996
478,-1,911.8,344.6,45.4,137.2,0.995
478,-1,1122.9,341.4,52.6,137.4,0.994
478,-1,969.1,344.4,22.5,64.6,0.991
478,-1,1192.8,307.7,55.4,233.2,0.982
478,-1,669.3,350.2,22.4,59.7,0.982
478,-1,986.0,346.4,18.8,53.0,0.981
478,-1,690.4,350.2,22.7,61.6,0.972
478,-1,1088.2,344.5,27.7,83.6,0.969
478,-1,1015.8,354.5,20.5,43.0,0.935
478,-1,875.0,359.6,37.2,81.4,0.926
478,-1,1498.7,298.5,47.2,97.8,0.903
478,-1,391.0,329.9,64.6,108.9,0.863
478,-1,1190.3,307.5,55.2,109.6,0.500
478,-1,48.1,310.3,41.8,62.2,0.444
478,-1,893.7,355.9,22.2,82.7,0.376
478,-1,588.3,343.9,19.9,65.4,0.342
478,-1,708.5,351.1,15.1,43.1,0.266
478,-1,859.9,356.7,32.8,81.7,0.261
478,-1,649.0,348.3,16.1,32.0,0.256
478,-1,949.6,347.5,13.6,33.2,0.211
478,-1,1546.0,307.5,54.8,72.2,0.173
478,-1,1470.6,300.0,32.4,80.1,0.165
478,-1,943.8,347.1,15.7,49.1,0.147
478,-1,1415.8,317.1,28.0,37.3,0.141
478,-1,702.2,336.0,20.0,53.4,0.117
478,-1,701.5,332.9,19.9,29.5,0.099
478,-1,957.5,345.4,15.2,42.4,0.089
478,-1,1476.4,296.1,44.0,87.9,0.083
478,-1,595.9,344.8,22.5,68.8,0.080
478,-1,692.3,340.7,21.8,46.1,0.075
478,-1,587.4,366.3,17.1,47.4,0.073
478,-1,1155.7,350.8,21.3,71.4,0.071
478,-1,680.6,350.9,26.0,61.0,0.071
478,-1,16.8,302.0,62.8,67.5,0.069
478,-1,1870.1,662.3,49.9,82.8,0.066
478,-1,1453.6,296.1,45.5,132.6,0.059
478,-1,965.3,343.3,16.5,55.4,0.057
478,-1,859.6,355.4,30.5,46.6,0.056
479,-1,238.4,260.7,241.8,489.1,0.999
479,-1,1221.0,298.4,77.0,256.5,0.989
479,-1,1124.3,344.1,46.1,138.0,0.989
479,-1,793.4,330.0,57.9,124.9,0.956
479,-1,909.9,347.2,45.9,134.0,0.934
479,-1,972.1,350.3,17.3,54.3,0.929
479,-1,680.5,329.8,33.4,84.3,0.890
479,-1,1091.0,352.8,24.5,58.1,0.762
479,-1,888.2,353.0,33.0,92.6,0.762
479,-1,383.5,331.0,69.8,113.7,0.760
479,-1,1201.5,312.8,46.7,224.9,0.674
479,-1,601.2,341.9,43.5,80.1,0.595
479,-1,870.0,348.2,37.6,94.0,0.533
479,-1,918.1,343.4,34.4,75.2,0.525
479,-1,957.0,346.5,17.7,53.6,0.444
479,-1,675.4,319.2,32.9,66.9,0.380
479,-1,1205.3,310.2,38.6,77.9,0.368
479,-1,664.9,346.6,27.6,58.3,0.296
479,-1,1853.8,646.8,66.2,76.0,0.283
479,-1,974.3,352.7,12.9,27.9,0.257
479,-1,894.6,347.1,48.2,115.9,0.214
479,-1,385.9,331.8,41.5,68.4,0.208
479,-1,1208.2,308.1,34.4,44.4,0.191
479,-1,693.1,318.5,27.2,63.2,0.175
479,-1,1093.0,356.9,21.2,33.0,0.161
479,-1,939.5,346.3,19.4,45.8,0.111
479,-1,962.5,348.3,21.7,51.7,0.098
479,-1,1130.0,345.8,39.4,71.8,0.076
479,-1,0.2,261.0,47.8,112.6,0.066
479,-1,406.2,354.3,43.6,84.6,0.057
479,-1,688.3,354.4,29.2,55.6,0.054
479,-1,1848.2,424.2,71.8,294.2,0.053
480,-1,234.7,263.7,248.8,499.5,1.000
480,-1,1217.2,293.5,86.6,274.9,0.997
480,-1,792.5,328.8,52.2,160.1,0.997
480,-1,968.6,348.7,22.5,66.5,0.996
480,-1,610.0,350.5,36.9,99.7,0.995
480,-1,1122.8,345.4,46.1,139.2,0.994
480,-1,909.8,344.9,45.4,144.8,0.993
480,-1,693.0,358.7,17.6,63.3,0.986
480,-1,668.7,353.6,21.5,64.8,0.968
480,-1,990.1,351.4,13.9,47.6,0.954
480,-1,1092.8,343.4,26.4,91.0,0.945
480,-1,1196.5,311.7,53.1,212.1,0.943
480,-1,384.1,333.1,54.7,115.8,0.811
480,-1,891.8,347.8,24.4,97.1,0.794
480,-1,1017.1,357.1,18.0,39.5,0.784
480,-1,591.1,350.5,16.8,50.4,0.768
480,-1,427.5,331.6,30.9,111.5,0.717
480,-1,652.7,356.4,13.0,35.4,0.690
480,-1,1500.4,299.0,45.9,123.9,0.681
480,-1,874.6,370.3,32.9,73.7,0.628
480,-1,708.2,360.7,11.2,39.9,0.627
480,-1,0.0,266.0,32.8,105.1,0.495
480,-1,48.5,316.1,37.3,67.4,0.492
480,-1,529.2,374.1,34.0,65.3,0.450
480,-1,19.6,317.9,28.6,52.5,0.445
480,-1,951.1,346.7,13.1,38.5,0.329
480,-1,1196.6,309.4,52.5,101.0,0.317
480,-1,1544.4,321.4,59.3,71.1,0.210
480,-1,586.2,361.0,11.3,49.4,0.208
480,-1,0.0,270.5,12.1,100.5,0.187
480,-1,711.5,355.4,12.2,42.0,0.181
480,-1,643.1,353.3,13.5,42.6,0.163
480,-1,697.6,354.1,15.5,52.7,0.140
480,-1,955.2,349.8,14.3,39.5,0.126
480,-1,770.4,348.5,11.8,27.4,0.112
480,-1,786.0,349.0,13.5,32.7,0.111
480,-1,599.2,351.0,16.5,53.1,0.090
480,-1,856.6,388.6,24.7,56.2,0.089
480,-1,24.9,313.8,51.5,67.3,0.073
480,-1,1078.6,355.6,19.2,60.5,0.070
480,-1,786.3,350.9,16.9,54.9,0.063
480,-1,718.6,349.0,19.1,41.6,0.062
480,-1,943.6,344.3,14.2,41.9,0.060
480,-1,694.7,348.9,16.6,41.0,0.057
481,-1,234.2,268.4,248.6,498.9,1.000
481,-1,1219.5,296.8,84.3,271.7,0.996
481,-1,792.9,327.7,56.2,161.7,0.994
481,-1,614.1,348.8,37.0,98.3,0.994
481,-1,1122.3,345.2,50.0,137.7,0.992
481,-1,913.1,342.4,46.2,145.9,0.991
481,-1,972.5,350.2,22.6,63.7,0.989
481,-1,672.3,354.1,23.7,62.6,0.973
481,-1,379.5,334.1,72.3,114.2,0.946
481,-1,871.4,362.5,39.3,83.6,0.913
481,-1,1202.0,313.3,53.8,229.0,0.910
481,-1,694.7,354.8,25.2,63.3,0.903
481,-1,991.5,352.3,18.2,50.2,0.894
481,-1,1098.8,353.4,23.8,69.4,0.858
481,-1,1019.8,354.7,22.6,43.4,0.821
481,-1,1198.4,310.5,51.0,133.4,0.791
481,-1,1504.6,300.7,50.4,96.1,0.446
481,-1,652.9,351.2,15.1,34.7,0.316
481,-1,890.4,361.6,28.9,86.6,0.270
481,-1,593.9,354.7,21.3,43.9,0.226
481,-1,1081.0,369.2,21.4,43.6,0.156
481,-1,0.0,272.2,40.1,97.8,0.153
481,-1,946.3,349.3,17.4,60.8,0.129
481,-1,954.5,352.6,17.2,35.8,0.118
481,-1,902.2,359.7,21.7,80.2,0.108
481,-1,37.6,308.4,51.7,66.1,0.108
481,-1,696.0,343.8,23.8,45.4,0.089
481,-1,945.3,348.5,18.4,27.7,0.084
481,-1,706.8,349.9,19.0,51.0,0.078
481,-1,701.7,335.1,21.2,31.3,0.077
481,-1,1550.8,319.6,62.0,71.5,0.073
481,-1,680.4,353.4,26.8,63.0,0.071
481,-1,786.5,347.7,18.9,35.4,0.071
481,-1,7.2,282.0,66.8,91.9,0.070
481,-1,730.7,330.5,27.2,31.2,0.067
481,-1,686.8,339.8,39.9,79.8,0.053
482,-1,233.9,268.5,250.2,505.3,1.000
482,-1,798.9,326.1,55.7,165.2,0.996
482,-1,614.6,347.7,42.0,106.1,0.996
482,-1,1226.6,299.1,80.3,268.1,0.993
482,-1,1127.3,342.4,47.4,138.9,0.991
482,-1,916.1,344.7,45.1,143.1,0.987
482,-1,974.4,350.0,22.7,65.6,0.982
482,-1,380.9,334.2,71.1,113.9,0.972
482,-1,673.8,356.1,25.8,59.7,0.941
482,-1,1209.6,312.3,50.2,239.1,0.925
482,-1,876.4,363.8,40.4,85.2,0.922
482,-1,695.5,354.7,27.5,63.3,0.847
482,-1,1100.6,353.9,24.4,70.1,0.757
482,-1,1023.8,355.7,23.0,41.6,0.609
482,-1,1202.2,311.1,54.3,85.4,0.499
482,-1,595.8,352.8,22.5,44.0,0.485
482,-1,995.8,352.2,18.3,39.7,0.361
482,-1,898.5,367.7,24.6,79.3,0.218
482,-1,537.0,332.9,50.7,99.9,0.214
482,-1,684.6,350.4,31.0,68.6,0.170
482,-1,953.3,353.6,18.6,31.4,0.163
482,-1,50.5,296.2,48.9,90.1,0.118
482,-1,658.5,349.2,16.0,35.6,0.084
482,-1,722.0,329.4,39.8,34.4,0.077
482,-1,868.6,374.3,31.8,67.7,0.062
482,-1,1081.8,377.3,23.8,32.8,0.058
483,-1,230.8,273.8,250.2,507.1,1.000
483,-1,802.7,328.2,52.2,163.0,0.996
483,-1,622.9,347.8,42.4,108.4,0.996
483,-1,1229.3,298.4,81.4,275.8,0.994
483,-1,919.6,340.6,44.5,148.0,0.992
483,-1,1130.1,342.9,53.4,137.2,0.991
483,-1,980.2,349.0,22.1,67.1,0.991
483,-1,680.4,354.9,25.0,63.8,0.984
483,-1,1106.6,349.9,23.8,77.1,0.981
483,-1,380.4,334.9,67.4,113.3,0.972
483,-1,1213.9,313.8,54.7,240.7,0.952
483,-1,701.3,356.9,23.8,61.7,0.926
483,-1,879.6,365.2,42.6,83.1,0.895
483,-1,1518.0,308.2,46.8,82.1,0.867
483,-1,998.8,353.5,17.2,43.0,0.804
483,-1,1026.2,357.8,23.3,41.2,0.800
483,-1,603.6,354.5,21.5,46.2,0.762
483,-1,1209.3,311.8,52.5,132.9,0.724
483,-1,1514.4,300.6,51.7,184.2,0.561
483,-1,0.3,279.4,41.1,97.5,0.494
483,-1,663.3,354.2,11.8,34.9,0.494
483,-1,56.1,312.1,44.7,82.1,0.317
483,-1,955.4,350.7,17.8,42.3,0.145
483,-1,1566.4,310.5,49.1,75.7,0.118
483,-1,966.5,353.8,16.6,49.7,0.106
483,-1,593.8,370.2,16.2,39.6,0.084
483,-1,30.8,304.9,63.3,80.5,0.083
483,-1,901.8,370.8,22.6,76.0,0.074
483,-1,891.3,354.2,49.8,105.3,0.068
483,-1,955.4,350.4,24.8,70.4,0.060
483,-1,1563.5,310.8,54.8,143.6,0.059
483,-1,1257.8,306.2,68.3,233.2,0.055
483,-1,614.6,352.0,18.7,58.8,0.051
484,-1,232.5,277.3,247.2,502.7,1.000
484,-1,1238.5,292.2,92.6,282.4,0.997
484,-1,804.5,325.8,55.4,163.1,0.996
484,-1,919.3,338.0,50.2,148.5,0.996
484,-1,627.3,344.3,41.0,110.1,0.996
484,-1,1132.3,342.7,53.4,135.3,0.992
484,-1,983.6,347.5,22.4,64.5,0.990
484,-1,685.5,355.9,24.0,61.2,0.974
484,-1,380.6,334.7,68.7,114.0,0.972
484,-1,1222.9,310.5,50.5,245.5,0.968
484,-1,1006.4,350.5,14.0,38.1,0.909
484,-1,1114.7,347.5,25.1,80.8,0.901
484,-1,883.0,364.5,43.3,82.6,0.901
484,-1,704.8,358.8,24.1,56.9,0.853
484,-1,1523.9,303.0,49.1,87.4,0.799
484,-1,696.5,355.8,24.5,61.8,0.700
484,-1,604.8,348.8,25.5,49.1,0.680
484,-1,1214.7,308.6,52.5,103.8,0.579
484,-1,1521.7,286.7,50.0,181.8,0.577
484,-1,667.9,350.4,12.6,34.5,0.566
484,-1,1031.2,356.5,21.2,39.1,0.530
484,-1,0.2,279.2,50.4,105.9,0.426
484,-1,967.5,352.1,14.0,31.5,0.314
484,-1,50.7,311.6,49.7,73.9,0.232
484,-1,744.6,319.9,30.1,40.1,0.223
484,-1,689.3,324.6,43.0,92.3,0.214
484,-1,1112.5,348.3,22.3,49.0,0.211
484,-1,735.6,323.8,33.2,47.8,0.185
484,-1,906.8,368.9,21.7,77.2,0.171
484,-1,962.6,351.2,15.2,42.3,0.137
484,-1,679.9,337.1,36.9,80.8,0.131
484,-1,960.2,351.0,23.0,71.8,0.109
484,-1,377.4,337.1,52.2,170.3,0.104
484,-1,728.4,323.3,28.5,42.2,0.093
484,-1,720.7,330.1,25.5,38.4,0.076
484,-1,713.9,333.7,23.1,36.2,0.075
484,-1,678.9,346.1,15.7,38.9,0.070
484,-1,715.1,343.1,25.4,54.0,0.064
484,-1,13.4,302.6,70.8,80.4,0.059
484,-1,873.8,374.2,31.0,61.7,0.053
484,-1,723.6,332.0,31.6,48.8,0.051
485,-1,225.4,281.9,253.3,504.7,1.000
485,-1,809.4,325.7,53.1,162.1,0.997
485,-1,628.8,343.1,41.5,112.0,0.997
485,-1,1236.9,288.9,93.7,285.2,0.997
485,-1,921.0,335.6,49.0,152.8,0.995
485,-1,1131.5,340.9,54.3,136.5,0.993
485,-1,687.2,355.9,21.6,59.3,0.989
485,-1,984.2,348.8,25.3,64.5,0.986
485,-1,383.4,334.3,64.2,169.9,0.976
485,-1,709.3,355.5,22.5,61.0,0.971
485,-1,1007.4,348.8,15.5,52.0,0.948
485,-1,1216.8,306.3,52.0,148.5,0.943
485,-1,1113.4,347.4,23.8,73.7,0.943
485,-1,1223.7,305.7,51.9,245.2,0.906
485,-1,1526.8,296.2,48.5,99.0,0.904
485,-1,1034.5,350.9,21.0,46.3,0.899
485,-1,889.9,368.4,37.3,76.3,0.884
485,-1,62.5,318.9,37.3,67.2,0.765
485,-1,605.5,352.3,22.3,45.8,0.760
485,-1,669.3,349.8,11.7,35.9,0.483
485,-1,33.7,321.1,25.5,51.8,0.429
485,-1,957.5,346.2,28.1,78.3,0.338
485,-1,621.0,349.9,16.5,45.9,0.331
485,-1,719.3,353.8,16.5,50.8,0.320
485,-1,1170.8,346.6,18.1,61.2,0.306
485,-1,1.6,276.4,45.9,100.5,0.262
485,-1,1095.4,363.0,21.7,46.1,0.167
485,-1,971.2,348.8,12.3,31.4,0.135
485,-1,1575.9,310.8,54.0,71.1,0.121
485,-1,408.3,349.7,43.2,98.1,0.120
485,-1,910.8,381.3,18.4,62.7,0.106
485,-1,701.8,358.3,18.8,57.3,0.102
485,-1,680.5,349.4,13.1,37.6,0.078
485,-1,783.9,343.1,12.1,30.3,0.076
485,-1,801.4,344.8,15.7,34.8,0.066
485,-1,602.9,355.1,16.6,50.0,0.059
485,-1,715.5,331.1,17.0,31.5,0.058
485,-1,1514.1,290.1,63.0,181.2,0.057
485,-1,714.2,343.2,20.3,46.8,0.056
485,-1,907.4,340.6,18.2,29.2,0.053
485,-1,748.4,333.4,21.6,29.5,0.052
486,-1,224.9,283.5,251.6,507.9,1.000
486,-1,809.6,324.7,54.1,162.6,0.998
486,-1,918.6,334.6,50.9,151.5,0.998
486,-1,632.5,341.5,37.5,108.8,0.998
486,-1,1242.1,291.7,88.1,279.5,0.995
486,-1,985.1,343.8,25.0,66.7,0.994
486,-1,1114.7,341.0,26.1,86.2,0.994
486,-1,689.5,354.6,19.9,58.6,0.993
486,-1,1133.3,340.8,54.6,137.5,0.992
486,-1,381.6,334.1,52.8,169.3,0.988
486,-1,1007.8,347.6,15.2,52.1,0.980
486,-1,710.7,357.1,19.1,56.6,0.967
486,-1,1035.4,352.0,20.3,45.3,0.959
486,-1,886.1,362.9,38.8,82.4,0.945
486,-1,1220.0,307.2,56.5,238.6,0.942
486,-1,606.8,347.8,20.4,47.0,0.876
486,-1,1530.1,292.3,46.8,94.9,0.876
486,-1,60.4,317.6,40.5,68.9,0.833
486,-1,32.5,318.3,25.8,54.4,0.697
486,-1,1218.0,305.4,52.4,135.5,0.608
486,-1,670.4,348.6,11.4,36.4,0.575
486,-1,623.8,347.9,15.8,45.3,0.552
486,-1,407.7,359.6,43.4,87.6,0.491
486,-1,957.3,345.2,24.4,76.3,0.471
486,-1,723.0,353.8,13.0,43.2,0.399
486,-1,967.5,346.4,10.6,26.7,0.365
486,-1,1172.2,348.0,16.4,59.7,0.297
486,-1,976.1,346.5,14.0,35.8,0.293
486,-1,960.9,347.2,13.7,30.0,0.292
486,-1,1.7,276.3,45.2,96.8,0.247
486,-1,786.0,341.7,10.7,31.4,0.149
486,-1,803.8,342.7,12.9,34.9,0.114
486,-1,890.6,351.8,14.0,21.0,0.100
486,-1,895.3,350.7,15.7,21.5,0.063
486,-1,627.3,346.4,16.2,70.3,0.061
486,-1,1517.4,292.9,57.7,166.0,0.059
486,-1,914.2,366.7,17.2,77.2,0.055
487,-1,223.6,282.4,253.1,508.5,1.000
487,-1,809.1,319.4,55.9,163.3,0.998
487,-1,631.1,337.0,41.5,110.0,0.998
487,-1,1242.4,289.3,87.6,279.5,0.996
487,-1,986.6,342.6,24.4,64.8,0.996
487,-1,915.4,330.7,58.0,151.0,0.996
487,-1,1135.2,338.9,51.8,136.3,0.990
487,-1,689.6,350.6,21.0,58.8,0.973
487,-1,711.6,351.7,22.1,59.1,0.972
487,-1,381.0,332.4,59.8,171.2,0.967
487,-1,1118.6,338.2,23.4,80.3,0.965
487,-1,1009.0,343.3,15.5,54.5,0.958
487,-1,1037.4,346.4,20.2,48.6,0.952
487,-1,1534.0,295.0,44.8,89.1,0.922
487,-1,1219.9,306.1,55.2,178.8,0.897
487,-1,607.6,342.4,19.6,49.2,0.868
487,-1,61.1,313.2,38.8,70.5,0.826
487,-1,32.3,316.0,26.2,52.3,0.810
487,-1,891.0,363.7,34.7,76.0,0.695
487,-1,672.1,345.3,11.1,35.1,0.684
487,-1,622.3,343.3,18.8,50.9,0.619
487,-1,1232.2,324.7,51.9,230.6,0.608
487,-1,396.8,334.1,51.7,108.3,0.497
487,-1,973.8,343.2,12.9,39.8,0.435
487,-1,603.8,356.9,12.3,46.9,0.385
487,-1,1177.2,364.1,10.2,39.4,0.305
487,-1,550.3,363.8,29.9,73.1,0.274
487,-1,2.3,269.6,45.0,102.7,0.248
487,-1,969.4,342.7,12.5,32.8,0.210
487,-1,1531.8,272.4,47.4,176.5,0.194
487,-1,1172.6,351.9,16.3,58.4,0.190
487,-1,961.8,344.2,17.7,76.8,0.185
487,-1,354.8,332.7,27.9,35.6,0.185
487,-1,1.5,279.1,28.1,70.6,0.181
487,-1,724.0,349.6,12.8,47.7,0.151
487,-1,916.4,354.1,17.1,87.0,0.148
487,-1,789.5,339.8,12.7,26.7,0.145
487,-1,786.1,339.2,10.8,30.2,0.136
487,-1,804.4,342.4,12.6,33.6,0.132
487,-1,701.6,348.8,24.4,61.7,0.131
487,-1,356.7,332.2,50.5,175.2,0.090
487,-1,666.9,342.8,14.9,54.8,0.078
487,-1,682.3,343.9,13.0,38.2,0.078
487,-1,372.2,331.7,42.5,120.2,0.076
487,-1,908.0,341.4,18.8,29.1,0.074
487,-1,983.3,341.5,13.7,51.6,0.071
487,-1,899.3,346.5,27.9,73.7,0.065
488,-1,219.9,285.1,248.6,505.0,0.999
488,-1,811.8,319.8,54.3,160.8,0.997
488,-1,920.1,331.8,53.7,143.5,0.997
488,-1,637.1,335.4,41.8,111.0,0.996
488,-1,989.6,339.2,24.1,65.7,0.994
488,-1,1136.9,335.8,52.2,136.9,0.994
488,-1,1250.0,288.1,83.9,279.9,0.990
488,-1,694.1,344.0,20.7,63.0,0.974
488,-1,712.9,347.8,23.8,62.3,0.968
488,-1,1010.9,342.3,17.3,53.0,0.968
488,-1,1232.0,299.3,68.5,254.5,0.959
488,-1,377.2,332.6,68.6,186.1,0.957
488,-1,1039.7,345.4,19.4,46.5,0.946
488,-1,1117.6,331.8,26.8,90.0,0.907
488,-1,1538.7,288.1,46.3,92.1,0.901
488,-1,625.2,344.6,19.7,62.1,0.831
488,-1,62.2,312.9,39.8,72.3,0.778
488,-1,610.5,344.5,16.8,46.4,0.763
488,-1,1225.1,301.9,54.3,177.7,0.697
488,-1,673.4,344.2,13.4,33.2,0.615
488,-1,620.8,345.0,17.6,46.4,0.610
488,-1,890.7,361.3,32.5,76.8,0.565
488,-1,684.0,342.4,14.3,38.3,0.542
488,-1,605.1,356.9,11.5,47.2,0.469
488,-1,1.9,275.8,43.0,94.8,0.423
488,-1,961.5,340.1,25.6,80.7,0.369
488,-1,965.2,341.8,15.8,48.2,0.300
488,-1,607.8,349.6,13.1,44.4,0.298
488,-1,721.8,327.2,18.2,32.3,0.289
488,-1,33.9,318.0,24.6,50.9,0.243
488,-1,545.4,363.6,31.8,72.7,0.210
488,-1,367.4,330.5,49.2,203.7,0.199
488,-1,973.0,342.1,13.7,38.2,0.188
488,-1,1172.1,344.1,18.9,57.8,0.153
488,-1,805.3,337.3,17.4,35.6,0.140
488,-1,391.0,335.4,58.3,116.0,0.138
488,-1,723.5,331.4,17.1,60.7,0.129
488,-1,981.3,341.3,13.1,47.7,0.127
488,-1,901.8,349.9,28.8,89.7,0.108
488,-1,789.9,336.5,13.4,28.9,0.102
488,-1,894.7,344.4,14.7,23.6,0.094
488,-1,349.8,326.3,47.0,133.9,0.091
488,-1,742.4,332.7,17.9,31.9,0.076
488,-1,669.8,341.4,15.8,54.8,0.072
488,-1,811.0,340.1,15.0,51.0,0.069
488,-1,1536.8,276.4,48.3,184.4,0.066
488,-1,729.2,346.2,14.0,44.0,0.052
489,-1,212.4,285.2,254.9,503.6,1.000
489,-1,813.3,320.4,53.9,159.7,0.998
489,-1,638.0,334.8,42.0,111.0,0.997
489,-1,919.3,331.3,53.3,148.1,0.997
489,-1,1141.2,335.2,49.2,134.8,0.996
489,-1,990.6,337.7,24.4,66.7,0.994
489,-1,1250.4,285.5,88.9,281.5,0.993
489,-1,715.3,343.1,22.2,65.6,0.985
489,-1,695.7,343.5,20.3,63.0,0.984
489,-1,376.6,329.1,64.9,216.1,0.983
489,-1,1234.6,298.7,57.1,255.8,0.978
489,-1,1123.0,335.0,24.6,82.7,0.971
489,-1,626.9,341.0,19.1,68.4,0.967
489,-1,1014.6,342.3,14.9,50.2,0.959
489,-1,1041.1,343.9,18.9,47.1,0.950
489,-1,62.4,311.1,40.6,73.2,0.932
489,-1,614.7,342.3,16.8,46.0,0.820
489,-1,1541.9,285.7,47.2,98.3,0.797
489,-1,1226.6,299.7,56.0,147.8,0.594
489,-1,673.4,342.4,14.4,51.7,0.568
489,-1,892.3,353.7,30.5,81.3,0.553
489,-1,965.2,336.9,27.0,79.4,0.541
489,-1,35.6,315.5,26.1,52.4,0.534
489,-1,676.0,343.6,12.1,32.0,0.473
489,-1,969.3,340.4,11.8,26.1,0.469
489,-1,2.7,277.4,28.2,52.9,0.383
489,-1,685.7,340.9,13.7,35.7,0.331
489,-1,2.6,276.3,36.3,88.6,0.317
489,-1,606.9,353.1,12.8,45.7,0.269
489,-1,731.1,348.7,13.4,41.7,0.253
489,-1,968.4,340.5,16.3,51.5,0.198
489,-1,808.1,336.4,13.2,36.9,0.179
489,-1,379.9,329.8,66.7,117.4,0.167
489,-1,979.5,339.9,12.4,43.6,0.166
489,-1,795.6,336.5,10.3,29.0,0.152
489,-1,353.1,331.8,54.2,209.1,0.148
489,-1,898.1,344.6,12.1,22.4,0.145
489,-1,547.0,364.5,30.7,70.0,0.136
489,-1,1174.5,343.6,17.8,60.9,0.120
489,-1,909.5,341.8,23.8,96.6,0.107
489,-1,788.7,333.8,12.6,31.6,0.084
489,-1,15.5,291.3,46.2,78.7,0.077
489,-1,901.9,345.3,12.7,21.8,0.062
489,-1,964.9,357.6,17.6,59.8,0.062
489,-1,346.6,329.2,48.8,141.0,0.061
490,-1,210.2,286.3,256.2,502.4,0.999
490,-1,643.2,338.5,37.3,104.9,0.998
490,-1,816.7,317.4,52.5,162.1,0.998
490,-1,919.5,330.2,54.5,149.7,0.996
490,-1,1143.9,334.8,47.8,133.8,0.995
490,-1,1254.2,283.4,89.1,283.6,0.995
490,-1,992.6,337.3,24.1,66.7,0.987
490,-1,718.5,349.4,21.3,59.9,0.986
490,-1,699.4,347.7,20.4,59.7,0.981
490,-1,376.2,330.7,60.4,223.3,0.976
490,-1,1239.2,299.6,54.8,256.0,0.974
490,-1,1127.3,335.0,24.3,85.0,0.965
490,-1,66.0,311.8,40.9,73.2,0.959
490,-1,627.3,339.8,19.9,69.9,0.945
490,-1,1043.9,344.2,18.3,44.8,0.912
490,-1,1016.9,342.3,15.2,50.3,0.898
490,-1,34.9,316.5,27.3,51.5,0.830
490,-1,1546.9,285.4,45.6,96.8,0.830
490,-1,677.6,343.7,11.8,45.4,0.676
490,-1,618.2,340.8,17.9,52.2,0.576
490,-1,1230.6,299.2,55.6,114.2,0.497
490,-1,613.5,342.1,15.6,49.8,0.433
490,-1,979.1,340.3,15.1,43.9,0.386
490,-1,811.0,340.7,11.5,33.5,0.367
490,-1,3.4,277.3,30.4,85.9,0.349
490,-1,894.4,358.5,31.1,77.9,0.348
490,-1,609.8,349.0,14.9,49.4,0.335
490,-1,349.0,330.8,34.3,41.7,0.326
490,-1,970.1,341.4,15.5,53.0,0.273
490,-1,383.8,330.5,59.9,119.1,0.241
490,-1,1106.7,328.7,19.4,75.0,0.225
490,-1,918.5,347.3,16.9,91.8,0.210
490,-1,351.9,331.1,47.5,206.0,0.184
490,-1,899.5,343.7,12.1,23.3,0.157
490,-1,797.0,337.4,11.5,29.5,0.138
490,-1,791.0,336.5,12.1,29.0,0.136
490,-1,736.8,350.7,14.1,38.9,0.129
490,-1,731.2,347.3,13.7,41.3,0.115
490,-1,1177.6,341.9,17.3,58.3,0.107
490,-1,965.5,354.8,19.3,58.3,0.090
490,-1,723.0,342.8,19.2,39.1,0.072
490,-1,968.9,341.8,12.7,36.9,0.064
490,-1,1544.8,273.2,49.8,195.9,0.060
490,-1,953.8,343.9,28.0,85.2,0.058
490,-1,876.5,370.4,27.5,66.7,0.052
491,-1,203.1,285.5,261.9,507.5,1.000
491,-1,644.3,339.5,36.7,106.2,0.999
491,-1,817.3,319.5,53.7,160.8,0.998
491,-1,920.1,330.6,54.3,149.3,0.998
491,-1,1145.7,334.0,49.6,134.9,0.998
491,-1,1261.9,279.3,90.5,293.8,0.996
491,-1,993.2,338.3,24.8,66.7,0.992
491,-1,700.8,350.5,19.6,55.3,0.991
491,-1,721.2,354.8,18.9,54.3,0.988
491,-1,1126.6,335.4,26.4,85.8,0.986
491,-1,1240.7,293.8,56.6,260.9,0.981
491,-1,374.6,329.3,63.4,224.7,0.981
491,-1,1018.7,341.8,16.2,52.6,0.978
491,-1,66.3,312.9,40.4,71.8,0.944
491,-1,1045.9,346.4,16.9,43.8,0.943
491,-1,1548.7,287.3,45.7,92.5,0.927
491,-1,628.1,342.4,20.9,65.3,0.909
491,-1,678.8,343.7,12.7,52.9,0.899
491,-1,617.7,342.5,16.2,49.7,0.862
491,-1,35.8,316.6,27.9,52.4,0.632
491,-1,347.4,330.3,35.8,43.7,0.580
491,-1,735.9,352.0,12.8,38.6,0.517
491,-1,811.6,337.4,13.1,36.3,0.418
491,-1,974.6,341.8,11.3,25.8,0.377
491,-1,1599.1,296.7,39.0,53.4,0.341
491,-1,979.3,340.9,12.2,31.1,0.323
491,-1,899.6,351.5,27.9,83.8,0.318
491,-1,1544.1,286.7,51.8,164.6,0.291
491,-1,793.6,336.1,11.6,31.0,0.255
491,-1,349.8,331.6,47.4,204.6,0.244
491,-1,4.4,273.8,45.1,94.4,0.228
491,-1,1235.9,297.1,53.9,101.4,0.194
491,-1,970.5,342.6,12.2,32.3,0.184
491,-1,799.4,338.9,9.9,28.4,0.154
491,-1,1173.4,339.4,23.2,68.4,0.135
491,-1,543.8,363.9,46.5,69.1,0.128
491,-1,970.5,343.3,15.8,54.1,0.111
491,-1,372.8,329.4,60.7,117.0,0.095
491,-1,727.8,350.8,15.6,50.0,0.088
491,-1,957.9,346.8,20.2,63.5,0.082
491,-1,966.0,357.0,19.1,58.9,0.076
491,-1,375.3,329.0,51.2,68.4,0.073
491,-1,627.9,336.9,38.3,84.9,0.058
491,-1,815.7,342.8,14.5,39.8,0.050
492,-1,206.4,287.1,256.2,509.4,1.000
492,-1,820.5,320.5,54.3,161.5,0.999
492,-1,648.6,340.6,36.1,105.7,0.998
492,-1,1262.9,279.6,89.8,296.1,0.997
492,-1,922.1,331.6,52.3,148.7,0.997
492,-1,1146.1,333.5,51.6,135.0,0.997
492,-1,632.6,342.4,18.2,68.4,0.995
492,-1,995.0,340.9,25.5,65.4,0.994
492,-1,1128.7,337.2,27.2,86.7,0.992
492,-1,1240.2,298.2,59.7,253.0,0.990
492,-1,372.9,328.4,60.8,233.4,0.988
492,-1,722.0,355.9,18.9,54.0,0.987
492,-1,702.5,349.4,18.8,57.7,0.987
492,-1,1048.1,346.5,18.9,47.0,0.973
492,-1,1019.7,342.4,16.2,53.8,0.965
492,-1,1552.1,287.6,47.7,93.4,0.947
492,-1,66.5,314.3,40.7,75.8,0.943
492,-1,617.7,343.2,18.2,49.7,0.932
492,-1,680.2,344.5,13.0,51.9,0.860
492,-1,556.5,368.7,26.1,67.8,0.808
492,-1,39.7,318.2,22.2,52.7,0.784
492,-1,969.5,343.1,26.1,72.2,0.748
492,-1,736.1,356.4,11.6,35.0,0.561
492,-1,692.3,345.4,12.4,35.7,0.524
492,-1,1602.7,294.4,40.4,76.5,0.285
492,-1,803.5,344.3,8.4,22.6,0.283
492,-1,901.1,343.3,29.9,94.9,0.264
492,-1,979.9,343.0,12.0,32.3,0.261
492,-1,813.5,339.6,11.7,34.9,0.244
492,-1,975.4,345.0,11.9,28.0,0.212
492,-1,351.2,332.9,46.8,208.9,0.200
492,-1,402.0,333.1,35.7,112.5,0.193
492,-1,794.8,336.7,10.5,32.6,0.172
492,-1,1240.0,298.4,54.0,106.5,0.163
492,-1,801.1,339.4,8.5,28.5,0.159
492,-1,972.1,347.9,15.9,41.5,0.142
492,-1,1180.8,342.9,17.9,60.4,0.140
492,-1,710.0,350.0,20.7,59.5,0.132
492,-1,1546.7,284.1,53.7,166.6,0.121
492,-1,375.1,330.7,53.2,99.5,0.117
492,-1,911.2,330.8,46.2,130.0,0.074
492,-1,915.4,337.8,27.5,102.6,0.068
492,-1,816.6,343.0,12.2,34.0,0.061
492,-1,5.4,273.5,40.6,98.5,0.058
493,-1,190.9,287.2,262.9,519.3,1.000
493,-1,822.4,320.7,55.6,166.2,0.997
493,-1,648.9,341.5,42.7,110.1,0.997
493,-1,371.9,331.7,59.1,245.2,0.997
493,-1,1148.4,336.4,51.7,136.3,0.996
493,-1,1263.8,287.8,93.8,287.5,0.996
493,-1,924.1,339.6,51.6,142.8,0.990
493,-1,998.6,342.8,24.6,65.9,0.989
493,-1,625.4,344.3,27.3,73.1,0.975
493,-1,706.7,352.7,19.4,58.8,0.975
493,-1,1245.6,300.3,58.2,253.2,0.975
493,-1,1131.2,342.8,29.0,79.2,0.962
493,-1,1050.5,349.9,20.6,46.2,0.957
493,-1,1024.4,345.6,16.6,51.7,0.953
493,-1,726.7,356.1,22.1,57.7,0.951
493,-1,345.9,334.3,36.9,48.3,0.818
493,-1,69.5,316.6,39.3,78.3,0.804
493,-1,620.1,344.9,19.5,61.0,0.588
493,-1,1558.3,289.8,49.2,94.5,0.586
493,-1,42.2,319.7,27.9,53.1,0.495
493,-1,1247.0,299.9,50.1,95.4,0.388
493,-1,979.3,344.6,14.8,28.6,0.330
493,-1,978.0,344.8,16.6,64.3,0.310
493,-1,816.5,342.4,12.7,36.4,0.249
493,-1,1247.4,326.1,40.1,129.3,0.229
493,-1,682.8,348.4,13.2,38.9,0.206
493,-1,901.7,341.0,40.5,101.5,0.203
493,-1,963.6,359.3,22.3,64.6,0.201
493,-1,399.7,334.0,33.9,116.2,0.199
493,-1,911.1,333.7,49.5,124.8,0.171
493,-1,349.2,334.7,54.9,243.4,0.162
493,-1,700.3,350.0,11.8,31.9,0.156
493,-1,897.4,373.3,33.3,69.8,0.113
493,-1,965.4,351.9,14.7,28.1,0.109
493,-1,961.3,354.5,18.7,42.9,0.108
493,-1,970.6,355.5,22.7,63.2,0.099
493,-1,375.1,332.2,54.0,84.7,0.091
493,-1,1607.8,301.4,44.3,78.5,0.087
493,-1,7.7,272.1,39.1,100.6,0.081
493,-1,802.3,342.6,12.3,28.6,0.073
493,-1,1112.9,351.8,20.8,50.1,0.059
493,-1,820.4,341.7,16.2,66.6,0.058
494,-1,190.2,286.4,261.5,524.8,0.999
494,-1,823.0,322.5,54.6,164.2,0.998
494,-1,652.8,338.2,40.2,113.8,0.996
494,-1,1150.9,336.4,50.1,138.0,0.992
494,-1,1270.8,287.4,91.3,292.2,0.989
494,-1,1001.5,344.5,23.3,66.2,0.987
494,-1,1247.6,299.9,62.5,262.3,0.985
494,-1,927.5,346.0,52.6,134.7,0.981
494,-1,705.9,350.1,26.3,65.3,0.977
494,-1,368.6,333.8,61.1,227.6,0.958
494,-1,624.8,345.5,29.5,73.1,0.955
494,-1,1133.9,342.4,28.2,77.9,0.874
494,-1,726.9,350.3,25.4,64.4,0.857
494,-1,1050.6,350.9,23.2,46.0,0.850
494,-1,1026.6,348.6,18.2,48.3,0.846
494,-1,348.6,336.6,49.3,247.9,0.713
494,-1,364.8,331.7,62.4,124.5,0.582
494,-1,341.9,334.5,43.5,52.5,0.460
494,-1,902.0,340.9,35.0,104.3,0.458
494,-1,719.2,350.1,24.3,66.1,0.433
494,-1,978.8,346.4,14.2,25.6,0.339
494,-1,1248.0,301.7,54.7,147.6,0.313
494,-1,976.9,346.3,19.3,59.1,0.291
494,-1,613.4,346.0,22.2,71.0,0.241
494,-1,729.9,343.8,25.8,47.9,0.234
494,-1,67.7,304.3,50.6,97.0,0.225
494,-1,882.3,375.8,45.3,69.5,0.200
494,-1,1559.9,282.0,52.7,102.5,0.183
494,-1,625.1,349.1,26.0,36.3,0.159
494,-1,968.4,358.9,25.2,60.1,0.155
494,-1,1247.7,334.0,36.8,98.1,0.148
494,-1,695.4,346.5,15.5,34.9,0.146
494,-1,965.4,350.0,15.6,28.2,0.130
494,-1,40.8,315.9,66.2,77.9,0.129
494,-1,740.8,328.2,21.8,34.6,0.110
494,-1,991.9,346.0,16.0,52.7,0.101
494,-1,1180.3,343.2,23.3,61.0,0.101
494,-1,737.0,335.9,22.6,41.4,0.093
494,-1,746.1,320.8,44.3,51.8,0.089
494,-1,761.6,322.6,28.8,31.6,0.088
494,-1,747.0,323.3,25.4,38.7,0.085
494,-1,985.4,345.2,17.7,47.0,0.085
494,-1,336.2,334.8,51.8,126.7,0.084
494,-1,960.1,352.4,21.9,48.6,0.079
494,-1,904.7,335.4,56.0,126.4,0.079
494,-1,682.7,338.6,17.4,44.0,0.069
494,-1,920.9,340.0,32.5,108.5,0.067
494,-1,6.5,270.7,51.0,103.4,0.065
494,-1,1245.0,314.4,26.3,128.7,0.061
494,-1,731.1,333.6,25.8,31.5,0.059
494,-1,688.5,347.8,15.7,34.4,0.054
494,-1,748.2,336.3,25.3,45.3,0.051
494,-1,1304.4,294.1,75.7,258.7,0.051
495,-1,180.6,290.8,271.7,514.7,0.999
495,-1,826.4,324.6,53.4,163.4,0.998
495,-1,656.9,346.3,36.5,105.8,0.998
495,-1,1152.0,338.3,52.0,139.4,0.996
495,-1,1281.8,286.6,93.3,299.9,0.996
495,-1,1002.0,345.7,26.7,67.0,0.995
495,-1,928.2,336.8,50.3,147.6,0.993
495,-1,627.0,348.9,27.3,71.3,0.992
495,-1,363.4,335.7,61.4,239.4,0.991
495,-1,710.3,355.3,20.5,60.1,0.991
495,-1,1255.3,303.0,58.7,259.1,0.990
495,-1,1030.3,348.6,16.2,52.7,0.985
495,-1,1138.5,342.0,26.9,79.4,0.967
495,-1,72.0,319.2,40.5,78.3,0.959
495,-1,1567.8,294.3,48.6,94.9,0.944
495,-1,730.9,358.5,18.1,57.0,0.940
495,-1,1054.5,355.4,19.9,43.2,0.932
495,-1,348.8,338.3,32.4,52.3,0.825
495,-1,685.2,351.0,15.2,48.6,0.750
495,-1,983.0,349.2,11.6,27.7,0.702
495,-1,335.3,341.6,21.0,35.9,0.588
495,-1,43.7,323.9,27.8,50.6,0.496
495,-1,623.6,351.2,16.0,52.4,0.464
495,-1,697.2,352.5,11.0,32.1,0.438
495,-1,743.9,360.6,11.1,38.6,0.409
495,-1,962.4,356.9,25.5,72.8,0.361
495,-1,989.5,349.4,13.1,35.1,0.343
495,-1,820.2,345.0,13.1,36.4,0.340
495,-1,1566.5,286.2,47.9,190.6,0.333
495,-1,1616.8,301.7,40.3,66.1,0.300
495,-1,810.2,346.6,10.4,29.0,0.289
495,-1,980.6,350.4,15.2,43.9,0.269
495,-1,1252.6,303.3,54.8,97.8,0.253
495,-1,800.7,342.4,11.5,33.6,0.221
495,-1,398.7,335.3,37.8,117.4,0.203
495,-1,897.8,352.3,38.8,94.4,0.190
495,-1,805.4,343.5,10.1,32.1,0.180
495,-1,980.0,347.4,22.3,73.4,0.168
495,-1,1187.2,346.0,18.5,58.1,0.135
495,-1,962.4,352.7,14.6,34.7,0.131
495,-1,968.0,356.5,18.2,34.7,0.083
495,-1,976.1,351.4,11.8,28.4,0.082
495,-1,910.9,348.6,14.0,26.5,0.077
495,-1,1181.8,345.3,24.0,92.5,0.075
495,-1,723.3,356.5,16.3,57.2,0.073
495,-1,906.8,333.9,45.9,118.3,0.061
496,-1,175.3,287.9,273.0,519.8,0.999
496,-1,826.0,322.7,56.1,164.0,0.998
496,-1,1283.9,282.3,91.5,304.3,0.998
496,-1,659.6,342.8,37.0,107.5,0.997
496,-1,1154.1,337.3,50.9,138.8,0.995
496,-1,1003.6,343.0,25.5,67.9,0.990
496,-1,929.7,338.4,49.6,145.0,0.988
496,-1,1254.1,301.0,59.3,258.6,0.987
496,-1,360.5,330.4,70.9,260.2,0.986
496,-1,631.1,348.4,25.6,71.5,0.981
496,-1,1029.3,346.5,19.7,53.6,0.978
496,-1,710.6,352.1,21.4,63.1,0.973
496,-1,1139.4,340.4,27.2,83.9,0.972
496,-1,1056.6,352.4,19.7,44.8,0.943
496,-1,1568.9,290.8,48.5,93.8,0.906
496,-1,347.2,335.3,34.2,62.4,0.899
496,-1,730.8,352.5,23.1,62.8,0.814
496,-1,980.5,344.2,20.3,70.2,0.749
496,-1,962.2,351.3,26.9,94.8,0.717
496,-1,72.2,314.7,29.0,72.9,0.690
496,-1,333.5,337.7,21.3,41.4,0.676
496,-1,568.5,372.0,23.6,68.9,0.644
496,-1,984.0,344.6,14.1,31.4,0.502
496,-1,904.2,370.5,33.2,74.6,0.453
496,-1,686.3,348.1,15.2,45.0,0.368
496,-1,1254.6,302.9,53.2,93.8,0.358
496,-1,623.7,348.4,15.1,52.0,0.334
496,-1,73.1,300.9,45.2,102.5,0.215
496,-1,969.1,354.3,17.7,40.6,0.204
496,-1,961.8,351.1,15.8,33.2,0.181
496,-1,741.7,352.2,15.8,42.5,0.171
496,-1,821.3,343.6,17.5,33.4,0.161
496,-1,1188.0,344.1,18.5,63.2,0.150
496,-1,619.9,363.3,12.5,44.8,0.149
496,-1,910.1,338.6,43.3,110.0,0.136
496,-1,549.1,367.7,29.3,70.3,0.127
496,-1,694.0,350.6,12.6,33.6,0.113
496,-1,970.0,348.0,22.1,64.6,0.095
496,-1,895.8,330.3,46.0,108.2,0.093
496,-1,875.2,331.1,20.5,39.9,0.093
496,-1,973.3,350.7,13.6,28.6,0.087
496,-1,362.4,335.0,52.8,139.4,0.087
496,-1,7.4,275.7,46.1,98.6,0.080
496,-1,44.1,319.1,26.8,52.1,0.075
496,-1,889.7,381.7,18.1,25.9,0.072
496,-1,705.4,349.0,15.5,38.5,0.069
496,-1,341.0,336.0,20.8,38.4,0.065
496,-1,1526.3,294.4,41.4,134.8,0.061
497,-1,169.7,293.1,275.9,532.0,0.999
497,-1,825.7,324.7,55.7,166.4,0.998
497,-1,1281.8,283.2,99.1,305.8,0.998
497,-1,657.8,345.5,41.5,107.8,0.997
497,-1,625.5,348.4,29.7,72.0,0.996
497,-1,1153.8,340.6,51.4,137.8,0.995
497,-1,930.2,337.1,45.9,148.3,0.993
497,-1,359.1,334.7,67.6,248.8,0.993
497,-1,1257.1,302.9,57.4,261.2,0.992
497,-1,1138.9,341.1,28.4,88.8,0.992
497,-1,1004.4,343.2,25.1,68.5,0.988
497,-1,1030.2,348.0,18.7,54.6,0.985
497,-1,710.9,355.9,22.4,59.3,0.974
497,-1,1054.4,354.3,22.6,44.9,0.915
497,-1,71.8,320.0,30.6,74.4,0.912
497,-1,346.0,338.6,33.7,61.6,0.909
497,-1,731.3,354.1,23.0,63.1,0.892
497,-1,1569.4,297.7,48.3,103.1,0.890
497,-1,43.0,322.4,27.9,52.7,0.846
497,-1,561.2,371.3,29.2,73.9,0.789
497,-1,984.1,349.9,11.6,26.2,0.624
497,-1,331.5,342.1,24.9,47.0,0.589
497,-1,980.5,348.0,21.4,72.2,0.410
497,-1,989.1,348.3,14.7,35.7,0.378
497,-1,964.0,354.7,26.1,71.8,0.358
497,-1,821.1,345.8,16.3,34.1,0.294
497,-1,1255.9,303.8,53.9,103.4,0.288
497,-1,973.5,352.1,12.4,28.3,0.271
497,-1,808.3,345.7,10.6,29.9,0.225
497,-1,745.7,360.4,12.0,38.7,0.224
497,-1,903.8,375.0,34.6,73.6,0.219
497,-1,740.0,356.0,15.4,47.9,0.212
497,-1,965.6,355.2,20.5,36.9,0.195
497,-1,395.2,343.0,37.8,110.0,0.157
497,-1,803.1,340.5,14.1,36.3,0.132
497,-1,911.4,335.4,47.7,124.7,0.118
497,-1,1187.5,347.4,19.4,60.2,0.111
497,-1,623.3,351.0,16.2,63.4,0.090
497,-1,387.5,348.5,45.7,201.7,0.088
497,-1,358.3,337.0,54.9,135.2,0.058
497,-1,956.3,350.7,39.9,104.6,0.057
498,-1,155.2,286.3,279.0,539.8,1.000
498,-1,662.6,338.0,40.1,113.3,0.998
498,-1,1284.6,285.1,95.5,305.6,0.998
498,-1,826.7,322.9,57.4,162.3,0.997
498,-1,1152.4,340.9,55.6,138.2,0.994
498,-1,354.7,336.7,73.3,247.3,0.992
498,-1,1006.4,343.3,27.5,68.9,0.985
498,-1,634.0,345.4,22.5,75.1,0.985
498,-1,931.6,341.2,44.8,144.5,0.983
498,-1,713.8,351.7,22.6,61.0,0.979
498,-1,1261.0,303.6,63.0,256.3,0.974
498,-1,734.1,360.5,21.3,52.6,0.955
498,-1,1143.8,341.3,26.6,84.2,0.918
498,-1,1033.3,347.5,20.2,50.7,0.903
498,-1,72.7,316.3,29.0,72.1,0.881
498,-1,1576.4,292.3,50.3,98.7,0.872
498,-1,347.3,336.2,31.7,63.9,0.854
498,-1,1059.2,350.8,21.6,45.6,0.823
498,-1,332.4,337.7,24.2,53.5,0.806
498,-1,962.6,342.7,27.6,103.4,0.734
498,-1,985.0,343.7,20.4,70.7,0.715
498,-1,1261.9,300.9,57.8,139.9,0.560
498,-1,1149.0,340.2,20.3,48.4,0.460
498,-1,988.2,345.1,13.6,29.5,0.446
498,-1,563.6,373.9,33.2,68.2,0.445
498,-1,747.4,350.7,15.3,47.0,0.399
498,-1,351.2,336.1,64.3,147.5,0.320
498,-1,703.5,348.9,14.9,36.3,0.318
498,-1,733.8,337.1,24.1,64.2,0.311
498,-1,1184.7,349.8,25.4,112.4,0.297
498,-1,909.3,337.2,45.0,108.7,0.259
498,-1,897.8,351.4,35.7,84.3,0.241
498,-1,43.9,318.2,26.9,53.6,0.240
498,-1,728.6,329.1,39.5,85.3,0.239
498,-1,975.9,346.6,24.7,73.7,0.229
498,-1,1191.4,350.5,17.4,55.5,0.213
498,-1,825.5,341.2,19.0,36.4,0.178
498,-1,693.3,346.9,13.4,37.3,0.151
498,-1,720.9,352.2,24.0,61.3,0.151
498,-1,75.1,305.5,45.6,105.5,0.146
498,-1,966.6,347.6,22.2,61.1,0.142
498,-1,879.3,329.7,20.0,41.9,0.128
498,-1,994.8,345.2,14.0,34.2,0.124
498,-1,909.0,370.2,32.6,77.0,0.118
498,-1,710.7,351.3,19.8,43.9,0.112
498,-1,1626.9,307.6,45.1,75.4,0.109
498,-1,1322.7,287.9,70.7,282.8,0.088
498,-1,623.9,349.9,17.0,56.2,0.082
498,-1,8.1,273.4,44.9,98.2,0.071
498,-1,737.2,324.7,20.8,48.8,0.067
498,-1,629.2,347.4,18.6,37.2,0.065
498,-1,1529.9,307.2,41.7,126.9,0.065
498,-1,741.2,337.5,21.5,45.7,0.055
499,-1,149.9,286.4,281.1,540.9,1.000
499,-1,666.0,341.2,35.4,109.6,0.998
499,-1,825.9,322.3,57.4,163.5,0.998
499,-1,1286.5,284.3,93.4,304.9,0.998
499,-1,346.5,332.4,76.2,254.7,0.998
499,-1,1150.5,340.6,56.9,137.7,0.995
499,-1,925.0,337.1,45.1,146.7,0.992
499,-1,1006.8,342.3,27.2,68.9,0.990
499,-1,628.2,347.0,26.1,69.6,0.984
499,-1,713.6,351.6,23.7,59.6,0.983
499,-1,1263.4,302.8,61.8,260.1,0.975
499,-1,1035.7,346.2,17.6,52.2,0.945
499,-1,1578.5,294.8,49.2,93.0,0.944
499,-1,1148.0,338.8,24.3,87.1,0.937
499,-1,736.4,353.9,19.6,56.1,0.925
499,-1,71.7,314.7,40.3,81.1,0.880
499,-1,332.1,337.7,24.1,67.8,0.879
499,-1,1059.3,348.7,20.7,47.5,0.865
499,-1,346.1,334.9,31.7,62.7,0.852
499,-1,42.5,317.4,29.8,54.8,0.736
499,-1,1150.6,338.8,18.3,48.3,0.711
499,-1,988.8,346.6,12.4,27.3,0.674
499,-1,961.6,346.0,27.3,99.4,0.655
499,-1,742.7,353.8,16.4,44.8,0.434
499,-1,1577.4,277.3,49.8,190.1,0.377
499,-1,1263.0,303.2,55.7,142.5,0.374
499,-1,984.5,345.4,18.4,64.9,0.326
499,-1,825.7,342.2,19.3,32.3,0.288
499,-1,971.4,350.1,26.5,67.1,0.224
499,-1,965.6,350.5,22.8,44.2,0.214
499,-1,1627.7,303.3,44.3,77.2,0.205
499,-1,964.5,350.9,16.8,31.4,0.169
499,-1,998.0,345.0,14.2,33.6,0.158
499,-1,722.1,350.6,24.2,59.3,0.157
499,-1,806.2,339.3,13.6,35.7,0.120
499,-1,10.0,264.5,47.9,104.7,0.117
499,-1,991.2,344.0,16.7,48.2,0.115
499,-1,973.6,350.7,17.0,34.3,0.113
499,-1,904.4,346.0,52.4,106.4,0.107
499,-1,1139.7,347.2,17.1,56.2,0.097
499,-1,920.3,326.6,24.9,47.0,0.067
499,-1,895.1,356.8,44.2,86.6,0.057
499,-1,1188.9,346.9,19.3,52.8,0.053
499,-1,309.2,345.1,15.4,27.0,0.052
499,-1,1533.6,298.5,40.6,83.7,0.052
500,-1,136.5,283.7,291.4,551.8,1.000
500,-1,1287.7,282.1,92.7,308.1,0.998
500,-1,665.5,338.2,36.5,111.4,0.998
500,-1,824.7,321.8,58.9,161.1,0.997
500,-1,344.7,329.2,77.6,259.0,0.996
500,-1,1150.0,340.5,56.2,137.2,0.995
500,-1,1009.0,339.6,25.9,72.9,0.988
500,-1,626.3,344.3,28.1,72.7,0.982
500,-1,1264.2,300.3,60.7,261.3,0.980
500,-1,929.0,334.7,41.8,147.7,0.979
500,-1,713.7,350.0,22.6,59.8,0.979
500,-1,1034.8,345.9,17.9,51.5,0.973
500,-1,1581.9,295.1,46.2,88.5,0.945
500,-1,70.3,311.8,31.9,77.2,0.944
500,-1,960.2,343.4,29.1,98.0,0.919
500,-1,736.0,354.3,19.5,54.8,0.907
500,-1,1059.7,348.1,19.8,48.5,0.889
500,-1,1144.8,340.0,24.3,73.6,0.888
500,-1,347.5,331.6,29.0,48.6,0.853
500,-1,40.3,314.4,26.6,53.9,0.828
500,-1,330.4,335.5,21.4,47.1,0.700
500,-1,984.6,341.6,21.2,72.3,0.577
500,-1,564.6,371.1,30.3,66.8,0.530
500,-1,1630.6,301.8,42.4,76.0,0.443
500,-1,988.3,343.0,13.8,28.4,0.386
500,-1,748.2,352.6,13.0,41.9,0.371
500,-1,1264.9,300.3,56.3,106.6,0.251
500,-1,703.8,346.5,14.0,36.1,0.213
500,-1,994.1,342.8,14.0,35.0,0.206
500,-1,299.6,336.9,23.2,42.3,0.175
500,-1,7.1,272.8,42.3,95.7,0.166
500,-1,1580.5,288.2,49.2,166.9,0.157
500,-1,8.4,277.2,28.6,59.6,0.150
500,-1,878.8,329.5,19.5,39.4,0.146
500,-1,1186.7,343.9,19.7,58.9,0.145
500,-1,72.8,298.8,45.8,108.4,0.135
500,-1,806.7,338.8,12.7,32.5,0.134
500,-1,740.7,349.0,17.8,35.8,0.133
500,-1,823.7,340.5,13.6,34.3,0.128
500,-1,1136.7,346.1,21.7,60.1,0.125
500,-1,894.0,352.3,44.9,89.8,0.123
500,-1,968.8,349.0,24.8,76.1,0.114
500,-1,973.1,349.7,17.0,37.4,0.111
500,-1,332.5,331.1,41.5,79.1,0.105
500,-1,945.3,338.3,35.2,119.9,0.096
500,-1,907.2,340.6,44.4,103.1,0.081
500,-1,964.9,348.4,20.3,45.4,0.068
500,-1,1533.7,298.5,40.1,131.5,0.067
500,-1,909.7,373.6,31.5,71.1,0.067
500,-1,896.2,377.5,30.4,63.4,0.066
500,-1,739.4,329.2,17.0,38.4,0.061
500,-1,1041.3,348.1,15.4,47.0,0.051
501,-1,129.1,279.9,294.9,553.2,1.000
501,-1,666.0,332.9,40.6,113.4,0.998
501,-1,825.8,319.3,58.1,160.7,0.998
501,-1,1286.6,278.6,95.5,307.8,0.997
501,-1,1152.9,336.9,53.2,135.3,0.997
501,-1,346.1,328.0,74.9,250.0,0.996
501,-1,928.3,329.5,39.2,151.7,0.995
501,-1,1008.9,339.4,26.6,68.3,0.994
501,-1,627.7,340.3,26.5,70.1,0.989
501,-1,1037.9,341.7,17.1,53.1,0.988
501,-1,714.6,344.6,24.2,62.2,0.982
501,-1,1270.8,294.4,63.2,270.7,0.979
501,-1,70.7,308.4,33.0,81.2,0.949
501,-1,1061.7,345.7,20.2,47.2,0.948
501,-1,1583.5,287.4,48.1,100.0,0.937
501,-1,736.1,348.3,19.5,60.5,0.919
501,-1,42.8,311.2,26.9,53.5,0.883
501,-1,1148.9,335.9,21.8,79.1,0.848
501,-1,336.3,327.3,37.9,62.8,0.791
501,-1,961.6,360.7,27.4,80.7,0.647
501,-1,1266.4,298.0,58.3,140.2,0.473
501,-1,990.0,340.9,11.7,27.7,0.438
501,-1,749.8,351.5,12.6,39.8,0.411
501,-1,1636.1,298.7,35.9,56.4,0.404
501,-1,1145.7,343.0,15.0,62.4,0.396
501,-1,968.8,344.6,13.3,27.7,0.325
501,-1,301.3,337.7,17.8,40.0,0.294
501,-1,970.6,348.4,19.9,32.1,0.243
501,-1,963.0,349.4,26.2,55.7,0.215
501,-1,807.9,334.5,12.3,33.2,0.213
501,-1,1535.9,291.0,40.1,99.1,0.210
501,-1,997.2,340.8,12.8,31.5,0.182
501,-1,816.2,338.1,11.6,29.1,0.168
501,-1,963.6,346.1,14.9,30.7,0.167
501,-1,911.9,329.8,78.2,150.3,0.103
501,-1,977.5,345.6,13.6,26.8,0.073
501,-1,949.7,340.7,33.4,103.9,0.070
501,-1,1151.3,339.7,33.2,113.0,0.067
501,-1,1181.3,343.6,27.7,110.6,0.059
501,-1,823.6,336.3,13.8,32.7,0.055
501,-1,1188.8,346.8,19.0,51.6,0.052
502,-1,118.7,280.0,301.4,560.8,1.000
502,-1,666.7,332.9,41.3,112.0,0.998
502,-1,825.6,318.9,57.5,159.5,0.998
502,-1,1286.8,276.0,100.1,312.4,0.997
502,-1,1153.1,335.0,51.2,135.4,0.997
502,-1,343.7,327.6,75.1,252.0,0.996
502,-1,922.0,328.1,45.7,149.7,0.995
502,-1,1008.8,336.6,26.6,69.4,0.993
502,-1,1038.4,341.7,17.8,51.1,0.991
502,-1,1270.9,295.7,61.4,268.4,0.988
502,-1,714.4,344.5,24.8,62.1,0.980
502,-1,627.1,341.4,27.6,66.9,0.970
502,-1,1062.3,345.4,19.6,47.0,0.949
502,-1,1585.1,290.8,48.2,91.0,0.925
502,-1,70.0,307.3,41.4,83.6,0.921
502,-1,737.5,348.4,17.7,59.6,0.918
502,-1,1147.9,335.7,22.4,74.7,0.876
502,-1,959.0,359.7,30.8,82.3,0.849
502,-1,335.9,326.2,36.1,58.3,0.706
502,-1,988.6,339.1,17.3,64.1,0.686
502,-1,1145.8,341.8,15.3,63.7,0.557
502,-1,43.0,310.3,24.2,52.1,0.557
502,-1,1635.7,300.6,37.1,64.1,0.522
502,-1,993.2,339.4,14.3,35.1,0.464
502,-1,989.9,340.7,12.7,26.3,0.444
502,-1,748.7,347.7,14.2,40.6,0.386
502,-1,968.5,343.3,14.3,29.0,0.316
502,-1,1267.6,295.3,56.3,151.7,0.304
502,-1,968.7,343.3,21.3,39.3,0.279
502,-1,962.4,346.1,26.3,55.4,0.248
502,-1,298.5,336.1,19.7,44.4,0.237
502,-1,816.4,337.8,11.8,28.0,0.236
502,-1,810.5,334.7,10.6,30.2,0.219
502,-1,1538.6,291.3,39.0,119.8,0.133
502,-1,743.6,345.9,15.1,36.5,0.106
502,-1,959.3,341.4,17.2,38.3,0.087
502,-1,1189.3,342.4,14.8,45.4,0.086
502,-1,1183.7,341.7,20.1,67.3,0.082
502,-1,995.7,336.8,16.3,55.2,0.080
502,-1,982.3,361.0,18.7,52.1,0.077
502,-1,1191.9,353.8,17.8,56.0,0.069
502,-1,911.8,332.9,44.8,115.6,0.068
502,-1,7.8,269.0,44.1,93.8,0.059
502,-1,1141.0,345.8,14.2,51.0,0.052
502,-1,331.6,324.9,42.0,114.5,0.050
503,-1,100.8,280.4,309.4,562.8,1.000
503,-1,669.3,332.3,45.1,111.7,0.999
503,-1,1271.5,294.9,60.1,267.8,0.998
503,-1,823.3,317.9,60.1,157.8,0.998
503,-1,1149.6,330.9,51.5,136.6,0.997
503,-1,1293.2,273.9,92.7,312.8,0.997
503,-1,337.0,320.2,78.0,257.2,0.996
503,-1,1010.8,336.9,26.2,67.1,0.992
503,-1,919.8,327.8,47.1,152.0,0.989
503,-1,1039.2,341.2,16.6,49.8,0.985
503,-1,714.9,342.6,25.0,61.7,0.975
503,-1,626.1,339.1,27.5,70.4,0.963
503,-1,66.9,302.8,38.6,82.7,0.947
503,-1,1588.3,286.8,48.9,91.6,0.946
503,-1,1063.5,344.7,20.0,46.6,0.939
503,-1,738.0,345.2,21.3,60.8,0.939
503,-1,955.7,358.0,34.9,83.6,0.890
503,-1,39.4,307.6,25.5,53.3,0.782
503,-1,333.2,321.7,34.3,55.9,0.638
503,-1,992.0,338.2,12.2,28.4,0.511
503,-1,989.2,337.1,15.5,57.5,0.482
503,-1,1637.7,301.1,40.1,57.6,0.467
503,-1,292.0,337.2,25.8,63.6,0.367
503,-1,1145.9,341.8,14.1,54.6,0.332
503,-1,749.0,345.8,15.1,47.0,0.322
503,-1,977.1,344.4,14.1,30.0,0.232
503,-1,972.7,342.4,19.3,54.0,0.207
503,-1,809.8,332.6,11.5,31.2,0.180
503,-1,817.5,334.6,11.1,29.1,0.175
503,-1,1147.1,335.1,23.9,79.3,0.172
503,-1,932.7,335.2,51.5,126.5,0.132
503,-1,1189.9,336.8,15.9,51.5,0.119
503,-1,914.2,341.5,31.6,95.1,0.108
503,-1,967.9,342.8,19.1,33.4,0.102
503,-1,962.9,341.6,16.6,32.9,0.099
503,-1,979.4,355.0,20.2,59.3,0.079
503,-1,1586.4,270.0,55.1,196.1,0.077
503,-1,1325.8,276.5,91.7,309.9,0.074
503,-1,820.8,335.0,12.4,28.5,0.069
503,-1,1192.2,344.8,17.2,68.9,0.067
503,-1,314.3,321.8,52.5,76.2,0.067
503,-1,961.1,346.5,26.6,64.7,0.066
503,-1,1182.1,335.7,23.1,75.1,0.059
503,-1,1272.2,293.7,54.4,97.1,0.059
504,-1,89.5,271.0,317.6,571.7,1.000
504,-1,672.5,327.2,45.1,113.2,0.998
504,-1,824.3,315.5,59.1,161.1,0.998
504,-1,1153.1,329.7,50.7,136.3,0.997
504,-1,335.0,319.9,76.0,257.1,0.996
504,-1,1307.0,273.3,93.8,317.0,0.996
504,-1,1013.6,335.1,24.9,67.1,0.988
504,-1,1273.1,281.2,66.0,282.2,0.987
504,-1,925.2,327.7,43.7,147.6,0.986
504,-1,717.4,339.7,25.6,61.0,0.965
504,-1,1038.6,339.2,20.3,52.4,0.957
504,-1,626.6,336.2,27.9,71.5,0.931
504,-1,67.0,301.6,30.9,84.7,0.925
504,-1,737.7,342.5,24.3,61.3,0.923
504,-1,1063.8,344.5,20.7,44.2,0.878
504,-1,956.9,357.3,34.6,79.7,0.832
504,-1,39.6,306.1,26.9,53.9,0.815
504,-1,333.5,319.5,33.7,58.0,0.765
504,-1,292.2,340.3,26.6,60.0,0.661
504,-1,1591.5,284.0,50.7,93.4,0.640
504,-1,1591.0,278.8,55.2,201.5,0.622
504,-1,1149.4,331.3,25.1,72.9,0.276
504,-1,1275.2,289.0,57.4,100.7,0.270
504,-1,990.8,337.2,19.4,56.3,0.255
504,-1,966.3,346.1,28.2,63.0,0.223
504,-1,992.5,338.4,14.5,26.8,0.205
504,-1,1641.5,293.5,41.5,74.3,0.199
504,-1,1184.3,333.3,20.8,58.6,0.173
504,-1,914.2,358.3,25.8,77.3,0.146
504,-1,974.3,354.9,27.4,58.2,0.129
504,-1,751.2,341.4,16.1,49.8,0.122
504,-1,1180.4,334.9,26.0,90.7,0.116
504,-1,971.6,346.8,21.0,33.4,0.111
504,-1,987.9,356.5,20.3,52.8,0.091
504,-1,739.7,323.6,25.7,27.4,0.079
504,-1,1150.8,332.6,34.4,104.4,0.070
504,-1,4.1,264.6,48.2,93.6,0.058
504,-1,1005.5,336.0,14.4,39.6,0.052
505,-1,84.5,268.5,318.5,588.8,1.000
505,-1,671.7,332.9,42.6,111.2,0.999
505,-1,821.6,318.0,61.9,160.7,0.998
505,-1,1148.5,328.2,51.9,138.6,0.997
505,-1,919.1,325.5,47.6,153.6,0.997
505,-1,1299.4,273.9,98.7,311.3,0.996
505,-1,1011.8,336.3,25.6,66.1,0.996
505,-1,324.5,322.2,84.2,280.0,0.996
505,-1,1273.2,285.0,68.1,282.3,0.992
505,-1,1039.5,340.6,17.5,50.5,0.979
505,-1,715.2,343.6,23.4,57.5,0.974
505,-1,1590.7,284.1,49.8,100.1,0.967
505,-1,738.0,344.3,22.2,61.8,0.958
505,-1,65.4,304.1,31.0,82.5,0.953
505,-1,1063.7,343.8,19.4,47.3,0.952
505,-1,626.3,337.6,24.9,72.0,0.909
505,-1,292.0,346.0,21.1,57.2,0.883
505,-1,955.9,359.5,34.2,80.3,0.835
505,-1,329.3,321.2,33.3,61.1,0.808
505,-1,35.9,308.9,20.3,51.4,0.670
505,-1,992.7,338.4,13.2,27.4,0.536
505,-1,992.3,337.8,15.3,53.4,0.474
505,-1,965.2,342.8,14.1,28.3,0.428
505,-1,749.8,342.9,14.2,52.6,0.425
505,-1,1641.5,299.5,38.0,61.7,0.384
505,-1,975.2,344.7,15.8,34.7,0.354
505,-1,965.1,338.4,23.3,39.1,0.328
505,-1,967.4,344.5,25.9,69.4,0.304
505,-1,1274.3,291.4,55.9,131.1,0.280
505,-1,1002.5,337.6,11.9,46.1,0.252
505,-1,639.3,342.7,16.3,63.0,0.249
505,-1,1145.8,341.2,15.9,65.0,0.193
505,-1,1191.2,340.8,16.8,72.3,0.173
505,-1,1147.3,335.5,23.6,78.3,0.168
505,-1,818.3,335.1,11.1,27.8,0.153
505,-1,1544.5,292.0,40.0,93.5,0.149
505,-1,813.6,333.0,10.8,31.1,0.122
505,-1,908.0,327.4,47.4,114.7,0.117
505,-1,958.7,338.1,24.1,53.5,0.113
505,-1,988.9,347.7,18.9,66.9,0.106
505,-1,933.5,337.3,37.5,117.4,0.059
505,-1,980.9,357.0,18.4,57.3,0.056
505,-1,914.6,366.0,20.5,72.5,0.055
505,-1,342.6,318.8,58.1,64.6,0.053
506,-1,78.2,259.8,316.2,597.2,1.000
506,-1,673.2,331.0,37.8,110.6,0.999
506,-1,823.7,316.4,57.2,160.0,0.999
506,-1,919.1,321.3,46.2,155.7,0.997
506,-1,334.0,322.3,73.1,251.2,0.997
506,-1,1152.3,327.3,49.9,139.7,0.996
506,-1,1013.1,334.4,25.7,66.8,0.996
506,-1,1305.4,269.0,98.2,320.9,0.994
506,-1,1275.1,289.6,66.2,277.1,0.992
506,-1,1039.3,339.0,19.0,52.0,0.990
506,-1,716.2,340.9,23.3,57.9,0.983
506,-1,739.6,343.0,21.0,60.5,0.980
506,-1,1065.3,345.1,18.4,44.0,0.960
506,-1,1593.2,283.6,49.8,97.4,0.955
506,-1,956.1,359.7,35.5,79.5,0.954
506,-1,65.0,302.8,31.6,95.2,0.941
506,-1,289.0,338.6,22.6,63.4,0.930
506,-1,328.6,321.3,32.8,60.6,0.884
506,-1,625.4,339.4,28.8,67.3,0.744
506,-1,35.9,306.8,19.6,52.1,0.713
506,-1,644.2,338.7,13.9,43.2,0.623
506,-1,993.4,338.2,12.1,26.9,0.583
506,-1,1148.7,341.8,14.7,58.5,0.490
506,-1,748.7,344.1,15.1,53.4,0.477
506,-1,988.4,337.8,20.7,66.0,0.394
506,-1,967.9,353.4,27.7,67.0,0.371
506,-1,965.5,343.1,14.4,28.0,0.318
506,-1,972.9,338.5,17.9,35.8,0.317
506,-1,977.0,349.7,20.8,52.6,0.272
506,-1,997.7,338.6,11.7,30.1,0.202
506,-1,959.1,342.4,18.0,40.1,0.189
506,-1,1645.3,293.3,40.1,77.8,0.182
506,-1,963.3,337.7,21.9,37.7,0.167
506,-1,1181.9,332.2,23.4,65.8,0.165
506,-1,3.2,263.1,46.4,95.9,0.121
506,-1,1190.7,340.5,17.9,71.4,0.112
506,-1,1546.3,293.1,42.5,79.9,0.108
506,-1,1003.9,337.3,12.6,43.1,0.100
506,-1,1276.5,290.1,60.3,101.0,0.086
506,-1,915.2,325.4,37.5,108.6,0.085
506,-1,958.3,352.2,20.3,48.9,0.069
506,-1,938.0,336.0,35.0,110.9,0.064
506,-1,637.1,342.3,18.2,44.1,0.063
506,-1,896.3,330.4,43.1,107.0,0.056
506,-1,330.3,316.5,56.5,132.8,0.051
507,-1,70.6,257.8,315.5,602.9,1.000
507,-1,670.8,323.9,45.6,116.6,0.995
507,-1,1155.0,328.6,47.8,136.9,0.994
507,-1,1307.0,268.9,104.9,315.9,0.993
507,-1,826.9,319.8,56.2,151.0,0.989
507,-1,1285.4,289.9,54.7,267.2,0.964
507,-1,323.5,317.9,79.5,259.8,0.962
507,-1,733.6,322.1,32.5,83.3,0.915
507,-1,1017.8,336.4,19.5,65.1,0.912
507,-1,921.0,342.7,43.2,124.3,0.862
507,-1,967.3,353.8,29.5,84.2,0.859
507,-1,950.8,346.0,25.4,88.9,0.771
507,-1,714.1,343.9,25.4,50.4,0.649
507,-1,631.9,338.9,23.7,44.7,0.582
507,-1,1289.2,289.1,43.3,141.2,0.567
507,-1,330.7,319.0,72.8,142.7,0.550
507,-1,934.7,339.2,24.9,91.6,0.275
507,-1,906.1,343.1,48.8,101.2,0.263
507,-1,932.3,327.5,42.1,116.6,0.254
507,-1,1006.2,332.8,24.5,67.2,0.224
507,-1,901.9,351.4,31.5,82.8,0.215
507,-1,325.3,318.3,34.0,64.8,0.192
507,-1,965.8,348.6,24.9,60.3,0.105
507,-1,644.4,338.3,14.5,42.4,0.093
507,-1,1057.3,354.2,26.7,27.5,0.088
507,-1,986.3,342.0,20.6,62.3,0.055
507,-1,0.3,263.3,47.1,99.0,0.053
508,-1,53.9,253.3,327.4,609.1,1.000
508,-1,1322.5,272.4,103.4,321.4,0.998
508,-1,678.6,333.3,38.9,107.8,0.998
508,-1,1154.0,330.8,51.4,135.9,0.996
508,-1,825.0,315.7,60.0,161.5,0.995
508,-1,318.7,317.2,83.4,272.3,0.993
508,-1,1285.4,289.0,69.1,282.6,0.990
508,-1,1018.9,337.1,23.1,65.3,0.988
508,-1,918.8,334.8,47.8,141.0,0.981
508,-1,719.4,341.9,25.6,62.8,0.975
508,-1,1041.6,339.5,22.0,53.0,0.965
508,-1,742.7,339.2,25.0,66.5,0.941
508,-1,1069.9,342.6,23.1,48.0,0.932
508,-1,1600.4,282.5,55.3,127.0,0.900
508,-1,957.1,355.9,34.9,83.4,0.862
508,-1,36.9,305.5,29.1,55.3,0.672
508,-1,327.2,318.4,32.5,58.8,0.654
508,-1,993.6,337.5,19.0,64.2,0.610
508,-1,626.5,338.6,32.0,73.0,0.603
508,-1,288.6,348.8,21.7,50.8,0.523
508,-1,639.9,331.6,21.2,53.6,0.396
508,-1,1283.2,289.2,57.1,142.6,0.342
508,-1,1655.2,290.0,41.3,85.5,0.292
508,-1,65.0,304.6,32.9,54.6,0.249
508,-1,994.2,339.0,18.1,27.9,0.193
508,-1,648.8,339.0,14.5,43.1,0.169
508,-1,332.5,318.3,54.0,64.9,0.161
508,-1,973.3,345.6,25.2,67.4,0.158
508,-1,1192.2,340.2,18.5,57.3,0.149
508,-1,1311.7,293.3,66.2,276.8,0.118
508,-1,278.5,336.4,44.7,102.7,0.103
508,-1,300.2,339.4,33.8,67.7,0.102
508,-1,898.0,372.2,29.1,63.8,0.080
508,-1,743.7,319.4,21.4,56.4,0.080
508,-1,976.4,349.1,19.8,34.3,0.068
509,-1,42.7,255.3,335.0,611.5,0.999
509,-1,828.4,310.2,55.3,164.1,0.998
509,-1,679.9,322.5,46.7,116.0,0.998
509,-1,1319.0,263.9,108.6,332.6,0.996
509,-1,1158.3,327.2,53.5,137.7,0.995
509,-1,923.2,326.9,47.5,149.1,0.994
509,-1,1288.5,277.7,71.4,289.6,0.994
509,-1,319.1,315.7,86.2,272.7,0.992
509,-1,1022.2,331.7,24.0,67.2,0.985
509,-1,1609.1,280.5,54.3,95.6,0.949
509,-1,725.1,336.0,25.5,66.6,0.933
509,-1,963.2,357.6,34.8,79.8,0.904
509,-1,745.1,335.9,26.6,68.7,0.902
509,-1,1048.4,336.0,20.3,53.2,0.896
509,-1,293.5,334.7,22.6,66.1,0.722
509,-1,628.4,333.8,32.2,74.5,0.660
509,-1,1073.8,336.4,23.1,47.5,0.656
509,-1,642.4,337.3,23.2,67.8,0.597
509,-1,1661.1,280.8,48.3,89.3,0.403
509,-1,997.6,334.4,20.3,65.3,0.390
509,-1,969.8,351.5,41.7,76.3,0.358
509,-1,1291.0,285.6,57.2,95.5,0.333
509,-1,1001.0,334.9,17.6,28.6,0.290
509,-1,649.2,334.8,17.0,48.3,0.259
509,-1,984.4,345.2,17.1,29.3,0.223
509,-1,978.1,343.0,28.8,60.5,0.201
509,-1,1557.7,284.0,51.6,85.2,0.164
509,-1,1004.9,334.5,18.1,44.1,0.138
509,-1,989.0,353.8,27.0,62.7,0.116
509,-1,962.1,351.4,25.0,39.3,0.105
509,-1,913.2,338.2,33.5,95.7,0.088
509,-1,974.9,341.2,25.0,35.5,0.075
509,-1,1568.9,270.5,60.3,99.7,0.071
509,-1,1198.6,336.1,18.7,58.0,0.066
509,-1,1137.6,362.3,21.6,33.1,0.065
509,-1,331.5,317.5,29.0,55.7,0.058
509,-1,1193.0,340.8,22.2,79.0,0.057
509,-1,287.8,329.9,36.9,101.8,0.057
509,-1,745.1,306.7,42.3,98.8,0.056
510,-1,36.3,253.4,344.2,625.6,1.000
510,-1,833.1,307.0,56.2,165.2,0.999
510,-1,1324.3,263.9,111.6,329.9,0.999
510,-1,689.7,327.9,36.6,107.5,0.998
510,-1,927.6,320.7,45.4,152.1,0.997
510,-1,1025.4,329.4,25.2,70.1,0.997
510,-1,1162.3,326.2,52.2,138.2,0.995
510,-1,1293.5,282.7,70.6,286.9,0.993
510,-1,319.8,317.1,85.0,277.2,0.990
510,-1,1052.0,334.2,17.2,52.2,0.986
510,-1,751.9,337.3,23.6,65.9,0.986
510,-1,730.9,338.9,19.7,62.2,0.983
510,-1,1614.6,277.9,50.6,145.7,0.966
510,-1,966.2,355.7,40.1,81.8,0.933
510,-1,1078.5,340.1,20.3,45.1,0.894
510,-1,332.0,316.8,29.3,56.1,0.891
510,-1,294.7,329.3,25.4,88.2,0.856
510,-1,652.9,338.4,14.3,42.7,0.793
510,-1,630.5,338.2,25.1,67.5,0.617
510,-1,1005.2,331.7,13.1,30.0,0.568
510,-1,567.4,353.6,29.3,75.4,0.469
510,-1,43.1,302.4,28.8,54.8,0.463
510,-1,682.2,337.0,10.2,31.5,0.394
510,-1,1011.8,330.3,14.5,44.1,0.367
510,-1,987.4,339.2,16.3,31.4,0.285
510,-1,646.0,336.9,16.3,44.3,0.265
510,-1,1003.2,333.0,15.9,65.2,0.252
510,-1,1664.4,290.8,35.2,72.8,0.242
510,-1,1563.6,282.6,46.2,86.1,0.224
510,-1,994.8,357.8,19.7,54.7,0.174
510,-1,978.1,337.8,15.1,28.0,0.167
510,-1,73.0,263.8,54.6,78.9,0.154
510,-1,988.6,341.5,21.4,58.6,0.142
510,-1,1198.3,336.6,18.0,67.6,0.134
510,-1,968.8,343.2,19.7,40.9,0.126
510,-1,974.3,340.1,14.1,28.8,0.093
510,-1,983.8,335.1,15.9,31.2,0.093
510,-1,1293.9,285.3,60.7,94.5,0.093
510,-1,684.7,335.5,12.6,48.5,0.087
510,-1,965.3,347.5,24.4,63.0,0.086
510,-1,638.5,338.8,16.6,44.2,0.085
510,-1,918.4,335.1,32.3,94.5,0.081
510,-1,973.0,336.8,21.0,43.2,0.080
510,-1,911.4,367.1,24.7,65.3,0.062
510,-1,338.0,315.4,62.8,123.8,0.055
511,-1,27.3,249.4,351.5,637.4,1.000
511,-1,694.7,327.5,35.8,108.1,0.998
511,-1,1321.9,261.2,110.4,332.8,0.998
511,-1,834.2,305.8,59.4,165.0,0.997
511,-1,338.3,311.8,66.1,267.2,0.996
511,-1,1165.3,324.9,50.9,140.0,0.995
511,-1,1027.1,329.1,25.4,67.8,0.995
511,-1,927.1,322.0,48.9,148.9,0.994
511,-1,1298.4,281.8,71.7,288.8,0.986
511,-1,1052.0,333.8,20.2,51.7,0.982
511,-1,732.8,339.0,21.4,58.0,0.970
511,-1,752.6,335.9,26.2,65.3,0.967
511,-1,1617.6,279.3,53.5,141.7,0.953
511,-1,1079.1,336.3,22.5,47.4,0.904
511,-1,970.5,347.3,41.3,87.9,0.894
511,-1,630.9,333.4,28.7,69.0,0.841
511,-1,46.7,303.9,29.1,49.8,0.835
511,-1,330.4,318.3,31.1,53.6,0.694
511,-1,1005.4,330.6,18.9,63.7,0.618
511,-1,652.2,335.9,18.2,45.3,0.606
511,-1,1566.3,276.5,50.1,89.8,0.601
511,-1,298.3,340.2,22.4,61.3,0.467
511,-1,1671.0,288.2,42.8,78.4,0.435
511,-1,684.5,336.1,12.5,35.0,0.349
511,-1,1296.5,286.6,64.5,122.0,0.342
511,-1,1006.9,331.6,16.8,31.0,0.342
511,-1,76.4,299.0,33.3,34.8,0.324
511,-1,978.7,339.1,30.4,65.8,0.254
511,-1,38.1,303.8,37.7,92.0,0.146
511,-1,295.4,330.3,37.3,101.5,0.141
511,-1,988.3,340.3,20.7,34.1,0.132
511,-1,998.4,343.7,23.7,61.9,0.113
511,-1,978.5,336.3,22.2,26.7,0.106
511,-1,965.3,342.0,24.2,81.7,0.096
511,-1,988.6,332.6,18.7,25.2,0.074
511,-1,318.6,315.3,49.0,78.9,0.072
511,-1,1200.9,338.3,17.3,54.5,0.062
511,-1,303.7,321.9,49.2,107.2,0.057
511,-1,962.7,339.1,23.3,46.6,0.053
512,-1,17.1,247.7,358.2,641.8,1.000
512,-1,1305.5,276.9,69.1,290.1,0.999
512,-1,698.0,322.8,35.3,110.2,0.998
512,-1,1330.7,259.4,99.6,329.7,0.998
512,-1,837.9,304.0,57.5,164.7,0.998
512,-1,925.2,322.6,49.7,142.6,0.996
512,-1,1170.4,321.8,48.0,137.4,0.996
512,-1,1032.3,325.0,24.8,68.8,0.993
512,-1,320.2,310.7,86.1,271.2,0.992
512,-1,1058.2,330.7,17.0,52.9,0.963
512,-1,737.0,337.3,19.7,59.3,0.955
512,-1,1625.2,276.0,51.4,96.8,0.943
512,-1,972.9,354.5,37.4,78.5,0.936
512,-1,758.8,336.2,22.0,61.4,0.909
512,-1,1085.4,332.6,20.5,51.1,0.843
512,-1,635.0,328.3,25.0,72.2,0.800
512,-1,657.0,334.7,16.4,43.9,0.794
512,-1,576.0,356.8,27.5,68.7,0.649
512,-1,690.2,333.3,10.1,27.9,0.615
512,-1,48.6,302.8,26.6,53.6,0.595
512,-1,1675.4,288.2,42.1,68.1,0.470
512,-1,300.0,326.8,22.8,77.4,0.435
512,-1,647.7,334.6,14.4,43.0,0.421
512,-1,991.5,332.1,17.7,36.0,0.413
512,-1,1012.2,329.1,10.3,25.9,0.410
512,-1,969.0,348.0,18.1,83.1,0.386
512,-1,79.9,299.6,28.2,30.5,0.372
512,-1,985.4,340.7,28.5,73.5,0.342
512,-1,767.9,340.0,12.8,38.3,0.318
512,-1,1019.0,328.0,12.2,36.3,0.316
512,-1,980.4,333.5,14.0,29.2,0.300
512,-1,916.9,362.7,22.6,68.4,0.277
512,-1,1572.8,282.9,45.3,134.7,0.258
512,-1,1010.4,327.2,16.1,48.1,0.240
512,-1,827.0,320.6,16.5,60.2,0.195
512,-1,1003.6,357.3,19.2,52.9,0.178
512,-1,983.4,331.2,18.6,34.1,0.177
512,-1,1301.0,279.8,61.5,171.8,0.161
512,-1,977.5,336.0,18.6,45.1,0.139
512,-1,967.5,324.4,20.7,28.7,0.102
512,-1,964.6,326.4,22.6,56.0,0.099
512,-1,664.8,334.7,11.0,39.3,0.094
512,-1,15.1,257.3,51.5,115.0,0.087
512,-1,970.3,334.3,23.0,73.2,0.086
512,-1,1009.4,337.2,15.9,59.7,0.084
512,-1,1530.3,294.2,26.6,42.3,0.079
512,-1,299.6,322.2,34.3,104.6,0.069
512,-1,100.5,250.7,82.2,71.6,0.067
513,-1,10.6,251.4,355.0,642.5,0.999
513,-1,703.2,318.0,35.6,110.4,0.998
513,-1,1347.8,256.3,103.4,335.2,0.998
513,-1,841.3,299.7,55.3,163.7,0.997
513,-1,1173.9,316.7,50.8,138.2,0.997
513,-1,922.6,311.7,58.9,153.2,0.996
513,-1,323.8,305.3,81.3,273.8,0.996
513,-1,1036.3,322.5,24.9,67.0,0.995
513,-1,1312.6,272.7,69.4,292.0,0.992
513,-1,741.5,329.2,19.8,60.8,0.991
513,-1,1061.6,323.9,19.9,54.7,0.980
513,-1,761.6,330.8,23.4,60.0,0.970
513,-1,1089.2,330.8,21.3,47.4,0.954
513,-1,1633.9,271.4,51.4,99.1,0.954
513,-1,976.5,345.9,37.8,82.0,0.948
513,-1,659.1,327.7,18.0,44.5,0.858
513,-1,691.8,327.4,13.7,31.6,0.629
513,-1,1580.5,270.6,48.4,91.2,0.606
513,-1,298.8,321.9,26.8,75.9,0.582
513,-1,1685.3,278.2,39.6,77.3,0.519
513,-1,1015.5,324.3,13.3,26.9,0.426
513,-1,992.3,338.9,27.6,63.7,0.389
513,-1,1533.6,267.6,50.1,63.8,0.320
513,-1,1003.2,349.2,21.7,53.4,0.296
513,-1,993.5,335.5,22.5,30.5,0.275
513,-1,653.5,329.9,15.7,42.5,0.263
513,-1,1153.2,353.6,18.4,29.2,0.246
513,-1,973.2,350.9,23.8,71.0,0.241
513,-1,921.9,356.6,21.6,72.4,0.223
513,-1,637.1,335.0,22.3,57.2,0.216
513,-1,983.8,329.3,17.2,26.2,0.202
513,-1,992.7,326.7,14.2,18.7,0.191
513,-1,986.9,327.0,15.9,19.0,0.182
513,-1,996.1,325.3,18.5,25.6,0.151
513,-1,981.9,334.5,21.4,38.4,0.115
513,-1,1010.4,340.6,18.6,56.4,0.104
513,-1,986.8,331.4,21.7,30.7,0.100
513,-1,975.9,343.2,26.0,49.4,0.097
513,-1,1014.0,326.9,16.2,55.8,0.070
513,-1,974.5,330.8,23.9,46.8,0.066
513,-1,1012.5,324.5,10.5,24.0,0.065
513,-1,922.5,321.8,32.7,112.9,0.061
513,-1,969.2,319.2,18.9,27.9,0.059
514,-1,1.7,243.5,354.6,649.4,1.000
514,-1,1350.2,252.0,101.7,334.7,0.999
514,-1,707.0,312.4,35.2,111.1,0.998
514,-1,917.3,305.8,63.9,155.3,0.998
514,-1,843.6,295.5,57.1,166.2,0.998
514,-1,1319.5,267.1,67.2,298.3,0.997
514,-1,316.0,301.1,90.8,275.1,0.997
514,-1,1174.7,313.1,48.9,134.8,0.996
514,-1,1039.1,315.9,24.7,69.2,0.992
514,-1,743.0,322.6,21.2,66.3,0.986
514,-1,765.0,330.5,22.0,56.3,0.982
514,-1,1063.9,318.9,18.2,56.8,0.982
514,-1,1091.8,326.5,19.9,46.4,0.977
514,-1,1637.8,264.8,51.2,107.8,0.962
514,-1,979.4,344.0,34.8,79.3,0.957
514,-1,298.8,316.7,26.7,80.1,0.930
514,-1,660.8,321.7,17.4,46.8,0.880
514,-1,330.0,303.7,28.1,57.1,0.757
514,-1,693.5,322.0,11.2,33.1,0.734
514,-1,1692.9,274.2,35.4,76.1,0.630
514,-1,1019.2,321.2,9.9,24.3,0.626
514,-1,971.9,345.1,20.2,77.5,0.442
514,-1,997.1,330.6,23.9,66.3,0.375
514,-1,1003.9,326.1,14.2,29.8,0.294
514,-1,654.3,323.3,13.3,45.5,0.279
514,-1,922.2,351.7,21.1,74.8,0.254
514,-1,1582.9,272.0,48.6,88.4,0.240
514,-1,1309.1,309.7,12.5,43.0,0.227
514,-1,698.1,322.2,10.8,33.4,0.201
514,-1,986.1,324.4,15.2,25.4,0.187
514,-1,1012.9,320.0,20.6,67.5,0.174
514,-1,996.0,330.0,21.8,32.3,0.173
514,-1,1017.1,321.0,14.7,40.8,0.171
514,-1,1011.8,343.1,18.9,54.1,0.163
514,-1,970.8,328.3,19.2,45.0,0.149
514,-1,640.7,320.9,20.0,52.9,0.148
514,-1,314.3,303.6,42.2,92.2,0.147
514,-1,968.9,339.4,16.0,52.3,0.144
514,-1,994.0,325.5,13.0,22.0,0.132
514,-1,702.2,320.0,15.9,58.9,0.116
514,-1,1155.7,348.5,19.5,31.6,0.102
514,-1,758.6,325.6,20.0,61.3,0.100
514,-1,996.7,324.8,14.7,28.1,0.098
514,-1,971.2,319.0,18.6,26.9,0.072
514,-1,675.2,321.9,11.3,35.5,0.070
514,-1,989.3,328.1,17.1,28.7,0.068
514,-1,921.3,320.4,32.6,108.1,0.067
514,-1,1026.1,319.2,13.5,44.3,0.064
514,-1,1011.4,322.1,10.4,24.4,0.055
514,-1,335.1,301.8,71.3,130.1,0.053
515,-1,1.0,245.6,354.3,655.8,1.000
515,-1,917.8,307.7,61.0,152.8,0.999
515,-1,1350.9,249.1,101.9,336.9,0.999
515,-1,707.7,311.6,36.9,109.7,0.998
515,-1,844.6,294.3,56.3,165.5,0.998
515,-1,1178.0,310.2,47.1,134.6,0.997
515,-1,1323.5,265.0,65.7,298.8,0.997
515,-1,1040.4,314.2,25.6,67.7,0.994
515,-1,316.3,298.8,88.1,278.0,0.991
515,-1,1065.6,317.4,18.9,56.6,0.990
515,-1,746.4,322.5,20.0,59.9,0.983
515,-1,766.1,331.2,20.2,53.5,0.969
515,-1,979.1,341.2,35.2,80.8,0.958
515,-1,298.2,314.8,26.7,80.0,0.954
515,-1,1094.4,323.3,19.5,46.8,0.947
515,-1,1641.4,264.7,51.5,112.9,0.939
515,-1,665.6,318.7,15.2,46.8,0.877
515,-1,695.0,320.7,12.5,31.3,0.847
515,-1,1694.5,271.8,37.1,84.5,0.676
515,-1,971.3,344.6,17.2,76.5,0.668
515,-1,327.2,299.1,28.7,57.8,0.627
515,-1,1021.9,317.9,11.6,23.7,0.605
515,-1,1010.1,347.4,20.1,47.1,0.542
515,-1,640.2,316.7,20.6,62.2,0.473
515,-1,989.0,326.6,18.2,34.5,0.470
515,-1,970.6,324.9,21.5,61.0,0.419
515,-1,997.6,329.7,27.6,64.9,0.358
515,-1,989.6,323.0,15.3,25.0,0.344
515,-1,1019.2,319.2,10.0,24.7,0.329
515,-1,1320.6,268.9,59.7,173.2,0.325
515,-1,1587.8,268.3,49.5,86.0,0.289
515,-1,655.1,320.5,14.8,45.2,0.268
515,-1,999.9,325.8,18.6,29.9,0.262
515,-1,335.3,298.4,71.7,145.2,0.207
515,-1,639.8,340.8,19.0,46.8,0.170
515,-1,973.5,332.1,25.0,69.4,0.146
515,-1,310.5,301.2,49.0,142.1,0.146
515,-1,1018.6,318.3,16.6,36.7,0.120
515,-1,997.1,322.4,12.9,23.7,0.116
515,-1,1016.7,329.4,16.9,60.1,0.114
515,-1,963.8,322.1,21.9,94.3,0.080
515,-1,757.8,324.4,18.2,57.9,0.074
515,-1,972.9,317.8,17.6,26.1,0.069
515,-1,647.8,320.2,17.5,48.7,0.068
515,-1,924.2,338.1,20.8,86.9,0.067
515,-1,703.4,318.1,15.2,54.1,0.065
515,-1,699.6,317.8,13.7,37.8,0.062
515,-1,1310.6,307.2,11.9,50.1,0.060
515,-1,974.5,322.5,19.7,41.2,0.056
515,-1,982.7,323.0,19.9,42.6,0.056
515,-1,1207.7,317.4,23.3,68.2,0.052
515,-1,1023.9,318.1,15.2,44.8,0.051
516,-1,0.9,238.5,343.5,666.7,1.000
516,-1,1325.4,262.6,66.0,299.3,0.998
516,-1,918.9,306.5,60.8,152.4,0.998
516,-1,1351.0,247.1,99.9,336.0,0.998
516,-1,707.4,308.6,38.7,111.0,0.998
516,-1,844.3,293.8,54.6,165.2,0.997
516,-1,1169.2,306.7,58.8,137.5,0.995
516,-1,1040.2,314.3,25.5,66.6,0.993
516,-1,323.9,295.0,84.2,281.8,0.992
516,-1,745.8,318.4,20.7,62.9,0.981
516,-1,1064.6,314.9,20.3,56.6,0.976
516,-1,766.1,319.6,23.2,63.2,0.976
516,-1,983.2,336.6,36.6,82.8,0.963
516,-1,1642.5,259.4,52.8,141.9,0.957
516,-1,1094.0,319.7,21.4,48.5,0.956
516,-1,663.2,316.2,17.4,47.0,0.844
516,-1,296.1,310.5,29.0,77.8,0.763
516,-1,970.1,340.9,17.8,76.6,0.758
516,-1,318.8,296.3,33.0,61.8,0.739
516,-1,307.5,297.8,47.0,102.6,0.568
516,-1,1697.7,269.5,35.2,73.1,0.533
516,-1,695.0,316.9,14.4,32.6,0.528
516,-1,337.6,298.7,68.1,142.9,0.501
516,-1,1022.3,317.1,12.3,23.8,0.452
516,-1,969.0,321.2,23.9,74.3,0.296
516,-1,1019.5,317.6,17.2,60.9,0.293
516,-1,306.6,304.8,59.9,234.1,0.251
516,-1,976.0,332.4,29.8,80.3,0.238
516,-1,1588.4,266.5,47.9,112.4,0.230
516,-1,639.2,315.3,22.6,60.1,0.230
516,-1,995.8,320.4,23.7,51.1,0.220
516,-1,1012.8,335.8,19.8,55.7,0.213
516,-1,1001.8,322.8,15.3,29.2,0.207
516,-1,1004.8,319.0,25.2,72.0,0.196
516,-1,5.9,243.3,51.2,73.8,0.173
516,-1,987.6,320.0,17.2,25.4,0.168
516,-1,832.9,306.4,17.4,55.0,0.151
516,-1,703.7,314.6,14.9,34.5,0.114
516,-1,654.5,321.6,15.8,44.4,0.108
516,-1,992.2,319.3,20.8,36.1,0.101
516,-1,1019.0,317.7,10.8,24.9,0.101
516,-1,670.7,316.8,13.7,42.5,0.097
516,-1,961.8,315.4,25.1,98.1,0.095
516,-1,922.3,330.0,23.7,92.8,0.080
516,-1,1323.2,265.2,59.6,165.2,0.080
516,-1,53.3,237.3,76.2,66.7,0.069
516,-1,1157.9,338.7,20.0,38.8,0.067
516,-1,972.0,322.5,19.4,38.4,0.066
516,-1,579.8,341.1,28.8,71.1,0.053
517,-1,0.0,230.1,347.8,675.8,0.999
517,-1,1366.5,241.3,107.6,342.8,0.998
517,-1,711.9,306.8,37.1,109.1,0.998
517,-1,921.2,305.7,56.8,151.1,0.998
517,-1,846.7,292.4,53.4,163.4,0.997
517,-1,1179.1,303.5,50.9,139.8,0.996
517,-1,1326.6,265.6,64.9,291.8,0.996
517,-1,1041.3,308.9,26.6,69.0,0.993
517,-1,314.0,292.5,92.0,276.6,0.992
517,-1,745.9,314.5,25.6,68.0,0.990
517,-1,1068.4,312.6,18.7,57.1,0.979
517,-1,1095.6,317.7,22.5,49.5,0.977
517,-1,1647.4,258.7,51.9,141.1,0.972
517,-1,984.7,335.7,37.0,82.3,0.954
517,-1,769.0,320.2,20.3,60.2,0.953
517,-1,664.9,315.7,16.9,45.6,0.879
517,-1,299.7,314.3,21.9,71.4,0.832
517,-1,989.5,323.4,16.5,34.5,0.737
517,-1,584.6,342.9,25.9,66.9,0.730
517,-1,971.0,334.8,20.4,81.0,0.691
517,-1,323.3,295.0,28.6,52.2,0.596
517,-1,697.2,316.1,11.9,32.1,0.580
517,-1,989.9,318.2,14.9,27.0,0.575
517,-1,1024.0,315.0,11.0,23.8,0.551
517,-1,1700.7,269.2,35.7,75.6,0.475
517,-1,641.0,312.0,20.9,62.4,0.472
517,-1,657.5,316.0,15.4,45.3,0.430
517,-1,1591.9,261.3,49.6,124.8,0.424
517,-1,1012.6,342.8,19.3,51.9,0.354
517,-1,994.9,327.9,32.4,76.1,0.342
517,-1,969.3,329.0,18.0,61.8,0.307
517,-1,980.4,333.4,25.9,80.0,0.268
517,-1,566.5,343.1,27.0,65.2,0.236
517,-1,642.3,314.1,17.5,30.5,0.221
517,-1,307.2,296.3,44.6,118.3,0.214
517,-1,672.7,314.0,12.4,41.8,0.197
517,-1,1592.0,262.9,34.5,81.7,0.159
517,-1,705.3,315.0,16.7,56.2,0.153
517,-1,1002.0,319.5,17.2,35.5,0.124
517,-1,357.8,295.6,49.1,132.2,0.111
517,-1,750.5,315.0,18.7,37.4,0.110
517,-1,1022.2,313.7,14.8,41.5,0.104
517,-1,1019.5,319.3,15.8,63.6,0.099
517,-1,972.7,326.0,18.1,41.4,0.092
517,-1,1007.2,319.9,24.3,61.5,0.088
517,-1,650.7,315.3,14.3,35.9,0.071
517,-1,1020.7,316.3,9.3,24.2,0.065
517,-1,1314.3,302.0,12.0,51.8,0.060
517,-1,974.0,311.6,20.6,23.7,0.055
517,-1,997.7,318.2,14.2,27.4,0.053
518,-1,0.0,218.2,325.9,704.8,0.999
518,-1,845.9,291.3,54.6,164.9,0.997
518,-1,710.5,305.6,40.8,109.4,0.997
518,-1,925.6,303.4,48.7,155.5,0.997
518,-1,1178.6,303.9,53.5,139.4,0.996
518,-1,1356.2,239.4,125.0,344.1,0.996
518,-1,1330.5,262.5,67.3,297.9,0.994
518,-1,306.2,282.0,98.5,285.0,0.993
518,-1,1041.1,308.8,27.2,67.5,0.990
518,-1,749.7,316.6,20.9,60.2,0.990
518,-1,1073.5,313.3,14.8,53.1,0.987
518,-1,1651.2,259.3,51.9,141.9,0.972
518,-1,1095.7,318.7,22.4,47.5,0.971
518,-1,768.9,320.6,20.2,59.0,0.969
518,-1,984.7,332.4,36.1,86.5,0.928
518,-1,964.2,330.4,20.3,88.0,0.861
518,-1,312.2,291.2,86.4,162.1,0.764
518,-1,666.4,314.3,15.9,45.1,0.758
518,-1,1704.3,268.4,36.1,83.7,0.732
518,-1,1023.4,312.2,14.1,25.9,0.708
518,-1,657.1,312.1,20.4,48.2,0.616
518,-1,1592.8,254.7,49.7,96.6,0.337
518,-1,963.8,329.6,21.2,43.9,0.315
518,-1,972.6,337.0,28.7,76.3,0.312
518,-1,1551.2,256.4,41.0,67.7,0.308
518,-1,293.6,312.6,22.3,67.7,0.301
518,-1,1021.6,311.8,18.4,58.3,0.263
518,-1,695.5,314.1,11.2,32.7,0.222
518,-1,707.6,309.0,14.4,37.6,0.191
518,-1,640.6,311.5,17.9,31.6,0.170
518,-1,704.1,315.5,17.8,55.1,0.162
518,-1,1011.3,338.9,20.4,53.2,0.145
518,-1,997.8,318.3,25.9,38.4,0.137
518,-1,581.3,338.0,27.8,71.4,0.131
518,-1,639.6,309.0,22.5,59.8,0.116
518,-1,1330.7,261.8,61.4,122.6,0.106
518,-1,999.6,315.3,17.7,20.3,0.090
518,-1,1002.2,316.5,26.7,63.4,0.088
518,-1,315.7,292.7,32.1,69.8,0.078
518,-1,990.8,316.8,16.5,21.8,0.075
518,-1,835.0,306.6,14.3,33.7,0.074
518,-1,703.7,307.2,12.5,28.6,0.061
518,-1,1368.4,268.4,69.4,294.6,0.059
518,-1,299.9,296.5,45.4,134.6,0.054
518,-1,1026.4,311.0,16.8,34.4,0.052
519,-1,0.3,213.5,325.0,714.2,0.999
519,-1,712.0,303.8,40.8,110.5,0.998
519,-1,846.5,287.8,55.5,168.0,0.998
519,-1,1179.3,303.3,54.3,137.3,0.995
519,-1,1332.2,261.1,69.9,300.0,0.995
519,-1,921.3,302.5,50.7,152.2,0.995
519,-1,1360.8,236.4,114.8,347.1,0.993
519,-1,1042.4,308.9,26.7,66.5,0.988
519,-1,1070.2,313.0,19.6,54.4,0.979
519,-1,750.6,318.1,20.3,57.1,0.977
519,-1,305.8,281.2,98.2,268.1,0.972
519,-1,1653.7,260.4,52.9,142.5,0.969
519,-1,322.2,286.3,80.7,151.2,0.962
519,-1,1096.6,316.6,22.6,48.6,0.952
519,-1,768.1,314.5,22.6,64.6,0.952
519,-1,984.4,331.6,37.2,85.5,0.906
519,-1,963.7,323.9,19.9,91.4,0.848
519,-1,664.2,313.3,19.2,45.9,0.682
519,-1,1024.9,310.8,15.4,27.7,0.676
519,-1,1708.9,268.4,32.9,86.7,0.533
519,-1,696.7,313.5,12.0,33.5,0.394
519,-1,968.6,327.7,28.0,84.5,0.362
519,-1,1592.7,256.0,54.5,149.3,0.355
519,-1,1021.4,311.7,19.0,66.1,0.315
519,-1,962.9,326.4,23.5,33.7,0.296
519,-1,992.9,317.3,32.2,66.1,0.263
519,-1,1006.8,316.4,26.9,64.2,0.216
519,-1,702.7,306.1,16.1,41.1,0.201
519,-1,1552.3,253.7,43.7,68.8,0.189
519,-1,1333.2,258.5,61.5,104.8,0.179
519,-1,998.1,319.0,26.0,33.6,0.156
519,-1,976.9,322.5,22.3,32.0,0.076
519,-1,305.3,312.0,56.2,130.0,0.074
519,-1,700.8,304.6,13.7,31.9,0.070
519,-1,832.6,304.2,17.5,35.5,0.061
519,-1,644.9,310.1,24.5,56.1,0.054
520,-1,1.1,216.7,318.9,722.5,0.999
520,-1,846.2,291.3,58.4,164.1,0.999
520,-1,713.7,308.3,37.3,109.8,0.998
520,-1,924.8,304.5,43.9,151.0,0.998
520,-1,1368.4,237.0,105.4,348.5,0.996
520,-1,1172.3,306.2,60.4,137.5,0.996
520,-1,1331.3,260.7,72.6,307.0,0.993
520,-1,298.9,278.5,100.9,293.5,0.992
520,-1,1041.3,309.6,28.2,68.5,0.987
520,-1,751.8,319.9,19.8,59.5,0.981
520,-1,1071.1,314.7,18.7,55.3,0.980
520,-1,1097.6,319.3,21.7,49.2,0.967
520,-1,1655.7,259.5,52.5,141.5,0.960
520,-1,963.4,331.2,23.5,86.6,0.959
520,-1,985.2,335.0,37.8,85.1,0.953
520,-1,770.9,320.8,20.0,61.4,0.897
520,-1,665.6,316.2,17.1,45.1,0.854
520,-1,657.3,315.2,15.6,47.1,0.743
520,-1,640.2,312.7,17.1,61.8,0.717
520,-1,582.0,335.6,30.7,75.1,0.684
520,-1,312.6,289.3,87.5,153.9,0.669
520,-1,286.6,304.1,26.4,75.5,0.516
520,-1,1597.6,265.2,51.0,138.8,0.438
520,-1,1025.6,315.1,11.3,24.5,0.419
520,-1,696.3,314.4,10.6,34.8,0.419
520,-1,1709.2,272.6,34.2,82.9,0.355
520,-1,567.6,342.0,35.9,67.8,0.340
520,-1,977.1,336.6,25.9,77.4,0.175
520,-1,763.7,316.7,21.4,66.2,0.173
520,-1,836.1,308.1,14.1,39.4,0.171
520,-1,647.5,337.3,14.4,39.8,0.170
520,-1,707.9,310.6,14.2,37.8,0.141
520,-1,640.2,312.8,15.8,31.6,0.138
520,-1,673.4,315.3,12.6,41.1,0.128
520,-1,1014.2,322.2,13.3,34.8,0.121
520,-1,1014.5,336.9,20.4,57.3,0.097
520,-1,301.6,293.7,49.7,141.3,0.094
520,-1,699.7,315.4,9.6,26.5,0.077
520,-1,318.0,294.4,27.7,64.3,0.073
520,-1,1002.5,319.9,21.8,39.5,0.069
520,-1,1019.7,314.7,26.7,80.0,0.067
520,-1,963.7,328.6,23.2,46.3,0.066
520,-1,987.5,327.5,19.6,39.2,0.063
520,-1,702.6,310.3,18.5,61.1,0.057
521,-1,0.4,209.4,305.1,722.9,0.999
521,-1,714.2,309.2,36.8,109.6,0.999
521,-1,844.4,290.4,57.0,165.6,0.998
521,-1,920.3,300.4,44.3,154.5,0.997
521,-1,1173.5,304.3,58.3,142.8,0.997
521,-1,1369.8,237.1,104.8,353.6,0.997
521,-1,297.8,279.6,102.1,295.4,0.996
521,-1,1333.1,264.6,74.6,301.9,0.995
521,-1,751.7,318.7,19.9,58.8,0.989
521,-1,1070.8,315.6,19.1,53.8,0.987
521,-1,1041.9,310.0,27.2,67.1,0.986
521,-1,1096.0,320.1,22.6,47.7,0.979
521,-1,959.9,330.1,26.5,86.9,0.952
521,-1,770.1,320.8,19.6,60.2,0.934
521,-1,1656.6,259.5,53.5,108.2,0.929
521,-1,985.0,332.7,36.9,87.8,0.920
521,-1,287.5,304.1,23.1,82.1,0.883
521,-1,663.5,314.5,18.4,47.4,0.876
521,-1,656.5,316.2,17.9,46.7,0.652
521,-1,1025.7,314.9,12.9,25.6,0.582
521,-1,696.9,316.5,10.1,31.6,0.447
521,-1,317.9,287.9,83.8,161.5,0.428
521,-1,707.3,313.0,15.0,44.5,0.402
521,-1,1705.9,273.8,36.4,77.7,0.285
521,-1,575.1,336.9,30.3,73.3,0.271
521,-1,973.8,335.8,29.5,80.4,0.239
521,-1,993.9,323.2,34.1,72.7,0.182
521,-1,1599.2,257.2,51.9,102.1,0.157
521,-1,1008.7,320.7,16.5,31.4,0.151
521,-1,701.6,310.8,16.9,42.4,0.140
521,-1,1031.0,314.7,12.4,27.0,0.135
521,-1,762.2,319.1,20.9,61.3,0.134
521,-1,702.4,314.5,10.5,30.9,0.114
521,-1,1010.2,317.8,28.1,65.0,0.112
521,-1,298.4,292.8,53.5,277.1,0.110
521,-1,311.0,293.6,24.5,56.4,0.108
521,-1,994.7,317.9,29.7,36.8,0.105
521,-1,993.3,318.1,17.4,18.8,0.066
521,-1,642.5,322.7,20.3,50.9,0.060
521,-1,1024.2,314.9,18.2,44.1,0.050
522,-1,0.0,193.1,291.9,793.2,0.999
522,-1,1368.5,243.3,112.3,353.4,0.996
522,-1,839.3,294.6,56.6,162.3,0.995
522,-1,710.6,308.3,40.5,113.1,0.995
522,-1,1176.7,311.1,49.9,130.3,0.990
522,-1,1329.9,266.8,78.5,300.4,0.986
522,-1,918.7,309.7,44.5,149.2,0.981
522,-1,1065.4,319.1,25.5,53.7,0.942
522,-1,1042.8,317.9,22.9,63.5,0.936
522,-1,657.6,318.4,19.8,48.0,0.886
522,-1,985.8,340.4,34.0,82.2,0.864
522,-1,953.4,331.2,28.4,85.4,0.862
522,-1,301.6,289.9,91.2,162.5,0.859
522,-1,767.4,318.3,23.3,63.8,0.789
522,-1,745.8,319.9,26.6,57.6,0.687
522,-1,960.4,329.9,35.3,91.2,0.678
522,-1,1006.6,342.1,26.1,54.8,0.412
522,-1,294.2,300.2,58.6,152.2,0.354
522,-1,924.6,311.1,31.9,73.1,0.215
522,-1,1333.0,264.7,59.5,134.3,0.159
522,-1,1022.8,319.5,25.7,23.3,0.158
522,-1,1027.1,314.9,25.0,61.1,0.109
522,-1,1089.4,329.6,27.0,37.2,0.102
522,-1,788.1,313.9,23.4,57.3,0.102
522,-1,767.8,304.6,45.1,79.4,0.099
522,-1,642.3,312.5,17.6,47.1,0.093
522,-1,973.2,332.4,27.9,71.9,0.062
522,-1,922.4,307.1,24.6,40.4,0.055
523,-1,0.0,204.8,284.5,764.4,0.999
523,-1,1372.3,242.3,106.3,355.1,0.998
523,-1,1336.3,262.6,73.3,316.8,0.998
523,-1,711.6,309.8,40.0,111.0,0.998
523,-1,838.0,292.7,53.9,166.7,0.997
523,-1,1174.1,311.1,49.6,137.9,0.996
523,-1,916.0,304.8,43.4,152.8,0.996
523,-1,289.6,292.5,104.5,217.5,0.993
523,-1,1038.8,314.9,28.8,70.6,0.992
523,-1,1068.8,317.9,18.0,58.5,0.987
523,-1,748.7,321.3,20.3,61.1,0.983
523,-1,956.8,332.1,29.0,91.4,0.942
523,-1,1093.9,324.6,19.9,47.9,0.930
523,-1,1657.4,264.2,52.7,102.4,0.928
523,-1,768.4,324.9,18.3,60.3,0.922
523,-1,664.3,319.6,14.5,45.5,0.922
523,-1,653.4,318.5,14.4,48.0,0.914
523,-1,983.1,342.3,33.5,81.2,0.883
523,-1,693.7,321.8,10.2,30.9,0.803
523,-1,703.6,318.9,13.0,35.7,0.721
523,-1,1022.9,318.5,12.8,27.2,0.586
523,-1,278.1,307.6,25.3,78.4,0.568
523,-1,989.0,329.3,31.5,66.3,0.518
523,-1,291.5,294.5,66.3,159.8,0.393
523,-1,1208.9,316.8,18.9,57.9,0.284
523,-1,992.4,322.9,28.2,35.6,0.222
523,-1,571.3,343.1,29.2,70.5,0.220
523,-1,971.1,326.8,23.3,43.4,0.198
523,-1,286.4,299.6,41.4,148.8,0.190
523,-1,1598.4,269.1,52.0,91.9,0.185
523,-1,699.4,321.3,10.4,32.5,0.182
523,-1,1158.2,353.5,14.2,28.2,0.173
523,-1,1204.5,312.6,21.9,98.0,0.134
523,-1,835.0,342.7,16.5,45.4,0.122
523,-1,680.6,320.5,10.1,33.8,0.118
523,-1,1018.6,318.6,11.1,27.9,0.112
523,-1,1707.2,278.0,38.5,85.6,0.112
523,-1,1015.4,342.4,18.9,51.3,0.101
523,-1,970.0,332.1,24.3,70.1,0.100
523,-1,645.1,316.5,11.9,37.2,0.099
523,-1,1002.1,325.4,23.5,59.4,0.089
523,-1,938.8,327.5,46.4,112.4,0.086
523,-1,963.6,331.4,20.7,39.6,0.078
523,-1,989.5,322.5,19.4,30.9,0.066
523,-1,1020.3,320.7,17.2,49.7,0.056
523,-1,971.7,323.2,20.3,24.7,0.056
523,-1,1168.4,326.3,20.3,79.4,0.051
523,-1,1159.4,342.5,17.0,42.3,0.051
524,-1,0.0,215.8,267.9,742.8,0.999
524,-1,1334.5,265.2,75.2,314.8,0.997
524,-1,833.1,294.5,55.4,164.7,0.997
524,-1,711.6,313.3,35.9,110.1,0.996
524,-1,1368.9,241.0,108.6,357.0,0.996
524,-1,913.1,309.9,39.4,157.0,0.996
524,-1,280.9,295.5,104.1,171.7,0.993
524,-1,1169.8,311.6,47.2,137.7,0.993
524,-1,1035.9,317.9,26.2,71.1,0.985
524,-1,951.7,334.2,31.5,91.8,0.952
524,-1,975.9,337.4,47.2,89.6,0.940
524,-1,651.3,320.3,20.8,48.9,0.823
524,-1,1654.6,257.6,52.2,158.5,0.787
524,-1,1064.9,321.0,17.7,55.6,0.759
524,-1,758.4,306.8,28.7,82.3,0.730
524,-1,1088.6,324.4,21.1,51.3,0.727
524,-1,742.7,321.4,23.4,64.1,0.650
524,-1,1200.8,317.4,21.6,64.7,0.577
524,-1,686.7,321.8,10.8,35.4,0.466
524,-1,1019.3,320.3,13.1,27.1,0.368
524,-1,277.2,300.0,46.2,165.2,0.364
524,-1,825.2,309.2,21.8,83.4,0.351
524,-1,942.8,341.1,25.6,82.9,0.333
524,-1,986.6,334.6,29.7,60.4,0.214
524,-1,962.5,337.0,43.7,89.0,0.200
524,-1,997.4,324.7,26.5,67.4,0.186
524,-1,697.4,317.2,12.8,38.6,0.186
524,-1,690.0,319.2,11.1,34.7,0.161
524,-1,996.3,323.6,21.0,36.7,0.148
524,-1,1024.0,319.8,12.8,30.8,0.128
524,-1,967.9,327.0,25.8,45.5,0.128
524,-1,645.9,319.4,15.0,49.1,0.125
524,-1,993.1,323.9,14.4,25.6,0.106
524,-1,955.1,331.9,28.4,52.7,0.092
524,-1,1302.8,315.2,20.1,85.9,0.081
524,-1,958.6,318.2,28.6,26.5,0.066
524,-1,262.1,307.6,48.8,141.0,0.064
524,-1,1012.2,318.3,12.2,28.7,0.063
524,-1,1018.3,319.3,17.9,44.8,0.062
524,-1,1156.5,346.8,19.6,61.4,0.060
525,-1,0.0,226.4,256.9,735.4,0.999
525,-1,910.8,309.7,40.2,159.7,0.997
525,-1,1337.6,264.1,78.5,317.7,0.997
525,-1,833.2,295.4,56.0,165.0,0.997
525,-1,1369.5,245.8,113.5,356.2,0.996
525,-1,704.4,308.8,45.1,113.4,0.994
525,-1,274.3,288.0,104.7,179.5,0.991
525,-1,1170.1,311.8,45.1,135.0,0.990
525,-1,1035.3,317.4,26.5,70.7,0.983
525,-1,950.4,333.1,33.9,91.0,0.933
525,-1,974.6,343.1,37.7,82.3,0.909
525,-1,649.1,317.0,24.8,53.0,0.905
525,-1,1195.9,314.8,25.8,75.6,0.759
525,-1,1653.5,268.2,54.2,144.0,0.751
525,-1,759.1,319.1,26.4,68.4,0.640
525,-1,741.9,318.6,33.4,69.9,0.601
525,-1,1063.1,318.7,20.3,57.2,0.498
525,-1,1194.9,314.3,34.5,128.5,0.420
525,-1,1089.2,322.8,21.4,46.2,0.329
525,-1,994.9,321.2,28.5,72.4,0.324
525,-1,998.9,320.4,17.3,36.0,0.270
525,-1,736.8,274.7,49.3,106.4,0.256
525,-1,1017.2,317.3,13.9,30.1,0.216
525,-1,691.3,303.5,20.5,44.1,0.190
525,-1,1204.9,320.8,35.0,104.1,0.183
525,-1,267.7,295.8,53.3,164.9,0.161
525,-1,629.9,303.6,29.0,76.0,0.119
525,-1,762.4,350.6,18.6,39.1,0.111
525,-1,0.3,224.7,20.9,80.8,0.088
525,-1,1015.2,315.8,17.1,57.1,0.080
525,-1,687.1,308.2,16.5,45.7,0.065
525,-1,965.6,326.9,29.1,55.6,0.063
525,-1,1011.5,316.1,12.9,30.3,0.062
525,-1,700.7,304.6,21.0,62.4,0.058
525,-1,956.8,318.2,28.9,23.6,0.057
525,-1,952.3,330.1,29.5,51.6,0.055
526,-1,0.0,218.5,242.9,758.1,0.999
526,-1,1373.0,243.1,104.8,358.9,0.998
526,-1,827.9,293.6,54.7,167.2,0.998
526,-1,707.5,309.1,36.1,115.1,0.997
526,-1,1335.5,265.2,69.8,314.8,0.997
526,-1,907.5,307.4,40.4,157.5,0.996
526,-1,272.4,292.6,104.6,169.4,0.994
526,-1,1163.4,313.1,47.3,134.5,0.990
526,-1,1033.6,318.2,26.8,68.8,0.989
526,-1,973.9,341.8,36.9,85.7,0.973
526,-1,1652.7,262.0,54.8,148.0,0.970
526,-1,1063.0,319.6,17.5,56.5,0.970
526,-1,566.0,347.7,25.4,71.3,0.951
526,-1,945.8,334.6,30.7,91.7,0.947
526,-1,645.5,320.2,14.8,48.6,0.933
526,-1,740.6,325.8,19.7,60.5,0.933
526,-1,1087.2,326.1,18.6,46.9,0.914
526,-1,652.2,321.3,18.4,47.3,0.900
526,-1,695.0,318.7,14.1,42.2,0.885
526,-1,761.0,325.6,19.8,63.5,0.881
526,-1,55.8,277.2,49.4,93.4,0.804
526,-1,1201.1,317.1,19.2,70.0,0.766
526,-1,684.5,321.6,10.6,34.4,0.753
526,-1,269.6,300.6,41.3,154.3,0.724
526,-1,26.0,288.8,26.5,36.8,0.606
526,-1,1704.9,281.1,33.4,80.6,0.492
526,-1,939.3,333.3,23.8,91.5,0.453
526,-1,996.4,327.9,16.3,37.4,0.448
526,-1,1015.9,320.6,11.1,27.4,0.414
526,-1,987.9,330.4,28.0,66.8,0.339
526,-1,56.6,276.3,65.7,172.8,0.290
526,-1,689.4,321.6,9.3,34.9,0.281
526,-1,550.5,347.0,28.0,68.3,0.280
526,-1,999.3,333.8,22.1,66.6,0.223
526,-1,1000.2,323.9,12.5,28.3,0.195
526,-1,1609.8,265.4,46.1,150.4,0.176
526,-1,986.9,323.4,24.6,36.8,0.159
526,-1,1007.0,341.0,19.4,57.0,0.157
526,-1,990.6,321.0,15.9,27.4,0.106
526,-1,1018.3,319.3,14.3,32.4,0.105
526,-1,966.3,324.4,19.4,42.1,0.100
526,-1,968.1,323.8,15.7,22.5,0.092
526,-1,1154.0,348.4,15.6,45.1,0.091
526,-1,979.6,322.3,13.9,25.9,0.085
526,-1,938.5,322.4,17.6,43.2,0.073
526,-1,949.6,331.6,25.5,47.6,0.061
526,-1,969.3,343.5,26.0,77.5,0.058
526,-1,959.5,329.9,21.7,57.5,0.054
526,-1,0.1,242.1,109.7,163.1,0.052
527,-1,825.3,293.8,57.6,166.4,0.999
527,-1,704.2,309.2,41.1,114.1,0.998
527,-1,0.0,262.2,226.4,720.5,0.998
527,-1,1371.3,239.8,102.7,363.8,0.998
527,-1,1334.3,263.3,72.9,319.0,0.997
527,-1,262.8,293.5,109.3,171.4,0.996
527,-1,901.6,308.5,42.3,154.2,0.996
527,-1,1159.7,311.8,46.1,135.0,0.993
527,-1,1029.4,316.5,27.1,68.4,0.992
527,-1,1058.6,317.8,19.7,57.2,0.988
527,-1,974.0,341.2,34.6,82.6,0.971
527,-1,738.8,323.3,19.7,59.4,0.963
527,-1,939.9,332.7,33.2,92.1,0.962
527,-1,653.4,318.2,13.8,47.0,0.941
527,-1,1082.6,322.9,21.1,49.4,0.932
527,-1,641.7,319.8,15.5,47.7,0.919
527,-1,1648.3,260.3,56.4,152.8,0.905
527,-1,757.8,326.5,20.6,59.8,0.886
527,-1,681.5,321.2,10.6,33.0,0.885
527,-1,49.4,284.2,41.9,79.0,0.840
527,-1,1197.7,315.6,19.3,66.1,0.840
527,-1,691.3,320.9,12.3,34.8,0.798
527,-1,1178.7,309.6,38.1,131.5,0.695
527,-1,17.1,287.7,27.8,39.3,0.678
527,-1,237.3,340.0,24.0,52.0,0.408
527,-1,1011.7,319.3,11.2,25.9,0.385
527,-1,1698.9,280.0,57.9,93.7,0.318
527,-1,1334.3,267.4,57.0,182.5,0.276
527,-1,987.6,320.2,24.2,41.5,0.256
527,-1,984.2,332.4,28.0,61.3,0.239
527,-1,953.6,335.8,26.3,87.7,0.212
527,-1,1008.3,318.5,19.2,59.4,0.184
527,-1,981.0,320.6,21.1,31.5,0.157
527,-1,1149.9,350.4,14.2,38.1,0.153
527,-1,935.8,328.7,21.1,87.4,0.138
527,-1,997.4,344.4,20.3,51.5,0.132
527,-1,945.7,331.8,27.7,51.1,0.122
527,-1,1204.7,323.0,13.6,53.1,0.119
527,-1,1018.1,316.6,14.0,45.2,0.118
527,-1,978.4,321.8,28.4,48.7,0.109
527,-1,940.6,332.4,23.1,61.4,0.100
527,-1,973.4,333.0,21.5,37.0,0.067
527,-1,667.1,320.2,10.8,34.1,0.062
527,-1,1607.6,267.6,52.5,149.3,0.060
527,-1,998.0,323.9,15.4,34.0,0.058
527,-1,1006.5,333.7,17.7,59.2,0.058
528,-1,812.2,290.2,58.4,164.5,0.998
528,-1,697.8,304.5,42.0,112.5,0.998
528,-1,1330.0,261.8,71.3,312.4,0.998
528,-1,243.2,286.3,111.7,175.5,0.998
528,-1,0.0,271.8,198.9,739.8,0.997
528,-1,1366.9,235.4,107.5,367.9,0.997
528,-1,892.0,302.6,43.5,157.1,0.996
528,-1,1152.2,304.3,47.0,137.7,0.996
528,-1,1022.3,311.1,27.5,69.2,0.993
528,-1,1052.9,311.2,19.2,58.7,0.990
528,-1,731.1,321.4,20.1,55.7,0.974
528,-1,966.5,334.8,35.3,88.0,0.971
528,-1,1189.7,308.1,21.7,95.9,0.961
528,-1,933.0,328.8,33.8,91.0,0.956
528,-1,1645.2,256.4,54.5,148.4,0.929
528,-1,1075.3,317.3,21.0,51.3,0.927
528,-1,634.6,313.9,19.5,48.6,0.927
528,-1,750.5,319.5,24.8,62.0,0.913
528,-1,35.8,274.2,46.5,105.9,0.902
528,-1,684.3,314.5,12.7,38.0,0.824
528,-1,647.5,316.6,11.8,44.7,0.802
528,-1,672.6,315.9,10.4,35.2,0.716
528,-1,3.4,281.2,30.7,46.2,0.710
528,-1,1005.3,314.8,11.4,25.5,0.519
528,-1,631.4,314.9,14.3,47.4,0.410
528,-1,676.9,315.4,10.3,35.9,0.270
528,-1,979.4,319.1,26.5,70.0,0.268
528,-1,989.4,318.8,15.9,34.9,0.216
528,-1,0.0,297.1,66.6,301.4,0.187
528,-1,995.5,342.6,18.2,49.5,0.181
528,-1,242.6,302.5,38.0,144.9,0.147
528,-1,948.1,335.2,28.6,85.3,0.142
528,-1,1692.9,273.1,37.7,97.0,0.137
528,-1,979.2,317.7,23.0,36.9,0.094
528,-1,1580.6,254.3,50.2,98.6,0.091
528,-1,999.5,316.0,11.6,28.8,0.087
528,-1,1009.1,315.2,12.9,33.4,0.077
528,-1,995.5,318.0,13.4,33.1,0.076
528,-1,1000.9,322.6,17.2,65.3,0.075
528,-1,1004.2,317.1,14.6,44.9,0.071
528,-1,965.5,327.8,18.6,35.4,0.069
528,-1,1588.4,261.3,47.6,148.0,0.067
528,-1,974.3,320.6,17.6,31.0,0.066
528,-1,1142.0,346.3,12.9,32.9,0.064
528,-1,991.2,326.7,20.6,55.3,0.059
528,-1,1016.2,313.0,12.4,35.2,0.059
528,-1,931.3,327.6,24.4,59.0,0.054
528,-1,612.2,336.5,10.9,40.9,0.051
529,-1,1329.2,257.6,72.7,320.4,0.998
529,-1,694.0,303.8,44.1,112.6,0.998
529,-1,807.7,290.2,57.9,165.0,0.998
529,-1,1149.0,304.1,43.8,138.0,0.997
529,-1,887.8,304.1,41.0,154.9,0.996
529,-1,1363.8,235.2,110.5,366.7,0.996
529,-1,0.0,294.4,182.2,716.2,0.995
529,-1,1017.6,311.7,26.9,67.1,0.985
529,-1,239.0,287.2,106.2,175.5,0.977
529,-1,1181.6,308.0,25.2,101.7,0.974
529,-1,724.9,317.4,20.5,60.2,0.974
529,-1,923.6,324.9,35.5,93.8,0.956
529,-1,959.1,333.2,38.4,87.3,0.952
529,-1,745.8,319.6,23.3,60.8,0.918
529,-1,627.6,314.6,16.2,47.0,0.910
529,-1,1049.4,312.9,17.3,55.3,0.906
529,-1,637.4,315.2,15.6,45.4,0.891
529,-1,1640.8,262.0,54.8,137.2,0.891
529,-1,29.2,280.9,33.8,97.9,0.845
529,-1,677.3,314.2,11.7,37.5,0.800
529,-1,1070.9,316.6,20.4,51.1,0.787
529,-1,0.2,290.6,42.0,245.6,0.697
529,-1,937.1,332.1,40.3,88.5,0.604
529,-1,667.2,315.3,10.3,34.9,0.553
529,-1,1007.9,312.1,13.7,30.8,0.377
529,-1,1000.3,312.0,11.9,26.6,0.335
529,-1,1691.3,274.4,34.4,71.6,0.331
529,-1,672.2,315.1,9.8,35.7,0.240
529,-1,971.7,314.5,29.8,71.2,0.229
529,-1,606.5,334.3,9.4,39.5,0.225
529,-1,227.9,300.5,41.1,92.2,0.217
529,-1,992.1,334.7,19.4,56.6,0.184
529,-1,969.5,317.4,27.5,38.1,0.160
529,-1,993.4,312.9,23.6,71.2,0.154
529,-1,959.9,326.9,18.4,33.1,0.144
529,-1,951.1,323.5,19.0,32.0,0.143
529,-1,0.0,282.0,16.0,58.9,0.142
529,-1,969.5,315.4,18.6,26.2,0.134
529,-1,733.3,318.4,22.4,59.7,0.107
529,-1,1687.5,275.0,55.9,107.1,0.101
529,-1,980.9,314.8,16.4,29.5,0.100
529,-1,324.8,336.6,22.6,43.2,0.096
529,-1,997.6,314.6,16.5,41.7,0.096
529,-1,231.6,291.3,47.2,139.9,0.094
529,-1,1137.5,346.4,13.2,31.4,0.088
529,-1,1170.9,306.5,26.8,111.1,0.085
529,-1,682.6,313.6,13.8,39.3,0.082
529,-1,536.0,337.5,34.5,76.6,0.074
529,-1,1211.2,310.8,9.6,37.2,0.073
529,-1,940.7,326.4,22.3,57.3,0.060
530,-1,1328.1,255.6,73.1,322.4,0.998
530,-1,802.4,289.7,55.7,163.9,0.998
530,-1,1365.0,236.4,112.2,364.5,0.997
530,-1,689.0,304.6,46.4,110.4,0.997
530,-1,883.2,300.6,43.0,158.0,0.997
530,-1,1144.5,301.9,42.6,137.3,0.996
530,-1,223.5,280.9,116.0,181.8,0.993
530,-1,1012.4,304.2,29.4,73.0,0.989
530,-1,0.0,294.8,166.2,716.9,0.988
530,-1,722.6,318.3,18.7,59.5,0.978
530,-1,1044.4,311.2,17.8,56.3,0.976
530,-1,1179.2,305.4,24.2,85.4,0.974
530,-1,955.6,330.7,36.4,89.4,0.968
530,-1,926.8,324.9,32.8,94.3,0.967
530,-1,1638.8,259.7,53.8,98.9,0.964
530,-1,741.4,318.1,24.6,59.2,0.961
530,-1,23.5,273.0,46.2,104.2,0.958
530,-1,623.1,312.2,20.0,47.0,0.924
530,-1,636.0,311.5,14.6,47.4,0.910
530,-1,1067.2,313.5,21.8,52.7,0.869
530,-1,1688.8,272.2,34.1,72.5,0.722
530,-1,0.1,279.6,21.5,108.3,0.639
530,-1,996.2,312.9,11.1,24.6,0.603
530,-1,673.4,313.4,11.0,35.1,0.591
530,-1,963.9,320.3,33.0,78.8,0.589
530,-1,0.2,297.8,22.8,180.2,0.569
530,-1,540.5,333.7,26.9,74.8,0.545
530,-1,967.3,313.0,29.2,38.6,0.428
530,-1,1573.5,255.9,48.8,147.8,0.406
530,-1,664.7,312.1,10.5,35.4,0.400
530,-1,1160.2,302.9,38.0,125.1,0.400
530,-1,976.0,329.1,24.3,64.2,0.326
530,-1,1589.7,258.7,43.7,94.0,0.293
530,-1,223.4,298.8,37.7,136.3,0.218
530,-1,1687.4,273.2,55.9,94.0,0.213
530,-1,668.5,312.6,10.5,35.6,0.143
530,-1,1002.5,311.3,13.3,29.9,0.122
530,-1,993.0,311.6,19.2,45.8,0.095
530,-1,984.9,335.8,20.5,54.1,0.078
530,-1,0.1,285.5,16.8,601.4,0.073
530,-1,980.2,314.8,18.9,34.9,0.071
530,-1,917.9,328.0,26.2,86.7,0.071
530,-1,928.1,325.8,28.9,45.5,0.067
530,-1,729.6,316.9,26.0,61.3,0.065
530,-1,988.6,321.9,20.6,59.7,0.061
530,-1,1205.1,308.5,10.5,38.8,0.055
531,-1,880.2,299.3,41.0,159.1,0.999
531,-1,689.4,303.4,41.4,113.0,0.998
531,-1,1320.2,255.6,77.6,321.3,0.998
531,-1,1364.4,235.3,113.4,366.7,0.998
531,-1,796.9,289.0,56.4,164.4,0.997
531,-1,1137.7,300.4,43.1,138.0,0.996
531,-1,217.1,282.2,112.8,180.1,0.995
531,-1,1010.4,306.5,28.2,70.0,0.993
531,-1,1042.1,309.7,19.3,58.8,0.991
531,-1,1177.6,304.9,22.7,91.3,0.987
531,-1,954.2,329.6,35.4,91.0,0.978
531,-1,736.1,317.3,23.5,60.3,0.977
531,-1,0.8,290.7,148.4,734.1,0.976
531,-1,719.5,316.3,18.2,59.9,0.969
531,-1,916.9,325.5,36.5,91.8,0.968
531,-1,1632.2,262.3,58.4,144.7,0.941
531,-1,618.6,311.6,19.7,46.4,0.927
531,-1,12.8,271.6,48.7,107.1,0.912
531,-1,630.4,310.1,14.7,47.6,0.881
531,-1,1063.4,314.0,20.7,52.7,0.811
531,-1,659.8,312.8,10.7,35.7,0.760
531,-1,993.2,312.2,11.2,23.3,0.733
531,-1,671.3,310.9,12.5,38.0,0.668
531,-1,0.0,656.1,147.6,363.1,0.668
531,-1,533.2,332.8,28.8,77.5,0.492
531,-1,962.9,321.0,31.0,75.2,0.425
531,-1,983.1,340.7,17.9,48.2,0.390
531,-1,213.9,293.1,41.3,152.8,0.386
531,-1,1571.3,251.8,46.9,154.1,0.309
531,-1,962.3,313.2,27.4,35.2,0.306
531,-1,990.5,311.5,16.4,40.6,0.241
531,-1,0.0,283.4,14.8,136.1,0.204
531,-1,942.2,330.6,35.3,88.0,0.183
531,-1,974.7,315.2,14.7,29.1,0.142
531,-1,975.2,317.7,24.2,62.3,0.138
531,-1,924.1,324.1,29.3,48.7,0.112
531,-1,1683.1,272.3,43.2,95.7,0.111
531,-1,1576.5,248.3,54.1,101.6,0.086
531,-1,986.6,313.3,22.1,66.1,0.080
531,-1,676.9,311.3,13.0,37.9,0.069
531,-1,725.6,314.8,22.7,62.3,0.057
531,-1,1588.0,262.2,48.4,145.6,0.055
531,-1,960.2,314.3,18.9,27.1,0.052
532,-1,1320.1,254.0,69.5,325.3,1.000
532,-1,684.7,305.9,39.3,106.1,0.998
532,-1,1363.2,235.0,114.0,368.4,0.997
532,-1,788.1,289.2,61.6,161.3,0.997
532,-1,874.3,301.3,43.2,157.1,0.996
532,-1,209.9,283.6,107.4,175.0,0.995
532,-1,1132.7,302.4,46.2,135.9,0.993
532,-1,1006.2,307.7,27.9,69.0,0.989
532,-1,1172.4,303.4,25.9,89.7,0.988
532,-1,912.8,325.0,36.3,93.5,0.962
532,-1,1337.8,252.1,91.5,338.9,0.961
532,-1,1631.7,257.3,55.5,149.0,0.960
532,-1,716.6,317.7,17.8,57.4,0.943
532,-1,734.0,317.2,21.9,60.2,0.941
532,-1,947.2,334.5,40.6,83.8,0.937
532,-1,9.7,274.2,39.5,100.8,0.921
532,-1,1.7,290.5,132.2,734.3,0.905
532,-1,614.7,311.6,22.2,46.3,0.899
532,-1,0.8,714.8,129.0,304.7,0.873
532,-1,1039.7,309.0,19.4,57.6,0.861
532,-1,534.9,337.8,26.4,72.2,0.853
532,-1,1058.9,315.3,22.2,51.6,0.773
532,-1,957.3,311.2,31.5,64.4,0.707
532,-1,988.0,310.8,12.9,26.3,0.655
532,-1,666.6,311.2,12.2,38.3,0.563
532,-1,655.2,312.6,10.5,33.9,0.518
532,-1,929.6,332.8,29.9,85.1,0.509
532,-1,205.1,289.8,39.3,153.3,0.480
532,-1,984.4,308.5,18.9,41.0,0.408
532,-1,960.7,311.6,26.7,37.7,0.320
532,-1,631.0,313.0,11.0,43.4,0.287
532,-1,673.1,312.1,13.3,37.8,0.285
532,-1,1196.2,308.6,14.1,43.4,0.221
532,-1,1682.6,272.0,31.6,92.9,0.199
532,-1,995.6,309.4,13.3,29.5,0.197
532,-1,519.8,339.9,31.5,67.7,0.193
532,-1,23.3,268.8,39.5,106.0,0.178
532,-1,1281.4,305.3,19.3,94.4,0.158
532,-1,1520.0,253.1,63.2,97.3,0.154
532,-1,968.6,315.0,25.5,66.6,0.150
532,-1,1584.3,264.7,49.0,143.3,0.135
532,-1,249.3,289.6,72.0,141.0,0.119
532,-1,973.4,338.9,22.2,55.0,0.091
532,-1,971.6,310.8,19.5,36.6,0.088
532,-1,663.2,311.2,9.9,36.4,0.085
532,-1,981.3,325.6,18.9,59.6,0.085
532,-1,948.3,328.6,30.4,64.0,0.073
532,-1,918.7,324.0,30.8,45.1,0.062
532,-1,1665.4,264.0,47.1,124.4,0.056
532,-1,979.8,312.7,12.7,28.9,0.055
532,-1,1160.9,304.1,24.7,96.0,0.053
533,-1,1315.9,253.5,73.2,327.8,1.000
533,-1,190.3,280.8,115.9,179.6,0.999
533,-1,783.4,288.8,53.6,165.9,0.998
533,-1,678.8,305.5,44.0,109.8,0.998
533,-1,868.8,299.2,45.9,155.0,0.998
533,-1,1167.9,303.3,27.8,96.8,0.997
533,-1,1353.1,233.0,104.9,368.4,0.997
533,-1,1127.2,301.2,46.2,141.3,0.995
533,-1,1001.6,306.5,28.0,69.5,0.990
533,-1,1033.6,311.7,18.5,56.1,0.981
533,-1,729.0,316.2,21.0,62.7,0.978
533,-1,941.8,331.4,39.4,89.4,0.969
533,-1,907.5,325.0,38.3,94.9,0.968
533,-1,1629.7,261.0,55.1,148.5,0.949
533,-1,712.4,317.7,16.3,57.7,0.933
533,-1,659.1,310.9,12.5,39.5,0.931
533,-1,1054.7,317.0,22.2,50.7,0.928
533,-1,608.7,311.9,21.6,47.7,0.917
533,-1,0.7,271.1,45.0,106.2,0.846
533,-1,0.2,750.5,95.7,263.3,0.833
533,-1,671.6,312.8,13.9,36.3,0.822
533,-1,649.0,313.4,10.7,35.2,0.793
533,-1,982.3,313.3,12.6,24.6,0.789
533,-1,622.5,312.7,13.5,46.8,0.657
533,-1,0.5,482.9,95.9,539.2,0.555
533,-1,952.2,312.5,32.6,71.4,0.502
533,-1,960.2,314.6,23.0,35.2,0.442
533,-1,925.1,331.6,26.7,87.7,0.345
533,-1,1578.9,261.1,48.3,150.4,0.284
533,-1,1561.8,257.7,49.5,152.2,0.258
533,-1,981.4,313.0,14.9,57.4,0.218
533,-1,969.8,338.7,20.2,52.3,0.171
533,-1,654.7,312.6,10.9,37.5,0.155
533,-1,950.3,317.7,20.0,28.5,0.146
533,-1,1522.6,250.6,54.9,101.9,0.140
533,-1,986.6,311.4,12.7,26.7,0.133
533,-1,780.9,310.9,18.8,75.3,0.086
533,-1,1676.4,270.7,39.9,107.4,0.079
533,-1,1554.4,250.5,48.2,92.3,0.078
533,-1,1530.4,253.2,64.7,152.9,0.057
533,-1,917.5,323.8,28.8,42.1,0.056
533,-1,665.6,314.4,10.6,33.7,0.054
533,-1,1193.7,314.0,10.6,34.9,0.053
534,-1,1319.1,252.3,74.2,327.3,0.999
534,-1,183.1,278.1,113.0,183.2,0.998
534,-1,781.8,284.4,53.2,169.3,0.997
534,-1,869.1,296.7,42.2,159.6,0.996
534,-1,678.8,304.9,39.5,107.2,0.995
534,-1,1361.3,230.7,114.8,377.5,0.995
534,-1,1126.9,300.5,45.2,137.7,0.993
534,-1,1001.7,306.9,26.8,68.7,0.985
534,-1,728.1,315.5,23.2,63.1,0.971
534,-1,1165.1,302.7,28.4,82.1,0.970
534,-1,941.5,333.3,41.3,85.2,0.934
534,-1,907.8,323.3,34.4,93.3,0.931
534,-1,608.0,309.6,25.2,50.9,0.919
534,-1,1032.0,311.7,22.1,55.9,0.897
534,-1,1053.0,319.5,23.2,45.0,0.759
534,-1,709.9,316.7,21.8,55.0,0.468
534,-1,1039.6,312.5,30.7,54.7,0.410
534,-1,980.1,311.9,14.5,25.4,0.398
534,-1,653.7,312.1,14.5,35.3,0.354
534,-1,1629.3,256.9,57.9,140.8,0.317
534,-1,957.8,314.5,34.3,73.0,0.285
534,-1,0.0,91.7,66.0,968.3,0.213
534,-1,959.0,313.5,29.8,43.1,0.176
534,-1,182.6,298.1,43.2,160.3,0.157
534,-1,975.5,314.9,21.9,66.3,0.156
534,-1,659.2,313.5,13.5,34.5,0.132
534,-1,963.2,314.7,17.6,31.4,0.115
534,-1,669.6,307.5,13.8,39.3,0.095
534,-1,1318.6,252.9,58.4,179.6,0.093
534,-1,988.3,311.5,14.5,25.5,0.083
534,-1,1272.9,307.2,22.8,87.2,0.081
534,-1,1138.6,301.8,47.4,106.5,0.078
534,-1,0.1,581.0,67.2,431.6,0.077
534,-1,0.0,894.8,66.0,121.5,0.076
534,-1,272.1,330.8,29.0,54.8,0.068
534,-1,890.0,315.2,47.7,119.1,0.063
535,-1,1316.0,246.8,74.1,337.8,0.999
535,-1,862.9,300.6,45.4,160.7,0.998
535,-1,779.4,289.8,51.1,164.7,0.997
535,-1,674.3,308.8,43.4,108.4,0.996
535,-1,177.2,282.3,109.4,181.9,0.996
535,-1,1362.8,234.2,124.2,373.0,0.996
535,-1,1164.2,305.1,30.2,100.1,0.992
535,-1,1127.2,305.4,41.6,135.8,0.992
535,-1,1000.2,312.4,25.7,68.3,0.991
535,-1,907.4,328.3,35.0,92.4,0.967
535,-1,1626.5,253.4,56.8,163.7,0.956
535,-1,939.3,335.6,41.3,85.5,0.950
535,-1,603.1,310.6,24.0,52.6,0.908
535,-1,726.8,314.3,16.7,70.1,0.900
535,-1,1053.6,323.9,17.9,45.4,0.761
535,-1,655.3,313.6,12.4,38.7,0.676
535,-1,0.0,277.8,35.7,100.7,0.620
535,-1,615.3,312.5,15.9,48.7,0.596
535,-1,710.1,317.7,14.4,47.6,0.558
535,-1,955.6,318.3,28.4,75.4,0.511
535,-1,1031.9,312.5,16.5,57.0,0.495
535,-1,645.2,314.0,10.6,37.8,0.482
535,-1,978.6,313.7,11.9,25.0,0.442
535,-1,670.3,314.2,10.8,36.6,0.438
535,-1,514.3,339.0,31.4,75.4,0.431
535,-1,965.0,316.8,13.2,34.8,0.423
535,-1,977.2,311.5,16.2,45.0,0.338
535,-1,974.3,312.4,18.5,75.0,0.229
535,-1,968.0,320.7,20.6,72.9,0.174
535,-1,956.3,315.9,17.5,32.5,0.162
535,-1,649.5,313.5,11.2,38.2,0.129
535,-1,930.3,324.5,19.9,40.1,0.121
535,-1,925.5,325.6,24.1,85.2,0.102
535,-1,1118.4,335.1,12.7,47.1,0.084
535,-1,934.7,329.1,27.5,85.4,0.083
535,-1,585.5,318.1,21.1,57.4,0.082
535,-1,1141.9,309.2,30.2,102.0,0.065
535,-1,1406.0,249.0,55.4,351.0,0.059
535,-1,174.5,293.4,55.4,168.7,0.059
535,-1,945.0,317.4,15.2,26.9,0.055
535,-1,1122.8,317.2,20.2,82.7,0.055
535,-1,262.7,336.4,29.2,50.9,0.052
535,-1,764.4,306.2,15.2,32.4,0.050
536,-1,1320.1,251.3,76.3,334.6,1.000
536,-1,679.2,304.1,37.9,111.4,0.996
536,-1,864.2,299.0,45.3,160.5,0.996
536,-1,173.7,276.6,104.8,180.6,0.995
536,-1,1361.1,232.4,128.3,382.4,0.995
536,-1,777.9,285.6,52.4,168.9,0.995
536,-1,1165.2,304.4,29.5,102.4,0.991
536,-1,1125.5,298.3,43.9,141.0,0.990
536,-1,997.7,307.4,26.7,69.0,0.980
536,-1,723.2,317.9,25.0,64.5,0.955
536,-1,1629.3,252.5,56.6,153.3,0.927
536,-1,910.6,321.1,34.8,99.8,0.920
536,-1,1029.7,311.1,20.5,58.5,0.914
536,-1,602.6,305.9,28.8,58.4,0.907
536,-1,1051.5,313.9,24.1,53.3,0.857
536,-1,937.5,328.9,45.9,90.9,0.851
536,-1,1040.2,310.9,28.3,58.4,0.591
536,-1,900.4,324.4,33.9,92.2,0.390
536,-1,951.7,324.9,38.5,71.1,0.354
536,-1,650.8,309.1,16.4,40.1,0.344
536,-1,924.3,323.1,39.1,96.9,0.295
536,-1,978.9,310.3,14.7,27.0,0.250
536,-1,669.0,312.2,16.0,38.3,0.210
536,-1,959.8,314.9,21.0,35.8,0.204
536,-1,971.1,313.2,23.8,74.1,0.201
536,-1,1273.5,305.0,21.8,88.2,0.166
536,-1,643.4,310.3,13.7,39.7,0.157
536,-1,171.3,297.3,56.2,158.2,0.129
536,-1,586.1,296.9,26.5,79.6,0.129
536,-1,948.7,318.2,29.7,63.6,0.125
536,-1,727.7,311.8,21.1,41.7,0.121
536,-1,710.7,317.3,23.9,63.4,0.101
536,-1,259.9,349.7,28.9,80.1,0.100
536,-1,619.3,309.9,15.6,46.7,0.098
536,-1,696.0,307.8,45.6,89.9,0.098
536,-1,1156.4,304.5,26.6,94.6,0.098
536,-1,758.3,311.4,23.4,26.1,0.097
536,-1,753.5,313.5,27.1,41.8,0.082
536,-1,713.3,294.5,36.3,86.8,0.080
536,-1,658.9,309.9,16.1,39.5,0.068
536,-1,977.5,311.6,18.1,44.8,0.066
536,-1,914.4,323.3,30.1,48.3,0.064
536,-1,874.3,310.5,58.4,138.7,0.062
536,-1,746.8,313.4,24.3,47.8,0.058
536,-1,1184.4,309.5,17.9,57.8,0.052
536,-1,230.4,293.9,53.4,137.7,0.051
537,-1,1322.5,254.4,75.2,330.9,0.999
537,-1,862.0,296.0,46.8,163.9,0.998
537,-1,680.9,304.3,39.7,110.5,0.997
537,-1,1363.6,232.3,121.5,383.5,0.996
537,-1,774.1,284.5,57.2,170.6,0.996
537,-1,173.7,281.0,102.9,180.8,0.995
537,-1,1125.6,302.0,43.0,134.7,0.993
537,-1,1001.3,308.4,25.6,68.3,0.988
537,-1,1164.8,303.0,30.8,101.5,0.986
537,-1,725.3,313.1,26.6,67.9,0.968
537,-1,902.1,324.4,38.3,93.1,0.949
537,-1,936.9,332.2,39.3,87.6,0.935
537,-1,1031.3,313.1,21.3,55.5,0.883
537,-1,604.5,313.6,24.5,46.4,0.792
537,-1,246.7,296.7,39.6,139.7,0.786
537,-1,1632.6,252.7,57.6,160.1,0.760
537,-1,1052.4,318.2,25.0,46.5,0.727
537,-1,244.0,299.4,27.0,53.4,0.661
537,-1,668.9,314.4,13.7,35.5,0.623
537,-1,652.4,313.4,14.9,37.6,0.532
537,-1,648.2,314.1,12.4,36.0,0.402
537,-1,921.6,333.7,36.4,86.0,0.306
537,-1,172.9,287.4,53.4,174.0,0.291
537,-1,1272.8,306.1,22.8,93.2,0.273
537,-1,977.2,309.4,22.3,25.4,0.255
537,-1,953.8,313.8,29.6,72.6,0.245
537,-1,975.7,313.3,19.2,68.8,0.194
537,-1,876.1,318.5,61.5,130.7,0.183
537,-1,978.7,311.5,16.8,42.4,0.178
537,-1,659.5,316.5,16.4,34.3,0.157
537,-1,1191.4,305.9,14.2,39.6,0.154
537,-1,957.6,315.7,23.0,32.6,0.150
537,-1,971.0,329.2,20.8,61.6,0.141
537,-1,1178.5,305.9,26.2,103.0,0.129
537,-1,619.7,313.3,13.7,44.3,0.109
537,-1,258.6,353.6,26.6,76.0,0.090
537,-1,709.1,316.2,19.0,59.4,0.088
537,-1,1168.3,304.1,26.0,48.7,0.083
537,-1,1581.5,265.9,48.6,152.4,0.052
538,-1,1326.8,249.7,72.6,331.3,0.999
538,-1,1363.9,223.3,119.8,392.4,0.998
538,-1,856.1,291.5,49.3,161.1,0.997
538,-1,679.8,299.9,42.2,109.6,0.996
538,-1,770.1,280.3,56.3,169.0,0.996
538,-1,162.0,278.2,101.5,181.5,0.995
538,-1,997.3,305.2,27.6,67.7,0.992
538,-1,1163.4,299.5,32.9,105.1,0.989
538,-1,1127.9,293.7,40.4,139.0,0.988
538,-1,721.4,314.5,25.0,60.4,0.979
538,-1,1632.6,247.4,57.4,153.7,0.953
538,-1,901.6,317.3,37.8,100.0,0.948
538,-1,601.6,308.6,26.1,47.5,0.932
538,-1,1028.7,307.4,20.6,52.8,0.915
538,-1,1052.5,312.6,22.9,44.6,0.909
538,-1,935.1,329.8,39.6,85.7,0.858
538,-1,949.8,304.5,31.6,82.8,0.835
538,-1,667.2,311.7,11.7,31.6,0.732
538,-1,643.5,308.9,11.5,36.2,0.525
538,-1,976.9,307.2,15.8,27.5,0.474
538,-1,651.8,308.7,11.7,36.9,0.367
538,-1,973.5,306.1,19.4,69.9,0.301
538,-1,0.0,269.8,24.8,106.9,0.278
538,-1,952.3,309.1,26.1,38.6,0.271
538,-1,1142.4,299.3,43.6,120.9,0.210
538,-1,233.3,295.4,39.0,134.9,0.163
538,-1,1692.1,302.4,53.1,59.4,0.110
538,-1,1579.7,260.8,47.2,144.7,0.097
538,-1,706.9,309.9,18.6,59.3,0.079
538,-1,655.4,308.8,13.5,37.2,0.069
538,-1,922.5,325.2,34.5,88.0,0.066
538,-1,1682.0,267.1,44.3,108.9,0.062
538,-1,1595.4,257.7,35.1,97.2,0.056
538,-1,1519.2,255.5,66.7,89.8,0.052
538,-1,1122.4,305.6,17.1,84.2,0.051
539,-1,1330.4,238.8,71.6,343.8,1.000
539,-1,857.5,289.7,48.9,159.5,0.998
539,-1,682.2,298.6,44.4,107.1,0.997
539,-1,773.3,277.7,59.9,169.8,0.997
539,-1,1368.5,214.5,116.0,395.8,0.996
539,-1,1128.2,287.8,40.2,142.4,0.995
539,-1,158.0,272.6,112.4,184.3,0.995
539,-1,1000.8,301.4,25.8,68.3,0.994
539,-1,1167.4,296.8,32.7,97.9,0.986
539,-1,1635.1,244.7,56.4,156.6,0.985
539,-1,726.4,310.1,22.5,61.9,0.984
539,-1,900.5,308.5,43.0,104.8,0.968
539,-1,1031.5,303.0,18.1,55.2,0.959
539,-1,937.1,326.0,39.2,85.4,0.940
539,-1,1052.9,308.9,23.8,51.6,0.904
539,-1,601.8,305.1,27.5,47.8,0.904
539,-1,668.1,303.8,14.4,39.4,0.901
539,-1,232.7,291.0,31.7,67.6,0.853
539,-1,653.1,302.1,13.5,40.3,0.812
539,-1,642.2,303.7,10.5,38.7,0.638
539,-1,0.0,271.4,32.5,98.6,0.619
539,-1,1573.4,248.1,42.9,153.7,0.546
539,-1,979.2,303.0,12.9,24.9,0.483
539,-1,646.8,302.6,13.8,40.3,0.395
539,-1,1577.4,252.5,37.6,84.9,0.354
539,-1,1586.9,252.5,44.8,151.1,0.348
539,-1,978.2,304.8,17.6,55.4,0.306
539,-1,513.5,321.0,32.5,86.2,0.287
539,-1,972.0,319.6,21.2,61.0,0.271
539,-1,920.1,319.3,29.5,93.1,0.268
539,-1,957.8,311.4,27.6,70.5,0.260
539,-1,1274.1,295.0,22.4,100.3,0.245
539,-1,159.1,291.5,59.3,168.2,0.234
539,-1,958.3,306.6,22.0,35.2,0.207
539,-1,1595.1,255.3,35.9,89.9,0.181
539,-1,1687.9,261.5,24.3,78.5,0.158
539,-1,1527.8,237.5,49.4,102.2,0.137
539,-1,899.5,308.0,25.5,66.4,0.110
539,-1,1547.9,238.6,57.7,98.4,0.102
539,-1,208.2,285.1,65.9,143.7,0.077
539,-1,1530.1,243.0,59.9,147.3,0.069
539,-1,618.4,304.1,13.2,45.8,0.057
539,-1,882.2,303.5,52.7,129.3,0.053
540,-1,853.9,288.4,52.1,159.4,0.999
540,-1,773.5,275.7,55.7,171.5,0.998
540,-1,684.2,297.9,38.3,106.6,0.998
540,-1,1371.8,213.0,105.4,395.7,0.997
540,-1,1128.2,290.1,41.6,139.5,0.997
540,-1,1330.0,235.9,77.4,347.3,0.996
540,-1,154.7,275.0,102.9,184.9,0.996
540,-1,1000.6,300.4,27.0,68.2,0.993
540,-1,727.0,308.6,23.5,61.3,0.988
540,-1,1640.0,241.2,57.1,156.7,0.988
540,-1,1168.0,293.2,33.9,102.4,0.988
540,-1,938.7,324.3,37.1,88.7,0.976
540,-1,1032.5,301.7,18.0,56.3,0.976
540,-1,232.4,289.6,28.8,83.1,0.974
540,-1,667.9,304.4,12.7,35.2,0.965
540,-1,899.3,314.4,42.7,99.1,0.962
540,-1,603.1,303.4,19.6,47.2,0.937
540,-1,1053.5,305.6,23.9,52.6,0.934
540,-1,617.2,303.7,14.0,46.4,0.930
540,-1,654.4,304.3,11.3,36.6,0.916
540,-1,644.4,303.0,10.8,36.7,0.835
540,-1,1270.4,293.2,27.5,111.4,0.551
540,-1,920.9,321.5,29.0,90.0,0.478
540,-1,958.9,310.8,21.3,29.9,0.391
540,-1,649.7,303.4,11.4,37.0,0.355
540,-1,1329.2,239.3,62.4,176.5,0.352
540,-1,1588.1,250.3,43.8,129.7,0.340
540,-1,0.1,267.4,24.4,105.8,0.337
540,-1,979.8,303.2,13.2,24.7,0.313
540,-1,974.9,313.3,19.0,65.7,0.257
540,-1,956.6,311.1,25.2,68.5,0.250
540,-1,224.0,286.1,38.3,127.4,0.155
540,-1,641.1,302.0,9.5,37.0,0.149
540,-1,154.9,291.1,41.3,171.0,0.119
540,-1,661.6,305.1,12.2,34.3,0.105
540,-1,757.7,310.9,15.9,39.6,0.080
540,-1,725.5,287.2,15.3,33.8,0.078
540,-1,1181.3,296.3,20.9,61.5,0.060
540,-1,948.3,308.1,28.1,31.8,0.059
540,-1,1407.5,225.1,113.8,385.4,0.055
540,-1,915.6,316.9,26.7,47.3,0.054
541,-1,681.4,291.6,44.4,112.0,0.999
541,-1,772.2,275.1,51.4,167.9,0.998
541,-1,851.7,284.6,53.7,160.3,0.998
541,-1,1371.1,210.0,110.6,397.4,0.997
541,-1,1330.4,235.0,77.9,346.2,0.997
541,-1,152.6,271.1,96.1,189.5,0.996
541,-1,999.9,295.8,27.3,69.0,0.996
541,-1,1126.5,287.5,42.3,141.5,0.995
541,-1,1164.6,288.9,38.4,113.0,0.992
541,-1,1031.2,298.7,18.2,57.4,0.991
541,-1,231.3,287.6,29.7,99.8,0.986
541,-1,899.8,315.1,41.7,94.7,0.985
541,-1,667.5,302.5,13.5,36.6,0.984
541,-1,726.6,303.7,25.2,62.4,0.982
541,-1,938.3,321.7,38.4,86.6,0.979
541,-1,1639.4,237.2,56.7,164.0,0.977
541,-1,614.4,299.4,15.6,50.3,0.957
541,-1,601.4,301.8,20.9,48.2,0.945
541,-1,1053.1,305.1,23.5,50.6,0.937
541,-1,642.8,300.2,10.6,38.2,0.933
541,-1,652.0,299.3,12.5,38.8,0.923
541,-1,149.4,299.6,34.3,162.0,0.773
541,-1,980.9,303.7,10.0,22.4,0.651
541,-1,657.4,300.9,11.3,37.1,0.629
541,-1,646.7,300.6,11.5,38.1,0.623
541,-1,1570.8,241.2,48.0,94.3,0.527
541,-1,217.9,286.2,39.5,140.3,0.393
541,-1,1579.8,245.8,48.8,146.7,0.341
541,-1,1274.8,293.3,23.4,94.7,0.330
541,-1,948.8,316.0,32.2,68.8,0.321
541,-1,979.4,301.5,15.8,43.2,0.306
541,-1,955.3,312.2,23.0,27.9,0.276
541,-1,973.0,318.1,18.4,58.3,0.169
541,-1,1595.2,247.9,38.8,99.4,0.154
541,-1,193.3,281.4,57.2,153.6,0.149
541,-1,1165.5,296.4,16.8,84.1,0.099
541,-1,987.3,300.5,13.1,46.8,0.084
541,-1,1549.0,236.3,48.4,92.0,0.079
541,-1,997.1,294.0,17.3,65.4,0.074
541,-1,1331.9,238.6,62.3,180.6,0.070
541,-1,969.5,304.9,9.5,22.2,0.060
541,-1,1406.4,222.1,116.2,385.7,0.059
542,-1,1372.5,207.0,116.7,400.2,0.998
542,-1,770.7,272.7,53.2,165.9,0.998
542,-1,680.4,288.0,44.5,111.5,0.998
542,-1,850.9,281.8,53.4,161.6,0.997
542,-1,1126.4,284.9,40.9,139.3,0.997
542,-1,1335.9,230.9,75.3,346.3,0.996
542,-1,1000.2,293.7,26.1,67.7,0.996
542,-1,1167.6,285.3,37.0,108.5,0.994
542,-1,147.6,269.2,96.6,190.6,0.993
542,-1,724.8,302.2,27.3,61.7,0.990
542,-1,1030.6,295.1,18.5,57.4,0.984
542,-1,227.3,284.6,31.4,93.4,0.982
542,-1,896.4,306.2,45.0,100.2,0.980
542,-1,937.4,317.8,38.7,88.7,0.979
542,-1,1642.0,233.8,55.6,157.0,0.971
542,-1,605.7,296.0,19.0,49.7,0.959
542,-1,614.6,297.2,15.1,48.1,0.939
542,-1,666.5,300.3,12.7,32.8,0.920
542,-1,641.9,297.4,11.0,37.5,0.914
542,-1,1053.2,301.1,22.7,50.3,0.898
542,-1,651.3,296.3,12.1,38.1,0.889
542,-1,600.2,297.6,16.0,46.9,0.843
542,-1,145.4,281.7,49.5,176.5,0.700
542,-1,978.8,297.5,11.2,25.6,0.626
542,-1,646.6,297.5,11.8,37.7,0.589
542,-1,1570.5,230.3,49.4,162.3,0.525
542,-1,977.7,297.3,15.5,57.2,0.386
542,-1,510.9,320.3,29.5,78.7,0.364
542,-1,924.7,318.1,30.8,87.0,0.297
542,-1,956.5,305.9,25.6,68.4,0.280
542,-1,982.8,295.9,11.7,28.2,0.225
542,-1,1275.5,287.8,23.2,96.2,0.219
542,-1,959.0,305.2,20.7,35.3,0.216
542,-1,1595.0,244.5,40.0,94.4,0.190
542,-1,1537.0,231.5,55.0,79.5,0.187
542,-1,657.1,298.9,12.3,35.1,0.176
542,-1,205.5,282.4,17.7,34.4,0.176
542,-1,983.0,295.3,14.5,46.2,0.172
542,-1,964.5,302.7,24.5,61.6,0.140
542,-1,972.3,318.9,17.9,56.5,0.105
542,-1,757.1,303.0,13.5,41.5,0.104
542,-1,958.3,297.5,17.9,25.1,0.097
542,-1,214.5,285.5,37.2,137.4,0.087
542,-1,631.6,296.8,12.9,35.7,0.069
542,-1,1530.0,235.0,56.6,129.3,0.063
542,-1,907.4,309.2,32.8,55.7,0.057
543,-1,136.6,263.5,101.7,193.6,0.998
543,-1,849.7,280.2,51.7,157.1,0.998
543,-1,768.8,270.4,52.3,164.3,0.998
543,-1,1123.8,281.1,44.1,138.1,0.997
543,-1,683.2,288.8,38.9,105.9,0.997
543,-1,1336.9,218.5,82.7,356.2,0.996
543,-1,1383.6,204.8,132.8,413.4,0.996
543,-1,1000.0,289.5,25.8,67.9,0.995
543,-1,1166.2,279.6,40.5,109.7,0.995
543,-1,1031.5,289.6,18.2,57.9,0.986
543,-1,937.6,312.9,37.9,89.3,0.984
543,-1,221.5,282.7,29.4,87.2,0.977
543,-1,612.4,291.1,16.1,50.5,0.974
543,-1,897.3,304.9,42.8,97.1,0.973
543,-1,725.2,296.7,28.4,63.0,0.968
543,-1,1642.8,230.2,58.7,156.4,0.966
543,-1,602.0,293.1,19.9,48.4,0.959
543,-1,1053.2,295.4,22.9,52.7,0.936
543,-1,665.6,295.4,12.6,33.4,0.929
543,-1,650.5,291.6,11.7,38.9,0.880
543,-1,641.5,293.4,10.8,37.8,0.866
543,-1,645.1,291.9,12.6,40.0,0.579
543,-1,979.4,292.1,10.8,25.4,0.531
543,-1,976.9,290.7,17.2,60.2,0.508
543,-1,1275.3,281.5,23.8,95.0,0.495
543,-1,1592.4,236.2,45.8,151.9,0.420
543,-1,656.5,292.9,10.1,36.3,0.415
543,-1,961.7,311.8,25.5,59.6,0.397
543,-1,134.8,276.7,37.8,180.3,0.383
543,-1,1164.6,287.0,23.9,92.3,0.371
543,-1,1571.8,227.8,49.5,158.0,0.366
543,-1,506.5,317.5,31.4,78.0,0.351
543,-1,951.0,297.2,30.7,70.4,0.342
543,-1,916.5,308.5,28.0,93.5,0.325
543,-1,954.8,295.8,24.4,42.3,0.287
543,-1,1540.3,226.8,42.6,73.7,0.272
543,-1,956.9,290.4,16.6,22.5,0.212
543,-1,982.4,290.5,12.3,28.1,0.199
543,-1,197.6,277.8,19.2,38.5,0.179
543,-1,958.7,292.9,18.1,30.3,0.160
543,-1,965.2,296.5,14.2,30.9,0.106
543,-1,953.1,294.8,18.7,31.3,0.094
543,-1,1603.6,235.4,39.5,94.0,0.065
543,-1,757.3,299.3,13.5,41.3,0.054
544,-1,1338.3,219.5,78.9,356.4,0.999
544,-1,848.9,278.5,50.1,159.8,0.998
544,-1,1382.6,199.8,128.7,412.7,0.998
544,-1,132.4,265.6,101.9,191.8,0.998
544,-1,768.2,271.2,52.0,163.8,0.998
544,-1,680.9,285.6,45.5,109.2,0.997
544,-1,1121.8,282.8,46.8,136.1,0.997
544,-1,1164.0,277.3,42.9,111.8,0.996
544,-1,998.3,289.0,25.4,67.7,0.994
544,-1,219.4,283.2,30.8,86.8,0.988
544,-1,727.5,297.4,27.2,61.9,0.983
544,-1,937.3,312.6,38.1,87.8,0.983
544,-1,895.1,305.4,42.8,93.8,0.981
544,-1,1031.2,288.1,18.6,58.4,0.981
544,-1,611.4,290.0,15.8,51.0,0.967
544,-1,599.4,293.8,17.1,46.5,0.961
544,-1,663.6,291.3,15.5,42.6,0.953
544,-1,1053.1,294.3,21.9,52.5,0.932
544,-1,637.0,289.0,15.3,43.2,0.906
544,-1,1646.2,225.0,56.3,160.6,0.904
544,-1,649.5,289.9,11.7,39.7,0.853
544,-1,945.9,291.6,32.9,36.8,0.697
544,-1,1354.2,208.6,108.0,387.6,0.613
544,-1,504.5,317.1,31.8,78.0,0.613
544,-1,188.6,273.8,24.9,45.8,0.574
544,-1,978.0,289.7,10.7,26.7,0.517
544,-1,948.6,291.0,31.3,76.3,0.448
544,-1,969.9,318.4,18.8,52.0,0.388
544,-1,129.2,283.0,36.5,171.3,0.378
544,-1,923.1,311.2,31.2,89.3,0.323
544,-1,1569.5,230.5,51.6,157.3,0.289
544,-1,976.6,290.6,15.7,58.0,0.208
544,-1,1587.7,233.5,49.8,154.4,0.199
544,-1,190.1,276.6,32.7,74.5,0.190
544,-1,657.4,290.9,11.8,37.5,0.155
544,-1,1268.1,276.5,32.0,118.4,0.139
544,-1,964.6,293.6,14.4,30.3,0.121
544,-1,720.8,299.5,19.5,56.4,0.108
544,-1,1537.2,223.4,50.3,97.2,0.103
544,-1,984.5,288.5,13.1,28.4,0.080
544,-1,755.4,297.8,14.4,41.0,0.078
544,-1,946.7,295.7,19.2,28.4,0.062
544,-1,182.4,271.8,49.7,103.7,0.059
545,-1,1342.0,217.5,75.6,354.1,0.999
545,-1,1387.0,196.4,119.6,409.5,0.998
545,-1,767.1,269.6,51.8,165.1,0.998
545,-1,130.1,264.1,102.9,188.5,0.997
545,-1,848.3,277.2,50.0,161.2,0.997
545,-1,1120.6,282.8,47.4,133.9,0.996
545,-1,683.9,284.3,42.2,108.2,0.996
545,-1,1164.3,275.6,42.3,119.5,0.995
545,-1,998.0,287.5,26.3,68.9,0.991
545,-1,215.1,281.5,31.6,86.7,0.983
545,-1,662.6,288.6,15.5,41.4,0.983
545,-1,936.6,311.0,39.7,89.6,0.982
545,-1,894.6,304.7,43.4,92.8,0.978
545,-1,1031.5,286.9,18.3,58.6,0.969
545,-1,727.4,296.0,27.7,61.7,0.967
545,-1,613.1,290.0,14.7,49.6,0.963
545,-1,1053.4,293.0,22.6,53.5,0.961
545,-1,1648.4,224.4,56.8,157.6,0.956
545,-1,600.4,291.4,17.7,47.6,0.915
545,-1,641.0,292.2,10.6,36.4,0.827
545,-1,648.4,289.7,11.5,38.7,0.791
545,-1,506.8,314.6,31.1,79.4,0.701
545,-1,949.3,292.5,32.7,74.8,0.609
545,-1,184.7,274.1,29.4,51.0,0.522
545,-1,978.7,289.0,11.4,26.6,0.404
545,-1,125.1,264.7,53.9,188.3,0.354
545,-1,1274.3,280.3,26.1,113.1,0.336
545,-1,924.0,311.8,31.7,86.2,0.324
545,-1,185.0,276.8,36.4,76.4,0.275
545,-1,946.5,290.3,31.8,39.5,0.272
545,-1,122.9,286.5,33.6,169.7,0.243
545,-1,963.8,302.7,24.7,69.1,0.219
545,-1,961.0,293.8,17.5,35.3,0.204
545,-1,652.7,290.5,11.2,37.1,0.143
545,-1,974.1,297.7,17.7,64.2,0.113
545,-1,949.4,289.6,20.7,30.4,0.098
545,-1,657.6,291.6,11.4,36.0,0.097
545,-1,674.8,294.4,17.5,52.5,0.088
545,-1,1284.5,276.2,19.5,99.1,0.075
545,-1,983.9,287.8,13.3,27.1,0.066
545,-1,1592.3,235.8,48.3,149.3,0.055
546,-1,1345.5,214.2,80.3,358.7,0.999
546,-1,767.2,270.2,52.6,165.2,0.999
546,-1,1387.6,193.8,122.4,420.5,0.998
546,-1,847.4,275.8,47.2,161.3,0.998
546,-1,1168.8,278.2,36.4,112.8,0.997
546,-1,1121.1,281.7,48.5,135.5,0.997
546,-1,684.5,285.7,42.5,109.9,0.996
546,-1,120.2,264.6,103.4,195.7,0.995
546,-1,998.8,287.8,27.0,68.1,0.994
546,-1,213.7,283.5,35.9,85.7,0.994
546,-1,1031.7,287.6,19.0,59.2,0.988
546,-1,937.9,311.4,37.9,89.0,0.987
546,-1,892.5,301.3,46.8,99.5,0.980
546,-1,728.0,296.0,26.5,61.1,0.976
546,-1,1647.7,222.1,59.5,165.6,0.971
546,-1,611.8,288.1,16.3,52.4,0.967
546,-1,599.4,291.5,20.2,48.2,0.946
546,-1,1053.8,292.3,22.6,53.4,0.931
546,-1,664.6,291.4,12.4,36.4,0.909
546,-1,640.6,292.1,11.2,37.1,0.823
546,-1,648.2,289.5,12.1,39.9,0.801
546,-1,506.3,318.1,31.2,76.9,0.791
546,-1,179.8,272.9,30.6,54.5,0.750
546,-1,1578.1,225.8,53.0,155.6,0.656
546,-1,1273.3,276.3,27.1,111.0,0.610
546,-1,978.8,290.7,11.2,25.3,0.479
546,-1,912.5,308.2,30.5,91.5,0.472
546,-1,950.0,289.7,27.6,36.7,0.392
546,-1,118.1,297.4,33.7,162.9,0.390
546,-1,948.1,292.3,31.5,70.5,0.375
546,-1,1589.3,222.8,50.9,109.8,0.334
546,-1,1541.5,219.4,49.8,89.6,0.323
546,-1,644.5,291.4,10.6,37.1,0.318
546,-1,963.3,293.6,14.8,29.7,0.287
546,-1,656.8,289.6,12.4,38.8,0.217
546,-1,180.5,277.2,43.2,97.2,0.180
546,-1,1118.0,301.2,16.0,58.5,0.123
546,-1,961.8,306.6,21.6,63.2,0.123
546,-1,982.7,288.4,12.9,27.2,0.102
546,-1,952.9,291.6,17.4,27.8,0.100
546,-1,976.9,296.9,17.0,63.9,0.097
546,-1,1537.1,220.7,57.6,154.4,0.076
546,-1,976.8,290.6,15.7,42.1,0.071
546,-1,946.6,294.0,18.5,26.3,0.069
546,-1,971.0,309.9,19.9,59.4,0.067
546,-1,1286.9,276.8,18.4,77.5,0.062
547,-1,1351.5,214.6,77.4,369.7,0.999
547,-1,767.5,270.6,52.1,165.5,0.998
547,-1,115.9,266.6,106.8,193.4,0.998
547,-1,1164.9,279.4,42.5,114.4,0.998
547,-1,845.6,277.3,48.9,161.5,0.998
547,-1,1389.1,194.4,118.3,416.9,0.998
547,-1,1119.0,283.9,51.0,133.5,0.997
547,-1,684.0,288.5,43.3,108.7,0.996
547,-1,998.3,289.6,25.4,67.6,0.994
547,-1,212.7,287.3,32.5,87.3,0.993
547,-1,937.4,313.4,38.2,88.1,0.984
547,-1,1031.3,289.2,19.2,59.6,0.983
547,-1,894.9,304.3,42.2,97.0,0.979
547,-1,729.8,301.6,21.2,58.5,0.969
547,-1,1646.8,222.3,61.9,177.0,0.966
547,-1,1054.7,295.2,20.9,53.1,0.957
547,-1,612.3,292.1,15.1,49.3,0.950
547,-1,664.3,295.1,12.2,35.0,0.932
547,-1,599.8,293.3,19.1,48.0,0.908
547,-1,506.6,313.6,31.2,83.4,0.894
547,-1,648.5,292.3,12.3,38.7,0.855
547,-1,640.4,293.7,11.0,37.4,0.818
547,-1,1583.1,222.6,48.1,164.3,0.643
547,-1,1545.7,223.0,41.2,72.5,0.630
547,-1,174.3,272.8,32.1,55.0,0.612
547,-1,914.2,312.2,29.8,89.4,0.526
547,-1,644.2,292.0,12.1,39.6,0.515
547,-1,979.6,290.4,10.8,26.2,0.482
547,-1,950.1,290.0,27.7,40.8,0.432
547,-1,948.6,291.8,31.7,74.6,0.372
547,-1,967.3,315.7,20.8,55.7,0.331
547,-1,983.5,289.7,10.9,26.8,0.277
547,-1,169.8,267.2,46.6,94.9,0.234
547,-1,1276.1,279.4,25.6,110.6,0.217
547,-1,143.7,264.9,65.9,70.0,0.192
547,-1,655.4,290.9,11.3,37.8,0.167
547,-1,1568.7,219.9,49.1,97.9,0.167
547,-1,112.6,282.4,38.0,178.3,0.155
547,-1,923.1,311.3,35.2,86.5,0.099
547,-1,946.6,296.0,16.4,27.0,0.088
547,-1,963.0,292.5,15.6,32.6,0.088
547,-1,930.6,297.5,16.3,24.2,0.075
547,-1,976.8,291.4,15.3,48.0,0.074
547,-1,951.6,291.6,18.0,28.6,0.065
547,-1,927.9,299.5,20.8,40.8,0.059
547,-1,495.1,326.4,29.7,68.7,0.058
547,-1,142.8,267.8,74.8,129.2,0.056
547,-1,717.1,299.1,20.0,55.9,0.054
547,-1,1542.5,222.6,50.4,135.2,0.052
547,-1,910.3,304.8,29.4,50.5,0.051
548,-1,1355.9,219.9,83.5,371.5,0.999
548,-1,102.9,267.2,108.7,199.6,0.998
548,-1,764.2,271.8,54.9,167.5,0.998
548,-1,843.1,279.7,48.3,159.3,0.997
548,-1,1401.4,195.8,131.1,428.3,0.997
548,-1,683.9,289.8,44.1,108.6,0.997
548,-1,1116.1,286.8,50.4,129.9,0.996
548,-1,1164.4,279.7,44.0,115.2,0.995
548,-1,997.7,291.3,25.7,67.3,0.991
548,-1,205.4,292.5,35.6,80.1,0.985
548,-1,1030.4,291.7,20.4,60.0,0.975
548,-1,893.8,306.0,42.1,98.0,0.973
548,-1,1652.8,220.9,62.1,176.2,0.967
548,-1,664.6,297.8,11.3,35.2,0.938
548,-1,597.8,294.2,24.2,50.8,0.935
548,-1,936.9,316.3,39.1,88.6,0.934
548,-1,728.7,299.6,23.3,62.6,0.932
548,-1,1053.6,297.0,21.9,54.3,0.930
548,-1,155.6,270.0,41.0,60.8,0.867
548,-1,639.6,296.7,11.4,37.5,0.833
548,-1,611.0,295.7,15.6,49.9,0.793
548,-1,647.6,295.7,11.5,37.8,0.767
548,-1,505.5,319.6,28.0,80.8,0.468
548,-1,945.0,294.4,33.8,54.0,0.403
548,-1,979.5,290.4,14.4,28.9,0.378
548,-1,918.3,308.2,30.3,96.3,0.299
548,-1,201.4,290.8,24.1,78.8,0.278
548,-1,100.4,294.2,37.1,174.8,0.273
548,-1,153.1,272.0,57.6,123.7,0.193
548,-1,984.2,291.0,15.2,29.1,0.170
548,-1,653.0,295.8,11.7,37.1,0.154
548,-1,667.4,298.0,14.2,35.5,0.153
548,-1,1702.6,281.9,62.5,100.7,0.130
548,-1,978.6,291.4,20.2,61.9,0.112
548,-1,1600.7,235.0,45.6,107.8,0.111
548,-1,747.9,295.9,18.3,49.8,0.110
548,-1,972.0,295.2,19.7,78.0,0.103
548,-1,945.7,295.6,23.3,29.0,0.088
548,-1,927.4,301.7,23.7,40.9,0.080
548,-1,962.2,296.0,16.9,33.4,0.076
548,-1,1272.2,260.4,32.8,143.8,0.069
548,-1,357.0,294.9,51.8,108.3,0.057
548,-1,961.5,298.5,23.2,76.4,0.057
548,-1,679.3,294.8,13.3,40.9,0.051
549,-1,1355.6,220.2,81.1,364.8,0.999
549,-1,757.1,271.3,59.3,164.4,0.998
549,-1,100.1,268.4,109.8,191.8,0.997
549,-1,1167.9,283.6,42.4,116.0,0.996
549,-1,1400.8,196.0,130.8,433.6,0.996
549,-1,684.4,291.1,43.4,107.7,0.995
549,-1,840.0,279.8,54.0,163.0,0.995
549,-1,1118.0,282.1,49.4,136.9,0.993
549,-1,997.7,292.3,24.9,68.5,0.982
549,-1,198.0,288.9,39.6,85.2,0.981
549,-1,1653.4,215.0,62.3,184.8,0.970
549,-1,893.8,302.9,46.3,103.7,0.969
549,-1,1030.6,292.4,23.1,59.6,0.964
549,-1,935.9,317.4,40.9,86.8,0.914
549,-1,594.9,294.5,28.7,55.4,0.876
549,-1,1052.5,297.5,24.1,54.0,0.861
549,-1,725.1,301.5,24.3,64.5,0.826
549,-1,148.3,268.7,43.5,58.8,0.757
549,-1,657.7,279.5,20.2,54.5,0.461
549,-1,944.1,300.7,39.6,80.9,0.455
549,-1,639.5,291.8,16.7,44.1,0.433
549,-1,957.4,296.6,20.5,37.3,0.283
549,-1,921.2,310.6,29.8,93.9,0.273
549,-1,1594.3,229.3,52.9,156.3,0.263
549,-1,730.4,328.9,15.6,38.7,0.236
549,-1,610.4,296.8,16.9,50.8,0.233
549,-1,977.5,292.2,16.0,28.0,0.216
549,-1,969.8,294.6,22.4,74.9,0.214
549,-1,1044.5,298.2,23.5,52.9,0.182
549,-1,976.3,291.1,18.7,60.8,0.169
549,-1,174.1,290.5,55.6,108.7,0.146
549,-1,150.9,270.3,61.0,104.9,0.141
549,-1,926.1,303.4,24.9,42.6,0.121
549,-1,648.4,286.1,13.6,49.4,0.104
549,-1,946.3,302.7,26.4,31.4,0.102
549,-1,720.8,278.9,37.4,86.9,0.101
549,-1,981.7,291.7,19.0,53.8,0.100
549,-1,668.5,298.6,14.6,36.4,0.091
549,-1,1583.2,225.1,58.5,103.1,0.085
549,-1,1155.1,298.7,14.9,51.5,0.082
549,-1,983.0,291.1,23.5,27.9,0.077
549,-1,677.8,289.4,13.9,43.0,0.057
549,-1,578.6,294.8,27.5,60.8,0.056
550,-1,1359.3,221.3,87.5,366.9,0.999
550,-1,764.7,271.3,55.8,167.2,0.998
550,-1,92.9,270.4,110.6,197.8,0.997
550,-1,843.8,279.8,50.1,163.2,0.997
550,-1,1408.7,194.7,126.6,431.2,0.997
550,-1,686.5,289.6,44.3,109.8,0.997
550,-1,1119.3,285.3,51.9,135.0,0.997
550,-1,1168.2,284.8,46.1,115.8,0.996
550,-1,999.3,292.6,28.5,69.3,0.992
550,-1,898.3,307.0,41.1,100.6,0.987
550,-1,202.4,291.5,32.9,84.1,0.987
550,-1,1034.0,294.3,18.2,57.9,0.983
550,-1,730.4,307.6,23.2,58.4,0.978
550,-1,1656.0,225.6,62.9,170.8,0.968
550,-1,935.5,318.3,41.2,88.2,0.953
550,-1,665.5,298.1,12.7,38.4,0.948
550,-1,598.6,295.6,25.8,52.0,0.943
550,-1,612.0,295.3,16.7,52.0,0.925
550,-1,1057.3,300.9,20.9,50.3,0.922
550,-1,648.4,299.6,12.0,37.6,0.903
550,-1,640.1,298.8,11.6,38.1,0.883
550,-1,503.3,322.6,32.2,80.2,0.723
550,-1,149.7,272.0,41.2,60.3,0.667
550,-1,1587.5,223.0,64.8,152.0,0.543
550,-1,924.7,319.0,36.1,87.0,0.368
550,-1,980.5,295.0,14.5,27.3,0.313
550,-1,1581.9,222.5,54.7,97.9,0.305
550,-1,958.2,301.3,22.5,36.0,0.302
550,-1,963.3,300.5,14.6,28.7,0.285
550,-1,956.8,302.4,26.1,69.5,0.256
550,-1,148.4,270.4,51.8,105.4,0.246
550,-1,763.4,297.2,14.8,67.2,0.241
550,-1,978.6,296.1,17.6,56.0,0.224
550,-1,680.4,297.7,14.0,52.9,0.171
550,-1,972.2,310.9,20.3,64.1,0.127
550,-1,1551.4,226.8,44.0,90.9,0.119
550,-1,661.1,299.4,13.2,36.2,0.106
550,-1,672.5,298.0,14.3,38.8,0.091
550,-1,946.9,300.4,26.9,34.1,0.071
550,-1,354.2,301.1,54.0,100.9,0.068
550,-1,656.4,297.3,12.7,38.5,0.057
550,-1,913.2,309.5,28.7,74.6,0.054
551,-1,1359.7,216.7,89.4,371.4,1.000
551,-1,764.2,271.3,56.6,166.4,0.998
551,-1,841.6,277.2,52.3,165.8,0.998
551,-1,91.1,265.7,107.7,197.0,0.997
551,-1,687.0,287.7,44.7,111.2,0.997
551,-1,1402.2,191.7,131.9,435.8,0.996
551,-1,1167.6,282.7,47.5,114.3,0.995
551,-1,1119.2,283.2,48.4,135.4,0.995
551,-1,1000.2,290.4,26.1,70.7,0.993
551,-1,195.4,288.5,39.7,86.1,0.982
551,-1,892.3,302.3,48.8,104.4,0.975
551,-1,1033.0,291.8,19.2,60.2,0.972
551,-1,941.3,318.4,40.3,88.3,0.965
551,-1,1657.8,223.6,61.4,169.5,0.963
551,-1,596.9,296.9,28.0,50.8,0.950
551,-1,728.1,302.8,23.4,61.5,0.926
551,-1,1057.9,297.8,20.0,52.8,0.925
551,-1,639.5,295.6,16.5,40.1,0.886
551,-1,665.0,298.5,12.3,36.2,0.867
551,-1,1587.1,222.2,56.6,165.3,0.772
551,-1,611.8,297.2,16.3,49.3,0.707
551,-1,144.2,269.6,51.9,84.7,0.682
551,-1,1552.5,223.8,43.5,80.2,0.586
551,-1,646.6,295.4,13.0,39.3,0.542
551,-1,1582.5,217.5,56.2,101.6,0.391
551,-1,979.6,293.2,11.9,27.8,0.374
551,-1,958.3,298.8,26.9,71.5,0.273
551,-1,1608.7,225.3,44.8,110.0,0.267
551,-1,963.7,297.6,16.5,35.1,0.251
551,-1,916.5,307.2,28.5,98.5,0.239
551,-1,978.6,292.5,18.0,60.7,0.223
551,-1,1156.6,293.6,15.4,55.1,0.196
551,-1,760.8,296.7,14.7,66.3,0.182
551,-1,738.5,294.2,29.0,67.5,0.179
551,-1,681.4,295.6,14.0,56.5,0.179
551,-1,958.3,297.2,15.6,30.3,0.178
551,-1,653.7,296.2,13.2,38.5,0.176
551,-1,970.8,311.2,21.1,61.2,0.174
551,-1,666.3,296.7,19.4,41.1,0.170
551,-1,1545.8,224.6,61.8,113.9,0.148
551,-1,747.2,296.1,18.7,49.9,0.127
551,-1,149.2,274.0,57.4,122.7,0.085
551,-1,738.1,284.2,20.1,27.9,0.073
551,-1,727.1,279.3,19.2,33.9,0.070
551,-1,1718.7,237.7,69.6,91.5,0.059
551,-1,929.0,301.0,22.1,40.4,0.055
551,-1,753.1,298.2,17.1,62.3,0.053
552,-1,1364.9,221.0,86.3,372.9,0.999
552,-1,762.5,272.3,57.7,167.9,0.998
552,-1,687.8,291.7,43.1,110.1,0.998
552,-1,843.1,281.5,50.6,163.2,0.998
552,-1,1413.7,194.9,120.3,438.5,0.997
552,-1,85.5,271.6,107.2,204.0,0.997
552,-1,1000.6,294.1,26.6,68.7,0.995
552,-1,1171.0,283.9,45.8,129.6,0.995
552,-1,1121.1,285.6,47.3,136.9,0.994
552,-1,196.3,292.0,34.4,85.0,0.989
552,-1,1034.1,294.9,20.2,60.1,0.984
552,-1,892.5,308.6,47.9,101.3,0.982
552,-1,938.4,320.3,39.5,88.1,0.973
552,-1,729.3,308.0,24.5,59.7,0.964
552,-1,1663.5,226.8,60.0,171.6,0.960
552,-1,1058.9,302.1,19.2,47.9,0.941
552,-1,596.9,301.3,25.8,49.1,0.933
552,-1,609.6,299.9,17.9,50.2,0.929
552,-1,144.3,273.2,41.7,66.2,0.911
552,-1,665.3,302.2,12.3,36.0,0.885
552,-1,646.6,299.6,13.0,38.6,0.803
552,-1,640.0,300.5,11.9,37.3,0.763
552,-1,962.1,304.5,19.0,34.4,0.394
552,-1,915.9,312.9,28.4,95.6,0.338
552,-1,981.2,297.1,13.1,25.4,0.286
552,-1,974.1,302.9,19.9,73.3,0.282
552,-1,959.6,304.9,29.2,71.6,0.273
552,-1,1585.9,230.2,56.6,102.8,0.247
552,-1,1618.8,235.7,40.3,112.3,0.241
552,-1,966.9,301.4,13.0,25.6,0.224
552,-1,142.5,274.1,49.1,147.1,0.220
552,-1,1599.6,232.3,53.7,156.1,0.192
552,-1,748.3,300.8,18.2,51.3,0.180
552,-1,757.0,301.8,15.4,67.4,0.177
552,-1,651.8,299.9,12.0,37.6,0.129
552,-1,682.0,298.7,14.6,56.2,0.123
552,-1,978.3,298.7,16.8,53.0,0.121
552,-1,672.8,301.9,13.7,36.7,0.114
552,-1,127.7,271.5,62.4,91.8,0.103
552,-1,1625.3,237.5,44.6,159.4,0.101
552,-1,1154.7,291.2,19.0,61.3,0.093
552,-1,658.0,297.7,13.8,40.4,0.087
552,-1,738.7,301.9,24.0,61.6,0.074
552,-1,727.1,285.6,36.6,81.7,0.070
552,-1,948.2,310.9,32.4,58.9,0.064
552,-1,83.1,286.9,51.8,189.0,0.057
552,-1,1712.2,287.0,65.0,108.0,0.052
553,-1,1364.5,218.3,91.1,383.9,1.000
553,-1,755.5,272.6,61.1,165.7,0.999
553,-1,1417.5,191.8,115.7,445.6,0.998
553,-1,1169.3,281.7,46.2,123.1,0.997
553,-1,840.0,279.2,47.0,162.6,0.997
553,-1,686.2,288.3,41.4,112.1,0.996
553,-1,67.2,268.0,109.4,203.1,0.996
553,-1,1117.1,284.6,51.1,134.9,0.993
553,-1,189.5,293.1,32.5,80.4,0.992
553,-1,997.2,290.6,26.2,68.2,0.989
553,-1,888.4,305.1,50.0,102.1,0.980
553,-1,1031.1,292.5,21.3,60.3,0.963
553,-1,936.3,317.9,38.3,87.9,0.957
553,-1,1665.0,225.2,58.0,171.2,0.952
553,-1,592.2,297.3,28.5,50.0,0.946
553,-1,604.8,296.7,19.0,50.4,0.920
553,-1,726.7,307.1,21.5,56.0,0.904
553,-1,1055.4,296.6,20.9,48.8,0.893
553,-1,661.7,299.0,12.9,34.1,0.836
553,-1,638.7,296.3,14.4,38.2,0.753
553,-1,130.0,275.6,47.8,106.3,0.721
553,-1,1597.9,227.7,52.7,159.2,0.324
553,-1,954.5,299.0,24.2,36.8,0.315
553,-1,977.8,294.4,14.1,25.3,0.292
553,-1,951.7,302.4,28.8,70.3,0.264
553,-1,743.5,300.0,18.9,56.3,0.249
553,-1,1593.0,225.5,50.1,101.4,0.235
553,-1,1154.1,293.8,15.1,59.6,0.222
553,-1,1614.0,232.1,44.2,124.0,0.218
553,-1,735.2,300.2,22.4,60.1,0.212
553,-1,914.8,315.1,30.8,91.1,0.192
553,-1,977.4,293.1,19.2,55.8,0.131
553,-1,678.3,296.5,12.1,37.9,0.130
553,-1,665.4,299.1,15.1,34.8,0.116
553,-1,1725.2,254.1,61.3,76.9,0.090
553,-1,963.1,313.8,24.7,60.0,0.089
553,-1,982.5,294.0,15.8,29.4,0.078
553,-1,653.2,292.5,12.4,40.3,0.068
554,-1,1366.2,214.3,95.8,381.3,1.000
554,-1,756.0,273.5,59.2,163.6,0.998
554,-1,1418.4,194.0,156.7,453.0,0.997
554,-1,688.7,287.8,38.5,108.9,0.997
554,-1,840.2,278.5,47.3,162.7,0.997
554,-1,63.6,266.7,109.8,201.5,0.996
554,-1,1169.3,279.0,47.3,133.5,0.996
554,-1,1116.9,285.1,52.3,132.0,0.994
554,-1,185.0,289.8,35.5,79.9,0.992
554,-1,997.7,288.6,25.8,69.9,0.990
554,-1,1665.9,221.9,60.6,167.8,0.979
554,-1,888.5,302.7,49.3,102.7,0.972
554,-1,1032.1,292.6,20.2,56.6,0.955
554,-1,937.7,315.8,37.8,87.8,0.939
554,-1,728.9,306.6,21.4,54.3,0.932
554,-1,593.0,295.1,23.5,47.7,0.929
554,-1,662.0,296.1,12.6,36.4,0.912
554,-1,1055.8,293.4,21.9,50.0,0.848
554,-1,128.2,275.0,45.1,107.3,0.845
554,-1,605.5,295.5,18.1,48.5,0.830
554,-1,638.8,295.5,14.9,38.2,0.705
554,-1,676.4,297.2,13.0,36.8,0.571
554,-1,749.0,298.2,14.7,53.0,0.440
554,-1,950.6,294.1,27.8,37.6,0.419
554,-1,1607.0,230.2,48.4,98.6,0.352
554,-1,978.8,291.2,15.4,27.0,0.288
554,-1,1155.0,293.6,13.9,59.6,0.248
554,-1,911.4,309.5,32.1,95.7,0.239
554,-1,734.3,299.1,22.6,58.5,0.207
554,-1,746.4,296.0,26.6,65.1,0.185
554,-1,924.4,312.2,35.6,92.3,0.178
554,-1,667.4,297.2,14.0,35.9,0.167
554,-1,1618.5,233.9,44.4,155.8,0.164
554,-1,976.9,292.8,17.8,53.8,0.164
554,-1,955.5,296.7,27.9,73.6,0.132
554,-1,1595.9,226.4,51.6,151.3,0.112
554,-1,1560.6,226.0,51.8,89.2,0.112
554,-1,98.0,267.1,71.2,80.5,0.092
554,-1,972.2,302.7,20.1,65.3,0.073
554,-1,753.7,306.9,16.1,47.8,0.072
554,-1,983.4,291.6,15.3,30.3,0.070
554,-1,725.3,296.7,18.3,52.1,0.058
555,-1,1369.0,209.8,94.1,383.3,1.000
555,-1,756.0,270.6,56.5,164.2,0.998
555,-1,52.0,263.8,113.8,209.4,0.998
555,-1,840.4,275.9,46.4,163.1,0.998
555,-1,1169.5,276.4,47.0,122.6,0.998
555,-1,688.4,286.6,39.4,107.8,0.998
555,-1,1422.6,190.0,148.2,457.3,0.997
555,-1,1115.2,280.4,50.9,137.1,0.996
555,-1,183.0,287.8,35.7,83.1,0.996
555,-1,996.5,284.0,26.8,70.8,0.994
555,-1,1666.5,215.9,61.4,173.3,0.984
555,-1,1031.3,289.9,19.8,57.7,0.983
555,-1,608.0,293.3,15.4,49.0,0.976
555,-1,887.6,299.7,51.3,103.2,0.975
555,-1,660.4,295.4,13.1,36.0,0.973
555,-1,127.1,274.8,38.4,80.9,0.962
555,-1,728.3,302.8,23.2,56.5,0.951
555,-1,937.5,312.5,36.8,90.7,0.951
555,-1,593.4,294.9,17.8,47.2,0.940
555,-1,642.7,293.1,12.6,39.6,0.940
555,-1,1054.0,293.5,22.9,52.7,0.935
555,-1,674.4,293.9,13.7,38.4,0.884
555,-1,635.3,293.9,11.6,38.1,0.849
555,-1,954.8,292.1,22.1,39.1,0.513
555,-1,952.9,291.9,26.0,77.5,0.484
555,-1,978.8,288.9,11.3,26.9,0.453
555,-1,1607.4,226.2,49.0,158.1,0.340
555,-1,976.1,288.9,19.9,56.8,0.308
555,-1,745.8,293.2,19.3,65.7,0.308
555,-1,1621.3,228.3,39.9,109.1,0.301
555,-1,921.5,309.3,34.9,94.3,0.263
555,-1,913.6,309.1,29.2,93.6,0.263
555,-1,963.8,305.3,24.9,65.6,0.228
555,-1,649.7,292.9,11.2,37.5,0.145
555,-1,947.1,291.7,18.3,27.8,0.123
555,-1,985.4,287.7,13.4,33.2,0.121
555,-1,1155.3,296.3,13.8,54.1,0.116
555,-1,669.6,296.7,13.5,34.0,0.114
555,-1,1557.5,227.1,50.0,165.0,0.107
555,-1,1598.3,217.7,48.8,98.6,0.104
555,-1,488.3,314.6,39.7,83.7,0.098
555,-1,719.6,291.3,15.0,57.6,0.096
555,-1,907.7,303.2,32.4,64.9,0.082
555,-1,943.4,297.1,19.8,31.1,0.080
555,-1,655.4,295.1,11.5,35.0,0.077
555,-1,341.7,297.7,45.3,106.1,0.066
555,-1,630.2,290.7,13.9,42.6,0.056
555,-1,1576.8,220.8,51.3,95.7,0.053
555,-1,333.3,303.1,35.4,97.1,0.052
555,-1,966.5,292.6,14.6,31.6,0.051
556,-1,1368.9,206.9,97.1,392.9,0.999
556,-1,751.8,270.3,56.6,163.7,0.998
556,-1,46.1,262.9,113.2,210.3,0.998
556,-1,839.3,277.0,49.0,163.1,0.997
556,-1,684.9,284.2,45.7,109.7,0.996
556,-1,1114.1,275.5,49.7,140.2,0.996
556,-1,1418.2,178.5,122.8,449.2,0.996
556,-1,1170.1,274.8,46.3,121.2,0.995
556,-1,176.7,284.3,37.8,87.5,0.992
556,-1,995.0,283.7,27.5,70.0,0.985
556,-1,1030.0,286.6,23.6,60.2,0.976
556,-1,886.6,297.4,49.8,103.6,0.966
556,-1,1667.9,213.3,59.3,176.5,0.956
556,-1,933.0,311.8,40.7,88.9,0.947
556,-1,1052.4,290.3,23.6,55.7,0.935
556,-1,605.7,290.4,15.5,50.5,0.935
556,-1,118.7,273.1,39.7,67.0,0.915
556,-1,592.6,290.4,24.0,50.9,0.873
556,-1,658.7,292.0,13.0,36.9,0.846
556,-1,723.2,302.5,25.6,52.8,0.839
556,-1,634.6,293.4,14.4,37.6,0.593
556,-1,952.5,289.3,29.4,79.0,0.423
556,-1,952.0,289.1,25.8,40.2,0.386
556,-1,971.3,287.4,22.9,66.5,0.377
556,-1,915.8,303.3,42.1,98.9,0.365
556,-1,491.8,315.7,32.0,83.1,0.360
556,-1,732.6,295.4,21.0,59.3,0.341
556,-1,641.4,292.2,12.7,38.7,0.340
556,-1,742.4,291.6,16.0,43.3,0.307
556,-1,746.4,299.7,17.3,66.1,0.270
556,-1,1616.3,226.2,44.7,116.3,0.240
556,-1,964.9,301.4,26.0,68.8,0.196
556,-1,963.5,289.8,17.9,36.3,0.158
556,-1,977.1,286.3,15.8,29.4,0.153
556,-1,670.2,291.6,12.2,38.1,0.109
556,-1,1154.5,300.9,16.0,49.5,0.099
556,-1,561.8,289.9,30.2,65.8,0.093
556,-1,1597.5,218.2,56.6,166.8,0.078
556,-1,1724.4,278.0,59.1,112.3,0.074
556,-1,924.1,296.9,23.6,49.3,0.067
556,-1,720.4,278.8,28.7,56.0,0.063
556,-1,981.8,285.4,18.9,43.2,0.057
557,-1,836.4,277.7,44.3,163.4,0.999
557,-1,1369.2,203.5,96.2,397.1,0.999
557,-1,746.1,270.4,58.9,164.3,0.998
557,-1,1424.5,178.7,135.1,467.2,0.997
557,-1,686.1,285.6,41.5,108.0,0.997
557,-1,1112.4,281.4,49.9,133.2,0.997
557,-1,32.5,262.7,120.3,213.4,0.996
557,-1,1168.4,272.5,49.0,130.6,0.995
557,-1,993.4,284.9,28.1,68.6,0.991
557,-1,169.7,285.6,39.6,86.4,0.989
557,-1,890.6,299.8,43.9,101.5,0.988
557,-1,1029.3,286.8,20.2,59.6,0.976
557,-1,931.4,310.2,39.5,91.2,0.973
557,-1,1667.3,215.6,58.0,173.2,0.972
557,-1,1050.7,292.6,22.6,53.2,0.964
557,-1,602.3,290.9,15.5,49.8,0.932
557,-1,656.6,291.3,12.1,37.6,0.928
557,-1,588.9,291.1,18.5,49.7,0.888
557,-1,113.9,276.8,37.1,71.5,0.871
557,-1,721.8,294.7,26.5,64.4,0.824
557,-1,671.2,291.1,13.2,40.3,0.806
557,-1,637.8,291.8,12.5,39.9,0.738
557,-1,631.3,291.8,12.6,39.3,0.662
557,-1,1612.1,222.4,46.1,107.7,0.472
557,-1,490.8,320.3,30.5,79.4,0.470
557,-1,1586.3,220.2,60.0,103.4,0.451
557,-1,955.8,292.1,14.5,34.7,0.419
557,-1,736.6,301.1,15.4,58.0,0.401
557,-1,111.9,270.6,44.1,168.1,0.334
557,-1,745.2,292.5,12.4,39.9,0.175
557,-1,974.7,287.1,10.5,25.2,0.159
557,-1,952.6,294.6,25.2,73.4,0.150
557,-1,739.8,293.1,13.2,43.8,0.146
557,-1,1559.9,232.7,46.4,159.9,0.146
557,-1,964.4,314.0,21.0,56.6,0.145
557,-1,949.9,292.0,23.5,44.5,0.139
557,-1,1200.8,284.3,16.4,67.6,0.129
557,-1,982.0,285.8,11.0,27.7,0.116
557,-1,731.4,295.6,17.7,46.2,0.099
557,-1,949.6,291.1,14.8,29.5,0.097
557,-1,1598.0,209.8,55.6,172.4,0.088
557,-1,914.2,308.7,26.0,93.0,0.088
557,-1,1624.8,229.3,38.6,149.7,0.086
557,-1,646.0,292.5,12.1,36.6,0.083
557,-1,941.2,296.2,16.7,31.2,0.077
557,-1,583.2,295.5,16.4,46.3,0.068
557,-1,970.1,290.6,18.7,59.2,0.059
558,-1,835.0,275.8,50.4,163.1,0.999
558,-1,1377.0,199.9,96.7,403.1,0.998
558,-1,1119.9,282.9,38.0,127.6,0.998
558,-1,745.9,269.2,55.6,164.6,0.998
558,-1,686.4,285.7,40.0,107.1,0.997
558,-1,1425.2,179.5,139.8,464.4,0.996
558,-1,1174.8,273.8,44.1,121.3,0.995
558,-1,17.0,261.7,123.5,221.0,0.994
558,-1,163.9,283.5,41.4,88.6,0.986
558,-1,993.8,283.1,27.5,69.7,0.982
558,-1,883.6,299.0,51.5,102.3,0.978
558,-1,1673.1,213.6,59.4,172.6,0.972
558,-1,931.6,308.9,39.4,90.7,0.965
558,-1,1028.5,284.5,21.9,62.3,0.963
558,-1,101.1,274.6,50.6,114.7,0.936
558,-1,719.5,291.9,27.4,67.1,0.935
558,-1,1050.3,289.9,23.8,55.5,0.929
558,-1,655.2,290.7,12.8,37.9,0.915
558,-1,601.4,291.3,16.0,48.5,0.887
558,-1,589.2,289.4,22.1,50.5,0.839
558,-1,634.9,291.4,15.0,39.7,0.762
558,-1,670.2,289.2,13.7,43.2,0.760
558,-1,486.5,317.1,31.7,81.2,0.711
558,-1,1598.6,213.4,58.4,166.3,0.665
558,-1,628.8,291.9,12.5,37.7,0.596
558,-1,102.4,275.7,35.1,58.8,0.500
558,-1,1561.1,214.1,51.2,104.4,0.485
558,-1,956.4,287.7,16.9,38.6,0.466
558,-1,953.7,291.2,31.0,78.4,0.349
558,-1,1592.8,209.2,53.3,106.3,0.344
558,-1,732.8,293.2,18.5,65.3,0.285
558,-1,1616.2,218.4,47.9,109.6,0.280
558,-1,964.1,312.1,22.9,56.2,0.266
558,-1,974.2,282.9,14.7,28.4,0.253
558,-1,640.5,291.0,12.8,39.2,0.159
558,-1,950.2,289.6,25.3,56.5,0.155
558,-1,971.8,284.4,20.5,58.6,0.149
558,-1,742.4,288.6,16.6,69.4,0.144
558,-1,657.7,291.3,20.3,39.7,0.126
558,-1,937.9,295.3,19.8,31.0,0.102
558,-1,915.8,309.5,24.7,90.1,0.082
558,-1,739.5,302.1,15.0,59.0,0.081
558,-1,1574.3,211.2,61.1,170.1,0.078
558,-1,583.3,299.6,16.4,42.3,0.075
558,-1,1145.3,288.3,19.7,57.7,0.073
558,-1,940.2,302.3,32.9,64.5,0.067
558,-1,949.1,289.4,19.7,36.2,0.062
559,-1,1379.8,201.1,94.5,401.9,0.999
559,-1,1432.1,177.5,126.3,475.1,0.999
559,-1,743.7,270.8,56.8,165.5,0.998
559,-1,833.4,279.0,48.3,162.9,0.998
559,-1,1113.1,281.0,48.2,131.8,0.998
559,-1,685.2,290.1,38.4,105.9,0.998
559,-1,12.6,263.1,120.2,219.9,0.996
559,-1,1174.4,274.8,45.1,122.9,0.996
559,-1,160.1,289.3,41.5,87.4,0.992
559,-1,881.8,299.9,52.3,103.2,0.980
559,-1,991.8,285.8,27.0,70.1,0.976
559,-1,1672.5,212.5,59.2,173.1,0.976
559,-1,925.1,309.6,45.7,94.4,0.959
559,-1,720.0,296.1,26.3,67.8,0.957
559,-1,654.6,295.4,12.8,36.2,0.950
559,-1,106.4,280.8,42.9,115.7,0.935
559,-1,1049.6,292.2,24.1,54.5,0.929
559,-1,1027.8,284.3,22.0,63.2,0.929
559,-1,599.5,293.7,15.8,50.2,0.910
559,-1,585.6,293.4,21.8,49.7,0.834
559,-1,96.7,278.0,33.1,64.4,0.794
559,-1,669.6,297.4,12.7,34.4,0.789
559,-1,635.4,294.7,13.0,38.1,0.779
559,-1,628.0,294.8,13.6,37.9,0.667
559,-1,1596.1,215.8,53.1,159.7,0.521
559,-1,950.4,292.4,22.0,37.8,0.323
559,-1,1563.4,214.8,49.5,110.6,0.298
559,-1,949.6,294.2,27.4,73.5,0.297
559,-1,974.3,287.7,13.8,26.8,0.271
559,-1,958.6,306.6,25.8,64.0,0.239
559,-1,1622.0,226.1,43.3,152.8,0.236
559,-1,1280.7,278.9,18.0,108.6,0.224
559,-1,735.0,302.5,15.1,61.2,0.172
559,-1,641.2,295.1,12.3,36.3,0.109
559,-1,1148.1,293.9,17.2,54.0,0.105
559,-1,123.3,301.1,25.3,95.6,0.093
559,-1,970.5,288.7,21.3,54.8,0.091
559,-1,912.5,317.6,26.5,85.0,0.087
559,-1,78.5,273.1,60.2,145.5,0.076
559,-1,965.1,299.1,23.2,57.1,0.065
559,-1,1275.6,210.2,25.8,185.5,0.058
559,-1,1568.1,220.7,50.1,172.7,0.054
559,-1,693.8,285.8,46.0,100.6,0.053
559,-1,951.8,289.0,19.1,24.3,0.050
560,-1,1382.8,203.9,94.0,402.6,0.999
560,-1,1436.0,177.1,119.5,469.2,0.999
560,-1,832.2,278.1,48.1,166.0,0.999
560,-1,741.5,272.0,54.0,165.8,0.998
560,-1,685.2,287.5,40.8,111.1,0.998
560,-1,1112.5,280.2,48.7,133.2,0.997
560,-1,1175.1,275.5,43.8,135.7,0.996
560,-1,5.4,264.0,120.1,211.0,0.992
560,-1,157.6,291.8,40.5,89.7,0.987
560,-1,993.3,288.5,26.3,69.4,0.984
560,-1,1674.2,216.6,59.3,172.6,0.979
560,-1,930.0,313.2,40.9,90.5,0.978
560,-1,883.8,302.7,49.7,101.3,0.976
560,-1,719.2,295.9,24.4,70.0,0.954
560,-1,654.2,295.9,11.9,37.7,0.948
560,-1,1027.6,285.5,21.9,64.8,0.942
560,-1,597.8,296.1,17.4,47.8,0.924
560,-1,1050.1,294.0,21.4,55.9,0.919
560,-1,116.0,287.5,29.2,104.6,0.888
560,-1,484.3,320.5,31.9,82.2,0.865
560,-1,96.8,280.5,42.8,116.8,0.856
560,-1,584.6,296.1,17.3,49.2,0.838
560,-1,90.6,279.0,34.6,91.8,0.808
560,-1,669.1,296.1,12.6,39.9,0.776
560,-1,634.4,295.5,12.5,38.8,0.758
560,-1,629.4,295.8,13.0,39.4,0.732
560,-1,1607.1,228.0,57.4,105.2,0.645
560,-1,592.0,295.2,17.7,48.9,0.481
560,-1,954.4,304.7,28.2,69.8,0.380
560,-1,728.8,303.4,17.0,63.6,0.269
560,-1,956.5,293.4,14.5,30.3,0.243
560,-1,735.4,302.5,15.7,68.2,0.225
560,-1,1729.4,279.6,64.1,100.2,0.204
560,-1,972.0,289.6,11.5,25.8,0.177
560,-1,581.1,301.1,14.9,44.7,0.150
560,-1,639.8,297.2,12.9,35.9,0.148
560,-1,906.8,306.7,30.6,97.8,0.136
560,-1,976.4,287.6,10.1,25.2,0.106
560,-1,979.4,289.3,11.6,26.9,0.090
560,-1,948.4,295.6,22.2,42.0,0.089
560,-1,1562.9,230.3,52.3,132.8,0.088
560,-1,1144.8,292.2,18.2,53.7,0.082
560,-1,920.6,311.2,30.2,92.2,0.080
560,-1,617.1,295.6,11.6,39.6,0.077
560,-1,945.2,295.9,15.3,28.9,0.076
560,-1,980.8,289.6,13.1,42.4,0.053
560,-1,1620.5,225.6,55.3,153.7,0.051
561,-1,1384.1,211.1,96.6,395.9,0.999
561,-1,1435.9,176.2,118.3,473.7,0.998
561,-1,739.8,272.5,56.3,167.7,0.998
561,-1,831.1,279.2,47.7,165.0,0.997
561,-1,684.4,292.0,42.6,108.1,0.996
561,-1,1112.1,280.9,48.5,136.7,0.995
561,-1,1175.5,277.1,43.8,115.9,0.995
561,-1,2.2,265.5,117.8,200.1,0.989
561,-1,993.5,290.4,26.8,68.5,0.982
561,-1,153.4,291.5,42.5,88.1,0.979
561,-1,882.1,304.3,50.8,103.3,0.971
561,-1,1026.8,289.4,24.0,62.8,0.957
561,-1,1047.5,295.6,26.3,54.5,0.957
561,-1,929.6,315.4,39.9,88.8,0.945
561,-1,88.1,280.7,46.1,118.3,0.939
561,-1,1674.6,219.5,62.5,164.1,0.936
561,-1,598.9,297.7,17.2,49.4,0.912
561,-1,108.1,283.0,32.6,112.5,0.828
561,-1,719.8,304.8,23.6,59.5,0.769
561,-1,583.6,296.4,29.1,50.2,0.502
561,-1,653.4,299.1,12.9,34.4,0.447
561,-1,1609.1,219.3,52.4,108.5,0.337
561,-1,949.1,295.7,24.8,38.2,0.256
561,-1,0.2,297.3,13.7,195.6,0.228
561,-1,909.9,317.6,32.1,89.2,0.214
561,-1,662.4,299.3,12.2,34.1,0.207
561,-1,669.8,299.2,12.5,34.4,0.168
561,-1,732.7,309.1,21.2,66.1,0.163
561,-1,967.3,292.1,23.1,26.2,0.141
561,-1,1565.2,214.7,64.3,103.4,0.140
561,-1,1143.7,292.6,19.2,55.4,0.135
561,-1,951.7,294.7,29.8,62.9,0.131
561,-1,0.7,269.0,32.5,211.1,0.129
561,-1,628.8,298.8,14.5,34.8,0.110
561,-1,2.3,261.9,117.9,416.8,0.095
561,-1,480.7,320.4,36.9,83.8,0.092
561,-1,970.6,292.0,22.1,56.9,0.082
561,-1,0.2,249.7,12.5,163.5,0.082
561,-1,0.0,266.2,23.3,351.8,0.077
561,-1,1564.1,220.8,56.0,184.4,0.071
561,-1,938.3,305.6,34.0,64.8,0.065
561,-1,636.6,297.7,12.3,36.8,0.056
562,-1,734.8,274.6,55.3,168.1,0.998
562,-1,682.0,293.0,45.6,109.8,0.998
562,-1,1383.8,206.3,97.2,399.5,0.998
562,-1,1433.8,176.7,123.8,473.1,0.998
562,-1,828.9,282.6,47.1,165.4,0.997
562,-1,1113.3,286.9,45.3,132.2,0.994
562,-1,1174.0,281.2,44.4,104.1,0.991
562,-1,0.0,269.6,113.8,203.5,0.987
562,-1,887.6,308.9,41.2,99.7,0.976
562,-1,82.5,281.6,56.2,115.8,0.969
562,-1,990.9,293.8,27.1,70.3,0.968
562,-1,147.9,294.4,43.3,87.1,0.947
562,-1,925.2,315.7,44.1,95.0,0.886
562,-1,1673.9,221.8,69.4,168.7,0.865
562,-1,1028.7,292.7,20.8,62.6,0.835
562,-1,718.8,304.4,20.1,66.1,0.728
562,-1,82.8,281.9,38.1,69.8,0.538
562,-1,1630.4,235.4,55.6,192.5,0.479
562,-1,106.1,288.8,36.4,100.5,0.476
562,-1,584.2,298.4,27.9,51.8,0.366
562,-1,1047.9,300.1,23.7,45.3,0.297
562,-1,145.5,289.8,57.9,133.1,0.256
562,-1,914.0,310.7,33.2,97.7,0.198
562,-1,1624.1,236.1,49.8,124.2,0.119
562,-1,0.1,245.0,28.5,222.5,0.112
562,-1,954.7,319.7,27.2,58.2,0.110
562,-1,0.0,287.6,13.7,187.6,0.105
562,-1,905.5,313.5,29.5,96.9,0.104
562,-1,0.0,254.6,16.8,85.8,0.100
562,-1,703.9,297.1,31.6,90.2,0.097
562,-1,729.3,303.2,19.1,68.7,0.086
562,-1,0.0,262.0,22.5,363.2,0.066
562,-1,1.2,271.9,110.6,400.7,0.052
562,-1,652.1,300.8,13.7,34.2,0.052
562,-1,660.2,302.7,13.5,31.5,0.052
563,-1,1397.7,207.9,96.2,418.7,0.999
563,-1,1177.4,286.1,55.7,107.0,0.998
563,-1,739.2,278.1,57.0,169.9,0.996
563,-1,1452.8,184.3,155.3,488.3,0.996
563,-1,834.8,286.9,47.4,166.3,0.995
563,-1,1117.0,292.2,46.9,131.6,0.994
563,-1,691.1,294.9,44.1,110.7,0.994
563,-1,0.0,271.6,107.0,204.4,0.990
563,-1,1678.4,225.4,67.2,167.3,0.973
563,-1,997.4,297.2,28.5,70.1,0.972
563,-1,892.4,311.8,42.3,101.0,0.968
563,-1,81.2,285.9,49.5,121.9,0.957
563,-1,154.1,298.6,42.2,87.0,0.943
563,-1,1034.4,299.9,21.2,58.1,0.923
563,-1,1054.8,303.1,26.2,48.1,0.897
563,-1,937.1,319.2,37.0,91.7,0.843
563,-1,109.2,291.3,29.4,94.3,0.534
563,-1,1624.5,238.6,53.8,155.8,0.421
563,-1,591.0,303.0,27.1,51.8,0.389
563,-1,0.0,249.0,26.4,231.4,0.344
563,-1,911.5,312.4,37.6,103.6,0.343
563,-1,977.5,301.1,17.3,24.7,0.215
563,-1,655.5,287.2,15.9,52.4,0.214
563,-1,724.1,288.8,20.0,85.3,0.207
563,-1,977.1,300.9,19.6,53.6,0.206
563,-1,721.5,285.2,20.9,48.8,0.199
563,-1,603.6,304.9,15.8,48.7,0.192
563,-1,665.6,307.5,13.9,32.6,0.190
563,-1,1146.6,300.8,21.2,52.3,0.167
563,-1,0.2,278.8,10.8,205.0,0.123
563,-1,1040.3,300.1,29.3,56.8,0.118
563,-1,0.1,243.4,17.0,175.1,0.118
563,-1,945.7,305.2,31.6,72.7,0.112
563,-1,631.8,303.6,17.5,38.6,0.111
563,-1,967.1,309.4,24.8,66.8,0.101
563,-1,948.9,307.1,27.5,32.9,0.083
563,-1,732.1,301.6,16.9,73.0,0.077
563,-1,584.2,316.4,26.9,38.5,0.064
563,-1,154.7,293.5,64.0,133.7,0.060
563,-1,1639.3,235.6,83.7,164.0,0.058
563,-1,1613.9,229.6,58.3,111.2,0.056
563,-1,962.1,305.7,18.9,32.2,0.054
563,-1,0.0,277.2,105.0,403.0,0.052
564,-1,744.7,284.3,55.7,165.8,0.998
564,-1,1403.4,206.5,102.7,420.7,0.997
564,-1,697.7,299.2,43.2,110.5,0.997
564,-1,1471.0,186.4,135.4,490.1,0.997
564,-1,839.4,287.3,50.3,169.2,0.996
564,-1,1121.7,292.1,48.9,134.4,0.995
564,-1,0.0,275.7,106.9,209.6,0.994
564,-1,1184.4,289.3,54.2,113.5,0.990
564,-1,81.2,291.0,49.0,124.2,0.987
564,-1,161.5,302.4,38.7,98.6,0.984
564,-1,1004.4,300.6,24.8,67.8,0.981
564,-1,893.0,313.7,50.6,105.1,0.976
564,-1,1041.2,301.7,22.3,61.2,0.924
564,-1,120.0,302.2,26.0,101.2,0.912
564,-1,941.3,328.8,39.4,88.2,0.903
564,-1,1692.6,226.0,65.5,153.6,0.843
564,-1,1060.1,313.9,23.4,46.8,0.744
564,-1,664.9,310.7,11.6,33.3,0.614
564,-1,604.1,306.8,21.3,51.2,0.440
564,-1,682.0,311.9,12.4,30.8,0.304
564,-1,731.5,311.0,20.3,66.1,0.253
564,-1,638.3,310.0,16.1,35.6,0.220
564,-1,103.3,297.8,35.7,107.5,0.203
564,-1,949.9,311.3,34.8,73.1,0.172
564,-1,1638.3,241.1,50.9,104.2,0.118
564,-1,0.0,330.6,10.5,157.5,0.087
564,-1,672.9,310.5,12.3,33.3,0.086
564,-1,120.0,302.3,23.0,53.7,0.080
564,-1,971.9,325.5,24.4,59.4,0.065
564,-1,956.4,309.7,26.2,35.4,0.060
564,-1,922.3,329.3,30.9,88.6,0.058
564,-1,1651.1,245.9,49.1,161.9,0.050
565,-1,1408.4,209.3,104.9,421.7,0.998
565,-1,745.7,287.2,57.1,164.9,0.998
565,-1,1474.9,187.0,128.4,494.6,0.998
565,-1,839.2,286.6,56.3,170.8,0.997
565,-1,1120.8,292.3,52.1,134.8,0.994
565,-1,1185.7,285.7,61.4,118.7,0.993
565,-1,0.1,275.7,104.4,211.8,0.993
565,-1,701.0,299.8,46.2,110.2,0.993
565,-1,77.3,289.6,56.9,127.2,0.985
565,-1,165.7,301.3,34.9,95.7,0.981
565,-1,1007.0,299.1,27.7,71.7,0.975
565,-1,893.6,315.3,52.0,102.8,0.943
565,-1,1697.0,224.9,66.5,149.1,0.934
565,-1,944.0,317.6,47.5,102.6,0.881
565,-1,1055.2,301.2,35.6,64.7,0.869
565,-1,122.3,297.5,25.8,104.8,0.807
565,-1,594.9,310.5,34.7,47.6,0.748
565,-1,1045.7,293.1,27.3,68.5,0.670
565,-1,611.7,312.1,19.4,46.0,0.656
565,-1,641.3,313.4,18.0,36.1,0.543
565,-1,681.6,312.5,15.8,35.1,0.501
565,-1,666.0,310.6,15.5,37.3,0.451
565,-1,928.4,321.9,35.8,95.3,0.363
565,-1,736.2,315.5,16.1,54.1,0.312
565,-1,1644.0,237.7,53.2,155.0,0.242
565,-1,965.6,316.1,34.5,89.1,0.172
565,-1,485.7,334.4,43.5,85.5,0.155
565,-1,659.0,307.8,15.7,40.3,0.147
565,-1,986.8,297.2,22.5,68.9,0.145
565,-1,315.0,305.4,58.4,120.4,0.104
565,-1,104.4,299.1,35.6,111.3,0.104
565,-1,1141.9,302.6,34.5,112.0,0.091
565,-1,1117.2,314.1,20.7,61.4,0.087
565,-1,122.0,299.7,22.4,56.0,0.077
565,-1,935.7,313.1,28.6,50.3,0.070
565,-1,952.4,304.9,30.3,66.4,0.067
565,-1,988.4,297.8,20.1,33.9,0.061
565,-1,1661.7,227.4,89.3,198.5,0.061
565,-1,593.6,306.2,20.5,35.0,0.056
565,-1,586.7,314.2,23.0,56.4,0.052
566,-1,1420.1,213.9,102.0,423.7,1.000
566,-1,1475.2,186.5,131.2,499.9,0.998
566,-1,753.2,288.8,51.0,165.4,0.998
566,-1,1191.9,290.4,59.2,125.8,0.997
566,-1,1124.7,296.0,51.9,133.9,0.995
566,-1,845.9,294.1,49.2,162.8,0.995
566,-1,706.5,300.8,43.3,111.0,0.994
566,-1,0.8,280.7,105.0,205.0,0.991
566,-1,905.3,319.3,41.2,100.1,0.984
566,-1,1012.1,303.5,27.5,69.4,0.980
566,-1,1707.1,227.9,61.3,163.7,0.977
566,-1,165.8,302.6,39.7,100.6,0.975
566,-1,80.8,294.5,59.9,123.7,0.974
566,-1,947.9,329.8,38.5,91.2,0.946
566,-1,1068.7,307.8,25.4,55.6,0.867
566,-1,1050.2,305.4,19.8,57.8,0.742
566,-1,122.0,304.9,33.5,97.9,0.673
566,-1,1595.2,223.0,69.0,97.5,0.638
566,-1,1648.9,243.8,50.6,105.2,0.517
566,-1,617.2,309.8,15.0,50.3,0.501
566,-1,739.2,319.7,19.9,56.2,0.496
566,-1,1614.6,222.3,74.5,115.1,0.492
566,-1,972.2,322.3,30.1,65.4,0.303
566,-1,671.5,313.3,13.1,32.5,0.294
566,-1,606.5,304.7,24.5,55.8,0.263
566,-1,1056.7,312.6,18.2,47.6,0.233
566,-1,928.4,325.9,34.2,96.1,0.219
566,-1,688.6,313.0,12.1,30.7,0.205
566,-1,676.1,313.1,13.8,31.5,0.149
566,-1,1043.6,309.4,15.0,36.6,0.132
566,-1,644.5,310.2,16.5,37.7,0.122
566,-1,0.1,343.5,8.2,151.2,0.119
566,-1,0.0,269.9,20.9,162.0,0.109
566,-1,988.0,305.8,21.6,52.7,0.096
566,-1,1768.1,201.4,78.4,187.3,0.090
566,-1,1123.4,314.9,17.7,64.7,0.084
566,-1,652.5,309.8,11.7,39.0,0.084
566,-1,992.6,305.9,19.5,26.7,0.081
566,-1,683.1,313.6,11.4,31.0,0.079
566,-1,732.9,291.8,21.5,42.5,0.068
566,-1,725.2,306.3,31.5,93.8,0.060
567,-1,1429.4,213.1,103.8,422.7,1.000
567,-1,1194.5,287.2,63.1,125.8,0.998
567,-1,754.4,285.3,53.4,168.2,0.997
567,-1,711.0,299.7,45.4,112.7,0.996
567,-1,847.8,293.4,53.3,165.1,0.996
567,-1,1484.1,185.3,166.3,516.0,0.995
567,-1,1130.4,296.0,51.6,133.1,0.994
567,-1,0.1,279.8,104.2,211.3,0.988
567,-1,171.8,299.7,37.6,100.9,0.982
567,-1,911.2,319.8,41.3,99.9,0.979
567,-1,86.3,295.5,57.4,119.5,0.978
567,-1,1018.1,302.8,26.1,66.9,0.977
567,-1,1715.5,223.7,61.9,167.8,0.958
567,-1,947.9,325.9,46.3,96.1,0.953
567,-1,1052.7,302.1,21.5,60.5,0.922
567,-1,1073.1,307.5,27.0,49.1,0.817
567,-1,622.6,311.1,16.5,48.5,0.776
567,-1,130.9,307.0,32.4,96.5,0.737
567,-1,1059.1,301.6,28.4,60.1,0.470
567,-1,1659.9,244.0,49.3,107.5,0.469
567,-1,672.2,291.1,19.0,56.1,0.412
567,-1,935.5,329.6,31.7,92.0,0.276
567,-1,678.5,311.9,17.6,34.4,0.194
567,-1,604.1,309.1,27.6,49.9,0.187
567,-1,126.8,308.7,24.1,51.8,0.168
567,-1,1126.2,316.9,20.5,67.5,0.159
567,-1,742.2,309.2,21.5,66.7,0.152
567,-1,1128.6,305.2,25.9,89.9,0.146
567,-1,980.4,315.1,29.3,65.6,0.138
567,-1,1649.5,239.4,56.4,169.4,0.117
567,-1,1637.3,228.7,65.9,112.7,0.110
567,-1,991.8,304.3,24.9,59.2,0.107
567,-1,0.1,332.9,8.1,159.0,0.104
567,-1,979.1,309.8,21.1,37.2,0.092
567,-1,0.0,273.1,15.8,201.2,0.071
567,-1,120.0,310.6,33.7,89.5,0.069
567,-1,995.9,305.1,19.0,25.8,0.068
568,-1,1439.0,212.2,105.3,432.5,1.000
568,-1,760.3,284.8,51.2,165.6,0.998
568,-1,1498.4,179.1,161.6,526.4,0.998
568,-1,849.1,291.2,55.0,162.9,0.997
568,-1,175.1,302.4,29.5,98.0,0.997
568,-1,716.0,298.4,45.1,110.7,0.997
568,-1,68.5,292.6,75.4,130.0,0.996
568,-1,1203.3,286.0,62.9,126.3,0.996
568,-1,0.5,277.9,95.6,215.3,0.996
568,-1,1129.6,291.5,54.3,137.7,0.995
568,-1,1023.1,299.9,27.5,69.8,0.987
568,-1,909.0,312.2,48.9,109.4,0.986
568,-1,128.2,308.6,33.3,93.0,0.974
568,-1,626.4,308.8,17.4,48.4,0.951
568,-1,1727.7,221.7,62.5,171.7,0.944
568,-1,957.6,328.0,40.5,91.5,0.944
568,-1,680.8,308.0,12.8,37.8,0.934
568,-1,663.6,306.4,12.0,41.4,0.910
568,-1,1081.1,305.6,24.1,56.2,0.906
568,-1,652.1,308.7,11.3,37.6,0.874
568,-1,611.8,308.4,18.8,48.2,0.835
568,-1,1062.1,303.2,18.3,56.2,0.834
568,-1,697.6,310.1,11.4,34.0,0.702
568,-1,1641.8,226.4,72.7,116.9,0.592
568,-1,657.2,307.7,13.4,39.8,0.508
568,-1,983.8,305.8,18.3,35.9,0.461
568,-1,1609.8,223.4,58.1,95.0,0.427
568,-1,929.9,319.6,32.5,100.1,0.327
568,-1,503.1,342.5,34.0,72.9,0.324
568,-1,974.4,306.4,23.4,37.0,0.241
568,-1,940.9,321.4,43.9,99.8,0.229
568,-1,688.2,310.6,11.6,32.7,0.223
568,-1,1672.7,237.1,46.4,105.4,0.187
568,-1,1003.8,301.8,13.0,25.5,0.145
568,-1,1612.6,225.3,84.8,140.2,0.128
568,-1,920.6,313.5,38.3,50.3,0.126
568,-1,709.0,310.1,13.5,31.8,0.100
568,-1,634.0,311.0,12.0,38.8,0.099
568,-1,983.2,313.2,27.5,66.1,0.096
568,-1,750.2,314.9,17.6,58.2,0.084
568,-1,712.1,309.2,16.4,58.2,0.084
568,-1,117.2,350.1,22.4,53.7,0.081
568,-1,1634.6,224.2,78.8,215.0,0.076
568,-1,968.6,307.0,18.9,23.9,0.072
568,-1,669.4,302.6,13.8,43.4,0.067
568,-1,1005.6,302.9,15.9,31.8,0.056
568,-1,999.5,303.0,19.0,45.3,0.050
569,-1,1444.0,209.0,109.5,436.8,0.999
569,-1,760.6,284.3,52.3,165.5,0.998
569,-1,852.3,292.6,52.7,157.9,0.998
569,-1,1211.2,284.4,59.3,131.9,0.998
569,-1,718.7,299.9,38.6,106.4,0.997
569,-1,1517.8,182.1,129.0,525.4,0.997
569,-1,1132.4,293.1,53.6,133.7,0.996
569,-1,68.2,291.3,70.6,128.5,0.995
569,-1,175.6,301.8,29.5,97.5,0.993
569,-1,0.0,278.0,92.7,215.8,0.992
569,-1,1024.3,296.2,28.3,72.3,0.992
569,-1,911.5,314.0,49.3,104.3,0.986
569,-1,958.6,326.9,39.7,92.2,0.971
569,-1,128.1,307.3,33.7,95.2,0.969
569,-1,1731.0,218.8,65.5,182.0,0.962
569,-1,683.0,306.8,12.9,38.9,0.950
569,-1,626.8,309.1,18.0,47.1,0.939
569,-1,1063.3,299.2,18.5,60.6,0.932
569,-1,1084.0,304.0,23.4,57.4,0.918
569,-1,664.8,306.5,11.9,39.2,0.900
569,-1,654.1,307.8,11.2,37.8,0.875
569,-1,612.6,306.9,17.3,50.1,0.844
569,-1,698.4,309.1,10.8,35.9,0.788
569,-1,1647.8,222.3,65.7,117.6,0.589
569,-1,1620.6,218.3,70.0,103.8,0.505
569,-1,940.1,322.6,44.9,96.9,0.414
569,-1,1630.5,220.1,79.1,198.2,0.391
569,-1,985.4,307.9,18.4,37.8,0.341
569,-1,634.8,311.9,12.7,42.2,0.335
569,-1,992.6,329.6,22.0,56.5,0.333
569,-1,690.1,309.1,12.1,36.2,0.244
569,-1,1669.2,230.4,54.2,166.5,0.239
569,-1,1058.8,300.8,17.2,52.4,0.188
569,-1,1011.5,300.9,13.0,25.9,0.159
569,-1,620.4,307.2,16.3,48.7,0.151
569,-1,1003.9,302.2,10.9,23.1,0.149
569,-1,659.7,308.7,11.2,37.0,0.124
569,-1,980.5,307.4,17.3,32.0,0.122
569,-1,0.0,278.5,45.5,211.8,0.105
569,-1,1687.6,233.3,38.4,113.3,0.087
569,-1,969.4,307.3,17.6,27.8,0.085
569,-1,753.1,301.0,17.9,67.0,0.083
569,-1,505.8,335.8,32.8,78.9,0.052
570,-1,1450.0,201.4,108.5,444.7,0.999
570,-1,764.2,278.9,52.4,168.9,0.999
570,-1,1521.4,179.5,129.6,530.9,0.998
570,-1,720.2,296.7,38.5,104.9,0.998
570,-1,853.8,287.1,53.1,162.1,0.997
570,-1,1217.6,282.1,54.8,129.8,0.997
570,-1,68.9,288.8,72.0,129.0,0.995
570,-1,0.2,274.8,88.5,214.1,0.994
570,-1,1135.3,290.1,52.1,132.3,0.994
570,-1,175.0,298.5,32.3,99.4,0.992
570,-1,1028.5,293.6,27.7,71.3,0.989
570,-1,133.0,303.0,31.0,95.2,0.988
570,-1,916.0,312.0,47.6,103.7,0.987
570,-1,1738.0,217.1,65.6,182.0,0.977
570,-1,630.3,304.6,16.8,48.3,0.967
570,-1,961.7,322.4,39.9,93.9,0.966
570,-1,684.9,305.4,12.6,37.0,0.950
570,-1,701.5,306.4,11.5,34.1,0.943
570,-1,616.4,304.8,16.4,48.3,0.920
570,-1,668.8,303.9,11.1,38.8,0.911
570,-1,655.8,305.2,11.2,36.8,0.910
570,-1,1088.5,304.7,21.2,53.2,0.875
570,-1,1065.0,296.0,18.6,60.6,0.853
570,-1,986.0,303.0,22.3,37.2,0.510
570,-1,1701.3,233.0,37.4,167.5,0.481
570,-1,1132.5,310.2,18.7,55.1,0.397
570,-1,1660.4,230.6,66.9,164.7,0.366
570,-1,985.0,302.6,26.6,75.6,0.327
570,-1,937.0,320.1,32.2,95.6,0.257
570,-1,694.6,306.2,15.3,37.1,0.249
570,-1,661.2,306.3,10.5,36.5,0.236
570,-1,716.9,303.0,20.4,61.6,0.188
570,-1,624.1,304.6,13.6,48.5,0.147
570,-1,993.0,319.9,24.4,63.0,0.138
570,-1,1630.2,221.0,67.3,95.4,0.128
570,-1,1651.4,228.9,64.0,90.3,0.115
570,-1,1010.0,299.2,10.2,23.3,0.102
570,-1,971.6,307.9,20.2,29.6,0.072
570,-1,1690.4,231.9,39.6,114.1,0.064
570,-1,715.4,306.4,12.8,31.3,0.057
570,-1,501.4,334.3,43.8,78.4,0.055
570,-1,1482.1,173.5,257.7,534.6,0.054
570,-1,922.6,310.8,41.0,56.0,0.051
571,-1,1525.6,177.9,130.2,524.7,0.999
571,-1,1456.5,199.6,107.4,444.6,0.999
571,-1,1221.7,282.1,55.0,128.4,0.998
571,-1,765.0,279.3,52.8,168.2,0.998
571,-1,0.5,278.4,81.3,207.9,0.997
571,-1,854.4,288.9,53.1,161.7,0.997
571,-1,1135.6,289.8,50.9,130.8,0.995
571,-1,722.7,296.2,39.7,107.0,0.995
571,-1,69.8,287.3,64.6,131.2,0.995
571,-1,174.0,299.5,33.5,97.3,0.994
571,-1,1030.0,295.9,27.4,69.2,0.990
571,-1,127.7,304.8,33.8,94.8,0.990
571,-1,920.8,310.5,43.5,106.2,0.989
571,-1,965.9,322.5,37.4,93.8,0.976
571,-1,1743.3,214.4,63.4,184.4,0.976
571,-1,632.2,304.7,17.1,48.2,0.970
571,-1,687.4,305.3,12.0,37.2,0.953
571,-1,669.9,302.9,11.2,40.1,0.949
571,-1,617.6,305.6,15.9,48.5,0.917
571,-1,1090.1,300.3,23.9,56.6,0.913
571,-1,1065.4,296.1,20.0,60.2,0.911
571,-1,658.2,305.3,11.4,36.8,0.900
571,-1,703.5,305.1,11.3,35.6,0.884
571,-1,509.8,335.4,32.4,79.5,0.443
571,-1,990.7,310.5,16.9,27.7,0.298
571,-1,946.4,324.3,26.0,90.9,0.253
571,-1,716.7,302.9,21.8,61.0,0.234
571,-1,1011.3,299.9,10.6,22.3,0.172
571,-1,690.6,306.9,13.9,35.4,0.167
571,-1,626.2,308.0,12.3,45.4,0.131
571,-1,667.8,306.6,9.3,33.8,0.118
571,-1,1179.6,310.3,14.7,56.5,0.117
571,-1,995.8,324.3,23.2,58.8,0.107
571,-1,1689.0,227.8,44.7,150.2,0.105
571,-1,998.0,309.5,14.2,28.8,0.093
571,-1,1133.1,307.6,19.3,58.8,0.083
571,-1,927.9,310.4,38.2,56.2,0.072
571,-1,1661.3,218.9,65.1,114.7,0.064
571,-1,1.0,288.2,83.0,382.3,0.064
571,-1,989.9,313.6,24.4,54.8,0.063
571,-1,1008.1,308.0,17.6,50.3,0.060
571,-1,1014.4,299.7,17.1,40.9,0.053
571,-1,1527.7,198.8,60.9,124.9,0.051
572,-1,1463.3,199.7,108.3,444.8,0.999
572,-1,766.1,277.3,52.6,169.1,0.999
572,-1,1225.8,281.1,54.2,130.9,0.998
572,-1,1.0,273.5,78.3,210.3,0.998
572,-1,857.3,285.5,52.4,165.0,0.997
572,-1,69.7,285.2,61.1,129.5,0.996
572,-1,167.9,297.7,41.7,100.0,0.995
572,-1,1137.3,288.7,49.9,130.7,0.995
572,-1,1519.1,173.4,162.8,539.6,0.994
572,-1,726.0,295.3,40.3,109.1,0.993
572,-1,1031.5,295.2,26.2,69.3,0.992
572,-1,126.8,303.6,34.1,94.3,0.991
572,-1,922.5,310.3,45.8,105.3,0.987
572,-1,687.7,304.3,13.1,37.9,0.980
572,-1,966.7,320.9,38.1,95.2,0.974
572,-1,633.4,304.7,16.3,47.4,0.972
572,-1,1746.7,209.4,64.4,180.8,0.965
572,-1,704.9,304.3,12.7,37.2,0.960
572,-1,1067.2,295.2,20.9,61.1,0.956
572,-1,671.3,302.4,11.1,39.9,0.943
572,-1,658.5,304.0,12.8,39.5,0.942
572,-1,618.9,305.8,16.2,46.9,0.926
572,-1,1092.0,300.1,23.7,56.8,0.909
572,-1,1659.6,209.4,67.2,121.9,0.702
572,-1,992.3,302.1,17.6,36.4,0.404
572,-1,721.3,302.7,22.1,60.9,0.369
572,-1,627.9,306.7,12.8,45.4,0.368
572,-1,1017.7,295.4,15.1,49.6,0.365
572,-1,719.3,305.5,12.6,30.8,0.320
572,-1,998.1,325.7,23.6,57.4,0.296
572,-1,841.0,300.7,11.0,34.3,0.251
572,-1,1010.7,297.0,13.3,37.0,0.245
572,-1,1810.3,290.3,77.6,106.7,0.236
572,-1,1677.1,210.6,62.8,204.2,0.221
572,-1,948.0,319.6,25.1,96.1,0.185
572,-1,1703.9,226.6,36.5,159.4,0.158
572,-1,696.3,306.4,12.9,35.2,0.119
572,-1,959.2,308.8,20.7,39.1,0.117
572,-1,663.3,306.8,10.9,35.2,0.116
572,-1,991.2,304.6,22.0,52.4,0.108
572,-1,1181.3,301.9,13.6,60.0,0.105
572,-1,1808.7,277.2,78.0,57.2,0.101
572,-1,359.7,310.8,42.2,106.7,0.079
572,-1,1135.2,305.3,20.0,68.5,0.079
572,-1,1806.7,230.6,79.1,131.3,0.075
572,-1,980.2,304.7,13.5,25.6,0.069
572,-1,612.7,304.7,11.1,35.9,0.059
572,-1,990.3,304.3,12.6,29.8,0.052
573,-1,1468.6,195.8,116.3,460.5,0.999
573,-1,1230.2,281.9,53.5,132.3,0.998
573,-1,0.1,266.3,68.2,221.0,0.998
573,-1,768.1,282.6,54.0,165.5,0.998
573,-1,1534.8,168.2,169.7,551.5,0.996
573,-1,1139.5,287.9,48.5,136.4,0.996
573,-1,172.1,299.4,33.5,96.0,0.996
573,-1,854.2,285.0,51.5,166.3,0.996
573,-1,65.5,282.5,56.9,134.1,0.994
573,-1,729.0,295.4,38.4,109.5,0.994
573,-1,1034.2,296.4,26.1,68.2,0.991
573,-1,1094.1,299.8,26.4,59.9,0.986
573,-1,919.8,310.1,50.0,106.5,0.986
573,-1,689.3,305.3,12.7,37.6,0.983
573,-1,1753.8,216.4,65.5,167.2,0.980
573,-1,124.1,302.0,29.4,94.8,0.979
573,-1,704.6,306.5,14.0,36.3,0.973
573,-1,636.0,305.4,16.3,46.8,0.971
573,-1,1072.1,294.8,18.0,64.3,0.971
573,-1,672.9,302.6,12.2,39.1,0.970
573,-1,967.6,320.7,42.3,95.8,0.958
573,-1,659.1,302.3,14.2,41.7,0.955
573,-1,619.5,303.9,17.8,48.2,0.909
573,-1,842.0,301.7,10.2,33.6,0.518
573,-1,994.2,306.9,17.4,31.2,0.497
573,-1,618.9,304.5,14.4,30.2,0.409
573,-1,1183.5,304.6,13.4,59.4,0.348
573,-1,511.2,329.6,33.2,82.1,0.240
573,-1,1704.5,232.8,41.5,88.9,0.219
573,-1,949.8,320.7,28.5,94.5,0.170
573,-1,1546.0,177.6,63.9,148.9,0.165
573,-1,627.1,305.2,14.8,47.3,0.165
573,-1,1018.1,297.6,11.5,25.4,0.161
573,-1,723.5,304.0,20.9,58.6,0.160
573,-1,844.4,299.9,14.2,35.1,0.155
573,-1,670.2,303.9,10.7,36.0,0.115
573,-1,1021.4,298.5,12.6,25.7,0.113
573,-1,1708.3,236.9,47.4,143.0,0.069
573,-1,1137.6,306.9,17.6,55.5,0.064
573,-1,1817.2,231.4,73.0,140.7,0.061
573,-1,1.1,278.6,67.5,463.3,0.060
573,-1,960.5,306.9,24.1,40.4,0.059
574,-1,1472.6,200.1,118.7,462.1,0.998
574,-1,1231.9,282.9,55.1,133.9,0.998
574,-1,767.9,281.0,52.9,169.4,0.997
574,-1,1544.2,165.4,161.2,560.9,0.996
574,-1,0.2,268.1,63.2,214.4,0.996
574,-1,1141.7,289.3,46.8,135.2,0.995
574,-1,853.9,286.5,51.5,164.9,0.995
574,-1,65.3,282.0,50.0,135.1,0.995
574,-1,166.7,298.0,40.1,99.1,0.991
574,-1,727.9,298.3,45.0,106.6,0.990
574,-1,921.5,311.6,49.4,107.0,0.989
574,-1,1034.9,297.3,26.0,68.8,0.989
574,-1,121.0,301.6,33.0,96.2,0.985
574,-1,1756.1,220.2,65.8,159.0,0.973
574,-1,1095.0,302.7,26.6,59.3,0.962
574,-1,636.0,305.5,17.5,47.4,0.943
574,-1,968.7,322.8,40.3,94.1,0.937
574,-1,690.7,307.5,12.5,36.1,0.933
574,-1,672.4,302.0,12.1,40.4,0.928
574,-1,1073.7,297.8,19.0,62.4,0.927
574,-1,705.0,306.2,13.7,36.5,0.913
574,-1,660.3,303.5,15.5,40.4,0.891
574,-1,618.1,305.0,20.3,47.2,0.591
574,-1,1069.6,298.2,15.5,55.6,0.509
574,-1,724.6,306.0,20.9,62.3,0.443
574,-1,993.8,307.6,19.3,32.4,0.289
574,-1,951.7,318.0,44.6,100.8,0.287
574,-1,626.6,305.7,20.9,46.9,0.269
574,-1,1183.4,302.9,14.4,61.9,0.267
574,-1,1668.2,218.7,63.4,93.9,0.213
574,-1,843.9,301.6,12.7,34.1,0.193
574,-1,977.4,310.4,35.7,76.6,0.192
574,-1,1694.6,228.5,48.2,90.2,0.176
574,-1,636.0,303.2,13.8,31.5,0.159
574,-1,1015.3,298.2,15.4,26.7,0.150
574,-1,991.8,307.8,25.2,52.5,0.082
574,-1,696.0,307.1,15.9,35.0,0.068
574,-1,997.6,318.2,26.3,66.3,0.064
574,-1,722.6,307.8,14.1,54.8,0.059
574,-1,685.5,304.9,14.1,38.9,0.054
574,-1,1011.7,298.9,18.9,51.4,0.052
575,-1,1478.4,203.1,126.3,462.8,0.998
575,-1,769.9,282.6,53.9,167.9,0.997
575,-1,854.9,287.6,50.0,164.7,0.997
575,-1,735.1,303.8,38.0,100.4,0.996
575,-1,65.6,283.1,50.2,136.0,0.996
575,-1,1549.1,171.3,167.6,559.0,0.996
575,-1,166.9,297.5,41.6,100.6,0.995
575,-1,0.6,268.6,61.3,213.4,0.994
575,-1,1143.8,289.0,41.9,139.6,0.993
575,-1,1238.8,285.7,51.4,132.0,0.990
575,-1,121.1,302.3,33.0,95.8,0.989
575,-1,1036.7,299.6,27.1,70.6,0.987
575,-1,1762.2,222.3,70.1,181.2,0.983
575,-1,1072.2,299.2,23.4,64.7,0.974
575,-1,1097.8,301.3,26.8,65.8,0.967
575,-1,929.6,314.4,45.7,106.8,0.960
575,-1,970.1,324.8,43.9,96.4,0.953
575,-1,692.5,308.6,12.9,37.3,0.948
575,-1,637.4,307.4,18.9,49.1,0.944
575,-1,708.3,307.3,13.8,37.3,0.933
575,-1,620.9,309.1,20.5,45.9,0.826
575,-1,676.0,305.0,12.3,37.8,0.820
575,-1,663.9,304.8,11.7,38.9,0.811
575,-1,1004.8,332.7,22.1,52.9,0.344
575,-1,1677.7,221.3,68.0,101.6,0.274
575,-1,1017.8,300.6,13.6,25.9,0.266
575,-1,951.5,320.5,30.6,100.5,0.242
575,-1,727.0,307.9,15.9,59.0,0.211
575,-1,1183.7,301.3,16.5,63.1,0.190
575,-1,1720.8,238.7,62.4,201.7,0.137
575,-1,512.4,331.5,34.9,80.9,0.134
575,-1,995.3,307.8,20.5,36.7,0.117
575,-1,704.5,309.5,12.5,35.4,0.115
575,-1,731.2,307.5,21.5,70.9,0.107
575,-1,1016.7,301.5,18.2,37.7,0.100
575,-1,1000.2,307.7,25.9,71.1,0.100
575,-1,1702.0,233.8,52.6,92.3,0.085
575,-1,923.3,329.2,33.0,85.9,0.075
575,-1,1000.3,303.3,16.6,31.4,0.061
575,-1,1830.7,302.0,72.8,92.2,0.060
575,-1,731.1,225.3,108.4,227.5,0.057
575,-1,1718.9,237.5,53.3,113.6,0.057
575,-1,0.7,275.5,60.8,415.5,0.053
576,-1,1486.5,200.9,119.1,473.8,0.999
576,-1,769.4,282.2,55.0,171.1,0.999
576,-1,856.0,286.9,48.7,166.3,0.997
576,-1,1553.5,172.4,180.9,569.1,0.996
576,-1,1238.7,288.5,56.6,130.0,0.996
576,-1,63.3,284.7,48.7,134.0,0.996
576,-1,734.8,300.1,39.5,105.9,0.995
576,-1,1145.5,297.0,47.6,134.1,0.995
576,-1,164.5,297.7,42.0,101.8,0.994
576,-1,0.1,272.7,54.2,215.9,0.993
576,-1,118.0,302.2,31.6,97.4,0.992
576,-1,1037.2,302.9,27.3,68.5,0.990
576,-1,924.2,319.0,49.5,105.2,0.989
576,-1,1763.5,225.6,69.2,184.3,0.980
576,-1,640.8,307.3,15.3,49.1,0.950
576,-1,1076.1,304.4,18.9,60.1,0.946
576,-1,971.0,329.6,39.2,93.2,0.945
576,-1,1099.7,308.4,25.4,56.1,0.920
576,-1,692.9,309.6,11.5,37.1,0.895
576,-1,709.7,309.8,12.3,35.3,0.868
576,-1,678.1,307.5,10.7,39.5,0.659
576,-1,620.7,309.0,22.5,47.0,0.654
576,-1,664.7,306.5,11.8,39.5,0.596
576,-1,629.3,310.3,21.7,47.2,0.404
576,-1,674.0,307.1,11.3,40.1,0.318
576,-1,1674.9,223.7,63.3,95.9,0.239
576,-1,1017.1,305.6,13.5,23.8,0.236
576,-1,940.0,321.8,50.6,103.4,0.225
576,-1,1831.6,249.7,64.5,170.7,0.193
576,-1,725.9,311.0,11.8,29.1,0.137
576,-1,1002.4,311.5,19.1,35.5,0.125
576,-1,732.1,307.5,18.4,61.9,0.123
576,-1,1022.5,304.0,14.8,26.8,0.123
576,-1,1567.2,183.7,70.6,145.9,0.108
576,-1,1184.4,321.1,15.8,48.6,0.106
576,-1,705.6,311.4,10.8,32.9,0.091
576,-1,1004.6,331.8,24.1,57.3,0.074
576,-1,1723.0,244.7,33.6,77.3,0.073
576,-1,1016.7,306.3,16.8,37.2,0.065
576,-1,699.3,311.7,12.3,33.6,0.057
576,-1,714.3,311.4,13.6,32.9,0.057
576,-1,994.7,316.3,23.9,67.7,0.053
576,-1,661.0,306.7,11.4,40.0,0.051
577,-1,1487.8,204.6,121.6,476.7,0.996
577,-1,763.2,284.7,59.3,170.8,0.996
577,-1,1555.8,177.1,175.3,570.5,0.995
577,-1,1144.5,300.4,41.4,133.8,0.992
577,-1,1244.8,290.9,47.2,131.4,0.980
577,-1,856.1,293.6,43.4,157.0,0.975
577,-1,729.5,296.6,44.8,106.9,0.971
577,-1,157.8,301.2,43.4,94.6,0.962
577,-1,61.2,287.3,43.5,123.0,0.948
577,-1,921.9,318.4,47.7,105.1,0.947
577,-1,116.2,305.3,33.7,91.8,0.845
577,-1,0.3,272.6,32.1,211.4,0.834
577,-1,973.8,330.9,35.1,96.3,0.831
577,-1,1038.8,308.8,22.0,56.5,0.759
577,-1,621.2,312.5,30.5,48.5,0.647
577,-1,1763.2,234.4,69.0,133.1,0.599
577,-1,962.1,319.2,37.6,105.2,0.580
577,-1,3.0,273.0,58.9,170.0,0.422
577,-1,19.0,277.6,52.3,117.2,0.287
577,-1,944.6,320.1,44.6,105.9,0.269
577,-1,1231.0,305.4,45.0,126.9,0.222
577,-1,118.4,302.2,28.3,51.0,0.170
577,-1,1026.9,305.6,21.8,60.7,0.138
577,-1,983.3,315.2,27.3,72.7,0.112
577,-1,891.3,327.0,27.4,52.6,0.101
577,-1,1228.1,314.3,31.8,93.2,0.086
577,-1,962.8,317.5,28.1,62.4,0.077
577,-1,1075.1,306.2,22.5,56.0,0.075
577,-1,1095.2,314.7,27.5,43.2,0.063
578,-1,1499.9,210.8,129.5,491.3,0.999
578,-1,855.8,299.6,47.1,161.6,0.998
578,-1,1100.7,312.2,23.5,65.9,0.998
578,-1,769.9,291.3,52.7,166.7,0.998
578,-1,1576.5,187.4,172.7,582.2,0.998
578,-1,158.8,299.0,37.6,105.8,0.998
578,-1,41.9,289.9,63.2,133.7,0.998
578,-1,1245.9,293.7,51.5,136.8,0.996
578,-1,738.0,304.5,39.6,110.0,0.995
578,-1,1145.8,305.6,46.9,135.2,0.993
578,-1,1037.6,310.2,26.5,72.1,0.990
578,-1,924.0,326.2,50.9,104.9,0.988
578,-1,108.9,299.8,35.8,107.6,0.982
578,-1,1775.1,236.8,63.7,177.5,0.982
578,-1,972.8,338.9,39.2,92.8,0.981
578,-1,1074.8,310.2,21.0,66.9,0.974
578,-1,692.3,317.2,12.7,36.9,0.944
578,-1,0.0,321.4,31.1,167.6,0.940
578,-1,710.1,314.8,12.5,39.0,0.928
578,-1,507.0,338.9,35.8,86.4,0.874
578,-1,636.5,317.2,17.6,46.6,0.874
578,-1,676.6,311.9,10.8,40.9,0.818
578,-1,1008.7,345.2,17.7,51.6,0.687
578,-1,663.2,313.2,10.7,38.7,0.662
578,-1,622.6,317.0,18.8,46.8,0.641
578,-1,1001.8,322.3,26.2,77.9,0.606
578,-1,1005.5,315.0,14.0,35.8,0.464
578,-1,724.2,318.1,11.7,28.9,0.271
578,-1,1722.2,249.2,40.2,85.1,0.265
578,-1,1020.1,309.2,13.1,29.1,0.232
578,-1,1699.4,236.9,52.1,91.3,0.199
578,-1,996.9,315.5,21.8,45.7,0.192
578,-1,952.3,329.5,27.2,102.3,0.174
578,-1,727.1,317.7,12.3,44.1,0.154
578,-1,912.6,350.3,19.3,57.4,0.145
578,-1,0.3,310.1,29.5,339.2,0.142
578,-1,1838.1,246.9,77.5,172.7,0.134
578,-1,989.0,325.2,28.7,72.5,0.109
578,-1,984.9,321.2,15.3,28.4,0.091
578,-1,1017.6,309.5,17.0,53.1,0.090
578,-1,644.3,311.9,12.2,45.0,0.088
578,-1,912.3,351.0,15.3,34.7,0.080
578,-1,994.9,314.7,16.1,33.0,0.053
579,-1,1499.8,215.8,129.5,487.9,0.999
579,-1,765.5,291.3,55.2,169.5,0.998
579,-1,1246.3,298.5,48.8,136.9,0.997
579,-1,1579.0,184.5,167.7,588.1,0.996
579,-1,852.1,299.0,46.3,163.4,0.996
579,-1,43.0,292.5,58.1,130.4,0.996
579,-1,1144.4,310.5,43.6,133.7,0.996
579,-1,149.9,303.8,36.4,101.0,0.993
579,-1,732.0,303.9,44.4,112.5,0.990
579,-1,101.6,305.1,38.6,103.4,0.980
579,-1,928.4,326.0,43.1,109.0,0.975
579,-1,1035.5,312.9,26.8,70.7,0.967
579,-1,967.8,338.4,47.4,97.5,0.951
579,-1,1772.9,241.3,67.4,147.2,0.938
579,-1,1072.3,314.8,22.4,64.0,0.884
579,-1,0.1,321.7,13.4,171.1,0.791
579,-1,1097.6,317.3,25.8,52.6,0.601
579,-1,627.4,318.9,23.1,44.6,0.256
579,-1,995.2,336.5,32.7,65.8,0.214
579,-1,1582.7,218.6,67.2,132.9,0.196
579,-1,1016.7,313.2,19.8,28.6,0.187
579,-1,1018.3,312.1,22.2,55.0,0.170
579,-1,1069.2,318.9,15.3,40.4,0.152
579,-1,1700.2,233.3,52.8,98.0,0.125
579,-1,0.0,298.9,23.2,198.8,0.123
579,-1,997.8,316.7,18.4,35.1,0.092
579,-1,962.0,340.6,33.6,91.5,0.089
579,-1,1343.5,276.3,37.5,153.8,0.086
579,-1,980.5,337.3,34.8,62.5,0.080
579,-1,0.0,197.3,17.2,571.1,0.062
579,-1,922.5,340.7,32.9,91.9,0.058
579,-1,1081.5,321.3,18.6,48.5,0.052
580,-1,1500.9,217.5,130.8,485.5,0.999
580,-1,1584.6,184.8,169.6,593.3,0.998
580,-1,766.3,288.7,53.4,171.0,0.998
580,-1,1243.0,299.2,54.9,135.7,0.997
580,-1,35.8,291.4,62.4,134.0,0.997
580,-1,851.0,300.3,47.4,164.7,0.996
580,-1,100.6,303.2,36.6,102.6,0.996
580,-1,149.1,300.6,34.9,103.2,0.996
580,-1,733.0,306.0,42.8,110.8,0.994
580,-1,1035.5,311.5,27.3,72.5,0.991
580,-1,924.3,326.6,48.4,107.7,0.989
580,-1,1144.2,303.6,45.6,138.4,0.989
580,-1,1097.9,315.9,26.1,63.9,0.988
580,-1,1775.2,240.0,67.1,187.7,0.983
580,-1,1071.2,312.8,24.0,66.7,0.975
580,-1,966.5,338.5,46.1,96.5,0.969
580,-1,705.4,317.0,13.8,37.5,0.917
580,-1,688.5,317.8,12.8,37.2,0.880
580,-1,671.2,313.6,12.8,41.6,0.852
580,-1,635.5,312.0,17.5,53.4,0.824
580,-1,0.0,328.6,7.7,165.9,0.782
580,-1,617.9,315.3,26.0,50.9,0.732
580,-1,506.0,338.0,36.9,87.2,0.674
580,-1,0.0,310.7,14.9,181.0,0.435
580,-1,658.7,312.5,14.6,41.0,0.425
580,-1,996.2,321.1,31.0,79.7,0.407
580,-1,997.7,316.5,16.0,33.6,0.326
580,-1,1017.2,314.8,14.1,26.1,0.310
580,-1,842.4,317.6,14.1,31.3,0.278
580,-1,1017.0,314.0,17.3,43.0,0.275
580,-1,894.1,330.3,22.3,62.3,0.204
580,-1,722.3,317.8,14.2,38.0,0.204
580,-1,1022.0,314.0,15.5,34.4,0.173
580,-1,891.1,323.4,39.0,107.6,0.133
580,-1,1706.1,236.0,49.1,96.0,0.130
580,-1,0.0,279.3,20.9,275.9,0.118
580,-1,639.6,310.7,12.5,36.4,0.111
580,-1,911.4,354.5,23.1,57.7,0.103
580,-1,1840.5,279.5,77.2,153.8,0.065
580,-1,718.0,318.4,13.7,34.6,0.056
581,-1,1500.3,213.8,134.5,497.9,0.999
581,-1,1577.9,187.6,174.7,594.3,0.998
581,-1,762.2,288.9,57.5,172.6,0.998
581,-1,28.0,291.2,63.1,134.0,0.997
581,-1,89.8,303.1,43.2,101.5,0.996
581,-1,847.3,298.4,48.1,165.9,0.996
581,-1,1143.6,311.6,43.4,131.8,0.995
581,-1,143.1,299.2,34.1,103.2,0.995
581,-1,1244.7,299.1,51.2,137.4,0.995
581,-1,731.1,306.7,36.8,109.4,0.993
581,-1,1034.3,312.5,27.2,72.6,0.991
581,-1,919.8,326.8,49.3,108.0,0.984
581,-1,1096.7,316.5,26.3,63.0,0.975
581,-1,1774.4,243.8,67.3,115.6,0.968
581,-1,963.0,340.3,45.5,95.3,0.962
581,-1,1073.9,314.0,20.8,62.8,0.929
581,-1,631.4,316.8,18.9,47.1,0.914
581,-1,655.2,314.7,15.4,41.0,0.898
581,-1,703.9,317.0,13.2,38.1,0.883
581,-1,687.0,317.7,11.6,33.4,0.868
581,-1,670.7,313.4,11.5,41.0,0.866
581,-1,616.0,316.3,18.0,48.3,0.674
581,-1,621.9,317.7,19.3,46.7,0.512
581,-1,722.4,318.6,14.2,53.4,0.405
581,-1,993.5,321.8,19.2,34.6,0.357
581,-1,754.6,333.4,22.1,80.0,0.261
581,-1,952.4,338.2,31.5,96.7,0.245
581,-1,999.6,342.9,24.2,59.7,0.233
581,-1,503.1,343.1,36.0,81.5,0.227
581,-1,842.6,315.8,14.6,32.2,0.190
581,-1,1014.3,314.1,16.8,44.8,0.166
581,-1,1242.9,305.9,29.6,102.7,0.164
581,-1,1836.5,178.1,81.3,279.5,0.158
581,-1,1022.2,314.0,13.3,33.7,0.121
581,-1,1845.4,319.5,72.2,87.9,0.104
581,-1,987.8,324.5,26.1,66.8,0.089
581,-1,1180.0,313.2,19.6,70.4,0.088
581,-1,891.6,330.5,20.9,61.8,0.082
581,-1,1771.0,240.4,72.6,229.9,0.080
581,-1,1065.9,316.3,19.1,51.4,0.077
581,-1,1714.1,248.6,45.8,86.4,0.068
581,-1,745.4,349.8,26.5,65.2,0.054
581,-1,639.5,315.0,13.9,46.3,0.054
581,-1,907.9,354.8,25.0,70.9,0.050
582,-1,756.7,290.9,57.0,170.5,0.999
582,-1,1499.8,216.1,137.0,498.5,0.999
582,-1,1242.5,299.2,54.3,139.1,0.998
582,-1,841.1,298.9,49.3,164.7,0.998
582,-1,1580.0,188.2,175.9,598.9,0.998
582,-1,1029.4,312.1,27.6,70.6,0.997
582,-1,1138.8,308.3,44.6,131.3,0.996
582,-1,84.1,302.9,38.3,100.7,0.996
582,-1,18.0,289.6,64.5,134.3,0.996
582,-1,130.5,296.7,41.4,106.0,0.995
582,-1,729.3,311.7,36.3,103.7,0.994
582,-1,1066.8,314.7,19.7,60.6,0.993
582,-1,918.8,327.5,47.9,108.0,0.992
582,-1,1094.2,318.9,23.8,57.3,0.991
582,-1,681.6,316.1,13.3,39.0,0.990
582,-1,958.6,340.4,46.3,94.7,0.982
582,-1,666.4,314.8,12.2,39.4,0.978
582,-1,623.8,319.7,14.7,44.2,0.955
582,-1,1772.8,247.1,65.6,126.9,0.947
582,-1,611.9,315.4,16.9,47.6,0.925
582,-1,634.1,317.0,12.6,47.3,0.918
582,-1,653.3,316.1,10.7,37.9,0.893
582,-1,700.2,316.3,11.1,36.8,0.838
582,-1,1008.8,315.1,17.6,52.5,0.528
582,-1,618.2,318.5,14.0,45.2,0.501
582,-1,721.1,320.3,15.7,55.5,0.491
582,-1,1176.7,319.3,18.7,67.7,0.471
582,-1,990.3,320.0,18.1,36.3,0.392
582,-1,1011.5,315.3,13.5,30.2,0.244
582,-1,608.3,318.2,13.4,35.8,0.185
582,-1,1847.7,281.0,70.7,85.1,0.176
582,-1,977.0,320.1,14.1,24.3,0.152
582,-1,749.9,338.2,19.7,73.3,0.148
582,-1,801.4,315.9,13.4,38.2,0.144
582,-1,714.7,315.5,16.1,55.2,0.140
582,-1,714.8,318.1,11.3,31.2,0.092
582,-1,1008.0,317.5,11.0,27.9,0.090
582,-1,724.7,315.7,21.7,77.6,0.077
582,-1,1853.7,274.2,65.6,176.0,0.071
582,-1,1905.1,270.8,14.8,229.6,0.065
582,-1,998.5,345.4,22.2,44.8,0.057
583,-1,753.2,289.2,55.8,168.8,0.998
583,-1,1506.1,216.8,138.4,502.4,0.998
583,-1,1245.2,297.3,50.4,140.7,0.998
583,-1,838.7,296.7,49.6,165.0,0.998
583,-1,1589.2,178.3,172.1,626.0,0.997
583,-1,1136.5,303.5,45.2,133.4,0.996
583,-1,1.0,279.3,64.9,139.1,0.994
583,-1,1026.6,305.9,26.1,72.9,0.994
583,-1,726.4,306.3,33.7,105.5,0.993
583,-1,73.1,297.8,41.1,100.5,0.992
583,-1,1064.3,313.3,19.2,62.3,0.991
583,-1,1091.9,314.7,22.7,61.0,0.990
583,-1,122.3,292.6,36.6,105.7,0.990
583,-1,913.5,324.4,49.7,107.5,0.988
583,-1,959.7,336.6,41.1,93.8,0.981
583,-1,660.4,309.2,12.6,41.1,0.975
583,-1,678.0,311.9,12.4,37.7,0.963
583,-1,1773.7,241.4,66.3,113.2,0.957
583,-1,625.9,310.8,15.9,48.6,0.950
583,-1,606.4,311.6,19.5,48.7,0.915
583,-1,649.2,310.7,10.7,37.8,0.914
583,-1,620.3,314.7,15.6,44.5,0.910
583,-1,695.7,312.8,12.4,35.6,0.877
583,-1,716.6,316.4,16.0,53.0,0.816
583,-1,1009.1,313.6,12.3,23.5,0.477
583,-1,138.6,294.6,22.2,83.5,0.474
583,-1,1773.2,223.8,70.2,246.0,0.422
583,-1,939.0,332.0,32.6,100.3,0.351
583,-1,993.8,317.2,14.0,32.1,0.325
583,-1,985.0,315.5,21.7,38.3,0.245
583,-1,1007.0,310.8,19.0,53.9,0.207
583,-1,927.3,324.0,35.3,58.0,0.194
583,-1,746.4,331.0,19.5,77.3,0.191
583,-1,994.4,335.1,21.4,62.8,0.183
583,-1,1173.1,311.0,20.1,68.9,0.164
583,-1,1903.9,272.5,16.1,221.8,0.117
583,-1,904.9,338.2,39.6,92.5,0.099
583,-1,984.3,320.8,26.4,68.5,0.087
583,-1,721.7,311.5,20.8,73.7,0.075
583,-1,972.4,317.2,17.8,26.4,0.073
583,-1,980.3,318.9,15.4,28.1,0.069
584,-1,1511.5,212.5,143.9,507.1,0.999
584,-1,749.9,287.8,57.5,170.0,0.998
584,-1,1134.2,303.9,43.0,134.0,0.997
584,-1,1601.0,181.3,167.2,620.5,0.997
584,-1,836.4,295.8,49.5,164.9,0.997
584,-1,1244.9,297.3,50.5,140.7,0.997
584,-1,1089.6,314.6,23.8,61.4,0.995
584,-1,726.2,308.1,31.9,102.6,0.995
584,-1,1024.5,304.7,27.3,73.2,0.993
584,-1,1062.6,312.7,19.8,62.6,0.992
584,-1,65.9,296.3,43.3,102.8,0.991
584,-1,909.5,323.5,51.3,107.5,0.990
584,-1,111.9,291.2,40.8,105.1,0.987
584,-1,1.0,275.5,52.3,144.0,0.987
584,-1,954.2,336.7,47.0,94.4,0.975
584,-1,1773.9,243.5,65.7,106.8,0.961
584,-1,675.6,309.7,12.2,38.8,0.955
584,-1,620.6,310.7,17.9,48.1,0.954
584,-1,659.3,308.5,12.1,40.5,0.947
584,-1,645.3,309.0,11.7,39.5,0.910
584,-1,605.4,310.1,19.8,48.9,0.898
584,-1,693.4,312.5,12.3,35.6,0.854
584,-1,1007.3,311.8,12.1,24.2,0.581
584,-1,1171.1,307.2,19.4,74.7,0.563
584,-1,714.3,314.4,14.7,53.7,0.519
584,-1,480.6,336.0,41.9,83.2,0.501
584,-1,992.2,339.0,21.7,58.7,0.405
584,-1,986.4,319.7,16.8,31.0,0.335
584,-1,1347.7,285.6,25.4,63.8,0.282
584,-1,1767.5,231.2,76.8,246.0,0.280
584,-1,1006.1,310.2,16.2,49.8,0.222
584,-1,739.0,316.3,22.1,92.2,0.215
584,-1,985.1,318.9,29.2,70.2,0.212
584,-1,0.0,286.4,11.2,167.9,0.181
584,-1,927.5,323.1,34.3,65.9,0.163
584,-1,1600.3,225.7,68.2,124.5,0.155
584,-1,909.5,335.2,28.5,95.3,0.144
584,-1,1012.6,310.4,13.6,32.0,0.140
584,-1,972.6,316.4,13.4,24.1,0.117
584,-1,996.0,317.7,13.8,30.3,0.103
584,-1,0.0,274.1,25.2,154.7,0.094
584,-1,956.3,314.7,15.8,22.0,0.086
584,-1,883.7,324.3,19.6,57.7,0.080
584,-1,1014.5,310.8,14.7,49.7,0.065
584,-1,0.2,371.5,9.9,86.8,0.063
584,-1,1004.7,312.9,9.4,24.9,0.059
584,-1,896.4,349.3,24.2,72.9,0.054
585,-1,1513.6,213.1,142.7,506.0,0.999
585,-1,745.8,289.5,58.2,168.4,0.998
585,-1,1602.7,176.2,181.5,622.7,0.998
585,-1,1244.6,297.3,49.8,142.2,0.997
585,-1,1130.9,302.7,45.7,137.3,0.997
585,-1,835.2,296.4,49.0,164.7,0.997
585,-1,1023.8,307.3,27.5,71.3,0.994
585,-1,60.4,295.5,45.4,103.4,0.994
585,-1,1088.8,314.5,22.9,61.5,0.992
585,-1,726.3,310.2,32.4,100.8,0.990
585,-1,907.3,324.1,52.5,108.0,0.990
585,-1,106.8,290.4,43.9,106.2,0.989
585,-1,954.2,336.3,45.9,96.4,0.976
585,-1,0.3,276.5,40.6,143.3,0.974
585,-1,672.6,310.1,12.2,40.1,0.967
585,-1,1063.2,313.9,16.1,60.7,0.963
585,-1,655.9,309.8,12.4,40.2,0.962
585,-1,1773.9,242.7,66.7,109.3,0.960
585,-1,642.5,310.1,12.0,39.3,0.949
585,-1,711.0,314.6,18.8,56.1,0.932
585,-1,620.6,310.0,16.8,48.6,0.931
585,-1,692.6,312.5,12.6,37.2,0.893
585,-1,603.8,310.2,17.3,49.0,0.826
585,-1,614.3,313.2,15.3,46.1,0.805
585,-1,1773.6,236.4,71.9,221.2,0.455
585,-1,933.6,330.7,29.6,101.5,0.389
585,-1,1167.2,311.1,20.7,73.0,0.378
585,-1,737.4,340.7,22.2,67.3,0.310
585,-1,991.7,340.2,21.3,59.4,0.291
585,-1,924.8,325.5,34.6,69.3,0.265
585,-1,958.5,316.7,11.8,20.4,0.263
585,-1,985.6,319.0,14.1,31.9,0.249
585,-1,1006.7,312.0,10.5,23.9,0.204
585,-1,882.3,323.8,19.0,59.1,0.193
585,-1,971.1,317.3,11.4,21.1,0.186
585,-1,0.0,332.9,7.5,118.2,0.165
585,-1,600.1,312.7,13.9,45.3,0.137
585,-1,973.9,318.8,12.0,23.8,0.137
585,-1,894.8,343.9,26.3,83.2,0.133
585,-1,988.0,323.0,24.7,58.9,0.119
585,-1,905.8,341.2,33.3,89.5,0.103
585,-1,0.0,376.8,5.3,70.2,0.099
585,-1,1001.8,315.7,15.1,37.7,0.097
585,-1,479.1,336.9,45.3,82.1,0.093
585,-1,1348.7,283.3,23.7,68.1,0.084
585,-1,978.6,320.0,13.1,29.2,0.082
585,-1,931.3,324.8,29.2,42.2,0.062
585,-1,990.5,316.7,11.3,24.4,0.060
585,-1,1013.6,312.4,11.1,32.1,0.059
585,-1,980.8,318.2,22.6,48.7,0.051
586,-1,1515.8,210.3,149.5,515.5,0.999
586,-1,749.4,284.8,57.1,172.0,0.998
586,-1,1605.3,173.0,171.4,638.5,0.998
586,-1,1127.9,303.7,49.7,134.8,0.997
586,-1,834.0,294.2,48.6,162.0,0.997
586,-1,1023.5,308.4,25.6,68.1,0.996
586,-1,1245.0,296.5,50.0,142.2,0.996
586,-1,55.9,292.8,46.6,102.0,0.995
586,-1,724.0,306.4,30.3,103.4,0.993
586,-1,103.8,288.8,44.0,105.3,0.993
586,-1,1087.1,312.6,25.4,64.0,0.993
586,-1,907.3,322.3,51.7,108.4,0.991
586,-1,1060.3,310.1,20.4,63.6,0.989
586,-1,0.0,271.7,32.3,144.3,0.978
586,-1,1774.7,236.7,67.0,110.1,0.971
586,-1,954.1,333.0,46.0,98.2,0.966
586,-1,671.9,306.8,13.0,41.4,0.959
586,-1,654.4,306.9,12.8,41.8,0.959
586,-1,708.9,312.5,18.1,57.8,0.942
586,-1,620.2,308.1,16.3,49.7,0.936
586,-1,641.2,306.9,12.1,39.9,0.906
586,-1,692.2,310.7,12.7,37.5,0.893
586,-1,613.7,312.1,16.0,45.7,0.862
586,-1,601.2,309.4,18.0,48.7,0.834
586,-1,607.3,312.8,17.3,45.5,0.651
586,-1,990.3,340.0,22.8,57.8,0.500
586,-1,981.3,314.0,20.4,36.0,0.344
586,-1,894.4,348.1,22.4,57.6,0.311
586,-1,1166.3,307.2,22.6,74.4,0.305
586,-1,930.3,327.0,38.5,105.4,0.287
586,-1,1003.3,312.6,11.3,25.8,0.260
586,-1,1002.8,313.4,15.4,40.7,0.223
586,-1,1008.8,310.5,15.3,43.2,0.214
586,-1,894.8,347.0,18.7,34.0,0.205
586,-1,473.7,335.5,47.5,80.3,0.165
586,-1,706.8,312.1,13.9,46.4,0.134
586,-1,962.7,334.0,34.1,64.6,0.128
586,-1,995.2,325.1,20.1,61.1,0.111
586,-1,967.7,317.5,17.8,30.1,0.099
586,-1,1769.9,233.5,89.6,262.0,0.095
586,-1,955.9,313.1,15.4,22.5,0.092
586,-1,982.1,317.1,27.1,66.5,0.088
586,-1,923.0,322.5,36.9,47.4,0.081
586,-1,1347.0,288.1,24.6,61.9,0.080
586,-1,905.5,346.3,31.4,82.3,0.068
586,-1,1143.3,291.0,45.8,110.3,0.051
587,-1,1520.1,214.2,136.6,520.0,0.998
587,-1,744.5,290.3,54.5,167.0,0.998
587,-1,1605.5,168.7,183.1,652.4,0.998
587,-1,833.7,296.4,49.3,164.7,0.997
587,-1,1126.9,305.0,51.8,136.3,0.996
587,-1,52.5,292.9,45.2,106.7,0.996
587,-1,1245.4,297.6,50.9,141.7,0.995
587,-1,1023.4,309.4,25.3,70.3,0.995
587,-1,99.8,290.1,44.6,109.3,0.992
587,-1,906.8,324.0,51.6,109.0,0.990
587,-1,0.0,274.4,23.0,144.0,0.988
587,-1,722.3,307.4,32.7,104.8,0.986
587,-1,1086.7,313.6,25.2,65.2,0.986
587,-1,1059.2,312.7,22.7,66.4,0.984
587,-1,952.9,336.9,47.6,97.4,0.971
587,-1,1777.6,244.3,64.9,99.8,0.954
587,-1,654.8,313.1,12.6,37.4,0.951
587,-1,671.5,312.8,12.5,37.7,0.927
587,-1,614.3,310.5,20.3,50.3,0.917
587,-1,707.5,312.1,19.6,59.9,0.905
587,-1,601.4,310.7,23.3,50.6,0.903
587,-1,690.4,314.2,13.8,37.1,0.847
587,-1,640.1,307.9,12.4,40.9,0.674
587,-1,989.9,340.6,23.1,58.8,0.557
587,-1,986.9,317.7,15.4,35.3,0.345
587,-1,929.5,329.5,41.4,104.5,0.299
587,-1,473.2,331.2,42.9,90.9,0.282
587,-1,881.5,326.1,17.4,58.1,0.209
587,-1,1005.1,313.9,11.9,26.6,0.161
587,-1,978.9,318.5,15.7,32.9,0.150
587,-1,1161.2,306.2,27.1,78.2,0.131
587,-1,893.1,349.5,21.1,42.9,0.124
587,-1,967.4,337.9,34.5,67.8,0.111
587,-1,1010.9,313.0,11.5,29.1,0.110
587,-1,921.1,324.2,38.9,71.0,0.099
587,-1,983.1,315.3,14.2,30.8,0.082
587,-1,1000.7,314.5,16.9,45.0,0.074
587,-1,1127.4,319.4,24.9,101.0,0.071
587,-1,623.6,309.9,15.0,46.5,0.064
587,-1,966.8,319.5,17.1,27.5,0.057
588,-1,1124.3,309.9,50.7,133.7,0.998
588,-1,1523.2,208.5,149.5,534.4,0.997
588,-1,830.4,298.4,51.5,165.4,0.997
588,-1,1613.3,174.4,185.0,650.5,0.997
588,-1,741.2,288.4,61.4,173.9,0.997
588,-1,1243.9,301.9,53.3,140.7,0.994
588,-1,43.7,294.7,43.5,108.2,0.994
588,-1,94.5,294.4,43.2,105.8,0.994
588,-1,1020.4,316.2,26.6,67.8,0.989
588,-1,905.5,327.6,51.0,109.2,0.988
588,-1,1086.0,322.9,24.4,58.4,0.963
588,-1,705.4,315.5,22.0,59.5,0.962
588,-1,721.8,308.6,30.7,107.5,0.955
588,-1,651.9,313.0,12.7,40.3,0.943
588,-1,953.2,342.2,41.0,93.7,0.939
588,-1,669.9,314.3,13.5,39.6,0.938
588,-1,0.0,279.6,19.9,142.3,0.937
588,-1,1057.3,320.7,20.5,59.0,0.936
588,-1,637.3,313.3,12.8,39.7,0.922
588,-1,1780.9,249.9,66.9,90.5,0.914
588,-1,599.3,315.2,22.1,48.4,0.885
588,-1,612.0,316.3,20.2,48.1,0.880
588,-1,688.8,315.7,12.9,37.4,0.875
588,-1,620.3,314.3,13.6,46.8,0.617
588,-1,0.0,270.8,8.6,159.4,0.373
588,-1,975.3,320.7,23.3,37.3,0.268
588,-1,1004.0,318.1,15.6,25.0,0.182
588,-1,673.9,311.3,14.7,42.9,0.159
588,-1,985.6,322.9,17.0,28.0,0.134
588,-1,1242.7,314.3,26.6,93.1,0.093
588,-1,963.5,324.7,28.1,31.5,0.088
588,-1,1001.7,317.8,18.9,42.6,0.075
588,-1,981.9,321.1,26.8,37.9,0.053
589,-1,1530.4,213.4,148.5,536.7,0.999
589,-1,739.2,290.5,61.6,173.2,0.998
589,-1,832.6,299.3,50.7,167.5,0.998
589,-1,1633.3,176.5,168.2,660.9,0.997
589,-1,1126.2,314.0,51.7,133.1,0.997
589,-1,1023.3,317.0,27.8,71.5,0.996
589,-1,44.0,297.9,43.4,108.8,0.995
589,-1,101.8,297.5,34.9,106.9,0.994
589,-1,709.1,320.1,21.4,57.1,0.993
589,-1,906.4,329.6,51.7,111.1,0.987
589,-1,1242.8,304.3,57.4,140.8,0.987
589,-1,955.8,342.7,39.2,99.4,0.974
589,-1,672.7,319.4,12.1,38.3,0.973
589,-1,0.2,284.7,22.2,141.4,0.969
589,-1,1090.0,323.7,21.6,61.7,0.963
589,-1,727.6,311.3,25.4,105.8,0.959
589,-1,655.2,317.1,11.8,41.7,0.924
589,-1,690.3,320.2,12.7,37.3,0.912
589,-1,641.3,318.2,11.2,38.6,0.907
589,-1,1061.2,323.3,17.9,61.4,0.898
589,-1,613.3,321.4,15.0,45.2,0.875
589,-1,601.8,317.9,15.9,48.6,0.861
589,-1,1787.5,238.8,65.4,102.7,0.820
589,-1,621.1,319.3,15.5,48.7,0.786
589,-1,1349.5,292.2,21.8,70.5,0.686
589,-1,988.0,342.1,23.7,67.7,0.536
589,-1,933.3,336.4,26.8,103.1,0.415
589,-1,1350.4,292.6,22.7,38.1,0.298
589,-1,893.7,357.5,22.9,72.0,0.249
589,-1,1343.3,285.8,33.9,157.2,0.223
589,-1,1011.9,320.3,11.7,30.9,0.218
589,-1,476.4,341.3,37.6,88.3,0.177
589,-1,1163.8,317.8,18.7,65.5,0.173
589,-1,1861.4,316.2,55.8,178.7,0.138
589,-1,957.8,319.9,13.0,22.9,0.134
589,-1,975.9,334.8,39.2,107.2,0.130
589,-1,1008.9,319.4,10.4,26.8,0.126
589,-1,984.2,327.5,16.5,29.9,0.123
589,-1,965.0,328.9,17.2,30.7,0.114
589,-1,921.5,331.2,35.9,73.6,0.110
589,-1,1242.6,323.2,26.8,74.6,0.091
589,-1,981.0,337.5,23.9,67.7,0.086
589,-1,895.2,357.8,18.0,34.6,0.073
589,-1,1176.9,322.9,13.3,61.4,0.071
589,-1,965.8,323.3,12.9,24.6,0.069
589,-1,801.2,314.7,9.2,34.0,0.063
589,-1,1787.0,223.3,125.4,286.5,0.063
589,-1,960.9,318.5,13.1,29.9,0.061
589,-1,994.1,334.6,18.9,58.7,0.055
590,-1,1535.0,216.3,151.4,536.7,0.999
590,-1,1632.1,171.7,186.3,680.3,0.998
590,-1,833.0,302.4,48.7,162.9,0.992
590,-1,736.6,292.3,64.2,171.6,0.990
590,-1,1126.9,324.7,49.2,124.0,0.990
590,-1,96.1,301.0,41.5,103.4,0.987
590,-1,43.5,302.1,38.0,106.0,0.958
590,-1,904.4,333.3,51.9,111.5,0.953
590,-1,1021.8,321.8,28.2,70.1,0.947
590,-1,1253.9,303.7,47.0,143.2,0.934
590,-1,723.9,311.0,29.7,105.4,0.877
590,-1,955.6,342.8,39.5,98.1,0.799
590,-1,601.3,318.5,24.2,50.0,0.700
590,-1,1261.3,305.7,36.0,84.0,0.691
590,-1,616.7,319.4,16.8,49.0,0.682
590,-1,0.0,278.5,16.8,144.6,0.607
590,-1,939.5,331.0,43.7,113.1,0.430
590,-1,924.4,338.3,43.0,104.9,0.309
590,-1,967.6,335.3,31.3,80.4,0.296
590,-1,1791.7,254.0,65.5,86.8,0.294
590,-1,1091.2,344.3,20.5,38.7,0.273
590,-1,965.5,338.7,49.6,105.6,0.168
590,-1,998.2,322.1,27.7,23.0,0.152
590,-1,999.6,321.5,20.8,53.7,0.128
590,-1,988.4,347.0,26.1,64.3,0.102
590,-1,1341.6,303.4,39.9,137.1,0.084
590,-1,952.1,339.0,29.7,75.1,0.070
590,-1,972.9,330.8,24.1,36.0,0.057
591,-1,1652.9,175.7,181.1,672.0,0.998
591,-1,736.2,294.5,70.7,173.2,0.998
591,-1,1128.4,316.6,52.5,135.2,0.998
591,-1,834.6,302.0,53.3,166.7,0.998
591,-1,1542.5,213.1,154.1,546.6,0.998
591,-1,45.6,303.6,35.8,104.0,0.997
591,-1,96.7,301.6,39.8,108.0,0.997
591,-1,1251.4,305.4,53.8,143.6,0.991
591,-1,1027.3,320.5,28.4,70.9,0.989
591,-1,908.8,334.5,51.7,110.4,0.985
591,-1,712.2,323.1,20.3,57.1,0.976
591,-1,675.6,323.1,13.2,37.4,0.970
591,-1,1065.7,327.0,18.4,60.0,0.950
591,-1,952.1,346.7,50.4,98.8,0.945
591,-1,1094.0,334.0,23.3,53.3,0.943
591,-1,656.6,319.6,12.7,40.9,0.942
591,-1,619.6,322.3,18.0,49.8,0.911
591,-1,694.2,322.9,12.7,37.7,0.899
591,-1,731.1,318.9,22.9,85.4,0.869
591,-1,0.0,296.4,21.5,130.6,0.863
591,-1,1805.4,252.8,58.1,90.2,0.738
591,-1,644.6,320.3,10.6,38.5,0.723
591,-1,627.2,321.4,13.5,46.9,0.666
591,-1,604.7,320.3,17.6,47.6,0.622
591,-1,610.5,322.7,16.8,48.3,0.520
591,-1,933.9,341.4,51.0,104.6,0.500
591,-1,981.6,327.2,24.0,32.7,0.439
591,-1,1006.5,323.9,16.5,24.7,0.282
591,-1,623.9,320.7,13.5,34.7,0.226
591,-1,969.8,329.0,24.1,30.2,0.130
591,-1,916.5,335.1,44.0,64.8,0.108
591,-1,608.7,319.7,15.7,33.1,0.100
591,-1,613.5,321.6,15.9,28.6,0.095
591,-1,285.2,312.7,38.4,115.0,0.083
591,-1,1182.0,355.1,13.7,37.4,0.078
591,-1,988.7,326.0,23.6,40.0,0.073
591,-1,975.0,326.6,31.2,70.7,0.071
591,-1,1552.2,216.5,121.3,315.8,0.064
591,-1,992.9,351.1,24.4,59.0,0.059
591,-1,736.6,232.2,77.4,74.0,0.053
591,-1,973.7,324.7,26.3,24.6,0.052
591,-1,683.2,317.8,13.7,41.9,0.051
591,-1,653.0,322.3,10.2,37.3,0.050
592,-1,737.8,295.9,68.9,171.3,0.998
592,-1,1656.6,170.2,184.6,699.5,0.998
592,-1,1551.8,211.4,153.3,562.0,0.998
592,-1,97.1,304.3,34.0,106.5,0.998
592,-1,1126.8,317.2,54.6,136.1,0.998
592,-1,834.5,303.6,53.4,167.2,0.997
592,-1,1253.3,306.5,52.6,146.8,0.995
592,-1,45.1,304.7,35.0,105.4,0.994
592,-1,1028.9,322.1,26.9,69.3,0.993
592,-1,715.0,324.6,19.9,56.0,0.984
592,-1,909.6,335.7,51.8,110.9,0.982
592,-1,657.3,319.9,13.0,42.1,0.970
592,-1,955.3,347.3,48.2,99.3,0.964
592,-1,676.0,325.9,12.8,35.8,0.957
592,-1,1067.1,327.6,17.9,59.6,0.951
592,-1,731.6,319.3,23.7,102.9,0.895
592,-1,1094.3,328.5,25.4,58.1,0.892
592,-1,694.0,324.6,13.9,36.4,0.881
592,-1,620.0,323.5,17.8,48.6,0.859
592,-1,0.0,299.9,19.9,128.2,0.740
592,-1,604.6,322.6,17.9,45.5,0.731
592,-1,1811.2,246.0,55.9,96.0,0.642
592,-1,112.8,303.7,21.2,100.5,0.626
592,-1,644.2,320.4,12.3,40.0,0.608
592,-1,983.1,330.6,21.8,32.1,0.464
592,-1,626.9,320.2,14.6,48.7,0.457
592,-1,615.5,327.0,15.9,44.2,0.412
592,-1,936.5,349.6,29.7,96.9,0.317
592,-1,970.6,329.3,25.7,28.9,0.209
592,-1,1010.6,324.3,15.2,26.3,0.199
592,-1,943.8,346.1,36.9,99.6,0.186
592,-1,991.7,327.0,15.5,24.7,0.169
592,-1,612.8,322.9,15.5,31.9,0.124
592,-1,1008.4,324.5,20.3,53.1,0.099
592,-1,654.0,321.7,11.3,39.5,0.095
592,-1,799.7,318.0,13.7,27.1,0.092
592,-1,1167.6,328.5,18.1,61.3,0.083
592,-1,990.3,329.1,22.6,35.6,0.058
592,-1,1356.4,308.1,30.7,69.1,0.057
592,-1,1005.5,325.9,12.9,26.2,0.053
592,-1,1182.7,356.3,13.6,37.5,0.051
593,-1,1678.2,169.9,183.5,708.5,0.999
593,-1,92.5,305.5,33.1,108.9,0.999
593,-1,1562.1,214.8,158.5,561.2,0.999
593,-1,1127.0,316.8,52.7,134.7,0.999
593,-1,735.6,296.8,71.8,174.0,0.998
593,-1,834.0,306.1,53.4,164.4,0.998
593,-1,1028.8,320.2,27.7,72.6,0.994
593,-1,1255.6,308.2,55.0,147.6,0.994
593,-1,676.6,324.6,12.9,38.9,0.990
593,-1,40.1,309.6,35.7,107.6,0.987
593,-1,715.8,327.7,18.7,53.5,0.983
593,-1,911.4,337.6,51.9,110.4,0.982
593,-1,693.7,326.2,13.8,39.0,0.979
593,-1,658.4,323.6,11.7,40.1,0.976
593,-1,1094.8,329.3,25.9,59.4,0.975
593,-1,956.5,350.3,47.0,98.2,0.967
593,-1,1069.0,326.8,17.1,61.6,0.963
593,-1,644.2,321.9,13.0,43.5,0.937
593,-1,621.3,326.0,15.8,48.2,0.905
593,-1,606.4,324.6,18.9,49.7,0.827
593,-1,986.8,332.6,21.4,32.6,0.716
593,-1,617.1,326.5,13.9,47.2,0.682
593,-1,628.3,328.1,13.5,45.6,0.625
593,-1,1831.1,245.6,39.1,94.3,0.398
593,-1,1185.1,356.3,13.5,35.9,0.391
593,-1,730.8,320.1,21.4,80.9,0.367
593,-1,1013.5,324.7,11.0,26.7,0.365
593,-1,937.0,345.2,30.7,103.2,0.312
593,-1,970.4,331.2,19.6,30.5,0.306
593,-1,993.2,328.4,13.7,25.3,0.254
593,-1,724.6,325.2,16.7,55.3,0.251
593,-1,927.1,335.8,36.5,68.9,0.250
593,-1,0.0,292.1,13.1,155.8,0.217
593,-1,106.3,306.7,24.5,98.3,0.207
593,-1,957.2,328.2,21.6,21.9,0.190
593,-1,1170.1,336.1,15.1,51.5,0.178
593,-1,982.3,328.4,20.0,31.2,0.168
593,-1,603.5,326.1,14.3,39.9,0.154
593,-1,652.9,323.7,12.0,39.7,0.106
593,-1,650.0,324.4,10.0,38.5,0.082
593,-1,962.7,332.4,22.8,39.5,0.066
594,-1,834.3,309.3,54.1,165.6,0.999
594,-1,92.5,306.1,32.8,109.8,0.999
594,-1,1563.8,208.7,156.7,578.7,0.998
594,-1,1675.5,170.9,192.6,712.4,0.998
594,-1,39.9,310.7,35.5,108.4,0.998
594,-1,1127.6,317.5,52.9,135.0,0.998
594,-1,737.2,299.6,69.7,171.8,0.998
594,-1,1258.8,308.6,56.6,149.3,0.995
594,-1,715.3,328.5,21.1,54.1,0.988
594,-1,1028.6,320.7,28.9,74.3,0.988
594,-1,677.8,325.7,12.9,39.6,0.984
594,-1,911.3,339.0,51.6,111.1,0.980
594,-1,659.0,322.9,11.9,43.6,0.964
594,-1,1095.5,331.4,25.8,59.2,0.963
594,-1,957.1,350.7,47.7,100.3,0.963
594,-1,694.8,327.5,13.2,37.7,0.960
594,-1,619.6,326.2,16.4,49.0,0.922
594,-1,1069.9,328.9,17.3,60.0,0.909
594,-1,606.2,325.9,17.1,47.7,0.865
594,-1,627.3,326.8,15.0,47.9,0.816
594,-1,646.0,324.5,10.7,40.3,0.803
594,-1,986.4,332.2,21.9,36.4,0.567
594,-1,931.8,345.6,48.6,105.6,0.517
594,-1,1010.7,325.1,11.5,25.2,0.450
594,-1,733.9,318.0,27.0,96.9,0.449
594,-1,615.7,327.6,13.3,46.4,0.371
594,-1,732.9,330.7,17.3,55.1,0.269
594,-1,612.8,343.4,13.7,31.2,0.263
594,-1,107.1,310.3,22.1,94.6,0.235
594,-1,1170.2,342.0,16.9,45.7,0.224
594,-1,1015.7,325.3,11.7,26.7,0.179
594,-1,926.1,339.8,37.5,52.7,0.176
594,-1,1183.4,347.7,16.3,43.9,0.174
594,-1,477.1,348.6,38.1,87.8,0.173
594,-1,993.2,329.3,14.7,30.1,0.157
594,-1,604.0,325.9,13.8,37.9,0.122
594,-1,973.9,331.5,16.4,23.9,0.115
594,-1,1062.0,328.2,12.2,34.9,0.105
594,-1,812.5,317.2,10.9,31.1,0.090
594,-1,967.0,350.1,35.3,61.7,0.080
594,-1,981.3,333.7,28.4,57.8,0.080
594,-1,978.5,329.7,18.2,27.5,0.076
594,-1,1575.8,216.0,125.3,334.0,0.075
594,-1,651.8,325.7,10.0,38.3,0.072
594,-1,995.1,354.6,24.5,39.9,0.067
594,-1,1820.4,195.3,99.6,653.2,0.065
594,-1,1836.5,238.8,40.5,104.0,0.061
594,-1,971.0,333.4,22.3,31.8,0.055
595,-1,832.6,309.9,54.6,165.1,0.999
595,-1,1690.0,173.3,191.9,721.1,0.999
595,-1,736.2,300.2,70.8,171.9,0.998
595,-1,1573.6,213.6,159.9,576.3,0.998
595,-1,1127.3,318.6,53.6,134.6,0.998
595,-1,87.5,308.1,32.3,108.7,0.998
595,-1,34.8,313.9,35.6,105.5,0.998
595,-1,1258.1,310.9,60.9,149.7,0.997
595,-1,1029.2,320.4,27.9,75.4,0.992
595,-1,676.8,327.5,13.3,38.5,0.991
595,-1,715.2,329.3,20.3,54.4,0.987
595,-1,1096.7,331.6,24.2,58.9,0.985
595,-1,657.5,324.0,12.5,43.1,0.982
595,-1,911.8,339.0,51.8,111.4,0.979
595,-1,957.0,351.5,46.8,101.8,0.976
595,-1,692.9,328.0,14.0,38.9,0.975
595,-1,626.2,328.7,16.3,46.4,0.958
595,-1,1070.6,327.8,17.5,62.2,0.907
595,-1,618.6,328.6,14.5,46.6,0.896
595,-1,605.2,325.3,17.1,49.4,0.882
595,-1,644.5,324.7,11.6,41.2,0.850
595,-1,987.2,332.9,21.5,34.9,0.538
595,-1,613.2,328.8,14.2,46.4,0.514
595,-1,733.4,328.0,20.3,91.6,0.477
595,-1,1012.1,327.1,10.1,25.2,0.409
595,-1,1062.2,330.3,10.5,34.0,0.385
595,-1,928.4,339.4,35.3,46.8,0.374
595,-1,1015.7,327.0,11.8,30.6,0.243
595,-1,940.5,347.2,38.0,104.9,0.237
595,-1,1008.1,328.7,10.3,24.9,0.235
595,-1,1170.1,339.2,15.8,50.6,0.173
595,-1,995.7,330.0,11.4,22.3,0.171
595,-1,1185.4,357.6,12.8,35.5,0.158
595,-1,974.5,332.6,13.6,22.0,0.104
595,-1,970.2,333.8,20.3,28.8,0.094
595,-1,1008.4,332.1,18.0,45.2,0.088
595,-1,959.1,332.8,15.9,18.1,0.082
595,-1,651.5,326.3,11.6,38.5,0.078
595,-1,1066.7,330.2,9.3,32.6,0.074
595,-1,979.5,332.8,21.5,31.3,0.065
596,-1,833.0,314.3,54.5,165.1,0.999
596,-1,1580.4,214.7,172.1,583.0,0.998
596,-1,735.6,299.7,71.5,172.9,0.998
596,-1,1704.3,174.9,197.1,724.7,0.998
596,-1,1130.7,320.2,53.4,133.5,0.997
596,-1,33.6,315.3,35.5,105.4,0.997
596,-1,85.6,308.7,34.3,110.3,0.997
596,-1,1262.0,310.9,59.2,150.9,0.994
596,-1,1031.3,322.3,26.2,74.7,0.991
596,-1,919.6,341.2,45.6,111.1,0.981
596,-1,963.7,352.8,40.8,100.0,0.970
596,-1,678.2,328.6,12.5,38.0,0.961
596,-1,715.9,327.5,19.1,56.6,0.960
596,-1,658.8,328.7,11.5,38.6,0.943
596,-1,627.2,328.3,15.8,47.8,0.938
596,-1,1070.0,327.2,18.0,63.8,0.933
596,-1,694.5,329.0,12.3,38.0,0.922
596,-1,643.9,327.0,11.5,40.0,0.915
596,-1,1098.0,330.9,23.9,63.9,0.911
596,-1,619.4,329.0,13.7,46.8,0.788
596,-1,607.1,326.8,15.7,50.0,0.723
596,-1,475.2,354.4,37.8,85.6,0.465
596,-1,991.3,332.7,15.2,35.6,0.315
596,-1,1171.5,344.2,16.1,43.2,0.314
596,-1,723.5,329.1,16.2,54.8,0.280
596,-1,732.5,329.0,23.9,91.2,0.213
596,-1,1012.5,327.1,9.0,23.8,0.187
596,-1,1064.1,330.9,9.9,32.1,0.185
596,-1,886.9,342.7,19.3,58.0,0.185
596,-1,731.4,330.5,19.4,61.3,0.182
596,-1,995.7,354.5,23.2,61.6,0.171
596,-1,930.1,339.5,32.2,51.8,0.151
596,-1,1185.1,351.4,13.2,39.8,0.151
596,-1,1018.7,327.0,12.9,32.5,0.143
596,-1,895.1,371.4,30.0,76.7,0.127
596,-1,996.6,332.6,11.9,28.1,0.115
596,-1,820.9,324.2,10.9,27.9,0.113
596,-1,976.5,329.7,14.3,28.0,0.108
596,-1,1176.7,346.6,14.8,43.5,0.074
596,-1,1304.4,326.8,18.0,102.2,0.070
596,-1,964.4,330.9,14.8,22.0,0.068
596,-1,1258.8,321.2,32.2,86.9,0.065
596,-1,101.8,317.9,23.3,95.8,0.058
596,-1,1008.5,328.0,14.8,37.3,0.054
596,-1,963.6,333.0,16.4,37.7,0.051
597,-1,832.3,314.6,55.1,161.1,0.999
597,-1,1578.8,213.2,180.5,591.0,0.998
597,-1,79.0,309.3,42.5,111.9,0.998
597,-1,1707.0,171.0,203.2,741.9,0.998
597,-1,736.8,302.2,70.5,170.8,0.997
597,-1,1133.1,318.7,50.1,135.5,0.997
597,-1,31.6,316.1,36.9,104.5,0.997
597,-1,1260.5,311.3,62.5,149.2,0.997
597,-1,1070.8,326.8,19.7,63.9,0.990
597,-1,1031.7,321.8,26.3,74.9,0.986
597,-1,659.1,323.5,13.6,44.3,0.982
597,-1,1098.3,331.2,25.9,61.1,0.972
597,-1,963.6,353.5,41.2,98.0,0.969
597,-1,912.3,340.0,51.9,111.9,0.969
597,-1,678.1,327.7,13.0,38.5,0.951
597,-1,715.8,325.4,20.8,58.9,0.942
597,-1,625.4,327.8,18.9,48.6,0.923
597,-1,606.2,326.8,19.9,49.0,0.909
597,-1,644.6,325.0,11.9,40.1,0.845
597,-1,695.2,327.6,13.4,36.7,0.841
597,-1,731.6,332.4,19.9,54.6,0.684
597,-1,618.5,329.6,17.9,47.9,0.666
597,-1,991.4,330.0,17.4,34.7,0.376
597,-1,926.0,340.6,39.6,62.3,0.352
597,-1,936.2,342.7,30.9,109.6,0.322
597,-1,1170.3,341.8,16.6,45.4,0.288
597,-1,1010.7,326.6,12.5,24.3,0.279
597,-1,723.5,327.7,21.8,57.1,0.270
597,-1,1186.5,352.8,14.4,38.8,0.218
597,-1,1018.7,326.1,14.1,30.9,0.193
597,-1,1720.8,267.6,20.9,32.5,0.170
597,-1,585.5,323.7,15.3,35.1,0.106
597,-1,1010.2,326.5,17.8,50.7,0.106
597,-1,473.5,349.9,41.9,84.0,0.106
597,-1,98.2,315.2,24.0,98.9,0.084
597,-1,652.9,324.4,14.5,41.6,0.062
598,-1,831.3,321.0,57.6,163.6,0.999
598,-1,1595.2,211.1,171.4,605.6,0.999
598,-1,736.4,307.0,70.5,170.3,0.998
598,-1,68.3,315.4,48.8,108.6,0.998
598,-1,1716.8,173.7,202.0,741.3,0.998
598,-1,1132.8,324.2,48.2,131.2,0.997
598,-1,19.4,321.0,46.8,106.3,0.995
598,-1,714.0,331.1,24.8,61.3,0.992
598,-1,1263.3,313.9,65.4,145.1,0.989
598,-1,1032.1,329.4,26.1,69.8,0.988
598,-1,1071.8,333.4,16.4,61.1,0.984
598,-1,920.9,345.9,46.0,111.0,0.980
598,-1,678.6,330.2,13.0,41.3,0.972
598,-1,961.8,355.8,45.2,100.9,0.965
598,-1,658.6,329.1,12.4,42.9,0.955
598,-1,1100.4,337.7,22.8,59.8,0.951
598,-1,624.7,332.3,21.7,49.9,0.911
598,-1,694.6,332.3,13.4,39.2,0.888
598,-1,645.6,329.3,11.6,41.4,0.885
598,-1,619.2,332.2,18.9,49.2,0.827
598,-1,606.8,331.7,18.6,49.8,0.803
598,-1,990.7,333.8,19.9,38.0,0.360
598,-1,477.4,356.9,35.6,88.3,0.358
598,-1,996.8,359.6,26.1,61.5,0.249
598,-1,1019.8,330.2,12.5,31.5,0.231
598,-1,1063.8,335.7,10.4,33.7,0.225
598,-1,728.3,334.7,18.2,56.9,0.180
598,-1,1171.4,349.0,16.7,41.9,0.153
598,-1,1186.7,358.6,15.0,38.2,0.152
598,-1,898.8,369.7,27.4,76.8,0.151
598,-1,1013.6,329.1,10.1,27.3,0.145
598,-1,731.2,335.8,23.3,68.9,0.140
598,-1,914.2,358.1,30.4,97.4,0.122
598,-1,935.1,341.7,31.1,50.2,0.119
598,-1,1016.0,329.7,11.9,29.3,0.090
598,-1,1729.1,230.1,85.0,143.8,0.089
598,-1,936.7,346.5,32.1,83.9,0.086
598,-1,992.1,331.8,13.7,24.0,0.060
598,-1,92.9,324.0,24.8,95.8,0.052
598,-1,967.9,357.1,33.4,59.0,0.051
599,-1,830.1,322.0,54.1,162.4,0.999
599,-1,1604.8,212.4,174.6,606.8,0.999
599,-1,71.5,316.9,47.3,109.7,0.998
599,-1,738.9,309.0,70.0,171.8,0.998
599,-1,1265.7,314.4,67.9,153.7,0.998
599,-1,1727.6,168.8,192.0,761.1,0.997
599,-1,1135.0,324.5,49.0,134.3,0.996
599,-1,17.6,322.3,51.8,107.7,0.996
599,-1,1034.8,331.5,26.5,68.5,0.988
599,-1,919.7,346.3,50.0,111.8,0.983
599,-1,1072.6,334.0,20.1,64.0,0.970
599,-1,716.4,334.6,21.9,57.9,0.967
599,-1,963.8,355.0,48.2,103.1,0.964
599,-1,1102.0,337.7,24.0,60.6,0.955
599,-1,608.2,332.9,19.9,49.3,0.874
599,-1,660.4,329.1,13.3,42.4,0.873
599,-1,625.7,332.2,22.9,50.8,0.866
599,-1,680.3,333.4,13.4,38.1,0.713
599,-1,646.3,330.7,12.2,40.9,0.653
599,-1,682.4,314.9,15.9,55.7,0.621
599,-1,617.7,335.4,19.7,47.8,0.524
599,-1,697.5,333.9,15.2,34.8,0.367
599,-1,1010.9,333.3,21.2,51.5,0.361
599,-1,735.0,338.2,21.2,58.7,0.294
599,-1,1187.0,356.3,16.4,42.1,0.262
599,-1,997.4,358.1,29.1,65.2,0.251
599,-1,1172.1,348.0,16.9,45.2,0.230
599,-1,1014.9,332.2,15.9,30.1,0.161
599,-1,992.7,338.5,19.4,34.8,0.151
599,-1,1004.8,342.8,23.8,57.1,0.136
599,-1,1731.5,214.6,121.6,165.1,0.119
599,-1,709.7,317.4,38.6,76.5,0.119
599,-1,673.5,319.1,15.3,51.7,0.115
599,-1,944.1,356.4,35.3,100.8,0.104
599,-1,667.6,315.3,16.7,57.2,0.078
599,-1,1617.1,215.4,145.3,322.0,0.073
599,-1,1731.9,174.6,170.6,249.5,0.069
599,-1,1784.8,284.9,62.1,71.7,0.059
600,-1,831.1,322.4,52.6,164.8,0.999
600,-1,741.4,312.0,68.0,172.2,0.999
600,-1,69.2,322.1,48.7,110.4,0.998
600,-1,1269.7,318.0,67.0,153.2,0.998
600,-1,1136.5,328.3,50.5,134.3,0.998
600,-1,1617.4,209.4,179.0,614.0,0.998
600,-1,1754.6,166.6,162.4,763.2,0.998
600,-1,23.3,325.3,35.5,107.7,0.996
600,-1,680.6,336.7,14.3,41.2,0.995
600,-1,1105.1,338.5,22.6,63.9,0.995
600,-1,1036.4,335.3,25.7,69.6,0.994
600,-1,1074.5,338.7,19.7,63.5,0.993
600,-1,918.5,348.2,52.7,113.3,0.991
600,-1,718.7,337.5,22.6,57.8,0.986
600,-1,662.6,335.8,11.1,41.6,0.973
600,-1,965.8,361.7,46.2,100.1,0.968
600,-1,698.0,337.9,13.8,39.5,0.951
600,-1,632.3,338.2,18.1,48.6,0.950
600,-1,648.9,337.4,10.9,37.7,0.893
600,-1,620.9,338.0,15.9,48.8,0.874
600,-1,609.6,335.8,15.4,49.3,0.825
600,-1,613.9,337.8,17.2,48.7,0.707
600,-1,1022.7,337.3,11.2,27.7,0.309
600,-1,737.1,341.2,19.0,56.0,0.304
600,-1,995.0,348.2,19.0,33.7,0.304
600,-1,652.7,337.5,11.0,35.7,0.285
600,-1,1018.9,335.5,9.4,25.5,0.274
600,-1,1015.9,336.9,8.6,24.5,0.212
600,-1,1175.5,351.6,14.8,47.8,0.152
600,-1,998.3,362.0,25.6,59.7,0.152
600,-1,1754.4,231.4,89.2,147.8,0.148
600,-1,1019.0,336.2,13.4,48.2,0.126
600,-1,935.2,346.7,35.9,51.7,0.115
600,-1,1750.3,179.3,123.9,216.0,0.088
600,-1,998.8,342.2,12.0,28.0,0.085
600,-1,104.3,348.6,15.2,57.3,0.073
600,-1,1012.9,340.2,14.6,39.2,0.071
600,-1,981.1,342.0,13.6,25.0,0.069
600,-1,1026.6,336.4,11.7,31.1,0.065
600,-1,941.4,354.6,33.5,106.0,0.063
600,-1,95.5,337.8,23.5,85.3,0.056
600,-1,685.7,339.4,12.0,36.1,0.055
600,-1,892.0,376.5,37.0,81.8,0.052
601,-1,73.6,324.9,45.5,109.8,0.999
601,-1,834.8,322.2,51.5,168.4,0.999
601,-1,1626.5,213.8,177.7,618.5,0.999
601,-1,745.7,316.0,69.2,171.7,0.998
601,-1,1272.2,319.9,68.1,153.6,0.998
601,-1,1139.6,336.3,46.4,130.1,0.998
601,-1,1772.9,161.7,142.4,789.9,0.997
601,-1,22.7,329.0,36.6,106.7,0.995
601,-1,921.2,352.5,53.1,111.1,0.991
601,-1,1038.4,338.7,25.7,69.4,0.989
601,-1,720.8,343.6,21.9,55.6,0.984
601,-1,1107.9,344.2,21.9,60.2,0.980
601,-1,684.7,341.4,12.7,39.3,0.978
601,-1,1076.5,343.0,18.5,62.8,0.976
601,-1,700.3,343.2,13.8,39.2,0.971
601,-1,969.3,364.0,44.4,103.8,0.970
601,-1,664.4,338.3,12.0,42.3,0.957
601,-1,632.7,342.3,20.9,48.4,0.949
601,-1,650.5,341.4,11.9,38.3,0.872
601,-1,624.0,342.2,16.8,48.5,0.797
601,-1,612.8,339.5,14.0,50.1,0.687
601,-1,996.4,345.6,19.0,38.0,0.586
601,-1,1015.5,338.0,17.1,46.7,0.517
601,-1,616.5,350.0,14.2,40.5,0.396
601,-1,1194.9,363.9,15.1,40.8,0.276
601,-1,985.2,342.9,13.3,26.6,0.218
601,-1,894.2,354.6,19.6,62.2,0.213
601,-1,1177.8,356.3,15.5,43.9,0.210
601,-1,1018.0,336.5,14.1,29.8,0.202
601,-1,478.3,366.0,39.3,89.6,0.185
601,-1,1782.0,254.6,79.2,124.8,0.168
601,-1,1021.0,336.3,17.9,57.0,0.153
601,-1,933.0,353.3,39.2,56.0,0.129
601,-1,94.0,342.2,24.9,85.4,0.121
601,-1,972.5,336.8,15.7,29.4,0.093
601,-1,824.1,330.2,16.4,50.7,0.093
601,-1,740.1,346.8,17.6,54.4,0.087
601,-1,641.6,342.8,16.1,40.7,0.080
601,-1,994.5,343.3,13.6,32.8,0.075
601,-1,659.3,340.4,11.9,38.8,0.072
601,-1,995.4,351.1,25.2,73.1,0.072
601,-1,988.9,344.5,14.1,30.7,0.056
601,-1,947.6,370.6,28.5,94.0,0.056
602,-1,1278.9,322.3,67.8,154.4,0.998
602,-1,72.5,327.3,47.0,110.3,0.998
602,-1,1635.7,206.5,177.4,639.6,0.998
602,-1,836.3,327.4,50.0,162.8,0.998
602,-1,1144.2,337.9,48.8,131.8,0.997
602,-1,22.4,332.2,35.8,106.9,0.997
602,-1,746.2,314.8,69.9,175.4,0.997
602,-1,1780.5,163.8,139.4,802.7,0.995
602,-1,1040.0,342.1,28.1,67.0,0.992
602,-1,922.3,356.2,53.6,111.6,0.966
602,-1,1077.4,344.0,22.5,64.3,0.961
602,-1,631.1,344.2,25.8,50.1,0.956
602,-1,722.1,341.7,23.0,58.7,0.951
602,-1,968.7,365.4,47.9,103.0,0.944
602,-1,1110.2,345.8,23.9,61.4,0.925
602,-1,665.3,341.7,12.6,40.3,0.888
602,-1,686.2,343.1,13.0,38.0,0.772
602,-1,1707.2,187.1,183.4,702.0,0.721
602,-1,617.5,343.5,21.2,49.4,0.703
602,-1,703.6,343.8,14.4,35.0,0.552
602,-1,653.2,342.4,11.0,38.6,0.377
602,-1,1019.5,342.7,18.8,26.7,0.299
602,-1,1002.5,347.8,21.8,36.0,0.280
602,-1,689.7,328.2,17.9,53.3,0.279
602,-1,744.5,348.0,18.8,55.6,0.245
602,-1,932.2,353.7,44.4,61.7,0.233
602,-1,944.9,362.9,36.4,104.9,0.213
602,-1,1019.2,343.1,21.7,53.5,0.161
602,-1,1193.9,369.2,20.7,39.2,0.146
602,-1,96.3,351.9,23.0,74.3,0.126
602,-1,1003.4,358.2,29.6,55.0,0.117
602,-1,641.2,344.5,18.6,42.8,0.087
602,-1,477.1,365.0,43.2,86.8,0.079
602,-1,1178.1,355.5,18.6,51.7,0.068
602,-1,1791.4,167.0,127.7,246.0,0.062
602,-1,813.8,333.8,15.2,36.8,0.058
603,-1,1661.5,214.7,191.0,641.2,0.999
603,-1,749.7,324.3,68.6,174.5,0.999
603,-1,1289.5,328.1,64.6,158.7,0.998
603,-1,838.4,336.2,51.0,163.7,0.997
603,-1,69.0,334.5,48.5,115.2,0.996
603,-1,1149.7,344.1,43.1,134.1,0.994
603,-1,1813.5,181.9,106.5,804.5,0.994
603,-1,924.3,362.7,52.4,116.0,0.979
603,-1,1045.1,349.9,27.2,70.6,0.967
603,-1,20.8,340.8,36.0,107.8,0.941
603,-1,963.1,372.1,55.4,106.9,0.940
603,-1,1114.9,361.6,22.6,56.6,0.892
603,-1,724.8,353.0,24.2,58.4,0.844
603,-1,1078.8,352.0,27.5,66.3,0.836
603,-1,626.2,353.4,23.8,49.8,0.813
603,-1,688.6,354.0,12.8,38.1,0.707
603,-1,636.8,352.4,16.3,48.2,0.569
603,-1,665.6,351.2,14.1,42.1,0.561
603,-1,1019.0,348.9,23.9,67.5,0.523
603,-1,695.4,350.6,16.7,42.3,0.370
603,-1,1823.4,185.6,96.1,385.6,0.347
603,-1,1186.7,394.5,36.0,31.2,0.278
603,-1,994.6,367.9,41.7,108.3,0.241
603,-1,618.2,353.3,19.3,45.0,0.226
603,-1,1012.1,368.8,25.5,73.3,0.224
603,-1,991.5,364.0,32.6,76.1,0.219
603,-1,956.8,382.0,34.5,94.8,0.209
603,-1,1862.5,223.4,57.5,155.3,0.198
603,-1,1830.5,178.7,89.2,214.2,0.186
603,-1,1026.8,347.3,20.3,55.2,0.179
603,-1,1814.4,292.1,22.9,24.9,0.170
603,-1,906.4,375.7,47.1,98.2,0.157
603,-1,993.7,356.8,27.9,51.5,0.149
603,-1,648.3,347.8,16.2,48.7,0.146
603,-1,704.8,354.3,16.4,38.4,0.144
603,-1,615.8,350.7,15.8,35.7,0.105
603,-1,1822.1,336.9,97.5,106.0,0.092
603,-1,993.6,355.1,24.5,30.6,0.088
603,-1,806.3,350.4,16.5,42.9,0.060
603,-1,1180.6,363.3,27.4,62.2,0.059
604,-1,758.9,328.3,64.4,170.7,0.999
604,-1,1663.6,214.5,198.1,654.2,0.999
604,-1,71.1,337.3,48.0,112.5,0.999
604,-1,1297.7,331.3,62.9,158.3,0.998
604,-1,1153.9,343.8,45.2,134.6,0.998
604,-1,840.4,336.2,52.7,161.8,0.998
604,-1,22.5,342.4,35.6,108.0,0.994
604,-1,1047.4,348.7,28.2,70.5,0.991
604,-1,730.8,355.3,22.1,54.8,0.991
604,-1,671.3,351.6,13.1,44.0,0.989
604,-1,926.7,365.2,55.0,114.5,0.983
604,-1,692.3,355.1,13.6,37.6,0.982
604,-1,1084.7,356.6,21.2,59.4,0.979
604,-1,1119.5,356.7,21.9,59.8,0.961
604,-1,966.6,376.1,55.5,104.0,0.954
604,-1,642.2,352.6,20.5,51.5,0.943
604,-1,707.4,353.9,16.8,41.7,0.900
604,-1,1818.4,174.5,101.6,812.3,0.832
604,-1,621.3,352.6,19.3,50.8,0.789
604,-1,631.3,354.9,19.8,49.2,0.760
604,-1,659.4,357.1,11.0,34.8,0.678
604,-1,1842.9,180.8,77.1,228.6,0.612
604,-1,1005.2,360.6,19.6,30.9,0.387
604,-1,960.7,394.4,29.8,84.7,0.341
604,-1,1023.9,353.7,18.8,39.6,0.328
604,-1,662.4,355.1,12.2,37.4,0.312
604,-1,1799.2,192.1,120.8,296.4,0.297
604,-1,991.6,358.8,18.8,27.1,0.235
604,-1,939.2,363.8,43.5,57.2,0.208
604,-1,1026.9,353.8,14.1,21.9,0.205
604,-1,667.0,353.5,13.2,40.2,0.165
604,-1,1186.8,365.1,17.8,47.4,0.140
604,-1,1788.2,304.7,131.8,475.7,0.133
604,-1,752.1,356.8,14.1,55.1,0.119
604,-1,998.2,358.7,22.0,28.5,0.116
604,-1,712.3,357.2,15.6,33.8,0.086
604,-1,1001.6,363.7,26.2,40.7,0.079
604,-1,1784.6,338.2,135.4,110.7,0.072
604,-1,1725.7,196.5,184.0,450.2,0.068
604,-1,981.6,376.9,40.1,63.1,0.067
604,-1,1833.0,366.6,86.4,79.5,0.057
604,-1,1008.1,360.0,28.4,39.9,0.056
604,-1,994.7,367.6,31.0,57.7,0.054
604,-1,1857.4,377.6,62.6,632.2,0.053
605,-1,758.6,329.0,63.3,172.7,0.999
605,-1,1678.3,215.0,203.9,665.2,0.999
605,-1,1303.8,332.7,58.3,162.2,0.998
605,-1,841.3,339.2,52.1,163.3,0.998
605,-1,1153.4,346.8,43.8,131.5,0.998
605,-1,69.0,338.5,45.8,115.3,0.998
605,-1,928.9,368.5,54.3,113.5,0.993
605,-1,1048.0,350.8,27.8,71.1,0.993
605,-1,730.3,355.4,23.4,59.3,0.991
605,-1,21.8,344.3,34.4,111.3,0.988
605,-1,1086.2,353.9,19.9,66.4,0.986
605,-1,1120.5,356.4,19.4,67.5,0.985
605,-1,978.7,379.9,47.5,102.0,0.967
605,-1,694.2,357.1,11.9,39.9,0.963
605,-1,708.5,359.1,12.3,38.2,0.953
605,-1,643.6,356.8,18.4,50.7,0.941
605,-1,671.8,353.9,12.3,43.8,0.928
605,-1,630.8,358.4,16.8,48.6,0.873
605,-1,624.2,358.0,16.7,49.3,0.772
605,-1,957.5,375.8,50.3,107.3,0.689
605,-1,1024.5,353.7,19.0,53.7,0.587
605,-1,1849.8,319.3,70.2,688.2,0.470
605,-1,1011.7,361.9,14.5,32.0,0.455
605,-1,1860.6,351.4,59.4,243.8,0.362
605,-1,1857.5,323.1,62.5,136.7,0.291
605,-1,1017.3,382.1,21.8,64.2,0.288
605,-1,658.1,358.8,10.5,34.1,0.210
605,-1,1035.6,354.3,12.6,39.0,0.197
605,-1,991.3,360.9,16.8,28.7,0.185
605,-1,1189.0,369.3,16.0,46.3,0.145
605,-1,1026.2,354.9,12.3,31.0,0.143
605,-1,1006.6,366.6,22.5,39.2,0.125
605,-1,1816.5,301.8,103.5,147.2,0.114
605,-1,980.8,377.2,29.5,48.5,0.072
605,-1,1301.4,340.0,33.5,128.7,0.071
605,-1,947.8,368.1,36.1,48.8,0.065
605,-1,1900.2,318.5,19.8,265.2,0.059
605,-1,1858.5,280.5,61.5,132.0,0.057
606,-1,758.1,330.9,67.2,173.9,0.998
606,-1,1690.4,213.4,214.1,673.5,0.998
606,-1,1305.3,336.8,62.6,160.6,0.998
606,-1,840.5,344.2,50.6,164.3,0.998
606,-1,65.0,342.5,44.2,115.7,0.997
606,-1,1153.7,348.1,63.0,135.2,0.996
606,-1,1048.0,353.3,27.4,70.5,0.993
606,-1,18.2,349.0,33.8,112.0,0.992
606,-1,1083.9,361.0,22.9,63.5,0.988
606,-1,927.8,369.0,54.9,117.2,0.983
606,-1,729.7,361.7,21.3,56.5,0.971
606,-1,1120.1,364.2,22.8,59.7,0.971
606,-1,977.6,383.2,49.4,102.7,0.946
606,-1,633.7,361.7,26.7,49.4,0.894
606,-1,693.9,361.1,12.6,37.1,0.870
606,-1,673.7,359.8,13.0,39.5,0.866
606,-1,622.7,361.4,21.3,48.3,0.793
606,-1,1025.0,357.3,19.5,55.9,0.524
606,-1,710.2,363.1,12.4,34.1,0.502
606,-1,1011.3,361.9,16.7,36.3,0.385
606,-1,955.3,378.8,33.6,107.2,0.316
606,-1,1014.7,384.4,26.0,64.3,0.303
606,-1,1028.7,357.3,15.7,33.6,0.276
606,-1,665.8,360.9,16.1,38.2,0.253
606,-1,965.2,384.5,41.3,101.7,0.166
606,-1,657.7,363.7,11.0,35.1,0.123
606,-1,701.8,362.5,13.2,34.7,0.116
606,-1,991.6,366.5,21.4,26.3,0.107
606,-1,1188.7,359.5,26.9,63.0,0.087
606,-1,651.1,362.4,15.4,39.3,0.083
606,-1,1871.5,268.1,48.5,196.8,0.081
606,-1,1021.3,357.9,16.4,41.2,0.078
606,-1,0.0,321.9,25.5,133.8,0.071
606,-1,3.4,342.6,38.1,115.7,0.061
606,-1,998.6,369.8,45.1,88.5,0.051
607,-1,1700.6,219.5,198.4,673.3,0.999
607,-1,758.3,327.9,69.2,177.2,0.999
607,-1,63.9,341.8,42.7,115.9,0.998
607,-1,841.3,344.2,51.9,163.5,0.998
607,-1,1308.9,337.8,60.5,160.6,0.997
607,-1,1156.2,348.7,47.0,132.3,0.997
607,-1,12.0,346.1,42.2,113.3,0.997
607,-1,731.9,358.2,21.7,57.4,0.994
607,-1,1049.3,353.4,26.9,70.0,0.988
607,-1,930.8,371.5,53.2,113.2,0.987
607,-1,980.8,382.3,46.8,104.2,0.973
607,-1,1091.8,358.9,15.5,65.2,0.966
607,-1,695.9,361.5,12.4,37.6,0.962
607,-1,710.2,362.2,12.4,37.3,0.954
607,-1,674.0,361.1,13.1,40.5,0.940
607,-1,643.8,360.3,18.3,49.9,0.927
607,-1,1123.4,361.5,22.5,62.7,0.927
607,-1,635.0,360.2,18.3,49.7,0.833
607,-1,1019.1,378.6,22.8,73.5,0.748
607,-1,625.5,359.9,16.1,49.8,0.737
607,-1,658.6,363.5,12.0,37.0,0.633
607,-1,971.3,381.9,36.5,102.5,0.383
607,-1,962.5,380.8,28.8,105.3,0.382
607,-1,1027.1,355.6,19.6,66.0,0.370
607,-1,1009.1,363.3,18.2,34.3,0.369
607,-1,488.3,390.9,38.0,85.8,0.316
607,-1,1032.7,355.1,13.3,31.8,0.232
607,-1,906.3,370.9,19.5,60.5,0.214
607,-1,995.3,361.6,16.0,28.0,0.200
607,-1,1000.7,374.2,40.3,90.7,0.185
607,-1,1840.1,281.4,79.9,153.0,0.178
607,-1,1206.6,347.3,16.4,75.9,0.173
607,-1,87.6,361.5,21.8,88.3,0.150
607,-1,1193.0,370.5,16.1,45.9,0.119
607,-1,1821.2,250.8,98.8,624.6,0.100
607,-1,1007.7,366.8,23.3,46.4,0.085
607,-1,1082.6,359.2,18.7,46.9,0.077
607,-1,666.6,360.7,11.0,37.2,0.073
607,-1,981.0,381.6,28.4,44.3,0.053
608,-1,759.0,335.6,68.3,170.5,0.999
608,-1,1156.3,347.8,51.0,136.0,0.999
608,-1,1713.0,212.0,202.0,689.9,0.998
608,-1,840.3,346.0,53.2,163.4,0.998
608,-1,1313.8,339.5,62.0,159.9,0.998
608,-1,58.9,343.8,44.6,116.8,0.997
608,-1,3.3,350.3,45.5,110.9,0.995
608,-1,1051.8,352.5,26.8,71.1,0.994
608,-1,731.2,359.6,24.3,60.0,0.991
608,-1,1122.9,362.1,24.6,62.1,0.991
608,-1,1089.1,363.0,19.1,59.5,0.988
608,-1,671.8,360.7,14.3,40.4,0.986
608,-1,980.3,382.8,48.4,105.5,0.977
608,-1,930.9,371.5,54.4,115.0,0.975
608,-1,694.9,363.7,13.0,36.8,0.971
608,-1,623.3,360.4,19.9,49.9,0.954
608,-1,644.7,360.9,18.9,51.0,0.947
608,-1,709.9,363.9,13.2,35.2,0.924
608,-1,633.9,361.4,16.6,49.3,0.687
608,-1,1747.3,278.3,36.7,58.6,0.669
608,-1,959.7,380.5,31.1,106.9,0.593
608,-1,1192.4,368.6,15.5,50.7,0.284
608,-1,1013.5,365.5,18.1,30.5,0.284
608,-1,654.8,364.2,12.9,35.2,0.260
608,-1,951.7,373.1,35.5,47.2,0.223
608,-1,1033.6,360.1,11.7,27.0,0.219
608,-1,1017.2,380.7,26.1,68.6,0.203
608,-1,660.0,363.8,10.9,36.1,0.177
608,-1,1038.3,360.1,12.0,31.8,0.170
608,-1,1005.4,380.0,28.0,70.4,0.168
608,-1,0.0,342.3,15.5,116.9,0.158
608,-1,714.1,363.4,13.9,34.7,0.158
608,-1,1005.8,368.4,18.6,29.6,0.149
608,-1,701.3,364.0,15.5,36.8,0.124
608,-1,997.7,364.7,13.5,20.8,0.104
608,-1,1028.1,360.9,11.5,25.9,0.086
608,-1,1028.2,361.4,15.8,37.7,0.080
608,-1,1011.0,370.5,26.4,33.8,0.075
608,-1,1003.5,365.9,14.0,23.9,0.070
608,-1,1024.8,365.2,14.0,30.3,0.060
608,-1,664.3,362.2,12.4,38.1,0.057
608,-1,982.7,384.4,38.0,63.1,0.054
609,-1,759.6,332.9,68.4,172.1,0.999
609,-1,1727.7,212.2,190.0,695.3,0.998
609,-1,1318.3,334.9,60.8,163.8,0.998
609,-1,841.2,344.9,53.2,161.4,0.998
609,-1,1155.4,346.8,49.0,133.5,0.998
609,-1,2.2,350.5,45.6,110.9,0.995
609,-1,56.4,342.9,43.6,117.2,0.995
609,-1,1124.4,360.2,24.3,61.9,0.994
609,-1,1053.1,354.6,26.1,66.8,0.994
609,-1,732.4,358.0,23.8,58.5,0.993
609,-1,932.5,370.8,54.1,114.4,0.988
609,-1,674.1,357.5,14.0,43.0,0.987
609,-1,695.6,360.1,13.5,38.5,0.984
609,-1,973.3,381.3,57.0,104.7,0.979
609,-1,710.5,361.6,13.1,37.2,0.977
609,-1,1090.5,358.7,19.9,61.6,0.976
609,-1,644.9,359.1,20.0,51.1,0.945
609,-1,624.2,359.3,17.8,49.6,0.916
609,-1,1751.5,274.7,42.3,68.0,0.830
609,-1,636.4,359.6,18.9,49.8,0.825
609,-1,659.8,361.0,11.1,37.4,0.696
609,-1,965.1,384.4,30.5,101.6,0.507
609,-1,1034.9,357.8,10.8,26.8,0.340
609,-1,1011.5,364.7,19.3,33.9,0.302
609,-1,631.2,360.4,15.4,48.0,0.261
609,-1,1197.1,373.5,13.9,44.5,0.233
609,-1,999.4,361.8,12.8,23.5,0.221
609,-1,715.6,362.6,11.8,32.2,0.208
609,-1,1008.9,363.8,15.7,26.9,0.158
609,-1,1030.5,358.8,10.1,25.4,0.157
609,-1,1023.5,364.2,14.9,30.6,0.154
609,-1,1018.3,362.8,13.5,26.3,0.142
609,-1,667.7,360.0,11.0,39.3,0.118
609,-1,953.5,370.5,34.3,50.9,0.096
609,-1,1007.1,376.2,28.4,67.3,0.079
609,-1,987.2,381.3,39.1,66.1,0.077
609,-1,1018.7,385.5,25.0,44.2,0.072
609,-1,1030.3,362.1,18.0,47.7,0.066
609,-1,1037.4,359.0,13.3,31.3,0.064
609,-1,1002.6,363.8,13.3,24.8,0.063
609,-1,1746.3,272.5,51.9,112.0,0.062
609,-1,1214.4,387.5,12.6,33.5,0.056
609,-1,1832.9,256.5,87.1,655.8,0.053
609,-1,1028.6,361.4,14.8,33.3,0.051
610,-1,760.5,329.7,67.7,174.6,0.999
610,-1,1739.4,201.5,180.4,706.8,0.998
610,-1,1156.0,345.1,49.2,133.6,0.998
610,-1,842.4,344.0,51.8,161.7,0.997
610,-1,1320.8,334.0,59.5,164.0,0.997
610,-1,53.1,342.7,43.6,115.6,0.995
610,-1,1.1,350.3,47.4,110.3,0.994
610,-1,732.2,357.1,24.7,58.9,0.994
610,-1,1052.5,352.3,27.1,68.6,0.994
610,-1,934.9,368.9,52.5,114.8,0.980
610,-1,1125.3,357.5,24.3,61.1,0.978
610,-1,695.7,359.3,13.8,36.8,0.971
610,-1,981.9,377.9,48.7,107.2,0.969
610,-1,1090.9,359.4,18.7,58.4,0.960
610,-1,710.7,361.2,13.0,35.3,0.956
610,-1,672.2,358.8,14.0,38.7,0.949
610,-1,645.8,357.2,19.3,51.7,0.940
610,-1,624.3,359.0,19.2,48.3,0.907
610,-1,635.4,359.1,19.2,49.5,0.816
610,-1,1756.0,270.9,47.9,75.0,0.682
610,-1,658.5,359.2,12.2,38.7,0.483
610,-1,960.6,376.7,32.5,108.0,0.476
610,-1,1742.5,270.5,59.5,264.2,0.308
610,-1,1009.0,363.4,23.4,29.8,0.244
610,-1,652.6,358.3,15.5,42.5,0.161
610,-1,1036.7,357.6,13.8,26.6,0.135
610,-1,994.0,376.6,40.8,75.3,0.127
610,-1,1742.5,268.3,58.2,126.6,0.127
610,-1,665.5,359.0,12.8,38.4,0.079
611,-1,761.5,329.5,66.8,174.6,0.999
611,-1,1156.5,345.1,49.2,133.1,0.999
611,-1,1752.5,197.3,167.0,711.1,0.998
611,-1,843.4,343.8,51.7,161.6,0.997
611,-1,1324.6,330.4,63.9,166.5,0.996
611,-1,1.4,350.7,46.2,110.6,0.996
611,-1,52.1,343.0,43.8,116.4,0.995
611,-1,733.7,355.5,24.5,61.1,0.992
611,-1,1053.8,349.8,26.6,70.0,0.985
611,-1,939.0,368.3,51.1,115.1,0.982
611,-1,1126.7,356.6,24.5,61.3,0.982
611,-1,1092.7,358.8,18.7,57.8,0.978
611,-1,986.2,374.6,49.2,108.4,0.968
611,-1,645.0,358.6,20.4,49.6,0.967
611,-1,697.6,360.5,13.1,35.7,0.954
611,-1,673.5,357.4,13.7,40.0,0.951
611,-1,711.6,361.4,13.1,33.7,0.939
611,-1,625.5,358.2,18.0,49.1,0.873
611,-1,635.0,358.8,19.3,49.3,0.872
611,-1,658.2,359.1,13.2,39.2,0.467
611,-1,1757.3,265.5,52.2,75.5,0.318
611,-1,1013.9,364.0,22.1,33.8,0.299
611,-1,1752.1,255.2,55.1,305.6,0.177
611,-1,1037.8,357.5,12.3,25.8,0.157
611,-1,756.6,358.4,15.5,67.3,0.139
611,-1,946.6,365.1,43.4,61.7,0.119
611,-1,705.5,360.9,13.2,35.3,0.093
611,-1,1216.5,396.8,12.1,23.8,0.089
611,-1,751.8,355.6,16.6,57.9,0.085
611,-1,992.6,378.5,38.6,66.3,0.065
611,-1,1008.5,362.2,20.2,26.5,0.061
612,-1,1324.7,327.2,68.9,168.4,0.999
612,-1,761.7,329.1,67.9,172.8,0.998
612,-1,1156.6,344.4,50.9,132.4,0.998
612,-1,1761.5,194.4,156.5,720.5,0.998
612,-1,845.8,342.1,52.6,162.7,0.997
612,-1,1.4,349.4,47.1,110.9,0.996
612,-1,50.7,343.7,44.5,114.4,0.996
612,-1,1055.5,346.2,25.6,72.4,0.991
612,-1,939.3,365.1,53.4,116.6,0.989
612,-1,735.6,354.4,23.3,60.4,0.988
612,-1,698.1,356.3,13.6,40.2,0.977
612,-1,1093.8,354.7,19.3,61.7,0.977
612,-1,675.0,355.9,13.3,40.7,0.963
612,-1,991.0,377.4,41.4,101.0,0.957
612,-1,1128.1,354.1,24.2,62.4,0.956
612,-1,646.1,356.9,20.5,49.6,0.947
612,-1,713.6,359.5,11.9,35.4,0.922
612,-1,636.0,357.6,18.8,49.1,0.857
612,-1,625.3,355.2,17.6,50.8,0.786
612,-1,1036.9,351.3,16.5,42.5,0.692
612,-1,1013.7,360.8,19.1,35.1,0.426
612,-1,969.1,373.1,36.0,109.7,0.413
612,-1,660.4,358.3,12.3,36.7,0.335
612,-1,725.5,355.3,10.3,32.0,0.242
612,-1,753.5,358.6,15.6,59.8,0.226
612,-1,1028.2,354.2,25.1,60.7,0.191
612,-1,1034.7,351.7,13.9,29.6,0.179
612,-1,1004.4,375.0,33.8,68.1,0.167
612,-1,1019.4,376.5,26.0,66.9,0.165
612,-1,706.6,356.7,13.9,39.2,0.122
612,-1,1013.3,364.8,28.2,49.9,0.116
612,-1,1023.2,356.7,16.4,36.2,0.115
612,-1,607.6,354.2,12.9,35.3,0.092
612,-1,1010.8,358.0,16.9,27.4,0.092
612,-1,1001.9,357.1,15.2,25.6,0.069
612,-1,955.3,362.8,37.9,51.7,0.065
612,-1,1764.6,264.8,53.1,77.6,0.058
613,-1,1783.8,189.0,135.6,707.6,0.999
613,-1,1162.0,344.6,49.7,132.6,0.998
613,-1,851.7,339.6,53.1,162.5,0.998
613,-1,1334.1,323.6,70.1,171.2,0.998
613,-1,764.9,329.1,66.8,175.1,0.998
613,-1,50.3,344.9,43.6,115.9,0.997
613,-1,0.3,350.4,48.6,113.8,0.996
613,-1,946.3,365.8,52.3,115.8,0.994
613,-1,1060.8,345.9,26.6,72.8,0.993
613,-1,701.6,355.9,14.0,39.8,0.986
613,-1,1097.0,352.9,22.6,64.5,0.985
613,-1,740.7,354.5,23.0,60.4,0.980
613,-1,1134.5,353.4,23.9,63.9,0.980
613,-1,678.0,355.9,13.9,41.2,0.972
613,-1,994.8,374.7,48.6,108.6,0.969
613,-1,652.7,357.0,18.6,49.7,0.958
613,-1,629.5,356.1,18.2,49.7,0.932
613,-1,717.7,361.5,11.9,33.5,0.887
613,-1,1040.6,351.3,17.2,40.3,0.805
613,-1,642.5,357.9,16.3,48.8,0.795
613,-1,1020.7,360.7,19.5,38.6,0.617
613,-1,1771.4,261.3,54.2,87.7,0.518
613,-1,1016.2,357.3,14.4,27.0,0.260
613,-1,662.5,357.6,13.1,40.5,0.205
613,-1,711.8,358.6,13.5,35.8,0.193
613,-1,1017.8,360.4,28.7,62.5,0.189
613,-1,1006.1,356.3,13.0,23.8,0.129
613,-1,891.7,391.3,11.7,39.5,0.118
613,-1,1774.6,256.5,59.2,291.6,0.113
613,-1,1807.6,260.2,48.3,70.5,0.099
613,-1,1001.1,376.8,35.7,67.4,0.089
613,-1,1197.8,366.9,18.8,48.6,0.072
613,-1,1009.1,357.6,14.5,26.4,0.065
613,-1,1215.9,375.8,14.2,36.4,0.062
613,-1,958.3,365.0,38.3,57.0,0.058
613,-1,1008.1,360.1,44.2,96.1,0.055
613,-1,759.1,359.6,16.1,65.2,0.054
613,-1,973.4,376.0,29.3,105.3,0.051
614,-1,1165.4,343.7,48.6,133.0,0.998
614,-1,1795.8,196.8,124.2,709.0,0.998
614,-1,768.3,326.9,68.8,174.7,0.998
614,-1,49.9,345.0,44.4,117.7,0.998
614,-1,851.7,338.2,54.6,162.6,0.998
614,-1,1337.4,322.5,68.3,172.8,0.997
614,-1,0.4,348.3,46.0,115.9,0.987
614,-1,1063.0,346.4,27.1,71.8,0.986
614,-1,944.8,361.9,54.0,118.1,0.985
614,-1,741.2,353.5,25.0,62.3,0.977
614,-1,681.1,354.8,14.0,42.1,0.964
614,-1,652.2,356.4,21.7,50.9,0.961
614,-1,1099.3,350.6,25.7,66.2,0.954
614,-1,989.3,372.7,53.6,108.8,0.953
614,-1,1137.0,355.1,22.9,61.1,0.923
614,-1,632.8,357.0,22.1,50.0,0.916
614,-1,704.9,358.0,13.6,38.2,0.911
614,-1,718.0,360.6,14.4,35.1,0.891
614,-1,642.3,357.1,24.4,50.6,0.658
614,-1,1039.2,351.3,21.4,53.9,0.492
614,-1,762.6,382.3,19.1,50.0,0.440
614,-1,1042.3,351.4,17.2,32.3,0.336
614,-1,1018.9,356.8,22.6,36.7,0.295
614,-1,711.5,353.9,16.0,41.9,0.217
614,-1,1801.1,282.7,58.0,269.9,0.191
614,-1,1016.2,353.8,21.4,27.4,0.113
614,-1,760.5,367.6,17.0,57.9,0.092
614,-1,1009.5,355.3,44.2,83.5,0.084
614,-1,1227.4,390.7,13.9,26.4,0.081
614,-1,1779.6,262.6,49.5,88.3,0.079
614,-1,1804.2,262.4,66.5,138.6,0.073
614,-1,1015.4,359.9,29.6,51.0,0.071
614,-1,1008.4,357.3,20.4,26.9,0.067
614,-1,1028.1,355.4,20.1,35.4,0.064
615,-1,1339.2,321.6,72.7,175.1,0.999
615,-1,49.0,344.9,44.4,119.2,0.998
615,-1,852.6,336.8,53.9,161.5,0.998
615,-1,769.3,326.4,70.1,175.4,0.998
615,-1,1164.1,343.0,50.5,132.5,0.997
615,-1,1812.0,187.5,108.0,726.8,0.996
615,-1,743.0,354.9,24.7,60.7,0.991
615,-1,0.0,347.4,43.7,119.5,0.990
615,-1,949.0,361.4,51.5,118.4,0.987
615,-1,1063.7,349.4,27.8,68.3,0.981
615,-1,682.8,355.7,13.0,41.2,0.961
615,-1,1107.0,348.8,16.8,65.2,0.959
615,-1,656.3,360.2,19.4,47.3,0.954
615,-1,706.0,360.0,13.0,34.8,0.951
615,-1,996.1,374.5,47.1,106.9,0.941
615,-1,1139.3,353.7,21.8,61.4,0.889
615,-1,720.2,358.6,13.2,37.6,0.870
615,-1,635.0,358.1,20.4,49.3,0.868
615,-1,646.9,358.4,20.2,49.4,0.773
615,-1,664.3,359.5,13.8,36.3,0.373
615,-1,1023.1,357.2,19.5,34.9,0.355
615,-1,1009.1,369.4,36.9,77.0,0.252
615,-1,710.7,359.5,11.6,34.3,0.216
615,-1,763.9,363.7,18.2,65.2,0.214
615,-1,715.8,359.1,12.4,37.1,0.206
615,-1,1041.9,351.6,21.0,51.9,0.144
615,-1,760.4,367.4,16.1,52.0,0.129
615,-1,1014.5,358.3,28.1,46.1,0.107
615,-1,1783.7,259.2,51.8,87.7,0.104
615,-1,17.8,349.2,48.2,117.1,0.092
615,-1,1013.0,356.0,21.8,29.5,0.088
615,-1,954.5,362.5,46.0,66.3,0.070
615,-1,675.0,356.8,14.2,40.2,0.063
615,-1,1008.1,358.1,18.2,27.8,0.058
615,-1,979.0,396.9,29.2,84.0,0.054
615,-1,1203.2,363.7,18.4,49.4,0.051
616,-1,53.9,349.6,40.1,98.7,0.996
616,-1,857.0,338.2,54.6,163.5,0.995
616,-1,1168.5,345.2,44.6,129.6,0.994
616,-1,772.6,329.4,64.4,170.6,0.994
616,-1,1353.2,322.1,52.7,176.4,0.993
616,-1,1818.1,230.3,101.9,693.9,0.988
616,-1,947.0,366.5,56.1,114.5,0.902
616,-1,646.0,360.1,26.1,46.6,0.854
616,-1,744.2,346.9,26.3,70.9,0.852
616,-1,1104.5,344.5,32.2,72.7,0.852
616,-1,0.6,360.0,34.2,78.8,0.849
616,-1,1001.3,376.2,49.0,105.7,0.840
616,-1,1070.1,348.9,24.2,63.2,0.759
616,-1,638.7,360.7,23.5,45.4,0.485
616,-1,1058.6,345.1,39.2,78.4,0.365
616,-1,978.6,373.4,37.7,109.2,0.317
616,-1,656.6,359.3,19.6,44.9,0.227
616,-1,1835.1,248.3,83.2,260.4,0.222
616,-1,1024.2,371.7,35.7,75.3,0.218
616,-1,1044.2,354.1,46.9,82.3,0.212
616,-1,932.8,377.0,48.4,105.3,0.196
616,-1,725.3,360.5,15.5,32.3,0.176
616,-1,1828.3,530.5,91.6,385.1,0.171
616,-1,1030.5,360.6,48.8,84.8,0.151
616,-1,753.3,362.7,26.1,57.6,0.139
616,-1,1367.8,326.8,38.7,97.0,0.083
616,-1,0.0,309.9,23.0,136.9,0.075
616,-1,764.0,368.5,18.6,55.5,0.069
616,-1,746.5,335.1,38.2,88.9,0.067
617,-1,1349.2,324.7,74.5,174.5,0.997
617,-1,776.0,326.9,65.2,175.0,0.997
617,-1,1170.1,340.7,49.3,133.7,0.996
617,-1,1843.5,256.2,76.0,655.3,0.996
617,-1,50.2,346.9,45.9,116.1,0.996
617,-1,860.5,336.9,55.4,165.5,0.996
617,-1,1069.4,349.4,28.8,73.3,0.982
617,-1,0.0,347.9,38.4,117.8,0.978
617,-1,951.9,366.5,53.4,117.2,0.971
617,-1,1145.0,347.9,25.6,70.5,0.950
617,-1,1107.3,346.6,26.0,73.7,0.948
617,-1,1002.3,372.9,50.9,110.3,0.941
617,-1,748.0,356.0,25.4,61.8,0.936
617,-1,712.2,359.2,12.5,38.9,0.916
617,-1,658.8,357.7,22.1,50.9,0.914
617,-1,639.7,357.2,22.8,51.3,0.884
617,-1,688.9,354.6,13.4,42.9,0.878
617,-1,726.5,360.0,14.4,35.3,0.812
617,-1,646.7,358.7,25.4,50.1,0.752
617,-1,977.9,372.0,52.0,112.8,0.578
617,-1,966.0,365.6,40.0,77.8,0.265
617,-1,1796.2,256.8,59.7,89.9,0.263
617,-1,666.7,358.6,17.0,42.9,0.210
617,-1,1050.3,351.9,15.9,27.2,0.200
617,-1,1037.3,375.9,26.3,68.5,0.199
617,-1,759.5,359.8,21.3,61.5,0.195
617,-1,983.8,392.9,27.5,90.5,0.117
617,-1,1010.8,361.7,49.3,88.3,0.116
617,-1,0.9,346.2,19.0,120.8,0.097
617,-1,717.5,357.5,16.4,39.1,0.092
617,-1,1028.1,358.0,27.8,37.4,0.086
617,-1,1208.4,365.7,18.5,48.0,0.068
617,-1,1047.6,353.3,21.7,62.3,0.063
617,-1,772.9,265.1,76.8,81.2,0.057
617,-1,766.8,376.6,19.0,50.5,0.052
618,-1,52.6,347.4,45.9,120.7,0.998
618,-1,782.8,327.4,70.0,174.8,0.998
618,-1,863.7,333.1,62.9,170.5,0.997
618,-1,1362.3,323.9,72.4,176.6,0.997
618,-1,1178.6,338.9,50.2,136.5,0.996
618,-1,0.5,348.2,43.5,121.2,0.995
618,-1,758.6,355.5,25.2,60.5,0.985
618,-1,1080.5,345.8,30.7,74.1,0.981
618,-1,960.9,366.3,54.0,116.4,0.975
618,-1,698.1,358.6,11.1,40.1,0.967
618,-1,1120.2,344.5,24.8,71.2,0.959
618,-1,1156.1,348.2,25.5,67.8,0.952
618,-1,657.8,360.4,19.3,47.0,0.949
618,-1,1008.3,372.0,53.2,113.1,0.949
618,-1,721.7,358.1,11.7,37.7,0.932
618,-1,733.0,359.0,16.3,39.9,0.923
618,-1,672.6,361.6,14.9,47.1,0.859
618,-1,680.9,361.9,12.6,39.5,0.615
618,-1,650.0,358.7,15.4,47.6,0.601
618,-1,1817.0,251.8,56.8,92.2,0.527
618,-1,664.9,362.1,16.8,47.0,0.517
618,-1,1054.8,347.5,21.7,74.0,0.467
618,-1,996.5,381.2,33.7,102.9,0.292
618,-1,1886.9,260.7,33.1,683.0,0.280
618,-1,1882.7,297.7,37.3,264.6,0.227
618,-1,986.8,368.5,33.1,114.3,0.189
618,-1,727.8,361.5,15.5,36.1,0.178
618,-1,861.0,361.4,16.0,65.4,0.168
618,-1,1057.7,349.4,18.0,43.2,0.152
618,-1,1022.2,356.6,46.5,95.3,0.144
618,-1,778.7,383.0,17.8,42.6,0.136
618,-1,1027.8,358.1,29.3,36.6,0.111
618,-1,831.5,348.3,22.5,53.2,0.075
618,-1,769.8,359.8,19.0,56.5,0.069
618,-1,1864.3,260.6,53.1,234.8,0.066
618,-1,1850.4,253.9,54.7,112.5,0.065
618,-1,1003.8,360.8,25.5,44.7,0.064
618,-1,1423.7,328.6,29.6,138.5,0.054
618,-1,1361.7,326.1,59.3,103.3,0.050
619,-1,53.9,350.8,45.1,118.0,0.998
619,-1,784.2,329.4,63.9,174.3,0.997
619,-1,1367.8,325.4,77.2,179.1,0.995
619,-1,868.8,337.5,57.1,167.0,0.995
619,-1,1180.0,339.9,51.7,136.8,0.994
619,-1,0.6,353.9,44.9,117.1,0.992
619,-1,1084.6,348.9,30.6,71.4,0.988
619,-1,966.6,366.7,52.0,118.4,0.977
619,-1,1121.9,345.2,28.6,74.1,0.971
619,-1,759.5,359.0,24.9,58.8,0.970
619,-1,1158.0,346.5,25.7,72.5,0.938
619,-1,1010.4,372.1,51.8,114.4,0.922
619,-1,660.3,360.1,21.8,49.1,0.907
619,-1,725.1,359.3,13.3,38.6,0.880
619,-1,651.6,358.5,19.5,47.4,0.756
619,-1,701.2,360.0,9.4,38.4,0.713
619,-1,674.2,361.8,15.5,45.3,0.663
619,-1,679.2,362.7,15.9,42.0,0.579
619,-1,1819.7,251.4,60.6,94.8,0.532
619,-1,729.8,360.9,15.5,36.7,0.442
619,-1,984.1,370.8,49.4,116.2,0.375
619,-1,740.4,361.4,12.2,30.5,0.343
619,-1,1429.1,345.2,26.2,121.5,0.256
619,-1,1872.5,251.9,46.5,213.0,0.163
619,-1,1060.5,351.0,24.3,62.7,0.155
619,-1,1065.2,350.3,18.3,33.5,0.146
619,-1,780.3,380.1,17.3,46.6,0.122
619,-1,690.1,359.0,16.3,40.7,0.103
619,-1,1051.4,355.4,27.1,78.3,0.100
619,-1,1036.0,355.4,40.0,93.9,0.099
619,-1,1820.9,255.3,85.6,159.6,0.078
619,-1,938.0,396.8,39.7,87.7,0.065
619,-1,1057.6,354.0,18.5,38.5,0.063
619,-1,1032.3,357.3,28.1,31.2,0.052
620,-1,54.4,349.7,46.4,120.3,0.998
620,-1,787.3,329.6,66.1,175.5,0.998
620,-1,867.0,339.0,63.0,164.5,0.997
620,-1,1370.5,324.4,76.1,181.5,0.997
620,-1,1184.6,339.5,52.9,137.0,0.996
620,-1,1087.7,346.9,28.7,71.6,0.989
620,-1,0.2,351.7,42.9,118.7,0.988
620,-1,728.0,359.4,12.2,38.6,0.984
620,-1,968.3,367.3,53.4,117.7,0.983
620,-1,1128.0,346.8,24.8,72.0,0.977
620,-1,765.1,358.7,23.2,57.0,0.974
620,-1,1010.0,372.8,58.1,113.5,0.964
620,-1,703.1,358.0,12.8,43.7,0.960
620,-1,739.3,361.0,12.8,35.7,0.948
620,-1,678.3,361.2,17.9,48.5,0.941
620,-1,1163.3,351.3,23.9,65.2,0.926
620,-1,664.7,359.9,19.5,49.4,0.925
620,-1,656.2,359.1,16.5,49.1,0.767
620,-1,1830.4,254.9,61.3,91.5,0.505
620,-1,1045.0,358.6,21.6,38.4,0.465
620,-1,687.6,363.6,12.9,33.0,0.399
620,-1,1878.2,251.7,41.8,105.5,0.246
620,-1,1067.4,349.8,19.4,31.7,0.228
620,-1,1035.6,354.9,45.2,93.3,0.215
620,-1,998.3,383.0,32.3,102.7,0.174
620,-1,1037.2,355.8,24.7,31.1,0.131
620,-1,1823.1,252.4,83.2,217.0,0.127
620,-1,1869.0,252.1,50.4,208.7,0.126
620,-1,1046.7,360.9,34.0,59.6,0.125
620,-1,1062.5,351.3,23.2,60.0,0.120
620,-1,837.4,353.4,21.7,50.7,0.077
620,-1,863.9,345.6,17.9,41.7,0.067
620,-1,854.2,348.6,18.4,39.5,0.066
620,-1,1913.8,230.0,6.2,377.8,0.059
621,-1,55.5,349.2,45.1,120.9,0.998
621,-1,789.5,330.0,73.8,174.7,0.998
621,-1,868.0,342.1,63.0,164.4,0.997
621,-1,1186.7,340.0,51.4,136.6,0.994
621,-1,0.2,352.0,44.9,121.8,0.994
621,-1,1374.6,321.1,64.1,185.1,0.991
621,-1,767.2,361.1,23.3,55.7,0.983
621,-1,1091.3,345.9,30.8,75.4,0.977
621,-1,970.3,366.2,54.7,119.2,0.971
621,-1,668.8,360.6,21.3,49.0,0.942
621,-1,1130.0,340.4,28.9,81.6,0.927
621,-1,1018.6,372.6,53.6,113.6,0.924
621,-1,730.4,356.9,12.6,40.4,0.901
621,-1,735.9,360.8,17.3,37.7,0.838
621,-1,705.1,361.0,11.5,38.2,0.835
621,-1,1164.5,348.5,25.3,71.3,0.817
621,-1,657.7,358.9,14.8,44.8,0.770
621,-1,680.3,361.4,14.8,45.6,0.396
621,-1,1064.4,350.3,23.2,73.5,0.378
621,-1,1438.2,342.1,27.5,123.7,0.357
621,-1,1003.9,381.6,38.6,104.1,0.312
621,-1,1041.7,362.2,40.1,83.9,0.217
621,-1,1072.8,347.2,20.5,61.2,0.193
621,-1,685.2,360.8,16.9,43.5,0.163
621,-1,946.4,379.0,46.8,105.5,0.114
621,-1,744.2,360.1,13.3,34.4,0.084
621,-1,1401.1,327.4,44.5,139.6,0.072
621,-1,751.5,358.8,13.0,31.2,0.069
621,-1,839.9,356.5,22.9,50.5,0.067
621,-1,1040.7,360.1,25.6,34.8,0.055
622,-1,55.1,349.4,43.4,121.4,0.999
622,-1,794.1,332.6,63.2,172.6,0.998
622,-1,869.1,342.1,62.9,163.1,0.997
622,-1,1189.6,341.1,46.9,134.3,0.997
622,-1,0.7,355.0,41.9,117.4,0.995
622,-1,1380.2,322.6,70.4,182.4,0.994
622,-1,1093.0,348.4,29.6,67.4,0.989
622,-1,729.8,357.9,14.0,39.7,0.986
622,-1,706.8,359.3,12.1,39.9,0.983
622,-1,766.2,356.4,25.5,59.5,0.981
622,-1,971.1,365.6,55.9,121.0,0.979
622,-1,1134.2,347.4,21.9,70.3,0.978
622,-1,680.5,360.5,19.4,49.3,0.961
622,-1,1018.0,375.8,56.0,110.5,0.960
622,-1,743.6,360.0,12.8,36.5,0.918
622,-1,670.1,360.4,20.5,49.0,0.863
622,-1,659.0,359.7,17.4,49.0,0.835
622,-1,1168.0,352.7,22.9,59.5,0.679
622,-1,1841.1,251.2,67.0,92.8,0.640
622,-1,1070.7,350.0,15.6,29.1,0.494
622,-1,1056.4,375.4,29.2,73.3,0.364
622,-1,1002.2,382.7,31.5,103.6,0.313
622,-1,665.3,361.9,15.7,46.8,0.308
622,-1,1066.8,355.2,20.8,52.5,0.225
622,-1,734.5,359.4,14.7,38.3,0.215
622,-1,1035.0,372.6,44.7,85.2,0.198
622,-1,1052.6,357.7,20.2,30.1,0.190
622,-1,981.6,365.1,47.2,64.0,0.172
622,-1,1051.8,363.1,29.1,47.4,0.128
622,-1,1402.3,324.7,48.3,123.3,0.092
622,-1,692.2,361.4,11.8,38.2,0.078
622,-1,1038.7,357.5,20.3,28.0,0.073
622,-1,841.2,358.8,21.2,47.1,0.071
622,-1,1833.0,251.2,68.5,192.8,0.066
622,-1,1040.3,359.8,25.0,36.8,0.060
623,-1,55.5,348.7,43.4,122.0,0.998
623,-1,1383.2,320.3,73.5,183.4,0.998
623,-1,795.3,329.5,64.4,175.2,0.997
623,-1,1191.5,340.7,47.7,135.5,0.996
623,-1,870.3,342.7,62.2,159.7,0.996
623,-1,0.0,355.5,42.4,114.5,0.995
623,-1,1097.1,347.5,28.9,70.4,0.985
623,-1,769.5,354.3,25.5,62.4,0.977
623,-1,972.1,365.0,57.5,120.8,0.975
623,-1,734.1,356.3,12.4,40.3,0.972
623,-1,1137.1,345.4,21.8,72.5,0.971
623,-1,710.0,357.7,11.0,39.8,0.965
623,-1,1022.7,375.8,52.9,110.5,0.961
623,-1,669.9,358.7,19.5,49.5,0.952
623,-1,684.5,360.6,17.5,48.1,0.946
623,-1,746.2,359.8,12.9,36.8,0.927
623,-1,1169.9,347.8,24.5,65.6,0.910
623,-1,660.6,357.5,15.7,49.1,0.661
623,-1,867.5,342.8,25.7,93.3,0.659
623,-1,1001.2,371.0,41.1,115.7,0.476
623,-1,1060.8,372.3,26.3,73.4,0.471
623,-1,694.2,362.6,12.4,36.3,0.373
623,-1,1050.6,358.5,19.5,36.0,0.358
623,-1,1067.5,356.4,21.3,72.5,0.343
623,-1,1850.1,251.0,51.6,93.0,0.269
623,-1,1074.1,348.7,16.0,47.0,0.223
623,-1,1080.5,348.9,15.6,48.5,0.196
623,-1,845.9,350.6,21.6,50.8,0.168
623,-1,1116.9,353.0,13.5,35.7,0.149
623,-1,1878.0,253.2,41.4,113.2,0.140
623,-1,1047.0,367.8,43.4,106.0,0.114
623,-1,1064.6,353.8,16.0,38.1,0.108
623,-1,1037.9,353.0,16.4,31.7,0.096
623,-1,957.2,390.0,23.7,37.0,0.085
623,-1,841.6,344.4,19.4,43.9,0.079
624,-1,800.8,335.0,64.3,167.1,0.998
624,-1,879.4,341.8,57.9,163.0,0.998
624,-1,52.7,350.5,46.2,120.3,0.998
624,-1,1196.0,340.6,50.6,135.1,0.997
624,-1,0.6,361.6,46.2,111.4,0.996
624,-1,1394.4,318.4,71.4,184.9,0.995
624,-1,776.9,356.0,22.6,57.8,0.990
624,-1,1102.7,342.9,26.9,73.0,0.988
624,-1,985.1,363.5,53.3,123.2,0.980
624,-1,739.0,356.6,12.5,39.7,0.977
624,-1,1143.6,343.2,20.5,73.1,0.976
624,-1,687.6,359.2,20.8,50.1,0.966
624,-1,1033.4,373.5,51.1,112.1,0.965
624,-1,715.0,355.9,10.9,41.3,0.959
624,-1,752.1,360.3,12.4,34.5,0.954
624,-1,1177.3,350.1,23.2,63.4,0.950
624,-1,674.6,358.1,20.3,50.7,0.924
624,-1,665.7,356.6,16.4,51.0,0.834
624,-1,1061.1,358.8,19.4,34.6,0.412
624,-1,1859.0,248.1,56.8,93.9,0.405
624,-1,1083.5,349.5,20.9,50.3,0.318
624,-1,1081.3,348.9,13.5,26.9,0.304
624,-1,696.5,359.1,13.9,42.6,0.281
624,-1,1076.7,348.8,16.4,36.8,0.224
624,-1,1084.5,350.6,15.8,31.2,0.223
624,-1,848.6,354.1,22.4,59.8,0.216
624,-1,755.9,360.9,12.5,31.5,0.203
624,-1,995.7,361.0,41.8,79.7,0.195
624,-1,1067.1,356.3,16.3,30.8,0.195
624,-1,1007.6,371.3,38.9,115.7,0.189
624,-1,870.1,338.6,29.7,100.3,0.185
624,-1,74.8,364.5,27.5,97.4,0.169
624,-1,1060.9,361.2,31.7,58.1,0.145
624,-1,1120.7,349.7,14.0,40.2,0.137
624,-1,872.8,372.8,18.4,63.9,0.123
624,-1,1074.3,350.7,13.5,27.4,0.114
624,-1,1075.5,355.7,21.0,49.4,0.110
624,-1,743.3,359.0,13.4,36.4,0.109
624,-1,1067.2,374.1,27.0,70.6,0.100
624,-1,1043.9,355.4,14.6,26.4,0.088
624,-1,979.6,381.2,37.6,102.5,0.084
624,-1,1051.9,356.9,19.1,26.7,0.073
624,-1,766.4,354.2,11.8,34.0,0.066
624,-1,707.6,358.2,14.4,39.5,0.066
625,-1,804.5,333.9,62.8,170.0,0.998
625,-1,1406.1,318.1,65.2,186.5,0.998
625,-1,880.4,342.6,57.8,163.2,0.998
625,-1,48.6,351.9,50.0,120.8,0.997
625,-1,1197.3,340.8,47.5,136.1,0.996
625,-1,0.2,362.0,44.7,113.5,0.994
625,-1,1104.2,348.2,27.7,68.7,0.991
625,-1,777.4,357.0,23.5,56.9,0.989
625,-1,983.2,363.7,56.0,122.4,0.985
625,-1,740.9,359.4,10.9,37.9,0.983
625,-1,1033.3,373.0,52.5,112.7,0.975
625,-1,1146.7,346.9,18.7,70.6,0.965
625,-1,715.7,356.2,11.0,41.3,0.964
625,-1,1179.2,351.6,22.2,65.2,0.957
625,-1,691.5,361.7,18.2,47.9,0.954
625,-1,753.1,359.2,13.0,38.3,0.924
625,-1,678.5,359.6,17.3,48.6,0.881
625,-1,672.7,359.8,16.9,49.1,0.874
625,-1,667.8,358.6,15.7,49.6,0.690
625,-1,1865.8,248.2,53.2,93.9,0.580
625,-1,1123.9,353.5,11.5,34.2,0.492
625,-1,1009.8,371.2,50.0,117.0,0.411
625,-1,699.8,360.2,12.2,40.8,0.366
625,-1,1085.5,351.3,14.4,38.1,0.295
625,-1,1062.5,358.9,17.7,32.7,0.292
625,-1,1090.1,350.6,11.1,27.7,0.279
625,-1,992.1,365.0,46.5,59.7,0.270
625,-1,1068.5,374.8,26.3,48.8,0.263
625,-1,18.4,354.9,48.8,120.4,0.259
625,-1,1053.5,365.3,35.1,61.9,0.247
625,-1,766.7,351.9,11.7,37.8,0.165
625,-1,1055.1,364.0,23.5,34.3,0.158
625,-1,1085.0,350.7,10.5,28.0,0.148
625,-1,876.1,343.2,20.1,97.3,0.145
625,-1,851.5,350.7,21.5,54.3,0.141
625,-1,876.9,372.1,13.5,66.3,0.136
625,-1,1245.2,375.0,12.9,35.4,0.123
625,-1,1079.2,349.1,10.4,28.6,0.114
625,-1,73.7,365.5,28.2,103.1,0.105
625,-1,708.9,357.7,14.9,40.1,0.102
625,-1,1234.7,367.5,16.4,43.3,0.088
625,-1,1077.8,352.7,15.8,37.2,0.079
625,-1,1050.2,354.1,13.2,26.8,0.071
625,-1,1045.6,354.6,12.8,26.6,0.068
625,-1,1070.4,358.2,17.7,34.1,0.063
625,-1,1072.3,355.1,12.6,28.6,0.062
625,-1,1240.4,373.9,13.5,36.6,0.060
626,-1,805.9,330.8,65.5,173.0,0.999
626,-1,1408.6,315.2,67.6,191.3,0.999
626,-1,882.0,341.2,57.2,163.4,0.998
626,-1,46.7,352.2,52.3,120.8,0.997
626,-1,1200.9,339.9,48.0,135.8,0.997
626,-1,1107.9,346.7,26.8,70.2,0.994
626,-1,0.8,361.8,47.8,114.6,0.991
626,-1,778.6,357.0,25.0,57.1,0.989
626,-1,987.2,365.1,55.1,121.5,0.989
626,-1,716.8,353.9,14.1,46.4,0.988
626,-1,1148.3,345.9,20.8,69.9,0.983
626,-1,742.7,359.1,12.7,37.9,0.982
626,-1,692.3,362.1,19.1,46.8,0.980
626,-1,1035.8,373.6,50.6,111.5,0.970
626,-1,1182.1,351.1,23.7,59.7,0.964
626,-1,755.8,357.9,12.5,38.4,0.949
626,-1,682.2,359.2,16.7,49.3,0.931
626,-1,670.6,357.9,16.4,50.6,0.899
626,-1,1061.6,358.7,16.6,33.0,0.546
626,-1,1066.2,359.3,18.6,36.5,0.519
626,-1,15.2,352.6,58.4,123.9,0.513
626,-1,1089.7,352.1,11.3,26.6,0.490
626,-1,700.7,359.5,13.1,40.7,0.469
626,-1,1873.6,248.0,46.4,96.5,0.442
626,-1,1085.3,349.8,9.5,26.4,0.437
626,-1,1073.7,355.3,12.4,29.9,0.318
626,-1,72.7,362.3,29.9,105.7,0.300
626,-1,1016.7,387.8,29.6,99.9,0.280
626,-1,1082.0,349.5,9.8,26.2,0.224
626,-1,1050.4,355.9,11.4,22.9,0.211
626,-1,766.7,358.4,10.9,31.8,0.207
626,-1,746.7,359.4,14.0,37.3,0.172
626,-1,1126.8,350.9,12.8,35.9,0.156
626,-1,997.2,367.1,42.6,50.4,0.152
626,-1,1072.0,359.1,23.3,36.6,0.146
626,-1,1066.6,354.8,14.4,27.5,0.146
626,-1,1071.5,371.6,27.2,45.8,0.116
626,-1,705.2,359.6,11.1,36.7,0.110
626,-1,1057.8,362.2,31.7,58.3,0.106
626,-1,852.2,350.2,23.0,58.9,0.080
626,-1,1048.7,377.7,35.3,54.2,0.079
626,-1,1096.6,350.7,11.5,29.1,0.079
626,-1,1050.5,355.8,17.8,30.2,0.076
626,-1,1079.5,360.5,21.6,44.2,0.062
626,-1,1047.5,359.8,36.2,48.2,0.056
626,-1,880.3,374.3,13.1,64.1,0.051
627,-1,808.7,332.5,62.3,171.8,0.999
627,-1,886.6,343.2,54.0,163.4,0.999
627,-1,45.5,352.5,53.8,122.5,0.998
627,-1,1204.2,342.5,51.0,133.5,0.997
627,-1,1416.1,318.2,71.5,191.1,0.996
627,-1,782.5,358.7,23.4,55.7,0.994
627,-1,989.3,366.8,55.2,120.8,0.994
627,-1,0.9,359.5,40.5,117.2,0.993
627,-1,1109.7,350.6,28.2,65.8,0.993
627,-1,743.4,358.7,13.6,39.3,0.986
627,-1,1151.8,349.1,18.9,69.1,0.976
627,-1,1038.2,378.7,51.0,110.3,0.973
627,-1,1184.4,352.3,21.9,63.3,0.968
627,-1,718.6,357.2,12.6,42.6,0.962
627,-1,693.4,360.6,19.1,49.5,0.950
627,-1,681.8,360.9,18.4,48.9,0.928
627,-1,758.0,360.6,12.4,37.2,0.927
627,-1,672.0,359.0,15.2,51.0,0.817
627,-1,1884.1,245.4,35.9,122.8,0.415
627,-1,1065.2,362.8,15.9,30.6,0.377
627,-1,702.6,359.5,12.4,41.3,0.314
627,-1,731.7,357.9,10.1,35.2,0.207
627,-1,1245.4,367.0,14.8,47.2,0.160
627,-1,1092.5,351.6,14.5,33.1,0.159
627,-1,73.8,373.4,27.3,94.2,0.157
627,-1,882.9,375.3,12.6,63.8,0.152
627,-1,1074.6,377.5,26.4,70.3,0.142
627,-1,766.3,361.7,9.1,29.7,0.107
627,-1,514.3,388.2,51.0,92.1,0.106
627,-1,1052.6,377.5,34.6,67.2,0.103
627,-1,1050.4,357.9,13.5,30.4,0.101
627,-1,1020.5,379.7,30.2,107.4,0.080
627,-1,1277.7,374.0,11.9,41.0,0.075
627,-1,1074.3,360.8,13.5,31.9,0.072
627,-1,1007.3,365.7,37.8,53.8,0.068
627,-1,753.7,361.0,10.3,35.8,0.060
627,-1,854.3,347.1,23.2,57.7,0.060
627,-1,986.6,383.4,33.5,101.6,0.058
627,-1,1081.6,360.2,22.9,48.0,0.055
628,-1,809.7,332.7,61.9,171.9,0.999
628,-1,46.7,352.9,51.3,123.4,0.999
628,-1,887.2,342.2,53.4,164.8,0.999
628,-1,1205.2,341.6,49.7,135.0,0.997
628,-1,1421.9,320.7,74.6,189.2,0.996
628,-1,783.0,359.8,23.8,56.3,0.996
628,-1,0.6,360.8,38.9,118.0,0.993
628,-1,1110.4,349.2,27.5,68.6,0.993
628,-1,745.1,361.7,12.6,38.8,0.993
628,-1,988.9,367.4,57.0,121.8,0.991
628,-1,1152.0,350.4,18.8,67.9,0.989
628,-1,1184.9,352.2,23.3,64.3,0.977
628,-1,720.7,358.7,11.5,41.4,0.973
628,-1,1041.1,377.0,48.4,114.2,0.971
628,-1,695.5,362.6,17.6,48.1,0.969
628,-1,758.4,362.4,12.4,35.0,0.959
628,-1,681.6,361.0,19.1,50.1,0.954
628,-1,671.9,360.0,15.8,50.0,0.857
628,-1,1879.5,248.7,40.5,95.4,0.653
628,-1,1076.8,378.5,25.3,69.0,0.350
628,-1,2.5,365.0,19.4,111.9,0.329
628,-1,1093.2,353.3,13.2,27.7,0.300
628,-1,1089.7,353.6,10.7,24.0,0.248
628,-1,1084.3,358.5,21.8,51.4,0.220
628,-1,69.2,377.8,29.8,92.0,0.179
628,-1,1062.4,364.1,24.7,34.3,0.177
628,-1,1051.7,357.7,13.7,22.8,0.171
628,-1,1051.5,370.7,47.4,91.3,0.157
628,-1,768.6,361.2,10.7,31.6,0.152
628,-1,1071.7,367.3,29.5,51.9,0.146
628,-1,764.3,362.6,11.5,32.0,0.124
628,-1,1062.9,356.9,15.3,23.6,0.113
628,-1,1068.1,359.5,17.2,28.4,0.112
628,-1,1059.8,365.1,34.4,63.7,0.094
628,-1,726.9,358.8,8.6,38.5,0.092
628,-1,1014.6,382.1,33.8,107.9,0.084
628,-1,730.8,359.1,9.6,35.1,0.079
628,-1,1055.7,366.4,22.9,35.3,0.076
628,-1,1085.4,354.5,17.5,36.8,0.072
628,-1,1070.0,360.4,25.4,40.2,0.063
628,-1,1057.6,359.6,15.6,24.7,0.059
628,-1,712.6,361.7,13.3,38.2,0.052
629,-1,41.9,355.2,53.8,123.1,0.998
629,-1,812.7,332.5,62.4,174.7,0.998
629,-1,890.5,344.2,53.0,165.1,0.998
629,-1,1438.2,321.3,71.1,196.7,0.998
629,-1,1205.7,344.1,55.9,134.6,0.997
629,-1,0.6,359.9,36.9,120.2,0.989
629,-1,786.9,361.4,23.6,62.6,0.987
629,-1,1114.7,352.1,26.9,69.5,0.983
629,-1,995.6,369.0,52.4,123.2,0.977
629,-1,1044.2,379.8,51.7,112.8,0.975
629,-1,1154.8,347.0,20.8,76.2,0.932
629,-1,748.0,363.6,12.5,38.4,0.926
629,-1,695.2,363.8,21.9,50.4,0.917
629,-1,1190.0,355.4,21.9,66.2,0.915
629,-1,675.5,361.8,17.6,52.0,0.903
629,-1,723.3,361.3,12.3,40.2,0.898
629,-1,686.6,364.0,21.9,49.5,0.877
629,-1,761.2,363.3,12.9,35.7,0.849
629,-1,1076.5,380.6,28.4,71.6,0.487
629,-1,1093.1,355.4,15.0,27.8,0.446
629,-1,1056.3,361.8,47.2,89.9,0.309
629,-1,1069.8,363.4,20.2,33.5,0.274
629,-1,1018.0,381.5,34.5,111.0,0.251
629,-1,1007.3,368.4,41.3,60.0,0.184
629,-1,1055.1,359.9,22.4,28.0,0.175
629,-1,1080.6,370.3,25.9,58.1,0.165
629,-1,1055.6,361.4,31.0,38.5,0.152
629,-1,1027.0,372.7,45.3,121.2,0.147
629,-1,1066.9,358.5,20.7,26.4,0.147
629,-1,1086.1,356.1,23.4,61.9,0.137
629,-1,767.6,364.6,12.5,31.9,0.111
629,-1,654.6,362.3,16.8,37.2,0.106
629,-1,66.9,375.1,28.0,94.0,0.068
629,-1,715.2,363.6,15.5,38.0,0.062
629,-1,1085.7,354.3,15.9,28.7,0.059
629,-1,1078.6,361.0,15.6,31.2,0.057
629,-1,1434.9,328.0,39.6,183.8,0.056
629,-1,707.1,364.3,13.9,40.3,0.056
629,-1,862.8,357.0,19.4,43.1,0.051
629,-1,992.0,390.0,35.4,100.3,0.051
630,-1,813.1,332.6,62.4,178.8,0.999
630,-1,890.4,350.4,54.1,161.2,0.998
630,-1,41.5,357.5,54.2,128.6,0.997
630,-1,1441.0,324.5,73.8,199.6,0.993
630,-1,1206.2,346.1,53.9,136.3,0.987
630,-1,785.6,364.7,28.3,61.9,0.973
630,-1,995.3,370.1,53.8,124.3,0.973
630,-1,1115.1,349.2,27.3,77.3,0.946
630,-1,676.8,365.4,41.7,53.4,0.936
630,-1,1154.5,343.5,25.2,86.6,0.932
630,-1,1045.8,382.8,53.0,109.9,0.929
630,-1,0.0,330.3,28.5,160.9,0.927
630,-1,748.9,359.9,14.1,47.8,0.816
630,-1,723.1,362.2,14.2,45.3,0.653
630,-1,761.7,363.1,15.8,39.7,0.637
630,-1,696.8,365.0,22.9,51.6,0.527
630,-1,1185.4,351.3,29.6,75.5,0.476
630,-1,1065.8,379.1,38.8,75.2,0.306
630,-1,1021.3,379.4,34.4,115.5,0.298
630,-1,1031.3,383.4,46.9,112.9,0.221
630,-1,1086.4,355.2,23.0,69.8,0.199
630,-1,1065.8,362.5,26.2,36.7,0.188
630,-1,886.8,376.6,13.7,63.0,0.128
630,-1,710.3,348.7,22.0,59.9,0.106
630,-1,16.8,346.0,65.9,137.5,0.101
630,-1,1089.9,354.0,19.9,34.9,0.096
630,-1,1017.5,333.5,35.7,43.7,0.085
630,-1,1255.9,279.9,40.8,146.0,0.068
630,-1,860.8,350.0,20.5,43.5,0.066
630,-1,707.3,364.2,16.8,45.5,0.064
630,-1,1439.2,330.9,36.7,185.7,0.059
630,-1,4.4,323.8,52.0,159.3,0.055
630,-1,1055.1,358.4,47.6,75.7,0.055
630,-1,1441.3,325.3,66.8,107.6,0.054
631,-1,890.9,347.3,54.6,165.5,0.999
631,-1,817.0,335.1,65.7,177.8,0.999
631,-1,1447.9,329.1,72.3,197.4,0.999
631,-1,1212.5,347.4,55.1,137.8,0.998
631,-1,39.0,357.2,54.0,125.9,0.998
631,-1,1117.5,357.8,27.3,69.0,0.994
631,-1,993.9,373.2,57.4,124.3,0.989
631,-1,787.2,365.8,22.2,58.2,0.989
631,-1,1158.5,355.4,20.6,71.7,0.982
631,-1,1193.3,359.6,21.8,65.3,0.980
631,-1,699.0,369.1,19.6,49.9,0.973
631,-1,0.0,358.7,30.8,125.4,0.971
631,-1,750.9,365.7,13.0,40.7,0.971
631,-1,1043.3,383.1,55.5,114.6,0.956
631,-1,687.2,367.4,19.4,50.3,0.953
631,-1,724.4,365.6,12.1,41.6,0.943
631,-1,763.2,369.4,12.5,35.3,0.906
631,-1,677.9,366.7,16.0,50.2,0.883
631,-1,1082.3,387.0,25.3,66.2,0.608
631,-1,1098.3,363.1,13.1,33.8,0.457
631,-1,1007.8,375.3,43.1,52.0,0.391
631,-1,1027.9,412.1,29.3,85.5,0.336
631,-1,1092.1,365.3,16.3,35.8,0.314
631,-1,1066.8,369.6,26.7,33.5,0.312
631,-1,1088.4,369.4,21.4,55.0,0.252
631,-1,1054.4,367.1,15.9,23.9,0.241
631,-1,1066.1,375.7,41.1,85.7,0.227
631,-1,739.1,365.6,11.5,35.7,0.163
631,-1,862.5,355.0,23.6,54.3,0.145
631,-1,773.0,368.4,10.2,30.2,0.141
631,-1,758.9,366.9,12.9,36.7,0.106
631,-1,1076.1,365.7,18.3,31.3,0.092
631,-1,1084.4,363.8,18.5,34.9,0.086
631,-1,1057.9,382.1,36.9,54.4,0.086
631,-1,1071.0,373.0,30.6,51.8,0.082
631,-1,1060.2,367.5,24.9,31.0,0.077
631,-1,656.6,365.1,16.0,36.6,0.068
631,-1,1004.4,373.2,87.6,126.8,0.057
631,-1,1057.9,375.9,27.9,38.2,0.055
631,-1,64.8,380.4,25.7,90.0,0.055
631,-1,1445.6,336.5,39.9,178.2,0.054
632,-1,1452.1,326.3,70.7,200.9,0.999
632,-1,894.5,349.7,52.4,164.6,0.999
632,-1,816.7,337.6,65.8,174.6,0.998
632,-1,37.5,358.0,51.6,124.5,0.998
632,-1,1209.5,348.7,54.8,134.0,0.996
632,-1,993.4,373.9,58.7,124.5,0.992
632,-1,1120.7,359.7,28.1,68.9,0.988
632,-1,792.3,367.7,22.9,56.7,0.983
632,-1,1035.9,385.1,58.2,115.9,0.981
632,-1,752.7,367.5,11.2,39.2,0.972
632,-1,726.4,363.5,11.4,44.1,0.968
632,-1,0.4,363.5,26.9,120.3,0.965
632,-1,1162.1,354.5,18.5,73.6,0.962
632,-1,702.1,365.9,17.3,51.5,0.956
632,-1,764.6,366.5,13.3,40.6,0.953
632,-1,1196.9,358.8,20.0,69.3,0.931
632,-1,689.1,368.6,17.4,49.6,0.921
632,-1,681.7,366.6,16.2,51.5,0.827
632,-1,1089.5,373.9,21.3,82.5,0.451
632,-1,1031.4,404.1,27.7,95.2,0.376
632,-1,968.2,372.3,20.0,73.4,0.372
632,-1,1101.1,362.8,12.8,30.1,0.350
632,-1,1060.5,364.6,13.0,25.2,0.291
632,-1,1095.0,362.6,20.3,65.5,0.216
632,-1,1062.9,378.0,44.8,101.0,0.210
632,-1,810.4,378.1,14.1,46.6,0.206
632,-1,1070.8,371.9,21.9,34.4,0.204
632,-1,869.1,361.3,21.1,48.7,0.134
632,-1,737.7,366.2,10.5,36.7,0.123
632,-1,814.2,383.9,15.0,51.8,0.115
632,-1,1281.8,343.8,19.9,82.2,0.105
632,-1,527.3,394.4,44.9,98.6,0.104
632,-1,1071.4,372.3,31.8,69.7,0.097
632,-1,837.4,343.2,71.7,171.7,0.079
632,-1,1091.1,371.4,17.1,39.4,0.079
632,-1,1249.1,371.0,19.9,54.7,0.072
632,-1,1008.9,374.5,44.1,59.9,0.070
632,-1,1287.7,370.4,15.2,54.2,0.056
633,-1,1212.8,349.7,64.2,132.3,0.999
633,-1,1455.4,325.8,69.6,201.5,0.998
633,-1,818.6,332.1,67.0,181.0,0.998
633,-1,895.6,350.6,52.1,162.3,0.998
633,-1,33.6,359.8,52.4,125.1,0.995
633,-1,788.9,361.7,24.5,63.4,0.983
633,-1,1120.9,355.8,27.2,73.7,0.982
633,-1,996.9,374.3,58.9,123.4,0.968
633,-1,1053.4,380.3,51.1,116.7,0.954
633,-1,1159.2,352.3,22.9,75.7,0.933
633,-1,1196.9,362.0,19.0,64.2,0.924
633,-1,698.1,362.6,22.1,55.6,0.910
633,-1,752.1,364.0,14.8,43.9,0.899
633,-1,0.0,341.9,24.1,148.9,0.898
633,-1,764.5,364.8,15.7,41.4,0.850
633,-1,683.3,362.2,27.0,57.6,0.850
633,-1,724.9,364.9,13.8,42.9,0.709
633,-1,678.8,365.2,20.2,54.7,0.608
633,-1,1026.9,378.9,33.0,118.5,0.464
633,-1,1084.5,378.2,28.5,77.6,0.449
633,-1,758.2,361.5,17.5,45.7,0.297
633,-1,1098.1,359.2,15.3,32.0,0.283
633,-1,797.6,366.7,23.5,58.0,0.269
633,-1,1072.4,369.9,35.8,73.7,0.240
633,-1,1091.7,366.9,21.1,64.4,0.171
633,-1,2.4,315.3,60.6,166.9,0.139
633,-1,807.9,365.2,17.1,66.4,0.139
633,-1,1103.8,359.5,13.9,36.7,0.136
633,-1,57.6,374.4,26.0,94.0,0.132
633,-1,1093.0,362.6,19.2,40.9,0.122
633,-1,1199.1,388.5,18.1,39.5,0.102
633,-1,1057.5,368.1,19.5,42.2,0.082
633,-1,1127.0,350.3,36.2,80.4,0.071
633,-1,1076.7,367.9,22.3,38.0,0.069
633,-1,968.6,377.1,20.3,58.6,0.069
633,-1,718.8,367.1,15.8,41.7,0.066
633,-1,968.7,389.7,36.4,96.9,0.054
634,-1,1463.2,325.0,71.6,200.7,0.998
634,-1,816.6,331.8,66.1,176.2,0.998
634,-1,1210.7,347.1,56.7,134.1,0.998
634,-1,896.2,349.1,52.3,161.5,0.997
634,-1,27.3,354.1,44.8,125.2,0.996
634,-1,792.1,361.8,22.9,60.1,0.994
634,-1,993.4,368.7,63.0,125.0,0.990
634,-1,1121.6,355.7,28.3,66.8,0.989
634,-1,1052.2,380.0,54.7,115.4,0.982
634,-1,0.0,357.2,20.2,124.3,0.976
634,-1,1200.4,357.0,19.3,68.5,0.970
634,-1,702.4,365.4,17.7,49.4,0.921
634,-1,726.8,364.2,11.4,40.2,0.920
634,-1,690.0,366.4,18.8,48.5,0.917
634,-1,752.0,364.5,12.6,38.8,0.903
634,-1,765.6,362.9,13.0,40.7,0.884
634,-1,1164.6,354.3,19.1,72.3,0.873
634,-1,1089.5,378.3,23.6,76.1,0.744
634,-1,681.0,363.6,15.9,51.1,0.739
634,-1,1101.5,360.0,12.9,36.5,0.669
634,-1,1060.8,363.0,13.2,23.0,0.381
634,-1,1093.3,363.0,21.5,70.6,0.370
634,-1,1032.0,390.4,28.8,105.0,0.284
634,-1,1076.9,366.3,18.1,30.6,0.260
634,-1,870.5,356.4,17.7,51.4,0.208
634,-1,1066.9,372.7,44.2,87.9,0.199
634,-1,1109.5,357.7,11.6,33.8,0.145
634,-1,1068.7,362.4,14.0,22.3,0.137
634,-1,1146.1,362.1,11.1,31.4,0.130
634,-1,1015.9,368.5,40.2,88.7,0.123
634,-1,1098.5,358.8,10.7,23.8,0.105
634,-1,1064.8,370.0,20.8,38.8,0.100
634,-1,810.7,374.0,14.4,50.6,0.076
634,-1,50.2,365.8,26.4,108.5,0.074
634,-1,759.2,364.2,11.1,39.0,0.068
634,-1,1060.6,366.8,17.9,44.4,0.068
634,-1,1527.3,308.2,37.5,97.7,0.064
634,-1,1066.0,371.4,31.4,44.7,0.062
634,-1,1544.6,328.3,19.5,61.9,0.061
634,-1,732.2,363.9,10.6,39.4,0.054
634,-1,1063.0,378.2,36.9,62.3,0.054
635,-1,812.6,332.8,64.3,175.0,0.998
635,-1,895.3,350.0,51.2,160.2,0.996
635,-1,17.3,351.7,46.4,129.5,0.996
635,-1,1205.3,345.4,53.5,135.5,0.995
635,-1,1461.2,315.7,75.3,210.5,0.995
635,-1,1121.0,356.5,29.1,68.5,0.982
635,-1,993.5,368.0,61.1,125.4,0.973
635,-1,788.6,358.7,26.7,62.6,0.964
635,-1,0.0,345.5,12.1,137.3,0.950
635,-1,1161.7,344.7,25.3,80.1,0.949
635,-1,688.5,363.8,18.6,48.4,0.938
635,-1,752.3,360.8,14.0,40.2,0.934
635,-1,1048.2,380.8,54.8,115.6,0.931
635,-1,1198.6,351.8,22.2,71.1,0.826
635,-1,763.5,363.7,13.5,37.5,0.824
635,-1,700.8,363.6,15.4,46.9,0.814
635,-1,725.3,363.5,11.8,37.3,0.781
635,-1,682.7,364.1,17.8,48.0,0.660
635,-1,1023.9,377.5,35.0,117.2,0.465
635,-1,771.6,349.6,14.8,45.2,0.412
635,-1,1088.5,367.0,23.1,67.7,0.266
635,-1,1083.1,379.6,28.6,79.6,0.177
635,-1,973.5,389.8,41.9,97.4,0.130
635,-1,732.7,359.0,15.9,42.1,0.130
635,-1,48.3,374.4,22.3,88.4,0.112
635,-1,1035.2,378.1,36.9,111.0,0.110
635,-1,0.9,358.2,22.6,123.1,0.108
635,-1,729.9,364.7,10.5,35.8,0.107
635,-1,756.8,358.3,14.5,41.7,0.096
635,-1,810.0,374.6,17.5,52.0,0.095
635,-1,738.8,361.0,13.9,40.6,0.095
635,-1,1096.3,362.1,19.5,67.5,0.092
635,-1,1508.3,323.0,58.2,165.8,0.092
635,-1,870.4,356.5,22.9,48.8,0.081
635,-1,1100.8,356.7,17.1,52.2,0.080
635,-1,1066.1,360.2,45.3,78.5,0.073
635,-1,1133.3,354.8,21.4,55.7,0.058
635,-1,1513.9,309.6,53.0,99.7,0.054
636,-1,811.8,331.8,63.0,171.9,0.998
636,-1,1203.8,343.9,51.4,134.0,0.998
636,-1,891.7,346.4,53.7,160.0,0.997
636,-1,1459.9,320.0,80.5,205.0,0.997
636,-1,1117.2,350.3,28.7,67.0,0.994
636,-1,6.9,350.0,49.5,127.7,0.993
636,-1,786.3,357.6,24.1,58.9,0.989
636,-1,992.5,363.8,59.8,126.3,0.986
636,-1,747.3,360.4,12.5,38.2,0.984
636,-1,1159.5,346.5,21.6,74.6,0.983
636,-1,1196.5,351.8,19.3,66.1,0.979
636,-1,720.6,359.0,13.5,41.2,0.965
636,-1,1045.4,377.6,53.2,114.4,0.963
636,-1,760.2,359.7,12.9,37.0,0.961
636,-1,698.7,362.3,17.6,48.4,0.926
636,-1,675.9,359.6,19.4,50.2,0.909
636,-1,687.1,360.8,20.9,49.6,0.900
636,-1,1083.4,378.3,26.8,71.7,0.618
636,-1,1094.0,354.5,14.5,27.6,0.491
636,-1,772.5,360.7,10.9,31.8,0.444
636,-1,1030.3,403.1,27.8,88.7,0.245
636,-1,1087.8,357.6,21.9,61.1,0.242
636,-1,861.9,354.8,17.1,58.8,0.242
636,-1,1060.8,370.3,21.8,32.8,0.236
636,-1,0.1,359.5,8.9,118.8,0.225
636,-1,1551.4,337.5,12.9,38.4,0.214
636,-1,754.9,359.7,14.8,39.0,0.213
636,-1,1055.0,360.0,14.9,26.8,0.210
636,-1,1073.8,370.0,33.4,60.6,0.208
636,-1,1087.5,353.9,14.2,25.2,0.196
636,-1,1064.2,366.5,27.2,31.6,0.166
636,-1,865.9,357.6,15.9,43.0,0.152
636,-1,1061.2,376.1,38.8,73.1,0.124
636,-1,40.5,373.1,22.6,78.6,0.121
636,-1,809.1,377.4,19.0,55.0,0.111
636,-1,0.7,350.4,20.7,117.0,0.094
636,-1,1072.5,358.8,18.5,28.3,0.094
636,-1,1080.4,357.6,15.3,32.3,0.081
636,-1,1063.0,359.0,17.8,23.8,0.077
636,-1,1106.4,355.0,13.5,30.5,0.060
636,-1,1076.0,364.1,21.1,34.0,0.059
636,-1,1060.5,373.4,33.7,46.9,0.050
636,-1,775.3,356.3,14.9,36.6,0.050
637,-1,1457.4,316.4,82.6,204.3,0.998
637,-1,810.9,328.8,64.1,171.8,0.998
637,-1,892.3,344.3,54.0,160.5,0.995
637,-1,1201.5,339.4,52.8,133.6,0.995
637,-1,5.6,346.4,50.0,124.8,0.991
637,-1,1119.4,347.3,28.5,71.0,0.983
637,-1,992.3,363.5,58.9,123.4,0.978
637,-1,1159.4,339.9,22.6,80.0,0.969
637,-1,1047.1,372.8,53.4,116.4,0.948
637,-1,785.5,353.5,26.2,59.2,0.946
637,-1,696.2,353.6,16.4,54.2,0.940
637,-1,719.2,354.4,12.1,42.3,0.877
637,-1,746.8,354.4,13.5,41.3,0.876
637,-1,684.7,357.3,18.2,49.2,0.871
637,-1,758.7,357.2,14.5,38.4,0.845
637,-1,1196.0,347.0,20.1,68.9,0.751
637,-1,676.1,355.3,16.6,49.1,0.701
637,-1,1033.2,380.7,41.4,107.5,0.611
637,-1,1082.6,370.1,27.1,74.3,0.443
637,-1,1063.2,373.1,42.2,86.8,0.289
637,-1,1025.5,372.2,32.4,115.6,0.277
637,-1,1531.1,314.5,37.2,113.5,0.212
637,-1,865.9,356.1,18.8,41.3,0.199
637,-1,768.8,342.5,15.0,45.5,0.158
637,-1,1089.2,359.2,18.9,50.7,0.132
637,-1,696.8,342.7,14.2,40.0,0.127
637,-1,34.0,364.7,23.8,87.8,0.111
637,-1,731.0,351.5,15.5,42.8,0.091
637,-1,808.4,375.8,18.0,52.8,0.084
637,-1,1514.6,317.4,52.6,157.4,0.076
637,-1,980.1,379.8,40.6,103.4,0.061
637,-1,605.8,346.1,14.2,38.9,0.058
637,-1,1068.7,361.4,22.9,28.8,0.056
637,-1,1493.1,317.7,51.2,114.7,0.053
638,-1,811.1,322.3,62.9,175.8,0.998
638,-1,1202.9,336.8,50.9,132.0,0.998
638,-1,892.7,339.4,53.8,160.4,0.997
638,-1,4.1,342.1,44.8,127.9,0.996
638,-1,1117.5,343.0,28.2,68.8,0.993
638,-1,1455.8,311.1,91.6,206.3,0.993
638,-1,786.3,349.8,24.0,60.8,0.984
638,-1,993.0,358.7,60.2,124.0,0.982
638,-1,1041.3,367.2,59.5,119.5,0.975
638,-1,717.8,350.2,14.8,43.6,0.972
638,-1,1160.6,340.8,20.9,74.2,0.972
638,-1,746.2,352.2,13.5,39.4,0.964
638,-1,698.2,351.9,17.7,51.1,0.954
638,-1,1196.8,346.4,18.6,67.7,0.917
638,-1,675.0,352.8,17.6,50.0,0.896
638,-1,684.3,352.7,17.5,50.6,0.893
638,-1,760.0,352.4,12.5,38.0,0.885
638,-1,1095.3,346.5,14.8,27.7,0.523
638,-1,1535.9,283.2,36.2,140.2,0.434
638,-1,1086.5,356.2,24.3,61.2,0.333
638,-1,860.4,346.4,19.9,64.5,0.310
638,-1,1029.8,386.3,28.3,98.2,0.269
638,-1,1083.2,371.5,26.7,69.2,0.231
638,-1,1058.0,363.2,21.7,33.2,0.218
638,-1,1063.3,358.8,28.8,37.3,0.198
638,-1,1061.9,366.8,40.6,73.9,0.173
638,-1,769.7,351.1,11.5,33.5,0.143
638,-1,656.6,350.4,14.8,37.1,0.121
638,-1,725.1,352.4,11.8,40.1,0.121
638,-1,0.0,346.7,16.7,105.4,0.115
638,-1,28.3,353.3,26.5,98.3,0.094
638,-1,731.2,350.1,12.6,39.1,0.094
638,-1,1074.7,359.3,27.0,36.5,0.083
638,-1,1498.4,315.5,49.4,119.7,0.057
639,-1,807.2,319.4,64.8,174.2,0.999
639,-1,890.9,335.6,52.8,159.6,0.998
639,-1,0.1,341.6,37.5,124.5,0.998
639,-1,1194.3,332.6,53.2,131.7,0.997
639,-1,1454.3,305.2,103.6,214.6,0.997
639,-1,782.1,348.1,22.8,56.7,0.993
639,-1,990.2,354.8,60.6,126.1,0.989
639,-1,1114.8,339.4,28.4,71.9,0.988
639,-1,1159.0,339.5,20.3,71.8,0.986
639,-1,714.5,346.7,12.4,42.5,0.974
639,-1,1047.3,367.6,50.6,114.9,0.973
639,-1,693.6,349.6,16.5,49.2,0.965
639,-1,681.4,350.9,15.3,48.2,0.927
639,-1,753.8,348.4,13.9,40.6,0.906
639,-1,740.0,348.6,14.4,40.1,0.883
639,-1,670.6,347.8,16.0,50.9,0.848
639,-1,1086.1,348.8,20.6,68.8,0.649
639,-1,1055.6,358.5,17.7,33.6,0.406
639,-1,1090.1,345.1,15.4,36.6,0.305
639,-1,1059.3,355.3,25.2,38.3,0.266
639,-1,21.7,367.0,19.8,70.8,0.239
639,-1,1057.4,351.7,47.4,71.1,0.235
639,-1,1071.5,364.4,31.7,76.6,0.211
639,-1,856.8,344.5,15.5,61.3,0.189
639,-1,852.2,339.9,18.5,99.0,0.176
639,-1,1551.3,308.9,19.9,84.1,0.155
639,-1,1095.3,344.0,13.4,33.6,0.150
639,-1,1027.9,381.8,28.1,99.5,0.137
639,-1,1067.8,354.3,25.3,37.6,0.134
639,-1,1099.2,342.5,11.2,27.7,0.130
639,-1,1129.8,344.6,15.3,54.6,0.123
639,-1,1058.5,353.2,13.5,24.3,0.122
639,-1,1538.9,313.7,32.2,112.8,0.122
639,-1,868.4,345.8,12.2,40.3,0.117
639,-1,766.2,348.1,10.3,33.0,0.109
639,-1,1193.1,341.4,18.8,67.2,0.098
639,-1,803.4,374.0,18.1,46.4,0.086
639,-1,1054.3,348.2,11.7,22.3,0.082
639,-1,861.6,346.5,14.6,51.7,0.078
639,-1,1522.0,316.9,45.7,145.9,0.068
639,-1,1054.1,361.8,26.7,44.9,0.063
639,-1,1576.0,333.6,28.9,184.4,0.063
639,-1,726.4,348.2,10.4,36.8,0.061
639,-1,600.9,336.9,11.9,43.8,0.057
640,-1,808.0,319.7,63.4,172.6,0.998
640,-1,891.2,333.0,54.5,161.8,0.998
640,-1,0.1,339.4,35.8,126.6,0.998
640,-1,1193.7,331.2,55.1,132.3,0.997
640,-1,1461.2,304.8,105.9,215.1,0.997
640,-1,1159.9,339.2,18.4,72.6,0.992
640,-1,1115.6,338.8,28.7,70.6,0.991
640,-1,782.0,345.7,23.4,60.5,0.990
640,-1,991.1,350.8,62.0,130.6,0.988
640,-1,714.3,345.3,12.5,43.1,0.984
640,-1,693.8,349.4,16.6,49.1,0.981
640,-1,1049.3,365.5,53.9,116.2,0.966
640,-1,740.2,349.5,15.1,37.4,0.940
640,-1,754.2,346.4,13.5,40.3,0.939
640,-1,681.2,349.9,16.4,47.8,0.931
640,-1,670.6,348.1,16.8,49.9,0.808
640,-1,1084.2,349.3,23.6,68.2,0.605
640,-1,1094.7,341.2,13.7,42.2,0.534
640,-1,1057.2,361.6,47.0,71.7,0.479
640,-1,1057.5,354.2,21.9,39.6,0.438
640,-1,21.8,370.8,19.1,67.1,0.420
640,-1,858.9,345.1,17.3,58.6,0.212
640,-1,1024.5,367.4,31.2,113.4,0.199
640,-1,1059.5,355.8,35.5,45.8,0.199
640,-1,853.5,342.0,17.2,79.5,0.196
640,-1,1053.8,345.5,12.7,24.1,0.187
640,-1,1090.2,339.6,13.2,29.8,0.179
640,-1,1097.9,342.1,12.4,30.4,0.153
640,-1,766.1,340.1,11.8,39.1,0.135
640,-1,1084.9,343.5,18.6,39.8,0.128
640,-1,801.3,356.1,14.6,60.4,0.127
640,-1,865.0,344.8,14.1,40.7,0.108
640,-1,1085.5,339.4,13.3,27.4,0.103
640,-1,1056.8,348.4,14.3,27.2,0.103
640,-1,993.3,342.7,12.9,20.1,0.088
640,-1,1535.7,298.9,38.0,117.3,0.061
640,-1,727.3,346.8,9.5,36.3,0.059
640,-1,962.8,359.9,20.8,62.8,0.051
641,-1,807.6,319.3,64.2,173.7,0.999
641,-1,892.9,331.5,53.3,160.6,0.999
641,-1,0.4,344.6,33.2,119.4,0.998
641,-1,1465.8,302.7,107.1,216.1,0.997
641,-1,1193.7,328.7,54.0,135.9,0.995
641,-1,1115.5,336.7,28.7,71.7,0.989
641,-1,713.3,344.3,13.4,44.0,0.985
641,-1,781.3,345.0,24.7,60.9,0.985
641,-1,993.2,351.7,58.4,130.0,0.982
641,-1,1159.8,337.7,19.9,74.4,0.975
641,-1,693.5,348.4,17.8,49.6,0.973
641,-1,740.6,349.1,15.2,38.0,0.958
641,-1,1048.2,363.8,53.6,117.4,0.921
641,-1,754.1,345.4,13.8,39.8,0.910
641,-1,681.4,349.9,16.0,47.9,0.877
641,-1,670.2,347.3,18.3,50.4,0.825
641,-1,1081.9,349.1,26.6,71.1,0.586
641,-1,746.4,348.3,13.4,37.2,0.436
641,-1,1059.9,355.3,45.9,69.1,0.433
641,-1,852.8,343.6,19.7,72.3,0.430
641,-1,1023.1,372.2,33.1,109.3,0.396
641,-1,1091.9,339.6,17.9,32.5,0.391
641,-1,1024.2,360.1,58.8,124.5,0.270
641,-1,765.5,337.3,12.4,41.3,0.236
641,-1,1085.3,340.4,23.2,46.2,0.229
641,-1,859.7,344.6,18.1,60.7,0.208
641,-1,773.1,336.2,12.9,42.9,0.202
641,-1,15.9,367.0,21.5,68.2,0.196
641,-1,1061.5,351.4,32.0,38.9,0.162
641,-1,1056.7,354.3,23.9,40.0,0.156
641,-1,727.6,345.4,10.6,37.3,0.142
641,-1,1084.9,339.3,17.0,27.9,0.115
641,-1,884.4,334.9,20.1,79.6,0.112
641,-1,1095.0,341.8,20.2,38.8,0.101
641,-1,866.9,343.2,15.5,61.5,0.054
641,-1,600.9,336.3,12.1,43.3,0.052
642,-1,806.7,320.0,65.3,173.9,0.999
642,-1,892.4,331.2,54.3,161.6,0.999
642,-1,1466.7,304.4,107.8,216.0,0.998
642,-1,1192.6,330.0,57.5,135.3,0.998
642,-1,0.1,341.0,26.2,123.7,0.996
642,-1,1115.5,339.2,28.7,70.2,0.992
642,-1,991.8,353.4,60.3,129.4,0.989
642,-1,710.9,344.9,13.9,45.7,0.986
642,-1,781.6,346.0,23.7,60.3,0.983
642,-1,1159.4,339.6,20.5,71.9,0.980
642,-1,693.3,349.5,17.6,49.3,0.966
642,-1,751.8,345.1,15.1,42.9,0.953
642,-1,1047.3,363.3,55.1,118.8,0.945
642,-1,740.1,350.4,13.4,37.3,0.945
642,-1,680.1,348.1,18.1,50.7,0.934
642,-1,670.1,348.1,17.2,50.6,0.910
642,-1,851.0,342.9,21.5,85.6,0.638
642,-1,1059.1,352.0,47.9,65.8,0.566
642,-1,1095.9,343.3,14.0,36.5,0.418
642,-1,1084.9,349.7,23.5,67.0,0.406
642,-1,1056.5,356.0,23.4,39.3,0.328
642,-1,1023.1,372.4,32.6,109.9,0.328
642,-1,1091.5,341.6,13.9,29.1,0.250
642,-1,1060.2,353.0,30.5,38.5,0.202
642,-1,764.3,344.8,11.6,35.7,0.186
642,-1,884.9,332.2,16.6,87.7,0.186
642,-1,726.5,345.6,10.2,39.2,0.179
642,-1,861.6,344.4,16.7,55.4,0.163
642,-1,1060.2,369.2,43.5,74.6,0.146
642,-1,1085.8,341.8,15.5,29.3,0.123
642,-1,7.3,358.8,24.2,87.4,0.110
642,-1,844.6,321.6,34.2,112.6,0.110
642,-1,856.3,339.8,20.1,45.0,0.101
642,-1,600.5,337.9,12.0,41.3,0.066
642,-1,1078.4,352.3,24.9,50.4,0.065
642,-1,1053.0,345.4,13.7,23.4,0.062
642,-1,1040.4,369.5,37.3,112.4,0.051
643,-1,807.2,317.7,62.0,174.5,0.996
643,-1,895.0,331.9,54.0,160.5,0.995
643,-1,1195.8,331.4,51.9,133.9,0.994
643,-1,1468.9,306.0,93.0,217.1,0.992
643,-1,992.3,357.9,57.9,124.7,0.985
643,-1,0.4,341.1,23.9,121.7,0.983
643,-1,1118.8,344.3,23.4,64.1,0.968
643,-1,1046.4,363.1,57.7,119.0,0.942
643,-1,677.2,347.7,27.1,49.0,0.871
643,-1,779.6,340.8,29.8,67.2,0.587
643,-1,1025.2,360.6,56.1,124.8,0.483
643,-1,746.9,339.3,18.2,44.4,0.409
643,-1,853.6,344.7,23.3,64.7,0.267
643,-1,1020.5,368.1,34.8,116.5,0.241
643,-1,1065.9,357.4,40.7,71.6,0.205
643,-1,1082.7,351.6,25.1,62.2,0.145
643,-1,712.2,348.5,11.4,39.3,0.126
643,-1,1067.5,350.7,37.3,41.9,0.117
643,-1,743.1,348.3,12.0,37.3,0.115
643,-1,1508.6,299.7,62.8,211.3,0.103
643,-1,1083.3,349.7,22.4,37.1,0.094
643,-1,752.9,345.2,16.0,37.2,0.058
643,-1,849.7,352.3,17.6,71.9,0.051
644,-1,1472.9,303.0,113.7,228.6,0.998
644,-1,806.7,319.1,68.3,175.7,0.997
644,-1,897.2,334.7,52.1,162.0,0.997
644,-1,1199.5,336.5,48.7,131.1,0.996
644,-1,1120.8,344.9,25.2,70.5,0.983
644,-1,992.4,359.0,61.6,128.9,0.982
644,-1,783.4,337.0,22.9,69.3,0.969
644,-1,1053.4,365.1,54.8,123.6,0.964
644,-1,672.8,349.9,31.1,52.5,0.891
644,-1,850.0,336.6,26.8,101.4,0.831
644,-1,752.4,348.0,15.1,38.8,0.385
644,-1,743.4,352.8,12.2,33.6,0.334
644,-1,745.2,344.8,17.5,43.2,0.331
644,-1,692.9,350.2,18.3,47.4,0.320
644,-1,0.0,339.7,19.8,128.3,0.283
644,-1,1020.8,369.6,36.3,117.9,0.277
644,-1,715.1,345.5,11.1,44.0,0.231
644,-1,1067.4,361.6,41.3,77.8,0.192
644,-1,764.3,341.5,16.2,42.3,0.170
644,-1,778.4,327.6,39.6,85.1,0.100
644,-1,1067.6,354.4,38.5,42.0,0.098
644,-1,1084.6,355.1,23.5,38.8,0.077
644,-1,0.0,272.0,26.9,191.4,0.068
644,-1,1090.9,351.7,24.0,53.0,0.064
644,-1,1065.7,358.8,27.1,31.1,0.057
644,-1,869.0,339.1,24.7,71.9,0.056
645,-1,897.0,334.2,57.1,164.0,0.999
645,-1,814.2,322.0,62.1,176.1,0.998
645,-1,1495.7,305.2,102.5,228.0,0.998
645,-1,1203.0,335.3,51.5,131.6,0.997
645,-1,1124.7,345.6,28.3,69.7,0.993
645,-1,719.0,350.6,13.1,43.4,0.989
645,-1,995.1,359.2,66.3,130.2,0.985
645,-1,699.9,352.6,17.9,51.4,0.982
645,-1,789.1,351.9,23.0,59.7,0.982
645,-1,746.1,353.6,13.2,38.4,0.982
645,-1,1054.8,365.6,58.0,123.5,0.978
645,-1,1167.5,344.3,21.6,72.3,0.976
645,-1,758.5,350.2,16.8,45.6,0.969
645,-1,676.8,352.2,17.6,51.6,0.918
645,-1,0.0,347.2,24.3,124.6,0.906
645,-1,856.9,337.9,26.1,106.5,0.896
645,-1,687.8,352.1,17.2,52.1,0.885
645,-1,1092.2,355.5,24.8,69.1,0.554
645,-1,755.3,350.3,12.4,41.0,0.371
645,-1,1059.7,351.7,15.4,26.0,0.286
645,-1,1092.7,350.0,19.2,40.0,0.275
645,-1,661.7,352.0,15.3,40.8,0.246
645,-1,1064.7,361.7,20.3,33.6,0.214
645,-1,1071.1,352.0,44.9,73.4,0.208
645,-1,779.6,344.4,12.1,40.0,0.206
645,-1,1031.3,375.5,33.3,114.0,0.197
645,-1,1097.1,345.5,16.2,26.8,0.193
645,-1,771.7,344.3,12.4,39.7,0.192
645,-1,1095.9,373.1,20.1,73.1,0.192
645,-1,1101.8,348.3,15.2,27.6,0.168
645,-1,1082.4,355.2,25.4,36.8,0.144
645,-1,1022.4,360.8,79.5,130.4,0.129
645,-1,1009.0,358.2,50.9,64.1,0.125
645,-1,1092.4,345.3,15.0,27.6,0.114
645,-1,866.4,347.6,19.8,73.6,0.114
645,-1,862.8,347.5,19.9,45.7,0.088
645,-1,874.2,348.8,15.7,56.5,0.083
645,-1,1074.2,351.2,21.3,28.4,0.070
645,-1,1066.7,357.8,32.5,42.8,0.070
645,-1,732.0,351.7,12.3,37.1,0.062
645,-1,1065.1,354.3,17.8,25.7,0.056
645,-1,1060.1,364.3,28.3,44.0,0.053
646,-1,813.4,321.2,61.2,172.1,0.998
646,-1,898.3,333.8,54.8,166.5,0.997
646,-1,1205.1,336.7,49.1,130.0,0.991
646,-1,1507.6,293.0,95.0,239.1,0.989
646,-1,1128.1,347.0,26.3,68.5,0.975
646,-1,789.9,351.4,29.5,62.8,0.964
646,-1,1001.5,360.6,62.3,125.1,0.961
646,-1,1168.5,341.4,26.3,76.4,0.959
646,-1,1056.3,367.8,59.3,123.9,0.907
646,-1,687.1,352.4,21.6,50.0,0.856
646,-1,698.6,350.5,17.1,49.4,0.727
646,-1,0.6,342.0,23.3,130.5,0.615
646,-1,752.8,347.8,20.9,44.3,0.605
646,-1,722.8,346.9,12.0,45.7,0.538
646,-1,749.6,350.0,14.8,41.4,0.455
646,-1,733.6,342.7,20.2,49.0,0.449
646,-1,771.8,331.3,17.0,54.0,0.439
646,-1,680.5,352.1,15.9,46.0,0.400
646,-1,1544.9,291.8,54.7,147.2,0.322
646,-1,1037.0,373.3,45.5,116.3,0.289
646,-1,856.4,342.3,26.2,100.0,0.255
646,-1,761.3,343.0,15.9,46.7,0.246
646,-1,0.3,331.7,11.4,129.1,0.183
646,-1,982.6,371.9,41.7,111.9,0.180
646,-1,1093.3,357.9,27.1,79.3,0.153
646,-1,780.6,338.7,18.6,47.0,0.150
646,-1,1070.6,366.5,45.8,84.3,0.148
646,-1,1502.5,325.2,56.2,159.5,0.080
646,-1,858.5,345.5,23.8,40.1,0.080
646,-1,896.0,353.2,15.9,64.6,0.078
646,-1,891.5,339.6,16.9,45.7,0.071
646,-1,839.3,333.2,48.8,158.1,0.068
646,-1,709.9,348.0,18.7,49.1,0.062
646,-1,874.8,346.5,19.2,49.8,0.056
647,-1,818.0,324.1,68.5,174.1,0.999
647,-1,904.0,336.6,57.7,162.9,0.998
647,-1,1518.2,304.6,96.9,231.6,0.998
647,-1,1207.6,337.6,50.9,133.4,0.996
647,-1,1130.9,346.6,27.7,66.6,0.992
647,-1,1173.4,343.3,24.0,74.9,0.989
647,-1,793.2,349.7,24.3,61.7,0.985
647,-1,724.1,347.7,12.3,43.9,0.981
647,-1,1003.4,360.8,63.6,128.5,0.979
647,-1,1055.7,366.1,63.2,126.6,0.971
647,-1,702.5,353.4,20.4,51.6,0.968
647,-1,750.6,354.0,12.9,37.6,0.961
647,-1,764.1,351.9,13.6,41.1,0.951
647,-1,691.9,353.3,17.7,50.0,0.901
647,-1,681.6,352.1,16.5,50.7,0.877
647,-1,0.3,341.3,24.0,131.9,0.827
647,-1,739.5,352.6,11.6,34.5,0.390
647,-1,1043.5,405.9,30.4,85.3,0.342
647,-1,1031.5,367.1,65.2,125.2,0.335
647,-1,785.2,342.5,12.5,42.5,0.333
647,-1,862.4,342.8,24.7,101.2,0.292
647,-1,777.3,338.2,13.6,46.8,0.259
647,-1,1106.4,349.6,16.1,33.5,0.149
647,-1,1069.1,360.1,52.7,80.2,0.142
647,-1,848.1,337.4,42.5,151.8,0.111
647,-1,1066.3,362.4,23.1,36.4,0.108
647,-1,1569.4,313.2,46.6,200.1,0.080
647,-1,1011.8,361.8,52.2,63.2,0.077
647,-1,1067.8,350.4,52.5,55.8,0.070
647,-1,1098.9,352.6,22.6,45.9,0.067
647,-1,1071.3,361.2,32.0,35.2,0.063
647,-1,1515.4,315.6,63.3,187.1,0.062
647,-1,876.3,350.6,16.6,49.3,0.055
648,-1,823.4,322.1,64.4,175.3,0.999
648,-1,1535.4,305.2,90.4,232.9,0.998
648,-1,905.0,336.0,58.1,162.8,0.998
648,-1,1213.3,337.5,48.4,132.7,0.997
648,-1,1133.0,344.8,28.8,69.0,0.993
648,-1,1179.3,343.5,21.5,73.3,0.987
648,-1,1008.5,360.0,62.5,131.0,0.984
648,-1,796.5,350.9,24.2,59.7,0.982
648,-1,726.4,349.7,13.2,43.7,0.970
648,-1,704.2,351.9,22.5,53.1,0.961
648,-1,753.7,353.3,14.7,38.6,0.959
648,-1,1065.7,369.0,57.3,120.7,0.949
648,-1,686.1,351.3,21.1,52.6,0.934
648,-1,867.6,339.0,24.2,111.6,0.934
648,-1,0.3,345.1,24.7,126.3,0.926
648,-1,768.0,352.0,14.0,39.8,0.925
648,-1,0.1,340.9,12.0,132.0,0.858
648,-1,762.4,348.4,14.9,43.1,0.506
648,-1,1102.8,361.9,25.7,63.4,0.443
648,-1,853.8,326.7,38.0,145.4,0.395
648,-1,668.2,350.9,15.9,36.8,0.348
648,-1,1101.6,351.8,20.7,40.5,0.334
648,-1,1086.1,354.9,40.2,70.7,0.213
648,-1,789.7,345.5,12.0,38.8,0.210
648,-1,1110.4,346.4,19.3,28.9,0.169
648,-1,900.7,347.6,18.8,83.1,0.153
648,-1,1082.1,358.3,36.9,38.2,0.123
648,-1,1029.8,358.4,78.6,134.8,0.123
648,-1,1039.3,379.1,34.8,111.4,0.115
648,-1,780.1,351.1,14.2,34.0,0.091
648,-1,746.7,351.2,14.1,40.9,0.087
648,-1,1073.6,360.9,18.9,27.7,0.057
649,-1,826.9,324.9,71.2,172.0,0.999
649,-1,1561.0,304.0,83.0,233.2,0.998
649,-1,1217.3,335.9,49.4,133.3,0.997
649,-1,911.1,338.1,53.6,159.5,0.997
649,-1,1140.6,344.2,26.9,64.8,0.987
649,-1,802.3,349.2,26.1,58.7,0.981
649,-1,1184.7,341.4,23.0,74.8,0.971
649,-1,1012.8,358.6,62.6,130.8,0.968
649,-1,0.4,341.2,22.1,132.0,0.964
649,-1,732.0,346.0,11.9,41.9,0.956
649,-1,711.5,348.2,19.5,53.3,0.943
649,-1,1066.8,367.9,62.0,121.1,0.942
649,-1,690.5,348.8,17.9,51.9,0.930
649,-1,772.2,349.5,13.9,38.5,0.899
649,-1,696.9,347.8,24.0,54.0,0.817
649,-1,757.4,349.8,11.9,36.6,0.772
649,-1,869.3,333.9,27.5,114.8,0.735
649,-1,1036.8,361.0,66.5,131.1,0.604
649,-1,767.0,343.2,16.4,46.7,0.494
649,-1,0.0,339.7,11.2,132.9,0.417
649,-1,1082.3,361.6,48.9,91.9,0.402
649,-1,1047.7,385.7,32.3,103.6,0.286
649,-1,902.4,341.6,19.4,88.7,0.221
649,-1,1104.5,352.0,28.4,67.3,0.198
649,-1,1104.3,352.9,21.4,32.0,0.173
649,-1,1084.1,358.6,29.1,36.4,0.150
649,-1,1115.6,349.3,15.8,25.0,0.082
649,-1,1078.8,346.8,51.3,62.3,0.068
649,-1,793.8,340.3,12.1,41.5,0.067
649,-1,872.1,348.4,24.1,44.1,0.060
650,-1,833.8,325.2,63.5,170.7,0.999
650,-1,1566.6,303.7,86.1,236.3,0.999
650,-1,1220.8,335.0,51.2,130.4,0.999
650,-1,914.0,338.1,55.0,159.6,0.998
650,-1,1144.5,342.1,27.3,68.4,0.996
650,-1,733.0,345.2,13.7,45.5,0.991
650,-1,1188.1,338.0,22.4,77.3,0.990
650,-1,804.1,347.0,24.8,61.6,0.990
650,-1,759.5,347.8,13.4,41.1,0.988
650,-1,1011.9,359.3,69.4,130.8,0.988
650,-1,1073.8,364.3,61.3,126.4,0.975
650,-1,0.7,343.0,23.4,125.9,0.974
650,-1,715.7,348.8,18.0,51.5,0.961
650,-1,774.4,346.3,13.9,41.9,0.961
650,-1,692.3,347.2,16.5,53.3,0.948
650,-1,703.8,348.7,16.0,51.4,0.937
650,-1,873.7,339.0,23.1,106.6,0.517
650,-1,1111.4,371.4,25.1,68.8,0.407
650,-1,1119.5,346.7,10.8,26.4,0.406
650,-1,1077.2,346.8,12.0,29.9,0.300
650,-1,1090.1,363.0,41.9,69.8,0.288
650,-1,787.4,348.5,11.8,33.0,0.276
650,-1,1089.9,358.9,24.5,33.8,0.270
650,-1,1134.1,348.4,9.7,27.9,0.266
650,-1,1117.1,347.2,15.4,37.0,0.225
650,-1,795.9,339.5,13.3,39.6,0.151
650,-1,1052.4,380.0,32.2,109.0,0.145
650,-1,1084.5,352.9,13.1,21.9,0.126
650,-1,749.4,346.5,12.6,38.8,0.107
650,-1,1112.1,354.4,21.6,51.8,0.098
650,-1,880.6,343.2,18.8,57.8,0.094
650,-1,1029.1,358.7,49.5,78.1,0.064
650,-1,1109.9,344.3,10.2,23.9,0.058
650,-1,888.2,347.9,14.2,56.4,0.050
651,-1,837.3,322.0,61.7,171.3,0.999
651,-1,1578.6,303.0,90.0,241.7,0.999
651,-1,918.8,336.2,55.4,159.8,0.998
651,-1,1226.1,327.1,50.8,138.6,0.997
651,-1,1149.4,337.8,28.6,73.3,0.994
651,-1,1193.7,335.4,23.1,79.5,0.992
651,-1,809.3,343.3,24.0,63.2,0.987
651,-1,764.3,346.1,14.1,42.3,0.982
651,-1,0.1,333.0,28.5,139.3,0.979
651,-1,737.4,343.0,13.8,45.9,0.979
651,-1,1017.1,355.1,68.5,133.3,0.968
651,-1,1079.4,364.8,58.6,123.7,0.956
651,-1,717.2,346.1,20.3,52.4,0.950
651,-1,780.5,346.0,12.4,39.6,0.937
651,-1,0.2,340.3,14.4,126.4,0.933
651,-1,704.2,345.4,21.0,52.9,0.925
651,-1,879.4,329.8,25.1,110.0,0.899
651,-1,696.7,345.9,15.9,52.0,0.879
651,-1,1114.7,343.5,26.6,69.0,0.607
651,-1,1118.2,340.3,20.0,44.6,0.427
651,-1,790.8,329.6,14.1,48.8,0.424
651,-1,1089.1,359.2,49.9,82.6,0.394
651,-1,1113.7,368.0,27.7,78.2,0.334
651,-1,1322.6,329.9,16.9,81.4,0.246
651,-1,729.0,344.8,15.7,41.2,0.227
651,-1,1143.7,329.7,14.8,46.7,0.210
651,-1,902.7,333.2,13.3,38.9,0.134
651,-1,1146.6,334.8,20.8,65.6,0.118
651,-1,1094.2,353.1,25.0,40.4,0.112
651,-1,1126.5,342.3,14.2,31.8,0.106
651,-1,677.9,343.8,12.9,37.1,0.103
651,-1,1052.4,370.8,38.3,117.8,0.100
651,-1,1028.1,356.5,54.7,76.2,0.090
651,-1,910.6,332.1,18.9,95.6,0.083
651,-1,799.5,337.1,14.0,42.1,0.082
651,-1,1309.1,325.7,21.5,85.0,0.078
651,-1,996.7,375.4,44.2,110.5,0.075
651,-1,1049.1,354.5,77.9,138.8,0.070
651,-1,694.1,347.6,12.6,41.4,0.060
651,-1,1140.3,340.2,11.8,36.3,0.057
652,-1,840.6,320.0,67.5,174.0,0.999
652,-1,1582.9,306.2,94.5,235.2,0.998
652,-1,919.8,335.6,56.1,159.4,0.998
652,-1,1229.3,331.4,50.6,133.3,0.997
652,-1,1154.6,339.5,27.2,69.4,0.994
652,-1,0.2,332.1,27.3,133.5,0.984
652,-1,741.6,341.8,13.3,44.6,0.982
652,-1,811.5,342.5,24.5,63.2,0.982
652,-1,1197.7,335.3,21.3,79.2,0.980
652,-1,1026.0,355.6,62.7,130.9,0.969
652,-1,1079.2,365.2,61.4,122.2,0.957
652,-1,781.6,345.7,15.0,39.9,0.942
652,-1,718.4,343.8,22.6,52.8,0.937
652,-1,768.0,346.9,11.7,39.2,0.925
652,-1,884.2,338.2,26.7,101.3,0.900
652,-1,702.7,344.4,24.5,53.5,0.861
652,-1,699.9,344.9,17.1,50.1,0.747
652,-1,1053.0,359.0,61.7,132.2,0.431
652,-1,771.6,344.5,15.0,41.4,0.258
652,-1,1058.4,377.2,36.1,111.9,0.237
652,-1,1116.6,362.9,27.6,50.3,0.220
652,-1,794.5,339.1,13.1,38.9,0.212
652,-1,1116.4,349.4,21.9,37.0,0.166
652,-1,803.4,335.2,13.0,42.8,0.164
652,-1,755.3,344.3,13.0,40.4,0.146
652,-1,1098.0,367.3,45.4,87.3,0.130
652,-1,1125.7,343.9,15.7,33.3,0.128
652,-1,680.7,345.3,14.4,35.6,0.100
652,-1,730.3,344.9,17.8,43.5,0.096
652,-1,914.1,331.6,23.3,103.9,0.092
652,-1,1101.4,356.6,24.5,32.3,0.087
652,-1,673.3,342.4,15.2,36.2,0.079
652,-1,834.8,351.6,19.4,52.2,0.071
652,-1,1101.4,357.1,38.2,57.2,0.067
652,-1,1413.9,327.9,38.5,114.7,0.054
652,-1,1027.9,384.7,38.0,94.9,0.050
653,-1,847.9,324.1,61.7,168.8,0.998
653,-1,1591.5,305.2,99.2,240.6,0.998
653,-1,922.4,334.2,58.3,160.8,0.998
653,-1,1232.4,328.9,52.4,136.5,0.997
653,-1,1202.4,337.8,20.2,76.2,0.997
653,-1,1156.8,340.5,26.9,69.2,0.996
653,-1,815.8,344.8,24.1,59.4,0.993
653,-1,0.4,332.9,28.8,132.7,0.987
653,-1,1026.1,358.3,67.7,130.9,0.983
653,-1,744.1,342.8,12.9,44.2,0.981
653,-1,1087.5,367.5,56.7,119.8,0.976
653,-1,770.7,347.6,11.8,38.5,0.976
653,-1,726.1,345.2,19.7,53.0,0.972
653,-1,784.5,344.5,13.7,41.4,0.961
653,-1,703.8,344.7,16.9,51.6,0.948
653,-1,714.1,343.7,17.9,53.4,0.910
653,-1,889.4,338.3,26.6,100.0,0.716
653,-1,1132.2,345.3,11.7,29.1,0.415
653,-1,1124.7,364.7,24.7,56.1,0.362
653,-1,799.2,346.1,12.1,32.2,0.267
653,-1,1124.8,349.4,16.9,35.5,0.207
653,-1,1107.4,356.7,20.1,31.2,0.170
653,-1,1062.0,382.5,35.7,107.8,0.164
653,-1,790.2,345.6,10.5,36.1,0.128
653,-1,1107.3,363.2,38.0,62.6,0.127
653,-1,919.7,360.6,13.7,68.7,0.122
653,-1,917.0,332.6,20.9,95.3,0.119
653,-1,1120.5,356.6,25.8,48.6,0.100
653,-1,1093.2,356.2,16.5,29.1,0.096
653,-1,1126.3,342.7,9.8,24.7,0.080
653,-1,1139.0,346.1,12.3,31.0,0.080
653,-1,806.9,338.3,12.2,38.3,0.078
653,-1,733.6,344.6,16.6,42.7,0.071
653,-1,761.9,346.3,12.1,37.2,0.062
653,-1,1111.3,350.0,18.4,31.4,0.055
654,-1,855.2,317.7,63.6,174.7,0.999
654,-1,1603.3,309.9,110.6,243.4,0.998
654,-1,1239.7,333.5,50.8,131.2,0.995
654,-1,936.0,335.1,49.2,155.1,0.994
654,-1,0.6,335.4,32.0,127.0,0.972
654,-1,1036.6,359.3,63.6,130.6,0.969
654,-1,1165.9,343.0,28.1,67.6,0.966
654,-1,821.2,342.5,28.0,63.3,0.958
654,-1,1094.6,364.0,62.2,126.4,0.955
654,-1,712.0,342.6,29.0,50.6,0.941
654,-1,749.8,343.1,14.4,41.6,0.860
654,-1,1212.9,337.5,21.6,76.8,0.856
654,-1,730.1,340.8,17.2,45.8,0.734
654,-1,793.3,342.3,13.7,39.8,0.695
654,-1,1059.4,362.5,59.7,129.4,0.653
654,-1,1283.7,332.3,24.5,73.2,0.608
654,-1,784.3,337.1,15.4,44.2,0.599
654,-1,772.1,345.6,16.2,36.9,0.598
654,-1,802.5,325.1,17.4,53.8,0.431
654,-1,1007.2,376.3,53.3,111.7,0.360
654,-1,927.1,333.4,16.3,40.1,0.329
654,-1,897.0,337.0,24.1,92.6,0.276
654,-1,1071.7,381.6,34.0,108.5,0.213
654,-1,639.9,333.7,17.0,38.4,0.202
654,-1,739.0,343.7,18.4,42.7,0.164
654,-1,765.1,342.5,19.6,41.8,0.147
654,-1,817.7,332.8,13.8,43.1,0.134
654,-1,1601.3,314.5,59.8,228.1,0.129
654,-1,0.1,323.1,14.2,130.5,0.106
654,-1,815.6,333.2,11.2,34.6,0.105
654,-1,1428.7,335.6,35.7,108.7,0.052
