1,-1,1696.8,385.5,166.7,339.5,0.999
1,-1,1288.3,461.5,73.1,199.9,0.999
1,-1,1.0,317.2,122.5,585.0,0.995
1,-1,1256.7,537.5,59.1,117.0,0.987
1,-1,256.5,455.0,99.0,251.9,0.978
1,-1,1885.3,394.9,34.7,189.0,0.970
1,-1,870.0,524.5,33.2,101.2,0.950
1,-1,115.6,502.0,88.9,241.8,0.938
1,-1,44.9,504.2,73.1,246.4,0.909
1,-1,241.1,458.2,34.0,105.0,0.638
1,-1,856.7,525.1,31.5,94.8,0.478
1,-1,248.9,456.3,81.7,117.1,0.277
1,-1,210.7,460.0,64.5,111.8,0.251
1,-1,973.5,526.0,34.9,74.7,0.167
1,-1,1248.2,357.9,97.8,114.1,0.099
1,-1,182.6,470.4,52.8,97.6,0.060
1,-1,20.2,485.7,58.0,255.3,0.058
1,-1,52.6,498.6,66.4,89.6,0.058
2,-1,1685.0,385.9,171.7,340.6,0.999
2,-1,1292.5,460.3,69.2,202.4,0.998
2,-1,0.6,315.5,123.2,588.5,0.996
2,-1,1258.0,539.8,57.4,117.3,0.991
2,-1,262.3,452.1,95.4,254.1,0.980
2,-1,119.6,502.0,81.3,243.1,0.944
2,-1,866.0,524.2,34.1,102.9,0.940
2,-1,1883.7,393.7,36.3,178.5,0.927
2,-1,51.9,522.9,67.1,228.7,0.783
2,-1,242.6,461.5,34.1,104.1,0.745
2,-1,856.3,529.7,23.2,85.4,0.347
2,-1,197.7,462.7,79.1,114.7,0.327
2,-1,77.5,507.3,94.4,241.3,0.239
2,-1,179.4,471.7,57.0,108.7,0.205
2,-1,269.9,462.4,60.4,148.6,0.194
2,-1,1245.4,356.0,101.1,117.1,0.141
2,-1,573.2,401.1,47.7,104.0,0.107
2,-1,973.0,526.4,35.4,75.3,0.099
2,-1,242.3,463.2,37.4,231.2,0.085
2,-1,50.9,501.2,88.7,170.5,0.085
2,-1,82.9,542.2,48.1,209.6,0.067
3,-1,1684.7,385.7,172.9,341.6,0.999
3,-1,1295.1,460.8,65.1,200.1,0.997
3,-1,1.3,308.5,125.4,577.4,0.996
3,-1,1259.9,541.0,55.2,116.0,0.990
3,-1,246.6,457.1,111.2,250.1,0.989
3,-1,866.3,523.9,33.8,103.6,0.950
3,-1,1878.3,393.9,41.7,183.8,0.948
3,-1,120.2,507.3,78.2,236.9,0.945
3,-1,61.2,500.8,89.4,253.5,0.727
3,-1,241.4,463.8,37.4,96.5,0.538
3,-1,61.7,595.9,50.8,153.6,0.529
3,-1,857.0,528.2,22.2,86.0,0.260
3,-1,1244.9,357.4,101.4,116.6,0.180
3,-1,973.3,524.9,36.8,77.1,0.148
3,-1,207.2,465.9,69.6,98.0,0.130
3,-1,247.7,459.8,82.9,135.5,0.105
3,-1,1273.9,491.9,69.9,168.5,0.093
3,-1,572.5,400.0,48.3,104.6,0.083
3,-1,242.6,468.5,42.5,231.3,0.064
3,-1,65.5,503.5,79.8,105.0,0.061
3,-1,182.5,470.6,50.8,98.2,0.060
3,-1,1256.0,365.2,96.8,220.2,0.053
4,-1,1685.7,387.8,175.0,341.5,0.999
4,-1,1297.8,460.9,61.8,199.3,0.997
4,-1,0.7,269.6,124.9,634.4,0.997
4,-1,247.2,457.1,109.5,249.8,0.990
4,-1,1262.3,540.7,52.7,119.2,0.987
4,-1,1879.4,388.5,40.5,183.4,0.962
4,-1,867.2,522.7,32.6,104.6,0.954
4,-1,119.4,505.3,84.1,238.2,0.948
4,-1,242.3,469.3,39.1,90.5,0.663
4,-1,61.5,590.6,49.7,157.4,0.629
4,-1,64.1,506.2,88.3,241.5,0.479
4,-1,1247.6,359.8,99.6,118.3,0.244
4,-1,857.6,527.7,22.7,85.6,0.198
4,-1,189.1,466.3,92.5,95.7,0.158
4,-1,242.5,468.7,40.1,205.3,0.116
4,-1,1254.0,363.8,104.8,219.8,0.112
4,-1,248.0,459.6,83.0,118.4,0.097
4,-1,973.2,526.1,46.9,77.3,0.069
5,-1,0.7,252.0,149.4,650.9,0.999
5,-1,1686.5,389.7,172.0,341.9,0.999
5,-1,1300.0,459.9,64.1,200.6,0.995
5,-1,1268.5,543.1,45.4,115.5,0.989
5,-1,248.7,454.3,110.2,252.4,0.988
5,-1,869.6,522.7,33.3,102.7,0.978
5,-1,1879.7,355.3,40.3,220.7,0.975
5,-1,124.4,525.4,70.1,216.2,0.963
5,-1,65.9,589.2,45.0,163.3,0.624
5,-1,242.4,473.5,34.4,88.6,0.540
5,-1,971.9,526.8,40.6,76.2,0.395
5,-1,72.9,503.8,85.7,245.1,0.234
5,-1,193.2,469.2,83.3,93.9,0.155
5,-1,858.5,527.4,21.4,83.7,0.151
5,-1,1247.4,359.9,100.6,117.5,0.149
5,-1,971.4,529.8,58.7,165.3,0.091
5,-1,1303.8,558.1,18.7,32.4,0.076
5,-1,248.3,456.7,84.8,112.5,0.057
5,-1,569.8,398.5,52.1,104.4,0.051
6,-1,0.3,254.3,149.0,647.9,0.999
6,-1,1687.1,389.7,170.5,343.0,0.999
6,-1,1301.7,459.3,63.4,202.5,0.994
6,-1,1271.3,542.1,43.9,116.9,0.991
6,-1,258.0,456.3,101.0,254.1,0.988
6,-1,1878.4,354.3,41.6,221.8,0.983
6,-1,869.7,522.6,33.6,102.7,0.977
6,-1,124.1,529.6,72.7,212.1,0.944
6,-1,66.3,598.4,44.4,151.7,0.570
6,-1,240.2,464.0,37.9,97.6,0.436
6,-1,972.3,525.4,38.3,76.4,0.229
6,-1,246.9,509.9,40.8,59.0,0.208
6,-1,74.8,505.5,105.5,241.0,0.164
6,-1,1246.2,358.3,101.9,119.6,0.124
6,-1,859.8,527.0,25.1,86.9,0.110
6,-1,193.1,470.4,82.6,96.9,0.101
6,-1,970.7,526.2,69.0,174.5,0.088
6,-1,1264.3,407.5,98.5,240.4,0.087
6,-1,249.8,505.8,45.6,177.5,0.085
6,-1,277.7,460.1,64.1,155.7,0.078
6,-1,572.8,399.4,48.7,104.7,0.050
7,-1,1687.2,388.8,166.7,344.9,0.999
7,-1,1.9,249.0,152.7,656.9,0.999
7,-1,1302.5,457.6,66.1,201.7,0.994
7,-1,1872.8,352.3,47.2,230.6,0.990
7,-1,267.8,455.2,90.1,251.5,0.986
7,-1,1274.5,539.5,42.1,120.0,0.981
7,-1,870.8,522.7,33.6,101.4,0.977
7,-1,124.0,526.1,71.7,215.8,0.977
7,-1,246.1,514.4,48.6,57.0,0.708
7,-1,68.7,574.4,43.1,177.4,0.576
7,-1,248.7,517.7,46.1,161.2,0.381
7,-1,971.8,526.4,38.6,75.5,0.280
7,-1,243.9,502.8,33.1,59.9,0.267
7,-1,1245.4,359.1,100.3,116.5,0.242
7,-1,860.3,529.1,20.7,79.5,0.182
7,-1,969.4,522.6,71.4,182.6,0.162
7,-1,71.4,498.5,94.7,254.2,0.155
7,-1,1343.2,479.5,40.1,141.9,0.063
7,-1,256.9,480.0,64.8,216.2,0.059
7,-1,1258.3,368.1,108.6,225.6,0.056
8,-1,0.1,240.2,163.7,664.4,0.999
8,-1,1687.2,391.5,150.8,341.0,0.999
8,-1,1302.5,458.9,69.4,201.0,0.997
8,-1,1871.7,351.9,48.3,231.1,0.991
8,-1,271.2,455.2,85.7,251.5,0.983
8,-1,1276.9,539.2,39.6,118.4,0.981
8,-1,871.4,522.5,33.9,102.4,0.964
8,-1,117.3,511.9,83.0,231.1,0.954
8,-1,246.2,514.0,48.7,55.2,0.675
8,-1,68.2,596.6,45.0,153.9,0.668
8,-1,252.9,514.2,45.8,175.9,0.423
8,-1,971.6,526.5,40.2,76.3,0.245
8,-1,243.0,493.8,30.8,68.0,0.226
8,-1,1334.3,475.7,49.2,155.1,0.167
8,-1,1245.5,360.2,99.5,115.0,0.130
8,-1,71.5,497.6,96.6,251.1,0.117
8,-1,861.7,528.7,25.2,82.9,0.108
8,-1,1307.8,557.3,19.7,35.3,0.091
8,-1,212.3,471.0,58.3,99.0,0.080
8,-1,970.1,526.1,64.5,179.0,0.080
9,-1,1685.5,390.6,166.5,346.2,0.999
9,-1,0.1,238.7,165.1,665.6,0.999
9,-1,1870.1,352.2,49.8,239.7,0.997
9,-1,1304.7,457.2,68.1,203.7,0.995
9,-1,1279.5,539.9,36.8,117.2,0.990
9,-1,871.4,522.7,35.4,103.7,0.986
9,-1,285.7,451.1,74.1,252.3,0.975
9,-1,125.3,505.7,70.8,235.9,0.967
9,-1,245.3,514.0,49.7,52.6,0.631
9,-1,69.0,576.0,41.3,176.3,0.354
9,-1,970.8,527.8,40.4,74.3,0.295
9,-1,72.4,504.0,89.4,245.3,0.219
9,-1,250.8,513.3,43.0,173.1,0.204
9,-1,1342.9,476.4,43.5,158.2,0.111
9,-1,1248.9,360.3,99.9,124.2,0.103
9,-1,970.4,527.6,54.8,178.5,0.065
9,-1,1249.8,367.9,109.7,240.9,0.053
9,-1,29.4,410.6,148.7,344.8,0.050
10,-1,1683.1,393.8,151.2,348.9,1.000
10,-1,0.0,226.6,179.2,674.3,0.999
10,-1,1308.0,460.0,76.9,201.3,0.995
10,-1,291.7,458.3,63.0,244.0,0.990
10,-1,1282.4,539.2,39.1,122.4,0.989
10,-1,871.4,521.2,37.2,104.2,0.988
10,-1,1869.1,352.3,50.9,244.0,0.985
10,-1,121.7,504.4,76.9,239.1,0.875
10,-1,244.5,517.0,45.7,49.2,0.635
10,-1,574.7,402.6,47.4,114.6,0.422
10,-1,971.2,526.7,38.9,74.5,0.295
10,-1,252.2,518.1,41.3,148.6,0.277
10,-1,70.5,586.1,40.8,166.2,0.259
10,-1,1293.4,500.1,49.6,161.4,0.123
10,-1,256.2,503.3,59.4,181.2,0.086
10,-1,1249.1,364.5,107.9,190.3,0.082
10,-1,1242.9,360.7,103.2,111.9,0.058
10,-1,183.8,468.5,55.3,79.3,0.051
11,-1,1682.7,391.7,146.4,353.2,1.000
11,-1,1.6,225.2,186.4,687.1,1.000
11,-1,1283.4,539.3,39.4,123.4,0.994
11,-1,1310.1,458.7,78.5,203.2,0.993
11,-1,292.6,458.4,62.6,245.1,0.991
11,-1,1867.4,353.9,52.6,248.2,0.986
11,-1,870.9,520.1,39.0,104.7,0.965
11,-1,122.3,502.5,77.7,240.9,0.911
11,-1,247.7,515.3,46.2,52.7,0.697
11,-1,1804.7,443.9,48.3,92.3,0.475
11,-1,245.0,514.4,48.4,161.5,0.464
11,-1,971.0,526.7,39.2,74.5,0.247
11,-1,1244.8,363.2,98.4,111.5,0.173
11,-1,571.2,397.9,50.7,108.8,0.146
11,-1,1303.2,478.8,53.4,182.1,0.106
11,-1,252.4,527.7,29.2,43.4,0.080
11,-1,1789.7,442.9,70.3,185.6,0.067
11,-1,864.3,527.0,31.7,90.5,0.067
11,-1,970.7,519.7,67.7,192.0,0.058
11,-1,1343.2,479.2,45.5,140.3,0.057
12,-1,1679.6,387.2,151.8,358.2,0.999
12,-1,1.2,218.2,183.5,687.9,0.999
12,-1,1309.7,456.2,83.8,210.4,0.996
12,-1,1285.1,540.4,43.0,120.6,0.994
12,-1,1866.8,355.6,53.2,254.5,0.991
12,-1,291.0,452.7,66.8,252.8,0.989
12,-1,874.4,522.4,37.7,101.7,0.979
12,-1,124.7,493.6,71.5,254.8,0.929
12,-1,1810.9,443.4,41.4,94.2,0.881
12,-1,247.4,514.5,46.4,52.0,0.615
12,-1,1801.6,446.9,54.8,148.3,0.346
12,-1,249.2,515.3,43.4,160.7,0.288
12,-1,1244.2,362.7,102.7,112.3,0.243
12,-1,970.7,526.8,39.3,75.1,0.223
12,-1,242.8,478.5,23.6,59.7,0.178
12,-1,1737.7,425.3,105.5,273.7,0.142
12,-1,252.4,529.1,28.1,41.9,0.130
12,-1,570.9,400.1,49.7,105.0,0.082
12,-1,1345.1,471.9,44.8,164.6,0.060
12,-1,1770.3,442.7,78.9,191.2,0.051
13,-1,1.4,231.4,187.6,686.1,1.000
13,-1,1679.2,382.6,152.3,362.0,1.000
13,-1,1865.7,354.1,54.3,271.2,0.997
13,-1,1310.3,457.8,88.1,206.7,0.997
13,-1,1286.3,540.9,43.6,119.3,0.996
13,-1,875.1,522.1,37.3,102.1,0.989
13,-1,302.3,457.1,58.5,244.3,0.986
13,-1,1807.1,445.3,48.0,177.9,0.933
13,-1,124.1,488.0,69.4,256.0,0.895
13,-1,1812.0,442.8,41.5,97.8,0.885
13,-1,248.8,516.7,43.8,52.1,0.700
13,-1,971.2,524.3,38.9,77.4,0.409
13,-1,577.0,404.0,44.6,114.0,0.400
13,-1,248.2,516.4,43.9,162.8,0.393
13,-1,249.9,449.1,107.2,257.9,0.239
13,-1,242.7,475.7,22.9,62.2,0.224
13,-1,1314.5,470.5,45.7,186.1,0.211
13,-1,1245.0,362.4,101.1,110.8,0.161
13,-1,252.5,531.8,26.6,38.7,0.127
13,-1,865.0,528.3,33.2,92.0,0.080
14,-1,1677.2,382.1,149.1,362.6,1.000
14,-1,2.7,233.2,189.1,691.2,1.000
14,-1,1317.3,459.5,78.5,205.3,0.998
14,-1,1286.8,539.8,43.4,123.1,0.998
14,-1,1864.9,360.0,55.1,295.0,0.997
14,-1,877.8,523.4,37.5,103.1,0.995
14,-1,307.4,450.4,56.2,254.6,0.991
14,-1,1808.1,444.7,49.4,170.3,0.971
14,-1,120.9,489.4,73.9,257.0,0.878
14,-1,250.5,517.6,40.2,52.7,0.776
14,-1,248.9,517.8,42.5,160.8,0.471
14,-1,253.2,449.8,106.7,257.5,0.363
14,-1,1245.6,365.7,99.8,105.8,0.315
14,-1,971.4,526.0,38.6,76.3,0.304
14,-1,1349.9,481.0,44.7,169.0,0.148
14,-1,252.0,532.9,27.0,38.8,0.116
14,-1,1315.5,473.4,46.1,180.7,0.090
14,-1,575.0,400.2,47.1,109.0,0.061
14,-1,863.2,529.3,23.9,83.7,0.051
15,-1,2.6,226.5,197.1,693.7,0.999
15,-1,1674.0,377.1,154.7,370.7,0.999
15,-1,1863.8,361.6,56.1,297.9,0.999
15,-1,1288.4,539.5,42.3,123.0,0.998
15,-1,1322.3,461.3,72.9,202.9,0.998
15,-1,878.7,522.9,36.6,105.1,0.995
15,-1,1813.8,445.6,49.2,169.4,0.984
15,-1,296.1,453.4,79.2,249.4,0.979
15,-1,123.1,510.0,71.8,237.7,0.813
15,-1,247.4,516.3,45.8,56.7,0.698
15,-1,1809.9,443.5,49.0,97.8,0.561
15,-1,971.9,525.6,37.7,76.5,0.395
15,-1,1862.8,465.1,29.0,111.0,0.362
15,-1,249.6,516.1,42.1,149.9,0.336
15,-1,1246.3,359.0,100.4,112.9,0.266
15,-1,1352.3,482.9,44.7,173.2,0.210
15,-1,242.4,486.5,22.8,73.0,0.209
15,-1,868.1,527.8,34.6,95.5,0.081
15,-1,1750.3,417.8,92.1,291.6,0.055
16,-1,1672.5,377.8,156.1,368.7,0.999
16,-1,1.7,226.9,188.8,684.7,0.999
16,-1,1320.9,460.8,74.8,203.4,0.998
16,-1,1860.4,341.9,59.6,330.7,0.996
16,-1,1289.8,539.6,43.9,121.8,0.996
16,-1,878.9,523.4,36.4,104.3,0.994
16,-1,1809.0,443.2,59.3,177.4,0.987
16,-1,300.8,455.6,81.8,246.1,0.985
16,-1,123.9,531.8,75.6,211.3,0.889
16,-1,248.0,516.1,46.0,56.3,0.713
16,-1,247.5,515.3,44.5,162.8,0.458
16,-1,971.4,526.1,38.3,75.9,0.358
16,-1,1860.0,463.3,28.6,110.1,0.327
16,-1,1353.2,487.5,45.2,167.9,0.170
16,-1,572.7,398.2,49.6,105.7,0.159
16,-1,1243.1,358.2,104.1,113.2,0.155
16,-1,243.0,492.0,21.6,65.6,0.153
17,-1,1669.8,378.2,159.9,366.5,0.999
17,-1,1.2,227.4,200.6,680.7,0.999
17,-1,1291.1,539.6,43.7,122.8,0.998
17,-1,1812.8,446.0,58.9,169.7,0.997
17,-1,1323.5,461.6,72.4,203.2,0.995
17,-1,1858.0,336.0,62.0,340.6,0.995
17,-1,298.1,455.3,90.1,246.9,0.993
17,-1,878.5,523.2,37.2,107.6,0.989
17,-1,122.9,506.9,80.5,237.7,0.896
17,-1,247.8,516.4,45.4,55.7,0.663
17,-1,1351.7,485.8,48.4,163.3,0.466
17,-1,1858.5,461.9,29.3,113.6,0.300
17,-1,971.2,526.7,38.5,75.7,0.267
17,-1,250.0,517.2,49.3,158.4,0.266
17,-1,1245.3,362.2,102.3,111.1,0.140
17,-1,217.4,464.5,47.5,110.9,0.137
17,-1,242.9,495.7,22.1,63.6,0.124
17,-1,570.3,397.2,51.9,107.3,0.100
17,-1,250.9,532.6,27.3,41.1,0.092
18,-1,1656.4,379.7,153.6,365.6,0.999
18,-1,1293.1,539.9,45.9,122.2,0.999
18,-1,0.0,225.9,215.0,677.5,0.998
18,-1,1858.2,337.4,61.8,375.3,0.997
18,-1,1324.2,461.7,71.2,201.1,0.995
18,-1,1812.5,446.2,59.1,171.2,0.994
18,-1,300.7,454.3,97.3,250.9,0.993
18,-1,880.9,522.6,34.8,107.5,0.988
18,-1,130.9,545.4,69.5,193.4,0.943
18,-1,247.9,516.2,44.9,56.8,0.736
18,-1,250.0,517.1,49.2,159.1,0.361
18,-1,1354.9,489.8,48.7,168.3,0.312
18,-1,574.9,402.1,47.1,112.2,0.263
18,-1,1244.8,359.5,103.1,111.9,0.223
18,-1,243.2,509.6,22.9,52.1,0.116
18,-1,972.5,522.6,38.2,78.7,0.111
18,-1,1858.7,459.5,26.5,116.4,0.073
18,-1,1756.9,434.5,96.4,272.7,0.072
18,-1,1320.0,481.8,44.0,174.0,0.052
19,-1,1.2,230.2,217.7,677.2,0.999
19,-1,1652.4,379.0,156.9,367.8,0.999
19,-1,1294.1,538.5,46.3,122.8,0.998
19,-1,1857.6,333.5,62.4,392.1,0.996
19,-1,1325.0,462.3,68.2,198.8,0.996
19,-1,1810.7,447.3,60.8,172.4,0.994
19,-1,291.6,452.8,113.6,254.0,0.991
19,-1,880.1,522.9,34.9,106.6,0.978
19,-1,138.1,545.0,62.1,195.0,0.874
19,-1,248.1,516.2,44.6,57.2,0.719
19,-1,249.1,528.9,28.4,48.9,0.375
19,-1,249.8,516.3,48.4,161.0,0.349
19,-1,1729.3,396.6,100.3,338.0,0.287
19,-1,13.8,628.6,37.5,98.6,0.236
19,-1,242.7,497.4,20.8,58.2,0.194
19,-1,1351.3,482.9,56.6,166.7,0.107
19,-1,1244.6,362.0,102.1,111.4,0.106
19,-1,0.1,563.6,202.5,289.4,0.084
19,-1,2.6,618.4,119.0,284.1,0.073
19,-1,572.8,399.1,48.5,105.6,0.072
19,-1,970.5,527.5,42.8,75.3,0.066
20,-1,1649.6,377.7,163.3,371.3,0.999
20,-1,0.0,232.4,234.5,678.8,0.999
20,-1,1857.4,334.2,62.6,405.1,0.997
20,-1,1325.8,462.6,69.7,199.8,0.997
20,-1,1807.6,448.1,57.8,170.0,0.996
20,-1,1294.9,538.8,49.9,124.6,0.995
20,-1,288.1,451.1,119.6,256.4,0.992
20,-1,880.6,521.8,34.6,107.3,0.973
20,-1,149.4,550.0,53.7,188.2,0.798
20,-1,249.8,517.1,40.5,57.0,0.728
20,-1,14.8,627.7,46.5,119.7,0.691
20,-1,249.6,517.3,50.5,160.6,0.499
20,-1,2.2,562.4,219.2,331.9,0.375
20,-1,1244.3,362.4,102.8,110.8,0.226
20,-1,1722.6,390.9,101.3,340.2,0.193
20,-1,242.7,498.7,21.0,57.9,0.178
20,-1,0.3,540.4,61.1,355.4,0.165
20,-1,971.8,526.1,39.5,75.8,0.150
20,-1,1310.1,498.9,54.2,162.3,0.147
20,-1,245.1,511.5,27.9,52.9,0.133
20,-1,8.2,622.1,114.2,254.8,0.124
20,-1,1751.8,431.2,94.2,281.7,0.066
20,-1,971.0,527.6,60.5,166.7,0.057
21,-1,1640.9,378.8,170.8,373.4,0.999
21,-1,0.0,233.3,240.5,676.2,0.999
21,-1,1855.1,338.4,64.9,408.2,0.998
21,-1,1326.9,462.6,66.5,199.8,0.997
21,-1,1804.8,447.4,61.9,170.1,0.996
21,-1,1295.7,539.3,50.6,123.6,0.995
21,-1,298.3,454.0,110.3,252.9,0.994
21,-1,879.6,521.4,36.1,108.0,0.979
21,-1,248.3,516.2,45.5,57.2,0.847
21,-1,249.0,517.9,50.4,161.6,0.686
21,-1,17.9,621.7,50.9,118.7,0.668
21,-1,158.4,542.1,46.4,179.6,0.313
21,-1,242.6,497.6,21.6,62.0,0.256
21,-1,573.2,400.3,49.3,104.3,0.216
21,-1,971.5,524.8,39.5,76.8,0.211
21,-1,6.9,624.0,98.0,188.1,0.195
21,-1,3.9,556.6,226.2,333.5,0.168
21,-1,1248.6,355.7,100.1,116.0,0.138
21,-1,1309.0,504.0,58.2,156.0,0.102
21,-1,1628.2,513.0,45.4,83.8,0.089
21,-1,1721.0,392.0,100.7,344.0,0.076
21,-1,160.4,533.0,68.9,113.9,0.055
21,-1,1357.7,475.3,51.9,164.8,0.051
22,-1,0.0,236.9,251.5,673.4,0.999
22,-1,1640.4,380.0,169.5,371.8,0.999
22,-1,1327.1,461.5,67.0,203.0,0.998
22,-1,1804.2,449.6,61.9,168.0,0.997
22,-1,1855.4,326.8,64.6,425.8,0.997
22,-1,1297.5,539.0,49.2,123.2,0.994
22,-1,301.9,452.8,103.3,254.3,0.992
22,-1,880.8,522.8,35.3,106.0,0.970
22,-1,248.1,515.6,44.2,57.4,0.852
22,-1,249.4,517.3,49.8,167.2,0.682
22,-1,572.3,398.7,50.4,106.7,0.284
22,-1,1244.8,364.3,102.9,109.1,0.232
22,-1,971.1,525.6,39.7,76.3,0.200
22,-1,7.0,616.7,69.1,81.5,0.153
22,-1,251.7,530.8,27.9,44.0,0.152
22,-1,1728.4,415.6,101.8,338.7,0.151
22,-1,1626.6,502.1,44.1,95.4,0.086
22,-1,246.8,519.8,65.5,89.0,0.070
22,-1,4.5,564.2,229.9,315.2,0.067
22,-1,1357.8,473.2,54.3,165.7,0.061
23,-1,1635.5,379.8,169.1,373.7,0.999
23,-1,0.5,235.9,271.3,673.4,0.999
23,-1,1852.2,330.2,67.8,425.8,0.997
23,-1,1328.8,461.4,64.1,202.5,0.997
23,-1,306.3,454.3,99.1,253.3,0.995
23,-1,1300.8,538.8,44.3,123.3,0.995
23,-1,1807.3,450.8,58.5,167.3,0.992
23,-1,882.2,521.5,33.1,108.0,0.963
23,-1,251.6,517.4,38.4,55.4,0.828
23,-1,250.0,518.1,43.0,169.7,0.766
23,-1,573.8,402.3,48.2,115.6,0.269
23,-1,1242.7,364.1,103.6,109.2,0.258
23,-1,2.3,611.1,85.0,94.8,0.210
23,-1,972.3,525.3,37.5,76.5,0.201
23,-1,1724.4,394.0,87.9,342.8,0.152
23,-1,258.6,513.8,53.1,153.5,0.116
23,-1,195.6,482.8,70.9,89.9,0.104
23,-1,249.7,529.9,28.1,48.7,0.104
23,-1,1351.4,472.0,62.7,177.3,0.060
23,-1,267.8,518.8,31.4,48.2,0.059
24,-1,1632.8,380.2,165.9,376.9,0.999
24,-1,0.0,239.7,295.0,665.1,0.999
24,-1,1847.6,334.1,72.4,421.2,0.998
24,-1,308.4,456.2,96.5,251.9,0.997
24,-1,1328.7,461.7,64.9,203.4,0.997
24,-1,1812.2,448.4,54.5,170.8,0.996
24,-1,1303.5,538.8,43.3,121.7,0.994
24,-1,882.8,522.3,33.0,107.9,0.980
24,-1,1724.8,394.2,88.2,347.3,0.610
24,-1,245.9,504.2,46.9,191.8,0.562
24,-1,574.3,402.2,47.9,111.2,0.269
24,-1,971.5,525.2,38.6,76.8,0.190
24,-1,1241.7,363.5,104.6,109.6,0.133
24,-1,3.7,552.0,95.9,157.7,0.126
24,-1,233.2,488.8,68.8,80.3,0.084
24,-1,1356.2,471.3,56.8,166.0,0.059
24,-1,0.9,620.2,89.0,83.5,0.055
25,-1,0.0,236.2,316.0,672.2,0.999
25,-1,1636.3,381.4,156.0,377.4,0.999
25,-1,1841.1,328.1,78.9,429.1,0.998
25,-1,1307.7,539.6,35.7,121.0,0.997
25,-1,1329.5,459.9,68.2,204.2,0.996
25,-1,301.5,455.2,106.6,251.6,0.995
25,-1,1812.6,453.6,54.2,164.8,0.973
25,-1,884.4,520.5,30.4,109.0,0.973
25,-1,52.2,618.6,59.0,126.2,0.782
25,-1,246.8,539.6,45.3,153.7,0.693
25,-1,1719.8,404.2,86.7,336.6,0.596
25,-1,22.9,562.4,86.1,180.9,0.568
25,-1,1841.2,461.1,33.0,155.8,0.378
25,-1,570.7,398.8,51.8,107.0,0.298
25,-1,971.2,525.5,38.1,76.4,0.179
25,-1,1245.8,354.5,103.1,117.4,0.146
25,-1,249.6,532.3,29.4,42.4,0.145
25,-1,1819.5,403.7,76.5,294.6,0.136
25,-1,253.2,493.8,72.4,73.3,0.110
25,-1,5.6,253.7,158.5,630.8,0.098
25,-1,14.0,591.0,171.2,298.1,0.089
26,-1,0.0,227.1,338.2,679.1,0.999
26,-1,1632.1,382.6,156.8,378.1,0.999
26,-1,1837.3,331.5,82.7,434.3,0.998
26,-1,306.5,456.0,103.6,250.0,0.997
26,-1,1332.9,461.2,75.6,199.1,0.995
26,-1,1307.1,536.5,41.3,124.4,0.994
26,-1,885.0,522.4,30.7,107.5,0.982
26,-1,44.7,598.4,65.8,150.9,0.912
26,-1,1819.2,455.1,49.3,164.2,0.908
26,-1,247.9,514.5,48.6,180.0,0.762
26,-1,1719.4,411.0,83.8,329.2,0.490
26,-1,7.7,548.7,106.1,204.5,0.401
26,-1,247.2,518.8,41.0,52.5,0.361
26,-1,1843.9,470.7,27.6,147.3,0.195
26,-1,972.3,523.3,37.2,77.8,0.148
26,-1,570.0,401.2,51.4,109.3,0.138
26,-1,1241.7,358.2,104.5,115.3,0.121
26,-1,15.7,481.9,221.1,414.9,0.083
26,-1,1730.8,436.6,66.1,70.3,0.083
26,-1,37.4,565.3,73.5,83.8,0.082
26,-1,2.2,535.7,107.5,95.2,0.078
26,-1,279.5,498.8,59.6,74.6,0.061
26,-1,23.2,563.1,134.7,223.5,0.058
26,-1,249.3,512.3,70.4,63.4,0.057
26,-1,1810.7,461.8,42.9,103.7,0.051
27,-1,0.8,227.7,346.9,681.3,0.999
27,-1,1628.2,381.3,158.8,380.3,0.999
27,-1,310.0,456.7,98.2,248.4,0.999
27,-1,1839.0,327.0,81.0,434.7,0.997
27,-1,1331.5,463.3,75.4,202.3,0.995
27,-1,1307.5,536.7,41.5,126.1,0.995
27,-1,887.1,520.6,30.4,109.7,0.955
27,-1,53.9,613.0,58.4,136.4,0.922
27,-1,246.4,517.7,47.0,175.5,0.813
27,-1,19.8,571.6,91.4,175.1,0.647
27,-1,1813.7,465.1,46.0,149.4,0.634
27,-1,1716.6,402.9,86.9,337.1,0.530
27,-1,1241.8,358.2,104.5,114.2,0.404
27,-1,250.2,516.7,42.8,52.9,0.365
27,-1,2.7,510.5,92.5,268.4,0.228
27,-1,969.7,526.1,41.8,76.4,0.206
27,-1,415.3,499.0,14.7,30.8,0.180
27,-1,25.7,454.3,223.1,443.0,0.168
27,-1,1729.5,434.2,66.7,72.6,0.152
27,-1,1310.8,511.7,67.7,152.0,0.126
27,-1,251.4,532.2,26.8,39.7,0.125
27,-1,569.4,399.5,52.2,108.1,0.118
27,-1,33.9,626.0,130.7,261.2,0.085
27,-1,251.9,505.3,82.3,191.3,0.051
28,-1,5.8,229.1,372.0,667.2,0.999
28,-1,1626.5,379.3,162.4,382.1,0.999
28,-1,1831.1,324.0,88.9,440.9,0.998
28,-1,312.3,455.4,101.4,250.4,0.995
28,-1,1332.5,463.2,74.3,204.4,0.994
28,-1,1308.3,538.7,41.4,123.9,0.990
28,-1,887.6,520.4,32.5,109.9,0.974
28,-1,48.9,582.3,61.4,166.4,0.909
28,-1,248.9,516.9,45.3,52.2,0.439
28,-1,249.2,516.7,52.5,165.8,0.432
28,-1,1.9,540.1,116.5,212.7,0.350
28,-1,62.4,613.5,69.7,134.8,0.338
28,-1,970.7,525.5,39.3,76.0,0.217
28,-1,1241.1,360.1,104.7,113.0,0.109
28,-1,573.7,399.9,47.4,106.8,0.095
28,-1,415.9,499.6,15.1,30.6,0.081
28,-1,50.2,377.1,233.7,517.3,0.075
28,-1,34.6,566.4,76.6,109.5,0.074
28,-1,251.4,535.1,27.1,34.5,0.072
28,-1,1734.3,401.4,11.6,31.9,0.060
29,-1,4.6,235.2,373.3,664.7,1.000
29,-1,1627.7,377.1,162.5,383.9,1.000
29,-1,1825.1,328.1,94.9,438.2,0.999
29,-1,1333.5,464.1,72.4,202.5,0.995
29,-1,308.9,460.0,108.3,245.1,0.993
29,-1,1309.2,537.1,40.3,126.6,0.990
29,-1,887.6,521.3,33.3,107.4,0.936
29,-1,47.2,590.0,63.1,159.8,0.805
29,-1,253.6,516.8,39.0,57.1,0.615
29,-1,349.0,458.1,63.9,145.8,0.532
29,-1,252.0,515.5,46.2,161.2,0.521
29,-1,1244.1,362.3,102.7,110.0,0.290
29,-1,11.3,528.7,100.4,225.6,0.212
29,-1,970.8,525.7,38.9,77.3,0.135
29,-1,573.8,399.2,47.3,105.8,0.100
29,-1,1316.4,501.7,49.1,160.4,0.092
29,-1,1811.0,534.5,28.5,73.1,0.087
29,-1,5.0,537.0,126.6,87.7,0.075
29,-1,1711.2,398.1,95.3,334.0,0.072
29,-1,1361.8,481.5,53.5,161.2,0.071
29,-1,60.0,559.6,76.7,190.5,0.071
29,-1,0.3,531.7,71.8,69.5,0.065
29,-1,54.4,425.3,254.8,466.2,0.065
29,-1,86.1,625.1,61.8,120.5,0.060
29,-1,296.5,516.2,54.4,62.9,0.059
29,-1,15.5,600.2,88.9,103.6,0.052
30,-1,3.1,231.8,405.3,663.5,0.999
30,-1,1626.2,367.8,160.5,396.5,0.999
30,-1,1822.5,323.2,97.5,443.7,0.999
30,-1,1333.0,463.9,73.3,201.3,0.994
30,-1,1310.3,539.3,39.6,123.0,0.992
30,-1,313.3,457.1,102.3,245.7,0.989
30,-1,889.2,519.6,31.4,110.3,0.897
30,-1,54.3,587.3,53.1,162.2,0.793
30,-1,77.3,608.1,76.0,138.9,0.341
30,-1,1244.2,360.3,102.4,113.1,0.340
30,-1,1810.5,525.5,25.9,84.0,0.189
30,-1,25.6,556.8,88.7,187.6,0.181
30,-1,971.6,525.9,38.4,77.0,0.168
30,-1,52.4,424.1,286.2,467.0,0.082
30,-1,573.3,399.1,47.3,106.5,0.075
30,-1,1713.4,427.7,72.3,69.9,0.061
30,-1,1.8,530.9,98.1,91.3,0.055
31,-1,2.4,232.4,416.4,664.3,1.000
31,-1,1626.5,368.3,160.9,395.2,0.999
31,-1,1817.8,322.3,102.2,445.3,0.999
31,-1,1333.2,463.9,73.5,201.0,0.994
31,-1,1312.6,539.9,36.0,121.6,0.993
31,-1,327.9,476.8,93.8,224.9,0.962
31,-1,889.7,520.3,30.8,107.7,0.935
31,-1,54.4,582.9,54.1,167.9,0.812
31,-1,1244.8,360.2,101.2,112.9,0.310
31,-1,84.7,592.4,74.2,150.8,0.296
31,-1,575.5,402.3,46.2,111.7,0.166
31,-1,971.5,525.2,39.2,77.5,0.147
31,-1,1815.0,532.8,36.5,77.0,0.140
31,-1,46.1,566.4,105.8,185.5,0.127
31,-1,366.7,464.1,18.4,30.4,0.074
31,-1,1618.0,443.4,30.9,155.7,0.073
31,-1,11.1,565.5,87.7,205.3,0.053
32,-1,3.6,227.6,426.8,677.3,0.999
32,-1,1627.3,373.3,162.5,385.9,0.999
32,-1,1816.2,321.9,103.8,444.6,0.999
32,-1,1332.2,463.9,78.0,201.0,0.997
32,-1,1311.5,540.2,40.3,122.5,0.990
32,-1,329.4,482.6,97.6,217.4,0.974
32,-1,891.4,520.3,31.2,108.8,0.819
32,-1,55.2,587.3,53.9,162.4,0.600
32,-1,62.7,559.0,93.4,189.2,0.426
32,-1,120.7,555.1,43.0,188.1,0.409
32,-1,1245.9,360.4,101.2,111.9,0.319
32,-1,3.2,576.9,106.6,166.0,0.300
32,-1,970.2,526.0,41.0,76.4,0.155
32,-1,1618.3,438.6,34.3,166.3,0.118
32,-1,1619.0,458.2,16.9,85.6,0.069
32,-1,19.3,594.6,88.4,98.7,0.058
32,-1,572.5,398.7,49.9,114.6,0.057
32,-1,10.6,261.2,217.5,576.9,0.053
33,-1,1811.3,312.4,108.7,454.4,1.000
33,-1,0.0,234.0,436.1,662.8,0.999
33,-1,1627.4,368.7,159.2,389.6,0.999
33,-1,1334.6,463.7,80.5,202.4,0.996
33,-1,1311.9,540.0,41.5,123.4,0.986
33,-1,339.6,461.4,81.5,239.4,0.884
33,-1,57.2,565.0,53.4,185.9,0.805
33,-1,894.4,524.1,30.2,105.0,0.761
33,-1,576.8,403.4,45.6,121.0,0.623
33,-1,107.3,485.7,56.1,262.4,0.601
33,-1,4.7,504.2,104.0,253.1,0.570
33,-1,1320.6,509.4,47.8,154.0,0.491
33,-1,1617.8,428.6,32.0,172.8,0.329
33,-1,122.7,547.9,48.2,196.6,0.327
33,-1,0.0,612.9,7.5,206.0,0.269
33,-1,0.1,592.9,108.0,108.3,0.257
33,-1,1245.0,356.0,102.7,117.0,0.230
33,-1,58.4,538.5,102.4,208.0,0.197
33,-1,342.9,563.7,69.5,135.2,0.183
33,-1,261.4,643.1,30.3,53.7,0.179
33,-1,294.2,457.4,53.7,117.5,0.147
33,-1,99.2,478.7,56.5,123.7,0.120
33,-1,250.5,467.7,104.3,258.0,0.116
33,-1,3.9,598.0,87.3,188.1,0.100
33,-1,12.0,499.7,95.3,98.5,0.089
33,-1,0.5,526.2,70.7,73.0,0.074
33,-1,971.8,525.3,40.3,77.7,0.071
34,-1,5.7,237.5,438.0,658.7,1.000
34,-1,1808.5,314.5,111.5,451.8,0.999
34,-1,1628.5,370.9,149.1,390.7,0.999
34,-1,1331.9,462.8,88.0,203.6,0.997
34,-1,1312.4,539.7,42.3,124.2,0.984
34,-1,53.2,575.4,55.8,175.4,0.891
34,-1,344.1,517.1,71.7,181.9,0.888
34,-1,894.2,524.4,31.7,106.0,0.789
34,-1,122.5,551.0,52.0,197.2,0.742
34,-1,262.0,637.4,28.3,60.0,0.493
34,-1,102.2,472.0,74.0,283.4,0.473
34,-1,13.0,507.6,98.9,245.2,0.473
34,-1,1618.6,434.5,29.8,163.7,0.311
34,-1,1246.3,359.0,99.4,113.9,0.248
34,-1,72.8,549.3,96.6,198.3,0.238
34,-1,303.0,454.9,48.7,125.6,0.220
34,-1,1625.1,501.4,21.2,100.3,0.209
34,-1,262.7,563.0,87.6,131.9,0.209
34,-1,1691.7,391.1,102.2,360.2,0.201
34,-1,0.0,626.2,5.8,175.5,0.194
34,-1,570.3,398.7,52.0,107.8,0.160
34,-1,0.0,590.2,107.8,109.2,0.137
34,-1,1620.1,460.7,17.0,133.7,0.119
34,-1,972.8,524.8,36.8,77.5,0.115
34,-1,18.1,501.5,87.9,107.5,0.109
34,-1,0.0,618.2,10.9,201.7,0.104
34,-1,372.5,550.2,67.9,132.4,0.100
34,-1,1334.4,466.1,47.0,190.4,0.098
34,-1,344.5,415.6,101.3,287.4,0.060
34,-1,1.6,589.0,86.1,192.5,0.054
34,-1,254.9,471.7,106.1,223.3,0.052
34,-1,0.4,528.8,70.1,70.2,0.052
35,-1,7.6,237.8,452.1,656.8,1.000
35,-1,1802.8,313.9,117.2,453.4,0.999
35,-1,1628.0,368.0,150.6,395.7,0.999
35,-1,1332.6,463.5,91.8,204.3,0.998
35,-1,1313.8,539.5,42.0,123.4,0.991
35,-1,344.6,497.6,78.8,200.8,0.914
35,-1,54.1,579.9,55.3,169.8,0.899
35,-1,121.4,553.9,62.0,190.3,0.802
35,-1,895.1,527.0,30.4,99.6,0.626
35,-1,1334.3,472.6,48.8,189.0,0.619
35,-1,263.5,634.5,29.0,60.8,0.610
35,-1,576.0,403.3,46.9,123.1,0.446
35,-1,9.2,545.1,103.3,206.1,0.371
35,-1,1246.0,359.3,100.3,113.8,0.353
35,-1,1618.9,434.0,30.3,165.2,0.224
35,-1,273.3,466.4,169.4,243.5,0.182
35,-1,1624.4,486.3,22.0,114.0,0.128
35,-1,74.0,548.9,101.9,196.2,0.123
35,-1,11.2,579.3,96.9,108.7,0.065
35,-1,18.3,501.8,87.2,108.5,0.052
35,-1,971.9,525.5,39.1,75.8,0.050
35,-1,259.8,605.8,40.2,92.3,0.050
36,-1,6.0,245.6,468.5,649.1,1.000
36,-1,1799.9,312.2,120.1,456.4,0.999
36,-1,1626.6,369.6,156.1,396.3,0.999
36,-1,1332.8,462.6,92.1,204.7,0.998
36,-1,1314.4,537.7,44.8,125.6,0.991
36,-1,50.8,575.1,58.9,176.3,0.961
36,-1,119.4,505.3,73.5,243.3,0.872
36,-1,344.1,494.7,82.0,202.4,0.845
36,-1,894.8,525.1,31.0,104.6,0.597
36,-1,263.1,637.4,30.3,58.3,0.526
36,-1,12.8,502.1,95.5,251.5,0.395
36,-1,54.9,534.2,130.6,214.1,0.262
36,-1,1244.0,359.9,103.3,112.0,0.259
36,-1,263.2,467.4,185.4,240.9,0.166
36,-1,1624.7,495.4,22.7,106.0,0.108
36,-1,1336.2,474.1,41.9,181.9,0.090
36,-1,5.2,498.1,97.9,88.5,0.081
36,-1,1619.5,452.0,21.4,146.7,0.076
36,-1,573.0,401.1,49.8,110.3,0.068
36,-1,971.2,525.2,38.5,77.4,0.053
37,-1,4.7,250.7,472.2,644.5,1.000
37,-1,1795.8,310.5,124.2,458.6,0.999
37,-1,1333.4,462.2,91.4,205.0,0.998
37,-1,1627.0,367.5,151.2,403.5,0.998
37,-1,1315.2,538.1,45.5,124.3,0.991
37,-1,52.3,578.8,56.3,170.3,0.939
37,-1,117.4,500.6,70.7,251.9,0.905
37,-1,346.4,487.2,83.4,208.5,0.698
37,-1,2.6,498.7,103.6,246.6,0.469
37,-1,263.1,638.4,29.3,58.8,0.337
37,-1,60.3,519.3,121.7,227.8,0.327
37,-1,1244.5,362.1,102.5,110.9,0.219
37,-1,271.3,482.5,167.6,225.6,0.195
37,-1,570.9,401.4,52.0,111.5,0.098
37,-1,0.0,357.8,36.6,34.7,0.076
37,-1,162.1,506.7,46.3,114.0,0.076
37,-1,972.0,525.6,38.8,77.8,0.064
37,-1,1619.1,439.6,26.0,160.9,0.062
38,-1,17.5,248.8,463.9,644.8,1.000
38,-1,1794.7,310.5,125.3,460.8,0.999
38,-1,1625.3,367.0,149.2,406.1,0.998
38,-1,1341.4,464.9,82.1,200.6,0.997
38,-1,1316.0,539.3,45.1,123.5,0.996
38,-1,123.9,520.3,67.0,222.2,0.937
38,-1,1.8,524.0,106.8,226.1,0.856
38,-1,49.9,560.6,57.7,188.1,0.767
38,-1,896.2,525.5,30.0,102.6,0.706
38,-1,63.9,354.4,57.9,29.5,0.540
38,-1,70.7,494.5,117.4,255.8,0.270
38,-1,7.4,497.5,95.4,87.6,0.258
38,-1,1244.7,357.1,103.1,115.7,0.210
38,-1,359.7,467.8,63.9,180.2,0.153
38,-1,970.7,526.2,40.1,76.4,0.141
38,-1,1338.5,471.6,42.5,184.9,0.130
38,-1,0.0,531.7,72.4,68.1,0.119
38,-1,1619.2,452.3,18.7,136.6,0.064
38,-1,555.4,400.6,66.0,111.6,0.057
38,-1,14.5,371.6,56.1,43.3,0.054
38,-1,971.1,525.9,65.2,109.0,0.052
39,-1,49.1,248.8,439.9,646.9,1.000
39,-1,1795.7,307.0,124.3,465.9,1.000
39,-1,1342.6,463.9,80.0,200.4,0.999
39,-1,1623.5,370.5,146.2,398.5,0.999
39,-1,1316.6,539.5,45.0,122.9,0.996
39,-1,120.8,508.8,68.7,234.4,0.958
39,-1,32.3,549.6,73.9,201.3,0.836
39,-1,79.2,355.5,51.4,44.1,0.811
39,-1,896.8,526.4,30.3,97.9,0.566
39,-1,58.8,499.3,128.0,249.0,0.538
39,-1,17.3,502.1,120.2,252.6,0.453
39,-1,139.0,482.7,54.7,56.8,0.432
39,-1,13.0,498.9,91.8,94.0,0.320
39,-1,43.5,355.4,89.8,74.3,0.275
39,-1,1331.0,477.4,60.0,188.3,0.122
39,-1,1619.0,457.1,16.3,138.9,0.100
39,-1,971.8,525.3,38.3,76.6,0.087
39,-1,1249.6,359.5,96.0,112.9,0.063
39,-1,1.6,526.1,73.2,72.2,0.057
40,-1,103.8,250.1,392.6,646.9,1.000
40,-1,1792.1,307.2,127.9,469.8,0.999
40,-1,1622.4,372.0,146.4,401.0,0.999
40,-1,1342.9,464.4,79.3,199.6,0.998
40,-1,1317.3,538.7,45.3,124.1,0.994
40,-1,122.9,505.7,66.7,238.5,0.958
40,-1,29.3,548.3,78.3,201.1,0.777
40,-1,96.2,352.7,50.1,43.6,0.759
40,-1,1.4,355.4,190.0,144.1,0.746
40,-1,16.1,498.7,159.0,249.9,0.637
40,-1,898.5,528.2,29.4,94.6,0.448
40,-1,1337.4,474.7,46.4,185.9,0.399
40,-1,2.6,363.4,167.8,298.1,0.362
40,-1,140.9,480.3,41.4,55.3,0.357
40,-1,58.1,616.2,52.3,131.3,0.328
40,-1,0.7,506.8,105.6,191.6,0.281
40,-1,84.4,355.3,68.0,62.6,0.274
40,-1,143.6,481.7,65.3,62.7,0.212
40,-1,35.6,355.4,120.2,112.3,0.200
40,-1,16.6,499.8,87.7,110.8,0.187
40,-1,1245.0,357.7,102.2,114.3,0.176
40,-1,972.9,524.7,34.8,75.9,0.172
40,-1,210.7,451.5,56.9,159.2,0.101
40,-1,1676.0,342.1,171.7,435.6,0.083
40,-1,571.7,398.1,50.7,105.5,0.078
40,-1,240.2,455.1,23.5,68.6,0.069
40,-1,3.1,505.2,67.5,277.7,0.056
41,-1,117.7,252.9,382.7,645.6,1.000
41,-1,1789.1,309.8,130.9,470.9,0.999
41,-1,1620.2,370.4,140.0,405.1,0.999
41,-1,1342.8,464.3,79.4,199.6,0.998
41,-1,1316.8,538.9,45.5,126.1,0.989
41,-1,125.3,521.6,65.5,221.6,0.953
41,-1,29.6,563.6,76.9,185.6,0.946
41,-1,93.3,354.1,80.9,70.9,0.651
41,-1,54.3,518.9,140.0,226.9,0.646
41,-1,227.1,450.2,60.3,253.0,0.626
41,-1,898.5,526.7,30.8,94.5,0.558
41,-1,241.4,457.4,31.3,68.5,0.526
41,-1,52.1,353.1,125.9,111.1,0.491
41,-1,26.4,385.3,160.8,353.6,0.387
41,-1,1338.0,476.7,46.8,186.7,0.351
41,-1,227.5,458.1,49.9,138.5,0.276
41,-1,38.0,353.6,138.9,198.4,0.274
41,-1,1244.2,355.7,102.1,116.9,0.235
41,-1,971.8,524.8,38.4,76.3,0.207
41,-1,2.3,502.7,109.2,230.2,0.193
41,-1,2.9,503.3,100.2,110.3,0.080
41,-1,571.0,399.3,51.3,103.9,0.065
41,-1,230.8,419.5,160.1,282.1,0.063
42,-1,138.0,247.2,373.3,655.2,1.000
42,-1,1787.0,309.4,133.0,472.5,0.999
42,-1,1616.9,369.0,144.0,413.8,0.999
42,-1,1343.0,463.8,79.0,199.7,0.998
42,-1,1315.2,539.0,48.6,123.2,0.986
42,-1,120.3,521.7,71.3,221.5,0.921
42,-1,65.7,354.3,130.4,108.8,0.888
42,-1,30.0,559.2,76.9,188.1,0.879
42,-1,23.5,527.2,140.3,220.9,0.722
42,-1,236.7,458.8,41.4,122.4,0.557
42,-1,239.7,459.5,62.3,241.2,0.539
42,-1,1335.3,480.5,47.1,178.8,0.499
42,-1,206.1,544.8,32.1,36.6,0.428
42,-1,59.1,624.0,50.4,123.9,0.412
42,-1,3.6,513.8,98.4,267.0,0.335
42,-1,901.8,525.5,26.8,94.7,0.291
42,-1,1244.4,360.1,100.8,113.6,0.252
42,-1,94.3,357.5,113.3,69.0,0.157
42,-1,216.7,544.8,17.9,29.3,0.149
42,-1,10.3,503.7,95.2,112.7,0.136
42,-1,1681.8,341.6,163.8,440.3,0.136
42,-1,14.7,539.2,95.6,128.2,0.117
42,-1,971.5,525.5,39.5,76.6,0.099
42,-1,248.5,549.8,58.4,146.8,0.068
42,-1,1344.4,468.2,70.0,97.6,0.065
42,-1,972.0,520.3,69.3,115.3,0.058
42,-1,240.3,449.0,149.3,257.5,0.055
42,-1,19.0,410.7,184.6,318.3,0.054
43,-1,1787.1,311.6,132.9,475.0,0.999
43,-1,1613.0,367.3,145.8,413.4,0.999
43,-1,182.1,245.1,335.6,646.8,0.999
43,-1,1342.7,462.7,79.9,200.4,0.998
43,-1,1317.0,537.2,49.1,126.5,0.983
43,-1,122.9,512.3,69.6,231.9,0.943
43,-1,29.0,546.3,77.8,199.9,0.878
43,-1,82.0,355.3,147.6,125.1,0.811
43,-1,150.5,478.9,31.0,58.3,0.616
43,-1,902.9,527.5,25.7,91.4,0.546
43,-1,1327.5,495.1,53.8,169.9,0.393
43,-1,3.3,510.1,104.3,176.9,0.288
43,-1,151.5,478.3,67.7,92.9,0.259
43,-1,25.3,519.4,162.1,229.3,0.248
43,-1,971.9,520.9,38.4,81.0,0.213
43,-1,239.5,460.1,72.4,237.4,0.100
43,-1,34.3,536.0,78.6,127.7,0.100
43,-1,13.4,500.4,92.8,100.7,0.094
43,-1,1243.1,357.2,99.6,115.4,0.072
43,-1,2.2,502.6,65.1,280.9,0.060
43,-1,245.3,454.6,64.4,112.4,0.054
44,-1,1610.3,363.0,153.3,417.2,0.999
44,-1,1785.6,310.8,134.4,478.0,0.999
44,-1,238.2,245.1,285.1,637.8,0.999
44,-1,1342.5,462.9,79.6,200.2,0.998
44,-1,1317.5,536.7,47.8,127.2,0.983
44,-1,124.0,520.8,67.2,222.2,0.912
44,-1,20.9,542.7,90.4,204.7,0.847
44,-1,57.4,518.6,131.1,226.8,0.489
44,-1,1338.6,477.1,46.3,181.6,0.391
44,-1,90.3,355.6,139.8,123.7,0.381
44,-1,988.1,510.6,54.4,134.3,0.194
44,-1,155.3,477.1,33.9,61.9,0.146
44,-1,14.7,504.1,92.1,111.7,0.132
44,-1,26.2,561.8,85.5,104.2,0.117
44,-1,971.4,524.5,40.3,77.2,0.104
44,-1,240.4,452.7,97.2,234.2,0.085
44,-1,149.6,474.9,50.0,102.5,0.081
44,-1,1243.1,358.7,99.9,113.6,0.079
44,-1,248.2,454.2,72.0,116.9,0.078
44,-1,572.1,399.9,50.0,100.5,0.075
44,-1,967.7,515.9,74.6,185.0,0.064
44,-1,154.6,467.2,79.2,100.8,0.063
44,-1,1645.6,420.0,17.5,15.2,0.059
44,-1,1.0,536.3,67.5,67.0,0.053
45,-1,1776.8,310.8,143.2,485.3,1.000
45,-1,1609.2,360.0,151.0,421.0,1.000
45,-1,284.0,245.4,256.3,633.1,0.999
45,-1,1341.4,462.1,80.6,201.4,0.999
45,-1,1317.8,536.5,46.5,127.5,0.984
45,-1,125.2,522.5,65.9,220.1,0.945
45,-1,20.7,540.6,87.6,210.1,0.868
45,-1,242.2,457.4,60.1,114.8,0.855
45,-1,241.8,455.0,55.7,237.8,0.581
45,-1,1009.9,514.2,33.8,133.5,0.429
45,-1,40.2,515.7,141.8,228.5,0.405
45,-1,905.8,527.4,23.1,90.1,0.335
45,-1,284.3,523.4,78.2,91.5,0.271
45,-1,1337.8,484.0,45.6,174.3,0.269
45,-1,157.7,472.6,70.0,91.5,0.235
45,-1,156.5,474.9,40.9,67.5,0.220
45,-1,119.6,354.0,101.3,79.2,0.215
45,-1,973.0,524.8,35.5,76.5,0.145
45,-1,58.2,593.4,53.0,153.0,0.123
45,-1,106.9,354.0,122.5,144.4,0.113
45,-1,185.2,528.6,42.3,39.3,0.106
45,-1,153.2,511.2,23.5,26.9,0.099
45,-1,971.1,516.6,71.1,175.5,0.092
45,-1,22.2,505.9,86.5,120.7,0.068
45,-1,284.2,521.0,100.9,180.2,0.060
45,-1,3.2,524.0,96.2,154.8,0.059
45,-1,1242.4,362.1,99.0,109.8,0.058
45,-1,286.1,525.3,47.1,44.9,0.057
45,-1,271.0,521.5,67.1,151.2,0.053
46,-1,1777.4,307.5,142.6,492.7,1.000
46,-1,302.2,243.1,240.8,629.4,0.999
46,-1,1603.7,359.8,159.4,419.7,0.999
46,-1,1342.0,462.5,79.4,201.2,0.999
46,-1,1317.8,536.5,46.9,127.5,0.985
46,-1,120.2,520.2,71.7,222.3,0.946
46,-1,239.8,457.7,63.6,114.0,0.923
46,-1,18.3,531.1,98.4,218.7,0.910
46,-1,240.7,457.0,63.1,245.9,0.724
46,-1,1008.8,515.1,35.9,134.0,0.462
46,-1,156.2,474.4,47.4,65.4,0.392
46,-1,156.6,471.2,70.9,88.7,0.351
46,-1,1339.9,479.2,44.1,178.5,0.257
46,-1,44.5,526.7,141.4,216.1,0.178
46,-1,361.2,584.3,45.5,121.7,0.158
46,-1,973.5,524.2,35.5,77.4,0.150
46,-1,1012.2,515.1,26.6,58.8,0.143
46,-1,30.6,537.4,81.2,125.0,0.133
46,-1,293.4,527.4,81.9,86.0,0.108
46,-1,973.4,511.7,72.6,136.6,0.089
46,-1,987.8,527.1,22.0,60.0,0.081
46,-1,1242.3,357.1,100.7,115.2,0.072
46,-1,285.9,506.3,117.2,196.9,0.068
46,-1,20.4,500.5,84.5,94.3,0.060
46,-1,292.3,472.3,51.6,96.7,0.058
46,-1,2.5,537.1,83.2,175.6,0.057
47,-1,1778.8,306.7,141.2,491.5,0.999
47,-1,313.1,247.9,236.3,627.1,0.999
47,-1,1597.9,359.1,164.3,418.1,0.999
47,-1,1342.5,463.0,78.7,200.9,0.999
47,-1,1318.0,536.9,46.3,127.2,0.986
47,-1,119.6,521.3,71.4,224.7,0.897
47,-1,240.1,457.5,68.7,115.8,0.882
47,-1,19.4,533.9,96.9,216.8,0.849
47,-1,240.2,456.4,68.8,241.4,0.823
47,-1,159.1,467.3,40.0,69.4,0.420
47,-1,57.2,520.2,123.8,226.0,0.344
47,-1,155.5,468.3,74.5,95.3,0.335
47,-1,366.1,583.8,45.3,122.6,0.315
47,-1,1339.9,479.0,43.1,178.3,0.171
47,-1,175.8,495.2,57.9,74.5,0.139
47,-1,973.4,523.8,30.6,77.2,0.139
47,-1,573.8,403.4,47.8,108.0,0.099
47,-1,297.2,452.6,106.0,248.5,0.098
47,-1,985.0,526.5,24.4,64.9,0.088
47,-1,5.2,509.7,109.5,148.8,0.078
47,-1,248.2,455.6,133.1,157.9,0.072
47,-1,1242.8,358.3,100.4,113.7,0.064
47,-1,10.7,500.3,95.9,91.5,0.063
47,-1,138.2,362.0,95.4,179.0,0.055
48,-1,1780.0,298.6,140.0,497.7,0.999
48,-1,1585.2,352.4,185.0,430.0,0.999
48,-1,1342.9,462.4,78.3,202.5,0.999
48,-1,347.1,251.0,230.0,623.9,0.999
48,-1,1319.7,538.4,46.9,126.4,0.988
48,-1,121.0,525.9,73.1,221.0,0.935
48,-1,241.6,458.8,68.6,119.0,0.933
48,-1,21.7,536.2,89.6,214.4,0.849
48,-1,241.9,455.5,65.6,241.5,0.741
48,-1,365.8,568.7,49.0,136.9,0.513
48,-1,112.1,365.0,119.4,172.8,0.399
48,-1,323.2,528.7,89.1,173.9,0.273
48,-1,59.7,527.7,115.3,220.5,0.211
48,-1,1335.6,491.8,45.9,165.6,0.189
48,-1,157.7,466.1,50.6,107.2,0.155
48,-1,1243.4,360.0,99.5,111.8,0.144
48,-1,972.6,525.4,32.3,74.5,0.140
48,-1,16.7,505.5,91.7,125.0,0.105
48,-1,571.3,400.2,50.6,109.0,0.103
48,-1,160.9,359.6,70.2,65.2,0.093
48,-1,970.7,520.8,68.7,174.0,0.085
48,-1,304.8,482.6,80.3,121.7,0.056
48,-1,338.7,340.3,101.8,362.9,0.052
48,-1,1342.8,465.9,71.2,104.5,0.050
49,-1,1781.3,295.4,138.7,499.5,0.999
49,-1,1584.1,356.7,170.2,423.3,0.999
49,-1,344.6,255.8,260.6,612.3,0.999
49,-1,1343.1,463.1,78.4,200.9,0.999
49,-1,1318.0,537.7,47.3,126.8,0.988
49,-1,122.2,532.7,73.7,206.6,0.910
49,-1,230.9,458.1,74.4,115.2,0.909
49,-1,26.4,543.2,84.2,207.9,0.812
49,-1,243.9,457.9,64.2,238.8,0.753
49,-1,359.9,575.6,55.7,130.8,0.721
49,-1,573.5,397.4,47.7,106.2,0.412
49,-1,154.0,478.0,50.2,104.5,0.364
49,-1,1332.8,489.0,51.3,175.4,0.300
49,-1,335.9,460.6,80.1,251.2,0.289
49,-1,49.3,534.8,126.2,211.7,0.232
49,-1,132.0,363.3,101.9,157.5,0.175
49,-1,1007.1,512.2,37.0,135.0,0.102
49,-1,1242.9,361.5,99.1,110.9,0.081
49,-1,977.9,385.1,11.8,43.2,0.062
49,-1,165.8,478.6,40.7,55.4,0.062
49,-1,1343.0,466.4,71.2,106.5,0.060
49,-1,16.2,502.4,94.1,116.6,0.052
50,-1,385.3,258.3,264.3,600.1,1.000
50,-1,1781.6,293.2,138.4,503.1,0.999
50,-1,1571.7,352.6,198.7,430.8,0.999
50,-1,1343.4,464.4,78.0,200.3,0.998
50,-1,1318.2,537.6,47.0,126.1,0.989
50,-1,335.6,448.4,88.4,255.2,0.979
50,-1,241.9,458.1,62.8,113.7,0.927
50,-1,120.3,522.0,76.0,219.4,0.821
50,-1,242.7,455.5,61.8,240.9,0.819
50,-1,21.4,544.2,86.4,206.2,0.707
50,-1,573.1,401.9,48.6,83.8,0.446
50,-1,907.2,525.6,27.6,95.6,0.342
50,-1,61.2,507.1,130.6,235.2,0.305
50,-1,984.7,510.2,53.4,129.1,0.295
50,-1,1336.0,482.4,50.8,181.8,0.210
50,-1,178.4,476.6,56.1,94.3,0.208
50,-1,160.9,509.1,25.0,27.7,0.188
50,-1,27.1,512.7,83.8,152.4,0.168
50,-1,58.1,603.5,51.6,143.1,0.109
50,-1,161.6,481.9,55.7,92.2,0.066
50,-1,1668.9,379.3,109.2,389.9,0.059
51,-1,389.4,270.0,294.0,588.4,1.000
51,-1,1568.4,352.8,203.7,432.6,1.000
51,-1,1781.6,292.0,138.4,505.3,0.999
51,-1,1343.4,464.7,77.5,199.7,0.999
51,-1,1318.7,540.4,45.7,122.6,0.993
51,-1,345.6,440.2,90.7,265.6,0.989
51,-1,242.6,457.5,61.3,118.6,0.945
51,-1,120.7,519.5,70.5,224.4,0.912
51,-1,243.0,459.7,61.3,240.3,0.851
51,-1,28.7,542.9,82.3,208.0,0.797
51,-1,568.5,397.1,52.4,98.5,0.704
51,-1,979.5,514.2,62.0,134.0,0.584
51,-1,160.1,481.2,54.7,105.8,0.480
51,-1,1334.8,500.1,44.6,159.4,0.305
51,-1,32.7,520.0,151.4,234.8,0.185
51,-1,161.3,510.1,23.0,26.4,0.096
51,-1,170.5,474.6,65.4,97.6,0.093
51,-1,59.5,621.7,49.9,125.2,0.088
51,-1,1242.0,362.0,99.8,110.2,0.084
51,-1,22.2,503.8,87.6,121.9,0.072
51,-1,159.2,509.4,29.0,46.6,0.063
51,-1,400.8,438.7,25.4,39.3,0.052
52,-1,390.1,264.5,308.7,594.2,1.000
52,-1,1566.7,353.4,204.0,433.8,0.999
52,-1,1781.1,290.9,138.9,506.1,0.999
52,-1,1343.3,465.0,78.0,199.4,0.999
52,-1,1318.6,537.2,46.4,127.4,0.987
52,-1,358.3,448.5,96.2,250.3,0.967
52,-1,243.5,460.3,57.0,118.9,0.933
52,-1,124.4,522.2,71.3,220.5,0.926
52,-1,575.8,403.6,45.0,83.4,0.921
52,-1,24.8,557.3,85.3,195.8,0.793
52,-1,242.9,457.2,58.5,239.1,0.738
52,-1,906.7,523.1,31.5,97.8,0.656
52,-1,10.5,514.4,98.8,175.7,0.295
52,-1,176.2,474.4,56.0,106.5,0.280
52,-1,1333.4,489.0,49.9,175.8,0.237
52,-1,1244.0,361.4,98.0,111.8,0.213
52,-1,29.4,526.1,158.5,228.5,0.135
52,-1,153.4,435.0,65.7,124.2,0.102
52,-1,573.4,403.0,50.3,155.4,0.095
52,-1,356.4,451.4,50.8,132.4,0.071
53,-1,382.1,268.0,334.8,585.2,1.000
53,-1,1778.5,288.8,141.5,508.7,0.999
53,-1,1564.1,355.4,199.8,435.9,0.999
53,-1,1343.7,466.2,77.4,198.9,0.998
53,-1,1318.7,537.4,46.5,126.9,0.989
53,-1,358.7,446.2,113.4,259.5,0.987
53,-1,242.9,458.2,58.6,118.1,0.919
53,-1,120.1,512.6,79.6,232.4,0.912
53,-1,242.5,460.5,59.5,237.5,0.816
53,-1,24.1,553.5,85.6,199.3,0.809
53,-1,907.2,522.1,31.0,98.6,0.780
53,-1,576.2,391.8,48.6,90.8,0.593
53,-1,176.0,475.2,59.6,103.3,0.554
53,-1,1335.0,486.1,48.7,178.0,0.268
53,-1,56.9,605.2,52.3,142.4,0.161
53,-1,55.4,509.3,133.2,244.7,0.122
53,-1,4.3,505.7,108.0,181.8,0.119
53,-1,580.9,399.6,40.9,158.7,0.105
53,-1,1242.3,363.6,98.1,108.6,0.090
54,-1,389.1,269.7,338.7,577.2,1.000
54,-1,1775.6,286.7,144.4,507.4,0.999
54,-1,1563.5,356.5,195.6,435.4,0.999
54,-1,1343.1,465.9,78.1,199.0,0.999
54,-1,1318.3,537.1,46.6,127.1,0.988
54,-1,360.9,446.9,115.7,255.8,0.977
54,-1,905.2,522.0,37.7,100.5,0.943
54,-1,243.2,459.4,57.5,115.4,0.911
54,-1,122.3,527.0,74.8,215.4,0.877
54,-1,241.2,465.9,56.2,230.4,0.717
54,-1,178.2,478.0,57.6,99.2,0.711
54,-1,33.3,561.5,77.3,191.1,0.592
54,-1,972.9,518.7,58.0,191.7,0.305
54,-1,56.2,618.8,52.3,130.3,0.293
54,-1,450.9,440.4,39.9,47.4,0.258
54,-1,7.2,516.2,101.2,169.3,0.221
54,-1,1333.0,489.2,50.8,175.4,0.201
54,-1,68.5,505.7,123.4,232.3,0.148
54,-1,974.2,524.5,48.2,83.4,0.139
54,-1,371.9,448.6,57.3,249.2,0.136
54,-1,1242.0,359.5,99.4,112.9,0.098
54,-1,587.3,386.4,36.7,92.5,0.084
54,-1,589.7,393.9,75.2,158.3,0.074
55,-1,401.1,266.6,334.6,588.6,1.000
55,-1,1772.3,289.2,147.7,510.7,0.999
55,-1,1563.2,357.7,189.1,434.4,0.999
55,-1,1343.3,464.9,77.9,201.2,0.998
55,-1,1318.5,539.8,45.5,123.5,0.993
55,-1,362.6,448.1,110.9,259.4,0.992
55,-1,905.3,522.0,38.5,102.0,0.977
55,-1,116.0,513.1,79.3,231.2,0.918
55,-1,239.5,459.0,59.4,116.0,0.871
55,-1,240.2,465.2,56.0,230.4,0.776
55,-1,179.6,475.8,57.5,102.7,0.635
55,-1,28.5,553.0,80.1,196.9,0.630
55,-1,979.1,498.2,64.3,164.5,0.501
55,-1,56.4,617.4,51.5,131.0,0.386
55,-1,8.1,514.0,101.8,176.7,0.201
55,-1,29.9,524.2,151.1,227.2,0.159
55,-1,972.6,525.1,37.9,84.7,0.124
55,-1,20.5,579.4,87.5,92.5,0.095
55,-1,45.9,501.3,63.7,108.0,0.089
55,-1,1242.1,361.4,97.1,111.2,0.077
56,-1,415.2,267.0,323.9,589.9,1.000
56,-1,1559.6,355.6,193.1,437.7,0.999
56,-1,1768.3,288.2,151.7,513.6,0.999
56,-1,357.9,449.4,123.2,258.9,0.999
56,-1,1343.7,464.9,76.9,200.1,0.998
56,-1,1318.5,537.4,46.1,126.8,0.989
56,-1,907.4,520.4,32.1,103.3,0.987
56,-1,120.1,518.6,82.6,226.4,0.955
56,-1,240.6,459.5,58.4,116.1,0.883
56,-1,242.3,458.7,58.3,247.4,0.817
56,-1,20.9,547.1,85.7,203.2,0.700
56,-1,972.2,496.4,68.7,185.4,0.605
56,-1,182.5,475.6,55.2,104.7,0.516
56,-1,56.0,604.2,54.1,143.6,0.438
56,-1,8.8,529.2,101.1,135.1,0.199
56,-1,973.7,519.4,34.3,87.8,0.105
56,-1,46.9,501.0,62.3,105.4,0.095
56,-1,1242.9,362.2,95.7,111.0,0.091
56,-1,6.6,502.6,92.3,92.9,0.073
56,-1,44.6,514.6,181.4,255.1,0.052
57,-1,442.8,275.1,287.0,575.8,1.000
57,-1,1554.8,358.5,194.9,439.1,0.999
57,-1,1764.6,288.0,155.4,515.9,0.999
57,-1,358.4,445.6,125.9,262.3,0.999
57,-1,1343.1,464.0,77.8,200.4,0.999
57,-1,1318.6,540.2,45.2,123.0,0.991
57,-1,907.2,520.4,34.3,104.4,0.987
57,-1,119.2,510.3,85.2,234.8,0.939
57,-1,242.6,461.7,57.0,114.7,0.908
57,-1,242.1,460.6,58.4,243.6,0.820
57,-1,21.8,533.4,87.8,219.5,0.648
57,-1,975.4,496.0,70.9,217.7,0.557
57,-1,56.6,603.4,52.9,144.8,0.355
57,-1,975.3,518.3,39.5,114.0,0.186
57,-1,180.3,476.0,57.6,104.1,0.182
57,-1,32.8,526.0,154.7,225.0,0.152
57,-1,8.0,502.7,100.2,165.0,0.110
57,-1,980.6,518.3,60.7,125.8,0.110
57,-1,44.7,501.8,65.0,120.7,0.091
57,-1,1242.8,362.9,97.3,110.0,0.082
57,-1,6.9,501.2,88.9,90.2,0.056
58,-1,484.2,267.2,247.4,581.4,0.999
58,-1,1547.3,354.2,191.8,446.3,0.999
58,-1,1760.1,287.4,159.9,519.7,0.999
58,-1,359.9,450.9,122.4,255.0,0.999
58,-1,1344.1,465.0,76.3,199.5,0.998
58,-1,1318.5,539.9,44.9,123.3,0.991
58,-1,904.1,520.0,42.5,108.6,0.990
58,-1,120.8,518.4,84.4,228.9,0.903
58,-1,240.4,461.4,57.8,111.5,0.839
58,-1,242.5,463.5,56.9,232.8,0.727
58,-1,19.1,575.1,88.1,176.0,0.552
58,-1,976.7,499.9,63.9,210.5,0.296
58,-1,976.7,529.0,58.6,109.6,0.236
58,-1,40.5,527.1,160.2,215.2,0.166
58,-1,5.2,509.8,104.7,191.3,0.139
58,-1,1242.7,357.9,96.7,114.6,0.114
58,-1,180.9,470.8,55.4,102.2,0.091
58,-1,970.3,510.6,44.9,101.1,0.086
58,-1,977.7,558.4,29.1,69.1,0.082
58,-1,24.6,557.3,84.9,105.1,0.057
59,-1,1539.1,353.1,196.0,449.3,1.000
59,-1,518.8,257.6,224.1,596.6,1.000
59,-1,360.6,448.3,122.4,258.3,0.999
59,-1,1755.6,287.8,164.4,518.9,0.999
59,-1,1343.8,464.9,76.9,199.9,0.998
59,-1,1318.4,539.6,44.8,123.8,0.993
59,-1,904.5,520.6,41.8,107.5,0.988
59,-1,119.3,517.2,87.1,229.3,0.917
59,-1,241.5,462.2,55.4,110.9,0.826
59,-1,241.7,465.2,56.7,232.5,0.740
59,-1,30.9,541.7,79.4,210.2,0.722
59,-1,56.2,529.6,140.5,216.4,0.450
59,-1,7.6,535.8,102.1,132.4,0.389
59,-1,975.3,498.5,48.5,135.1,0.376
59,-1,180.1,475.5,55.8,100.3,0.247
59,-1,1244.2,364.3,96.5,108.7,0.134
59,-1,973.5,546.2,34.2,81.7,0.108
59,-1,984.8,532.4,32.0,101.6,0.054
60,-1,567.5,255.3,215.4,589.5,1.000
60,-1,1531.3,353.5,202.5,449.5,1.000
60,-1,1754.3,287.4,165.7,521.2,0.999
60,-1,361.3,445.5,122.2,260.9,0.999
60,-1,1344.1,464.3,76.4,200.5,0.998
60,-1,1318.4,539.1,44.1,124.4,0.993
60,-1,906.2,522.2,35.4,102.5,0.986
60,-1,120.3,532.0,83.1,212.0,0.947
60,-1,244.4,473.0,50.8,222.2,0.840
60,-1,241.7,465.3,52.6,103.5,0.764
60,-1,25.5,545.9,83.2,203.7,0.727
60,-1,972.3,514.3,38.4,112.0,0.229
60,-1,45.3,532.7,134.8,213.1,0.133
60,-1,1244.4,358.3,97.3,115.7,0.120
60,-1,185.1,466.0,73.5,113.0,0.084
60,-1,34.8,540.4,75.5,118.9,0.073
60,-1,1873.8,304.0,46.2,494.1,0.058
61,-1,588.5,258.1,221.6,586.7,0.999
61,-1,1523.5,346.6,209.4,456.3,0.999
61,-1,1754.3,287.0,165.7,523.6,0.999
61,-1,361.4,444.9,123.9,262.6,0.999
61,-1,1343.9,464.6,77.1,200.7,0.998
61,-1,1318.2,538.9,44.4,124.6,0.993
61,-1,905.6,520.9,36.7,103.5,0.985
61,-1,120.2,517.9,83.7,227.4,0.939
61,-1,242.6,477.8,51.3,92.7,0.809
61,-1,43.8,535.9,66.9,215.1,0.806
61,-1,246.8,479.7,48.7,216.1,0.612
61,-1,213.5,475.3,61.3,103.5,0.244
61,-1,183.7,471.8,52.4,104.5,0.150
61,-1,1242.3,358.3,97.0,116.3,0.076
61,-1,56.7,511.4,141.3,247.5,0.070
61,-1,19.1,556.1,87.2,118.0,0.062
61,-1,3.4,513.3,81.8,271.8,0.058
61,-1,208.1,475.6,95.6,226.8,0.052
62,-1,1748.9,285.0,171.1,528.6,0.999
62,-1,1518.3,346.2,208.1,454.7,0.999
62,-1,605.7,267.1,227.5,569.7,0.999
62,-1,372.3,442.8,112.4,265.1,0.999
62,-1,1343.5,464.7,77.5,200.3,0.999
62,-1,1318.2,539.0,44.2,124.6,0.994
62,-1,904.4,521.2,38.2,104.2,0.989
62,-1,120.9,525.5,81.9,220.4,0.924
62,-1,44.0,542.5,67.8,209.5,0.871
62,-1,241.4,474.2,50.6,97.4,0.784
62,-1,242.7,478.7,53.5,222.5,0.726
62,-1,56.5,536.0,126.9,210.6,0.294
62,-1,737.3,397.8,61.2,155.3,0.174
62,-1,1243.8,360.7,97.7,113.6,0.132
62,-1,31.1,538.1,80.1,122.9,0.081
62,-1,3.3,517.8,77.8,263.7,0.053
63,-1,1741.7,284.9,178.3,533.8,1.000
63,-1,611.7,267.5,252.7,578.8,0.999
63,-1,384.5,441.0,104.0,264.7,0.999
63,-1,1513.3,346.4,202.1,452.9,0.999
63,-1,1344.0,464.5,76.7,199.9,0.998
63,-1,907.2,519.9,38.0,107.0,0.994
63,-1,1318.2,539.1,43.7,124.3,0.994
63,-1,120.4,527.2,80.4,218.5,0.919
63,-1,42.7,541.0,68.5,214.0,0.799
63,-1,241.8,474.8,41.1,98.8,0.778
63,-1,241.8,477.1,55.2,224.0,0.745
63,-1,14.1,537.9,96.0,135.6,0.237
63,-1,975.9,496.0,50.5,140.5,0.143
63,-1,63.3,521.1,122.3,224.5,0.107
63,-1,1244.1,357.1,99.9,116.5,0.100
63,-1,242.8,480.0,100.6,94.6,0.085
63,-1,50.1,509.9,59.6,135.6,0.064
64,-1,1739.7,281.0,180.3,538.1,1.000
64,-1,616.3,267.0,264.5,577.5,0.999
64,-1,1510.8,345.8,199.7,454.0,0.999
64,-1,1343.6,465.4,77.1,200.5,0.998
64,-1,395.4,443.0,97.9,262.2,0.998
64,-1,1318.1,538.9,44.0,124.8,0.994
64,-1,907.2,522.0,38.4,104.7,0.991
64,-1,121.1,528.8,80.3,217.4,0.945
64,-1,956.8,500.2,63.0,137.3,0.935
64,-1,241.5,475.2,53.7,218.2,0.818
64,-1,240.0,473.8,54.0,105.5,0.768
64,-1,34.4,549.5,76.0,202.5,0.605
64,-1,983.1,503.0,37.1,97.1,0.371
64,-1,56.2,608.9,54.4,140.2,0.304
64,-1,1.7,507.6,110.3,196.8,0.179
64,-1,34.9,527.1,159.8,225.3,0.163
64,-1,1337.5,495.4,42.0,162.4,0.112
64,-1,966.4,517.4,23.8,82.5,0.106
64,-1,1240.0,359.8,101.0,114.4,0.085
64,-1,549.7,423.4,112.4,178.7,0.059
64,-1,250.9,472.0,75.9,231.9,0.058
65,-1,1732.8,278.4,187.2,540.9,0.999
65,-1,622.9,275.7,274.0,566.6,0.999
65,-1,405.1,443.4,92.7,262.1,0.999
65,-1,1509.3,345.9,195.1,454.9,0.998
65,-1,1343.5,465.3,77.0,200.3,0.998
65,-1,1318.1,539.1,43.7,124.3,0.994
65,-1,908.3,518.7,36.7,107.1,0.985
65,-1,121.0,526.3,82.8,219.3,0.946
65,-1,960.0,490.4,59.7,142.8,0.928
65,-1,229.1,476.5,73.9,230.1,0.865
65,-1,37.4,545.7,72.6,207.4,0.707
65,-1,210.3,473.4,86.3,106.0,0.485
65,-1,57.0,610.1,53.4,139.8,0.409
65,-1,1341.0,475.3,44.2,184.2,0.318
65,-1,575.3,402.8,46.1,103.4,0.276
65,-1,3.3,508.2,109.3,201.6,0.189
65,-1,52.8,532.1,130.1,213.1,0.111
65,-1,1764.2,334.5,141.2,79.4,0.074
66,-1,633.0,275.8,273.3,564.6,1.000
66,-1,1728.3,276.5,191.7,543.3,0.999
66,-1,1515.9,345.3,184.7,457.2,0.999
66,-1,406.7,442.4,92.9,263.1,0.999
66,-1,1343.7,464.1,77.2,201.3,0.998
66,-1,1317.6,539.1,44.0,124.6,0.993
66,-1,907.8,519.4,37.8,108.6,0.982
66,-1,241.7,476.0,72.5,231.6,0.968
66,-1,121.0,529.7,82.8,216.3,0.940
66,-1,37.9,545.4,73.4,202.0,0.862
66,-1,964.8,496.7,52.1,134.8,0.821
66,-1,575.1,404.0,47.2,103.0,0.550
66,-1,1340.5,476.0,44.6,183.7,0.352
66,-1,215.1,475.5,86.4,104.4,0.288
66,-1,64.5,537.0,127.4,209.2,0.279
66,-1,959.5,517.1,23.5,110.9,0.214
66,-1,1244.1,360.5,98.1,112.8,0.099
66,-1,1845.6,344.8,71.3,146.2,0.058
66,-1,979.3,507.6,55.6,127.4,0.057
67,-1,631.4,279.3,285.9,560.7,1.000
67,-1,1723.6,277.1,196.2,540.0,1.000
67,-1,411.6,443.9,93.5,260.7,0.999
67,-1,1519.3,349.0,182.4,458.4,0.999
67,-1,1343.9,464.6,76.9,200.9,0.998
67,-1,1317.8,539.1,43.8,124.5,0.994
67,-1,908.1,521.1,37.5,107.0,0.985
67,-1,242.8,476.4,78.3,233.1,0.980
67,-1,122.2,529.4,81.6,217.2,0.932
67,-1,960.6,488.8,53.0,145.9,0.910
67,-1,32.8,543.7,78.2,207.7,0.750
67,-1,574.7,402.9,47.5,104.2,0.434
67,-1,1340.7,476.3,44.4,183.2,0.359
67,-1,52.1,538.3,135.5,208.5,0.227
67,-1,241.8,475.8,63.8,102.1,0.115
67,-1,959.0,498.8,29.4,127.3,0.097
67,-1,1242.5,361.5,96.3,112.5,0.075
67,-1,49.6,512.5,60.0,141.7,0.065
67,-1,3.9,514.8,83.1,268.1,0.055
67,-1,22.3,555.4,85.6,112.6,0.053
68,-1,1719.5,270.7,200.1,548.9,1.000
68,-1,643.5,282.1,285.9,558.3,1.000
68,-1,1520.7,348.5,184.2,464.3,0.999
68,-1,413.2,442.7,103.6,261.6,0.998
68,-1,1343.6,463.9,77.7,201.7,0.998
68,-1,1317.7,539.1,43.4,124.4,0.996
68,-1,243.5,480.0,90.1,225.2,0.985
68,-1,123.6,536.9,78.0,207.3,0.940
68,-1,908.8,519.9,36.9,107.0,0.939
68,-1,30.6,545.3,78.7,202.0,0.879
68,-1,955.1,488.9,54.5,149.6,0.643
68,-1,574.8,402.7,47.0,106.3,0.493
68,-1,1341.9,476.0,42.0,182.5,0.276
68,-1,240.4,477.9,78.6,104.8,0.237
68,-1,51.8,538.0,90.5,213.6,0.134
68,-1,4.6,513.0,91.6,263.2,0.102
68,-1,1901.5,455.0,18.5,151.2,0.081
68,-1,50.8,518.7,59.4,136.5,0.075
68,-1,1238.6,360.3,101.1,113.7,0.070
68,-1,1162.7,371.1,114.9,106.8,0.054
68,-1,1344.8,468.4,69.0,98.1,0.051
69,-1,1716.8,269.1,199.6,550.3,1.000
69,-1,656.2,279.5,273.1,563.0,0.999
69,-1,415.5,442.1,104.6,263.0,0.999
69,-1,1521.1,348.3,177.1,463.5,0.999
69,-1,1343.5,464.6,77.3,200.7,0.998
69,-1,1317.8,539.6,43.6,123.8,0.996
69,-1,243.0,480.6,90.9,225.1,0.988
69,-1,909.3,517.4,37.2,110.1,0.961
69,-1,121.4,532.9,84.3,213.6,0.953
69,-1,950.8,498.3,59.1,140.7,0.827
69,-1,25.4,540.2,86.9,212.6,0.802
69,-1,575.5,402.8,46.4,103.6,0.735
69,-1,1903.9,456.7,16.1,149.8,0.581
69,-1,243.0,478.3,83.3,106.1,0.191
69,-1,1327.8,502.5,47.1,161.5,0.136
69,-1,951.5,518.0,18.0,91.3,0.133
70,-1,1706.4,270.2,207.3,550.2,1.000
70,-1,679.0,278.7,258.7,563.1,1.000
70,-1,416.8,441.1,106.6,264.5,0.999
70,-1,1518.3,346.6,179.6,464.3,0.999
70,-1,1343.6,464.5,77.2,200.7,0.998
70,-1,1317.2,539.2,43.8,124.6,0.996
70,-1,246.5,480.3,88.3,227.1,0.981
70,-1,120.2,532.8,80.9,210.2,0.938
70,-1,36.0,540.9,74.8,211.2,0.852
70,-1,908.2,515.9,40.0,114.5,0.798
70,-1,1901.2,458.6,18.8,147.3,0.599
70,-1,246.4,477.8,82.5,103.7,0.223
70,-1,577.1,403.1,44.7,104.3,0.174
70,-1,941.8,493.7,65.9,150.8,0.141
70,-1,58.6,537.3,97.7,214.5,0.132
70,-1,1332.5,490.3,48.0,173.3,0.102
70,-1,1245.0,362.6,95.2,111.5,0.093
70,-1,50.4,521.2,58.7,128.7,0.080
70,-1,5.1,513.6,100.6,172.5,0.064
71,-1,1701.8,270.2,210.4,553.2,1.000
71,-1,704.0,273.8,233.8,550.6,0.999
71,-1,1516.7,347.7,182.0,470.6,0.999
71,-1,415.2,440.1,109.8,266.8,0.999
71,-1,1344.2,465.6,76.6,199.1,0.998
71,-1,1317.1,539.6,43.6,123.6,0.995
71,-1,247.2,477.5,88.7,230.9,0.987
71,-1,122.4,530.9,79.3,214.3,0.951
71,-1,32.7,532.1,77.3,220.0,0.758
71,-1,1898.6,453.2,21.4,149.5,0.450
71,-1,909.5,526.5,36.9,101.7,0.382
71,-1,56.2,603.8,54.2,147.1,0.310
71,-1,1342.5,474.9,40.7,184.8,0.247
71,-1,41.9,532.1,144.7,215.7,0.181
71,-1,573.7,403.8,48.5,102.9,0.153
71,-1,47.8,500.3,62.4,158.5,0.117
71,-1,1244.2,363.3,95.6,110.4,0.112
71,-1,245.4,477.1,84.2,104.9,0.068
71,-1,944.4,482.2,79.0,221.1,0.065
72,-1,1699.3,268.9,211.2,563.0,0.999
72,-1,1515.6,348.5,180.6,473.1,0.999
72,-1,719.1,277.1,229.6,543.5,0.999
72,-1,413.7,441.5,115.4,263.2,0.999
72,-1,1343.7,464.7,77.2,200.2,0.999
72,-1,1317.1,539.3,43.9,124.3,0.996
72,-1,247.3,473.4,89.9,236.2,0.990
72,-1,120.2,534.8,80.3,209.1,0.933
72,-1,21.4,535.1,81.3,213.2,0.856
72,-1,909.0,528.2,36.8,101.1,0.427
72,-1,43.8,534.4,148.1,212.0,0.259
72,-1,574.1,403.5,47.8,103.9,0.205
72,-1,1894.6,461.8,25.4,142.7,0.199
72,-1,1342.4,476.6,40.2,182.8,0.123
72,-1,954.3,492.8,63.5,166.7,0.107
72,-1,47.1,504.6,63.3,147.8,0.085
72,-1,1241.9,364.2,96.1,109.4,0.076
73,-1,1698.2,272.6,208.5,563.0,1.000
73,-1,1510.0,347.4,181.4,479.7,0.999
73,-1,751.6,273.5,197.4,538.5,0.999
73,-1,412.9,442.1,118.8,264.0,0.999
73,-1,1344.0,465.0,76.9,199.9,0.998
73,-1,1317.1,539.4,43.5,124.2,0.995
73,-1,250.3,473.3,90.6,235.1,0.995
73,-1,120.8,527.7,81.2,216.6,0.944
73,-1,28.6,500.4,84.7,251.4,0.923
73,-1,14.1,504.9,60.2,214.4,0.133
73,-1,53.1,515.7,144.5,233.4,0.095
73,-1,574.4,404.4,46.9,103.7,0.082
73,-1,44.2,500.5,64.3,121.4,0.068
74,-1,1697.0,271.9,209.1,566.1,1.000
74,-1,773.8,278.9,173.4,535.1,1.000
74,-1,1508.9,345.3,184.4,484.3,1.000
74,-1,412.3,442.8,119.6,263.1,0.999
74,-1,1343.7,465.9,77.4,199.0,0.999
74,-1,251.4,470.3,92.6,238.6,0.995
74,-1,1317.2,538.9,43.6,124.9,0.994
74,-1,122.6,534.8,77.8,208.4,0.947
74,-1,54.7,535.7,60.9,215.8,0.884
74,-1,79.6,540.2,105.3,206.2,0.323
74,-1,574.8,404.3,46.8,103.5,0.281
74,-1,1577.2,309.2,217.7,518.6,0.141
74,-1,30.7,539.3,82.0,135.6,0.134
74,-1,252.2,472.9,90.0,116.7,0.115
74,-1,6.5,524.5,95.9,250.3,0.106
74,-1,1335.1,482.1,50.9,182.0,0.079
74,-1,17.8,500.7,53.2,148.2,0.069
74,-1,1236.4,361.6,103.3,112.6,0.064
74,-1,46.3,500.6,63.5,109.5,0.052
75,-1,1504.2,339.1,193.1,492.4,1.000
75,-1,1697.1,271.7,205.6,566.6,1.000
75,-1,776.1,279.7,175.0,536.4,0.999
75,-1,410.1,441.8,124.4,264.7,0.999
75,-1,1343.6,464.6,77.7,200.6,0.999
75,-1,1317.1,538.6,43.9,125.3,0.993
75,-1,245.9,468.7,100.0,239.5,0.986
75,-1,119.2,530.7,86.3,211.9,0.950
75,-1,29.4,497.4,80.5,255.9,0.865
75,-1,575.1,404.3,46.5,104.5,0.227
75,-1,39.4,500.0,68.7,126.5,0.201
75,-1,41.7,527.0,155.3,224.0,0.149
75,-1,248.8,471.8,94.1,122.4,0.144
75,-1,4.1,511.5,74.0,255.2,0.123
75,-1,9.9,501.0,67.9,117.9,0.118
75,-1,0.1,513.9,40.1,157.9,0.095
75,-1,1887.8,535.0,27.1,60.5,0.089
75,-1,49.1,539.2,62.9,119.8,0.085
75,-1,1588.6,294.9,238.2,536.7,0.082
75,-1,1336.2,479.3,52.1,184.9,0.079
75,-1,1241.6,363.7,96.7,109.8,0.076
76,-1,1501.6,337.0,188.8,496.2,1.000
76,-1,1696.1,271.4,201.7,567.4,1.000
76,-1,786.5,279.8,201.9,529.7,0.999
76,-1,410.3,440.3,125.2,267.7,0.999
76,-1,1343.8,465.0,77.1,200.1,0.999
76,-1,1317.3,538.5,43.6,125.2,0.995
76,-1,246.2,466.9,99.0,240.0,0.984
76,-1,119.8,531.3,82.2,210.7,0.953
76,-1,49.2,517.0,62.6,233.0,0.912
76,-1,1889.1,533.0,24.4,60.8,0.490
76,-1,67.2,532.5,109.6,215.5,0.225
76,-1,575.5,404.0,46.4,104.2,0.213
76,-1,13.2,517.6,67.8,232.3,0.206
76,-1,15.0,501.8,56.6,157.6,0.175
76,-1,43.9,501.1,64.2,118.2,0.135
76,-1,1824.3,320.8,64.2,151.2,0.132
76,-1,1594.2,290.8,226.8,542.3,0.111
76,-1,1335.8,480.2,52.5,183.6,0.090
76,-1,51.7,533.7,59.0,120.7,0.087
76,-1,696.6,365.6,100.4,392.4,0.076
77,-1,1694.9,273.3,199.9,567.1,1.000
77,-1,1490.7,336.4,199.4,496.2,1.000
77,-1,798.4,283.1,230.6,526.3,0.999
77,-1,409.4,440.1,125.7,267.1,0.999
77,-1,1344.2,466.4,76.6,198.1,0.998
77,-1,1317.0,538.5,44.0,125.5,0.992
77,-1,252.4,465.5,100.9,240.7,0.985
77,-1,120.6,528.6,81.7,214.9,0.960
77,-1,33.9,539.6,73.5,209.3,0.923
77,-1,1889.4,544.5,17.0,49.2,0.622
77,-1,575.3,402.9,46.5,106.8,0.273
77,-1,6.3,512.1,77.6,247.9,0.188
77,-1,8.0,502.6,60.8,159.3,0.142
77,-1,1823.4,322.9,64.3,173.6,0.130
77,-1,1609.0,288.9,221.1,543.4,0.115
77,-1,1558.3,340.7,125.6,223.2,0.115
77,-1,65.9,517.7,102.3,231.8,0.112
77,-1,43.9,500.0,65.9,113.3,0.109
77,-1,964.9,537.7,41.9,89.7,0.089
77,-1,44.0,538.4,65.6,119.6,0.074
77,-1,693.5,367.8,103.0,391.8,0.068
77,-1,0.6,518.4,38.5,161.1,0.052
77,-1,23.2,499.5,61.3,109.9,0.051
78,-1,1692.1,271.8,202.3,574.0,1.000
78,-1,804.4,288.4,263.1,510.4,1.000
78,-1,1487.1,334.6,200.7,493.0,0.999
78,-1,411.5,437.1,123.0,269.4,0.999
78,-1,1344.3,467.2,76.2,198.2,0.997
78,-1,1317.1,538.5,44.0,125.5,0.992
78,-1,258.7,465.9,98.6,240.4,0.979
78,-1,120.9,527.3,83.1,216.2,0.962
78,-1,33.1,536.3,74.5,212.8,0.897
78,-1,1891.6,531.7,27.6,60.2,0.834
78,-1,15.4,527.6,59.9,221.5,0.394
78,-1,1335.8,480.8,48.5,183.0,0.186
78,-1,10.0,510.4,58.0,136.9,0.151
78,-1,62.3,515.5,97.4,234.3,0.111
78,-1,51.0,497.0,63.2,74.5,0.108
78,-1,1819.5,322.7,62.8,100.9,0.103
78,-1,1825.0,331.1,60.1,168.4,0.094
78,-1,50.8,502.6,60.4,156.6,0.093
78,-1,258.1,469.3,93.3,122.2,0.083
78,-1,1.4,532.4,42.9,134.9,0.078
78,-1,244.3,516.7,29.7,62.3,0.076
78,-1,1160.5,374.3,110.5,101.1,0.074
78,-1,1252.8,359.7,85.4,111.7,0.065
78,-1,575.0,403.6,46.2,105.7,0.052
79,-1,1690.3,274.1,201.4,574.1,1.000
79,-1,812.5,291.5,263.9,505.9,1.000
79,-1,1471.8,330.6,217.6,508.6,0.999
79,-1,415.7,435.8,117.8,271.1,0.998
79,-1,1344.2,465.9,76.7,199.1,0.998
79,-1,1317.1,538.7,44.0,125.0,0.994
79,-1,271.8,465.2,93.9,241.4,0.984
79,-1,120.6,531.5,83.3,211.0,0.965
79,-1,26.0,500.7,88.6,251.3,0.914
79,-1,1892.7,531.2,26.8,60.0,0.793
79,-1,15.7,521.3,56.5,230.5,0.348
79,-1,575.2,403.9,46.5,104.1,0.321
79,-1,58.2,508.4,96.3,241.2,0.251
79,-1,1334.8,484.4,48.4,179.4,0.164
79,-1,244.2,515.2,33.8,63.3,0.146
79,-1,51.4,499.4,56.6,129.5,0.133
79,-1,8.4,502.7,59.4,162.8,0.109
79,-1,260.5,469.6,92.1,119.6,0.061
79,-1,246.3,491.1,57.3,83.8,0.060
79,-1,1603.2,340.7,78.7,163.3,0.059
79,-1,1348.0,471.9,72.3,105.3,0.051
80,-1,816.7,301.3,266.5,495.8,1.000
80,-1,1684.5,268.4,210.2,586.0,1.000
80,-1,1460.4,326.9,219.8,504.6,1.000
80,-1,424.8,435.3,106.9,272.1,0.998
80,-1,1343.6,466.3,78.0,198.5,0.998
80,-1,1317.1,538.8,43.6,124.2,0.994
80,-1,276.0,465.7,103.6,240.1,0.989
80,-1,121.9,532.3,79.7,211.4,0.969
80,-1,47.9,540.6,62.8,211.0,0.897
80,-1,10.8,507.7,90.9,253.6,0.498
80,-1,1894.7,489.3,25.3,102.6,0.410
80,-1,245.7,516.8,37.1,62.0,0.299
80,-1,271.0,471.0,82.9,110.8,0.295
80,-1,3.6,502.9,65.7,168.5,0.251
80,-1,575.2,403.2,46.7,104.3,0.209
80,-1,71.0,521.6,104.3,228.5,0.155
80,-1,1336.5,478.3,50.7,185.4,0.122
80,-1,49.9,500.2,57.5,129.4,0.106
80,-1,250.2,534.3,23.8,43.0,0.081
80,-1,1248.4,363.1,90.4,107.9,0.063
81,-1,819.3,303.1,265.2,495.8,1.000
81,-1,1683.8,266.3,210.6,589.9,1.000
81,-1,1454.0,322.1,225.6,512.5,0.999
81,-1,432.9,435.3,101.3,271.2,0.998
81,-1,283.7,466.4,100.0,239.3,0.998
81,-1,1343.9,465.8,77.1,199.3,0.998
81,-1,1317.0,538.6,43.5,125.2,0.993
81,-1,120.8,532.4,82.1,212.1,0.973
81,-1,48.0,537.3,63.3,214.0,0.850
81,-1,1897.2,489.9,22.8,101.7,0.759
81,-1,246.6,518.0,40.4,58.9,0.624
81,-1,3.9,514.4,63.8,167.6,0.232
81,-1,16.2,499.8,102.2,268.4,0.167
81,-1,574.8,404.0,47.2,103.2,0.153
81,-1,74.8,520.1,109.6,228.9,0.099
81,-1,1161.7,366.4,127.6,112.6,0.099
81,-1,249.2,516.8,44.8,132.8,0.084
81,-1,1251.2,361.6,89.3,110.7,0.076
81,-1,49.9,500.8,58.3,140.6,0.074
81,-1,44.2,497.4,68.0,82.1,0.054
82,-1,826.6,299.8,259.0,498.1,1.000
82,-1,1680.7,263.4,212.6,595.6,1.000
82,-1,1437.5,319.6,243.2,517.9,0.999
82,-1,436.6,435.1,99.7,273.0,0.998
82,-1,286.1,467.3,103.2,239.5,0.998
82,-1,1343.6,466.0,77.6,198.3,0.998
82,-1,1316.6,538.0,43.9,126.3,0.992
82,-1,123.8,533.9,76.9,211.5,0.955
82,-1,22.5,503.6,93.4,249.0,0.815
82,-1,1897.7,484.9,22.3,108.3,0.780
82,-1,248.3,518.0,42.8,57.1,0.686
82,-1,46.6,575.1,62.7,176.0,0.673
82,-1,573.9,403.1,48.4,106.4,0.232
82,-1,13.2,512.6,63.2,198.1,0.200
82,-1,74.7,511.9,115.6,238.2,0.123
82,-1,51.4,503.8,57.3,157.5,0.111
82,-1,1249.9,360.6,91.0,110.7,0.083
82,-1,249.1,517.0,44.9,155.8,0.075
82,-1,951.0,602.3,20.8,39.9,0.069
82,-1,1827.1,346.7,59.1,153.7,0.056
83,-1,852.8,303.7,235.4,494.3,1.000
83,-1,1678.4,258.7,216.6,600.1,0.999
83,-1,1427.5,321.3,251.4,518.8,0.999
83,-1,445.4,433.8,90.3,273.9,0.999
83,-1,287.5,472.8,101.1,234.1,0.999
83,-1,1341.5,464.5,85.9,203.4,0.996
83,-1,1316.5,537.7,44.4,126.5,0.992
83,-1,120.9,530.3,82.1,213.8,0.967
83,-1,44.0,538.5,68.7,209.1,0.939
83,-1,1899.1,497.2,20.9,94.3,0.682
83,-1,248.8,518.4,42.9,55.0,0.681
83,-1,10.8,524.9,50.1,133.6,0.614
83,-1,10.0,521.5,98.7,172.8,0.336
83,-1,79.5,536.9,99.7,209.9,0.326
83,-1,1337.7,474.5,49.1,189.1,0.273
83,-1,1249.6,360.0,90.2,112.5,0.155
83,-1,250.0,519.5,43.5,134.3,0.142
83,-1,17.0,507.5,68.7,129.1,0.109
83,-1,2.0,524.1,61.0,236.3,0.099
83,-1,47.3,513.5,63.7,124.4,0.096
83,-1,575.5,403.3,45.6,106.4,0.069
83,-1,71.0,542.2,55.4,208.0,0.064
83,-1,42.3,500.7,65.6,82.8,0.053
84,-1,874.5,298.8,216.4,494.5,1.000
84,-1,1677.0,257.4,216.5,598.9,1.000
84,-1,1422.6,327.9,256.8,511.5,0.999
84,-1,449.0,431.5,85.5,277.7,0.999
84,-1,289.2,473.4,101.0,233.7,0.999
84,-1,1338.8,464.0,87.1,201.8,0.996
84,-1,1316.6,537.9,44.1,126.2,0.990
84,-1,121.0,531.8,80.8,212.4,0.956
84,-1,29.6,540.1,83.2,210.9,0.835
84,-1,249.0,519.2,44.0,56.2,0.612
84,-1,12.0,500.4,64.1,149.3,0.601
84,-1,1902.1,534.8,17.9,62.9,0.457
84,-1,249.3,520.3,47.0,131.8,0.196
84,-1,46.2,541.3,66.4,119.7,0.116
84,-1,2.0,522.6,50.5,142.3,0.114
84,-1,49.3,531.8,130.7,224.4,0.081
84,-1,575.7,403.2,45.7,105.5,0.076
84,-1,1248.6,360.4,90.8,111.5,0.066
84,-1,179.2,480.5,55.5,98.4,0.055
84,-1,6.1,515.1,68.0,233.9,0.052
85,-1,1674.8,251.6,220.1,605.4,0.999
85,-1,1421.2,329.9,254.6,509.7,0.999
85,-1,451.8,432.0,87.8,277.1,0.999
85,-1,908.9,302.0,179.6,483.1,0.999
85,-1,292.7,465.7,96.4,241.0,0.998
85,-1,1340.8,465.2,86.9,201.5,0.998
85,-1,1316.5,538.3,44.3,125.8,0.991
85,-1,122.0,535.1,77.9,207.7,0.924
85,-1,23.9,535.6,85.6,215.3,0.802
85,-1,249.0,518.5,46.0,60.8,0.729
85,-1,0.3,529.1,54.4,130.2,0.603
85,-1,248.5,519.8,49.1,152.4,0.421
85,-1,904.8,431.7,70.3,212.2,0.395
85,-1,1902.9,482.0,17.1,115.4,0.299
85,-1,56.5,609.4,51.1,138.9,0.253
85,-1,67.7,514.8,125.1,233.0,0.208
85,-1,1254.7,366.4,84.7,104.1,0.197
85,-1,1336.1,475.9,52.3,188.0,0.190
85,-1,49.8,455.1,61.3,179.4,0.173
85,-1,1.4,508.2,58.6,247.4,0.166
85,-1,35.1,505.9,78.5,172.4,0.127
85,-1,11.3,504.9,82.1,135.3,0.104
85,-1,353.4,458.9,13.5,36.6,0.059
85,-1,179.0,479.5,55.6,100.2,0.052
85,-1,1344.7,470.3,73.6,105.9,0.050
86,-1,450.8,432.3,97.0,277.3,1.000
86,-1,1418.0,328.7,246.4,517.2,1.000
86,-1,1673.2,250.2,221.7,607.2,0.999
86,-1,930.2,301.1,175.5,482.1,0.999
86,-1,296.6,465.3,93.7,242.8,0.998
86,-1,1343.5,465.4,77.9,197.9,0.997
86,-1,1316.6,537.8,44.0,126.7,0.990
86,-1,119.1,519.4,80.6,225.7,0.902
86,-1,0.1,520.6,51.5,149.9,0.849
86,-1,19.2,477.8,95.3,275.8,0.812
86,-1,248.7,518.1,45.1,60.1,0.759
86,-1,909.1,470.3,61.5,170.5,0.568
86,-1,55.6,543.8,56.7,205.8,0.455
86,-1,5.6,496.7,74.9,186.8,0.424
86,-1,249.2,519.7,47.2,154.3,0.336
86,-1,63.1,451.3,43.9,118.9,0.276
86,-1,1904.1,481.6,15.9,116.0,0.238
86,-1,66.0,501.2,124.2,250.0,0.232
86,-1,1.4,510.4,57.6,258.4,0.229
86,-1,1256.7,367.7,81.9,102.8,0.174
86,-1,17.7,500.6,60.7,102.7,0.150
86,-1,27.0,478.9,73.9,160.2,0.118
86,-1,574.8,405.0,46.9,104.1,0.050
87,-1,453.7,432.6,102.8,276.4,1.000
87,-1,1411.3,329.7,246.9,517.8,0.999
87,-1,1670.9,244.5,221.1,612.5,0.999
87,-1,935.7,297.5,193.2,489.1,0.999
87,-1,301.6,464.1,92.2,243.7,0.998
87,-1,1343.6,465.9,77.6,197.5,0.996
87,-1,1316.7,538.1,44.0,125.8,0.990
87,-1,120.3,533.3,82.0,210.1,0.936
87,-1,28.6,539.0,79.3,210.0,0.893
87,-1,248.3,518.1,46.1,58.9,0.813
87,-1,0.5,515.4,51.3,155.0,0.779
87,-1,909.6,468.1,62.0,170.3,0.559
87,-1,60.9,449.5,47.4,99.1,0.534
87,-1,249.2,519.1,48.4,151.7,0.526
87,-1,1.4,507.7,58.5,268.9,0.524
87,-1,46.2,451.8,56.2,189.9,0.397
87,-1,12.6,501.7,66.3,111.9,0.283
87,-1,1336.1,479.5,48.5,184.1,0.261
87,-1,7.9,480.1,91.3,205.3,0.247
87,-1,1257.5,366.8,81.5,104.5,0.196
87,-1,66.1,510.6,108.5,240.6,0.145
87,-1,36.7,487.9,65.5,93.6,0.139
87,-1,58.6,579.2,52.2,169.1,0.131
87,-1,42.0,450.0,83.7,303.4,0.131
87,-1,973.1,578.5,18.1,21.0,0.107
87,-1,179.6,480.8,55.6,98.6,0.075
87,-1,1902.8,485.8,17.1,112.6,0.064
88,-1,1672.0,243.6,218.2,612.4,1.000
88,-1,457.7,434.0,107.8,274.2,0.999
88,-1,1408.4,329.8,247.7,525.4,0.999
88,-1,936.8,294.9,213.5,494.3,0.999
88,-1,307.8,464.5,95.4,241.9,0.997
88,-1,1338.5,465.0,86.8,202.5,0.995
88,-1,1316.3,538.1,44.5,126.1,0.990
88,-1,122.3,533.8,78.0,209.7,0.916
88,-1,31.8,534.4,76.0,215.3,0.889
88,-1,248.2,518.1,47.8,60.1,0.864
88,-1,0.2,522.5,49.1,156.5,0.842
88,-1,1.8,512.1,57.7,257.4,0.680
88,-1,249.6,519.3,49.8,150.2,0.583
88,-1,49.7,456.3,60.1,129.9,0.500
88,-1,12.9,501.4,62.2,127.4,0.464
88,-1,73.1,527.5,107.9,218.9,0.368
88,-1,1250.3,365.8,89.5,106.1,0.185
88,-1,898.5,497.0,70.0,146.4,0.085
88,-1,932.3,316.8,962.8,530.3,0.059
88,-1,575.0,404.1,46.5,104.4,0.057
89,-1,1671.5,243.3,216.9,614.8,1.000
89,-1,457.7,435.0,112.0,273.7,0.999
89,-1,1400.2,326.3,247.8,533.3,0.999
89,-1,944.0,296.6,222.2,492.8,0.999
89,-1,308.6,463.9,95.9,242.6,0.997
89,-1,1344.9,467.9,76.1,197.0,0.996
89,-1,1316.2,537.7,44.1,126.3,0.989
89,-1,117.5,528.8,83.4,214.6,0.904
89,-1,30.4,450.8,81.0,301.1,0.892
89,-1,248.3,518.1,46.9,59.3,0.882
89,-1,0.4,516.4,44.1,159.6,0.836
89,-1,43.6,457.5,65.1,137.9,0.653
89,-1,249.5,519.5,49.6,150.8,0.624
89,-1,1.3,512.1,62.1,227.3,0.267
89,-1,1245.8,367.6,91.6,105.4,0.267
89,-1,71.2,497.8,115.3,253.0,0.198
89,-1,104.0,483.8,57.8,265.1,0.195
89,-1,11.6,502.0,57.4,82.9,0.153
89,-1,574.2,403.4,47.9,102.6,0.110
89,-1,23.6,488.7,67.4,94.2,0.066
89,-1,24.1,533.7,79.2,139.0,0.057
89,-1,19.9,517.6,61.0,111.1,0.052
90,-1,1670.7,242.4,217.1,622.4,1.000
90,-1,462.4,434.8,106.5,275.2,0.999
90,-1,1389.8,320.9,253.0,538.5,0.999
90,-1,950.7,305.8,230.6,476.3,0.999
90,-1,312.0,462.2,96.0,242.8,0.998
90,-1,1319.4,538.2,42.6,124.5,0.988
90,-1,1343.2,465.9,77.1,200.3,0.978
90,-1,20.6,452.3,90.6,320.1,0.907
90,-1,248.2,517.7,47.5,58.9,0.902
90,-1,118.9,526.0,82.3,216.8,0.884
90,-1,0.1,530.3,38.9,126.6,0.717
90,-1,34.6,460.5,70.9,176.5,0.627
90,-1,249.7,517.8,50.0,151.5,0.624
90,-1,62.7,528.0,123.8,218.3,0.384
90,-1,12.3,498.8,78.6,170.4,0.356
90,-1,47.3,524.9,63.9,224.5,0.338
90,-1,1254.2,369.0,85.0,102.1,0.206
90,-1,12.8,501.5,66.6,81.4,0.203
90,-1,2.8,509.6,58.0,250.3,0.189
90,-1,104.3,483.6,58.2,265.0,0.142
90,-1,1379.6,481.6,54.5,176.5,0.124
90,-1,573.9,403.3,48.0,101.7,0.095
90,-1,1343.5,469.0,74.0,100.0,0.091
90,-1,1864.8,478.0,23.2,96.6,0.084
90,-1,692.5,371.3,88.4,389.1,0.068
91,-1,1662.0,240.9,219.1,626.4,1.000
91,-1,1389.3,320.9,248.9,536.6,1.000
91,-1,463.1,435.2,103.1,277.9,0.999
91,-1,964.7,313.9,227.8,466.5,0.999
91,-1,313.1,461.7,96.7,243.3,0.998
91,-1,1319.5,539.2,42.1,122.4,0.986
91,-1,1344.5,467.0,74.7,198.4,0.981
91,-1,248.1,517.8,47.3,58.5,0.924
91,-1,119.9,532.6,84.0,211.0,0.909
91,-1,21.5,455.9,86.6,288.8,0.848
91,-1,26.0,456.4,75.7,144.9,0.830
91,-1,249.2,517.1,50.3,152.7,0.620
91,-1,40.3,558.4,69.7,189.8,0.430
91,-1,1373.8,493.5,48.8,168.9,0.422
91,-1,0.0,512.8,39.3,179.8,0.412
91,-1,4.9,493.7,73.6,181.6,0.280
91,-1,43.3,532.9,145.4,216.8,0.244
91,-1,12.1,494.8,72.2,86.2,0.238
91,-1,1323.1,504.7,58.9,158.9,0.218
91,-1,1256.5,370.5,81.6,100.7,0.196
91,-1,574.9,404.0,46.7,103.0,0.160
91,-1,1859.7,483.3,27.5,93.1,0.128
91,-1,29.2,457.1,64.3,82.0,0.108
91,-1,1343.8,468.1,71.6,104.5,0.101
91,-1,266.6,522.5,34.5,50.5,0.082
91,-1,24.2,562.3,83.6,110.4,0.069
91,-1,1386.6,449.9,74.8,207.9,0.062
91,-1,693.1,377.7,90.2,377.7,0.060
91,-1,282.6,530.4,22.1,43.0,0.059
91,-1,0.6,528.9,55.9,226.9,0.056
92,-1,1659.5,239.7,221.2,630.7,0.999
92,-1,1385.2,320.6,254.5,536.2,0.999
92,-1,467.4,435.2,97.3,277.9,0.999
92,-1,963.0,317.1,234.8,460.6,0.999
92,-1,313.8,458.8,95.9,247.0,0.999
92,-1,1316.5,538.3,43.1,125.9,0.989
92,-1,1341.8,464.9,85.2,202.4,0.976
92,-1,247.9,517.7,47.0,59.4,0.941
92,-1,119.0,534.4,82.4,209.0,0.913
92,-1,13.4,451.4,94.1,308.2,0.869
92,-1,15.2,454.5,84.1,137.5,0.770
92,-1,250.4,521.7,46.1,125.1,0.730
92,-1,33.9,584.0,75.4,165.3,0.509
92,-1,41.3,531.0,142.8,218.1,0.312
92,-1,1339.9,474.0,44.3,186.1,0.284
92,-1,1257.6,370.6,80.9,100.2,0.283
92,-1,0.1,538.9,33.2,106.1,0.192
92,-1,22.9,458.0,64.3,69.0,0.130
92,-1,1345.7,470.3,66.8,106.5,0.095
92,-1,1362.6,543.4,62.5,118.3,0.091
92,-1,4.0,482.5,65.4,276.9,0.091
92,-1,9.8,499.7,72.9,86.4,0.083
92,-1,0.6,505.4,38.9,195.0,0.080
92,-1,692.9,381.6,92.7,373.2,0.078
92,-1,1858.2,480.6,29.2,95.3,0.076
92,-1,574.3,403.8,47.4,101.7,0.070
93,-1,1644.3,239.6,234.2,634.1,0.999
93,-1,1380.3,313.0,255.9,545.4,0.999
93,-1,470.8,434.2,94.3,280.9,0.999
93,-1,315.4,461.9,97.9,244.6,0.999
93,-1,969.5,321.0,234.1,453.9,0.999
93,-1,1316.4,538.5,44.2,125.2,0.992
93,-1,1341.2,466.4,83.6,198.5,0.985
93,-1,247.7,517.4,47.4,59.4,0.926
93,-1,120.0,533.5,83.3,210.3,0.921
93,-1,26.5,573.2,82.3,177.8,0.840
93,-1,249.6,517.8,49.9,154.0,0.757
93,-1,58.9,600.2,53.3,149.8,0.749
93,-1,11.0,460.2,102.9,286.3,0.690
93,-1,52.2,533.3,139.5,210.2,0.589
93,-1,11.8,457.4,85.7,139.0,0.501
93,-1,15.5,456.9,54.5,47.7,0.254
93,-1,574.2,404.0,47.8,103.1,0.229
93,-1,1265.3,369.0,72.4,101.4,0.221
93,-1,693.4,380.4,87.7,371.4,0.153
93,-1,1346.9,470.2,59.8,113.0,0.151
93,-1,50.0,499.3,59.4,78.9,0.140
93,-1,4.7,465.7,60.6,291.9,0.138
93,-1,1853.1,454.8,34.2,118.7,0.102
93,-1,0.1,504.3,38.1,185.0,0.070
93,-1,1373.3,481.9,34.1,89.5,0.065
93,-1,1358.6,536.5,63.9,125.7,0.062
93,-1,4.1,578.2,52.3,162.6,0.057
93,-1,5.2,517.5,90.0,144.5,0.056
94,-1,1633.9,244.6,238.4,628.8,0.999
94,-1,1384.1,312.2,244.4,544.1,0.999
94,-1,976.5,321.4,233.4,452.5,0.999
94,-1,317.0,461.5,98.5,243.3,0.999
94,-1,470.3,434.2,95.4,279.9,0.999
94,-1,1341.3,466.7,83.5,200.7,0.991
94,-1,1316.4,538.4,44.4,125.6,0.990
94,-1,119.0,528.9,82.4,213.2,0.937
94,-1,248.1,517.3,46.7,59.4,0.901
94,-1,27.0,501.3,85.9,249.6,0.752
94,-1,249.4,517.1,49.3,156.6,0.637
94,-1,1337.5,474.4,46.6,186.7,0.538
94,-1,3.5,455.7,76.2,134.7,0.525
94,-1,0.9,487.0,67.7,304.0,0.443
94,-1,13.2,456.3,53.0,50.2,0.422
94,-1,51.8,499.6,59.3,78.8,0.421
94,-1,2.6,456.7,90.3,246.2,0.400
94,-1,905.2,500.6,34.3,138.5,0.371
94,-1,44.0,523.8,116.3,227.3,0.337
94,-1,18.3,489.6,81.0,92.0,0.253
94,-1,1261.0,368.6,78.1,101.8,0.241
94,-1,973.2,534.6,32.5,65.1,0.180
94,-1,1849.6,420.8,35.2,136.2,0.163
94,-1,694.1,377.6,85.1,367.8,0.162
94,-1,697.0,397.5,75.5,54.3,0.147
94,-1,572.8,403.4,49.6,101.9,0.113
94,-1,0.1,508.9,32.4,177.8,0.109
94,-1,883.6,497.8,47.3,147.1,0.095
94,-1,1372.0,485.0,30.3,67.0,0.095
94,-1,33.1,498.3,73.5,127.1,0.091
94,-1,1340.9,471.7,59.7,127.7,0.080
94,-1,28.6,567.5,79.4,102.2,0.067
94,-1,211.2,539.3,25.7,41.8,0.067
95,-1,1628.8,243.2,240.7,633.3,1.000
95,-1,983.9,319.9,230.8,455.0,0.999
95,-1,1382.3,311.5,240.4,547.8,0.999
95,-1,320.3,461.4,94.5,242.6,0.999
95,-1,472.9,427.8,93.0,285.9,0.998
95,-1,1316.4,538.7,44.1,125.0,0.994
95,-1,1343.3,468.5,79.7,197.9,0.991
95,-1,120.0,532.6,84.4,210.5,0.936
95,-1,247.5,517.6,47.5,58.7,0.909
95,-1,32.9,503.4,80.9,249.2,0.795
95,-1,250.4,521.5,46.5,129.0,0.706
95,-1,1338.9,468.9,46.0,193.9,0.682
95,-1,2.8,455.5,72.8,135.7,0.680
95,-1,49.1,499.7,62.1,79.4,0.574
95,-1,3.0,453.5,93.5,286.4,0.515
95,-1,63.9,533.5,125.4,210.8,0.483
95,-1,0.1,536.3,22.3,145.8,0.429
95,-1,1.0,474.7,64.2,213.1,0.398
95,-1,8.0,455.0,53.1,50.2,0.381
95,-1,0.0,528.6,27.6,252.8,0.220
95,-1,1250.8,368.6,87.5,102.2,0.176
95,-1,572.8,403.0,49.4,103.1,0.138
95,-1,1849.2,427.3,34.0,140.0,0.119
95,-1,14.6,496.9,85.1,113.2,0.114
95,-1,211.0,538.6,25.6,42.5,0.075
95,-1,693.2,379.9,91.2,367.6,0.060
95,-1,31.9,561.0,76.3,110.1,0.053
95,-1,102.0,507.6,58.2,237.7,0.052
96,-1,1380.2,314.2,216.9,544.5,1.000
96,-1,1630.6,240.7,229.3,642.5,1.000
96,-1,1014.4,323.8,211.3,449.4,0.999
96,-1,327.0,464.8,86.4,239.2,0.999
96,-1,474.8,425.0,91.9,289.3,0.997
96,-1,1316.0,538.4,44.4,125.4,0.993
96,-1,1343.4,470.4,78.1,194.3,0.987
96,-1,114.2,513.2,83.6,231.1,0.919
96,-1,247.6,517.6,47.1,58.3,0.899
96,-1,37.4,519.6,73.4,228.3,0.797
96,-1,250.2,521.9,46.1,127.1,0.679
96,-1,1.0,455.4,78.4,150.4,0.473
96,-1,2.6,463.8,84.5,286.4,0.468
96,-1,49.5,498.6,60.9,79.3,0.419
96,-1,57.1,524.8,107.8,225.8,0.346
96,-1,0.0,538.8,20.8,142.6,0.338
96,-1,1327.2,508.2,46.2,153.4,0.304
96,-1,1339.4,470.3,45.4,186.5,0.265
96,-1,0.8,453.4,46.3,55.2,0.203
96,-1,0.0,488.2,26.7,226.5,0.176
96,-1,1251.0,367.4,88.1,103.6,0.159
96,-1,1354.0,474.6,33.4,58.5,0.087
96,-1,1.1,540.4,56.5,192.1,0.085
96,-1,572.4,402.9,49.5,104.3,0.066
96,-1,30.5,570.9,78.7,109.0,0.056
97,-1,1630.7,228.8,226.1,657.9,1.000
97,-1,1380.2,317.6,213.1,540.1,1.000
97,-1,329.0,464.8,84.6,241.4,0.999
97,-1,1030.2,325.3,191.7,434.8,0.999
97,-1,476.0,427.6,89.6,286.0,0.998
97,-1,1337.9,467.1,88.6,199.4,0.994
97,-1,1316.0,538.7,44.9,125.1,0.989
97,-1,117.7,518.0,81.1,226.5,0.913
97,-1,248.1,517.3,46.1,58.0,0.894
97,-1,33.8,521.6,78.0,226.0,0.769
97,-1,249.3,516.1,49.7,154.4,0.658
97,-1,60.7,606.8,52.1,143.6,0.500
97,-1,53.2,499.9,51.1,78.6,0.437
97,-1,1339.7,483.2,42.4,179.6,0.377
97,-1,0.0,533.5,20.7,138.9,0.368
97,-1,46.7,525.3,124.0,218.6,0.352
97,-1,3.7,467.9,82.6,284.8,0.281
97,-1,1254.6,369.5,83.7,101.0,0.274
97,-1,0.5,456.8,72.2,171.8,0.252
97,-1,21.0,496.5,82.8,100.1,0.208
97,-1,973.5,526.1,35.3,77.8,0.156
97,-1,0.4,516.0,29.7,209.1,0.151
97,-1,0.0,464.1,42.5,207.5,0.147
97,-1,0.4,454.8,48.2,104.3,0.142
97,-1,2.4,540.9,46.3,206.1,0.101
97,-1,572.3,402.8,49.6,108.8,0.076
97,-1,1320.3,510.7,78.1,151.9,0.072
97,-1,7.4,530.4,91.6,138.6,0.067
97,-1,41.6,543.3,73.8,113.0,0.066
98,-1,1377.7,314.7,211.6,554.1,1.000
98,-1,1622.2,235.4,222.9,647.8,1.000
98,-1,473.2,427.7,96.2,283.8,0.999
98,-1,1041.3,321.3,176.7,436.0,0.999
98,-1,329.6,460.7,84.1,245.1,0.998
98,-1,1338.5,468.1,86.6,198.7,0.992
98,-1,1315.7,538.4,45.1,125.5,0.989
98,-1,249.3,518.7,42.5,60.0,0.936
98,-1,917.2,517.0,22.9,109.8,0.918
98,-1,114.9,516.2,82.1,227.4,0.917
98,-1,41.1,522.2,69.3,227.0,0.862
98,-1,249.2,515.9,50.6,156.0,0.620
98,-1,46.7,498.6,62.5,79.7,0.429
98,-1,5.0,528.9,91.0,233.5,0.401
98,-1,69.3,508.6,106.7,240.5,0.320
98,-1,1331.5,498.1,47.1,163.0,0.297
98,-1,972.9,525.0,36.2,77.2,0.230
98,-1,1253.9,366.9,85.5,104.3,0.195
98,-1,16.8,499.6,81.9,142.5,0.174
98,-1,0.4,552.9,21.9,117.8,0.164
98,-1,1621.5,356.1,42.7,251.5,0.155
98,-1,3.0,550.1,55.2,203.2,0.146
98,-1,9.2,496.1,75.0,94.3,0.129
98,-1,573.1,403.1,48.6,108.3,0.094
98,-1,34.0,551.1,78.2,113.5,0.088
98,-1,1610.1,345.6,35.6,256.7,0.081
98,-1,0.8,550.1,30.2,210.5,0.063
98,-1,3.5,532.9,68.7,92.7,0.059
98,-1,0.9,513.3,44.1,166.0,0.058
98,-1,1.4,454.7,57.9,122.3,0.052
99,-1,1376.3,313.5,214.5,563.8,1.000
99,-1,1614.1,232.3,225.6,654.5,1.000
99,-1,469.8,421.4,102.6,291.0,0.999
99,-1,1048.5,318.3,174.2,437.4,0.999
99,-1,327.8,457.9,86.1,249.7,0.999
99,-1,1315.2,538.3,45.9,126.2,0.990
99,-1,1339.4,468.1,83.4,198.2,0.987
99,-1,915.1,517.9,26.0,112.6,0.970
99,-1,248.3,518.4,45.4,57.0,0.930
99,-1,116.9,532.5,82.4,209.4,0.910
99,-1,43.9,553.4,69.5,195.4,0.852
99,-1,249.4,517.3,49.6,153.6,0.625
99,-1,1338.2,476.8,46.1,184.4,0.592
99,-1,2.1,501.9,106.4,198.1,0.395
99,-1,49.7,533.1,113.8,212.7,0.383
99,-1,38.8,499.0,65.3,79.5,0.350
99,-1,3.4,543.6,83.7,225.5,0.335
99,-1,0.7,540.3,47.6,169.1,0.327
99,-1,973.6,524.2,35.8,77.7,0.316
99,-1,0.2,547.4,22.5,118.2,0.254
99,-1,1248.4,367.6,90.9,102.9,0.251
99,-1,573.7,403.1,48.1,108.3,0.191
99,-1,19.5,502.3,79.4,126.1,0.162
99,-1,1.7,512.7,72.2,144.0,0.158
99,-1,1617.4,356.4,36.2,252.6,0.135
99,-1,988.0,529.6,19.5,50.0,0.086
99,-1,872.7,503.6,45.2,140.2,0.059
99,-1,273.0,523.3,23.2,44.6,0.055
99,-1,27.8,579.7,82.1,108.6,0.052
100,-1,1374.8,315.3,212.8,561.3,1.000
100,-1,1611.4,232.6,226.1,651.9,1.000
100,-1,1064.8,316.8,156.9,433.5,1.000
100,-1,465.6,422.9,111.4,288.6,0.999
100,-1,330.5,455.4,84.9,252.5,0.999
100,-1,1315.0,537.9,45.9,126.5,0.988
100,-1,1338.8,466.7,79.3,199.2,0.987
100,-1,912.7,515.7,29.1,113.7,0.950
100,-1,247.2,518.0,47.3,57.7,0.937
100,-1,115.5,521.9,83.6,222.2,0.918
100,-1,45.2,552.2,67.2,199.1,0.843
100,-1,248.6,516.9,49.1,153.8,0.733
100,-1,15.7,508.8,87.6,244.4,0.588
100,-1,53.4,531.9,129.8,215.9,0.368
100,-1,38.8,499.0,66.4,79.5,0.319
100,-1,6.1,500.9,84.6,105.6,0.288
100,-1,574.5,403.4,47.2,105.7,0.255
100,-1,972.0,524.4,36.8,76.8,0.238
100,-1,2.2,500.2,60.8,281.3,0.237
100,-1,1253.0,364.0,86.3,106.9,0.206
100,-1,861.7,518.6,27.6,114.3,0.149
100,-1,1.2,525.0,50.4,167.4,0.139
100,-1,1320.8,513.6,73.0,150.0,0.112
100,-1,35.7,544.6,80.7,110.8,0.096
100,-1,77.6,540.9,52.3,208.7,0.085
100,-1,0.3,548.9,20.8,122.1,0.082
100,-1,509.6,409.7,109.5,309.8,0.071
101,-1,1371.1,314.1,211.2,565.2,1.000
101,-1,1603.1,230.4,231.6,654.0,1.000
101,-1,462.2,421.7,117.6,290.5,0.999
101,-1,1077.7,319.9,153.3,430.9,0.999
101,-1,332.3,453.0,86.8,257.0,0.999
101,-1,1338.3,465.9,77.2,200.0,0.989
101,-1,1316.3,540.3,41.8,122.5,0.987
101,-1,910.1,516.3,32.7,112.2,0.953
101,-1,114.8,516.2,83.2,227.9,0.945
101,-1,248.5,518.7,44.3,55.0,0.913
101,-1,38.1,504.1,73.8,246.9,0.886
101,-1,1.7,503.2,76.9,285.0,0.725
101,-1,47.3,497.9,61.2,79.8,0.598
101,-1,250.3,522.5,45.7,110.5,0.562
101,-1,1.8,501.4,78.8,97.2,0.483
101,-1,54.9,520.5,125.2,230.4,0.435
101,-1,1252.0,363.6,87.5,107.3,0.252
101,-1,1.2,507.4,53.1,185.7,0.243
101,-1,971.8,525.0,37.9,76.5,0.237
101,-1,3.6,509.6,94.5,148.4,0.211
101,-1,576.0,401.3,44.4,108.2,0.203
101,-1,1319.4,516.0,70.1,148.1,0.132
101,-1,49.3,508.5,74.2,143.0,0.106
101,-1,695.6,386.7,81.9,370.7,0.096
101,-1,971.2,524.7,64.2,109.9,0.067
102,-1,1598.1,231.9,229.4,652.6,1.000
102,-1,1367.0,311.6,211.6,571.4,1.000
102,-1,1097.5,322.4,160.5,426.5,0.999
102,-1,460.6,420.3,123.5,292.1,0.999
102,-1,334.7,452.2,85.4,257.0,0.999
102,-1,1344.0,464.1,72.1,201.2,0.983
102,-1,1315.8,540.4,42.0,123.0,0.982
102,-1,908.3,516.2,34.5,117.8,0.974
102,-1,104.3,525.5,94.2,217.0,0.942
102,-1,248.5,518.6,43.7,57.2,0.921
102,-1,47.1,551.5,63.5,199.3,0.831
102,-1,249.6,517.2,48.5,152.6,0.628
102,-1,1338.0,470.2,44.4,194.0,0.624
102,-1,15.1,502.3,90.2,251.6,0.606
102,-1,972.7,523.5,36.5,77.2,0.410
102,-1,44.5,498.0,65.1,80.1,0.392
102,-1,15.0,500.0,83.2,99.5,0.280
102,-1,1252.4,364.8,87.5,105.2,0.262
102,-1,1.5,501.2,62.2,282.3,0.237
102,-1,2.3,512.0,86.4,139.5,0.156
102,-1,696.6,377.7,80.0,379.3,0.120
102,-1,575.1,402.2,46.2,108.5,0.109
102,-1,269.3,520.2,26.2,45.5,0.106
102,-1,65.8,521.7,69.4,228.9,0.078
102,-1,38.3,507.4,77.0,147.0,0.071
102,-1,48.8,565.2,62.2,92.5,0.052
103,-1,1586.8,233.2,234.0,652.7,1.000
103,-1,1354.3,314.7,225.0,578.9,1.000
103,-1,460.8,420.3,122.7,293.0,0.999
103,-1,1106.2,329.3,182.5,419.1,0.999
103,-1,333.7,450.7,92.0,259.1,0.999
103,-1,1337.0,470.2,50.1,192.4,0.982
103,-1,1316.0,540.5,42.0,122.2,0.979
103,-1,909.4,517.2,33.8,114.8,0.957
103,-1,247.6,517.8,47.1,57.8,0.942
103,-1,114.0,520.6,84.5,223.5,0.924
103,-1,47.5,548.0,64.1,203.3,0.866
103,-1,248.8,516.8,49.3,154.3,0.682
103,-1,47.7,498.7,55.8,78.8,0.423
103,-1,65.6,511.9,109.3,238.2,0.414
103,-1,12.6,501.2,95.8,254.7,0.385
103,-1,1251.7,364.4,88.4,105.9,0.335
103,-1,971.4,525.0,38.0,77.0,0.308
103,-1,19.1,499.0,81.1,100.0,0.307
103,-1,694.7,368.2,83.4,388.6,0.169
103,-1,575.8,401.6,45.6,106.8,0.165
103,-1,2.6,505.2,65.8,270.6,0.133
103,-1,1.2,522.2,86.3,158.7,0.119
103,-1,0.9,502.6,74.8,116.8,0.110
103,-1,1338.0,467.4,27.8,160.8,0.089
103,-1,48.6,505.1,76.4,149.1,0.085
104,-1,332.3,450.7,92.0,261.7,1.000
104,-1,1348.8,313.1,221.6,583.8,1.000
104,-1,1583.0,229.5,230.5,658.6,1.000
104,-1,461.0,421.1,122.9,292.7,0.999
104,-1,1112.2,328.9,191.3,421.5,0.999
104,-1,910.5,516.2,31.2,112.9,0.983
104,-1,1317.0,540.8,39.7,120.7,0.978
104,-1,247.1,518.0,47.7,56.5,0.948
104,-1,115.3,531.6,87.8,211.0,0.926
104,-1,1338.5,468.9,45.8,193.6,0.906
104,-1,49.8,559.4,62.1,191.0,0.848
104,-1,248.7,516.2,50.3,154.8,0.750
104,-1,1338.8,470.9,22.6,163.6,0.529
104,-1,52.5,530.1,113.5,220.9,0.491
104,-1,19.6,502.9,85.9,255.9,0.466
104,-1,1252.7,363.4,89.1,109.3,0.395
104,-1,49.4,498.4,53.3,78.3,0.365
104,-1,973.5,524.6,35.3,77.9,0.311
104,-1,575.4,401.9,45.7,106.9,0.190
104,-1,17.1,498.7,83.3,98.1,0.181
104,-1,693.9,353.7,84.8,402.3,0.126
104,-1,1348.4,486.2,67.9,175.3,0.118
104,-1,2.1,520.8,80.4,91.6,0.061
104,-1,53.1,546.7,70.8,105.3,0.056
105,-1,1579.7,229.4,227.1,660.1,1.000
105,-1,334.3,451.6,93.8,262.0,1.000
105,-1,1345.5,314.3,223.6,588.4,0.999
105,-1,460.7,421.8,123.4,293.7,0.999
105,-1,1114.2,337.6,198.5,410.5,0.999
105,-1,910.7,517.3,30.9,109.9,0.978
105,-1,1315.8,540.3,42.1,123.1,0.953
105,-1,248.2,518.1,45.8,56.5,0.929
105,-1,117.3,532.8,84.8,209.2,0.921
105,-1,49.2,551.0,62.3,200.7,0.911
105,-1,1337.9,466.4,43.9,195.7,0.845
105,-1,250.7,521.3,45.8,120.6,0.597
105,-1,1338.0,466.6,19.5,132.0,0.469
105,-1,4.6,497.2,94.6,264.0,0.420
105,-1,73.2,516.9,112.2,230.3,0.387
105,-1,1255.1,362.1,84.4,108.7,0.377
105,-1,42.3,497.3,59.8,88.1,0.375
105,-1,972.8,524.5,36.7,77.3,0.295
105,-1,575.5,402.7,45.5,106.7,0.127
105,-1,693.0,366.2,87.1,390.4,0.125
105,-1,1.4,540.6,64.9,245.2,0.111
105,-1,1.8,508.9,80.2,141.7,0.102
105,-1,268.0,520.2,28.0,46.7,0.088
105,-1,1339.7,465.0,16.4,38.1,0.087
105,-1,1338.9,451.8,92.4,269.9,0.078
105,-1,327.6,481.5,38.7,143.3,0.056
106,-1,1331.2,311.0,221.1,584.8,1.000
106,-1,1573.2,225.8,226.2,676.0,1.000
106,-1,337.2,452.0,93.4,262.0,0.999
106,-1,1117.1,338.6,192.4,412.0,0.999
106,-1,464.7,422.4,118.6,290.1,0.999
106,-1,911.0,516.5,30.7,109.9,0.987
106,-1,247.6,517.5,47.2,57.2,0.938
106,-1,116.9,529.7,87.8,213.7,0.909
106,-1,1314.8,540.8,43.8,123.0,0.888
106,-1,48.6,548.7,63.2,202.8,0.821
106,-1,249.7,516.6,49.1,155.0,0.679
106,-1,41.4,498.1,59.9,85.5,0.435
106,-1,13.7,500.7,94.0,260.8,0.421
106,-1,60.3,517.2,119.9,229.4,0.395
106,-1,972.9,523.6,37.1,78.9,0.310
106,-1,692.7,361.8,88.9,389.5,0.274
106,-1,1265.8,359.6,73.4,111.3,0.248
106,-1,2.2,497.2,62.4,288.9,0.155
106,-1,574.9,400.8,46.1,109.3,0.144
106,-1,987.4,526.4,22.8,64.9,0.120
106,-1,6.2,503.4,71.8,80.2,0.119
106,-1,5.2,526.7,99.9,138.7,0.114
106,-1,1137.3,339.6,129.1,293.8,0.097
106,-1,1.2,533.5,74.2,73.4,0.055
107,-1,1563.0,220.8,222.5,686.7,1.000
107,-1,335.4,454.1,97.1,261.2,1.000
107,-1,1320.6,303.2,232.2,597.7,1.000
107,-1,465.6,423.6,118.3,290.8,0.999
107,-1,1121.8,338.0,187.4,410.3,0.999
107,-1,910.9,516.8,31.0,109.0,0.990
107,-1,247.4,517.6,47.2,56.2,0.941
107,-1,117.4,531.0,86.8,211.9,0.913
107,-1,46.8,553.7,66.3,198.1,0.850
107,-1,249.4,516.6,49.7,155.2,0.707
107,-1,1315.7,537.1,45.7,125.4,0.434
107,-1,37.8,498.3,62.3,80.8,0.348
107,-1,972.0,526.1,40.0,75.3,0.347
107,-1,73.2,519.3,101.8,228.7,0.319
107,-1,1266.5,357.9,75.7,112.7,0.234
107,-1,6.0,505.1,99.5,252.3,0.224
107,-1,5.0,500.8,75.4,86.0,0.197
107,-1,1153.3,345.1,112.8,230.5,0.074
107,-1,692.6,367.2,87.7,383.6,0.063
107,-1,0.4,538.4,59.7,60.3,0.058
108,-1,1560.3,217.8,220.9,696.2,1.000
108,-1,1301.5,298.3,254.8,600.0,1.000
108,-1,338.9,455.5,94.3,260.8,1.000
108,-1,467.7,423.7,114.5,291.4,0.999
108,-1,1134.6,341.2,175.4,401.4,0.999
108,-1,910.9,516.8,30.6,110.3,0.988
108,-1,247.3,517.3,47.3,56.3,0.936
108,-1,117.5,528.4,83.3,213.8,0.890
108,-1,49.4,558.9,62.3,190.6,0.822
108,-1,250.0,522.5,47.4,107.3,0.645
108,-1,49.0,499.2,49.6,76.6,0.578
108,-1,16.2,508.7,92.4,244.8,0.503
108,-1,59.3,515.5,122.8,231.7,0.420
108,-1,7.5,500.4,80.0,87.5,0.317
108,-1,1273.4,357.8,71.3,113.0,0.313
108,-1,972.7,525.6,36.9,75.3,0.261
108,-1,1.3,528.1,75.5,78.2,0.117
108,-1,1156.9,341.7,125.2,227.3,0.115
108,-1,249.0,518.7,67.9,154.2,0.108
108,-1,1165.9,345.7,163.2,120.3,0.100
108,-1,211.3,541.5,24.6,39.7,0.085
108,-1,49.2,553.9,74.6,97.4,0.064
108,-1,1320.8,560.3,34.2,101.5,0.058
108,-1,576.0,400.1,44.6,112.3,0.054
109,-1,1557.7,222.7,222.5,691.8,1.000
109,-1,1287.7,292.2,268.9,605.9,1.000
109,-1,341.3,458.7,89.8,256.5,0.999
109,-1,469.0,424.1,113.9,294.5,0.999
109,-1,1148.9,338.4,160.8,399.9,0.999
109,-1,912.9,515.9,27.9,110.6,0.964
109,-1,247.5,517.9,47.1,57.1,0.945
109,-1,118.5,532.7,83.7,210.8,0.915
109,-1,46.2,560.4,65.4,192.0,0.888
109,-1,249.4,522.7,47.2,107.7,0.674
109,-1,60.3,536.6,118.9,210.9,0.533
109,-1,1155.4,337.9,120.5,150.7,0.486
109,-1,1315.5,563.2,33.4,100.2,0.399
109,-1,1276.8,352.1,67.2,122.9,0.383
109,-1,971.7,525.8,37.3,75.8,0.286
109,-1,1278.3,358.6,72.0,283.2,0.262
109,-1,7.5,535.2,111.1,234.9,0.190
109,-1,1165.4,345.0,121.5,246.2,0.158
109,-1,248.4,518.9,69.0,153.3,0.111
109,-1,37.4,499.2,64.9,79.5,0.106
109,-1,5.0,539.5,96.6,135.2,0.103
109,-1,574.5,403.7,46.8,107.5,0.092
109,-1,1.3,535.3,73.0,70.7,0.089
109,-1,9.3,501.4,73.9,83.7,0.078
109,-1,40.9,556.1,77.6,103.5,0.054
110,-1,1553.7,226.7,223.4,680.6,1.000
110,-1,1283.2,295.4,271.8,604.8,1.000
110,-1,342.3,457.5,90.5,258.4,0.999
110,-1,470.9,424.6,111.7,295.1,0.999
110,-1,1163.5,334.4,148.7,400.2,0.999
110,-1,249.0,518.5,42.9,59.5,0.951
110,-1,118.5,531.0,83.1,212.6,0.934
110,-1,912.1,521.5,28.6,106.3,0.921
110,-1,42.6,550.5,69.5,200.8,0.873
110,-1,249.5,522.3,47.7,112.9,0.695
110,-1,1281.7,355.8,62.3,305.1,0.675
110,-1,41.2,499.1,62.9,78.9,0.530
110,-1,56.7,528.6,122.7,220.1,0.507
110,-1,1279.1,353.9,64.6,135.9,0.483
110,-1,10.7,500.0,72.3,82.6,0.328
110,-1,972.1,524.0,37.9,76.9,0.268
110,-1,3.2,504.5,110.9,239.5,0.259
110,-1,1168.0,336.0,115.4,162.8,0.188
110,-1,1.5,498.9,61.6,291.7,0.101
110,-1,574.8,402.5,46.2,108.3,0.074
110,-1,1.1,531.9,70.5,74.7,0.073
110,-1,211.6,542.7,24.2,38.3,0.066
110,-1,1317.8,563.1,24.8,101.5,0.063
110,-1,251.5,515.3,88.7,60.8,0.061
111,-1,1544.3,228.1,230.8,682.1,1.000
111,-1,473.1,422.2,105.1,300.6,1.000
111,-1,1274.5,294.6,272.1,603.1,0.999
111,-1,345.4,454.2,90.0,263.2,0.999
111,-1,1173.8,330.7,146.1,403.1,0.998
111,-1,247.1,517.2,47.8,57.2,0.936
111,-1,118.3,533.0,86.1,210.8,0.933
111,-1,45.4,558.4,64.5,191.8,0.805
111,-1,249.5,516.3,50.4,156.0,0.701
111,-1,11.6,514.6,102.5,248.8,0.578
111,-1,49.9,499.1,53.4,77.7,0.503
111,-1,59.1,523.4,133.2,223.2,0.493
111,-1,1277.1,351.2,67.6,118.6,0.259
111,-1,574.8,403.5,46.6,106.3,0.201
111,-1,9.3,500.4,77.2,85.0,0.172
111,-1,910.6,530.3,29.2,98.3,0.156
111,-1,247.5,520.9,66.5,86.5,0.124
111,-1,4.4,527.1,99.3,138.3,0.115
111,-1,24.4,497.3,84.5,111.1,0.088
111,-1,972.3,523.8,38.6,77.4,0.074
111,-1,211.4,542.6,24.5,38.6,0.072
111,-1,2.8,528.5,74.4,78.7,0.061
111,-1,1745.6,469.4,32.4,140.4,0.051
112,-1,1539.9,224.6,231.4,693.3,1.000
112,-1,1263.4,295.9,265.3,599.3,1.000
112,-1,473.6,420.5,101.4,303.5,1.000
112,-1,1174.4,334.2,140.1,402.0,0.999
112,-1,346.2,453.7,88.4,263.0,0.999
112,-1,247.5,517.2,47.5,57.0,0.942
112,-1,118.5,534.1,83.3,209.5,0.931
112,-1,40.3,542.6,73.2,209.6,0.838
112,-1,250.2,515.7,49.8,156.6,0.678
112,-1,41.4,498.7,63.4,79.7,0.584
112,-1,73.2,518.6,107.4,228.4,0.318
112,-1,7.9,500.7,78.8,89.6,0.293
112,-1,8.6,506.1,97.3,206.8,0.219
112,-1,247.9,520.6,66.0,86.2,0.115
112,-1,2.7,530.0,76.0,78.4,0.102
112,-1,971.3,526.0,40.7,75.8,0.096
112,-1,211.2,542.4,24.5,39.6,0.069
112,-1,1.4,537.3,53.2,57.9,0.068
112,-1,2.8,502.2,65.5,269.0,0.066
112,-1,69.4,556.0,69.8,194.6,0.064
112,-1,1284.7,351.9,59.6,98.4,0.054
112,-1,575.3,403.4,45.5,106.1,0.051
113,-1,1538.2,229.0,226.9,694.5,1.000
113,-1,471.9,419.2,98.2,305.5,1.000
113,-1,1264.0,293.5,260.6,609.2,1.000
113,-1,353.8,452.6,81.6,264.5,0.999
113,-1,1181.9,334.2,133.7,401.2,0.998
113,-1,118.6,536.2,84.8,206.5,0.941
113,-1,247.8,517.5,47.3,54.8,0.927
113,-1,42.1,516.1,66.7,234.9,0.824
113,-1,47.5,497.6,61.3,80.0,0.662
113,-1,249.7,521.4,49.4,122.5,0.638
113,-1,61.1,525.1,133.6,222.0,0.566
113,-1,5.2,500.5,80.4,90.4,0.325
113,-1,2.3,527.7,85.7,267.8,0.309
113,-1,4.4,522.4,98.0,148.6,0.112
113,-1,2.3,531.4,71.8,71.3,0.095
114,-1,1537.3,227.8,222.2,704.2,1.000
114,-1,1268.8,293.6,252.0,611.5,1.000
114,-1,468.9,417.0,99.4,306.8,0.999
114,-1,357.2,450.5,80.2,266.1,0.999
114,-1,1183.4,331.6,131.8,398.3,0.998
114,-1,112.7,518.1,82.9,225.1,0.927
114,-1,249.1,518.8,42.3,59.9,0.923
114,-1,4.6,526.4,106.3,239.6,0.803
114,-1,50.8,549.8,60.4,199.2,0.702
114,-1,50.7,498.9,56.6,77.7,0.617
114,-1,249.4,515.4,49.5,157.4,0.494
114,-1,2.0,500.6,86.9,93.6,0.460
114,-1,42.9,514.3,132.7,234.9,0.445
114,-1,574.5,403.1,47.7,102.5,0.135
114,-1,971.4,525.0,39.8,76.0,0.134
114,-1,1.7,524.4,99.1,119.0,0.131
114,-1,693.8,366.5,87.5,393.8,0.112
114,-1,817.6,414.3,136.3,297.6,0.105
114,-1,38.8,496.7,77.1,123.2,0.101
114,-1,873.3,461.7,83.5,236.4,0.068
114,-1,49.2,556.8,64.6,97.3,0.055
115,-1,1531.4,219.3,222.0,714.7,1.000
115,-1,1258.9,294.6,256.6,616.6,1.000
115,-1,467.5,418.0,98.1,303.7,0.999
115,-1,359.2,445.3,78.8,271.7,0.999
115,-1,1182.4,337.3,131.5,394.2,0.996
115,-1,248.9,518.7,41.9,59.8,0.935
115,-1,114.6,519.9,80.6,223.7,0.920
115,-1,45.3,547.1,66.0,204.7,0.770
115,-1,2.8,505.4,107.8,252.2,0.703
115,-1,249.5,515.9,49.3,156.1,0.541
115,-1,48.0,497.8,63.3,80.4,0.478
115,-1,43.8,514.6,129.1,235.3,0.349
115,-1,2.6,503.5,84.6,90.2,0.310
115,-1,1258.1,510.7,46.4,221.3,0.166
115,-1,1190.6,337.7,125.4,177.9,0.140
115,-1,574.4,403.5,47.9,100.9,0.129
115,-1,693.5,358.6,87.1,400.5,0.107
115,-1,1.0,528.1,55.7,62.6,0.072
115,-1,972.3,524.2,38.4,77.1,0.064
116,-1,1513.3,210.1,233.3,726.2,1.000
116,-1,356.6,444.5,81.3,273.7,0.999
116,-1,1251.9,291.3,259.8,616.3,0.999
116,-1,463.0,417.2,101.9,305.3,0.999
116,-1,1182.1,343.8,132.6,387.8,0.994
116,-1,248.8,518.4,43.1,60.1,0.933
116,-1,118.3,526.8,80.7,217.2,0.914
116,-1,51.3,554.2,62.2,193.5,0.833
116,-1,249.6,515.5,49.6,158.1,0.486
116,-1,7.5,510.6,106.3,251.7,0.312
116,-1,575.1,404.4,47.1,102.1,0.281
116,-1,58.3,541.8,96.9,207.0,0.171
116,-1,47.8,499.1,66.7,79.3,0.144
116,-1,3.0,501.9,87.3,90.4,0.130
116,-1,1204.7,343.8,109.8,190.4,0.118
116,-1,1257.1,606.8,39.6,124.0,0.092
116,-1,21.7,550.6,89.7,120.5,0.078
117,-1,1511.7,204.3,232.9,734.6,1.000
117,-1,357.7,444.1,79.8,275.4,0.999
117,-1,1247.9,297.6,260.8,626.1,0.999
117,-1,462.9,415.6,101.6,308.3,0.999
117,-1,1187.2,348.1,135.3,376.8,0.988
117,-1,248.9,518.6,42.5,59.9,0.930
117,-1,120.8,537.4,83.4,205.5,0.928
117,-1,51.0,559.2,60.8,192.0,0.790
117,-1,249.4,515.9,49.9,158.1,0.552
117,-1,3.7,526.7,116.0,237.9,0.247
117,-1,58.7,521.1,128.8,228.7,0.194
117,-1,1257.3,622.0,34.6,111.5,0.131
117,-1,1192.5,349.6,127.7,195.6,0.122
117,-1,25.1,549.6,87.4,118.7,0.108
117,-1,575.5,404.7,46.3,104.2,0.093
117,-1,6.7,500.9,86.8,88.1,0.069
117,-1,211.0,540.0,25.6,40.7,0.066
117,-1,45.5,498.2,75.0,80.3,0.060
117,-1,1.9,513.9,81.6,133.5,0.054
118,-1,1508.5,206.2,235.8,738.5,1.000
118,-1,359.5,444.9,78.2,277.9,1.000
118,-1,1245.8,296.5,263.3,627.0,0.999
118,-1,462.1,413.6,101.9,307.7,0.999
118,-1,120.8,534.2,82.3,208.5,0.940
118,-1,248.9,519.1,41.6,60.1,0.912
118,-1,41.5,550.9,71.2,200.8,0.908
118,-1,1187.7,349.7,126.6,262.4,0.690
118,-1,249.6,515.2,50.9,157.4,0.463
118,-1,1.9,508.5,106.4,204.6,0.301
118,-1,0.9,510.6,73.1,137.9,0.193
118,-1,575.3,402.4,46.4,107.6,0.127
118,-1,35.7,540.6,140.9,212.1,0.112
118,-1,1248.4,330.6,128.5,584.9,0.103
118,-1,1.8,531.3,61.0,72.3,0.098
118,-1,848.6,524.3,174.8,187.5,0.084
118,-1,76.9,559.3,56.5,189.7,0.077
118,-1,25.5,499.2,67.0,83.2,0.064
118,-1,50.9,499.2,66.8,78.3,0.056
118,-1,1709.3,478.4,35.7,105.8,0.053
119,-1,1495.9,194.4,244.6,750.0,1.000
119,-1,358.4,445.3,79.5,279.7,0.999
119,-1,461.3,413.1,102.3,307.2,0.999
119,-1,1195.7,295.0,289.1,639.8,0.999
119,-1,38.2,546.6,69.7,202.4,0.931
119,-1,121.5,535.4,78.3,208.5,0.924
119,-1,248.7,517.8,43.5,60.0,0.900
119,-1,249.5,521.8,48.3,105.7,0.645
119,-1,51.9,539.1,131.5,211.3,0.260
119,-1,1706.4,472.3,36.4,113.6,0.161
119,-1,250.2,517.5,66.4,152.4,0.149
119,-1,575.9,400.8,45.2,106.4,0.133
119,-1,757.4,549.8,260.3,167.2,0.104
119,-1,35.9,499.1,71.1,81.6,0.099
119,-1,5.1,512.3,79.1,195.5,0.075
119,-1,10.7,503.9,75.3,94.5,0.074
119,-1,1.8,534.0,69.8,73.6,0.059
119,-1,210.0,540.9,26.7,39.0,0.059
119,-1,1196.4,409.6,79.0,158.7,0.059
119,-1,210.7,515.5,78.6,65.8,0.053
120,-1,1491.5,190.7,244.9,754.7,1.000
120,-1,1202.2,293.2,275.2,643.3,0.999
120,-1,357.6,447.6,80.0,277.2,0.999
120,-1,460.5,412.7,102.5,308.0,0.999
120,-1,121.9,536.0,77.2,206.7,0.939
120,-1,248.6,517.4,42.1,61.1,0.897
120,-1,49.4,553.6,62.9,197.9,0.873
120,-1,249.6,519.5,48.0,139.7,0.613
120,-1,6.3,508.5,88.1,250.5,0.401
120,-1,3.4,503.6,68.5,94.7,0.367
120,-1,0.3,533.1,50.3,66.2,0.291
120,-1,61.4,520.4,88.2,232.0,0.271
120,-1,2.4,520.3,68.0,143.7,0.262
120,-1,576.3,401.4,44.5,105.3,0.181
120,-1,45.4,499.4,70.0,80.1,0.129
120,-1,33.7,518.3,78.2,168.2,0.120
120,-1,51.3,536.6,70.9,117.6,0.066
120,-1,692.8,371.6,91.4,376.2,0.056
121,-1,1485.7,186.0,250.3,759.4,1.000
121,-1,1190.9,285.0,284.9,650.6,0.999
121,-1,352.2,448.3,85.5,279.3,0.999
121,-1,459.0,411.7,103.4,309.8,0.999
121,-1,119.6,527.9,78.2,215.1,0.930
121,-1,248.5,518.0,42.6,59.8,0.887
121,-1,46.4,564.2,65.3,185.8,0.862
121,-1,249.9,518.6,47.1,147.2,0.614
121,-1,974.0,561.3,57.0,152.6,0.422
121,-1,574.2,404.0,47.9,102.4,0.253
121,-1,64.2,520.0,89.6,232.9,0.208
121,-1,1698.0,466.7,39.6,117.2,0.134
121,-1,20.2,522.7,104.0,248.3,0.089
121,-1,964.6,512.8,49.5,200.8,0.078
121,-1,43.9,498.6,76.4,82.2,0.054
122,-1,1482.1,182.3,253.0,771.7,1.000
122,-1,1176.3,284.6,297.0,653.8,0.999
122,-1,344.5,449.8,89.5,279.9,0.999
122,-1,457.3,411.3,104.8,310.0,0.999
122,-1,124.1,539.6,76.4,204.3,0.933
122,-1,248.3,517.9,42.1,60.9,0.893
122,-1,40.1,557.0,69.2,193.3,0.836
122,-1,249.4,519.1,47.6,138.5,0.616
122,-1,1693.6,464.7,39.9,123.4,0.316
122,-1,978.1,539.2,55.5,172.1,0.197
122,-1,62.5,523.6,90.1,228.1,0.181
122,-1,573.6,403.7,48.0,103.6,0.157
122,-1,43.4,555.4,66.9,100.0,0.078
122,-1,693.0,357.4,87.9,401.1,0.076
123,-1,1150.1,278.3,304.4,664.1,1.000
123,-1,1477.6,179.7,257.2,774.0,1.000
123,-1,341.2,445.0,89.8,288.3,0.999
123,-1,456.6,412.5,104.6,309.4,0.999
123,-1,120.0,523.7,78.7,220.2,0.947
123,-1,248.5,517.4,40.2,62.1,0.909
123,-1,54.2,561.6,61.3,188.8,0.907
123,-1,249.6,515.1,51.2,157.3,0.692
123,-1,909.6,517.6,31.1,109.4,0.536
123,-1,1690.7,459.7,44.9,126.3,0.463
123,-1,78.0,544.3,105.5,201.3,0.371
123,-1,923.7,521.2,104.7,183.7,0.203
123,-1,577.4,400.0,43.9,107.3,0.198
123,-1,11.5,512.7,94.2,253.0,0.177
123,-1,988.5,533.1,47.4,177.9,0.123
123,-1,43.8,555.9,67.1,101.3,0.102
123,-1,693.9,354.1,86.2,404.3,0.094
123,-1,4.0,527.3,63.4,138.1,0.069
124,-1,1138.2,277.2,310.9,667.0,1.000
124,-1,1473.6,174.1,260.5,779.8,1.000
124,-1,341.2,444.9,89.2,289.3,0.999
124,-1,457.1,412.3,105.1,310.5,0.999
124,-1,121.5,516.9,74.1,228.2,0.927
124,-1,248.2,517.3,43.4,60.9,0.900
124,-1,53.1,563.6,60.1,186.4,0.863
124,-1,910.0,515.6,28.4,109.1,0.858
124,-1,249.6,514.7,50.7,157.1,0.591
124,-1,1689.5,446.0,45.8,143.4,0.500
124,-1,950.2,532.6,80.7,172.1,0.383
124,-1,2.3,509.3,91.3,256.6,0.230
124,-1,72.2,520.0,101.2,229.9,0.174
124,-1,693.0,359.4,90.3,398.7,0.162
124,-1,32.1,512.9,103.5,241.4,0.139
124,-1,574.3,400.8,47.6,107.3,0.119
124,-1,0.6,506.1,54.2,163.0,0.118
124,-1,193.4,510.4,80.9,70.5,0.100
124,-1,181.0,504.1,56.3,75.2,0.079
124,-1,51.5,551.9,66.6,109.8,0.069
124,-1,4.4,502.9,76.1,96.4,0.054
125,-1,1471.8,169.9,265.0,777.9,1.000
125,-1,1122.8,272.9,318.6,672.6,1.000
125,-1,455.8,413.0,105.0,311.2,0.999
125,-1,337.8,443.4,91.3,290.3,0.999
125,-1,910.5,519.0,31.0,106.2,0.989
125,-1,117.7,513.9,77.6,230.0,0.963
125,-1,246.7,516.5,47.8,60.0,0.830
125,-1,52.0,556.5,62.5,194.3,0.812
125,-1,249.2,521.6,49.9,119.0,0.599
125,-1,1688.4,443.3,46.6,145.1,0.387
125,-1,5.9,509.0,93.6,255.0,0.267
125,-1,970.1,515.7,69.0,195.3,0.211
125,-1,572.5,400.1,49.8,103.6,0.188
125,-1,0.2,509.9,46.8,153.4,0.099
125,-1,55.4,538.9,118.5,211.2,0.092
125,-1,33.4,614.0,67.1,135.5,0.074
125,-1,40.1,550.7,71.0,106.3,0.064
125,-1,692.6,357.7,89.8,400.1,0.061
125,-1,969.0,537.3,48.8,124.9,0.058
126,-1,1461.4,179.4,272.7,779.5,1.000
126,-1,1111.5,272.0,322.4,675.3,0.999
126,-1,456.5,411.8,102.5,314.0,0.999
126,-1,337.2,440.0,92.0,294.6,0.999
126,-1,910.8,518.8,30.5,106.5,0.993
126,-1,114.5,506.7,82.9,236.7,0.959
126,-1,247.9,516.9,47.6,59.0,0.882
126,-1,48.6,573.6,62.9,176.6,0.815
126,-1,249.1,515.3,51.6,156.0,0.581
126,-1,1321.0,349.0,39.4,26.4,0.546
126,-1,1685.9,435.7,47.4,150.0,0.490
126,-1,1374.4,633.1,45.3,74.6,0.380
126,-1,55.7,518.4,130.6,228.5,0.173
126,-1,1392.4,466.6,50.4,196.1,0.132
126,-1,568.4,403.0,53.2,109.3,0.108
126,-1,977.2,530.8,49.9,179.6,0.089
126,-1,941.8,538.7,13.7,53.3,0.070
126,-1,17.8,507.9,97.3,256.9,0.068
126,-1,158.0,482.1,68.0,60.2,0.054
127,-1,1108.5,272.6,320.5,679.9,1.000
127,-1,1442.3,176.5,280.7,783.1,1.000
127,-1,457.4,411.4,100.8,315.1,0.999
127,-1,338.9,435.0,90.6,298.6,0.999
127,-1,910.8,518.9,30.7,107.0,0.987
127,-1,115.1,511.7,75.3,234.2,0.934
127,-1,247.7,516.9,46.7,59.6,0.861
127,-1,52.1,584.6,57.7,165.4,0.713
127,-1,249.0,514.9,50.4,154.8,0.636
127,-1,1331.9,350.2,35.3,35.6,0.611
127,-1,1330.3,350.3,67.0,80.9,0.587
127,-1,1370.0,629.8,61.2,76.2,0.547
127,-1,1323.5,350.2,108.8,352.9,0.488
127,-1,15.7,541.0,101.5,208.5,0.420
127,-1,1685.4,436.6,49.1,149.0,0.310
127,-1,1327.0,350.3,84.6,182.2,0.202
127,-1,1369.1,398.5,62.8,303.0,0.177
127,-1,58.4,519.4,122.8,228.2,0.174
127,-1,188.4,507.9,73.3,72.9,0.125
127,-1,179.1,489.0,57.8,90.1,0.100
127,-1,187.0,531.2,50.5,49.0,0.092
127,-1,3.2,531.1,76.1,182.2,0.089
127,-1,946.8,542.3,9.8,27.1,0.083
127,-1,1670.8,409.3,53.9,144.5,0.080
127,-1,271.5,521.9,26.3,48.7,0.076
127,-1,1.2,536.8,58.6,100.1,0.073
127,-1,976.2,536.1,52.4,173.9,0.069
127,-1,14.6,584.2,89.3,100.2,0.066
127,-1,573.5,403.7,48.1,106.8,0.061
127,-1,151.7,484.2,67.3,71.8,0.060
127,-1,41.3,508.0,81.4,185.2,0.055
127,-1,45.2,498.8,68.9,81.7,0.054
128,-1,1427.4,172.7,282.8,787.0,1.000
128,-1,457.6,408.1,98.1,320.7,0.999
128,-1,1111.7,264.2,311.7,695.1,0.999
128,-1,333.6,429.5,97.5,303.5,0.999
128,-1,911.1,518.7,29.3,106.8,0.991
128,-1,124.2,528.9,65.9,215.1,0.970
128,-1,1338.7,356.2,108.6,349.5,0.924
128,-1,1342.7,353.4,79.3,227.6,0.888
128,-1,246.8,516.6,48.7,59.2,0.866
128,-1,47.9,544.2,65.7,206.5,0.834
128,-1,1341.5,356.1,60.0,103.7,0.687
128,-1,1688.4,471.6,53.4,115.2,0.639
128,-1,248.8,514.3,52.2,155.0,0.482
128,-1,55.5,520.8,118.0,230.9,0.321
128,-1,1.3,528.8,64.0,151.3,0.266
128,-1,16.9,505.6,89.2,252.4,0.263
128,-1,177.6,502.4,59.0,78.7,0.177
128,-1,1238.6,310.8,199.4,401.7,0.099
128,-1,74.3,550.7,64.1,197.0,0.095
128,-1,693.7,354.1,103.7,403.8,0.095
128,-1,1678.1,450.4,45.1,118.7,0.080
128,-1,1376.6,437.4,58.4,228.8,0.077
128,-1,36.9,501.0,68.6,135.6,0.066
128,-1,249.3,532.9,31.6,40.9,0.065
128,-1,7.1,504.2,81.3,140.4,0.061
128,-1,974.5,534.3,47.3,175.3,0.053
128,-1,50.3,499.7,68.1,79.9,0.050
129,-1,1404.7,176.4,297.8,788.3,1.000
129,-1,456.9,404.6,98.6,326.1,1.000
129,-1,1116.0,262.1,293.9,705.6,0.999
129,-1,331.2,429.7,102.0,302.7,0.999
129,-1,911.1,517.9,29.2,108.0,0.992
129,-1,123.9,533.1,65.7,210.2,0.960
129,-1,1345.5,357.7,107.4,345.1,0.956
129,-1,1698.2,472.4,37.0,112.3,0.891
129,-1,247.2,516.9,49.2,58.3,0.876
129,-1,49.5,537.9,69.9,209.9,0.811
129,-1,1344.0,359.0,79.6,228.2,0.736
129,-1,249.1,514.1,51.5,154.6,0.446
129,-1,12.2,512.4,94.1,238.4,0.427
129,-1,0.4,533.9,50.5,127.3,0.407
129,-1,8.5,500.5,72.6,126.8,0.240
129,-1,57.6,520.8,127.2,228.2,0.226
129,-1,174.4,501.8,59.6,78.7,0.186
129,-1,1.9,536.1,62.1,212.1,0.137
129,-1,1672.3,449.7,38.4,130.5,0.128
129,-1,274.0,522.4,28.3,48.3,0.102
129,-1,693.1,357.2,100.5,400.6,0.089
129,-1,151.1,489.1,44.0,47.8,0.081
129,-1,37.7,501.2,65.8,103.4,0.076
129,-1,573.4,403.6,47.5,106.8,0.068
129,-1,1345.3,359.2,51.5,64.2,0.066
129,-1,248.6,533.2,31.4,43.2,0.057
130,-1,1389.2,176.6,307.4,788.7,1.000
130,-1,454.9,402.7,100.3,327.5,0.999
130,-1,1122.8,263.7,279.5,707.2,0.999
130,-1,330.8,431.2,107.3,299.2,0.999
130,-1,911.2,517.1,29.5,109.1,0.991
130,-1,1348.4,358.3,106.9,341.1,0.974
130,-1,125.0,527.7,65.5,216.9,0.973
130,-1,1694.7,472.1,44.5,113.7,0.966
130,-1,247.7,516.6,46.2,59.1,0.880
130,-1,1346.6,359.3,79.3,201.1,0.840
130,-1,24.1,510.8,90.7,242.7,0.761
130,-1,64.1,526.6,121.7,219.7,0.734
130,-1,1666.5,452.2,38.3,131.7,0.509
130,-1,54.9,561.2,57.9,187.9,0.495
130,-1,249.0,514.0,51.2,156.0,0.439
130,-1,0.5,527.7,54.1,129.3,0.383
130,-1,146.9,485.2,78.2,82.7,0.268
130,-1,147.1,486.5,49.5,51.6,0.196
130,-1,1200.2,306.6,242.1,408.8,0.190
130,-1,573.1,404.0,48.6,102.0,0.188
130,-1,179.0,528.3,50.4,51.9,0.181
130,-1,970.6,536.2,48.0,87.0,0.162
130,-1,972.9,529.2,49.4,175.5,0.143
130,-1,1.8,507.8,69.5,268.1,0.128
130,-1,1351.3,362.1,58.3,82.3,0.116
130,-1,1688.5,483.7,23.6,101.3,0.085
130,-1,8.6,501.7,79.4,132.9,0.081
130,-1,181.5,500.6,64.2,80.7,0.077
130,-1,278.6,528.6,24.4,44.2,0.076
130,-1,1674.3,456.5,27.1,88.8,0.063
130,-1,46.0,540.4,73.3,122.4,0.054
130,-1,43.0,499.7,70.5,83.7,0.054
131,-1,1386.3,173.8,294.3,795.6,1.000
131,-1,454.7,400.0,100.0,331.6,1.000
131,-1,327.7,430.2,113.7,303.7,0.999
131,-1,1121.1,265.2,268.9,715.5,0.999
131,-1,1347.1,361.0,97.8,339.3,0.995
131,-1,911.3,516.6,29.0,109.8,0.987
131,-1,124.9,522.6,65.9,221.7,0.976
131,-1,1696.5,474.5,42.5,111.5,0.952
131,-1,246.8,516.0,47.3,57.4,0.815
131,-1,41.3,539.1,76.9,212.1,0.755
131,-1,75.4,513.5,109.1,233.9,0.578
131,-1,7.4,509.5,92.2,247.9,0.464
131,-1,248.5,521.5,49.1,113.2,0.383
131,-1,2.2,523.6,65.3,162.8,0.332
131,-1,0.0,529.5,33.0,130.0,0.331
131,-1,179.7,526.4,53.2,52.0,0.321
131,-1,1661.3,471.1,28.5,105.1,0.296
131,-1,974.1,533.8,47.2,67.5,0.256
131,-1,160.1,488.7,70.2,86.9,0.204
131,-1,975.4,533.1,54.0,169.4,0.145
131,-1,32.8,529.6,80.7,131.0,0.118
131,-1,267.4,519.2,30.8,49.4,0.110
131,-1,248.2,535.3,28.8,33.7,0.094
131,-1,12.8,502.3,80.2,129.9,0.090
131,-1,46.0,498.7,68.1,83.4,0.089
131,-1,1355.5,362.9,60.5,65.7,0.074
131,-1,1679.7,485.6,22.8,93.4,0.068
131,-1,1354.8,365.8,65.2,174.6,0.067
132,-1,1389.7,169.5,287.1,806.9,1.000
132,-1,453.8,398.4,100.2,333.9,1.000
132,-1,326.7,431.6,117.2,302.2,0.999
132,-1,1118.1,263.6,257.4,712.3,0.999
132,-1,1352.6,362.5,90.2,331.3,0.992
132,-1,911.5,516.5,29.0,109.3,0.984
132,-1,123.2,520.8,67.4,223.2,0.980
132,-1,1696.0,474.6,42.7,111.2,0.949
132,-1,41.9,539.4,71.4,216.3,0.873
132,-1,247.7,516.3,45.8,61.1,0.833
132,-1,68.5,510.0,119.2,239.0,0.365
132,-1,249.1,514.8,49.4,149.2,0.338
132,-1,179.5,529.9,52.7,51.5,0.335
132,-1,0.6,506.2,52.5,157.9,0.264
132,-1,6.7,505.8,68.3,269.9,0.179
132,-1,34.1,550.0,76.5,106.8,0.176
132,-1,1657.8,466.3,24.5,107.4,0.153
132,-1,48.5,499.6,59.9,107.6,0.148
132,-1,185.3,503.4,65.9,77.8,0.135
132,-1,971.8,532.5,39.4,69.1,0.125
132,-1,266.1,519.2,33.1,52.5,0.106
132,-1,1349.9,361.2,85.0,185.7,0.086
132,-1,23.3,500.8,75.1,149.6,0.080
132,-1,22.9,516.4,133.7,250.4,0.074
132,-1,574.7,402.7,46.1,105.3,0.070
132,-1,31.0,618.3,73.6,129.8,0.070
132,-1,1.3,489.6,43.3,313.1,0.053
133,-1,1390.7,170.8,271.4,815.4,1.000
133,-1,452.8,396.2,101.6,336.2,0.999
133,-1,327.2,431.1,114.7,305.3,0.999
133,-1,1111.3,269.2,250.9,723.1,0.999
133,-1,125.3,521.7,66.6,221.7,0.988
133,-1,911.2,515.8,29.5,110.3,0.988
133,-1,1332.3,362.7,112.9,329.9,0.978
133,-1,1696.0,474.8,43.1,111.2,0.923
133,-1,248.3,516.8,44.3,60.5,0.842
133,-1,51.7,566.7,60.2,185.5,0.826
133,-1,1314.7,372.5,28.0,51.5,0.512
133,-1,1341.3,369.0,72.3,230.0,0.416
133,-1,48.2,499.0,66.1,90.9,0.365
133,-1,1397.6,374.3,48.4,322.7,0.353
133,-1,249.6,514.9,49.7,151.5,0.353
133,-1,180.6,535.1,54.6,48.1,0.234
133,-1,1299.2,360.3,44.3,66.6,0.156
133,-1,177.6,488.2,57.2,92.7,0.156
133,-1,66.1,522.6,121.8,223.5,0.154
133,-1,22.1,531.4,98.4,213.3,0.136
133,-1,974.9,526.1,29.5,68.9,0.118
133,-1,7.9,498.8,79.7,130.3,0.097
133,-1,574.6,402.3,46.1,104.8,0.083
133,-1,1314.3,371.1,20.8,36.4,0.077
133,-1,26.4,628.7,79.7,121.0,0.075
133,-1,268.0,518.7,30.1,51.6,0.071
133,-1,46.5,540.6,71.8,117.5,0.070
133,-1,212.9,515.5,75.5,65.7,0.064
133,-1,179.2,529.8,34.3,43.8,0.057
133,-1,1375.2,517.5,68.1,178.1,0.053
133,-1,190.7,505.2,76.0,76.1,0.052
134,-1,1387.8,168.0,268.3,819.8,1.000
134,-1,453.5,396.3,100.5,337.4,1.000
134,-1,1103.4,268.2,267.3,727.2,0.999
134,-1,327.4,432.5,112.4,305.1,0.999
134,-1,911.4,516.9,29.3,108.8,0.991
134,-1,125.1,526.1,65.9,217.7,0.983
134,-1,1696.9,474.1,43.2,111.9,0.918
134,-1,1338.8,369.6,93.9,327.6,0.878
134,-1,246.7,516.8,47.0,58.8,0.877
134,-1,50.7,570.7,59.1,180.1,0.815
134,-1,1394.3,381.6,43.3,315.5,0.685
134,-1,248.0,522.6,49.4,105.5,0.567
134,-1,974.7,523.6,37.6,78.5,0.342
134,-1,1344.9,365.4,55.8,135.6,0.319
134,-1,1285.5,353.6,58.8,84.6,0.275
134,-1,0.0,411.8,101.8,241.7,0.275
134,-1,181.2,536.3,52.7,46.9,0.242
134,-1,1311.5,372.7,30.5,53.0,0.200
134,-1,19.3,613.7,85.9,133.1,0.129
134,-1,0.1,416.6,8.6,55.8,0.116
134,-1,989.1,524.1,23.4,59.1,0.112
134,-1,574.4,403.5,47.0,103.2,0.107
134,-1,975.9,490.3,62.8,220.9,0.098
134,-1,1353.0,382.5,61.0,234.7,0.092
134,-1,55.4,526.1,122.2,237.3,0.078
134,-1,33.6,542.2,101.4,210.6,0.070
134,-1,0.1,654.9,13.0,132.1,0.066
134,-1,254.3,516.0,60.0,150.9,0.058
134,-1,0.5,418.0,36.2,305.9,0.056
135,-1,1375.7,158.9,273.2,834.0,1.000
135,-1,453.7,396.3,100.3,338.4,1.000
135,-1,327.5,429.4,113.8,309.0,0.999
135,-1,1100.3,266.2,270.0,727.4,0.999
135,-1,911.4,516.7,29.3,109.2,0.992
135,-1,124.2,530.4,68.1,212.6,0.989
135,-1,1697.0,474.7,42.8,111.5,0.931
135,-1,247.6,517.7,43.9,56.1,0.869
135,-1,1.5,408.6,84.4,515.4,0.836
135,-1,971.7,525.8,38.7,75.9,0.642
135,-1,1014.7,498.7,29.6,173.9,0.592
135,-1,0.4,603.2,51.3,324.1,0.578
135,-1,62.0,608.1,49.0,140.2,0.522
135,-1,0.3,430.7,33.2,506.8,0.509
135,-1,249.2,514.9,49.8,150.2,0.390
135,-1,1349.0,389.8,79.0,303.9,0.376
135,-1,1312.0,372.4,30.3,52.9,0.273
135,-1,1401.9,562.5,26.3,118.3,0.172
135,-1,1287.2,356.6,56.4,88.3,0.164
135,-1,8.9,439.0,105.7,327.9,0.149
135,-1,0.7,421.0,66.0,95.7,0.115
135,-1,573.9,402.8,47.3,104.6,0.110
135,-1,1345.1,545.0,78.9,153.2,0.102
135,-1,986.4,526.7,22.9,60.1,0.096
135,-1,1625.0,495.6,24.9,105.3,0.096
135,-1,43.4,506.4,77.3,240.6,0.094
135,-1,1392.5,412.9,36.4,280.7,0.070
135,-1,71.5,519.2,100.9,228.0,0.058
135,-1,42.8,638.8,60.4,112.0,0.057
135,-1,21.2,495.6,88.8,177.1,0.055
135,-1,993.4,520.4,23.2,63.5,0.053
135,-1,1129.9,275.4,233.7,405.8,0.053
135,-1,991.6,497.0,48.5,140.3,0.053
136,-1,1364.6,153.5,280.3,844.7,1.000
136,-1,1082.6,259.4,266.8,737.1,1.000
136,-1,452.4,396.4,102.8,338.1,1.000
136,-1,327.5,427.7,115.2,309.6,0.999
136,-1,911.6,516.7,28.9,109.2,0.992
136,-1,124.6,530.8,67.7,212.9,0.987
136,-1,1.4,422.2,132.9,504.3,0.978
136,-1,1696.7,475.5,43.1,110.2,0.906
136,-1,247.1,516.6,45.6,58.3,0.882
136,-1,971.7,525.6,37.3,76.2,0.621
136,-1,61.0,618.3,51.8,130.8,0.584
136,-1,1343.7,413.3,70.9,279.8,0.486
136,-1,248.7,514.5,50.0,155.0,0.420
136,-1,1288.7,356.6,57.9,109.6,0.403
136,-1,37.4,644.3,66.5,105.5,0.226
136,-1,574.7,403.3,46.8,104.6,0.213
136,-1,1311.8,356.5,43.0,206.1,0.139
136,-1,167.1,534.9,43.4,44.5,0.132
136,-1,1311.0,371.6,36.1,84.1,0.107
136,-1,1296.5,363.6,46.5,62.9,0.104
136,-1,989.0,528.2,19.2,53.1,0.100
136,-1,753.0,534.9,91.0,100.3,0.093
136,-1,26.3,445.0,125.7,319.1,0.079
136,-1,73.0,519.7,111.2,222.3,0.076
136,-1,93.6,600.3,50.0,145.0,0.072
136,-1,1356.2,522.3,56.9,155.4,0.070
136,-1,198.6,543.6,14.1,34.6,0.059
136,-1,993.4,523.5,17.8,46.3,0.059
136,-1,30.7,579.4,91.1,165.6,0.058
136,-1,98.7,539.1,61.5,207.1,0.055
136,-1,0.9,417.7,124.7,240.0,0.054
137,-1,1066.6,248.2,280.8,749.4,1.000
137,-1,1355.0,149.7,290.3,853.5,1.000
137,-1,450.7,396.0,104.3,339.9,1.000
137,-1,328.1,424.2,116.1,313.5,0.999
137,-1,911.3,516.2,29.8,109.5,0.990
137,-1,0.9,406.1,166.8,520.1,0.987
137,-1,124.4,529.9,68.0,214.1,0.973
137,-1,247.9,517.3,46.0,60.4,0.881
137,-1,1695.7,475.9,42.1,110.2,0.860
137,-1,971.9,524.0,34.9,77.4,0.649
137,-1,58.6,634.6,53.0,114.0,0.603
137,-1,248.9,515.4,51.5,150.9,0.442
137,-1,576.9,399.6,43.3,110.8,0.211
137,-1,1282.3,357.0,64.4,135.0,0.200
137,-1,1323.7,493.5,66.3,169.4,0.147
137,-1,1296.4,364.1,44.5,60.0,0.097
137,-1,693.4,367.3,93.8,386.9,0.081
137,-1,990.6,528.7,17.3,42.2,0.071
137,-1,166.6,532.4,44.3,50.2,0.068
137,-1,70.8,628.0,69.7,120.5,0.066
137,-1,195.5,541.2,19.5,40.1,0.063
137,-1,98.8,555.4,57.0,191.0,0.063
138,-1,1338.8,141.0,295.4,863.5,1.000
138,-1,450.4,396.9,106.4,340.9,1.000
138,-1,1051.9,242.2,290.2,760.2,1.000
138,-1,325.1,421.2,118.2,315.8,0.999
138,-1,0.0,301.8,193.5,625.2,0.997
138,-1,911.0,516.7,30.3,108.7,0.992
138,-1,125.2,524.6,66.8,218.1,0.971
138,-1,247.6,517.5,47.5,58.9,0.900
138,-1,1695.4,474.8,43.0,111.3,0.878
138,-1,1327.5,540.0,39.8,123.9,0.775
138,-1,972.2,521.9,33.9,78.9,0.630
138,-1,1272.9,351.6,81.9,213.0,0.518
138,-1,247.9,517.0,51.6,153.1,0.493
138,-1,1276.5,352.5,69.3,117.0,0.470
138,-1,1287.8,348.8,86.1,318.7,0.185
138,-1,576.5,399.4,44.2,109.4,0.126
138,-1,76.5,643.0,53.7,104.5,0.096
138,-1,1307.2,461.0,61.2,197.9,0.095
138,-1,1304.8,368.6,57.5,211.3,0.079
138,-1,55.8,446.0,118.6,343.2,0.078
138,-1,85.2,592.8,68.7,149.1,0.071
138,-1,98.7,482.4,57.9,65.8,0.071
138,-1,989.9,525.8,21.5,59.7,0.070
138,-1,61.5,643.8,48.8,101.5,0.060
138,-1,0.6,290.2,41.9,302.2,0.056
138,-1,0.1,294.1,119.1,427.4,0.056
139,-1,1325.8,137.8,296.8,868.7,1.000
139,-1,450.3,397.7,107.4,339.9,1.000
139,-1,1032.7,240.6,303.5,760.8,0.999
139,-1,323.2,419.5,120.3,316.3,0.999
139,-1,0.0,310.2,200.9,618.4,0.999
139,-1,910.6,516.3,31.2,109.5,0.994
139,-1,1328.2,542.3,36.2,123.7,0.950
139,-1,120.5,522.5,74.8,221.6,0.940
139,-1,247.3,516.9,46.1,59.6,0.933
139,-1,1696.3,474.4,42.2,111.8,0.923
139,-1,1269.6,353.9,93.6,206.2,0.631
139,-1,248.5,514.9,50.1,156.0,0.614
139,-1,972.3,522.9,33.6,78.1,0.554
139,-1,1266.7,353.4,74.3,119.0,0.476
139,-1,0.0,286.6,32.7,101.1,0.181
139,-1,268.5,519.3,31.0,53.8,0.098
139,-1,575.0,403.3,45.7,106.3,0.093
139,-1,1302.1,369.1,79.7,206.3,0.090
139,-1,1100.7,196.4,390.6,812.4,0.076
139,-1,991.4,529.6,16.4,43.2,0.067
139,-1,786.3,531.7,38.6,42.3,0.061
140,-1,1004.4,239.1,313.9,771.5,1.000
140,-1,1320.9,140.3,291.0,864.7,1.000
140,-1,450.1,397.7,108.9,338.7,1.000
140,-1,321.9,418.3,121.7,317.3,0.999
140,-1,0.1,289.0,203.2,638.5,0.999
140,-1,910.7,516.2,31.1,109.7,0.992
140,-1,1328.4,542.8,36.0,126.9,0.964
140,-1,1695.3,474.7,42.7,110.8,0.924
140,-1,247.2,516.8,46.3,59.9,0.905
140,-1,126.1,515.0,65.7,228.1,0.841
140,-1,1275.7,352.1,99.5,228.2,0.784
140,-1,248.5,515.0,49.1,157.2,0.544
140,-1,972.1,527.1,37.7,75.3,0.505
140,-1,1278.2,352.1,56.8,110.4,0.425
140,-1,1259.7,353.2,86.3,174.6,0.199
140,-1,126.8,629.7,62.7,117.0,0.146
140,-1,575.2,402.4,45.4,111.6,0.078
140,-1,268.8,519.8,30.6,53.3,0.074
140,-1,79.4,444.7,116.0,386.1,0.063
140,-1,989.4,530.4,17.5,37.9,0.050
141,-1,994.3,232.6,327.5,762.0,1.000
141,-1,1306.2,132.1,291.7,873.0,1.000
141,-1,449.3,398.3,110.7,338.4,1.000
141,-1,316.9,417.2,121.2,320.3,0.999
141,-1,0.1,276.8,202.5,647.0,0.998
141,-1,910.9,516.1,30.6,108.9,0.993
141,-1,1321.3,542.2,45.9,126.7,0.961
141,-1,1696.0,474.8,42.0,110.5,0.920
141,-1,246.9,516.5,47.7,59.8,0.890
141,-1,125.2,515.0,68.6,229.0,0.718
141,-1,976.3,530.6,31.8,70.0,0.667
141,-1,247.6,517.7,51.8,152.4,0.530
141,-1,171.6,524.0,37.2,60.3,0.384
141,-1,125.4,643.4,64.8,97.2,0.333
141,-1,991.8,531.0,15.6,35.8,0.181
141,-1,575.2,400.8,45.6,113.4,0.125
141,-1,1288.2,361.1,79.3,200.4,0.095
141,-1,1622.8,494.6,26.9,103.2,0.091
141,-1,978.5,528.1,17.7,51.9,0.089
141,-1,986.2,528.5,20.3,50.7,0.087
141,-1,69.5,451.0,124.5,383.9,0.052
142,-1,449.1,399.0,110.9,338.8,1.000
142,-1,1297.5,128.4,296.5,877.5,1.000
142,-1,971.4,229.8,343.0,774.1,1.000
142,-1,316.3,416.8,120.7,324.0,0.999
142,-1,0.4,280.2,202.4,640.4,0.998
142,-1,910.6,515.9,30.7,109.8,0.992
142,-1,1323.7,547.1,44.3,122.0,0.959
142,-1,1696.0,474.8,42.2,111.0,0.931
142,-1,247.4,516.8,46.6,59.3,0.860
142,-1,1284.0,364.9,74.4,208.1,0.552
142,-1,248.4,516.7,50.3,149.7,0.433
142,-1,1140.2,181.9,322.7,828.2,0.389
142,-1,132.2,646.8,55.3,95.5,0.380
142,-1,133.1,515.9,70.2,226.3,0.377
142,-1,989.7,527.7,18.6,41.1,0.254
142,-1,166.8,528.7,43.0,54.4,0.224
142,-1,973.4,562.5,35.0,38.1,0.209
142,-1,0.0,379.9,20.2,557.0,0.174
142,-1,979.9,528.5,15.7,47.8,0.119
142,-1,980.5,528.1,26.9,62.5,0.114
142,-1,1304.4,476.5,64.0,186.0,0.063
143,-1,969.4,234.2,343.3,782.8,1.000
143,-1,449.6,400.8,110.5,341.3,1.000
143,-1,1285.3,125.7,304.1,889.7,1.000
143,-1,315.2,416.7,122.0,328.3,0.999
143,-1,0.0,277.5,211.6,646.5,0.999
143,-1,911.1,516.1,30.1,109.2,0.986
143,-1,1326.2,547.7,40.2,121.8,0.973
143,-1,1695.8,475.0,42.3,110.4,0.926
143,-1,248.0,517.6,43.3,59.5,0.863
143,-1,0.3,593.2,51.8,286.7,0.589
143,-1,247.9,518.0,52.2,152.1,0.482
143,-1,0.0,334.5,47.7,565.5,0.385
143,-1,147.4,650.1,40.1,89.9,0.263
143,-1,132.6,457.5,85.8,279.3,0.163
143,-1,0.0,370.2,18.7,529.7,0.126
143,-1,798.3,533.6,33.6,43.7,0.121
143,-1,2.8,633.0,142.4,269.4,0.078
143,-1,574.5,401.0,46.9,111.2,0.065
143,-1,274.2,524.2,27.3,48.3,0.061
143,-1,1269.5,363.4,79.8,199.4,0.051
144,-1,1282.5,124.6,301.9,903.0,1.000
144,-1,956.0,233.4,352.4,785.5,1.000
144,-1,447.7,401.3,113.4,342.8,1.000
144,-1,313.2,416.0,124.9,329.0,0.999
144,-1,3.5,282.7,213.7,652.3,0.999
144,-1,910.2,517.4,31.4,106.1,0.984
144,-1,1323.7,549.7,41.9,118.8,0.946
144,-1,0.6,368.5,69.2,474.1,0.929
144,-1,1695.4,475.1,42.7,110.8,0.919
144,-1,246.8,516.7,47.0,56.3,0.851
144,-1,247.6,517.4,53.6,153.9,0.415
144,-1,798.9,533.4,33.6,41.7,0.140
144,-1,0.0,351.4,32.7,102.3,0.114
144,-1,0.8,337.2,35.8,520.5,0.112
144,-1,0.0,353.6,18.6,554.2,0.086
144,-1,149.3,447.6,73.7,288.7,0.085
144,-1,0.0,361.8,12.3,178.4,0.055
144,-1,9.7,281.0,202.6,308.2,0.054
145,-1,1261.0,130.5,309.7,916.7,1.000
145,-1,448.2,401.2,115.3,345.2,1.000
145,-1,310.4,419.5,126.9,328.4,0.999
145,-1,944.7,233.0,356.1,786.0,0.999
145,-1,13.3,282.0,206.7,645.1,0.999
145,-1,909.7,517.8,32.0,108.6,0.967
145,-1,1.0,374.2,90.9,479.4,0.944
145,-1,1696.4,475.0,42.3,110.8,0.915
145,-1,246.9,516.5,46.9,56.2,0.883
145,-1,1323.6,555.7,41.1,113.0,0.613
145,-1,248.0,515.6,52.3,150.2,0.488
145,-1,2.3,386.4,51.3,410.8,0.175
145,-1,1813.2,533.5,29.4,38.9,0.128
145,-1,270.3,519.8,29.9,50.8,0.109
145,-1,576.9,399.4,43.6,108.3,0.100
145,-1,0.0,377.3,33.1,140.2,0.099
145,-1,800.7,527.6,34.0,62.0,0.084
145,-1,1.0,605.4,198.8,318.2,0.062
145,-1,0.6,407.8,20.2,493.9,0.054
146,-1,1253.2,123.1,314.3,938.9,1.000
146,-1,446.2,398.0,119.5,349.2,1.000
146,-1,307.6,421.0,130.0,330.5,0.999
146,-1,34.8,275.8,201.9,643.9,0.999
146,-1,931.8,228.6,357.1,799.9,0.999
146,-1,2.1,389.1,109.3,441.9,0.980
146,-1,910.7,517.3,30.1,104.3,0.941
146,-1,1694.6,474.2,42.1,110.4,0.904
146,-1,246.6,516.3,46.6,54.6,0.670
146,-1,247.5,514.8,56.3,147.9,0.242
146,-1,1250.4,366.7,94.2,291.3,0.197
146,-1,0.4,391.2,48.6,409.2,0.166
146,-1,249.0,534.2,28.8,33.3,0.154
146,-1,0.7,389.2,58.9,172.1,0.127
146,-1,575.0,403.3,46.4,105.1,0.101
146,-1,1259.9,375.4,72.7,175.9,0.095
146,-1,268.5,518.4,26.4,48.0,0.084
146,-1,1623.1,494.4,24.7,100.5,0.074
146,-1,1325.1,568.6,34.5,99.6,0.067
146,-1,1812.7,527.5,30.5,45.6,0.052
147,-1,1252.7,119.4,311.7,937.8,1.000
147,-1,61.9,286.4,190.3,638.4,1.000
147,-1,444.7,397.3,124.4,349.8,0.999
147,-1,933.8,232.9,335.5,804.6,0.999
147,-1,306.4,418.1,130.4,335.2,0.999
147,-1,0.0,390.3,118.5,457.3,0.982
147,-1,907.8,517.0,35.6,109.2,0.949
147,-1,1695.9,475.3,42.1,110.8,0.920
147,-1,246.8,516.3,46.7,56.3,0.842
147,-1,1250.4,365.1,91.1,296.9,0.474
147,-1,250.2,514.8,48.1,146.7,0.209
147,-1,573.7,402.4,47.8,103.5,0.164
147,-1,1287.2,556.0,66.8,113.0,0.135
147,-1,803.1,526.2,40.6,74.8,0.130
147,-1,275.0,522.2,23.8,47.2,0.102
147,-1,0.6,390.4,69.2,195.1,0.073
147,-1,74.6,283.2,136.3,149.3,0.064
147,-1,1275.4,536.0,64.2,115.0,0.060
148,-1,1238.7,125.5,313.0,934.6,1.000
148,-1,924.6,230.9,325.6,812.9,0.999
148,-1,445.8,395.2,127.3,351.4,0.999
148,-1,73.5,288.0,246.5,633.5,0.999
148,-1,305.6,416.2,129.9,337.5,0.999
148,-1,0.8,375.8,185.6,539.5,0.993
148,-1,909.5,517.4,32.7,109.4,0.962
148,-1,1696.2,475.3,42.0,111.4,0.936
148,-1,252.9,517.7,34.9,58.2,0.741
148,-1,1258.7,381.7,82.7,274.1,0.418
148,-1,806.4,528.7,37.8,68.7,0.331
148,-1,0.0,497.7,5.3,425.1,0.328
148,-1,0.1,442.3,25.7,418.4,0.238
148,-1,577.1,402.6,45.2,119.1,0.192
148,-1,267.5,517.7,34.4,53.0,0.097
148,-1,1237.5,366.4,77.2,169.4,0.082
148,-1,0.2,427.4,8.0,431.1,0.082
148,-1,251.1,513.5,49.4,140.3,0.068
148,-1,0.0,508.4,16.9,226.3,0.057
148,-1,1276.1,378.7,39.1,121.0,0.054
149,-1,1246.9,119.0,298.5,954.5,1.000
149,-1,445.6,394.7,129.0,351.0,0.999
149,-1,931.3,235.8,315.8,819.6,0.999
149,-1,91.5,285.3,277.7,636.9,0.999
149,-1,304.0,417.9,129.8,334.8,0.999
149,-1,0.1,375.1,190.4,545.1,0.997
149,-1,909.6,518.5,32.1,106.4,0.942
149,-1,1695.6,475.0,42.3,111.8,0.936
149,-1,1280.1,439.5,30.2,66.9,0.515
149,-1,1243.2,432.2,85.3,215.0,0.336
149,-1,257.6,517.2,38.7,56.4,0.224
149,-1,576.6,402.5,45.6,119.1,0.186
149,-1,0.1,461.8,27.8,438.8,0.103
149,-1,1244.2,433.0,64.8,122.0,0.102
149,-1,80.5,324.0,156.1,587.7,0.096
149,-1,239.6,434.2,44.1,213.0,0.081
149,-1,0.0,557.1,5.3,378.1,0.077
149,-1,1622.7,489.3,24.6,109.3,0.077
149,-1,807.6,531.2,36.2,66.8,0.076
149,-1,1520.6,460.2,35.4,146.9,0.070
149,-1,255.0,516.4,60.9,87.8,0.052
150,-1,1233.4,116.8,306.0,959.0,1.000
150,-1,918.4,231.3,314.8,835.6,1.000
150,-1,448.1,393.9,127.0,353.0,1.000
150,-1,90.2,288.1,321.2,632.2,0.999
150,-1,302.9,415.9,131.6,338.8,0.998
150,-1,0.2,385.9,194.5,534.8,0.998
150,-1,910.4,516.6,30.4,104.9,0.955
150,-1,1695.9,475.1,41.6,111.5,0.916
150,-1,1495.6,488.4,49.3,190.4,0.877
150,-1,263.7,516.3,30.7,54.9,0.253
150,-1,573.7,401.6,47.9,107.0,0.233
150,-1,1275.2,438.9,28.3,66.7,0.157
150,-1,0.0,384.6,19.6,530.3,0.154
150,-1,1472.0,377.5,69.4,304.8,0.129
150,-1,1520.2,452.8,30.1,172.1,0.092
150,-1,67.7,340.2,181.9,572.1,0.075
150,-1,0.0,387.2,16.9,157.6,0.064
150,-1,253.9,445.1,45.5,199.0,0.060
150,-1,254.2,528.6,31.5,112.9,0.058
150,-1,1243.2,420.1,79.3,224.4,0.052
150,-1,1525.9,482.8,20.9,89.1,0.052
150,-1,2.2,390.0,78.6,506.0,0.051
151,-1,1219.7,114.8,306.1,965.1,1.000
151,-1,83.9,297.6,365.6,607.7,1.000
151,-1,448.5,387.9,128.4,361.9,1.000
151,-1,890.6,229.8,346.5,844.0,0.999
151,-1,301.5,414.4,134.0,339.2,0.994
151,-1,1.2,394.0,206.9,522.1,0.993
151,-1,1493.8,444.5,56.0,239.2,0.945
151,-1,1697.1,474.7,41.4,111.6,0.916
151,-1,910.1,517.8,24.1,94.2,0.851
151,-1,36.8,540.7,63.4,207.8,0.525
151,-1,54.1,393.7,115.7,442.6,0.308
151,-1,62.3,636.1,42.4,113.3,0.283
151,-1,3.4,523.3,86.8,215.2,0.209
151,-1,0.0,399.6,33.6,123.6,0.165
151,-1,575.3,397.8,45.8,110.7,0.163
151,-1,2.5,530.7,79.3,91.9,0.142
151,-1,9.8,451.3,130.2,328.5,0.132
151,-1,1516.1,436.1,35.5,175.1,0.121
151,-1,0.5,400.7,63.9,157.9,0.114
151,-1,26.4,526.7,57.4,54.3,0.099
151,-1,2.6,468.4,81.3,125.7,0.067
151,-1,1620.3,486.3,20.8,104.4,0.061
151,-1,1824.6,530.3,17.8,41.5,0.054
151,-1,1.9,538.7,66.8,53.8,0.054
152,-1,1215.7,111.0,305.4,969.0,1.000
152,-1,876.9,223.0,361.2,851.7,1.000
152,-1,449.7,387.4,127.8,363.0,0.999
152,-1,68.6,298.5,386.9,607.7,0.999
152,-1,299.7,410.2,134.4,330.3,0.996
152,-1,1476.6,421.0,86.0,260.8,0.984
152,-1,29.6,378.4,204.1,524.4,0.975
152,-1,83.7,389.0,101.8,368.1,0.959
152,-1,1697.0,474.7,41.6,111.6,0.934
152,-1,38.2,554.7,63.2,190.7,0.709
152,-1,1.5,532.7,100.4,240.4,0.690
152,-1,574.9,404.4,47.2,103.0,0.393
152,-1,1.4,532.3,89.4,65.6,0.303
152,-1,58.6,627.6,52.0,120.9,0.206
152,-1,3.7,533.0,91.9,121.0,0.161
152,-1,32.5,479.3,88.5,277.6,0.122
152,-1,1826.0,530.9,16.5,41.7,0.098
152,-1,1619.8,479.2,21.8,113.2,0.094
152,-1,1619.9,461.3,38.0,137.7,0.081
152,-1,27.4,501.2,73.1,92.9,0.069
152,-1,35.7,583.8,65.3,80.4,0.060
153,-1,1205.0,107.9,304.6,971.5,1.000
153,-1,848.7,212.9,370.4,864.0,1.000
153,-1,452.4,385.6,124.9,364.8,1.000
153,-1,63.8,292.6,407.8,620.1,1.000
153,-1,322.6,409.7,108.8,327.2,0.997
153,-1,1473.2,387.6,104.6,292.9,0.992
153,-1,96.3,381.5,122.9,461.4,0.971
153,-1,1696.8,475.0,41.9,111.1,0.915
153,-1,1.5,407.4,117.5,318.1,0.623
153,-1,575.8,399.9,45.1,107.6,0.452
153,-1,0.4,404.1,55.8,96.7,0.274
153,-1,1.1,405.5,90.1,198.5,0.249
153,-1,68.2,356.3,235.5,507.3,0.113
153,-1,3.1,500.9,107.5,155.3,0.107
153,-1,2.2,529.6,83.5,87.5,0.101
153,-1,31.9,402.7,151.3,408.7,0.091
153,-1,42.7,553.7,74.7,189.9,0.085
153,-1,1463.8,523.6,38.7,161.7,0.074
153,-1,1463.9,379.5,50.7,295.6,0.057
153,-1,3.6,402.8,49.6,41.5,0.056
154,-1,1193.6,98.5,312.9,979.9,1.000
154,-1,830.4,219.3,375.8,856.0,1.000
154,-1,110.1,303.1,361.5,601.0,1.000
154,-1,452.6,384.2,125.3,365.2,1.000
154,-1,1469.2,378.5,116.2,303.8,0.995
154,-1,339.2,406.0,95.6,324.8,0.992
154,-1,110.5,379.3,116.9,454.8,0.980
154,-1,1696.6,475.2,41.6,110.5,0.918
154,-1,3.5,408.8,124.2,353.5,0.790
154,-1,60.1,582.6,53.2,165.5,0.593
154,-1,1459.7,384.3,48.2,303.1,0.440
154,-1,574.7,403.2,47.8,104.3,0.433
154,-1,1458.7,516.8,42.1,170.1,0.339
154,-1,44.8,490.2,112.3,251.2,0.177
154,-1,1.0,407.4,102.7,180.3,0.152
154,-1,12.8,403.4,53.6,37.1,0.143
154,-1,2.2,501.6,101.9,101.4,0.106
154,-1,6.1,517.3,102.9,150.3,0.090
154,-1,91.2,550.1,63.9,192.3,0.061
154,-1,1.6,403.7,95.7,98.8,0.058
154,-1,12.8,556.6,98.4,190.1,0.056
154,-1,116.1,494.8,45.1,245.0,0.052
155,-1,1183.4,92.5,321.7,983.8,1.000
155,-1,783.6,206.7,415.2,871.5,1.000
155,-1,452.8,385.3,126.1,365.6,1.000
155,-1,120.6,300.9,348.1,604.4,0.999
155,-1,1463.6,381.2,127.2,301.4,0.997
155,-1,114.5,378.7,152.8,512.7,0.993
155,-1,355.5,409.2,76.6,300.1,0.983
155,-1,1696.9,474.4,42.0,112.0,0.923
155,-1,4.3,411.9,116.0,338.8,0.718
155,-1,120.3,488.4,43.0,255.5,0.470
155,-1,574.8,399.9,45.2,105.0,0.372
155,-1,53.6,580.3,54.5,168.2,0.336
155,-1,59.1,473.6,101.4,267.0,0.241
155,-1,1457.5,402.3,49.4,283.4,0.219
155,-1,1.3,406.5,102.9,183.9,0.203
155,-1,41.1,497.9,70.6,83.8,0.127
155,-1,1829.7,525.9,14.4,46.8,0.062
155,-1,2.3,526.7,100.6,142.7,0.061
155,-1,84.8,580.2,73.4,164.4,0.052
155,-1,2.8,502.4,92.1,98.2,0.051
156,-1,1168.5,78.1,335.0,1001.9,1.000
156,-1,764.9,202.2,408.8,871.4,0.999
156,-1,456.3,387.1,147.0,365.4,0.999
156,-1,181.6,297.8,283.7,602.9,0.999
156,-1,1465.2,379.3,125.2,304.0,0.998
156,-1,142.5,383.3,191.8,510.6,0.996
156,-1,1696.2,475.2,43.2,111.0,0.908
156,-1,371.4,409.1,60.4,235.2,0.870
156,-1,18.3,506.5,94.1,246.4,0.784
156,-1,118.7,528.1,49.7,218.7,0.711
156,-1,71.3,521.6,93.0,227.4,0.542
156,-1,43.6,497.8,69.4,86.3,0.498
156,-1,53.3,560.4,58.1,192.6,0.385
156,-1,571.8,399.4,48.6,104.2,0.369
156,-1,367.8,410.0,38.4,49.2,0.296
156,-1,5.2,500.2,94.8,93.4,0.143
156,-1,370.3,412.3,55.1,70.7,0.133
156,-1,2.9,516.3,72.3,270.1,0.107
156,-1,2.1,532.9,80.4,78.3,0.067
156,-1,692.3,358.7,86.4,400.4,0.058
156,-1,389.4,485.2,27.2,106.0,0.055
156,-1,383.3,415.3,21.5,38.1,0.053
156,-1,109.2,461.5,52.8,77.0,0.052
157,-1,1166.1,67.3,333.3,1012.7,1.000
157,-1,761.0,200.5,402.0,869.7,1.000
157,-1,459.2,388.8,140.6,365.4,1.000
157,-1,198.9,301.0,263.3,597.4,0.999
157,-1,152.2,378.5,222.5,511.8,0.999
157,-1,1466.3,377.4,124.1,304.5,0.998
157,-1,119.6,540.5,60.9,201.8,0.968
157,-1,1696.7,474.2,42.8,111.6,0.892
157,-1,27.5,552.4,75.7,198.7,0.649
157,-1,59.4,543.6,117.3,200.5,0.432
157,-1,12.6,530.3,111.0,276.0,0.345
157,-1,398.7,410.0,47.4,202.6,0.319
157,-1,53.9,586.7,58.9,187.4,0.298
157,-1,571.6,398.8,48.4,105.7,0.240
157,-1,1.4,532.5,106.1,132.6,0.157
157,-1,407.5,473.1,28.2,130.7,0.141
157,-1,1509.7,377.8,48.3,55.1,0.117
157,-1,407.8,443.3,48.7,220.0,0.116
157,-1,6.1,564.1,63.1,222.8,0.104
157,-1,76.4,565.1,60.0,183.2,0.063
157,-1,1510.9,379.2,63.8,110.5,0.063
158,-1,1142.0,67.4,356.4,1012.6,1.000
158,-1,737.7,196.7,414.2,880.3,1.000
158,-1,147.2,378.9,222.3,508.6,0.999
158,-1,462.3,389.6,125.4,366.4,0.998
158,-1,238.0,305.5,223.6,587.7,0.998
158,-1,1471.1,377.5,119.8,301.2,0.997
158,-1,125.4,532.0,64.2,211.5,0.981
158,-1,1696.5,474.3,42.7,111.5,0.902
158,-1,573.7,398.5,46.7,107.2,0.529
158,-1,18.0,502.3,94.4,173.2,0.486
158,-1,19.0,519.9,124.3,318.6,0.433
158,-1,30.2,567.9,80.9,182.3,0.229
158,-1,56.2,527.4,127.9,219.0,0.150
158,-1,41.1,498.8,70.6,99.5,0.138
158,-1,1623.8,472.6,24.5,106.9,0.116
158,-1,65.0,583.0,50.1,165.3,0.068
158,-1,0.0,528.2,75.8,76.9,0.063
158,-1,15.2,589.0,92.3,97.7,0.060
158,-1,1494.9,381.1,85.9,162.8,0.053
159,-1,1143.0,58.9,348.0,1019.7,1.000
159,-1,729.9,197.5,418.2,871.6,0.999
159,-1,140.1,390.3,255.5,498.7,0.998
159,-1,465.2,393.4,124.1,361.4,0.998
159,-1,283.2,296.3,180.9,591.3,0.998
159,-1,1478.0,374.2,121.0,305.9,0.997
159,-1,125.4,530.2,67.4,211.9,0.986
159,-1,1697.1,473.8,42.8,112.3,0.889
159,-1,574.5,396.9,46.3,108.7,0.643
159,-1,31.0,565.6,80.2,193.9,0.384
159,-1,49.0,530.3,142.6,225.0,0.255
159,-1,13.7,528.5,129.5,289.4,0.160
159,-1,17.8,527.1,95.2,151.5,0.098
159,-1,2.1,501.6,78.0,294.0,0.079
159,-1,1624.0,479.6,23.7,93.4,0.074
159,-1,694.7,363.1,100.6,394.2,0.066
159,-1,542.2,404.0,61.0,125.3,0.065
160,-1,1134.1,61.4,353.6,1015.9,1.000
160,-1,747.0,190.8,388.4,877.6,0.999
160,-1,315.8,296.6,171.1,596.7,0.999
160,-1,139.1,396.8,294.4,488.6,0.998
160,-1,468.8,393.3,122.3,364.0,0.998
160,-1,1486.2,371.4,118.4,308.1,0.997
160,-1,120.8,527.0,69.0,217.4,0.990
160,-1,1696.7,474.2,42.5,112.1,0.903
160,-1,575.6,401.1,44.5,101.9,0.666
160,-1,35.0,567.1,78.0,184.4,0.609
160,-1,32.5,524.4,147.5,228.0,0.481
160,-1,18.3,582.7,88.9,93.8,0.136
160,-1,1152.4,351.8,69.6,168.1,0.130
160,-1,9.1,510.3,101.8,276.6,0.129
160,-1,454.4,443.7,24.9,48.2,0.078
160,-1,694.7,354.5,99.2,401.3,0.067
160,-1,550.1,399.0,69.8,130.3,0.063
160,-1,1827.6,531.7,15.3,40.6,0.055
160,-1,67.6,583.2,57.3,164.7,0.050
161,-1,1125.9,50.9,356.2,1029.1,1.000
161,-1,148.7,394.8,252.6,490.8,0.999
161,-1,773.9,190.5,355.2,878.5,0.999
161,-1,476.0,389.7,118.5,367.9,0.999
161,-1,344.3,295.6,185.5,584.1,0.998
161,-1,1485.7,369.5,126.3,310.0,0.997
161,-1,124.2,527.9,68.3,216.5,0.994
161,-1,1696.7,473.9,41.8,112.2,0.907
161,-1,576.3,401.5,44.2,101.4,0.667
161,-1,46.7,566.5,65.8,181.4,0.661
161,-1,31.9,610.9,66.7,141.4,0.211
161,-1,952.3,119.5,378.3,943.3,0.127
161,-1,56.9,637.0,46.9,110.1,0.117
161,-1,35.1,584.2,72.9,73.5,0.083
161,-1,6.3,557.3,81.3,220.9,0.074
161,-1,40.2,526.8,154.5,222.7,0.073
161,-1,212.2,354.3,301.5,537.3,0.070
161,-1,246.3,534.3,20.2,46.9,0.066
161,-1,79.5,634.1,30.8,110.9,0.065
161,-1,73.6,563.0,55.2,185.6,0.058
161,-1,1825.7,529.3,20.1,43.3,0.058
162,-1,1111.7,45.1,366.5,1034.9,1.000
162,-1,775.8,187.3,344.5,886.3,0.999
162,-1,173.6,396.6,272.2,491.2,0.999
162,-1,491.8,387.5,109.3,372.9,0.998
162,-1,357.2,298.1,203.7,579.9,0.998
162,-1,1487.2,366.6,128.9,310.7,0.998
162,-1,124.0,528.6,68.8,214.3,0.997
162,-1,1697.0,473.7,41.4,111.9,0.864
162,-1,41.2,575.0,69.2,177.1,0.851
162,-1,576.3,402.8,43.7,96.7,0.788
162,-1,244.6,524.5,33.6,55.4,0.663
162,-1,243.6,518.9,38.4,153.2,0.190
162,-1,184.3,537.8,44.7,45.1,0.170
162,-1,55.7,531.4,125.2,216.9,0.153
162,-1,71.4,590.2,47.0,159.8,0.124
162,-1,81.5,635.8,29.2,109.9,0.111
162,-1,565.7,396.2,64.9,319.4,0.100
162,-1,5.7,533.8,116.9,233.6,0.095
162,-1,25.2,583.6,81.8,84.0,0.093
162,-1,485.3,443.7,20.8,26.8,0.093
162,-1,1826.4,532.1,16.3,40.9,0.087
162,-1,577.7,404.6,44.3,181.2,0.083
162,-1,212.0,541.0,23.6,39.2,0.071
162,-1,693.9,357.4,96.1,393.5,0.063
162,-1,781.9,200.4,307.5,493.4,0.060
163,-1,1091.1,32.8,375.7,1045.1,1.000
163,-1,750.6,188.8,356.7,887.6,0.999
163,-1,214.0,389.3,229.0,492.7,0.999
163,-1,366.6,303.6,235.7,577.7,0.999
163,-1,1493.5,373.9,131.1,302.0,0.998
163,-1,501.3,387.2,111.1,375.4,0.996
163,-1,121.1,527.8,70.4,215.8,0.993
163,-1,45.4,562.1,66.3,188.4,0.901
163,-1,1696.1,473.5,43.1,112.8,0.894
163,-1,577.6,401.8,41.6,103.0,0.724
163,-1,245.7,517.1,45.9,56.4,0.653
163,-1,5.1,532.9,109.4,231.1,0.336
163,-1,186.3,534.5,48.9,48.7,0.265
163,-1,250.2,516.9,50.9,147.0,0.182
163,-1,772.0,199.5,304.1,471.9,0.158
163,-1,54.9,499.3,42.8,81.0,0.130
163,-1,182.4,530.7,39.3,41.4,0.126
163,-1,246.6,531.2,31.8,40.4,0.120
163,-1,365.8,423.7,19.9,59.5,0.119
163,-1,507.7,391.6,91.7,186.0,0.091
163,-1,566.2,388.6,61.8,324.3,0.083
163,-1,17.6,620.0,87.4,131.2,0.060
163,-1,13.8,545.9,91.4,120.3,0.057
163,-1,1154.5,363.9,38.0,97.8,0.055
163,-1,54.4,530.9,135.6,215.0,0.053
164,-1,1078.6,29.7,382.1,1049.1,1.000
164,-1,743.6,192.7,343.3,887.0,0.999
164,-1,372.2,302.8,257.3,578.7,0.999
164,-1,243.9,388.4,186.5,487.3,0.999
164,-1,1492.4,373.5,134.3,299.8,0.999
164,-1,512.7,392.3,106.0,365.8,0.991
164,-1,119.0,528.2,72.0,216.2,0.990
164,-1,1696.1,473.6,42.8,112.2,0.897
164,-1,33.8,565.7,73.3,182.6,0.795
164,-1,247.3,517.7,43.0,56.1,0.791
164,-1,574.3,398.1,47.6,111.5,0.622
164,-1,60.8,533.5,123.9,212.4,0.509
164,-1,245.4,515.8,48.1,155.7,0.471
164,-1,42.4,500.7,62.6,80.6,0.280
164,-1,516.5,388.0,87.1,167.7,0.259
164,-1,114.9,408.3,74.9,123.7,0.242
164,-1,262.5,517.9,47.7,58.0,0.239
164,-1,4.3,509.7,108.2,214.2,0.223
164,-1,249.7,535.7,27.5,30.7,0.153
164,-1,183.4,534.0,47.3,48.0,0.143
164,-1,281.0,519.4,36.2,51.7,0.139
164,-1,0.7,536.8,72.1,69.1,0.102
164,-1,266.4,518.4,24.5,48.1,0.099
164,-1,1433.3,588.6,22.3,83.6,0.091
164,-1,3.0,505.7,69.8,80.9,0.088
164,-1,576.0,399.9,39.5,64.4,0.081
164,-1,1.1,514.9,59.5,277.0,0.076
164,-1,750.7,201.4,319.5,475.7,0.070
164,-1,1419.7,464.6,36.1,207.6,0.064
164,-1,41.0,575.1,66.8,86.9,0.062
164,-1,21.6,533.1,56.0,49.6,0.055
165,-1,1060.6,36.9,394.2,1043.0,1.000
165,-1,374.4,309.8,279.8,575.2,0.999
165,-1,737.6,192.1,334.4,887.7,0.999
165,-1,1490.8,376.4,142.1,297.4,0.999
165,-1,275.8,384.9,167.4,471.9,0.999
165,-1,525.9,392.6,99.4,366.3,0.992
165,-1,118.1,529.2,73.5,215.0,0.991
165,-1,34.0,513.3,74.6,233.7,0.917
165,-1,1696.3,474.3,41.8,111.6,0.912
165,-1,576.4,396.7,46.7,116.2,0.848
165,-1,247.2,516.4,45.0,56.3,0.813
165,-1,1426.4,482.5,33.0,189.9,0.584
165,-1,522.5,389.7,87.0,138.6,0.557
165,-1,393.8,407.7,29.5,101.8,0.405
165,-1,253.0,517.4,45.3,147.7,0.352
165,-1,43.1,500.3,63.8,81.6,0.305
165,-1,183.2,535.2,46.8,46.7,0.264
165,-1,391.6,407.9,34.7,173.4,0.195
165,-1,1828.9,527.8,16.0,45.1,0.173
165,-1,103.3,550.4,21.3,21.8,0.170
165,-1,2.1,504.7,72.5,86.6,0.163
165,-1,66.4,528.1,108.8,217.6,0.162
165,-1,130.7,411.5,98.6,122.1,0.152
165,-1,1392.5,324.8,62.2,357.5,0.148
165,-1,2.1,537.2,67.4,236.1,0.142
165,-1,575.4,397.6,46.8,231.3,0.108
165,-1,103.4,552.0,22.5,38.4,0.082
165,-1,393.6,408.3,49.2,244.4,0.079
165,-1,249.7,533.9,29.6,33.7,0.072
166,-1,1037.0,32.4,406.4,1047.6,1.000
166,-1,366.5,313.2,308.0,562.6,0.999
166,-1,721.4,188.8,337.2,888.8,0.999
166,-1,1492.1,380.5,148.6,294.7,0.998
166,-1,331.6,387.2,124.6,481.2,0.997
166,-1,122.2,528.5,69.8,216.7,0.988
166,-1,1696.2,474.9,41.6,111.2,0.904
166,-1,40.4,539.0,72.8,209.6,0.894
166,-1,538.2,389.7,90.3,332.3,0.892
166,-1,1417.4,487.2,49.8,187.3,0.868
166,-1,247.3,516.8,45.2,55.3,0.861
166,-1,576.8,400.9,44.7,98.1,0.807
166,-1,532.5,387.0,66.9,107.7,0.722
166,-1,413.5,403.7,27.2,69.2,0.556
166,-1,574.9,403.4,47.5,261.6,0.516
166,-1,249.7,515.7,50.9,152.7,0.506
166,-1,489.1,378.0,181.2,395.4,0.479
166,-1,533.0,387.1,33.8,54.1,0.430
166,-1,410.6,405.4,32.2,197.1,0.375
166,-1,55.4,529.6,116.9,217.6,0.374
166,-1,41.7,500.4,64.6,80.8,0.324
166,-1,3.8,528.9,82.2,222.6,0.276
166,-1,559.6,439.3,48.0,58.5,0.186
166,-1,0.3,535.8,71.8,66.4,0.163
166,-1,6.2,502.0,70.0,83.2,0.111
166,-1,913.7,836.0,136.1,244.0,0.091
166,-1,332.1,635.6,183.8,199.6,0.083
166,-1,245.9,518.4,67.4,73.5,0.082
166,-1,410.4,413.6,57.3,261.4,0.068
166,-1,534.7,392.1,63.1,228.8,0.050
167,-1,1035.7,37.7,406.9,1041.4,1.000
167,-1,384.9,316.2,296.7,562.5,1.000
167,-1,705.7,179.7,341.5,897.6,0.999
167,-1,1495.7,382.8,147.3,295.4,0.997
167,-1,340.7,385.7,126.0,478.8,0.995
167,-1,120.9,527.8,71.6,215.4,0.981
167,-1,1407.9,480.7,56.5,193.1,0.926
167,-1,1695.5,474.8,41.3,111.0,0.900
167,-1,247.4,516.9,45.2,55.9,0.878
167,-1,575.1,397.2,49.5,94.7,0.838
167,-1,29.1,524.0,80.3,226.0,0.824
167,-1,579.5,417.6,47.5,185.2,0.639
167,-1,543.4,386.7,31.0,43.2,0.566
167,-1,249.7,516.6,50.0,150.9,0.549
167,-1,548.2,380.4,79.4,342.1,0.459
167,-1,60.4,528.0,121.1,219.0,0.438
167,-1,567.8,419.8,90.0,288.3,0.334
167,-1,42.2,500.5,64.1,79.8,0.325
167,-1,544.0,387.9,48.4,80.3,0.162
167,-1,5.0,501.5,75.2,85.7,0.136
167,-1,2.7,504.2,100.0,144.8,0.126
167,-1,496.6,368.0,153.7,409.1,0.112
167,-1,19.5,594.6,70.7,156.8,0.097
167,-1,328.3,428.3,60.5,331.5,0.090
167,-1,181.0,416.1,45.1,47.0,0.088
167,-1,544.8,387.7,45.2,189.6,0.086
167,-1,326.2,472.2,37.3,185.0,0.080
167,-1,2.3,490.7,69.5,295.6,0.080
167,-1,160.3,427.1,71.3,136.7,0.075
167,-1,2.6,531.4,79.0,80.6,0.072
167,-1,1626.3,520.3,21.5,79.2,0.060
167,-1,902.8,836.1,141.5,243.5,0.056
168,-1,687.0,170.0,353.6,896.7,1.000
168,-1,1020.1,39.2,408.1,1038.2,1.000
168,-1,406.8,318.2,278.4,558.7,0.999
168,-1,339.6,388.9,177.0,466.4,0.997
168,-1,1502.1,384.7,140.6,291.2,0.997
168,-1,1390.9,449.4,74.4,227.7,0.991
168,-1,127.5,523.0,66.4,221.7,0.943
168,-1,1696.5,474.9,41.0,111.5,0.911
168,-1,247.8,516.7,45.7,54.9,0.885
168,-1,47.2,558.0,66.7,195.5,0.868
168,-1,250.8,514.6,48.5,154.6,0.551
168,-1,582.2,403.0,36.6,66.9,0.474
168,-1,8.2,508.6,111.4,266.3,0.470
168,-1,40.5,500.4,66.1,79.8,0.470
168,-1,898.2,841.5,132.1,236.3,0.337
168,-1,588.5,405.3,40.2,182.2,0.259
168,-1,5.0,501.2,85.7,87.9,0.160
168,-1,42.1,505.6,67.8,147.8,0.156
168,-1,65.0,534.7,80.8,217.7,0.122
168,-1,107.6,548.5,26.1,24.7,0.093
168,-1,1391.4,454.1,39.8,203.9,0.084
168,-1,330.8,461.9,44.2,134.4,0.084
168,-1,584.0,403.2,101.9,181.0,0.071
168,-1,0.5,528.7,70.1,67.7,0.069
168,-1,37.4,570.8,70.7,91.4,0.064
168,-1,1624.2,494.7,23.8,109.0,0.051
169,-1,1003.6,36.6,414.3,1043.2,1.000
169,-1,645.8,167.5,365.3,896.4,1.000
169,-1,430.3,319.8,244.4,547.0,1.000
169,-1,367.0,390.3,145.5,466.8,0.998
169,-1,1506.4,383.9,139.2,292.8,0.998
169,-1,1383.8,448.7,82.6,230.4,0.994
169,-1,247.6,516.5,46.2,58.3,0.945
169,-1,1696.2,474.6,41.1,110.6,0.879
169,-1,125.2,510.0,73.2,234.7,0.870
169,-1,46.6,547.0,67.5,203.4,0.857
169,-1,1388.9,426.1,29.1,71.9,0.739
169,-1,250.2,514.6,50.0,157.6,0.545
169,-1,54.1,619.1,52.9,128.1,0.448
169,-1,41.6,500.1,65.4,79.5,0.444
169,-1,1382.7,448.9,46.7,211.0,0.420
169,-1,340.4,412.3,79.0,364.1,0.293
169,-1,1391.6,426.4,28.8,37.6,0.235
169,-1,1383.6,428.2,40.1,108.9,0.226
169,-1,4.6,504.1,90.1,262.4,0.205
169,-1,338.7,459.4,51.2,188.6,0.182
169,-1,130.5,606.4,60.6,133.4,0.150
169,-1,886.8,873.9,127.3,206.1,0.148
169,-1,53.2,512.2,105.9,239.7,0.131
169,-1,21.0,512.2,87.1,150.2,0.123
169,-1,123.4,503.4,112.1,307.7,0.107
169,-1,5.4,501.0,76.8,83.4,0.104
169,-1,1376.9,435.0,36.0,202.8,0.085
169,-1,38.2,575.6,69.1,82.9,0.067
169,-1,1626.3,522.3,22.0,77.0,0.067
169,-1,82.0,551.0,61.8,198.9,0.064
169,-1,1387.8,433.7,74.9,95.7,0.059
170,-1,993.0,22.9,416.3,1054.9,1.000
170,-1,468.7,321.2,199.9,544.1,0.999
170,-1,613.7,154.6,386.1,920.2,0.999
170,-1,358.8,393.8,179.6,462.8,0.997
170,-1,1382.4,449.9,87.0,227.6,0.996
170,-1,1505.4,385.4,141.7,291.9,0.994
170,-1,128.6,521.9,67.5,225.1,0.933
170,-1,248.6,516.6,43.2,57.3,0.920
170,-1,1695.5,474.6,41.4,111.8,0.915
170,-1,45.3,519.6,67.7,230.6,0.825
170,-1,1375.0,425.8,49.6,94.3,0.755
170,-1,1374.2,428.7,49.9,203.5,0.678
170,-1,249.3,521.0,48.4,102.3,0.579
170,-1,54.4,617.4,53.1,130.6,0.367
170,-1,41.7,500.1,65.3,80.1,0.353
170,-1,342.8,411.0,76.0,346.3,0.276
170,-1,1008.7,532.8,25.6,69.5,0.201
170,-1,1385.1,426.9,40.0,51.3,0.196
170,-1,62.2,542.0,107.3,205.4,0.195
170,-1,3.8,497.4,87.1,272.6,0.167
170,-1,20.8,513.2,88.1,155.6,0.153
170,-1,3.7,500.8,78.2,85.6,0.126
170,-1,988.8,533.9,39.6,73.0,0.104
170,-1,133.9,503.9,99.4,312.4,0.096
170,-1,1380.5,443.9,63.8,131.2,0.095
170,-1,973.3,547.8,23.3,53.4,0.080
170,-1,1361.7,560.4,24.6,118.6,0.078
170,-1,338.7,448.1,63.4,211.9,0.074
170,-1,93.7,586.7,63.2,156.7,0.070
171,-1,972.4,15.7,415.3,1062.3,1.000
171,-1,561.1,152.4,420.7,896.5,0.999
171,-1,522.2,310.9,139.4,533.9,0.998
171,-1,1516.9,384.2,130.8,283.4,0.997
171,-1,362.1,398.4,294.7,463.6,0.997
171,-1,1377.9,443.7,93.0,232.1,0.995
171,-1,130.5,532.8,68.2,210.6,0.974
171,-1,338.9,413.6,102.2,337.5,0.973
171,-1,1342.4,544.2,45.2,138.0,0.971
171,-1,1696.8,474.7,40.9,111.9,0.916
171,-1,247.2,516.4,46.1,58.7,0.883
171,-1,44.4,529.1,69.2,219.2,0.876
171,-1,249.7,518.6,47.5,143.0,0.638
171,-1,1354.4,428.4,76.4,178.6,0.582
171,-1,352.8,403.9,166.6,434.1,0.578
171,-1,993.9,529.5,37.9,75.7,0.420
171,-1,56.9,531.2,100.8,217.5,0.398
171,-1,1381.7,426.9,48.8,73.4,0.328
171,-1,42.1,499.6,64.7,80.7,0.260
171,-1,3.3,502.2,82.3,276.2,0.205
171,-1,499.1,451.1,54.6,186.4,0.201
171,-1,355.6,408.2,83.4,212.3,0.189
171,-1,498.0,450.6,32.9,82.5,0.174
171,-1,94.7,578.3,63.2,166.0,0.134
171,-1,247.0,518.5,68.0,82.7,0.125
171,-1,15.1,522.2,93.2,146.3,0.112
171,-1,498.2,398.0,91.1,367.7,0.095
171,-1,1006.3,532.0,25.9,48.0,0.093
171,-1,109.7,528.5,66.2,217.6,0.093
171,-1,4.3,501.8,77.8,86.7,0.064
171,-1,361.2,401.9,123.6,283.7,0.062
171,-1,1380.6,430.7,84.5,96.4,0.058
171,-1,1868.1,530.0,15.7,43.0,0.053
171,-1,971.6,557.0,19.3,43.6,0.053
171,-1,1624.5,499.5,25.6,103.3,0.051
172,-1,964.9,14.1,425.0,1063.8,1.000
172,-1,554.0,138.7,416.9,919.3,1.000
172,-1,368.4,396.8,246.7,458.9,0.999
172,-1,1522.9,382.2,126.9,283.6,0.998
172,-1,527.6,315.9,142.2,536.4,0.995
172,-1,1385.6,445.7,85.1,233.2,0.995
172,-1,1334.0,544.9,55.9,137.9,0.990
172,-1,341.4,407.6,110.1,361.6,0.989
172,-1,127.1,531.7,74.6,210.8,0.961
172,-1,1696.5,474.7,41.1,111.6,0.917
172,-1,247.1,515.9,46.7,56.4,0.909
172,-1,46.6,552.0,66.7,197.5,0.877
172,-1,1362.0,429.3,71.6,169.1,0.590
172,-1,249.3,521.3,48.7,118.8,0.567
172,-1,59.6,548.5,96.4,198.9,0.384
172,-1,987.3,531.2,43.1,75.0,0.366
172,-1,513.9,382.9,58.6,292.8,0.352
172,-1,510.8,385.3,47.7,152.2,0.325
172,-1,13.9,517.2,105.6,249.6,0.308
172,-1,41.4,500.0,64.9,80.9,0.236
172,-1,1400.6,426.8,34.1,35.2,0.186
172,-1,1371.3,428.6,71.7,89.1,0.152
172,-1,100.9,582.1,60.1,163.2,0.152
172,-1,507.3,413.9,35.8,116.0,0.151
172,-1,35.9,532.7,74.8,128.3,0.144
172,-1,1004.7,528.8,25.4,45.8,0.138
172,-1,547.7,587.6,121.9,262.2,0.084
172,-1,1627.3,511.6,25.4,91.3,0.081
172,-1,501.5,395.9,49.3,277.4,0.070
172,-1,987.0,560.3,17.9,41.5,0.064
172,-1,988.3,532.6,49.8,146.5,0.062
172,-1,535.2,383.5,29.3,38.9,0.059
172,-1,4.1,502.5,82.1,89.2,0.051
173,-1,950.9,3.2,425.0,1073.9,1.000
173,-1,545.0,137.8,404.9,907.6,0.999
173,-1,378.8,403.4,206.3,449.4,0.999
173,-1,1335.6,545.3,55.5,137.1,0.998
173,-1,1538.9,381.9,117.6,282.4,0.996
173,-1,349.7,407.1,116.3,363.7,0.995
173,-1,1386.9,456.2,82.3,220.3,0.993
173,-1,543.3,317.3,110.8,537.8,0.987
173,-1,128.1,530.1,73.8,213.7,0.950
173,-1,248.2,517.2,41.8,58.5,0.899
173,-1,1696.5,473.6,41.6,111.9,0.895
173,-1,43.5,555.2,69.3,193.6,0.882
173,-1,528.1,384.7,49.9,163.0,0.842
173,-1,1002.1,534.7,25.2,71.4,0.681
173,-1,528.9,384.5,50.4,330.9,0.678
173,-1,0.3,541.3,40.7,56.3,0.641
173,-1,249.4,518.2,45.3,146.9,0.629
173,-1,0.1,942.2,30.5,46.4,0.570
173,-1,69.9,544.2,88.3,203.0,0.518
173,-1,39.0,499.9,66.8,81.7,0.507
173,-1,1365.8,457.9,47.9,179.2,0.479
173,-1,543.9,604.4,101.6,252.1,0.439
173,-1,1373.1,432.5,65.8,187.6,0.431
173,-1,0.3,532.3,72.1,66.1,0.425
173,-1,1389.2,428.6,80.5,90.7,0.403
173,-1,989.3,558.6,16.8,46.9,0.257
173,-1,0.0,524.1,47.6,412.6,0.245
173,-1,44.9,541.0,66.7,115.7,0.234
173,-1,533.0,386.0,44.4,88.1,0.224
173,-1,461.0,377.9,162.6,468.9,0.216
173,-1,1007.0,534.6,19.1,30.8,0.207
173,-1,7.3,531.4,87.8,228.8,0.193
173,-1,1394.8,427.9,52.1,65.6,0.192
173,-1,968.9,550.3,19.7,49.8,0.149
173,-1,18.1,509.8,94.0,164.5,0.137
173,-1,990.7,540.5,25.2,65.4,0.127
173,-1,1406.3,426.6,31.8,39.1,0.110
173,-1,247.2,520.0,69.2,98.9,0.104
173,-1,0.4,529.5,48.4,101.8,0.094
173,-1,915.5,517.1,24.7,64.6,0.091
173,-1,0.8,540.3,68.9,119.6,0.075
173,-1,130.7,510.4,110.2,299.7,0.062
173,-1,0.0,652.9,30.2,330.3,0.052
174,-1,946.6,4.4,426.5,1072.5,1.000
174,-1,400.9,401.7,186.5,446.4,0.999
174,-1,542.0,132.5,389.0,923.6,0.999
174,-1,355.4,411.1,119.4,359.6,0.998
174,-1,1385.5,440.2,91.8,237.0,0.998
174,-1,1335.9,545.8,55.7,136.4,0.996
174,-1,1536.5,381.1,116.1,285.5,0.995
174,-1,537.4,384.1,45.2,223.7,0.980
174,-1,911.1,517.8,30.4,104.3,0.973
174,-1,567.0,316.2,88.5,269.3,0.952
174,-1,129.4,535.4,69.7,210.2,0.945
174,-1,554.4,316.6,108.0,530.9,0.925
174,-1,1696.6,473.8,41.6,112.2,0.916
174,-1,46.6,561.1,66.0,189.6,0.902
174,-1,248.4,517.3,41.8,55.0,0.891
174,-1,65.1,542.5,95.0,204.7,0.657
174,-1,1368.8,459.9,44.2,172.4,0.612
174,-1,250.9,515.6,47.3,157.3,0.601
174,-1,0.1,956.2,40.8,46.3,0.596
174,-1,0.0,536.7,53.5,61.1,0.591
174,-1,536.8,383.2,47.6,447.6,0.480
174,-1,0.5,509.5,55.3,438.4,0.405
174,-1,1374.7,440.7,58.6,174.1,0.275
174,-1,6.9,535.9,80.1,225.9,0.236
174,-1,539.3,360.6,81.4,486.4,0.225
174,-1,36.1,500.7,69.4,78.8,0.220
174,-1,987.4,548.0,20.2,57.2,0.184
174,-1,45.3,538.5,65.4,127.1,0.184
174,-1,0.0,914.5,42.1,90.8,0.164
174,-1,0.0,702.3,41.4,298.7,0.125
174,-1,0.0,541.0,58.2,138.4,0.108
174,-1,27.7,576.1,75.6,97.3,0.107
174,-1,247.6,520.8,71.3,96.5,0.092
174,-1,1388.1,429.0,82.4,96.9,0.065
174,-1,476.1,391.8,96.1,262.1,0.054
175,-1,929.0,3.4,431.0,1073.1,1.000
175,-1,518.3,125.5,405.9,938.6,0.999
175,-1,360.6,406.8,123.3,372.8,0.999
175,-1,432.1,392.9,165.3,446.5,0.999
175,-1,1544.1,381.2,108.2,284.8,0.998
175,-1,1336.3,546.1,55.7,136.4,0.996
175,-1,1383.4,437.0,96.2,241.9,0.995
175,-1,908.9,518.2,33.8,104.8,0.988
175,-1,129.3,528.0,71.5,215.6,0.956
175,-1,1696.8,473.8,42.1,112.2,0.922
175,-1,0.2,533.3,69.2,66.0,0.918
175,-1,47.4,568.8,64.0,182.7,0.913
175,-1,247.0,516.4,46.3,54.8,0.868
175,-1,0.8,533.0,64.9,438.8,0.825
175,-1,541.0,386.5,49.0,161.3,0.795
175,-1,1372.5,457.6,43.8,177.0,0.547
175,-1,251.6,515.2,46.3,155.8,0.526
175,-1,575.9,311.3,83.4,213.9,0.453
175,-1,72.1,547.9,82.0,201.2,0.400
175,-1,620.1,316.2,38.4,38.0,0.397
175,-1,3.2,550.0,78.5,209.8,0.394
175,-1,530.1,386.2,65.8,412.0,0.258
175,-1,40.6,500.0,65.7,80.4,0.240
175,-1,0.4,966.3,43.5,38.5,0.234
175,-1,469.0,390.5,117.7,288.4,0.233
175,-1,579.8,369.9,38.5,154.8,0.189
175,-1,561.3,320.4,103.8,450.4,0.163
175,-1,0.0,910.1,44.6,92.6,0.118
175,-1,23.6,566.1,83.1,98.8,0.115
175,-1,0.0,704.8,45.2,293.6,0.111
175,-1,985.3,560.7,19.6,42.6,0.086
175,-1,111.2,538.5,48.4,209.1,0.084
175,-1,1383.6,427.9,92.6,99.1,0.074
175,-1,428.4,663.8,155.2,179.1,0.068
175,-1,30.7,506.6,75.8,122.8,0.067
176,-1,920.4,4.3,415.2,1072.5,1.000
176,-1,1339.7,546.8,55.1,137.0,0.999
176,-1,364.3,404.4,137.2,391.0,0.999
176,-1,1546.8,381.8,110.5,284.6,0.998
176,-1,512.2,128.8,375.5,935.3,0.997
176,-1,469.4,398.4,116.2,430.2,0.996
176,-1,1386.1,441.5,93.3,237.1,0.996
176,-1,910.0,518.4,31.6,104.2,0.984
176,-1,128.1,533.0,74.1,210.0,0.948
176,-1,1696.3,474.7,42.2,111.3,0.940
176,-1,0.0,531.4,86.3,89.7,0.939
176,-1,247.2,516.5,46.2,55.4,0.887
176,-1,490.7,385.2,94.8,283.4,0.792
176,-1,49.7,596.1,59.1,153.7,0.660
176,-1,1.2,517.3,90.4,212.8,0.660
176,-1,957.0,544.2,23.5,57.2,0.640
176,-1,250.4,514.6,48.9,156.7,0.568
176,-1,47.1,499.6,60.0,93.8,0.556
176,-1,0.0,519.3,73.1,427.0,0.519
176,-1,76.4,540.9,81.3,207.3,0.440
176,-1,44.8,523.8,83.7,226.2,0.350
176,-1,470.4,702.6,97.0,131.1,0.263
176,-1,1410.7,428.5,67.4,99.8,0.158
176,-1,7.1,554.2,95.5,108.4,0.152
176,-1,1287.7,358.0,59.2,111.2,0.144
176,-1,1382.2,453.7,55.0,197.8,0.130
176,-1,0.0,699.2,45.7,299.2,0.117
176,-1,51.4,545.5,62.4,143.0,0.110
176,-1,248.0,520.7,69.5,90.9,0.100
176,-1,0.0,914.3,46.2,87.9,0.093
176,-1,2.6,506.7,74.2,78.7,0.075
176,-1,527.9,387.6,57.8,178.9,0.061
177,-1,918.4,3.5,396.8,1070.1,1.000
177,-1,505.1,128.3,377.6,944.0,0.999
177,-1,365.1,404.3,138.2,392.6,0.999
177,-1,1552.7,385.2,111.9,280.9,0.998
177,-1,1341.1,546.3,56.7,138.1,0.998
177,-1,1389.2,444.2,90.8,233.6,0.995
177,-1,910.6,520.6,31.1,103.5,0.982
177,-1,123.2,531.9,79.3,211.4,0.973
177,-1,499.0,385.9,83.3,436.8,0.964
177,-1,1694.9,473.3,42.3,112.5,0.941
177,-1,0.0,525.6,87.3,103.2,0.940
177,-1,247.1,517.1,47.0,57.4,0.866
177,-1,507.5,456.3,60.7,293.9,0.816
177,-1,3.0,525.5,100.9,225.6,0.691
177,-1,50.7,499.3,59.4,97.3,0.691
177,-1,855.9,526.3,31.9,86.0,0.624
177,-1,249.9,516.1,48.9,156.8,0.467
177,-1,504.0,390.4,68.5,261.6,0.446
177,-1,44.5,512.2,77.6,237.9,0.423
177,-1,0.3,521.7,80.3,416.6,0.419
177,-1,1421.0,429.3,57.5,95.9,0.399
177,-1,1.0,972.2,45.6,32.2,0.370
177,-1,75.2,539.3,80.6,208.5,0.367
177,-1,1277.0,358.9,70.9,111.8,0.341
177,-1,54.1,610.0,52.8,138.3,0.270
177,-1,536.1,469.0,33.1,94.8,0.230
177,-1,503.8,732.8,49.9,84.6,0.149
177,-1,955.9,557.6,20.8,44.6,0.132
177,-1,1428.5,444.9,56.2,215.5,0.095
177,-1,0.0,673.6,44.8,324.0,0.066
177,-1,427.8,401.5,125.6,402.6,0.063
177,-1,197.2,134.1,930.4,914.1,0.057
177,-1,496.6,465.9,113.5,183.4,0.054
177,-1,48.9,532.6,75.0,115.5,0.054
178,-1,905.2,3.5,385.1,1074.5,1.000
178,-1,377.5,402.8,126.3,394.6,1.000
178,-1,478.2,126.8,396.1,948.4,0.999
178,-1,1550.6,389.0,123.7,274.9,0.998
178,-1,1342.9,545.1,56.8,140.3,0.995
178,-1,1391.4,449.2,90.7,229.5,0.994
178,-1,910.2,518.9,31.2,104.5,0.962
178,-1,0.0,524.4,88.0,124.5,0.931
178,-1,1695.7,473.9,42.0,112.0,0.929
178,-1,125.8,526.6,75.3,215.9,0.915
178,-1,246.8,516.8,48.2,57.5,0.890
178,-1,862.0,531.5,29.5,79.9,0.757
178,-1,0.0,528.1,85.3,459.4,0.658
178,-1,2.1,519.5,102.6,239.4,0.592
178,-1,43.7,500.9,65.4,87.7,0.584
178,-1,249.6,514.7,49.8,158.1,0.500
178,-1,1434.2,435.6,50.9,220.2,0.484
178,-1,56.5,633.1,49.1,116.8,0.445
178,-1,1439.5,433.0,37.2,93.7,0.358
178,-1,73.9,550.6,84.6,195.0,0.327
178,-1,20.6,502.7,81.2,117.9,0.324
178,-1,48.6,560.0,61.2,190.1,0.258
178,-1,5.0,578.7,101.0,76.3,0.215
178,-1,499.9,428.3,44.2,206.3,0.207
178,-1,838.9,510.7,49.9,102.9,0.191
178,-1,505.6,458.0,44.7,293.9,0.136
178,-1,522.1,129.4,317.9,566.3,0.109
178,-1,82.8,545.4,55.5,65.1,0.108
178,-1,1405.1,435.8,73.7,89.9,0.083
178,-1,0.0,920.6,47.0,81.2,0.074
178,-1,0.0,693.9,46.3,302.0,0.060
179,-1,886.4,1.9,389.6,1073.6,1.000
179,-1,385.7,401.6,116.9,395.9,0.999
179,-1,427.9,132.3,441.0,926.5,0.999
179,-1,1554.8,392.2,125.6,270.5,0.998
179,-1,1344.9,543.9,56.0,141.3,0.995
179,-1,1393.6,449.3,86.0,228.3,0.994
179,-1,870.6,533.8,21.6,79.0,0.940
179,-1,908.1,518.6,35.0,107.8,0.940
179,-1,127.9,526.3,75.9,218.2,0.939
179,-1,0.1,512.1,70.1,156.2,0.927
179,-1,1695.0,473.5,42.2,112.8,0.924
179,-1,246.9,516.8,47.4,57.1,0.886
179,-1,1436.4,430.7,49.1,223.0,0.859
179,-1,41.4,500.9,65.7,80.2,0.667
179,-1,832.3,535.5,33.0,74.5,0.666
179,-1,0.0,506.5,79.3,444.6,0.574
179,-1,0.0,887.1,79.5,114.9,0.574
179,-1,249.5,514.9,50.0,156.1,0.511
179,-1,1439.7,431.4,36.6,92.9,0.502
179,-1,844.6,532.8,33.2,76.3,0.475
179,-1,507.4,134.8,307.3,622.0,0.364
179,-1,50.4,508.0,59.2,240.1,0.356
179,-1,75.8,542.1,79.5,204.9,0.281
179,-1,1.9,506.7,93.8,228.0,0.271
179,-1,820.4,789.9,40.4,33.8,0.209
179,-1,51.3,531.3,59.9,95.3,0.156
179,-1,7.2,571.6,96.8,92.2,0.142
179,-1,59.5,601.5,47.7,147.2,0.141
179,-1,1258.0,360.9,87.0,110.1,0.126
179,-1,247.3,519.1,65.4,83.0,0.123
179,-1,67.6,545.8,68.0,75.5,0.102
179,-1,13.8,502.6,60.8,84.3,0.080
179,-1,115.1,529.9,55.9,215.1,0.075
180,-1,891.8,4.2,367.7,1065.1,1.000
180,-1,387.7,401.1,109.5,395.4,0.999
180,-1,427.6,119.4,440.5,945.8,0.999
180,-1,1559.7,390.5,121.2,273.2,0.998
180,-1,1346.5,544.1,55.7,140.6,0.995
180,-1,1394.6,450.1,85.8,228.5,0.991
180,-1,127.7,531.7,74.7,210.4,0.944
180,-1,0.5,446.1,61.0,383.7,0.937
180,-1,1695.0,473.3,42.2,112.6,0.923
180,-1,910.9,517.8,31.1,104.8,0.922
180,-1,247.0,516.8,46.9,56.7,0.885
180,-1,1435.9,437.5,49.8,220.6,0.832
180,-1,867.9,533.9,26.5,80.6,0.807
180,-1,48.0,513.8,62.8,235.1,0.647
180,-1,249.3,514.9,49.5,156.3,0.534
180,-1,50.3,500.6,58.0,101.1,0.478
180,-1,837.1,535.8,35.8,70.0,0.449
180,-1,1441.1,430.4,40.9,97.6,0.392
180,-1,1251.7,360.7,95.1,112.0,0.391
180,-1,1.3,432.7,86.8,547.9,0.388
180,-1,93.3,548.7,57.2,196.0,0.331
180,-1,0.4,865.5,108.7,122.9,0.299
180,-1,59.9,600.8,48.8,146.9,0.252
180,-1,50.9,537.9,60.5,113.8,0.242
180,-1,795.2,747.2,68.7,78.8,0.195
180,-1,771.2,440.7,93.2,386.3,0.154
180,-1,0.0,794.3,47.8,208.0,0.143
180,-1,700.2,283.8,171.4,538.1,0.079
180,-1,14.2,501.5,59.9,145.4,0.056
180,-1,24.1,501.3,54.5,82.2,0.054
181,-1,879.8,3.0,372.0,1066.5,1.000
181,-1,397.5,123.6,462.0,936.3,0.999
181,-1,1565.4,393.5,115.5,269.5,0.998
181,-1,1347.8,543.9,55.3,140.6,0.997
181,-1,710.4,314.6,153.2,514.7,0.996
181,-1,0.5,179.4,131.4,811.4,0.994
181,-1,1392.7,453.6,76.5,223.4,0.992
181,-1,394.8,443.5,64.6,342.1,0.944
181,-1,128.3,528.0,72.3,215.6,0.940
181,-1,1695.8,473.0,42.0,113.3,0.936
181,-1,1425.8,440.9,61.1,220.3,0.913
181,-1,248.8,517.5,43.7,59.7,0.896
181,-1,50.7,500.4,57.9,82.3,0.662
181,-1,1246.9,361.7,100.5,111.2,0.584
181,-1,864.8,534.3,32.9,78.4,0.552
181,-1,249.9,515.2,48.7,156.1,0.502
181,-1,49.8,505.0,60.1,148.9,0.412
181,-1,1446.3,429.2,38.4,104.2,0.364
181,-1,908.9,524.1,26.1,102.2,0.347
181,-1,57.3,541.1,57.6,199.1,0.247
181,-1,82.4,576.2,67.2,175.4,0.159
181,-1,60.8,547.1,71.5,90.6,0.130
181,-1,73.6,537.1,112.0,210.4,0.090
181,-1,835.8,532.9,42.3,78.2,0.073
181,-1,16.5,532.6,119.1,364.4,0.064
181,-1,489.9,44.9,623.7,1021.7,0.062
181,-1,1.6,180.7,59.9,510.7,0.059
182,-1,862.9,0.0,372.7,1076.5,1.000
182,-1,387.2,132.9,465.5,934.0,0.999
182,-1,713.3,317.7,150.0,511.1,0.999
182,-1,1571.2,393.5,109.4,268.4,0.998
182,-1,0.6,184.9,135.1,820.6,0.998
182,-1,1350.1,545.2,55.2,137.2,0.998
182,-1,1393.1,451.9,83.1,225.7,0.994
182,-1,1695.8,473.1,42.4,113.3,0.948
182,-1,128.9,518.8,71.8,229.9,0.923
182,-1,248.5,517.2,43.5,59.5,0.908
182,-1,1450.0,432.0,43.6,219.5,0.874
182,-1,1449.5,428.7,37.6,102.0,0.649
182,-1,249.7,515.0,48.6,156.1,0.592
182,-1,1247.7,362.2,98.0,110.5,0.487
182,-1,65.4,501.4,46.3,173.6,0.307
182,-1,395.6,139.8,335.0,629.9,0.283
182,-1,79.8,540.0,49.7,148.9,0.134
182,-1,246.9,519.1,65.1,82.0,0.111
182,-1,76.2,547.1,63.2,73.3,0.097
182,-1,68.3,500.6,40.2,94.8,0.083
182,-1,1827.7,533.9,16.0,38.7,0.060
182,-1,578.2,285.5,273.1,607.7,0.060
183,-1,858.9,0.0,376.8,1072.7,1.000
183,-1,392.8,142.0,465.6,931.7,0.999
183,-1,709.0,324.0,155.3,507.0,0.999
183,-1,1573.8,393.4,108.7,268.4,0.999
183,-1,1351.1,544.6,54.2,137.6,0.997
183,-1,0.0,185.7,195.7,814.7,0.997
183,-1,1399.4,446.9,79.6,234.3,0.995
183,-1,1696.5,472.5,42.1,113.4,0.939
183,-1,246.9,517.0,48.0,57.5,0.917
183,-1,1451.5,425.6,37.4,107.7,0.852
183,-1,1449.9,427.3,45.4,214.6,0.851
183,-1,126.7,521.2,76.2,223.5,0.775
183,-1,1251.4,359.1,94.6,113.9,0.613
183,-1,249.4,515.0,49.9,157.1,0.596
183,-1,384.3,121.8,329.0,599.8,0.160
183,-1,0.0,222.6,74.1,769.5,0.146
183,-1,1813.6,525.2,21.2,48.3,0.084
184,-1,846.3,0.0,378.1,1073.7,1.000
184,-1,0.0,215.0,287.1,767.2,1.000
184,-1,334.9,124.4,498.5,941.8,0.999
184,-1,696.0,317.2,169.8,513.7,0.999
184,-1,1578.5,390.0,111.6,269.4,0.998
184,-1,1352.5,544.7,53.7,138.7,0.996
184,-1,1395.4,450.4,81.6,229.9,0.992
184,-1,1695.0,473.9,43.2,112.6,0.941
184,-1,1452.0,429.3,45.8,216.2,0.940
184,-1,247.2,517.5,46.5,57.3,0.916
184,-1,125.8,538.4,78.6,205.9,0.859
184,-1,1247.3,358.2,99.8,115.4,0.699
184,-1,1449.8,425.9,47.2,109.7,0.680
184,-1,249.4,521.5,48.2,93.6,0.638
184,-1,652.4,399.4,84.4,340.9,0.566
184,-1,250.6,517.9,57.7,152.7,0.411
184,-1,639.7,342.9,91.5,284.7,0.273
184,-1,671.0,505.6,62.7,79.0,0.248
184,-1,675.5,508.8,110.8,306.4,0.175
184,-1,676.0,493.2,59.8,202.5,0.146
184,-1,663.0,464.9,71.6,161.8,0.139
184,-1,640.8,338.5,56.7,189.5,0.138
184,-1,1366.9,489.1,84.9,195.6,0.090
184,-1,119.0,568.6,42.6,57.5,0.068
184,-1,338.6,115.5,337.3,604.3,0.067
184,-1,1850.9,523.2,21.8,50.0,0.057
184,-1,688.1,619.9,71.2,197.4,0.052
185,-1,833.9,0.0,379.8,1069.5,1.000
185,-1,1.1,183.6,316.2,805.1,1.000
185,-1,722.6,317.6,161.3,509.8,0.999
185,-1,1582.2,390.2,114.4,268.3,0.998
185,-1,1354.2,545.0,51.6,139.1,0.997
185,-1,315.9,103.5,471.5,960.2,0.997
185,-1,1393.8,449.2,81.1,232.6,0.989
185,-1,640.1,410.2,150.4,406.8,0.989
185,-1,1456.8,432.6,53.7,215.0,0.973
185,-1,1694.7,472.8,44.7,114.0,0.951
185,-1,247.2,517.3,45.8,57.3,0.924
185,-1,139.9,572.3,58.9,176.8,0.662
185,-1,249.6,517.2,50.2,150.0,0.589
185,-1,323.0,110.7,331.2,611.1,0.570
185,-1,1246.4,357.4,97.9,117.9,0.563
185,-1,1450.3,426.3,48.4,112.2,0.545
185,-1,317.1,528.5,21.5,45.2,0.148
185,-1,1148.2,461.0,46.8,125.8,0.139
185,-1,1.4,197.1,184.7,680.7,0.119
185,-1,133.1,562.9,59.7,55.2,0.095
185,-1,1432.0,434.0,59.8,229.3,0.094
185,-1,136.3,569.7,60.2,84.4,0.090
185,-1,254.5,516.2,65.8,62.4,0.089
185,-1,1049.9,179.8,175.6,406.2,0.062
185,-1,0.2,307.2,44.7,709.5,0.060
185,-1,326.6,512.8,50.7,244.5,0.058
185,-1,78.9,556.5,114.6,282.4,0.051
186,-1,0.2,210.1,311.8,766.9,1.000
186,-1,799.0,1.1,399.2,1074.3,1.000
186,-1,750.6,317.2,121.4,511.5,0.999
186,-1,609.5,403.3,175.6,412.2,0.998
186,-1,1357.7,546.0,50.9,139.1,0.998
186,-1,1582.3,387.8,121.4,268.2,0.998
186,-1,1394.8,445.7,88.7,235.0,0.994
186,-1,276.1,94.8,482.4,963.6,0.990
186,-1,1458.0,429.8,78.6,222.5,0.989
186,-1,291.7,105.9,336.5,627.5,0.966
186,-1,1693.5,472.8,46.2,114.0,0.965
186,-1,247.7,516.8,47.0,57.3,0.751
186,-1,1453.9,426.6,49.4,116.0,0.724
186,-1,604.4,436.2,58.6,213.2,0.610
186,-1,1430.9,434.7,70.9,228.9,0.395
186,-1,1243.6,358.3,101.1,115.1,0.380
186,-1,248.3,517.5,56.0,159.2,0.229
186,-1,0.0,348.3,5.4,232.6,0.129
186,-1,168.0,552.0,57.9,62.6,0.111
186,-1,174.3,535.7,41.2,35.9,0.104
186,-1,0.0,358.0,3.8,354.3,0.086
186,-1,0.2,377.4,29.6,625.9,0.073
186,-1,1459.0,530.4,71.8,121.7,0.069
186,-1,590.4,432.6,75.4,333.7,0.068
186,-1,0.7,361.5,5.6,375.5,0.066
186,-1,273.6,519.5,27.4,54.2,0.066
186,-1,0.1,335.7,15.7,656.6,0.065
186,-1,189.8,541.0,24.6,22.2,0.052
186,-1,170.2,486.2,59.0,123.4,0.051
187,-1,0.3,208.8,299.6,777.8,1.000
187,-1,788.9,1.4,399.1,1074.3,1.000
187,-1,756.0,320.7,117.2,505.6,0.999
187,-1,623.6,395.8,169.0,418.5,0.999
187,-1,1359.7,547.1,50.8,139.6,0.998
187,-1,1584.4,387.6,122.7,268.6,0.998
187,-1,575.1,379.9,89.1,383.7,0.996
187,-1,256.1,93.2,438.8,970.6,0.995
187,-1,1401.3,444.1,79.9,237.9,0.992
187,-1,1458.8,429.0,81.9,223.9,0.981
187,-1,1694.5,473.4,45.3,113.1,0.962
187,-1,261.9,101.4,334.5,624.1,0.948
187,-1,0.3,233.5,29.1,569.5,0.935
187,-1,0.5,258.8,44.4,727.7,0.570
187,-1,1247.9,359.3,96.9,114.0,0.382
187,-1,1459.2,430.5,47.3,143.9,0.311
187,-1,1.0,246.1,105.5,681.5,0.304
187,-1,1431.3,445.9,64.7,212.3,0.136
187,-1,634.0,55.2,1197.9,1006.3,0.066
188,-1,777.4,0.0,399.3,1077.5,1.000
188,-1,2.5,219.0,277.7,754.7,1.000
188,-1,1362.3,547.4,49.2,139.5,0.998
188,-1,650.0,400.4,144.3,414.0,0.998
188,-1,547.6,374.1,121.4,406.8,0.998
188,-1,1589.7,387.0,121.3,269.4,0.997
188,-1,1402.0,444.5,89.9,239.2,0.996
188,-1,207.5,89.1,422.2,970.0,0.995
188,-1,1459.7,430.4,89.0,225.4,0.976
188,-1,0.4,247.0,52.7,563.1,0.972
188,-1,777.1,379.6,130.5,449.0,0.953
188,-1,1693.4,471.3,45.7,116.1,0.916
188,-1,235.4,93.5,340.5,571.1,0.636
188,-1,775.8,388.3,58.0,229.2,0.567
188,-1,1246.9,358.1,99.2,115.2,0.540
188,-1,782.7,591.9,126.7,235.3,0.485
188,-1,3.9,239.1,137.4,748.7,0.399
188,-1,1462.7,428.5,47.1,129.3,0.283
188,-1,174.1,404.6,116.7,566.9,0.135
188,-1,826.1,671.5,83.7,140.3,0.098
188,-1,1856.9,527.7,17.5,45.6,0.072
188,-1,213.8,555.6,38.9,58.4,0.071
188,-1,207.8,506.1,45.7,108.0,0.062
189,-1,181.7,89.2,427.1,973.7,0.999
189,-1,764.7,4.1,398.6,1072.9,0.999
189,-1,549.5,373.1,138.7,406.0,0.999
189,-1,686.9,396.6,114.9,420.8,0.999
189,-1,0.8,220.1,243.3,779.7,0.998
189,-1,1365.2,546.3,47.4,143.4,0.998
189,-1,1588.6,390.5,127.0,265.1,0.997
189,-1,1403.1,444.0,89.4,239.4,0.996
189,-1,0.7,239.2,111.1,684.4,0.982
189,-1,1461.3,431.5,94.7,222.6,0.977
189,-1,505.2,392.4,77.7,408.1,0.955
189,-1,1695.9,471.0,45.9,115.2,0.948
189,-1,786.9,627.2,78.8,200.5,0.864
189,-1,1244.1,355.5,102.9,117.4,0.781
189,-1,533.5,400.8,37.8,168.7,0.728
189,-1,1467.2,432.6,47.7,154.0,0.716
189,-1,754.6,418.6,105.1,407.5,0.505
189,-1,531.5,404.8,38.6,315.9,0.462
189,-1,534.1,399.3,35.4,85.7,0.458
189,-1,203.0,92.2,359.3,508.1,0.423
189,-1,0.0,245.9,88.8,358.8,0.365
189,-1,227.4,799.4,46.9,167.6,0.296
189,-1,85.6,219.0,152.4,556.2,0.277
189,-1,1858.1,529.5,15.7,45.1,0.120
189,-1,517.3,587.2,67.5,214.5,0.118
189,-1,723.4,605.9,138.4,223.2,0.053
190,-1,731.8,0.9,422.7,1058.7,0.999
190,-1,41.6,80.0,504.5,983.0,0.999
190,-1,558.3,375.8,160.7,404.3,0.999
190,-1,1367.0,544.9,47.4,144.6,0.998
190,-1,695.2,397.2,127.6,422.3,0.998
190,-1,1591.6,388.9,130.1,267.8,0.998
190,-1,2.9,242.0,156.2,713.9,0.997
190,-1,498.5,403.6,76.4,397.6,0.992
190,-1,1401.8,442.9,90.6,239.8,0.991
190,-1,1465.0,432.0,94.9,220.7,0.977
190,-1,103.2,220.7,149.4,404.8,0.971
190,-1,1697.8,469.5,38.4,115.4,0.910
190,-1,1243.9,356.2,102.4,116.9,0.756
190,-1,783.3,681.4,77.0,145.8,0.706
190,-1,158.2,73.7,366.7,607.4,0.442
190,-1,1470.7,434.1,48.1,165.9,0.366
190,-1,512.8,406.1,59.4,213.5,0.217
190,-1,755.6,616.2,102.0,210.5,0.158
190,-1,0.0,243.6,117.2,279.3,0.094
190,-1,517.5,397.1,58.8,90.6,0.076
190,-1,491.7,406.2,160.5,385.5,0.053
191,-1,728.5,0.0,420.9,1076.8,0.999
191,-1,565.1,375.2,163.3,401.6,0.999
191,-1,7.0,76.7,499.0,991.9,0.998
191,-1,468.4,401.2,125.6,401.3,0.998
191,-1,701.9,408.2,109.6,409.3,0.998
191,-1,1370.8,542.5,47.2,147.6,0.996
191,-1,1593.4,395.1,137.4,259.1,0.995
191,-1,1401.5,442.1,95.7,240.6,0.993
191,-1,4.2,217.6,124.8,779.1,0.993
191,-1,1473.8,428.5,92.9,224.7,0.982
191,-1,0.5,242.7,143.2,417.8,0.780
191,-1,1242.9,355.1,103.2,118.8,0.735
191,-1,1695.0,475.1,43.4,110.1,0.581
191,-1,1479.0,430.5,54.8,152.0,0.328
191,-1,1443.3,458.6,58.7,198.8,0.143
191,-1,63.1,768.9,127.7,162.8,0.133
191,-1,937.5,863.0,215.6,211.3,0.109
191,-1,755.0,572.4,262.5,241.8,0.108
191,-1,491.0,395.1,93.7,270.9,0.094
191,-1,35.5,555.9,437.7,494.5,0.072
191,-1,706.4,405.8,336.9,453.9,0.068
191,-1,8.3,173.6,263.0,770.0,0.051
192,-1,714.9,4.6,414.1,1067.7,1.000
192,-1,472.3,393.5,122.3,410.5,0.999
192,-1,566.7,376.8,166.1,399.4,0.999
192,-1,1372.8,541.3,48.3,149.0,0.998
192,-1,1595.3,397.8,136.7,257.6,0.995
192,-1,23.9,75.0,462.9,979.6,0.994
192,-1,1401.2,441.4,96.4,242.5,0.992
192,-1,0.7,211.0,141.7,774.9,0.986
192,-1,1477.0,429.3,92.0,223.8,0.985
192,-1,0.0,245.0,133.9,374.7,0.975
192,-1,716.6,415.7,70.7,398.4,0.783
192,-1,1246.0,354.5,100.7,118.7,0.603
192,-1,726.9,637.5,62.2,177.0,0.515
192,-1,1483.6,431.5,50.1,147.7,0.493
192,-1,1693.8,481.3,41.1,103.1,0.444
192,-1,63.4,806.7,104.8,163.9,0.320
192,-1,708.9,406.6,49.9,354.3,0.303
192,-1,1444.4,451.6,57.3,201.3,0.289
192,-1,730.5,588.1,281.4,227.8,0.265
192,-1,953.7,590.4,67.5,212.5,0.183
192,-1,0.0,346.4,5.8,279.2,0.153
192,-1,718.7,432.9,324.1,430.8,0.138
192,-1,8.8,129.2,289.6,815.8,0.106
192,-1,109.9,79.2,362.1,419.7,0.070
193,-1,704.4,0.0,399.0,1076.4,0.999
193,-1,35.6,70.8,468.5,991.9,0.999
193,-1,571.7,377.0,159.4,402.2,0.999
193,-1,488.8,395.1,124.0,408.3,0.998
193,-1,1374.5,542.7,47.4,146.2,0.997
193,-1,1596.0,398.9,136.4,256.1,0.997
193,-1,1402.5,440.5,95.4,242.8,0.996
193,-1,1484.6,432.7,87.1,222.6,0.994
193,-1,6.3,250.5,142.0,340.3,0.993
193,-1,2.6,232.9,150.8,728.4,0.950
193,-1,1244.9,356.0,101.9,117.4,0.658
193,-1,1693.6,483.7,40.4,102.0,0.612
193,-1,938.1,561.3,84.8,243.1,0.237
193,-1,15.4,79.0,440.1,535.9,0.191
193,-1,33.0,253.8,113.9,161.2,0.160
193,-1,7.7,293.7,364.7,712.2,0.150
193,-1,6.6,242.2,230.3,436.5,0.140
193,-1,1384.5,500.8,86.9,186.7,0.127
193,-1,1447.4,471.5,56.4,189.7,0.122
193,-1,1486.0,432.1,50.6,143.6,0.116
193,-1,836.5,46.3,259.0,737.4,0.095
193,-1,1829.7,534.8,16.0,39.1,0.085
193,-1,389.1,450.9,90.4,351.8,0.064
193,-1,944.7,718.2,77.5,85.4,0.058
193,-1,358.5,12.1,720.7,1054.8,0.051
194,-1,683.8,0.0,401.5,1072.1,1.000
194,-1,580.6,375.5,128.8,408.6,0.999
194,-1,1378.7,539.9,50.6,149.8,0.999
194,-1,503.2,394.1,114.2,414.6,0.998
194,-1,1603.0,400.2,128.9,254.3,0.998
194,-1,1489.0,431.8,83.0,224.7,0.996
194,-1,1401.8,439.8,95.4,244.1,0.996
194,-1,4.8,70.5,436.3,990.7,0.996
194,-1,261.0,213.8,93.5,72.7,0.701
194,-1,1243.6,356.6,102.7,116.9,0.607
194,-1,946.6,604.6,77.0,197.7,0.600
194,-1,3.9,227.9,131.1,763.3,0.436
194,-1,1691.9,481.2,42.0,104.5,0.434
194,-1,8.0,793.5,111.4,162.9,0.406
194,-1,1443.8,456.6,58.1,217.8,0.388
194,-1,264.4,211.8,178.1,536.1,0.301
194,-1,61.4,133.1,352.8,393.5,0.297
194,-1,0.0,261.5,150.5,386.8,0.245
194,-1,184.2,215.8,215.0,242.7,0.129
194,-1,262.6,217.0,125.5,136.3,0.121
194,-1,860.9,59.1,220.1,755.2,0.112
194,-1,159.2,216.0,197.4,120.2,0.110
194,-1,106.5,285.3,41.0,44.4,0.064
194,-1,268.8,215.5,79.1,38.1,0.059
194,-1,1384.9,502.8,89.3,182.6,0.057
195,-1,648.1,0.4,418.4,1071.3,0.999
195,-1,513.2,396.0,115.4,410.3,0.998
195,-1,1606.4,399.9,126.4,254.1,0.998
195,-1,590.4,374.3,99.1,376.6,0.998
195,-1,1379.3,538.2,57.0,152.0,0.998
195,-1,1401.4,438.9,98.6,244.2,0.997
195,-1,1488.9,429.3,83.3,223.8,0.995
195,-1,1.3,92.8,439.9,967.7,0.994
195,-1,943.0,571.2,93.5,236.0,0.844
195,-1,263.2,216.9,194.1,544.6,0.806
195,-1,14.8,81.6,352.5,450.7,0.795
195,-1,1243.1,356.2,102.9,117.1,0.505
195,-1,361.7,443.2,96.9,302.6,0.262
195,-1,262.0,215.9,107.5,109.2,0.212
195,-1,333.8,439.8,120.0,467.4,0.189
195,-1,829.9,26.1,238.6,782.9,0.182
195,-1,927.7,450.1,96.5,348.8,0.120
195,-1,1693.1,467.1,39.2,115.8,0.104
195,-1,1447.5,437.1,93.4,234.6,0.077
195,-1,336.2,289.6,126.8,392.9,0.056
196,-1,611.2,0.0,449.0,1065.2,0.999
196,-1,1614.7,397.3,117.2,252.7,0.999
196,-1,282.2,214.0,220.6,718.9,0.999
196,-1,1497.5,428.5,75.9,224.3,0.998
196,-1,1405.9,440.7,97.9,244.2,0.998
196,-1,511.0,394.6,131.6,414.5,0.997
196,-1,1381.8,538.6,65.2,152.3,0.997
196,-1,3.8,63.3,398.5,981.3,0.995
196,-1,601.8,376.8,71.2,309.7,0.977
196,-1,0.0,97.3,346.1,558.2,0.853
196,-1,910.6,536.5,125.8,269.0,0.852
196,-1,883.2,196.4,182.9,616.6,0.752
196,-1,1241.1,356.3,103.4,118.8,0.689
196,-1,125.1,176.6,358.3,814.7,0.240
196,-1,288.3,821.6,92.6,132.2,0.146
196,-1,1448.5,457.9,55.5,213.8,0.120
196,-1,1700.2,468.2,32.3,115.4,0.102
196,-1,1612.2,433.0,36.3,154.9,0.060
197,-1,580.2,0.6,485.5,1055.5,1.000
197,-1,265.9,223.1,274.4,712.8,1.000
197,-1,1620.6,394.9,112.2,256.0,0.998
197,-1,518.2,393.1,115.0,409.6,0.998
197,-1,1492.4,428.4,78.6,224.4,0.998
197,-1,1384.7,542.3,65.2,149.4,0.997
197,-1,1407.4,440.6,99.3,244.9,0.996
197,-1,3.2,74.5,368.1,985.2,0.992
197,-1,915.0,515.1,139.2,286.3,0.985
197,-1,607.8,376.7,54.4,132.9,0.978
197,-1,1240.6,356.7,104.7,117.4,0.541
197,-1,0.0,74.8,312.3,548.0,0.490
197,-1,852.5,117.1,208.5,692.3,0.456
197,-1,607.8,364.2,55.0,293.4,0.335
197,-1,1614.6,432.7,37.0,163.4,0.086
197,-1,545.0,393.1,84.7,256.9,0.062
198,-1,260.5,224.8,307.5,715.0,1.000
198,-1,542.5,0.0,499.2,1070.3,0.999
198,-1,1625.2,392.9,106.5,256.6,0.999
198,-1,1494.2,428.4,75.5,223.5,0.999
198,-1,2.4,79.7,312.2,993.1,0.998
198,-1,1417.2,440.1,91.1,248.1,0.997
198,-1,514.0,389.4,126.7,413.3,0.996
198,-1,1385.7,542.7,67.2,149.8,0.995
198,-1,926.4,515.2,124.4,288.3,0.971
198,-1,1445.8,434.6,88.6,234.0,0.661
198,-1,206.9,271.1,43.4,73.2,0.655
198,-1,897.1,288.2,164.2,517.4,0.607
198,-1,1241.3,357.0,104.2,117.2,0.552
198,-1,1394.7,491.2,78.0,193.6,0.463
198,-1,0.0,64.0,271.3,570.5,0.449
198,-1,194.7,267.1,113.7,588.9,0.435
198,-1,804.5,98.8,259.9,716.2,0.341
198,-1,200.5,274.5,82.9,214.3,0.295
198,-1,201.1,268.6,65.4,131.1,0.203
198,-1,613.6,381.0,32.9,106.5,0.093
198,-1,1623.9,527.6,27.4,71.1,0.081
198,-1,550.0,392.8,82.0,227.6,0.073
198,-1,537.0,492.2,17.2,43.3,0.069
198,-1,1617.8,433.7,24.1,166.1,0.064
198,-1,261.9,388.7,33.3,194.6,0.054
199,-1,262.3,234.2,330.9,722.6,1.000
199,-1,500.1,0.0,542.4,1066.7,1.000
199,-1,1625.9,392.0,106.0,253.5,0.999
199,-1,1497.6,426.0,77.9,228.5,0.998
199,-1,1388.5,542.8,63.4,149.2,0.997
199,-1,1412.8,442.3,99.4,246.8,0.997
199,-1,942.1,509.8,126.0,293.3,0.996
199,-1,1.0,67.5,272.5,995.3,0.995
199,-1,156.4,263.1,163.8,634.0,0.994
199,-1,520.1,418.0,89.1,373.6,0.751
199,-1,540.5,389.2,76.7,237.3,0.716
199,-1,1247.0,356.1,96.9,118.3,0.549
199,-1,559.9,386.4,58.6,147.1,0.420
199,-1,882.5,564.8,34.4,221.7,0.233
199,-1,566.5,450.5,39.0,82.9,0.228
199,-1,1630.0,527.2,30.7,72.9,0.210
199,-1,816.5,143.0,250.9,692.2,0.209
199,-1,920.3,590.4,19.3,36.4,0.198
199,-1,1619.0,447.4,16.4,149.9,0.158
199,-1,525.3,454.2,79.1,157.8,0.155
199,-1,1618.5,442.3,31.3,148.8,0.137
199,-1,917.1,328.4,153.5,461.8,0.134
199,-1,875.0,536.5,37.1,156.9,0.066
199,-1,180.9,269.0,130.6,263.7,0.066
199,-1,1626.3,519.8,21.9,79.1,0.050
200,-1,268.1,239.6,302.2,708.4,0.999
200,-1,480.1,0.0,533.9,1064.0,0.999
200,-1,1628.3,391.8,105.7,256.9,0.999
200,-1,138.0,264.2,237.8,684.9,0.999
200,-1,1499.6,425.7,78.6,230.3,0.998
200,-1,0.1,9.1,224.3,1070.9,0.997
200,-1,1412.6,439.0,98.9,249.3,0.996
200,-1,940.6,491.4,160.8,310.5,0.996
200,-1,1392.8,542.3,63.3,150.6,0.995
200,-1,870.8,551.0,53.6,238.2,0.945
200,-1,1243.7,358.9,102.3,114.7,0.658
200,-1,1619.9,454.8,21.0,142.8,0.400
200,-1,991.8,326.8,34.0,56.7,0.364
200,-1,842.2,225.6,242.7,564.0,0.227
200,-1,1621.7,436.8,33.4,160.9,0.194
200,-1,1625.2,501.0,24.4,99.5,0.149
200,-1,110.8,282.5,115.4,583.8,0.108
200,-1,181.6,269.3,151.8,504.0,0.081
200,-1,914.7,578.5,23.8,50.2,0.076
200,-1,1.9,51.4,184.0,524.1,0.051
200,-1,1619.7,436.1,19.3,96.6,0.051
200,-1,1619.5,459.3,13.0,74.2,0.051
201,-1,440.0,0.0,544.7,1068.8,0.999
201,-1,181.1,253.7,191.5,674.4,0.999
201,-1,946.3,333.2,198.3,468.6,0.999
201,-1,1632.0,394.2,105.7,254.6,0.999
201,-1,273.5,228.7,274.9,724.7,0.998
201,-1,1402.3,541.2,54.9,149.8,0.997
201,-1,1418.6,439.2,96.7,248.3,0.997
201,-1,1520.7,426.4,65.5,228.3,0.996
201,-1,0.4,104.4,181.3,910.3,0.993
201,-1,851.7,569.5,91.2,215.5,0.857
201,-1,1617.6,440.3,33.6,159.2,0.657
201,-1,989.4,334.8,80.2,236.8,0.553
201,-1,1243.4,357.8,102.0,115.9,0.516
201,-1,822.8,271.9,207.3,512.9,0.368
201,-1,987.7,329.7,51.8,72.6,0.359
201,-1,848.8,366.0,114.9,416.6,0.227
201,-1,1625.7,496.6,27.8,102.6,0.208
201,-1,0.0,466.3,96.1,591.2,0.135
201,-1,617.4,35.7,439.5,813.3,0.133
201,-1,992.2,331.2,122.3,348.5,0.091
201,-1,1619.2,456.7,21.9,118.2,0.081
201,-1,933.9,328.2,138.3,290.4,0.078
201,-1,1155.6,385.2,66.4,63.1,0.052
202,-1,947.7,330.6,222.7,476.8,0.999
202,-1,404.0,0.8,577.9,1065.7,0.999
202,-1,205.7,253.6,190.3,641.1,0.999
202,-1,1632.7,394.3,113.3,253.8,0.999
202,-1,280.2,232.8,258.7,721.1,0.998
202,-1,1519.2,427.4,64.8,224.2,0.996
202,-1,1424.0,440.1,93.8,248.9,0.995
202,-1,1404.3,537.5,55.9,152.0,0.992
202,-1,1.1,174.4,149.7,887.4,0.984
202,-1,853.2,570.3,109.2,218.0,0.979
202,-1,1247.2,354.5,99.2,119.5,0.654
202,-1,1619.4,463.5,34.9,137.0,0.429
202,-1,852.7,417.3,133.0,363.9,0.374
202,-1,944.1,528.1,27.4,82.5,0.342
202,-1,130.7,546.7,68.0,196.8,0.336
202,-1,806.8,276.1,208.6,510.8,0.141
202,-1,109.0,537.1,97.9,281.7,0.122
202,-1,367.7,243.4,164.6,535.4,0.089
202,-1,700.6,66.5,308.8,762.7,0.086
202,-1,263.0,113.9,450.0,883.7,0.083
202,-1,105.9,368.9,110.9,383.3,0.056
202,-1,1157.2,397.9,63.7,46.6,0.056
202,-1,1619.6,461.4,19.3,121.6,0.053
202,-1,1418.8,444.1,69.2,186.9,0.051
203,-1,953.2,334.1,222.7,470.8,1.000
203,-1,377.6,1.0,632.6,1077.5,0.999
203,-1,1636.9,398.5,114.7,251.0,0.999
203,-1,219.3,252.1,195.7,628.4,0.999
203,-1,305.2,249.0,212.7,693.5,0.998
203,-1,1522.1,427.8,66.7,224.4,0.998
203,-1,1422.7,438.3,97.3,249.5,0.995
203,-1,849.9,540.9,117.5,246.9,0.993
203,-1,1407.3,537.9,58.9,151.4,0.993
203,-1,0.3,222.4,126.5,718.2,0.896
203,-1,948.9,532.4,26.0,76.3,0.805
203,-1,125.6,528.2,73.6,216.0,0.669
203,-1,1243.4,355.0,103.2,118.9,0.655
203,-1,130.9,643.8,60.2,98.1,0.283
203,-1,1618.9,456.9,34.3,142.9,0.212
203,-1,104.9,397.1,105.6,355.2,0.212
203,-1,925.1,543.4,16.5,55.2,0.193
203,-1,963.5,534.5,15.3,68.9,0.178
203,-1,383.5,241.2,134.1,553.9,0.075
203,-1,827.5,335.3,174.8,446.3,0.061
204,-1,953.9,338.4,224.9,462.0,1.000
204,-1,328.4,0.0,578.4,1071.8,0.999
204,-1,233.4,254.1,206.5,681.2,0.999
204,-1,1641.9,400.4,116.2,248.1,0.999
204,-1,1427.1,438.4,97.8,250.0,0.997
204,-1,855.9,470.9,148.8,323.5,0.996
204,-1,1531.7,427.5,79.9,224.5,0.995
204,-1,1409.0,535.8,59.9,156.9,0.989
204,-1,946.8,529.9,27.5,81.3,0.924
204,-1,0.0,296.7,83.9,624.4,0.901
204,-1,123.9,527.0,77.4,218.1,0.852
204,-1,407.0,316.5,66.3,276.9,0.836
204,-1,1244.3,354.2,101.4,119.7,0.616
204,-1,57.4,497.1,41.7,252.8,0.558
204,-1,59.1,500.0,47.5,102.2,0.525
204,-1,130.3,643.8,59.2,98.2,0.281
204,-1,1626.2,481.7,27.7,116.3,0.194
204,-1,72.9,561.3,43.3,186.2,0.153
204,-1,25.1,381.7,78.0,400.2,0.109
204,-1,28.7,389.9,69.3,123.0,0.095
204,-1,1619.4,463.4,19.9,66.1,0.082
204,-1,67.2,505.6,96.6,243.7,0.067
204,-1,1505.5,458.7,28.2,26.7,0.067
204,-1,972.4,527.4,22.7,74.6,0.063
204,-1,365.7,298.8,122.0,615.3,0.060
204,-1,1620.1,460.0,21.4,118.8,0.053
204,-1,1155.7,384.5,66.7,64.8,0.053
205,-1,249.8,269.0,175.8,638.2,1.000
205,-1,301.5,0.0,627.3,1077.6,1.000
205,-1,963.5,339.4,214.5,454.6,0.999
205,-1,1649.2,400.5,106.2,247.4,0.999
205,-1,848.7,407.5,175.4,384.8,0.999
205,-1,1527.1,426.7,102.5,227.8,0.996
205,-1,1431.3,438.5,97.9,251.5,0.995
205,-1,1411.2,538.2,60.5,151.4,0.988
205,-1,119.9,533.7,81.3,210.2,0.888
205,-1,0.4,420.1,49.3,388.8,0.751
205,-1,50.3,573.2,61.9,177.9,0.717
205,-1,1420.5,490.7,72.1,195.4,0.560
205,-1,1241.0,351.5,105.4,120.3,0.522
205,-1,51.2,538.2,138.6,212.9,0.289
205,-1,129.6,646.3,60.4,96.8,0.285
205,-1,35.3,498.9,74.6,82.8,0.139
205,-1,42.3,521.4,71.3,173.8,0.138
205,-1,9.3,402.7,100.7,373.2,0.132
205,-1,911.7,415.0,45.0,96.1,0.123
205,-1,15.1,390.0,96.6,204.4,0.071
205,-1,77.5,592.3,66.4,153.0,0.066
205,-1,1156.7,384.5,66.5,69.1,0.057
206,-1,273.1,268.1,118.3,630.5,1.000
206,-1,259.7,0.0,599.3,1071.6,1.000
206,-1,974.3,341.5,206.8,447.3,0.999
206,-1,857.0,416.7,179.1,377.0,0.999
206,-1,1528.4,430.5,115.2,228.8,0.998
206,-1,1651.3,405.2,104.1,240.3,0.998
206,-1,1434.1,437.7,95.5,251.9,0.995
206,-1,1412.9,536.7,63.0,154.2,0.990
206,-1,0.8,363.0,58.3,682.5,0.977
206,-1,123.0,530.7,80.5,212.7,0.856
206,-1,710.0,610.1,82.1,174.9,0.776
206,-1,1245.8,355.6,99.9,118.5,0.503
206,-1,0.0,433.1,60.4,305.6,0.496
206,-1,1418.6,485.5,78.4,194.7,0.453
206,-1,541.1,841.6,48.1,58.4,0.328
206,-1,40.3,499.2,72.0,79.5,0.291
206,-1,130.1,649.9,59.1,93.8,0.221
206,-1,645.9,289.4,231.3,489.3,0.168
206,-1,507.0,32.8,339.9,782.1,0.137
206,-1,28.8,395.2,97.8,119.1,0.114
206,-1,44.0,517.8,67.2,134.1,0.085
206,-1,715.8,550.3,119.8,228.6,0.084
206,-1,24.1,398.5,94.5,243.6,0.063
206,-1,0.0,432.1,108.1,410.0,0.059
207,-1,988.2,339.3,190.9,447.8,1.000
207,-1,239.5,0.0,592.4,1071.6,1.000
207,-1,856.7,410.1,174.2,380.7,0.999
207,-1,1655.1,406.4,101.4,237.2,0.999
207,-1,1529.3,429.5,120.5,226.6,0.998
207,-1,1433.4,437.0,98.3,252.6,0.996
207,-1,1417.2,537.9,62.4,154.4,0.996
207,-1,0.5,247.3,109.0,803.0,0.994
207,-1,120.7,502.7,83.1,245.3,0.937
207,-1,699.4,580.4,119.3,205.2,0.914
207,-1,246.9,516.8,44.2,55.6,0.828
207,-1,676.5,603.1,87.0,190.6,0.749
207,-1,1246.0,356.8,100.5,117.5,0.591
207,-1,57.4,499.4,54.5,92.9,0.390
207,-1,247.5,521.8,44.7,99.2,0.360
207,-1,673.3,417.5,152.3,360.8,0.230
207,-1,531.4,69.7,298.5,781.2,0.094
207,-1,122.9,469.8,39.3,38.2,0.056
207,-1,252.7,513.4,51.0,157.0,0.051
208,-1,1003.6,333.7,168.7,452.6,1.000
208,-1,215.9,2.6,593.5,1066.0,0.999
208,-1,867.4,410.7,154.4,371.5,0.999
208,-1,1.2,271.9,188.3,755.4,0.999
208,-1,1659.9,402.8,98.2,240.2,0.998
208,-1,1436.9,435.1,93.8,255.1,0.997
208,-1,1530.7,427.5,125.8,227.4,0.996
208,-1,1419.0,538.7,61.8,156.8,0.995
208,-1,715.3,544.7,126.8,242.8,0.985
208,-1,668.4,545.5,111.3,253.2,0.984
208,-1,1242.9,351.5,103.4,120.5,0.593
208,-1,660.0,450.7,182.1,339.9,0.351
208,-1,123.1,532.5,80.6,215.8,0.309
208,-1,0.4,261.2,49.3,123.0,0.060
208,-1,2.3,256.2,117.1,556.7,0.053
209,-1,1033.8,334.5,155.5,451.0,1.000
209,-1,890.9,415.0,151.0,361.9,0.999
209,-1,120.2,2.4,602.3,1076.8,0.999
209,-1,0.0,263.9,204.7,743.4,0.998
209,-1,1662.7,406.3,103.7,232.1,0.998
209,-1,1437.2,429.1,98.6,260.5,0.995
209,-1,658.9,374.7,195.6,428.5,0.994
209,-1,1534.9,431.7,123.4,223.4,0.994
209,-1,1421.6,532.3,62.2,164.1,0.990
209,-1,556.8,542.2,132.3,353.9,0.812
209,-1,123.9,527.7,65.6,215.4,0.804
209,-1,1244.3,355.5,102.0,118.6,0.606
209,-1,479.3,134.5,224.6,771.2,0.565
209,-1,119.8,529.9,61.3,109.7,0.416
209,-1,687.4,657.4,116.0,129.6,0.200
209,-1,125.4,475.3,26.8,32.0,0.166
209,-1,747.3,482.6,120.7,286.0,0.138
209,-1,1609.9,411.0,114.0,235.8,0.107
209,-1,546.3,359.3,161.7,408.0,0.102
209,-1,1532.5,480.4,79.9,170.5,0.099
209,-1,671.8,618.3,88.0,164.6,0.085
209,-1,909.2,519.8,32.6,107.3,0.080
209,-1,79.9,402.7,70.0,95.8,0.079
209,-1,652.3,439.5,101.3,348.9,0.070
209,-1,0.2,263.8,90.7,120.5,0.061
209,-1,133.5,674.1,50.7,66.9,0.056
209,-1,660.9,564.1,140.1,236.6,0.053
210,-1,1045.9,336.8,166.5,447.6,1.000
210,-1,115.7,4.9,557.7,1071.9,0.999
210,-1,1.6,270.1,183.9,751.9,0.999
210,-1,1438.0,427.7,101.6,263.1,0.999
210,-1,907.1,405.1,142.0,368.0,0.999
210,-1,1666.6,403.7,100.8,237.4,0.998
210,-1,680.3,375.4,175.9,414.3,0.998
210,-1,1532.8,428.0,124.2,225.4,0.997
210,-1,518.9,372.6,211.5,525.1,0.990
210,-1,1423.3,535.2,58.8,160.7,0.984
210,-1,909.3,523.5,34.3,101.8,0.968
210,-1,936.6,532.9,17.2,76.8,0.575
210,-1,1247.5,354.8,100.3,117.5,0.566
210,-1,713.7,565.9,125.2,219.7,0.278
210,-1,885.7,535.3,24.4,76.1,0.238
210,-1,749.1,512.5,112.3,255.1,0.190
210,-1,432.0,154.1,281.4,759.4,0.169
210,-1,608.0,398.1,202.0,423.5,0.155
210,-1,518.6,581.5,104.4,321.8,0.147
210,-1,939.1,534.4,13.7,43.6,0.101
211,-1,1058.6,335.8,186.0,449.0,1.000
211,-1,932.9,406.8,124.1,365.9,1.000
211,-1,1547.2,427.5,110.9,228.8,0.999
211,-1,82.6,5.9,519.4,1067.1,0.999
211,-1,517.4,254.3,267.9,645.1,0.999
211,-1,1670.2,402.7,109.4,237.1,0.999
211,-1,1439.9,427.4,101.8,265.8,0.998
211,-1,1.8,272.7,138.7,678.4,0.998
211,-1,678.8,377.1,205.3,417.3,0.998
211,-1,1426.4,535.0,57.0,161.7,0.986
211,-1,910.2,516.2,31.0,111.5,0.986
211,-1,936.2,532.7,24.2,77.0,0.980
211,-1,1431.0,472.9,74.5,222.3,0.964
211,-1,0.2,303.0,26.0,112.7,0.743
211,-1,1248.8,356.7,99.8,116.2,0.650
211,-1,469.8,595.5,78.0,227.2,0.614
211,-1,0.1,308.8,30.2,275.2,0.594
211,-1,467.3,420.4,159.3,444.3,0.418
211,-1,893.3,533.1,19.3,80.4,0.401
211,-1,317.1,42.4,299.9,851.5,0.202
211,-1,0.0,264.3,18.0,708.7,0.168
211,-1,946.0,537.4,17.6,68.5,0.157
211,-1,0.0,293.1,17.9,232.6,0.133
211,-1,891.4,536.3,13.6,32.4,0.106
211,-1,464.9,270.9,231.3,533.9,0.078
211,-1,0.0,299.4,11.1,311.3,0.062
211,-1,0.8,295.9,37.2,627.0,0.057
212,-1,939.1,407.6,120.6,362.2,1.000
212,-1,1069.5,333.9,191.4,451.6,1.000
212,-1,511.8,251.6,295.3,656.8,0.999
212,-1,1670.6,401.0,107.5,239.0,0.998
212,-1,48.7,0.0,531.6,1071.6,0.998
212,-1,1558.0,428.0,100.5,227.3,0.998
212,-1,694.5,378.9,189.6,413.8,0.997
212,-1,1442.3,426.8,97.4,264.8,0.996
212,-1,936.3,533.2,25.7,77.1,0.996
212,-1,906.4,516.7,35.5,109.4,0.987
212,-1,0.0,278.0,109.4,685.9,0.982
212,-1,1430.8,529.5,57.1,166.0,0.977
212,-1,0.3,299.1,47.7,220.0,0.845
212,-1,1.6,296.3,62.2,598.7,0.745
212,-1,891.1,529.6,20.8,83.2,0.667
212,-1,1244.8,357.1,101.2,116.6,0.586
212,-1,423.8,578.4,128.3,247.6,0.453
212,-1,7.8,278.3,89.8,290.9,0.412
212,-1,261.2,43.7,333.9,813.5,0.388
212,-1,30.6,276.8,72.0,129.0,0.313
212,-1,423.0,426.0,164.5,386.8,0.221
212,-1,0.0,295.9,41.6,450.6,0.205
212,-1,892.4,535.0,17.2,37.8,0.088
212,-1,0.0,385.5,22.2,520.0,0.084
213,-1,1077.7,337.7,195.3,442.9,1.000
213,-1,517.5,265.9,303.5,637.2,1.000
213,-1,951.7,406.0,116.8,364.1,0.999
213,-1,1673.3,401.6,107.7,239.2,0.999
213,-1,13.9,1.7,508.3,1073.7,0.998
213,-1,1565.9,424.4,93.1,231.3,0.997
213,-1,698.6,373.3,188.7,423.3,0.996
213,-1,1442.3,430.2,99.0,264.0,0.995
213,-1,936.1,532.0,25.8,80.5,0.990
213,-1,907.0,517.0,34.5,108.3,0.989
213,-1,1432.5,528.5,55.8,168.1,0.986
213,-1,0.4,305.0,55.8,492.6,0.966
213,-1,360.4,454.7,255.1,435.6,0.904
213,-1,893.3,531.5,18.4,78.8,0.799
213,-1,1243.7,354.7,102.2,119.6,0.606
213,-1,306.9,101.9,304.2,789.5,0.418
213,-1,894.3,535.3,15.3,34.7,0.096
213,-1,0.8,310.2,58.4,175.0,0.089
214,-1,519.6,271.7,312.1,624.9,1.000
214,-1,1090.6,339.4,195.4,442.8,1.000
214,-1,962.7,407.0,118.3,362.9,0.999
214,-1,1673.2,403.0,112.7,238.3,0.998
214,-1,1.2,0.0,546.0,1066.9,0.997
214,-1,1581.5,426.5,76.7,225.7,0.996
214,-1,714.8,373.5,177.1,422.7,0.995
214,-1,1453.8,432.6,93.5,260.6,0.994
214,-1,375.2,288.6,221.8,592.5,0.985
214,-1,908.3,515.4,35.7,113.0,0.984
214,-1,1431.2,530.5,65.0,165.0,0.982
214,-1,1243.6,358.1,102.4,114.2,0.609
214,-1,936.9,536.1,17.8,73.2,0.388
214,-1,482.8,283.7,41.9,83.4,0.369
214,-1,552.8,402.2,37.9,77.1,0.224
214,-1,0.0,6.6,28.0,242.4,0.189
214,-1,0.7,117.6,32.5,948.7,0.182
214,-1,0.1,2.3,16.7,469.0,0.156
214,-1,894.2,529.4,18.5,82.2,0.145
214,-1,0.0,0.9,152.7,327.4,0.083
214,-1,441.4,282.7,119.1,421.8,0.064
214,-1,2.0,0.0,167.1,71.6,0.060
214,-1,0.0,362.1,17.2,681.5,0.057
214,-1,0.1,13.0,84.0,1060.0,0.054
214,-1,0.1,7.0,13.3,224.2,0.052
215,-1,1097.5,339.5,198.2,442.4,1.000
215,-1,520.9,262.2,320.8,628.4,1.000
215,-1,974.4,410.1,119.0,362.2,0.999
215,-1,2.3,5.8,551.6,1060.2,0.998
215,-1,408.7,299.6,202.8,577.8,0.998
215,-1,1456.5,434.6,97.3,258.6,0.997
215,-1,1677.0,400.7,112.4,240.5,0.997
215,-1,1585.7,423.8,78.6,227.3,0.997
215,-1,732.8,376.9,155.3,411.9,0.995
215,-1,908.5,515.3,36.1,112.8,0.984
215,-1,1433.0,531.9,68.1,165.0,0.978
215,-1,1246.8,358.0,99.3,114.4,0.608
215,-1,1675.3,422.2,44.4,165.6,0.418
215,-1,557.9,388.7,52.8,103.0,0.211
215,-1,893.1,526.3,21.1,85.0,0.172
215,-1,460.0,280.1,112.7,241.6,0.120
215,-1,1506.7,457.4,33.8,60.0,0.114
215,-1,1743.6,414.9,42.4,197.1,0.074
215,-1,687.9,741.6,46.1,59.4,0.073
215,-1,466.5,279.0,69.6,92.9,0.073
215,-1,445.3,284.3,157.6,385.3,0.073
215,-1,936.3,535.7,14.7,71.9,0.066
215,-1,1494.5,446.3,58.6,169.5,0.062
216,-1,555.8,265.4,288.2,617.6,1.000
216,-1,1109.7,344.3,186.6,435.9,0.999
216,-1,984.6,412.9,128.5,358.8,0.999
216,-1,1457.7,434.5,101.8,260.6,0.999
216,-1,447.3,278.0,173.5,591.5,0.999
216,-1,1590.3,423.6,82.4,229.5,0.998
216,-1,753.7,369.6,120.0,424.2,0.997
216,-1,1.3,3.3,505.0,1052.4,0.996
216,-1,1677.5,402.3,117.0,238.8,0.996
216,-1,204.8,606.1,131.9,385.9,0.993
216,-1,908.0,514.8,36.7,113.2,0.990
216,-1,1440.4,535.2,64.6,162.3,0.983
216,-1,1247.3,352.2,99.6,120.2,0.503
216,-1,974.9,526.0,32.4,74.9,0.473
216,-1,1673.9,439.2,48.1,144.6,0.307
216,-1,936.6,539.8,12.3,67.2,0.192
216,-1,5.9,523.1,293.9,536.9,0.135
216,-1,1508.0,453.3,50.2,173.3,0.118
216,-1,703.0,712.1,38.5,87.5,0.086
216,-1,982.6,526.8,18.3,47.9,0.082
216,-1,574.5,385.4,51.3,123.0,0.081
216,-1,891.3,522.7,21.7,88.3,0.062
216,-1,988.5,527.1,19.0,42.6,0.056
217,-1,559.2,269.0,284.7,620.9,1.000
217,-1,989.1,413.9,128.5,355.8,0.999
217,-1,1115.1,347.2,187.9,433.4,0.999
217,-1,468.3,275.1,155.2,594.0,0.999
217,-1,1462.8,434.6,97.6,260.9,0.998
217,-1,1679.8,407.4,116.2,232.6,0.996
217,-1,10.2,3.3,488.4,1063.6,0.996
217,-1,1600.3,426.5,80.9,224.7,0.995
217,-1,759.5,374.3,135.3,415.6,0.995
217,-1,906.7,517.0,38.9,110.2,0.990
217,-1,1440.9,536.1,63.9,164.7,0.984
217,-1,182.8,608.5,158.3,391.8,0.950
217,-1,1245.5,354.1,101.7,117.9,0.668
217,-1,973.6,526.7,35.6,75.3,0.627
217,-1,1434.7,473.0,92.8,225.1,0.587
217,-1,1679.5,467.8,50.5,116.3,0.216
217,-1,1505.4,449.2,55.9,201.6,0.155
217,-1,936.2,543.5,15.1,64.7,0.154
217,-1,990.3,528.8,18.2,44.8,0.098
217,-1,1513.2,459.0,30.2,57.6,0.096
217,-1,1.2,279.2,243.8,781.9,0.091
217,-1,266.0,577.3,66.4,98.0,0.057
217,-1,762.4,372.2,81.8,308.2,0.053
218,-1,471.7,275.8,164.9,590.9,1.000
218,-1,1124.5,348.0,184.5,430.1,1.000
218,-1,991.3,416.8,134.2,352.4,0.999
218,-1,590.1,264.4,253.9,618.5,0.999
218,-1,1464.6,433.0,99.9,261.9,0.999
218,-1,771.2,363.4,115.0,425.6,0.997
218,-1,1686.4,407.2,108.2,234.8,0.997
218,-1,1601.8,423.9,95.2,228.0,0.996
218,-1,1.5,0.0,479.9,1056.9,0.994
218,-1,905.7,516.5,40.9,110.9,0.992
218,-1,1443.5,538.4,63.1,162.0,0.985
218,-1,162.7,571.1,203.6,426.3,0.974
218,-1,1245.1,353.3,102.8,118.1,0.617
218,-1,970.6,525.1,37.2,78.3,0.368
218,-1,1681.4,433.1,49.6,151.1,0.280
218,-1,1648.6,433.6,48.5,197.1,0.206
218,-1,934.8,546.6,14.9,61.0,0.136
218,-1,1651.1,430.2,31.4,129.5,0.133
218,-1,0.3,454.5,231.2,609.8,0.062
218,-1,1002.0,527.3,19.9,75.2,0.058
219,-1,500.1,281.0,160.5,588.7,1.000
219,-1,995.6,420.0,140.7,347.7,0.999
219,-1,1135.5,351.2,184.9,424.9,0.999
219,-1,633.6,266.3,211.6,611.0,0.999
219,-1,1610.4,421.8,110.5,232.1,0.998
219,-1,787.4,363.6,103.0,416.6,0.998
219,-1,1470.4,432.9,94.2,263.3,0.998
219,-1,1689.6,408.1,107.8,233.0,0.997
219,-1,150.7,504.4,300.2,494.1,0.997
219,-1,909.8,514.4,35.3,112.2,0.992
219,-1,1.9,3.6,433.5,1054.2,0.986
219,-1,1446.2,538.3,63.5,161.0,0.969
219,-1,114.3,637.1,87.8,277.0,0.650
219,-1,1246.1,354.6,99.1,118.2,0.602
219,-1,2.5,19.1,199.5,1035.2,0.547
219,-1,973.2,526.0,36.6,76.0,0.491
219,-1,1681.8,441.1,50.6,142.8,0.467
219,-1,1002.3,527.7,17.5,72.5,0.314
219,-1,1.3,561.8,186.3,486.0,0.242
219,-1,117.6,636.6,158.3,325.9,0.236
219,-1,1516.4,449.0,52.3,183.9,0.200
219,-1,1649.6,421.3,106.0,222.8,0.123
219,-1,371.4,588.8,29.2,47.9,0.122
219,-1,998.6,520.6,38.9,108.6,0.090
219,-1,988.7,528.1,20.8,52.1,0.089
219,-1,1443.6,464.9,94.4,235.9,0.078
219,-1,1682.8,507.9,37.4,76.0,0.073
219,-1,1.3,817.6,174.7,253.5,0.073
219,-1,727.0,333.4,126.8,480.8,0.070
219,-1,1142.2,506.7,54.7,140.7,0.053
220,-1,1009.7,423.9,132.6,340.5,1.000
220,-1,507.7,288.6,177.2,576.1,1.000
220,-1,1141.2,347.9,183.3,419.0,0.999
220,-1,666.0,256.8,177.4,625.2,0.999
220,-1,1614.4,424.6,108.3,226.9,0.999
220,-1,798.1,364.0,99.9,429.4,0.998
220,-1,147.4,477.0,365.1,522.6,0.996
220,-1,1471.9,433.8,92.9,263.9,0.996
220,-1,1689.7,407.2,109.9,231.2,0.993
220,-1,1454.9,540.3,56.7,161.1,0.988
220,-1,908.5,516.7,39.2,110.9,0.986
220,-1,2.7,7.8,428.1,1046.6,0.955
220,-1,2.4,30.1,163.7,1026.8,0.856
220,-1,127.5,624.1,99.0,331.4,0.665
220,-1,1252.5,354.7,93.6,115.6,0.633
220,-1,387.8,577.7,41.9,47.0,0.501
220,-1,975.0,523.9,35.7,78.8,0.385
220,-1,1516.8,441.1,55.1,215.4,0.359
220,-1,1683.1,437.8,50.3,147.9,0.290
220,-1,0.0,578.5,150.4,488.2,0.226
220,-1,1619.6,430.9,22.3,53.6,0.097
220,-1,297.8,281.1,50.3,69.9,0.091
220,-1,1142.9,510.4,58.5,135.9,0.081
220,-1,776.5,551.0,116.9,238.0,0.066
220,-1,800.1,370.1,63.9,267.5,0.063
220,-1,989.1,528.1,20.9,55.7,0.062
220,-1,1685.7,512.6,32.8,71.6,0.061
221,-1,520.7,298.3,222.3,559.8,1.000
221,-1,1025.9,420.1,125.2,337.5,1.000
221,-1,158.8,277.2,404.2,706.8,1.000
221,-1,1617.9,427.5,110.9,224.2,0.999
221,-1,694.9,263.8,188.6,612.4,0.999
221,-1,1152.6,346.8,171.9,417.8,0.999
221,-1,809.9,368.2,106.5,427.3,0.997
221,-1,1698.2,405.9,101.0,228.2,0.995
221,-1,1476.4,433.1,87.4,259.9,0.995
221,-1,1459.2,538.6,57.5,158.4,0.989
221,-1,908.6,517.0,40.0,110.6,0.976
221,-1,140.4,569.0,170.7,399.8,0.958
221,-1,137.0,570.4,89.1,370.8,0.900
221,-1,5.9,2.8,102.7,1073.0,0.819
221,-1,7.6,8.1,331.9,1049.5,0.692
221,-1,1261.5,354.3,86.9,115.2,0.654
221,-1,50.4,636.9,57.9,114.5,0.535
221,-1,1518.8,439.7,57.8,202.7,0.380
221,-1,1.2,839.5,91.0,230.5,0.362
221,-1,1148.9,510.4,58.1,138.4,0.294
221,-1,977.8,523.1,33.5,75.8,0.278
221,-1,934.0,532.2,20.6,76.3,0.269
221,-1,1687.8,437.3,47.6,145.0,0.266
221,-1,816.2,374.2,57.2,373.3,0.225
221,-1,1619.7,461.8,14.7,35.6,0.220
221,-1,591.3,265.7,232.7,612.4,0.147
221,-1,1.1,7.2,117.4,564.7,0.143
221,-1,814.0,370.3,51.9,137.3,0.123
221,-1,0.0,446.0,92.4,597.3,0.121
221,-1,1619.3,459.2,17.8,124.7,0.116
221,-1,1618.5,460.5,15.7,73.3,0.115
221,-1,267.5,283.6,105.6,107.3,0.109
221,-1,52.1,563.1,232.0,454.1,0.060
221,-1,129.9,401.5,252.7,561.9,0.059
221,-1,82.3,272.1,363.3,554.9,0.054
221,-1,977.2,502.4,74.1,187.7,0.052
222,-1,165.0,292.9,404.4,688.1,1.000
222,-1,1038.0,414.9,121.9,342.1,0.999
222,-1,524.9,300.3,227.9,553.6,0.999
222,-1,1160.0,348.1,159.9,416.3,0.999
222,-1,707.2,260.0,195.2,612.3,0.998
222,-1,1617.8,429.7,125.4,223.0,0.995
222,-1,1477.3,431.2,90.6,260.8,0.994
222,-1,825.5,373.2,124.5,409.7,0.994
222,-1,1695.8,403.9,104.9,228.1,0.993
222,-1,1460.7,538.9,57.6,158.9,0.989
222,-1,908.7,517.6,35.2,108.6,0.951
222,-1,141.0,301.1,210.0,662.0,0.938
222,-1,201.0,305.5,81.6,102.8,0.935
222,-1,54.7,616.9,54.0,134.2,0.830
222,-1,138.6,529.0,164.6,420.5,0.727
222,-1,934.7,532.2,22.0,75.9,0.627
222,-1,1267.5,351.2,80.4,117.7,0.566
222,-1,1521.0,436.4,55.9,207.8,0.504
222,-1,826.8,374.8,49.2,212.6,0.472
222,-1,822.9,368.2,57.3,398.2,0.409
222,-1,1155.5,504.8,56.7,146.4,0.398
222,-1,65.1,608.7,96.4,137.5,0.374
222,-1,5.9,32.5,303.2,944.5,0.349
222,-1,976.3,522.5,37.0,79.4,0.331
222,-1,1620.0,462.4,16.5,41.1,0.298
222,-1,166.9,319.6,116.2,385.3,0.296
222,-1,1620.2,463.6,19.3,131.3,0.288
222,-1,824.1,366.4,47.9,108.1,0.274
222,-1,116.8,597.1,49.7,148.5,0.229
222,-1,0.5,12.8,53.1,870.4,0.157
222,-1,988.7,528.6,25.1,56.4,0.151
222,-1,828.5,634.5,57.9,134.4,0.112
222,-1,1690.7,426.9,46.0,168.7,0.093
223,-1,1044.7,413.9,118.1,338.7,1.000
223,-1,159.5,292.7,413.1,695.3,1.000
223,-1,527.1,301.9,229.4,554.9,0.999
223,-1,1167.6,347.6,152.5,414.8,0.999
223,-1,720.1,264.2,207.2,607.7,0.998
223,-1,1616.1,428.8,129.5,221.3,0.996
223,-1,1699.7,406.8,102.7,216.1,0.995
223,-1,1480.6,430.7,86.3,263.8,0.994
223,-1,136.1,308.5,201.5,643.8,0.993
223,-1,835.3,382.4,137.9,393.0,0.992
223,-1,1461.8,536.8,60.9,163.6,0.988
223,-1,1160.0,498.3,48.8,155.8,0.793
223,-1,53.1,602.3,54.9,149.7,0.773
223,-1,936.0,532.1,20.8,78.2,0.690
223,-1,1265.3,354.9,81.7,116.9,0.567
223,-1,837.7,372.0,47.4,217.0,0.557
223,-1,911.9,518.5,32.9,103.5,0.519
223,-1,836.3,371.2,47.0,99.4,0.471
223,-1,90.9,567.2,82.6,178.2,0.404
223,-1,1520.7,438.0,54.1,217.1,0.380
223,-1,28.3,102.0,225.0,772.7,0.357
223,-1,58.5,592.2,90.2,157.2,0.272
223,-1,914.4,516.5,24.2,40.4,0.252
223,-1,836.9,369.7,29.6,18.4,0.249
223,-1,1619.6,464.0,20.5,41.9,0.239
223,-1,933.2,532.1,17.0,44.8,0.203
223,-1,975.5,525.0,37.1,75.8,0.197
223,-1,1619.7,462.7,20.8,108.7,0.172
223,-1,835.6,370.7,35.7,62.6,0.162
223,-1,231.0,689.0,190.2,221.0,0.150
223,-1,630.0,333.9,74.9,165.3,0.125
223,-1,815.7,356.9,91.5,451.7,0.115
223,-1,841.2,533.6,61.8,224.9,0.112
223,-1,1186.2,348.9,145.4,140.1,0.108
223,-1,214.5,309.8,85.5,166.7,0.108
223,-1,851.8,639.0,35.5,99.5,0.104
223,-1,1684.7,433.9,56.1,194.8,0.084
223,-1,841.5,634.2,55.0,138.5,0.083
223,-1,914.2,516.5,17.8,26.7,0.073
223,-1,845.4,379.6,68.3,201.0,0.055
224,-1,1054.1,415.0,115.2,338.2,1.000
224,-1,530.5,306.5,237.7,549.0,1.000
224,-1,182.1,295.8,394.5,689.2,1.000
224,-1,1174.2,346.8,141.7,416.3,0.999
224,-1,732.1,270.9,234.1,602.9,0.999
224,-1,139.2,315.4,230.4,643.1,0.998
224,-1,1483.9,426.3,87.0,269.7,0.997
224,-1,1618.1,428.2,132.7,222.8,0.997
224,-1,1705.2,406.1,99.3,221.2,0.992
224,-1,854.8,396.9,149.1,381.9,0.990
224,-1,1465.5,541.2,65.4,156.9,0.982
224,-1,1164.0,438.1,46.0,213.5,0.885
224,-1,44.4,566.8,65.3,186.2,0.857
224,-1,857.0,383.9,54.9,208.6,0.580
224,-1,1277.9,355.7,69.7,116.4,0.577
224,-1,120.7,521.7,73.4,221.9,0.423
224,-1,859.0,381.3,32.2,67.1,0.406
224,-1,853.7,376.9,67.3,389.8,0.349
224,-1,868.8,634.9,39.4,102.7,0.268
224,-1,857.2,384.8,105.1,227.6,0.235
224,-1,853.8,372.0,21.3,16.4,0.216
224,-1,231.9,685.3,231.2,211.8,0.206
224,-1,867.3,631.9,76.0,124.7,0.183
224,-1,865.1,571.5,139.2,201.6,0.182
224,-1,57.3,552.4,93.0,195.3,0.175
224,-1,1168.4,442.3,15.0,44.4,0.167
224,-1,640.6,333.9,81.8,164.1,0.134
224,-1,1725.8,494.9,62.5,135.9,0.092
224,-1,812.9,543.6,151.7,250.4,0.082
224,-1,1161.5,352.0,175.3,120.6,0.081
224,-1,850.7,371.5,39.7,206.0,0.078
224,-1,854.9,377.6,50.3,103.7,0.073
224,-1,346.8,722.2,121.0,180.3,0.067
224,-1,748.9,499.5,198.9,337.5,0.061
224,-1,1618.9,462.5,21.4,113.3,0.060
224,-1,1687.4,440.2,68.9,199.6,0.059
224,-1,4.4,571.5,100.4,211.7,0.057
224,-1,1164.2,354.9,141.3,229.3,0.054
225,-1,209.3,296.2,373.1,689.8,1.000
225,-1,537.6,303.1,232.4,551.0,1.000
225,-1,1064.1,415.5,115.2,338.2,1.000
225,-1,1177.7,349.8,154.7,412.7,0.999
225,-1,743.0,273.5,253.7,590.6,0.999
225,-1,135.4,322.0,300.5,620.6,0.998
225,-1,1622.1,429.2,125.9,219.2,0.997
225,-1,1486.4,425.4,89.0,272.2,0.997
225,-1,1715.9,407.7,88.2,225.3,0.996
225,-1,1468.0,542.9,61.6,157.3,0.993
225,-1,865.9,433.2,147.1,337.3,0.955
225,-1,1168.6,439.4,44.5,211.9,0.948
225,-1,121.9,522.9,72.4,222.7,0.923
225,-1,44.8,557.7,66.1,193.9,0.818
225,-1,1280.0,354.9,67.8,116.5,0.639
225,-1,868.0,386.1,45.6,203.3,0.509
225,-1,872.8,387.9,27.5,52.5,0.478
225,-1,1169.6,442.5,20.7,49.7,0.450
225,-1,761.8,484.7,206.8,336.7,0.375
225,-1,866.7,377.3,86.4,266.2,0.330
225,-1,875.8,634.5,52.2,109.0,0.325
225,-1,51.0,544.3,124.4,203.3,0.312
225,-1,1164.3,445.2,25.2,166.3,0.269
225,-1,130.0,646.5,56.9,96.9,0.161
225,-1,865.0,374.6,16.6,16.0,0.148
225,-1,859.3,375.9,44.1,83.3,0.138
225,-1,235.7,680.2,240.2,217.0,0.133
225,-1,26.4,544.6,81.9,130.5,0.119
225,-1,809.5,713.1,62.0,76.7,0.099
225,-1,931.5,539.9,34.3,70.8,0.071
225,-1,1161.4,351.4,178.4,120.3,0.065
225,-1,98.6,553.0,52.4,193.3,0.057
225,-1,1700.1,430.8,59.5,210.5,0.055
225,-1,1648.5,430.8,82.9,153.2,0.050
226,-1,556.7,304.1,211.8,545.0,1.000
226,-1,255.8,291.9,337.4,674.9,1.000
226,-1,1076.5,418.9,131.4,336.9,0.999
226,-1,746.5,272.9,269.8,592.1,0.999
226,-1,1196.5,348.6,159.2,414.5,0.999
226,-1,1491.5,423.6,89.5,272.6,0.998
226,-1,143.3,318.6,323.1,615.7,0.998
226,-1,1471.7,541.7,61.4,163.6,0.996
226,-1,1717.7,405.6,91.1,227.0,0.994
226,-1,1630.4,427.8,115.2,222.9,0.993
226,-1,1173.8,442.8,38.7,210.7,0.989
226,-1,121.9,528.2,81.0,216.5,0.971
226,-1,880.8,512.0,136.9,263.1,0.971
226,-1,45.6,535.0,64.6,216.8,0.889
226,-1,753.2,499.1,230.1,323.8,0.639
226,-1,1279.0,354.2,68.0,118.7,0.585
226,-1,1171.7,440.6,27.7,52.9,0.519
226,-1,44.1,498.1,67.2,82.1,0.317
226,-1,887.8,628.0,63.5,128.3,0.298
226,-1,893.3,391.6,17.2,37.6,0.258
226,-1,884.9,386.0,39.4,216.1,0.198
226,-1,63.1,513.6,92.8,237.8,0.189
226,-1,863.1,419.4,116.0,349.9,0.172
226,-1,812.7,618.8,161.0,157.6,0.167
226,-1,1699.9,464.6,55.5,179.0,0.147
226,-1,4.6,507.7,87.3,260.9,0.146
226,-1,1166.3,439.1,26.0,206.9,0.092
226,-1,10.9,502.2,84.6,85.5,0.088
226,-1,0.5,520.2,69.8,78.3,0.068
226,-1,937.6,533.1,20.8,74.7,0.067
227,-1,1077.5,419.1,138.2,335.5,0.999
227,-1,1203.9,351.2,158.9,408.2,0.999
227,-1,576.1,302.5,196.5,552.7,0.999
227,-1,751.9,285.3,265.4,584.2,0.999
227,-1,157.1,308.1,314.0,635.1,0.999
227,-1,303.4,287.6,280.8,673.5,0.999
227,-1,1492.3,422.6,94.9,274.6,0.998
227,-1,1645.2,423.1,109.9,224.9,0.995
227,-1,1722.1,405.9,89.9,221.4,0.994
227,-1,1475.2,543.7,64.6,162.4,0.994
227,-1,1164.7,436.2,51.7,214.5,0.979
227,-1,897.6,473.8,126.7,302.1,0.968
227,-1,119.6,533.4,79.3,211.6,0.960
227,-1,50.7,556.5,57.4,194.7,0.944
227,-1,1273.9,355.5,71.4,115.3,0.550
227,-1,1176.5,438.8,29.1,66.3,0.537
227,-1,0.9,436.9,82.0,313.2,0.497
227,-1,48.1,498.2,62.6,78.6,0.425
227,-1,816.9,486.0,189.4,299.0,0.409
227,-1,0.6,445.6,75.5,168.1,0.398
227,-1,0.0,442.1,53.4,61.3,0.295
227,-1,902.0,631.7,56.6,121.1,0.266
227,-1,1171.5,440.7,37.5,134.3,0.257
227,-1,15.6,501.2,91.9,233.5,0.230
227,-1,84.7,544.8,52.2,204.2,0.147
227,-1,4.3,564.8,66.0,205.7,0.130
227,-1,1757.3,444.8,55.9,182.1,0.074
227,-1,831.4,615.0,174.1,157.1,0.072
227,-1,785.5,375.0,171.7,433.8,0.060
227,-1,46.0,534.2,139.9,218.8,0.055
228,-1,596.0,299.7,182.6,546.8,1.000
228,-1,348.6,282.9,239.5,682.7,0.999
228,-1,1207.1,350.4,156.0,409.5,0.999
228,-1,173.2,323.4,278.4,607.7,0.999
228,-1,757.4,287.3,269.2,578.5,0.999
228,-1,1081.7,418.4,130.6,335.8,0.999
228,-1,1496.5,422.2,97.5,277.4,0.998
228,-1,1658.6,423.3,97.8,225.0,0.997
228,-1,1479.9,543.4,60.4,163.5,0.992
228,-1,1722.2,409.7,95.9,218.0,0.991
228,-1,908.3,480.1,115.3,293.4,0.978
228,-1,1168.1,436.9,49.2,215.4,0.951
228,-1,120.5,529.5,78.2,215.0,0.949
228,-1,47.9,541.5,61.2,207.1,0.854
228,-1,806.0,480.2,200.2,333.4,0.623
228,-1,11.9,495.0,94.5,254.0,0.591
228,-1,1279.3,353.9,66.2,115.2,0.521
228,-1,1175.4,438.6,34.3,59.6,0.419
228,-1,42.9,500.6,67.6,84.9,0.222
228,-1,244.4,516.9,41.0,57.5,0.188
228,-1,1173.8,441.1,36.5,129.1,0.183
228,-1,825.8,709.2,64.4,77.3,0.148
228,-1,1274.5,350.5,73.5,209.9,0.125
228,-1,2.6,559.0,74.7,205.6,0.119
228,-1,1.8,455.8,70.8,145.6,0.108
228,-1,46.0,515.4,105.4,247.0,0.089
228,-1,95.7,538.8,55.1,204.1,0.076
228,-1,1185.6,440.5,39.3,186.2,0.076
228,-1,575.3,399.7,44.6,69.5,0.071
228,-1,1541.4,457.4,54.5,186.7,0.064
229,-1,630.9,301.9,155.5,535.4,1.000
229,-1,762.9,289.1,265.7,579.9,1.000
229,-1,1212.9,354.2,152.9,406.1,0.999
229,-1,398.8,281.8,218.5,679.4,0.999
229,-1,1088.7,420.1,134.4,331.0,0.999
229,-1,1671.1,417.5,87.8,231.1,0.999
229,-1,215.8,311.5,247.7,602.6,0.999
229,-1,1500.7,423.2,104.8,276.4,0.998
229,-1,1737.5,408.6,88.1,217.2,0.996
229,-1,1483.2,543.4,60.1,163.7,0.995
229,-1,1179.8,438.4,45.2,211.9,0.964
229,-1,924.6,471.9,94.6,304.1,0.963
229,-1,120.1,527.8,79.4,215.4,0.949
229,-1,38.3,506.3,69.9,247.0,0.882
229,-1,246.8,516.5,46.7,56.8,0.873
229,-1,572.0,398.1,48.8,109.5,0.601
229,-1,780.2,495.2,224.7,336.8,0.584
229,-1,1486.6,488.5,86.3,214.5,0.459
229,-1,247.6,520.1,51.0,100.3,0.440
229,-1,42.4,497.8,65.1,81.7,0.385
229,-1,1282.3,351.2,65.0,117.0,0.281
229,-1,3.4,529.9,88.8,247.3,0.264
229,-1,1180.1,437.7,39.2,56.0,0.245
229,-1,1168.6,439.3,47.3,135.5,0.185
229,-1,1718.5,431.4,48.6,201.2,0.152
229,-1,247.8,529.8,30.8,46.0,0.139
229,-1,16.2,460.2,82.1,129.4,0.087
229,-1,2.0,508.4,74.5,93.3,0.086
229,-1,270.1,519.5,28.6,50.7,0.081
229,-1,1548.5,462.0,52.1,187.0,0.076
229,-1,93.1,537.6,61.1,205.5,0.074
229,-1,253.3,516.4,63.0,147.2,0.062
229,-1,1.2,516.5,81.0,157.0,0.052
230,-1,1683.3,420.4,71.5,226.9,1.000
230,-1,409.0,288.1,220.6,665.7,1.000
230,-1,643.2,299.3,154.2,535.5,0.999
230,-1,1088.8,422.9,133.2,327.4,0.999
230,-1,1220.4,357.5,145.0,403.0,0.999
230,-1,1503.3,425.0,112.4,271.9,0.999
230,-1,252.8,307.6,224.3,600.1,0.999
230,-1,778.4,279.5,256.3,585.8,0.999
230,-1,1488.8,543.6,58.4,161.9,0.996
230,-1,1738.4,409.7,87.4,214.7,0.993
230,-1,1182.9,437.2,52.4,211.5,0.985
230,-1,119.7,535.3,79.3,209.7,0.958
230,-1,246.3,515.9,46.7,55.0,0.864
230,-1,942.9,496.7,79.3,282.8,0.863
230,-1,44.5,557.7,65.2,193.1,0.816
230,-1,576.6,401.7,43.1,102.9,0.812
230,-1,249.0,519.1,48.1,146.0,0.505
230,-1,12.6,470.8,99.4,282.1,0.425
230,-1,837.7,545.1,180.8,234.1,0.408
230,-1,1181.8,437.8,45.0,56.0,0.248
230,-1,1499.9,451.1,67.3,241.4,0.228
230,-1,1146.8,432.2,81.6,250.5,0.190
230,-1,45.4,538.4,144.2,211.9,0.134
230,-1,93.7,535.3,67.9,211.7,0.131
230,-1,38.7,498.9,67.5,81.4,0.108
230,-1,248.4,532.8,32.3,39.1,0.101
230,-1,575.0,402.6,74.3,326.3,0.093
230,-1,1288.1,356.0,57.2,109.9,0.081
230,-1,1731.2,426.8,57.0,200.5,0.073
230,-1,8.1,444.8,91.7,155.8,0.065
230,-1,1173.6,440.9,48.7,126.9,0.057
231,-1,663.6,296.8,152.1,545.6,1.000
231,-1,441.8,283.3,227.3,671.2,1.000
231,-1,811.9,275.3,214.0,583.7,0.999
231,-1,1100.4,424.4,134.8,323.6,0.999
231,-1,313.0,318.0,170.7,586.7,0.999
231,-1,1223.1,355.9,139.2,405.7,0.999
231,-1,1506.3,423.8,117.2,274.8,0.999
231,-1,1692.7,422.4,68.5,225.0,0.999
231,-1,1491.9,539.9,62.9,166.9,0.995
231,-1,1745.9,411.2,82.5,216.7,0.994
231,-1,116.2,535.8,82.7,208.1,0.954
231,-1,246.0,516.8,47.7,54.4,0.884
231,-1,1184.0,435.4,51.2,210.9,0.865
231,-1,46.7,565.6,60.7,183.1,0.841
231,-1,956.9,520.5,67.7,255.1,0.716
231,-1,817.6,538.1,208.4,295.3,0.668
231,-1,9.6,518.1,105.0,233.2,0.614
231,-1,249.7,518.7,49.2,145.7,0.558
231,-1,1208.6,465.5,45.9,181.1,0.238
231,-1,546.9,662.8,60.6,258.1,0.208
231,-1,1184.3,436.9,47.7,67.3,0.200
231,-1,47.0,501.3,63.1,81.4,0.176
231,-1,56.6,526.9,112.8,221.2,0.127
231,-1,2.8,527.4,64.1,260.5,0.118
231,-1,1175.7,438.8,48.3,140.8,0.109
231,-1,1425.5,523.2,51.0,67.9,0.076
231,-1,81.7,552.1,62.0,194.2,0.072
231,-1,5.1,502.4,86.9,92.3,0.068
231,-1,8.7,489.6,160.2,320.9,0.051
232,-1,356.4,308.6,137.4,599.7,1.000
232,-1,443.0,292.2,253.6,659.4,1.000
232,-1,831.1,274.8,201.9,574.9,1.000
232,-1,670.6,298.7,156.7,535.7,0.999
232,-1,1109.5,422.4,125.1,324.2,0.999
232,-1,1229.8,357.4,132.9,400.5,0.999
232,-1,1696.1,420.2,67.0,228.4,0.999
232,-1,1508.5,429.8,110.9,268.1,0.998
232,-1,1498.0,536.7,61.6,168.7,0.996
232,-1,1752.5,411.2,75.0,217.0,0.993
232,-1,115.3,536.2,84.9,207.7,0.968
232,-1,1183.1,433.1,57.5,215.3,0.850
232,-1,246.4,517.2,47.5,54.1,0.840
232,-1,47.3,577.0,58.4,172.6,0.819
232,-1,12.0,452.2,95.7,297.9,0.786
232,-1,1721.0,413.7,83.2,226.7,0.614
232,-1,248.6,516.7,45.8,152.7,0.598
232,-1,1210.9,449.4,45.9,197.8,0.357
232,-1,957.0,534.4,66.5,241.6,0.333
232,-1,1180.1,436.3,54.4,72.5,0.199
232,-1,840.1,502.7,186.7,289.9,0.151
232,-1,57.1,527.2,131.9,215.8,0.120
232,-1,8.2,581.6,66.4,196.8,0.109
232,-1,96.6,545.3,56.5,202.2,0.104
232,-1,5.2,449.7,161.6,378.7,0.076
232,-1,1426.5,522.4,50.6,68.5,0.069
232,-1,1691.8,432.8,43.5,166.9,0.057
232,-1,1509.7,432.0,73.2,197.9,0.054
232,-1,1210.6,371.0,91.6,288.9,0.051
233,-1,460.2,303.6,248.8,644.3,1.000
233,-1,369.8,314.0,133.2,589.3,0.999
233,-1,678.8,300.4,176.8,536.3,0.999
233,-1,854.9,275.7,175.3,566.7,0.999
233,-1,1121.0,419.2,116.8,323.4,0.999
233,-1,1702.5,418.1,69.1,229.6,0.999
233,-1,1509.6,423.7,111.2,277.2,0.998
233,-1,1235.1,357.0,129.6,397.2,0.997
233,-1,1501.0,534.7,62.4,171.2,0.997
233,-1,1754.4,413.3,72.1,211.0,0.997
233,-1,120.1,539.2,78.8,203.4,0.977
233,-1,47.1,572.5,59.2,176.8,0.894
233,-1,1190.7,436.2,69.1,215.3,0.877
233,-1,246.3,517.1,47.3,54.4,0.819
233,-1,16.6,492.6,90.8,261.6,0.555
233,-1,248.4,520.5,49.8,134.9,0.439
233,-1,958.8,537.3,63.5,238.6,0.274
233,-1,1213.9,473.4,52.4,171.0,0.221
233,-1,856.8,571.3,165.7,200.7,0.208
233,-1,57.3,530.9,134.6,213.6,0.165
233,-1,8.5,577.7,69.3,202.2,0.155
233,-1,126.7,651.1,61.7,89.2,0.143
233,-1,94.8,544.0,64.5,203.2,0.112
233,-1,1688.9,441.1,36.1,144.8,0.076
233,-1,1425.1,523.3,51.8,68.1,0.062
233,-1,13.1,498.5,90.7,84.1,0.054
233,-1,1161.8,432.6,70.6,239.1,0.054
234,-1,687.5,300.1,222.0,533.1,1.000
234,-1,469.8,312.2,264.6,638.6,1.000
234,-1,403.7,320.1,136.8,587.8,1.000
234,-1,877.7,277.1,155.2,561.7,0.999
234,-1,1137.5,416.2,114.0,324.0,0.999
234,-1,1704.7,418.4,88.7,229.4,0.999
234,-1,1248.5,355.8,131.2,392.6,0.998
234,-1,1514.3,421.7,107.9,279.4,0.997
234,-1,1760.3,412.3,74.6,214.7,0.997
234,-1,1505.7,533.6,73.4,175.0,0.987
234,-1,118.8,535.2,80.3,207.6,0.964
234,-1,21.1,494.1,89.7,258.4,0.888
234,-1,1200.3,447.6,69.1,205.8,0.866
234,-1,246.0,516.6,48.3,55.6,0.764
234,-1,1213.8,530.1,57.0,122.6,0.730
234,-1,249.1,519.2,48.6,158.2,0.463
234,-1,40.0,519.8,133.3,229.7,0.427
234,-1,55.5,574.6,55.8,181.3,0.268
234,-1,1688.2,477.8,30.3,107.8,0.254
234,-1,876.1,414.6,29.7,202.6,0.143
234,-1,1198.0,442.4,48.3,142.9,0.140
234,-1,873.5,663.6,54.6,94.5,0.119
234,-1,1198.6,440.2,28.9,48.7,0.117
234,-1,5.5,531.1,67.8,238.3,0.113
234,-1,1201.1,437.8,23.5,28.2,0.088
234,-1,2.3,510.8,94.9,170.5,0.071
234,-1,868.7,388.4,63.7,369.2,0.063
234,-1,14.2,465.4,87.7,165.6,0.062
234,-1,11.0,494.2,82.8,92.5,0.058
234,-1,873.9,622.8,146.4,151.6,0.056
235,-1,476.6,312.5,273.6,632.4,1.000
235,-1,698.1,302.5,235.2,525.5,1.000
235,-1,891.3,279.2,148.6,563.4,0.999
235,-1,1248.2,357.0,147.4,390.5,0.999
235,-1,1146.2,415.6,103.7,324.4,0.998
235,-1,1713.3,423.5,84.0,222.6,0.998
235,-1,400.9,318.1,178.9,594.0,0.997
235,-1,1521.1,423.7,99.8,272.0,0.996
235,-1,1763.1,410.8,74.3,213.5,0.995
235,-1,1505.8,531.3,78.7,175.0,0.981
235,-1,114.5,535.3,83.4,208.5,0.945
235,-1,13.4,505.6,105.7,244.6,0.854
235,-1,1206.5,437.6,60.9,219.7,0.846
235,-1,246.2,516.9,47.4,55.9,0.792
235,-1,27.1,526.1,164.6,222.5,0.690
235,-1,1218.7,522.0,49.5,133.3,0.561
235,-1,1688.0,472.9,38.6,112.2,0.551
235,-1,246.0,516.8,50.0,159.3,0.480
235,-1,2.3,524.7,105.3,145.4,0.271
235,-1,34.9,500.1,67.6,79.8,0.200
235,-1,247.2,522.0,76.3,109.8,0.130
235,-1,879.4,441.6,47.8,259.7,0.125
235,-1,50.8,577.7,60.7,169.9,0.124
235,-1,880.8,445.7,29.4,163.1,0.091
235,-1,8.1,501.7,75.9,101.4,0.055
235,-1,1519.1,429.1,68.1,207.7,0.052
236,-1,705.0,307.8,230.1,523.0,1.000
236,-1,479.0,319.2,284.8,620.5,1.000
236,-1,907.2,283.1,175.7,559.6,0.999
236,-1,1260.3,360.5,154.2,386.9,0.999
236,-1,1151.2,416.0,106.8,323.3,0.998
236,-1,405.7,326.2,205.4,581.4,0.998
236,-1,1712.1,418.5,103.7,227.1,0.998
236,-1,1523.1,423.4,100.3,275.5,0.997
236,-1,1770.1,406.9,74.9,219.2,0.993
236,-1,1505.7,533.4,87.4,174.2,0.986
236,-1,122.2,536.5,75.1,204.6,0.968
236,-1,888.9,390.3,47.2,317.2,0.898
236,-1,1205.4,436.2,61.7,232.5,0.872
236,-1,16.8,506.3,103.2,241.6,0.854
236,-1,1689.3,472.4,44.8,111.6,0.766
236,-1,246.1,515.9,48.1,55.0,0.758
236,-1,40.8,531.2,156.8,214.3,0.626
236,-1,248.0,519.2,51.1,148.1,0.420
236,-1,888.6,364.4,108.2,425.5,0.393
236,-1,38.9,572.5,70.8,175.1,0.287
236,-1,787.0,289.1,232.9,546.1,0.268
236,-1,901.6,373.9,19.1,47.8,0.161
236,-1,103.2,452.7,88.9,87.1,0.158
236,-1,1168.5,374.1,190.8,371.0,0.147
236,-1,34.9,499.0,71.5,103.8,0.135
236,-1,2.7,521.5,106.3,143.8,0.100
236,-1,54.6,640.9,52.6,110.8,0.095
236,-1,1206.0,439.0,23.8,34.0,0.062
236,-1,831.0,414.7,69.7,257.2,0.060
237,-1,516.5,323.6,258.3,616.2,1.000
237,-1,702.1,316.3,247.5,515.4,0.999
237,-1,409.6,331.7,199.8,574.4,0.999
237,-1,1712.0,415.2,103.9,231.0,0.999
237,-1,1264.4,365.7,160.2,378.8,0.999
237,-1,910.7,281.7,208.5,558.4,0.999
237,-1,1157.9,419.9,110.9,320.8,0.998
237,-1,1522.6,421.8,102.3,278.9,0.996
237,-1,1772.4,406.6,74.7,215.4,0.995
237,-1,1503.2,537.0,84.6,168.8,0.984
237,-1,894.1,391.3,49.6,331.8,0.931
237,-1,28.2,524.9,167.9,217.4,0.907
237,-1,1208.8,430.8,59.8,228.1,0.835
237,-1,1689.4,471.0,46.4,113.3,0.794
237,-1,19.3,516.4,88.9,234.1,0.776
237,-1,246.1,516.3,47.9,54.7,0.739
237,-1,890.5,370.5,107.8,400.8,0.735
237,-1,117.3,536.0,80.5,204.8,0.635
237,-1,123.3,456.1,70.3,80.5,0.480
237,-1,247.8,520.3,51.5,142.2,0.355
237,-1,124.8,467.8,38.4,38.9,0.294
237,-1,123.3,447.9,48.8,67.6,0.237
237,-1,45.8,498.8,60.6,84.1,0.206
237,-1,3.4,500.2,74.9,89.4,0.197
237,-1,1.5,523.3,93.3,140.0,0.130
237,-1,963.9,669.6,51.3,106.1,0.098
237,-1,54.4,562.3,54.7,185.2,0.098
237,-1,2.2,533.5,68.6,70.4,0.056
237,-1,1210.4,439.3,23.8,37.2,0.053
238,-1,533.9,321.3,249.8,608.8,1.000
238,-1,708.7,314.1,244.8,515.5,0.999
238,-1,409.8,335.5,221.7,566.2,0.999
238,-1,919.0,287.9,221.3,545.6,0.999
238,-1,1716.8,416.8,101.9,228.8,0.999
238,-1,1269.3,358.1,167.8,386.9,0.998
238,-1,1165.6,421.9,105.9,316.6,0.998
238,-1,1517.0,456.6,101.8,241.5,0.992
238,-1,1775.7,406.9,74.9,198.8,0.987
238,-1,895.5,372.6,58.0,373.9,0.954
238,-1,124.9,536.6,71.3,203.4,0.939
238,-1,1213.4,437.8,54.6,220.3,0.910
238,-1,895.7,370.2,118.9,432.0,0.858
238,-1,28.3,533.2,167.6,212.6,0.810
238,-1,1690.7,472.8,44.0,113.0,0.807
238,-1,246.0,516.4,47.6,55.5,0.696
238,-1,21.7,539.3,86.1,209.6,0.601
238,-1,1507.3,540.8,88.0,169.0,0.573
238,-1,1231.7,488.5,39.5,166.2,0.536
238,-1,129.1,472.8,58.0,63.1,0.536
238,-1,247.0,517.3,47.2,147.9,0.364
238,-1,128.2,473.3,33.4,33.4,0.281
238,-1,54.3,585.9,54.5,161.1,0.243
238,-1,1528.4,429.2,70.7,158.5,0.110
238,-1,908.7,374.5,37.0,52.8,0.098
238,-1,1561.2,432.5,69.4,248.5,0.089
238,-1,3.9,501.3,81.9,100.3,0.082
238,-1,35.2,498.5,71.6,84.2,0.077
238,-1,961.0,656.9,53.5,115.9,0.070
238,-1,27.1,554.4,83.9,106.8,0.057
238,-1,1215.2,439.1,26.1,35.9,0.055
238,-1,1155.1,386.0,64.0,97.2,0.053
239,-1,423.5,335.0,218.5,565.8,0.999
239,-1,579.0,307.7,216.2,604.7,0.999
239,-1,723.4,313.8,220.7,516.0,0.999
239,-1,1735.5,426.6,82.6,216.6,0.998
239,-1,935.5,294.7,233.1,538.3,0.997
239,-1,1280.8,366.0,164.3,376.4,0.997
239,-1,1170.6,424.6,108.0,315.5,0.996
239,-1,896.3,373.8,63.0,381.7,0.991
239,-1,1781.6,406.3,73.9,204.5,0.990
239,-1,1524.8,538.5,87.0,164.3,0.984
239,-1,1532.1,426.2,100.9,200.6,0.956
239,-1,121.5,532.2,79.6,211.6,0.954
239,-1,906.1,378.7,107.7,395.8,0.932
239,-1,1692.1,472.0,41.4,113.7,0.841
239,-1,1217.3,434.2,64.2,233.8,0.776
239,-1,25.5,550.9,83.4,195.6,0.686
239,-1,246.2,517.0,47.4,54.9,0.670
239,-1,30.3,532.6,138.9,215.4,0.424
239,-1,249.1,517.6,45.6,145.5,0.346
239,-1,1217.2,434.3,64.2,74.5,0.314
239,-1,1532.0,425.3,68.5,144.6,0.238
239,-1,1269.5,365.8,55.8,106.7,0.221
239,-1,968.5,680.7,67.7,80.7,0.202
239,-1,1.2,507.9,83.2,116.9,0.201
239,-1,100.2,461.5,80.2,75.5,0.201
239,-1,1240.8,369.5,87.3,289.3,0.186
239,-1,108.0,463.4,50.5,46.5,0.184
239,-1,76.8,467.5,122.2,282.6,0.171
239,-1,57.3,594.0,53.9,154.1,0.148
239,-1,21.9,500.2,67.4,85.9,0.126
239,-1,1238.8,479.8,33.9,177.8,0.121
239,-1,247.3,521.8,76.6,107.4,0.107
239,-1,1424.5,522.5,55.8,69.5,0.085
239,-1,148.4,447.9,54.3,88.7,0.082
239,-1,25.4,577.4,79.9,83.6,0.068
239,-1,1789.7,474.1,51.1,140.9,0.054
240,-1,732.0,315.0,222.5,509.1,0.999
240,-1,596.8,304.7,209.8,604.3,0.999
240,-1,439.1,337.6,210.7,558.2,0.999
240,-1,1740.7,426.4,73.6,215.3,0.999
240,-1,1284.6,366.1,162.1,374.8,0.999
240,-1,935.2,294.3,240.0,541.2,0.998
240,-1,1179.0,426.5,106.9,311.5,0.997
240,-1,1527.0,537.3,87.8,165.5,0.984
240,-1,911.1,373.2,60.4,378.2,0.978
240,-1,1783.7,404.5,72.9,214.9,0.968
240,-1,119.7,534.6,78.6,208.4,0.936
240,-1,1534.1,426.0,82.0,180.0,0.926
240,-1,1689.8,471.8,44.6,113.7,0.870
240,-1,246.5,517.1,46.7,54.4,0.681
240,-1,26.7,541.6,81.5,203.4,0.655
240,-1,125.1,473.0,56.8,63.4,0.619
240,-1,1240.3,447.0,44.7,208.9,0.458
240,-1,41.2,510.4,151.5,230.2,0.452
240,-1,1267.6,364.0,60.1,106.3,0.362
240,-1,910.5,356.7,111.4,419.3,0.344
240,-1,248.1,521.2,51.5,83.2,0.240
240,-1,1568.7,453.7,60.4,226.8,0.211
240,-1,1254.4,370.3,73.1,222.9,0.193
240,-1,3.1,505.4,100.7,176.3,0.178
240,-1,251.8,519.4,52.7,150.5,0.164
240,-1,1220.1,435.2,64.8,70.2,0.148
240,-1,29.0,499.6,67.7,87.2,0.145
240,-1,53.9,646.3,52.8,102.7,0.133
240,-1,0.8,510.1,75.1,101.1,0.133
240,-1,120.7,457.0,91.3,78.6,0.115
240,-1,168.5,466.5,65.9,96.8,0.103
240,-1,1425.6,518.8,54.9,73.4,0.078
240,-1,1229.0,391.1,77.9,286.9,0.072
240,-1,26.8,569.7,79.3,91.5,0.070
241,-1,938.2,297.2,235.9,539.0,0.999
241,-1,623.5,306.2,200.0,594.5,0.999
241,-1,473.2,336.5,183.7,543.4,0.999
241,-1,1286.1,368.1,165.3,370.5,0.999
241,-1,763.0,313.7,184.4,505.5,0.998
241,-1,1185.5,425.9,109.6,310.7,0.997
241,-1,1742.5,422.4,81.3,219.5,0.995
241,-1,921.2,381.8,74.7,376.7,0.982
241,-1,1548.4,538.1,71.2,165.2,0.982
241,-1,1787.6,409.9,72.5,190.4,0.973
241,-1,1534.7,424.8,90.2,184.1,0.968
241,-1,119.6,532.6,79.6,211.0,0.924
241,-1,1689.8,471.4,45.1,114.5,0.839
241,-1,30.7,543.3,76.8,206.1,0.831
241,-1,246.2,517.3,47.5,55.1,0.601
241,-1,521.1,324.4,225.2,565.1,0.447
241,-1,44.7,530.9,147.6,216.1,0.423
241,-1,122.8,468.1,62.6,71.7,0.282
241,-1,1263.9,360.3,70.7,112.6,0.272
241,-1,250.9,517.8,44.1,142.4,0.266
241,-1,49.2,618.9,56.8,129.4,0.182
241,-1,986.7,683.8,69.2,60.4,0.144
241,-1,17.4,532.0,87.2,135.0,0.133
241,-1,172.2,451.0,61.7,99.1,0.104
241,-1,1203.3,386.1,185.7,351.9,0.086
241,-1,26.8,500.9,70.2,85.5,0.077
241,-1,247.3,521.9,74.6,94.7,0.073
241,-1,1.5,514.5,75.2,97.5,0.067
241,-1,1571.1,445.5,62.9,189.9,0.063
241,-1,937.3,351.3,123.0,406.8,0.059
241,-1,93.5,545.4,68.3,200.8,0.053
242,-1,505.3,339.7,161.8,528.0,1.000
242,-1,633.5,306.2,203.6,597.0,0.999
242,-1,940.7,297.1,232.7,539.9,0.999
242,-1,789.9,309.7,165.5,504.4,0.998
242,-1,1288.7,370.2,166.2,369.7,0.997
242,-1,1750.0,418.9,74.1,220.3,0.997
242,-1,1190.2,426.7,106.8,308.0,0.996
242,-1,921.0,382.9,82.0,373.3,0.991
242,-1,113.9,532.3,85.5,210.7,0.986
242,-1,1552.4,537.7,74.3,167.2,0.985
242,-1,1537.0,424.8,81.2,179.9,0.979
242,-1,1792.7,411.8,73.0,186.6,0.978
242,-1,26.0,528.9,86.9,219.9,0.879
242,-1,1690.3,472.1,44.7,113.1,0.855
242,-1,246.2,517.3,48.6,55.5,0.677
242,-1,249.8,517.5,45.8,143.5,0.335
242,-1,1571.5,453.6,64.5,182.9,0.211
242,-1,128.3,467.2,60.0,84.7,0.209
242,-1,925.3,440.8,141.8,304.6,0.201
242,-1,1257.9,359.0,77.8,113.8,0.153
242,-1,1541.3,479.1,63.6,196.8,0.096
242,-1,5.4,505.3,97.6,171.4,0.085
242,-1,246.3,520.6,73.5,79.8,0.078
242,-1,788.0,491.1,22.9,42.9,0.077
242,-1,1.7,510.6,73.7,100.7,0.072
242,-1,28.6,500.4,72.7,87.8,0.071
242,-1,997.3,682.6,70.9,60.4,0.066
242,-1,36.6,630.3,68.1,118.4,0.062
243,-1,939.2,294.4,230.4,529.0,1.000
243,-1,638.3,310.8,222.5,594.4,1.000
243,-1,539.2,330.6,138.5,538.7,0.999
243,-1,800.1,310.5,163.5,510.0,0.998
243,-1,1195.3,426.2,103.0,307.2,0.998
243,-1,1755.1,417.4,84.9,224.4,0.997
243,-1,1296.3,370.9,171.6,369.0,0.997
243,-1,112.9,533.4,85.3,207.6,0.981
243,-1,928.5,386.2,81.8,361.3,0.981
243,-1,1557.5,537.0,73.6,166.2,0.980
243,-1,1538.1,425.8,71.9,177.5,0.975
243,-1,1794.4,417.0,72.2,131.3,0.967
243,-1,1689.7,472.7,44.0,112.8,0.888
243,-1,28.0,542.5,80.6,206.8,0.875
243,-1,1546.1,461.8,87.0,211.6,0.683
243,-1,246.8,517.4,47.3,55.0,0.637
243,-1,1574.7,509.5,60.9,154.9,0.354
243,-1,937.2,471.5,157.3,272.1,0.279
243,-1,252.1,517.2,51.0,144.7,0.257
243,-1,114.7,463.5,72.3,77.3,0.228
243,-1,1267.9,357.1,72.4,112.7,0.188
243,-1,33.4,523.6,158.2,232.4,0.120
243,-1,1015.5,657.7,83.8,99.3,0.103
243,-1,29.6,501.2,71.3,84.2,0.099
243,-1,1582.3,462.1,54.9,157.3,0.091
243,-1,1560.1,429.4,76.1,144.4,0.078
243,-1,919.0,382.5,74.0,90.4,0.074
243,-1,246.9,520.3,73.5,78.5,0.072
243,-1,177.0,473.1,57.7,99.9,0.064
243,-1,118.9,474.0,72.2,143.9,0.053
244,-1,639.4,317.8,276.7,581.4,1.000
244,-1,959.2,292.3,212.3,534.9,0.999
244,-1,1303.4,371.5,162.7,364.2,0.999
244,-1,559.7,327.9,132.7,536.8,0.998
244,-1,1761.6,421.9,74.7,219.4,0.998
244,-1,1207.3,425.9,95.6,301.5,0.996
244,-1,824.7,313.1,135.2,498.8,0.996
244,-1,936.9,390.5,107.9,358.4,0.996
244,-1,1565.9,536.3,71.3,173.0,0.985
244,-1,1539.4,424.0,76.7,209.8,0.983
244,-1,123.2,535.1,74.6,208.3,0.976
244,-1,1799.0,418.8,69.5,162.6,0.959
244,-1,1689.1,472.9,44.7,112.5,0.898
244,-1,31.2,536.1,78.8,214.2,0.786
244,-1,246.8,517.4,47.2,54.1,0.709
244,-1,1581.5,474.3,56.7,156.5,0.361
244,-1,251.5,517.8,53.3,149.5,0.253
244,-1,1252.4,358.3,85.7,139.3,0.207
244,-1,548.9,358.8,80.3,368.9,0.189
244,-1,658.3,375.1,38.4,101.3,0.184
244,-1,1546.2,449.3,93.9,254.8,0.162
244,-1,41.5,535.2,153.3,209.2,0.160
244,-1,38.8,633.4,65.7,114.5,0.117
244,-1,1220.7,358.7,118.6,256.7,0.108
244,-1,23.9,554.3,81.3,108.5,0.107
244,-1,174.0,480.3,60.3,90.7,0.092
244,-1,32.8,500.0,69.0,83.7,0.081
244,-1,0.7,515.4,73.4,96.6,0.069
244,-1,246.9,518.9,70.5,70.8,0.069
244,-1,1027.8,682.4,72.6,73.4,0.050
245,-1,642.2,323.2,298.4,572.8,1.000
245,-1,983.9,290.8,188.3,529.5,0.999
245,-1,834.9,306.5,124.3,497.3,0.999
245,-1,1306.7,369.0,162.2,361.4,0.999
245,-1,1762.7,417.1,87.7,225.2,0.998
245,-1,585.1,324.8,117.9,535.6,0.998
245,-1,1207.6,424.8,102.5,299.5,0.997
245,-1,939.8,391.1,111.1,358.1,0.993
245,-1,1540.4,423.7,71.7,208.6,0.986
245,-1,1569.7,534.9,69.5,172.4,0.982
245,-1,1801.6,414.0,65.0,110.0,0.966
245,-1,123.4,527.5,74.1,217.1,0.922
245,-1,1690.1,473.0,44.5,112.7,0.875
245,-1,31.8,564.5,78.5,186.9,0.711
245,-1,246.8,517.3,46.7,53.3,0.694
245,-1,45.0,534.8,145.7,209.6,0.544
245,-1,1255.5,357.1,85.1,126.9,0.394
245,-1,251.7,518.2,51.5,149.7,0.240
245,-1,1214.5,362.5,125.4,285.6,0.168
245,-1,1239.9,379.5,162.2,352.1,0.151
245,-1,1584.8,470.3,54.3,131.4,0.132
245,-1,3.8,511.4,90.4,249.4,0.118
245,-1,1263.8,365.6,77.7,217.2,0.109
245,-1,27.4,548.9,82.2,114.2,0.093
245,-1,181.3,503.4,53.5,74.9,0.086
245,-1,1020.0,675.1,81.4,81.1,0.076
245,-1,247.5,521.4,75.2,85.9,0.073
245,-1,1545.8,455.3,94.6,244.6,0.068
245,-1,930.4,418.7,32.8,334.0,0.058
246,-1,651.4,331.6,302.5,557.4,1.000
246,-1,1009.6,290.3,167.5,528.4,0.999
246,-1,1310.5,371.4,165.5,357.6,0.998
246,-1,1765.2,418.4,103.9,224.9,0.998
246,-1,1536.9,422.8,90.4,276.2,0.998
246,-1,603.1,327.4,126.0,539.9,0.998
246,-1,850.6,305.7,120.2,498.3,0.996
246,-1,938.6,381.6,116.9,372.2,0.994
246,-1,1573.4,537.4,83.5,169.6,0.993
246,-1,1205.9,430.8,106.1,295.0,0.990
246,-1,119.6,532.5,77.8,210.4,0.943
246,-1,1802.2,412.7,67.3,119.4,0.919
246,-1,1692.6,473.0,39.1,111.3,0.825
246,-1,1264.1,359.1,77.0,163.0,0.767
246,-1,245.9,517.8,47.7,55.4,0.753
246,-1,24.6,561.3,82.9,191.5,0.749
246,-1,249.0,521.1,47.8,152.8,0.353
246,-1,53.2,640.2,53.4,110.4,0.341
246,-1,34.7,535.5,155.4,212.6,0.265
246,-1,1576.8,462.2,60.0,86.9,0.214
246,-1,906.3,314.1,47.0,113.3,0.199
246,-1,1588.9,488.0,48.9,84.5,0.188
246,-1,22.4,544.1,88.9,123.5,0.182
246,-1,179.2,474.2,57.0,105.6,0.178
246,-1,1234.9,364.5,185.7,362.9,0.155
246,-1,1427.8,523.4,54.0,65.4,0.132
246,-1,1584.5,476.3,61.7,160.0,0.124
246,-1,191.0,509.7,71.2,71.0,0.103
246,-1,246.9,519.8,70.1,76.9,0.103
246,-1,1023.3,458.4,46.0,227.5,0.079
246,-1,908.1,319.9,60.1,258.6,0.075
246,-1,83.1,550.8,56.2,195.0,0.067
246,-1,1558.8,516.3,77.7,152.0,0.064
246,-1,555.4,399.2,58.2,112.0,0.063
247,-1,652.8,330.9,310.5,558.5,1.000
247,-1,1024.7,289.9,173.9,531.7,0.999
247,-1,1315.4,366.1,151.7,364.3,0.999
247,-1,862.0,311.4,116.9,484.8,0.999
247,-1,613.0,334.4,125.9,526.3,0.998
247,-1,1537.1,422.5,83.7,279.8,0.998
247,-1,1770.0,419.7,104.6,222.3,0.998
247,-1,1579.4,538.6,85.5,172.0,0.996
247,-1,1219.9,427.1,103.7,300.5,0.991
247,-1,951.6,380.6,116.4,368.8,0.990
247,-1,121.6,523.8,76.2,222.4,0.887
247,-1,1689.5,474.2,44.9,111.3,0.833
247,-1,1805.2,413.1,68.4,130.7,0.823
247,-1,245.9,517.3,48.5,55.2,0.811
247,-1,1265.0,358.0,77.7,147.3,0.799
247,-1,25.2,560.2,82.5,192.0,0.763
247,-1,1587.0,472.7,50.5,98.5,0.671
247,-1,1769.7,425.3,54.3,213.0,0.468
247,-1,180.0,475.8,57.4,101.7,0.436
247,-1,54.8,642.6,52.1,108.0,0.383
247,-1,251.4,519.1,54.4,147.3,0.281
247,-1,32.9,542.4,146.0,209.1,0.228
247,-1,905.1,315.1,60.5,127.3,0.222
247,-1,23.2,568.6,83.6,95.8,0.170
247,-1,207.3,514.0,72.8,66.8,0.112
247,-1,1589.3,490.5,33.9,67.6,0.102
247,-1,1432.9,530.5,48.0,56.7,0.063
247,-1,683.1,513.2,121.7,329.0,0.062
247,-1,1578.6,485.2,34.5,96.7,0.060
247,-1,1234.6,356.1,110.2,229.8,0.057
247,-1,127.5,618.8,64.4,120.7,0.056
247,-1,1032.2,462.0,51.3,242.4,0.053
247,-1,1576.0,434.2,57.7,162.3,0.050
248,-1,675.6,330.1,286.5,561.1,1.000
248,-1,1324.5,364.1,130.9,363.9,1.000
248,-1,627.2,340.4,193.2,528.4,0.999
248,-1,1035.3,296.5,178.7,522.9,0.999
248,-1,1537.3,422.3,85.7,278.8,0.998
248,-1,964.5,380.8,104.2,362.6,0.997
248,-1,1587.1,541.9,80.3,170.2,0.997
248,-1,1773.4,423.5,94.8,217.9,0.996
248,-1,1227.8,410.0,107.4,315.2,0.996
248,-1,867.9,317.9,140.7,486.2,0.995
248,-1,1808.2,414.6,67.9,146.3,0.979
248,-1,246.7,517.3,47.9,55.4,0.843
248,-1,122.7,529.7,74.3,211.7,0.829
248,-1,1689.5,473.3,45.1,112.2,0.824
248,-1,1590.4,489.8,47.5,89.5,0.705
248,-1,1267.7,359.0,75.0,137.7,0.654
248,-1,30.1,572.2,79.6,179.2,0.610
248,-1,1034.2,440.3,53.6,295.6,0.589
248,-1,249.3,517.3,44.6,146.3,0.462
248,-1,57.2,614.2,51.4,134.8,0.348
248,-1,1257.8,357.5,85.3,252.0,0.287
248,-1,38.2,529.9,150.6,216.2,0.278
248,-1,1577.4,491.2,64.1,199.8,0.264
248,-1,916.3,318.9,43.8,89.2,0.262
248,-1,574.8,399.6,46.7,113.4,0.207
248,-1,13.1,515.4,96.5,174.5,0.154
248,-1,20.6,578.8,86.0,85.3,0.151
248,-1,921.9,325.0,52.9,115.5,0.121
248,-1,184.4,472.9,51.3,101.5,0.069
248,-1,1581.0,478.9,33.2,104.8,0.063
248,-1,919.0,330.9,58.8,196.7,0.062
249,-1,703.7,332.7,257.3,557.0,1.000
249,-1,1048.0,297.8,198.4,521.0,1.000
249,-1,1328.3,366.0,120.9,362.9,1.000
249,-1,1537.7,425.4,80.9,275.0,0.998
249,-1,623.1,344.2,231.1,528.6,0.998
249,-1,1780.1,426.9,78.9,211.5,0.998
249,-1,1591.5,537.5,74.0,174.7,0.997
249,-1,887.5,318.6,149.5,480.4,0.994
249,-1,1812.9,413.8,63.8,211.4,0.992
249,-1,1219.1,425.6,129.1,300.9,0.992
249,-1,976.8,384.5,100.2,368.8,0.991
249,-1,118.6,527.0,78.9,215.4,0.936
249,-1,1689.5,474.0,44.6,111.2,0.854
249,-1,30.4,572.5,79.2,178.0,0.816
249,-1,246.2,516.9,47.5,54.8,0.800
249,-1,1812.2,410.0,62.7,112.6,0.703
249,-1,1044.2,452.7,55.8,304.8,0.624
249,-1,1588.6,476.4,46.8,160.8,0.622
249,-1,1275.6,358.6,68.7,141.3,0.576
249,-1,60.5,641.7,49.5,111.4,0.531
249,-1,1262.3,349.1,84.7,263.6,0.456
249,-1,248.5,521.2,49.7,125.3,0.420
249,-1,736.0,405.5,39.7,83.9,0.259
249,-1,1593.5,499.7,36.5,81.0,0.194
249,-1,18.5,585.1,85.5,97.2,0.170
249,-1,38.5,541.7,156.6,201.1,0.130
249,-1,921.8,323.6,68.0,140.2,0.092
249,-1,1617.7,496.6,19.1,45.1,0.077
249,-1,1580.5,475.2,39.9,121.0,0.072
249,-1,568.9,401.3,52.0,109.5,0.071
249,-1,926.2,456.2,126.0,318.9,0.057
249,-1,128.5,613.4,63.4,126.3,0.056
249,-1,24.1,500.1,73.5,87.5,0.054
249,-1,1604.8,498.3,31.7,58.2,0.050
250,-1,719.0,335.0,239.7,546.7,1.000
250,-1,1051.8,296.7,203.1,519.6,1.000
250,-1,1330.4,368.2,120.3,364.2,0.999
250,-1,623.1,345.1,234.4,519.0,0.999
250,-1,1782.2,421.4,102.7,221.0,0.999
250,-1,1538.2,426.5,79.6,274.1,0.998
250,-1,1599.6,538.0,68.0,175.1,0.997
250,-1,1232.4,425.2,124.4,298.9,0.996
250,-1,891.8,321.5,157.0,479.7,0.995
250,-1,987.4,384.3,92.9,367.5,0.990
250,-1,116.1,527.2,80.8,215.2,0.947
250,-1,1814.2,412.8,63.2,169.2,0.928
250,-1,1688.9,473.9,45.0,111.3,0.842
250,-1,246.4,517.0,48.2,54.7,0.826
250,-1,33.6,568.8,75.8,184.0,0.734
250,-1,1591.0,475.0,45.6,159.9,0.700
250,-1,1026.3,383.7,79.3,377.9,0.664
250,-1,1051.9,492.6,54.3,264.9,0.561
250,-1,1566.9,478.7,86.6,227.8,0.462
250,-1,249.1,517.2,45.3,146.2,0.448
250,-1,59.6,639.3,50.1,113.0,0.397
250,-1,1276.1,357.9,68.8,136.5,0.370
250,-1,1814.7,562.1,19.6,59.7,0.227
250,-1,17.5,586.4,86.4,93.2,0.166
250,-1,1619.1,495.7,17.9,44.1,0.159
250,-1,246.8,521.7,73.3,92.7,0.151
250,-1,1220.0,438.1,43.7,232.6,0.123
250,-1,1589.9,488.0,34.1,91.3,0.122
250,-1,81.4,553.2,60.5,195.0,0.086
250,-1,11.2,509.6,101.9,166.8,0.085
250,-1,1576.2,455.9,48.0,186.7,0.085
250,-1,26.4,499.9,72.7,88.6,0.081
250,-1,567.8,400.7,53.4,109.2,0.060
250,-1,1598.6,494.7,37.4,71.6,0.055
251,-1,628.0,347.1,217.5,510.9,1.000
251,-1,1064.8,300.8,209.3,516.1,0.999
251,-1,1339.1,374.5,128.8,354.2,0.999
251,-1,778.0,322.2,194.3,556.6,0.999
251,-1,1610.2,533.8,59.2,178.4,0.999
251,-1,1538.2,424.7,84.4,278.7,0.998
251,-1,911.7,327.7,147.4,475.6,0.996
251,-1,1240.8,422.9,117.2,302.5,0.996
251,-1,1783.7,427.2,99.9,211.9,0.996
251,-1,995.0,384.1,82.0,365.3,0.991
251,-1,118.1,536.6,82.8,205.8,0.941
251,-1,1819.4,414.8,61.0,150.2,0.925
251,-1,1223.5,432.4,49.2,227.7,0.891
251,-1,1689.2,473.5,45.0,112.2,0.883
251,-1,246.3,517.1,47.4,55.0,0.825
251,-1,33.7,576.1,75.9,175.5,0.755
251,-1,1590.0,469.7,45.4,203.1,0.609
251,-1,1234.2,433.1,30.0,57.3,0.442
251,-1,1268.1,355.3,79.0,136.7,0.355
251,-1,251.0,517.4,43.4,146.7,0.307
251,-1,1058.5,450.4,51.4,310.5,0.251
251,-1,908.2,324.9,108.9,307.2,0.247
251,-1,14.6,583.3,90.0,101.4,0.236
251,-1,948.1,328.8,41.4,81.0,0.216
251,-1,1285.4,358.8,66.3,251.8,0.172
251,-1,6.1,532.2,94.0,202.4,0.126
251,-1,54.2,530.7,139.4,214.6,0.120
251,-1,41.9,499.7,68.1,84.3,0.082
251,-1,1591.6,491.5,43.5,89.7,0.082
251,-1,1191.8,403.2,24.1,33.7,0.074
251,-1,69.6,590.3,46.0,159.6,0.072
251,-1,939.1,326.6,69.6,165.7,0.071
251,-1,82.4,555.9,58.6,193.0,0.065
251,-1,1149.7,419.1,122.7,335.2,0.060
251,-1,2.1,504.7,76.1,89.6,0.059
252,-1,634.4,345.7,224.1,511.2,1.000
252,-1,1071.2,307.4,209.6,508.1,0.999
252,-1,807.1,323.3,183.1,549.4,0.999
252,-1,1344.8,372.6,130.0,353.7,0.999
252,-1,1617.5,531.6,58.2,181.7,0.999
252,-1,1536.5,424.8,85.2,279.2,0.999
252,-1,1252.6,435.0,107.9,289.7,0.998
252,-1,1783.1,420.0,106.1,218.4,0.998
252,-1,919.4,330.0,143.1,473.8,0.996
252,-1,1002.1,382.5,77.4,363.4,0.992
252,-1,1226.4,426.1,56.4,237.1,0.950
252,-1,116.4,534.4,82.8,209.1,0.932
252,-1,246.7,517.1,47.4,55.1,0.846
252,-1,1690.4,473.4,43.9,111.6,0.818
252,-1,1823.5,412.9,56.4,117.6,0.719
252,-1,1591.7,483.9,44.0,164.6,0.710
252,-1,33.9,581.7,75.1,169.3,0.648
252,-1,1236.6,431.6,29.6,56.3,0.571
252,-1,1572.2,459.3,59.9,226.3,0.453
252,-1,1268.9,358.7,77.8,112.9,0.392
252,-1,251.0,517.6,43.1,147.6,0.344
252,-1,1832.5,420.5,55.3,204.9,0.282
252,-1,43.8,534.2,124.9,214.5,0.236
252,-1,1053.0,423.0,64.9,335.9,0.201
252,-1,1219.5,400.2,114.7,269.5,0.193
252,-1,921.9,329.5,104.9,198.2,0.134
252,-1,8.4,515.2,106.3,253.8,0.108
252,-1,128.9,617.6,61.7,122.6,0.104
252,-1,17.6,587.6,88.8,94.1,0.102
252,-1,951.6,332.1,65.8,128.8,0.092
252,-1,1590.7,498.3,72.8,207.8,0.073
252,-1,1156.2,419.0,126.5,321.8,0.071
252,-1,1620.9,497.5,15.1,41.9,0.064
252,-1,947.6,328.9,50.2,82.9,0.056
252,-1,37.1,500.8,69.7,98.8,0.052
252,-1,80.4,590.1,63.6,154.7,0.050
253,-1,642.2,342.5,236.2,514.8,1.000
253,-1,826.0,320.8,179.5,551.0,0.999
253,-1,1347.4,373.0,130.5,351.3,0.999
253,-1,1077.6,310.7,216.5,502.6,0.999
253,-1,1787.9,420.4,101.9,216.8,0.999
253,-1,1536.7,425.9,87.3,277.6,0.999
253,-1,1254.9,435.9,111.5,286.4,0.998
253,-1,1621.5,531.2,59.7,179.6,0.998
253,-1,907.8,326.3,147.2,501.7,0.996
253,-1,1010.8,380.3,74.4,374.9,0.994
253,-1,1229.0,426.2,57.9,237.5,0.962
253,-1,120.2,535.0,79.2,209.0,0.959
253,-1,1828.4,414.6,53.2,114.5,0.840
253,-1,1690.3,473.7,44.6,111.3,0.829
253,-1,246.4,516.8,46.9,55.5,0.824
253,-1,45.6,577.4,65.3,174.3,0.814
253,-1,61.5,635.4,48.8,114.6,0.477
253,-1,1590.2,472.5,44.4,183.0,0.401
253,-1,926.7,332.8,107.0,279.9,0.371
253,-1,250.9,515.6,48.9,151.0,0.371
253,-1,1238.1,430.7,32.0,56.9,0.345
253,-1,1064.6,437.6,65.0,315.3,0.260
253,-1,46.9,538.1,146.0,207.7,0.225
253,-1,1839.3,426.8,51.4,191.8,0.224
253,-1,1264.6,356.7,78.6,107.5,0.219
253,-1,26.2,582.5,82.2,78.3,0.129
253,-1,12.8,534.1,92.6,173.9,0.116
253,-1,572.3,399.8,49.0,107.3,0.101
253,-1,74.5,558.3,72.3,190.1,0.091
253,-1,1206.4,436.6,66.8,183.5,0.079
253,-1,246.1,520.7,72.5,83.1,0.067
253,-1,1120.0,448.8,168.3,283.9,0.067
253,-1,1065.0,412.1,126.3,346.4,0.062
253,-1,933.4,527.5,132.4,268.9,0.050
254,-1,671.6,336.9,216.2,516.5,0.999
254,-1,844.7,323.7,173.1,552.9,0.999
254,-1,1352.3,373.8,130.1,350.3,0.999
254,-1,1083.0,310.4,212.4,503.5,0.999
254,-1,1536.9,425.6,88.8,277.2,0.998
254,-1,1797.5,418.7,96.1,217.7,0.997
254,-1,1626.6,531.2,72.4,182.8,0.997
254,-1,1258.7,429.9,111.6,290.6,0.995
254,-1,1022.1,386.8,74.9,364.7,0.991
254,-1,939.1,335.6,131.1,467.0,0.985
254,-1,1233.5,422.4,62.8,242.1,0.978
254,-1,122.3,525.6,79.4,219.2,0.930
254,-1,22.0,575.4,88.5,176.9,0.850
254,-1,247.0,517.3,42.2,56.9,0.845
254,-1,1690.1,473.0,45.4,112.2,0.829
254,-1,1838.3,418.6,42.7,100.4,0.612
254,-1,942.1,330.6,105.7,269.3,0.455
254,-1,247.7,521.7,49.0,112.9,0.383
254,-1,1265.2,355.0,78.0,114.1,0.361
254,-1,1839.5,419.2,50.9,191.4,0.336
254,-1,22.8,574.2,85.5,90.0,0.286
254,-1,26.2,534.8,133.3,213.7,0.202
254,-1,1066.6,415.1,117.0,324.6,0.167
254,-1,1285.3,390.2,152.5,335.1,0.145
254,-1,942.4,585.1,123.5,206.6,0.126
254,-1,61.6,587.1,70.4,163.1,0.109
254,-1,1590.1,443.6,46.7,221.2,0.107
254,-1,1229.9,360.6,118.4,302.6,0.090
254,-1,570.3,399.4,51.2,107.9,0.089
254,-1,1801.3,425.0,16.6,35.2,0.074
254,-1,1067.0,555.6,78.5,193.9,0.063
254,-1,2.2,514.6,91.5,133.8,0.060
254,-1,1069.5,513.2,167.0,251.1,0.058
254,-1,1186.3,394.4,107.5,287.3,0.053
254,-1,1793.9,426.4,46.9,144.7,0.051
255,-1,1356.4,373.5,132.4,348.7,1.000
255,-1,689.8,338.2,193.4,499.7,0.999
255,-1,855.2,327.2,177.2,554.6,0.999
255,-1,1086.5,311.5,213.5,503.1,0.999
255,-1,1631.3,533.3,85.7,180.4,0.998
255,-1,1536.1,421.8,90.8,280.7,0.997
255,-1,1802.6,418.9,92.1,217.7,0.997
255,-1,1262.3,397.4,105.6,318.8,0.990
255,-1,1230.6,428.1,72.8,240.4,0.980
255,-1,1022.8,383.8,81.2,368.8,0.978
255,-1,951.9,335.0,117.5,457.4,0.973
255,-1,120.2,534.2,81.5,209.2,0.951
255,-1,959.7,335.4,93.1,269.6,0.861
255,-1,1690.4,473.1,45.0,111.8,0.843
255,-1,247.1,517.0,42.9,55.7,0.819
255,-1,25.2,577.9,85.4,174.5,0.811
255,-1,249.6,518.2,46.7,154.1,0.483
255,-1,1837.0,414.5,44.8,97.5,0.385
255,-1,1216.8,431.1,60.1,187.4,0.266
255,-1,26.2,580.8,82.1,79.8,0.259
255,-1,935.4,606.1,130.8,180.4,0.183
255,-1,1586.5,452.5,49.4,219.9,0.167
255,-1,1168.1,437.2,138.6,278.3,0.150
255,-1,1803.4,423.4,52.1,185.9,0.146
255,-1,31.5,535.1,134.9,213.2,0.138
255,-1,1278.5,365.0,154.2,359.1,0.127
255,-1,1418.6,459.7,66.5,247.1,0.125
255,-1,63.9,587.9,63.0,162.8,0.114
255,-1,1269.1,356.8,81.1,135.9,0.108
255,-1,569.0,400.4,52.3,106.8,0.097
255,-1,0.0,548.3,29.8,128.4,0.096
255,-1,91.7,546.8,66.6,200.9,0.094
255,-1,1608.5,452.7,30.9,183.1,0.094
255,-1,1848.1,423.0,50.4,197.0,0.093
255,-1,129.8,637.1,59.5,104.6,0.087
255,-1,1.8,535.5,71.3,133.8,0.083
255,-1,206.3,514.1,76.0,65.7,0.081
255,-1,1072.7,432.4,121.8,304.0,0.079
255,-1,7.1,518.9,93.2,182.4,0.076
256,-1,864.2,327.3,202.8,552.4,1.000
256,-1,1362.9,373.3,122.5,348.9,0.999
256,-1,723.5,341.9,159.8,493.8,0.999
256,-1,1093.0,310.2,213.9,499.7,0.999
256,-1,1634.1,530.1,90.7,183.0,0.998
256,-1,1536.7,422.0,90.9,279.9,0.998
256,-1,1816.1,422.2,77.4,211.9,0.998
256,-1,1260.4,359.4,110.3,355.4,0.989
256,-1,1021.6,381.9,91.9,373.1,0.974
256,-1,1236.4,427.6,68.1,240.9,0.971
256,-1,966.6,325.5,102.5,447.4,0.947
256,-1,120.0,533.6,78.9,211.0,0.944
256,-1,1691.1,472.5,44.1,112.3,0.857
256,-1,27.2,576.7,82.8,175.7,0.850
256,-1,246.2,516.3,47.0,55.8,0.839
256,-1,969.7,332.1,92.8,222.7,0.819
256,-1,1844.6,415.5,40.8,100.0,0.546
256,-1,248.3,521.7,47.9,118.6,0.487
256,-1,61.5,636.3,48.5,115.1,0.442
256,-1,961.9,601.4,101.7,191.2,0.343
256,-1,797.9,326.2,204.6,528.4,0.332
256,-1,1804.8,424.7,50.7,178.1,0.289
256,-1,0.0,567.5,32.9,97.6,0.240
256,-1,28.2,579.8,80.2,79.9,0.195
256,-1,48.0,558.5,121.7,193.3,0.145
256,-1,1250.0,429.9,35.2,61.8,0.138
256,-1,1585.0,435.1,50.0,225.1,0.113
256,-1,971.6,329.2,76.5,122.7,0.095
256,-1,68.5,588.0,57.9,162.6,0.091
256,-1,1823.7,417.7,46.9,97.6,0.080
256,-1,1230.7,432.2,54.6,143.6,0.072
256,-1,1082.7,465.4,103.0,272.2,0.070
256,-1,1434.3,459.0,49.1,244.6,0.064
256,-1,971.0,328.1,60.4,75.4,0.059
256,-1,1848.6,418.6,54.6,193.7,0.054
256,-1,10.2,552.1,83.2,157.5,0.053
257,-1,870.1,323.9,212.4,556.0,1.000
257,-1,1105.4,311.4,201.0,498.0,0.999
257,-1,749.3,336.2,139.0,500.9,0.999
257,-1,1367.6,371.6,120.0,351.2,0.999
257,-1,1637.0,534.6,93.9,179.2,0.999
257,-1,1536.4,421.6,91.8,279.8,0.998
257,-1,1817.7,421.2,76.6,212.4,0.994
257,-1,1267.3,365.3,104.4,350.4,0.990
257,-1,1017.7,384.8,101.7,363.7,0.985
257,-1,1234.5,428.7,75.2,240.5,0.962
257,-1,120.4,536.8,79.4,207.1,0.950
257,-1,981.3,328.3,88.5,176.3,0.902
257,-1,27.6,571.5,81.9,180.3,0.887
257,-1,247.3,516.9,44.1,56.3,0.873
257,-1,1690.8,473.1,43.9,111.9,0.853
257,-1,963.3,345.3,138.4,430.2,0.818
257,-1,1807.9,422.1,51.2,196.0,0.580
257,-1,250.6,514.4,51.5,154.2,0.434
257,-1,0.0,545.5,32.7,126.7,0.420
257,-1,980.6,328.5,93.6,342.5,0.395
257,-1,59.9,620.1,50.2,128.9,0.305
257,-1,28.2,555.5,81.2,110.4,0.206
257,-1,2.2,536.0,60.0,133.0,0.177
257,-1,5.9,542.5,86.1,186.0,0.157
257,-1,39.8,531.5,135.2,216.8,0.114
257,-1,247.2,521.2,74.1,97.6,0.111
257,-1,3.7,534.4,73.2,73.7,0.092
257,-1,78.3,553.8,65.1,194.4,0.073
257,-1,23.3,501.5,72.8,86.8,0.072
257,-1,568.4,400.8,53.0,107.2,0.070
257,-1,1584.4,441.7,51.8,237.9,0.056
257,-1,1861.6,435.6,49.5,170.5,0.051
257,-1,1258.3,361.7,89.5,116.0,0.050
258,-1,869.4,335.1,227.2,537.1,0.999
258,-1,1117.6,311.3,193.2,494.8,0.999
258,-1,770.0,338.3,130.0,500.2,0.999
258,-1,1374.4,373.5,112.3,347.0,0.999
258,-1,1639.2,532.6,89.9,183.5,0.998
258,-1,1537.8,424.7,88.8,277.6,0.998
258,-1,1292.4,420.9,80.2,295.8,0.998
258,-1,1823.8,419.1,73.1,215.5,0.994
258,-1,1021.4,388.0,108.5,355.9,0.978
258,-1,120.9,535.4,78.1,208.0,0.947
258,-1,984.9,326.7,90.7,177.3,0.930
258,-1,1242.4,425.9,66.4,246.5,0.923
258,-1,27.2,572.5,82.0,179.8,0.887
258,-1,246.9,516.4,44.1,55.2,0.805
258,-1,1692.3,473.6,43.1,110.2,0.800
258,-1,1809.8,420.1,51.9,203.7,0.752
258,-1,246.9,515.7,48.2,159.9,0.479
258,-1,1105.8,442.3,87.3,287.8,0.461
258,-1,1264.1,354.6,80.6,124.1,0.427
258,-1,985.9,329.8,100.6,395.3,0.414
258,-1,61.2,632.7,49.2,117.0,0.394
258,-1,1259.1,373.6,98.8,326.3,0.309
258,-1,39.1,543.5,135.0,207.0,0.287
258,-1,1850.2,417.1,47.6,109.4,0.224
258,-1,0.0,540.6,45.5,128.9,0.178
258,-1,28.4,579.4,79.3,80.2,0.170
258,-1,1.4,537.9,65.4,68.0,0.163
258,-1,987.6,328.9,65.2,108.5,0.114
258,-1,15.7,509.5,96.3,176.3,0.086
258,-1,571.4,399.9,50.6,106.1,0.085
258,-1,1849.7,422.8,63.6,187.0,0.081
258,-1,246.4,521.3,75.4,95.6,0.080
258,-1,180.4,498.1,53.0,84.7,0.076
258,-1,129.6,641.6,60.0,101.0,0.071
258,-1,27.3,501.4,72.0,84.7,0.069
258,-1,80.4,553.9,60.5,195.4,0.065
258,-1,1589.1,443.1,46.6,227.1,0.056
259,-1,880.7,335.4,229.3,536.2,0.999
259,-1,1649.0,527.2,81.6,189.7,0.999
259,-1,773.3,340.6,153.3,500.7,0.999
259,-1,1132.3,308.9,179.1,486.6,0.999
259,-1,1384.2,371.3,109.5,345.8,0.999
259,-1,1537.8,423.7,88.0,278.6,0.998
259,-1,1813.5,414.6,90.2,219.7,0.997
259,-1,1290.3,425.8,93.6,288.0,0.992
259,-1,1039.0,394.0,100.2,343.4,0.983
259,-1,120.7,531.4,76.9,212.2,0.933
259,-1,1250.9,438.4,61.1,230.8,0.903
259,-1,1118.5,423.8,80.2,315.2,0.891
259,-1,999.7,326.1,82.3,173.6,0.863
259,-1,1693.2,473.5,44.1,108.9,0.795
259,-1,246.6,515.9,43.8,55.3,0.764
259,-1,28.3,549.5,81.7,202.3,0.734
259,-1,996.1,326.3,55.1,72.5,0.658
259,-1,1254.5,356.1,85.2,314.8,0.575
259,-1,246.5,515.5,48.0,161.6,0.514
259,-1,1006.1,345.7,106.2,389.2,0.502
259,-1,1270.6,352.7,72.3,128.0,0.484
259,-1,0.0,540.7,47.5,133.7,0.389
259,-1,1.7,537.5,81.9,177.9,0.227
259,-1,53.1,542.9,128.4,208.0,0.210
259,-1,1.2,538.9,63.4,73.7,0.156
259,-1,1010.3,378.7,192.0,389.2,0.124
259,-1,29.8,578.4,78.1,80.7,0.122
259,-1,1055.3,392.3,76.1,213.5,0.114
259,-1,74.4,556.3,69.2,191.5,0.100
259,-1,1812.0,424.2,51.6,191.4,0.099
259,-1,571.2,400.4,50.5,109.9,0.066
260,-1,898.3,334.9,211.6,532.6,0.999
260,-1,790.9,339.4,148.3,497.7,0.999
260,-1,1139.4,306.4,173.4,484.9,0.999
260,-1,1388.3,375.4,122.9,339.7,0.999
260,-1,1658.7,526.1,77.6,190.3,0.998
260,-1,1537.9,424.0,87.9,278.8,0.998
260,-1,1814.3,416.9,89.3,217.4,0.997
260,-1,1297.4,429.5,90.0,284.6,0.993
260,-1,118.2,529.9,78.6,212.8,0.962
260,-1,1050.9,396.5,95.1,367.1,0.949
260,-1,1122.9,438.2,76.6,303.1,0.870
260,-1,1692.5,474.0,45.7,106.4,0.868
260,-1,1007.0,326.6,85.5,169.6,0.843
260,-1,33.6,559.9,77.2,190.6,0.822
260,-1,246.8,516.0,43.6,54.0,0.694
260,-1,0.5,541.4,49.9,126.5,0.658
260,-1,1013.9,328.9,43.0,70.8,0.527
260,-1,1004.3,334.0,106.4,446.3,0.525
260,-1,1256.0,439.9,57.6,230.6,0.441
260,-1,1854.5,420.3,55.5,194.7,0.438
260,-1,1276.2,359.2,64.5,117.2,0.432
260,-1,1857.3,417.5,49.1,113.3,0.355
260,-1,2.1,541.0,46.4,60.6,0.296
260,-1,248.2,519.6,48.0,148.1,0.284
260,-1,1255.6,361.7,94.7,317.2,0.284
260,-1,1061.9,391.2,66.2,191.1,0.183
260,-1,25.1,513.7,86.0,172.8,0.177
260,-1,953.7,370.5,213.9,441.3,0.143
260,-1,40.8,499.8,68.4,82.7,0.128
260,-1,30.9,575.2,77.0,84.7,0.110
260,-1,50.6,535.7,136.7,211.3,0.110
260,-1,6.6,512.2,71.1,133.5,0.101
260,-1,10.2,503.0,74.9,82.1,0.096
260,-1,566.5,398.4,55.1,107.6,0.085
260,-1,1897.7,443.1,13.8,22.0,0.076
260,-1,1813.3,430.2,46.8,180.9,0.075
260,-1,1808.9,427.0,20.2,21.2,0.069
260,-1,65.3,543.5,67.2,206.7,0.066
260,-1,1059.6,394.2,61.0,109.2,0.055
260,-1,1121.9,446.1,25.2,104.1,0.053
260,-1,2.2,541.9,66.0,203.3,0.050
261,-1,807.6,346.3,146.5,493.8,0.999
261,-1,1142.6,306.6,170.2,484.6,0.999
261,-1,1387.9,376.3,133.3,339.9,0.999
261,-1,1305.9,425.7,86.9,287.3,0.999
261,-1,1537.0,421.2,90.9,281.3,0.999
261,-1,1667.8,528.7,74.5,187.6,0.998
261,-1,913.2,330.4,210.6,545.3,0.998
261,-1,1817.6,419.4,89.9,214.8,0.996
261,-1,1060.6,391.8,91.6,378.8,0.953
261,-1,121.1,526.0,76.2,220.3,0.949
261,-1,1019.8,327.0,77.3,175.8,0.852
261,-1,246.1,515.8,47.3,55.8,0.850
261,-1,36.6,527.1,74.7,222.5,0.842
261,-1,1127.9,416.5,81.9,325.6,0.841
261,-1,1690.5,473.1,50.4,106.3,0.771
261,-1,1023.1,330.4,39.5,68.6,0.762
261,-1,1276.9,356.6,66.3,138.2,0.652
261,-1,1857.0,415.9,54.9,110.3,0.623
261,-1,1000.6,343.1,126.6,451.5,0.614
261,-1,1.7,539.7,52.1,125.5,0.534
261,-1,247.2,521.9,49.0,106.6,0.456
261,-1,1273.1,359.0,79.0,313.2,0.252
261,-1,1084.4,369.6,140.1,389.9,0.251
261,-1,57.1,523.9,130.6,226.8,0.219
261,-1,1067.7,390.4,62.8,170.4,0.209
261,-1,10.5,538.0,45.3,50.7,0.184
261,-1,1275.5,439.0,37.9,232.2,0.171
261,-1,1040.2,343.0,96.1,208.5,0.167
261,-1,2.4,541.3,63.0,205.6,0.161
261,-1,1.6,541.4,37.4,72.7,0.155
261,-1,8.1,511.2,67.8,130.9,0.138
261,-1,31.5,499.7,73.4,91.3,0.132
261,-1,1896.5,443.9,15.0,24.3,0.103
261,-1,569.7,401.2,51.9,110.7,0.088
261,-1,1892.3,442.3,20.1,68.3,0.055
261,-1,1578.0,433.2,56.4,251.4,0.053
262,-1,814.7,349.4,164.7,487.4,0.999
262,-1,1152.4,306.0,162.5,486.5,0.999
262,-1,1679.0,527.0,72.0,191.9,0.999
262,-1,945.7,333.5,189.1,515.8,0.999
262,-1,1820.3,421.7,93.1,211.1,0.999
262,-1,1539.9,425.8,85.9,276.6,0.998
262,-1,1393.2,376.9,137.8,338.9,0.998
262,-1,1311.8,429.4,83.7,283.8,0.994
262,-1,1076.1,393.1,93.4,370.2,0.969
262,-1,1131.0,404.3,77.7,341.9,0.915
262,-1,1038.5,333.9,32.2,70.7,0.896
262,-1,119.7,531.8,78.7,211.6,0.888
262,-1,247.4,516.0,42.3,57.2,0.841
262,-1,1689.5,472.5,45.4,58.8,0.814
262,-1,1858.8,416.6,57.7,120.8,0.804
262,-1,24.7,545.6,84.9,206.0,0.764
262,-1,1271.5,355.2,71.1,155.5,0.694
262,-1,1690.1,472.4,51.8,102.4,0.520
262,-1,248.7,518.3,47.8,147.3,0.470
262,-1,1075.5,389.9,64.4,241.9,0.368
262,-1,25.8,526.0,169.5,224.7,0.338
262,-1,1037.3,333.4,49.1,101.7,0.274
262,-1,3.1,542.2,45.4,63.0,0.239
262,-1,1268.3,354.1,84.5,266.6,0.224
262,-1,1.6,538.6,57.3,108.3,0.189
262,-1,1899.4,443.0,13.5,31.2,0.126
262,-1,1575.8,431.9,59.2,254.6,0.122
262,-1,62.9,579.3,51.7,171.3,0.116
262,-1,1120.9,440.1,59.0,300.0,0.111
262,-1,1873.7,423.4,45.7,174.5,0.101
262,-1,42.7,499.4,65.1,83.0,0.087
262,-1,4.3,545.9,57.7,212.7,0.085
262,-1,8.1,529.5,74.2,153.6,0.082
262,-1,27.9,565.4,79.7,97.0,0.078
262,-1,1041.9,354.8,100.4,403.6,0.075
262,-1,948.2,617.0,65.7,98.2,0.069
262,-1,1116.0,600.3,46.4,128.8,0.067
262,-1,129.3,626.1,61.4,114.4,0.057
262,-1,8.1,511.9,74.8,93.0,0.055
262,-1,1816.8,428.0,48.9,153.5,0.055
262,-1,1898.6,443.1,19.2,60.0,0.052
263,-1,1159.2,304.6,162.1,487.1,0.999
263,-1,817.6,351.2,177.1,485.2,0.999
263,-1,1682.7,526.3,72.7,193.2,0.999
263,-1,965.8,332.5,178.7,517.9,0.999
263,-1,1540.5,425.0,88.3,277.3,0.998
263,-1,1821.5,421.2,93.2,212.8,0.998
263,-1,1315.1,431.3,84.6,281.9,0.998
263,-1,1397.9,376.6,137.6,337.9,0.998
263,-1,1076.6,389.9,106.3,369.8,0.984
263,-1,120.6,532.0,78.4,211.4,0.945
263,-1,1143.5,440.4,67.8,304.4,0.887
263,-1,247.4,516.3,40.5,55.7,0.856
263,-1,1692.9,472.8,45.0,56.4,0.837
263,-1,19.6,534.9,91.9,216.1,0.818
263,-1,1262.8,353.1,78.9,176.2,0.704
263,-1,1861.1,418.2,58.6,179.9,0.703
263,-1,7.4,542.2,45.6,112.6,0.671
263,-1,1085.1,387.9,61.6,236.8,0.546
263,-1,1856.7,414.3,58.6,104.9,0.517
263,-1,1052.0,334.6,25.9,69.8,0.495
263,-1,247.4,521.1,48.5,95.9,0.392
263,-1,962.3,612.6,55.6,100.6,0.329
263,-1,55.9,567.3,54.3,180.7,0.320
263,-1,4.1,544.0,43.3,65.2,0.303
263,-1,30.2,535.9,161.4,211.9,0.214
263,-1,0.0,544.2,22.2,73.5,0.202
263,-1,1048.2,334.1,45.1,94.0,0.172
263,-1,3.1,549.3,70.2,201.7,0.160
263,-1,1692.9,471.5,48.8,105.6,0.151
263,-1,38.9,499.0,67.6,84.3,0.104
263,-1,1818.7,430.5,52.3,159.9,0.102
263,-1,1046.5,337.6,65.6,172.9,0.100
263,-1,1279.2,369.8,87.5,298.1,0.083
263,-1,250.3,512.8,53.3,159.2,0.076
263,-1,25.6,566.2,82.4,98.7,0.066
263,-1,1578.9,435.0,57.1,237.0,0.065
263,-1,564.9,399.9,56.0,108.1,0.051
264,-1,821.4,353.2,194.1,477.7,1.000
264,-1,986.0,330.9,188.4,512.0,0.999
264,-1,1542.1,425.2,87.3,276.9,0.999
264,-1,1165.3,313.0,182.1,480.8,0.999
264,-1,1822.6,421.3,95.2,212.9,0.999
264,-1,1688.4,525.6,70.9,193.4,0.999
264,-1,1318.9,432.9,84.4,274.0,0.998
264,-1,1406.1,376.0,137.3,337.6,0.997
264,-1,121.3,531.6,77.1,211.0,0.952
264,-1,1095.5,383.3,112.1,377.7,0.909
264,-1,1860.0,417.4,60.0,109.5,0.838
264,-1,1691.0,473.1,43.5,58.0,0.800
264,-1,247.2,515.7,42.3,55.3,0.791
264,-1,27.0,560.1,82.0,191.5,0.771
264,-1,1084.9,389.3,67.0,183.8,0.759
264,-1,1151.2,445.1,59.8,297.0,0.737
264,-1,245.6,514.6,48.0,164.0,0.658
264,-1,15.8,544.7,38.1,102.6,0.644
264,-1,1278.5,354.3,65.7,157.4,0.630
264,-1,40.4,539.0,156.3,206.2,0.237
264,-1,12.9,547.2,62.3,187.1,0.233
264,-1,975.7,595.2,48.9,117.1,0.216
264,-1,1588.5,447.8,48.3,222.0,0.161
264,-1,17.1,512.6,82.7,151.0,0.131
264,-1,48.7,499.9,60.9,94.4,0.121
264,-1,4.4,542.8,39.4,62.4,0.112
264,-1,17.1,543.7,41.2,47.3,0.085
264,-1,1278.4,360.8,91.5,330.6,0.074
264,-1,62.0,570.6,69.1,177.6,0.071
264,-1,1690.9,473.8,61.1,130.3,0.065
264,-1,1820.2,431.6,50.5,154.2,0.057
264,-1,1894.4,441.8,25.6,154.6,0.057
264,-1,29.9,577.4,77.8,85.0,0.051
265,-1,824.0,351.8,199.7,479.8,0.999
265,-1,1692.0,526.3,73.9,193.2,0.999
265,-1,1173.8,316.1,188.4,475.2,0.999
265,-1,1540.6,424.4,89.9,278.0,0.999
265,-1,1824.4,421.9,93.7,214.0,0.999
265,-1,996.2,331.9,178.0,519.8,0.999
265,-1,1407.1,376.1,139.1,334.5,0.997
265,-1,1322.4,431.5,84.2,274.8,0.995
265,-1,121.0,533.4,78.3,209.9,0.940
265,-1,1860.7,416.0,59.3,96.5,0.845
265,-1,246.3,515.5,47.2,55.3,0.829
265,-1,1094.0,387.6,113.8,366.4,0.803
265,-1,1089.4,386.8,70.2,171.2,0.792
265,-1,35.9,574.3,71.7,176.7,0.783
265,-1,176.6,539.3,50.6,46.0,0.773
265,-1,1693.3,472.8,39.6,70.2,0.712
265,-1,1155.7,431.8,58.9,300.8,0.691
265,-1,1281.0,354.1,65.1,164.1,0.645
265,-1,6.4,540.4,47.1,118.2,0.570
265,-1,248.0,515.3,45.6,150.5,0.443
265,-1,41.8,537.1,108.3,212.2,0.357
265,-1,1689.4,465.7,48.5,137.7,0.339
265,-1,983.1,574.1,46.7,137.8,0.251
265,-1,927.5,343.1,190.6,498.1,0.230
265,-1,3.0,540.5,65.8,211.3,0.215
265,-1,1871.2,413.6,48.8,192.7,0.207
265,-1,1589.2,440.9,47.5,231.6,0.190
265,-1,17.7,539.8,55.1,74.7,0.172
265,-1,1280.8,364.4,97.0,322.3,0.134
265,-1,1060.1,356.7,110.2,348.0,0.127
265,-1,568.0,399.9,53.2,108.2,0.125
265,-1,1118.8,402.8,50.7,247.8,0.074
265,-1,26.0,542.1,79.9,121.0,0.059
266,-1,836.0,355.9,190.7,473.7,1.000
266,-1,1178.8,321.9,185.0,463.2,0.999
266,-1,1539.6,423.7,91.3,279.0,0.999
266,-1,1005.4,333.6,168.5,516.8,0.999
266,-1,1327.4,431.2,83.6,269.7,0.999
266,-1,1696.6,527.9,71.5,194.7,0.998
266,-1,1828.5,425.4,91.2,208.2,0.998
266,-1,1407.7,379.9,137.9,331.3,0.997
266,-1,121.0,533.7,77.9,209.1,0.950
266,-1,1860.3,418.5,59.7,83.9,0.916
266,-1,246.5,515.7,46.4,55.5,0.828
266,-1,34.5,566.8,73.7,182.8,0.787
266,-1,1690.9,472.4,41.3,100.4,0.768
266,-1,1096.5,387.1,66.3,159.0,0.740
266,-1,176.7,539.9,32.8,40.2,0.643
266,-1,1165.5,431.1,54.8,296.1,0.605
266,-1,249.2,513.3,50.2,158.8,0.497
266,-1,1090.2,392.5,90.5,372.8,0.489
266,-1,1868.3,416.5,51.7,187.9,0.437
266,-1,0.8,543.8,54.9,89.8,0.354
266,-1,25.1,544.0,35.8,74.8,0.282
266,-1,1157.9,396.6,105.0,374.1,0.272
266,-1,1282.8,358.4,61.9,146.1,0.235
266,-1,1588.9,446.7,48.2,217.8,0.211
266,-1,9.6,540.0,63.6,120.1,0.205
266,-1,45.2,536.1,150.8,206.6,0.122
266,-1,1129.4,408.3,47.7,307.9,0.119
266,-1,3.0,528.1,62.7,219.2,0.115
266,-1,567.8,399.9,53.5,108.7,0.107
266,-1,75.4,546.3,65.5,201.4,0.083
266,-1,48.1,501.4,61.3,102.8,0.079
266,-1,1144.0,417.1,40.7,187.7,0.060
266,-1,1892.5,428.8,27.5,169.5,0.056
266,-1,22.3,546.1,83.0,119.5,0.055
267,-1,862.6,357.0,169.2,461.3,1.000
267,-1,1012.5,334.5,213.3,519.7,0.999
267,-1,1190.9,315.2,176.2,471.1,0.999
267,-1,1543.4,422.2,87.0,279.0,0.999
267,-1,1827.5,424.1,91.1,210.2,0.998
267,-1,1416.7,382.5,132.9,330.4,0.998
267,-1,1330.1,431.1,81.1,266.4,0.996
267,-1,1706.1,527.5,68.2,193.2,0.996
267,-1,121.5,533.8,77.1,208.4,0.942
267,-1,1864.7,418.5,55.3,77.1,0.910
267,-1,43.4,553.2,67.2,194.4,0.889
267,-1,1690.7,471.6,42.1,112.2,0.866
267,-1,246.3,515.6,46.4,55.9,0.852
267,-1,1109.3,388.0,61.1,113.8,0.777
267,-1,1161.5,440.5,64.6,299.8,0.650
267,-1,249.5,513.0,50.2,158.8,0.439
267,-1,1870.4,421.1,49.6,182.1,0.363
267,-1,1112.8,394.5,103.0,329.2,0.278
267,-1,0.1,539.0,49.8,121.7,0.266
267,-1,1109.0,668.7,29.0,56.3,0.251
267,-1,46.5,539.3,147.6,208.4,0.211
267,-1,1584.7,451.7,51.9,229.4,0.211
267,-1,14.9,538.1,58.1,65.5,0.126
267,-1,28.1,542.5,26.8,56.0,0.100
267,-1,47.9,500.5,61.4,98.2,0.089
267,-1,1117.0,391.0,69.9,167.6,0.088
267,-1,1281.1,357.0,59.6,106.6,0.080
267,-1,1848.7,423.5,69.0,121.1,0.068
267,-1,1600.0,469.4,42.3,167.8,0.068
267,-1,1900.0,495.2,20.0,96.7,0.056
267,-1,1133.9,361.0,146.0,424.9,0.055
267,-1,246.3,518.8,70.7,82.7,0.055
267,-1,7.2,559.1,81.4,205.1,0.054
268,-1,1019.2,339.3,233.4,505.9,0.999
268,-1,879.7,355.3,156.0,462.7,0.999
268,-1,1197.5,321.6,168.0,459.5,0.999
268,-1,1830.9,421.5,89.1,211.4,0.999
268,-1,1546.3,421.5,85.5,280.3,0.998
268,-1,1334.0,429.6,83.2,269.4,0.998
268,-1,1422.2,384.3,128.7,328.2,0.998
268,-1,1707.8,527.9,70.5,193.9,0.997
268,-1,120.5,533.1,78.4,209.5,0.952
268,-1,1688.1,474.0,42.7,110.0,0.906
268,-1,245.8,516.0,46.9,56.5,0.854
268,-1,1869.5,421.6,50.5,68.5,0.828
268,-1,25.8,509.9,85.2,242.6,0.754
268,-1,1123.6,328.5,184.8,482.7,0.640
268,-1,1121.5,388.5,67.6,162.7,0.588
268,-1,1872.0,428.3,47.4,193.8,0.582
268,-1,1113.3,385.6,126.5,362.4,0.571
268,-1,250.4,515.1,48.9,149.6,0.404
268,-1,1121.2,387.3,57.3,93.7,0.378
268,-1,59.0,627.9,52.1,121.8,0.353
268,-1,1817.8,426.8,30.0,59.6,0.343
268,-1,39.8,532.3,152.2,215.5,0.300
268,-1,1180.9,412.6,52.0,309.1,0.300
268,-1,1817.7,426.4,37.5,141.4,0.271
268,-1,1588.7,442.7,50.8,238.3,0.217
268,-1,61.9,575.2,67.4,172.9,0.109
268,-1,43.7,501.1,66.7,149.0,0.101
268,-1,1114.7,598.9,106.0,138.7,0.090
268,-1,1605.7,463.1,38.9,157.6,0.082
268,-1,246.2,519.6,70.3,87.6,0.076
268,-1,1113.6,653.9,34.3,71.8,0.068
268,-1,93.5,542.3,67.4,204.4,0.064
268,-1,1828.1,426.8,50.0,106.1,0.060
268,-1,1893.1,439.0,26.8,161.0,0.052
268,-1,1156.3,418.3,52.7,256.0,0.051
269,-1,908.3,351.2,132.7,460.4,1.000
269,-1,1021.6,339.3,245.5,505.5,0.999
269,-1,1427.0,389.5,125.2,322.0,0.999
269,-1,1207.8,319.2,159.9,456.0,0.999
269,-1,1548.7,422.1,81.1,279.1,0.999
269,-1,1345.1,428.0,78.5,274.2,0.998
269,-1,1714.4,529.9,68.5,191.5,0.997
269,-1,1834.3,421.7,85.7,211.3,0.996
269,-1,121.0,534.0,78.0,208.2,0.962
269,-1,1693.6,474.0,35.2,110.2,0.933
269,-1,246.4,515.9,45.3,55.5,0.830
269,-1,27.1,553.5,79.9,195.8,0.741
269,-1,1872.8,420.8,47.2,64.1,0.608
269,-1,1139.4,388.3,107.4,368.0,0.553
269,-1,1602.9,480.6,41.3,152.8,0.549
269,-1,1183.1,401.4,59.8,305.4,0.466
269,-1,247.9,520.8,47.8,119.6,0.443
269,-1,1872.1,424.4,47.9,180.5,0.427
269,-1,1818.9,426.5,31.7,65.1,0.394
269,-1,1139.2,388.9,51.2,90.0,0.320
269,-1,1117.0,603.0,95.9,127.9,0.275
269,-1,1820.2,424.7,39.4,103.4,0.257
269,-1,1143.1,382.6,61.5,166.9,0.247
269,-1,57.4,625.9,52.9,122.5,0.239
269,-1,49.5,532.4,135.7,217.5,0.211
269,-1,1831.1,423.9,49.7,105.6,0.165
269,-1,1175.3,402.0,59.1,187.1,0.161
269,-1,1116.2,649.2,44.0,82.4,0.123
269,-1,1117.9,645.0,63.2,119.2,0.110
269,-1,1621.0,481.6,25.3,117.5,0.088
269,-1,1888.8,437.1,31.2,57.0,0.084
269,-1,43.8,500.7,66.2,108.5,0.079
269,-1,1895.1,436.5,24.9,158.8,0.059
269,-1,1119.9,548.9,130.7,205.0,0.057
269,-1,92.6,542.6,70.8,203.0,0.052
269,-1,127.1,650.5,60.8,90.0,0.050
270,-1,916.9,353.1,132.1,460.2,1.000
270,-1,1027.8,336.6,242.7,508.6,1.000
270,-1,1217.5,318.6,151.1,461.3,0.998
270,-1,1432.0,391.5,119.4,318.2,0.998
270,-1,1715.7,530.2,67.6,192.8,0.997
270,-1,1550.8,422.2,81.1,278.9,0.997
270,-1,1352.9,430.8,75.3,274.9,0.996
270,-1,1835.8,422.1,84.2,206.8,0.994
270,-1,120.2,532.8,79.4,210.3,0.951
270,-1,1693.3,474.6,35.4,109.5,0.920
270,-1,247.3,516.3,40.8,55.4,0.834
270,-1,1819.3,425.4,36.0,67.1,0.765
270,-1,1185.4,401.3,61.0,310.8,0.663
270,-1,27.2,565.0,81.8,186.6,0.641
270,-1,1874.0,422.2,46.0,180.8,0.510
270,-1,248.1,518.9,48.7,139.3,0.415
270,-1,1816.0,426.4,37.3,117.0,0.401
270,-1,1831.4,423.1,49.6,104.5,0.398
270,-1,1185.2,400.0,51.5,167.4,0.355
270,-1,1138.7,398.9,115.9,359.3,0.306
270,-1,1876.1,420.4,43.9,68.0,0.270
270,-1,1605.5,468.7,37.2,163.2,0.260
270,-1,59.0,633.0,51.8,117.5,0.223
270,-1,1167.6,407.4,57.3,203.7,0.209
270,-1,1117.7,648.6,36.1,77.8,0.208
270,-1,1900.3,443.6,19.7,45.8,0.207
270,-1,41.9,536.1,143.2,215.6,0.188
270,-1,1151.0,371.7,47.2,93.4,0.135
270,-1,1153.4,385.6,57.0,148.1,0.121
270,-1,1132.8,634.5,53.0,129.9,0.097
270,-1,1179.1,401.7,54.7,69.2,0.095
270,-1,79.4,547.1,64.9,202.7,0.078
270,-1,1893.9,438.5,26.1,156.1,0.075
270,-1,1617.5,465.3,31.3,140.5,0.070
270,-1,1139.1,578.2,142.3,183.4,0.060
270,-1,24.6,570.7,83.2,95.8,0.057
270,-1,126.7,651.1,61.7,89.3,0.055
270,-1,44.2,500.2,66.0,83.1,0.054
271,-1,1032.7,335.2,243.7,510.6,1.000
271,-1,919.0,346.4,128.3,464.1,0.999
271,-1,1433.3,389.6,118.1,320.4,0.998
271,-1,1223.0,321.2,150.1,451.7,0.998
271,-1,1718.0,525.9,73.3,196.7,0.998
271,-1,1552.8,422.8,80.9,278.6,0.997
271,-1,1354.0,432.1,82.7,271.2,0.995
271,-1,1836.3,422.2,83.7,207.6,0.993
271,-1,119.8,536.0,78.3,207.5,0.967
271,-1,1689.2,472.1,44.8,113.3,0.915
271,-1,247.5,516.4,40.7,56.6,0.851
271,-1,1819.4,424.6,35.4,68.3,0.776
271,-1,45.8,563.8,65.4,188.6,0.703
271,-1,1200.4,400.1,42.1,178.6,0.676
271,-1,1197.4,400.5,66.7,329.5,0.564
271,-1,1208.4,399.8,33.0,61.6,0.494
271,-1,247.3,520.2,50.7,90.0,0.461
271,-1,2.3,494.4,106.0,256.7,0.451
271,-1,1188.3,401.3,49.3,68.2,0.339
271,-1,1603.8,466.1,42.0,168.6,0.294
271,-1,1166.8,405.9,53.9,64.3,0.283
271,-1,1142.7,382.3,125.4,402.6,0.259
271,-1,59.8,637.9,51.3,113.2,0.238
271,-1,1878.2,419.8,41.8,67.1,0.153
271,-1,51.0,535.8,142.1,212.1,0.145
271,-1,1081.2,334.9,53.6,99.8,0.139
271,-1,1833.1,422.5,48.6,107.7,0.116
271,-1,1887.6,428.2,32.4,187.9,0.111
271,-1,16.2,580.2,89.2,104.5,0.083
271,-1,249.3,515.8,67.9,145.9,0.074
271,-1,566.1,398.1,54.7,109.9,0.057
272,-1,930.2,349.5,133.8,460.8,1.000
272,-1,1052.4,337.3,221.9,506.6,0.999
272,-1,1435.4,389.1,110.4,314.3,0.999
272,-1,1719.4,521.8,92.4,204.0,0.999
272,-1,1233.0,321.3,157.1,451.3,0.998
272,-1,1555.6,424.4,78.4,278.0,0.998
272,-1,1359.2,431.3,93.9,273.3,0.997
272,-1,1837.4,422.4,82.6,208.1,0.993
272,-1,121.2,534.9,77.8,207.3,0.961
272,-1,1688.5,472.0,46.3,113.6,0.910
272,-1,245.9,515.5,46.8,57.0,0.854
272,-1,1880.8,420.9,39.2,201.1,0.835
272,-1,1088.8,332.8,60.6,201.0,0.789
272,-1,16.4,519.0,95.1,233.4,0.762
272,-1,1210.4,399.6,39.5,139.2,0.733
272,-1,1605.5,463.0,41.1,158.3,0.637
272,-1,1816.8,426.8,39.1,85.7,0.618
272,-1,1080.5,331.3,62.9,389.6,0.584
272,-1,1879.3,421.4,40.7,51.5,0.563
272,-1,1204.1,398.6,45.5,61.1,0.560
272,-1,1217.7,393.4,50.4,314.8,0.536
272,-1,1091.2,335.3,57.7,98.7,0.491
272,-1,61.7,644.1,49.1,109.9,0.430
272,-1,248.8,513.0,50.8,157.3,0.424
272,-1,1149.6,653.3,53.9,111.9,0.293
272,-1,32.2,501.0,76.0,160.1,0.189
272,-1,17.1,579.9,87.9,104.6,0.113
272,-1,48.3,536.7,147.3,210.7,0.109
272,-1,1096.4,618.5,103.6,145.8,0.108
272,-1,45.1,499.5,65.7,87.1,0.096
272,-1,246.4,518.9,69.0,88.0,0.065
272,-1,1834.2,422.3,51.6,112.3,0.060
272,-1,1607.1,487.6,30.7,99.1,0.056
273,-1,937.7,356.1,144.8,457.2,1.000
273,-1,1722.6,524.6,96.0,201.5,0.999
273,-1,1065.4,336.8,211.1,507.0,0.999
273,-1,1439.9,389.1,100.0,312.5,0.999
273,-1,1557.9,425.1,80.0,276.8,0.998
273,-1,1237.9,319.9,160.5,454.0,0.998
273,-1,1363.1,431.0,94.6,273.9,0.998
273,-1,1838.9,419.9,81.1,212.3,0.997
273,-1,119.9,527.7,80.4,216.4,0.938
273,-1,1688.3,472.6,45.6,113.2,0.904
273,-1,1094.4,334.9,64.1,201.9,0.881
273,-1,1222.4,399.5,32.9,70.6,0.862
273,-1,246.2,515.5,46.7,56.2,0.848
273,-1,1878.6,418.5,41.4,50.5,0.831
273,-1,32.6,570.7,75.9,180.6,0.764
273,-1,1230.2,404.3,47.5,301.1,0.730
273,-1,1089.1,333.9,67.7,395.1,0.676
273,-1,1219.9,399.6,42.9,225.9,0.670
273,-1,1817.8,426.4,37.9,103.2,0.577
273,-1,60.3,639.2,50.2,114.1,0.410
273,-1,250.5,513.9,50.1,150.8,0.360
273,-1,1607.8,464.2,37.3,131.4,0.319
273,-1,1155.9,649.0,52.0,113.3,0.305
273,-1,48.2,535.5,148.3,211.2,0.250
273,-1,1148.4,322.6,192.5,472.1,0.152
273,-1,1096.5,334.8,122.8,191.1,0.130
273,-1,1175.1,373.8,103.8,390.6,0.125
273,-1,1103.3,628.8,102.7,133.5,0.106
273,-1,43.6,500.0,66.7,85.2,0.100
273,-1,61.7,583.4,65.1,166.5,0.095
273,-1,569.1,399.5,52.5,107.5,0.082
273,-1,17.6,505.1,97.3,200.6,0.079
273,-1,1595.5,443.9,49.4,212.2,0.068
273,-1,1625.8,502.4,26.7,97.0,0.061
273,-1,1886.5,422.7,33.5,202.8,0.057
273,-1,692.8,377.1,89.0,380.7,0.054
274,-1,1243.9,319.8,172.4,456.7,1.000
274,-1,1443.7,388.7,91.0,312.3,0.999
274,-1,1103.4,338.2,177.8,492.8,0.999
274,-1,1561.2,424.8,82.7,275.6,0.999
274,-1,945.3,354.1,175.5,457.5,0.999
274,-1,1736.2,532.1,85.0,195.0,0.999
274,-1,1852.9,425.0,67.1,203.2,0.995
274,-1,1366.0,435.2,97.0,265.4,0.985
274,-1,1103.8,338.7,66.2,389.3,0.981
274,-1,120.5,534.7,78.6,208.9,0.950
274,-1,1689.1,472.8,45.0,112.4,0.840
274,-1,247.1,515.6,42.5,56.7,0.835
274,-1,1815.9,427.2,41.3,83.8,0.799
274,-1,30.8,551.3,78.2,200.1,0.798
274,-1,1231.0,397.5,31.1,64.3,0.763
274,-1,1879.0,416.7,41.0,49.7,0.762
274,-1,1611.9,473.7,35.5,122.1,0.617
274,-1,1230.8,396.4,41.6,177.5,0.591
274,-1,247.5,520.6,50.5,111.0,0.463
274,-1,1104.2,334.3,62.2,191.2,0.444
274,-1,1400.4,411.5,95.8,287.5,0.398
274,-1,45.6,529.1,145.5,218.1,0.383
274,-1,1235.8,398.7,45.5,297.7,0.287
274,-1,1248.8,516.9,49.3,223.5,0.231
274,-1,1843.8,426.0,51.7,178.5,0.156
274,-1,1841.8,425.8,47.3,103.9,0.110
274,-1,1118.9,614.4,36.2,108.1,0.096
274,-1,567.5,399.9,54.2,108.2,0.096
274,-1,1624.4,480.7,23.0,53.3,0.076
274,-1,1364.1,438.8,59.2,224.4,0.074
274,-1,37.5,501.6,70.1,117.9,0.069
274,-1,692.5,380.1,89.0,377.7,0.059
275,-1,1447.4,388.8,88.1,314.8,0.999
275,-1,957.2,355.3,178.1,453.2,0.999
275,-1,1561.2,424.9,85.8,275.7,0.999
275,-1,1249.3,320.8,176.4,458.1,0.999
275,-1,1120.9,334.3,164.9,496.2,0.999
275,-1,1734.0,537.5,82.0,187.6,0.997
275,-1,1851.0,424.5,69.0,205.1,0.990
275,-1,1368.8,433.9,95.0,267.6,0.990
275,-1,1110.3,335.7,63.0,369.4,0.965
275,-1,121.0,536.1,79.9,206.7,0.952
275,-1,247.0,515.8,41.8,55.2,0.840
275,-1,1689.2,472.7,45.4,112.8,0.839
275,-1,1880.2,415.8,39.8,47.7,0.837
275,-1,25.4,569.4,84.1,182.9,0.747
275,-1,1819.3,427.7,36.3,73.8,0.690
275,-1,1238.5,400.4,27.6,49.2,0.639
275,-1,1613.0,468.1,35.4,128.8,0.486
275,-1,39.5,527.1,153.8,220.6,0.459
275,-1,1885.1,421.3,34.9,200.0,0.401
275,-1,247.2,521.0,49.2,103.6,0.391
275,-1,1239.1,400.4,43.1,265.0,0.283
275,-1,1843.0,428.7,45.6,150.3,0.246
275,-1,1254.4,604.1,41.7,122.0,0.193
275,-1,1255.3,482.2,46.9,236.7,0.183
275,-1,1235.9,397.5,42.5,123.2,0.144
275,-1,61.2,582.6,69.0,166.9,0.136
275,-1,1367.6,436.1,58.0,225.3,0.134
275,-1,37.5,498.8,70.0,87.1,0.123
275,-1,1895.3,552.1,21.1,60.6,0.076
275,-1,95.2,545.1,61.9,200.7,0.074
275,-1,1121.4,614.2,40.4,107.4,0.073
275,-1,566.4,399.5,55.0,109.3,0.069
275,-1,5.0,513.9,89.9,254.5,0.057
276,-1,967.2,361.9,185.7,447.1,0.999
276,-1,1254.7,324.4,177.4,450.0,0.999
276,-1,1561.4,426.9,91.1,272.8,0.999
276,-1,1451.8,388.6,87.6,316.3,0.999
276,-1,1139.3,334.3,160.3,487.8,0.998
276,-1,1736.0,538.4,81.2,185.8,0.998
276,-1,1369.7,432.7,96.0,267.2,0.991
276,-1,1850.8,424.7,66.8,206.7,0.986
276,-1,1111.1,334.7,70.2,390.9,0.972
276,-1,120.2,537.0,79.5,206.0,0.954
276,-1,1688.9,472.9,45.2,112.5,0.874
276,-1,28.6,581.1,80.5,168.8,0.820
276,-1,247.1,516.2,41.6,55.0,0.817
276,-1,1817.9,426.7,39.8,91.6,0.787
276,-1,1881.9,415.8,38.0,45.4,0.785
276,-1,1283.2,602.0,34.8,118.2,0.702
276,-1,1883.6,423.5,36.4,195.7,0.649
276,-1,1614.3,468.6,29.4,125.0,0.500
276,-1,247.3,520.4,49.4,94.2,0.348
276,-1,49.4,544.1,126.6,205.1,0.330
276,-1,1255.9,650.7,24.7,75.3,0.290
276,-1,1255.2,593.4,30.2,131.7,0.164
276,-1,571.4,400.0,50.6,106.8,0.131
276,-1,1623.0,502.3,30.4,83.3,0.114
276,-1,1116.6,336.9,63.8,159.7,0.093
276,-1,1848.8,427.3,45.8,115.0,0.085
276,-1,1611.1,462.4,44.3,198.4,0.082
276,-1,1371.8,440.0,56.2,198.9,0.078
276,-1,40.8,500.7,68.2,103.6,0.075
276,-1,249.8,516.2,58.3,148.4,0.066
276,-1,25.9,582.2,82.0,82.0,0.063
276,-1,1385.0,439.3,68.8,174.5,0.059
276,-1,5.2,506.5,108.8,192.7,0.057
277,-1,1565.8,429.3,107.8,272.9,1.000
277,-1,971.1,361.4,186.3,442.2,0.999
277,-1,1262.2,326.4,176.9,444.8,0.999
277,-1,1458.6,389.3,91.2,315.4,0.999
277,-1,1142.6,338.5,166.8,487.6,0.998
277,-1,1744.9,534.9,74.9,192.7,0.998
277,-1,1378.2,432.2,85.4,263.9,0.994
277,-1,1852.6,422.2,67.2,207.9,0.992
277,-1,1123.6,342.3,67.7,320.5,0.978
277,-1,120.9,535.4,78.7,207.7,0.966
277,-1,1689.1,472.3,45.1,113.0,0.857
277,-1,931.2,524.8,28.4,104.1,0.837
277,-1,246.7,515.3,44.7,54.5,0.801
277,-1,1818.2,427.1,41.4,89.3,0.786
277,-1,33.8,569.0,76.8,181.0,0.779
277,-1,1884.2,416.2,35.8,43.5,0.695
277,-1,247.5,516.5,46.5,159.6,0.414
277,-1,30.9,532.5,138.8,215.0,0.391
277,-1,1885.1,422.8,34.9,199.6,0.379
277,-1,11.4,515.0,99.2,198.1,0.292
277,-1,1842.2,428.4,38.4,93.3,0.177
277,-1,1393.6,439.3,62.0,162.8,0.167
277,-1,1278.6,585.6,42.6,92.1,0.160
277,-1,33.9,498.8,73.5,85.7,0.146
277,-1,1616.5,476.0,36.9,118.8,0.134
277,-1,1855.2,423.8,61.1,104.2,0.125
277,-1,17.8,587.9,87.8,99.1,0.112
277,-1,1133.8,333.8,84.8,432.3,0.066
277,-1,567.2,399.1,53.0,105.6,0.063
277,-1,1827.7,428.6,42.8,143.1,0.062
277,-1,0.9,535.9,88.4,112.5,0.052
277,-1,1173.4,592.2,118.8,139.3,0.051
278,-1,1568.4,431.9,105.1,270.3,1.000
278,-1,1267.1,329.4,181.6,442.3,0.999
278,-1,1459.7,386.9,104.3,312.8,0.999
278,-1,973.2,360.8,184.9,442.7,0.999
278,-1,1741.0,528.9,80.5,201.8,0.999
278,-1,1148.2,335.8,171.6,492.9,0.998
278,-1,1856.5,422.8,63.5,207.7,0.996
278,-1,1383.0,427.7,82.0,266.8,0.995
278,-1,1130.3,346.9,70.6,302.9,0.990
278,-1,119.9,534.2,79.2,208.3,0.951
278,-1,931.3,530.6,30.3,98.5,0.904
278,-1,1688.2,472.1,45.3,113.5,0.883
278,-1,1817.5,428.9,43.6,60.5,0.813
278,-1,1885.9,417.4,34.1,41.4,0.771
278,-1,246.6,515.1,45.3,54.1,0.757
278,-1,34.4,573.6,75.7,177.0,0.751
278,-1,246.4,515.1,47.9,162.2,0.505
278,-1,31.8,531.3,167.9,216.7,0.385
278,-1,10.2,504.7,107.7,255.4,0.333
278,-1,923.4,530.8,41.8,167.7,0.314
278,-1,1823.5,428.3,43.2,118.4,0.278
278,-1,1891.6,427.6,28.3,183.6,0.274
278,-1,1275.2,571.4,41.6,110.6,0.232
278,-1,1856.2,425.4,53.4,92.9,0.185
278,-1,37.2,498.4,70.8,86.0,0.176
278,-1,1138.7,566.9,175.6,192.1,0.140
278,-1,1262.9,583.4,49.9,140.7,0.139
278,-1,1619.9,486.2,33.4,97.0,0.128
278,-1,1427.6,462.1,35.4,106.0,0.100
278,-1,1398.5,437.5,65.9,153.4,0.098
278,-1,1875.1,421.7,44.9,131.2,0.079
278,-1,19.9,538.3,87.8,127.4,0.075
278,-1,552.5,400.0,67.6,110.0,0.062
278,-1,1892.1,422.8,27.9,67.7,0.061
279,-1,1739.2,526.8,79.7,201.9,0.999
279,-1,982.3,360.2,180.3,439.9,0.999
279,-1,1569.3,434.2,105.2,267.5,0.999
279,-1,1463.0,387.2,112.7,313.4,0.999
279,-1,1285.7,332.3,161.0,428.5,0.999
279,-1,1163.7,337.3,173.9,488.6,0.998
279,-1,1394.3,429.1,72.6,265.5,0.997
279,-1,1138.7,339.3,78.6,421.4,0.994
279,-1,1857.9,423.3,60.8,207.3,0.994
279,-1,120.2,533.2,79.1,210.5,0.966
279,-1,1689.8,472.4,44.6,114.0,0.895
279,-1,37.2,573.5,72.4,176.9,0.793
279,-1,246.3,514.9,44.1,55.0,0.786
279,-1,894.1,560.0,76.6,143.8,0.571
279,-1,1818.3,428.9,50.3,87.1,0.493
279,-1,54.8,633.2,52.2,116.4,0.473
279,-1,47.5,524.1,147.3,225.5,0.385
279,-1,1900.0,434.5,20.0,154.1,0.350
279,-1,246.7,514.7,47.0,161.6,0.343
279,-1,879.0,437.7,94.4,275.9,0.261
279,-1,696.2,364.4,84.2,396.1,0.251
279,-1,16.3,507.6,93.5,208.6,0.232
279,-1,1278.8,363.8,40.1,51.8,0.204
279,-1,1856.3,428.2,49.9,124.8,0.136
279,-1,1150.5,520.1,178.9,263.9,0.135
279,-1,36.8,498.3,70.2,84.3,0.112
279,-1,1828.8,427.5,43.2,144.5,0.088
279,-1,825.7,534.1,149.0,170.1,0.079
279,-1,554.2,400.5,66.5,110.2,0.073
279,-1,26.7,570.8,81.1,90.6,0.065
279,-1,1150.1,542.1,64.5,224.6,0.051
280,-1,989.6,359.1,173.1,439.0,0.999
280,-1,1570.3,442.8,108.7,257.6,0.999
280,-1,1731.7,527.7,87.6,203.2,0.999
280,-1,1167.1,338.1,183.7,487.7,0.999
280,-1,1465.8,389.9,114.6,310.6,0.998
280,-1,1287.2,335.1,166.4,436.9,0.998
280,-1,1407.8,439.6,62.7,251.8,0.994
280,-1,1858.8,424.0,59.7,205.9,0.994
280,-1,1147.0,339.2,76.5,422.9,0.988
280,-1,120.2,533.4,78.9,210.3,0.962
280,-1,1688.2,472.6,47.1,114.0,0.890
280,-1,892.3,499.5,85.2,205.3,0.856
280,-1,34.7,565.6,75.7,185.7,0.756
280,-1,246.5,515.3,45.4,53.2,0.735
280,-1,1279.9,360.2,41.1,59.5,0.677
280,-1,58.1,635.7,50.9,115.6,0.456
280,-1,698.1,367.8,79.2,393.6,0.246
280,-1,37.2,533.9,159.9,215.2,0.236
280,-1,246.9,515.0,48.0,159.9,0.234
280,-1,1895.2,430.1,24.8,181.5,0.208
280,-1,1155.4,550.8,167.8,234.4,0.130
280,-1,9.2,523.0,102.5,166.8,0.113
280,-1,24.2,574.2,84.1,89.4,0.101
280,-1,553.2,400.7,67.1,111.1,0.093
280,-1,1359.2,407.3,106.6,310.8,0.085
280,-1,34.4,499.8,71.9,84.6,0.068
280,-1,1258.2,608.3,80.5,191.5,0.064
280,-1,70.7,591.7,46.9,157.8,0.056
281,-1,998.1,358.2,164.7,435.7,1.000
281,-1,1572.6,449.5,105.0,252.0,0.999
281,-1,1300.5,334.6,153.2,418.3,0.999
281,-1,1469.3,391.6,112.4,308.7,0.999
281,-1,1181.4,340.2,180.4,484.7,0.999
281,-1,1728.8,527.0,85.1,204.2,0.998
281,-1,1859.4,426.0,60.4,197.2,0.998
281,-1,1149.5,346.4,80.0,418.6,0.996
281,-1,1403.6,429.0,71.6,265.5,0.990
281,-1,119.6,534.5,79.7,208.6,0.945
281,-1,1688.9,472.3,47.8,114.7,0.892
281,-1,21.7,574.8,87.9,177.7,0.795
281,-1,893.0,456.0,79.4,248.9,0.777
281,-1,246.7,515.2,45.0,54.0,0.762
281,-1,1286.7,356.8,39.9,60.1,0.462
281,-1,248.0,516.7,47.2,157.8,0.386
281,-1,58.4,635.2,51.2,115.6,0.318
281,-1,41.9,535.4,152.8,214.1,0.217
281,-1,1893.0,430.0,26.9,189.5,0.214
281,-1,211.2,542.2,24.5,39.0,0.134
281,-1,1630.4,516.7,29.6,61.1,0.125
281,-1,1321.2,440.7,98.0,314.6,0.093
281,-1,567.8,401.7,52.7,110.2,0.087
281,-1,93.4,538.3,67.2,208.9,0.081
281,-1,1156.2,543.6,170.6,231.6,0.080
281,-1,42.7,500.9,64.5,82.1,0.078
281,-1,65.4,586.4,60.2,163.9,0.075
281,-1,1898.7,462.3,21.3,111.8,0.054
282,-1,1020.5,358.5,136.9,430.2,1.000
282,-1,1475.2,397.4,104.8,302.7,0.999
282,-1,1575.6,449.8,102.2,253.8,0.999
282,-1,1306.9,337.2,148.3,418.2,0.998
282,-1,1196.2,345.0,178.9,479.6,0.998
282,-1,1727.3,526.4,79.1,205.4,0.997
282,-1,1865.0,424.4,55.0,195.2,0.997
282,-1,1159.0,350.7,84.1,415.3,0.996
282,-1,121.6,534.5,76.6,210.2,0.962
282,-1,1421.4,452.4,60.1,240.8,0.925
282,-1,1685.9,472.3,46.4,114.0,0.911
282,-1,246.2,515.7,45.6,56.1,0.829
282,-1,23.2,570.0,85.4,181.3,0.805
282,-1,1328.3,533.6,92.5,224.3,0.570
282,-1,1819.5,427.5,55.3,87.1,0.482
282,-1,1293.7,359.7,31.5,57.7,0.461
282,-1,60.3,638.9,50.4,112.5,0.401
282,-1,247.3,520.7,50.7,97.2,0.341
282,-1,35.5,539.4,159.7,210.9,0.279
282,-1,692.8,369.8,85.1,384.7,0.201
282,-1,45.5,499.7,63.5,90.1,0.171
282,-1,1830.9,435.2,47.9,143.1,0.170
282,-1,1892.1,431.9,27.9,176.8,0.122
282,-1,694.8,397.5,76.2,52.2,0.119
282,-1,5.5,504.3,103.5,189.8,0.115
282,-1,65.0,572.9,64.5,176.1,0.090
282,-1,3.1,502.4,93.1,101.7,0.085
282,-1,556.2,400.0,64.3,111.6,0.074
282,-1,1631.8,512.4,32.3,75.7,0.062
282,-1,91.4,541.0,76.9,206.1,0.062
283,-1,1027.9,356.2,142.4,433.0,0.999
283,-1,1576.5,454.3,102.1,249.7,0.999
283,-1,1204.7,344.3,180.2,477.2,0.999
283,-1,1479.4,396.8,102.0,302.6,0.998
283,-1,1724.1,524.6,82.7,207.9,0.998
283,-1,1866.3,423.7,53.7,187.8,0.997
283,-1,1156.5,350.1,95.6,416.5,0.996
283,-1,1313.3,334.9,147.3,422.4,0.995
283,-1,1422.2,434.2,64.2,256.8,0.975
283,-1,122.4,536.2,77.1,209.6,0.956
283,-1,1686.0,472.4,45.5,113.8,0.943
283,-1,246.4,515.5,44.8,54.5,0.847
283,-1,24.9,570.2,82.9,180.5,0.808
283,-1,1334.6,512.7,94.3,235.2,0.628
283,-1,865.1,516.8,41.4,104.7,0.494
283,-1,1635.5,511.2,29.7,84.8,0.423
283,-1,61.6,640.9,48.5,109.3,0.399
283,-1,1823.9,430.3,55.0,125.2,0.377
283,-1,54.1,530.7,138.8,217.7,0.370
283,-1,248.0,515.7,45.7,152.0,0.360
283,-1,45.8,500.1,63.2,95.6,0.163
283,-1,1374.2,393.9,103.7,322.6,0.161
283,-1,9.5,504.6,100.0,192.7,0.129
283,-1,1415.4,433.5,56.1,171.4,0.127
283,-1,693.7,371.3,83.0,384.2,0.108
283,-1,95.7,537.2,68.7,209.6,0.106
283,-1,1215.7,367.7,28.7,51.1,0.095
283,-1,570.1,401.4,51.3,108.8,0.078
283,-1,68.8,587.8,50.7,161.6,0.067
284,-1,1046.2,357.5,159.4,431.4,1.000
284,-1,1223.0,344.4,182.7,472.9,0.999
284,-1,1716.8,523.9,91.8,206.6,0.998
284,-1,1482.3,394.2,105.1,307.3,0.998
284,-1,1579.3,463.1,103.8,239.5,0.997
284,-1,1163.3,349.1,109.3,413.1,0.997
284,-1,1870.3,422.2,49.5,187.7,0.995
284,-1,1319.2,337.7,145.3,414.5,0.994
284,-1,1426.3,428.4,68.3,264.9,0.978
284,-1,121.7,534.0,78.4,209.0,0.964
284,-1,1686.4,472.0,46.0,114.9,0.946
284,-1,247.3,516.9,40.3,53.3,0.845
284,-1,34.2,576.5,75.3,173.7,0.833
284,-1,1822.6,426.9,51.8,73.1,0.704
284,-1,1827.6,428.6,51.5,147.1,0.688
284,-1,52.4,637.8,58.6,109.9,0.527
284,-1,9.9,504.0,106.1,255.7,0.450
284,-1,247.4,519.8,49.5,130.6,0.394
284,-1,48.2,525.7,146.3,222.5,0.377
284,-1,1642.2,516.4,26.2,78.9,0.148
284,-1,917.6,554.3,61.9,143.9,0.142
284,-1,125.2,648.0,63.1,92.0,0.123
284,-1,14.7,570.7,91.4,110.9,0.099
284,-1,28.7,501.0,80.1,153.3,0.096
284,-1,699.6,391.4,81.2,353.3,0.096
284,-1,34.2,498.4,72.9,87.0,0.092
284,-1,67.4,580.9,53.5,167.4,0.083
284,-1,1223.0,364.7,32.6,54.5,0.081
284,-1,1361.3,368.5,145.4,363.3,0.063
284,-1,1865.2,445.1,17.6,67.5,0.053
285,-1,1230.6,343.0,175.0,469.7,0.999
285,-1,1708.3,524.0,103.5,206.3,0.999
285,-1,1045.9,356.1,168.7,428.9,0.999
285,-1,1583.9,466.6,100.6,236.1,0.998
285,-1,1170.9,344.5,104.1,418.0,0.997
285,-1,1483.1,390.8,106.8,312.4,0.997
285,-1,1327.2,337.6,139.7,418.0,0.995
285,-1,1871.6,421.4,48.0,190.8,0.994
285,-1,1424.9,430.8,71.6,262.6,0.983
285,-1,1687.6,471.7,45.1,114.6,0.962
285,-1,120.4,534.9,79.8,211.3,0.947
285,-1,247.3,516.2,40.4,55.2,0.855
285,-1,38.4,581.7,70.6,168.6,0.812
285,-1,1826.9,427.5,52.6,147.0,0.783
285,-1,1822.8,426.2,53.0,65.4,0.576
285,-1,20.5,504.1,90.9,264.7,0.477
285,-1,247.5,519.9,48.9,88.8,0.311
285,-1,924.9,576.3,49.9,121.2,0.248
285,-1,250.7,510.3,48.6,162.2,0.235
285,-1,563.0,398.5,58.0,111.3,0.209
285,-1,42.5,532.4,150.7,215.9,0.195
285,-1,1641.6,510.5,26.8,90.6,0.133
285,-1,15.4,555.1,92.9,122.8,0.123
285,-1,865.4,508.6,47.3,109.5,0.122
285,-1,32.1,501.0,76.4,126.7,0.101
285,-1,926.2,540.9,80.5,158.8,0.091
286,-1,1237.2,344.2,172.0,458.3,1.000
286,-1,1702.0,522.7,115.1,208.2,0.999
286,-1,1053.4,356.7,165.8,431.5,0.999
286,-1,1586.3,471.6,102.3,229.9,0.998
286,-1,1333.6,341.6,137.5,417.7,0.996
286,-1,1873.7,422.1,46.3,192.5,0.995
286,-1,1487.4,393.7,101.8,306.4,0.995
286,-1,1180.1,346.5,104.7,408.0,0.994
286,-1,1433.1,440.3,65.8,242.2,0.991
286,-1,121.0,536.8,77.2,207.8,0.967
286,-1,1687.2,471.8,45.5,114.6,0.946
286,-1,40.1,581.5,69.5,168.5,0.846
286,-1,247.3,518.0,39.6,53.2,0.776
286,-1,1827.9,428.3,51.0,143.6,0.682
286,-1,867.2,513.8,49.1,108.3,0.590
286,-1,1821.7,427.1,54.2,73.3,0.559
286,-1,12.8,502.0,96.1,242.6,0.380
286,-1,248.1,518.4,48.5,148.2,0.311
286,-1,125.8,653.7,62.3,87.5,0.241
286,-1,64.6,527.1,126.4,219.2,0.176
286,-1,18.3,585.3,86.4,102.4,0.106
286,-1,1641.9,537.5,28.0,69.7,0.100
286,-1,564.8,399.2,56.3,110.9,0.096
286,-1,935.6,559.9,62.1,137.5,0.069
286,-1,45.9,499.5,63.3,103.0,0.068
286,-1,94.9,546.7,65.8,199.5,0.052
287,-1,1699.1,521.8,119.8,206.7,0.999
287,-1,1253.9,345.6,166.4,453.9,0.999
287,-1,1057.7,360.7,176.3,426.5,0.999
287,-1,1180.1,345.9,124.1,408.6,0.995
287,-1,1496.0,391.7,98.1,304.4,0.995
287,-1,1587.3,473.3,108.6,230.0,0.995
287,-1,1875.1,426.9,44.9,190.4,0.991
287,-1,1343.1,333.2,125.7,417.1,0.990
287,-1,1433.9,440.6,68.2,251.7,0.987
287,-1,1686.0,472.4,46.4,114.3,0.952
287,-1,122.0,535.7,77.1,207.4,0.943
287,-1,247.0,515.5,45.1,54.9,0.810
287,-1,44.4,586.5,65.0,163.2,0.771
287,-1,16.7,526.2,94.9,222.6,0.534
287,-1,1243.3,394.4,34.4,36.9,0.349
287,-1,251.1,514.2,50.5,151.2,0.346
287,-1,12.7,582.6,94.1,102.6,0.296
287,-1,1369.4,525.3,77.7,223.2,0.285
287,-1,1643.7,540.1,26.8,71.1,0.185
287,-1,64.3,543.9,120.4,204.7,0.180
287,-1,1608.2,460.4,53.9,79.0,0.143
287,-1,4.9,499.8,98.8,120.7,0.120
287,-1,571.5,399.3,50.1,108.9,0.106
287,-1,1183.8,344.5,81.3,120.2,0.099
287,-1,1184.7,355.2,85.8,219.5,0.083
287,-1,61.1,612.6,71.1,136.3,0.077
287,-1,1612.1,461.7,60.7,130.1,0.070
287,-1,1829.8,430.8,49.9,132.8,0.058
288,-1,1257.9,344.0,173.8,457.0,0.999
288,-1,1062.9,361.4,179.8,422.6,0.999
288,-1,1699.5,521.8,118.8,205.9,0.999
288,-1,1343.5,333.8,130.6,416.4,0.997
288,-1,1501.3,389.5,102.3,305.3,0.995
288,-1,1878.2,427.2,41.8,187.8,0.994
288,-1,1190.6,344.4,108.4,415.7,0.991
288,-1,1588.2,478.3,107.9,225.6,0.990
288,-1,1437.8,444.7,65.2,244.1,0.987
288,-1,121.1,532.6,78.3,211.4,0.957
288,-1,1686.3,472.3,46.3,114.5,0.953
288,-1,48.1,578.3,61.9,173.4,0.857
288,-1,247.0,515.6,44.4,55.2,0.809
288,-1,875.1,519.6,38.6,98.9,0.704
288,-1,1249.1,398.5,35.2,39.0,0.557
288,-1,1383.3,486.9,68.6,254.6,0.454
288,-1,249.7,513.5,53.2,157.1,0.424
288,-1,21.6,548.8,105.9,202.5,0.374
288,-1,1827.6,429.7,51.4,137.7,0.320
288,-1,46.5,548.3,143.3,200.2,0.306
288,-1,1604.7,466.0,59.8,114.2,0.161
288,-1,13.8,583.0,92.1,120.9,0.149
288,-1,1189.7,345.1,81.4,117.3,0.103
288,-1,1645.5,544.7,25.9,67.0,0.083
288,-1,570.7,399.9,50.6,108.2,0.072
288,-1,81.7,551.6,62.5,197.4,0.071
288,-1,29.4,499.8,73.0,83.3,0.069
288,-1,1585.8,589.6,113.4,109.1,0.066
288,-1,1636.4,505.9,42.9,107.3,0.065
289,-1,1069.9,361.8,182.6,422.5,0.999
289,-1,1273.9,344.6,169.5,461.8,0.999
289,-1,1697.9,522.9,117.4,205.0,0.999
289,-1,1513.0,389.2,102.9,305.0,0.997
289,-1,1591.1,488.9,106.3,212.4,0.996
289,-1,1352.5,336.3,128.4,419.9,0.995
289,-1,1193.1,346.9,111.2,403.9,0.994
289,-1,1877.7,428.2,42.3,180.9,0.992
289,-1,1449.4,446.0,56.6,244.9,0.973
289,-1,1685.6,473.4,47.4,113.3,0.948
289,-1,123.0,533.3,73.9,212.1,0.926
289,-1,880.9,519.9,31.6,98.4,0.926
289,-1,1829.4,428.5,49.1,144.2,0.873
289,-1,246.7,515.2,46.0,54.3,0.732
289,-1,49.0,585.0,60.0,165.6,0.722
289,-1,1260.5,401.6,33.7,37.6,0.710
289,-1,1401.2,489.7,59.2,254.0,0.531
289,-1,247.5,514.8,47.0,153.4,0.451
289,-1,18.3,537.8,94.0,212.4,0.389
289,-1,1647.2,548.2,27.1,68.2,0.354
289,-1,38.4,553.4,150.0,196.1,0.190
289,-1,1404.2,431.7,89.9,307.6,0.189
289,-1,1195.0,344.8,89.7,102.3,0.129
289,-1,1618.1,466.4,44.2,73.6,0.117
289,-1,568.0,400.3,53.0,113.7,0.100
289,-1,1598.9,465.6,65.1,167.3,0.098
289,-1,14.2,584.0,92.1,112.3,0.065
290,-1,1278.3,344.7,174.8,461.5,0.999
290,-1,1698.5,523.3,111.9,204.1,0.999
290,-1,1074.9,367.8,177.3,411.5,0.999
290,-1,1515.0,389.7,108.3,301.3,0.999
290,-1,1197.3,346.9,107.4,406.4,0.997
290,-1,1591.6,491.8,102.4,208.1,0.992
290,-1,1881.7,429.1,38.3,177.3,0.991
290,-1,1362.0,336.4,119.4,416.1,0.987
290,-1,1455.5,445.3,54.3,239.2,0.952
290,-1,1685.6,473.2,47.2,113.3,0.948
290,-1,122.7,532.6,73.3,211.9,0.940
290,-1,1828.5,426.7,50.2,148.0,0.919
290,-1,246.9,515.6,45.7,54.8,0.736
290,-1,1268.5,402.2,31.3,43.9,0.707
290,-1,881.4,519.8,31.4,94.7,0.692
290,-1,52.3,587.5,56.3,163.7,0.691
290,-1,246.4,515.6,48.0,160.8,0.593
290,-1,1648.0,552.6,26.8,68.9,0.543
290,-1,4.2,500.3,104.1,262.7,0.284
290,-1,36.1,548.8,155.8,200.4,0.211
290,-1,1417.9,445.0,64.7,298.2,0.157
290,-1,1365.0,338.2,102.2,218.8,0.122
290,-1,9.9,581.0,95.4,114.0,0.087
290,-1,80.0,551.6,62.2,198.2,0.068
290,-1,570.3,399.9,50.9,114.1,0.065
290,-1,0.0,633.8,9.4,85.1,0.064
290,-1,21.8,602.5,75.6,152.6,0.050
291,-1,1699.1,524.2,108.7,204.7,0.999
291,-1,1285.9,342.5,182.4,465.1,0.999
291,-1,1517.7,390.3,109.4,300.6,0.999
291,-1,1080.9,369.1,174.3,415.1,0.998
291,-1,1202.9,348.4,111.6,402.2,0.996
291,-1,1591.7,496.8,97.2,200.7,0.985
291,-1,1881.2,424.5,38.8,166.8,0.984
291,-1,1367.4,339.1,117.4,402.9,0.979
291,-1,1456.5,441.8,58.7,237.8,0.968
291,-1,1689.5,472.6,46.5,113.3,0.932
291,-1,123.4,529.3,75.4,214.0,0.931
291,-1,1647.7,551.0,25.9,73.9,0.799
291,-1,883.0,520.0,29.8,90.4,0.762
291,-1,50.3,575.4,58.6,177.2,0.709
291,-1,246.8,515.8,45.2,55.3,0.703
291,-1,1828.2,428.6,52.7,137.1,0.668
291,-1,1268.8,400.9,37.3,44.6,0.667
291,-1,14.3,525.7,95.7,222.8,0.352
291,-1,1427.0,443.1,75.2,284.4,0.346
291,-1,1370.4,339.4,101.7,215.8,0.245
291,-1,249.0,516.4,48.1,155.6,0.229
291,-1,1266.3,405.8,42.6,299.7,0.184
291,-1,45.3,546.3,145.7,202.9,0.173
291,-1,1423.3,542.2,58.6,192.1,0.146
291,-1,16.5,621.4,71.0,143.7,0.104
291,-1,1269.6,397.7,37.8,140.3,0.093
291,-1,555.9,400.7,64.1,109.5,0.093
291,-1,1590.3,620.5,116.3,80.3,0.092
291,-1,698.2,386.0,83.2,369.3,0.084
291,-1,0.0,636.5,9.2,87.1,0.081
291,-1,6.5,584.2,99.4,121.5,0.075
292,-1,1298.8,346.3,193.0,456.4,1.000
292,-1,1096.7,367.6,159.2,414.3,1.000
292,-1,1527.9,389.2,113.0,302.5,0.999
292,-1,1698.1,525.0,104.2,204.6,0.999
292,-1,1208.0,353.6,114.5,397.4,0.994
292,-1,1595.7,511.2,79.4,185.8,0.990
292,-1,1882.8,427.7,37.2,155.5,0.985
292,-1,1377.0,339.8,113.2,390.5,0.971
292,-1,122.5,531.4,74.1,213.1,0.944
292,-1,1464.7,440.2,53.5,240.7,0.938
292,-1,1686.5,472.8,47.5,112.0,0.930
292,-1,1829.2,427.8,49.2,146.0,0.836
292,-1,884.8,520.0,28.4,94.1,0.782
292,-1,1275.4,399.2,40.0,62.3,0.734
292,-1,47.3,577.2,61.1,172.7,0.666
292,-1,246.3,515.5,46.4,54.3,0.637
292,-1,1275.9,397.5,39.5,191.2,0.583
292,-1,1822.5,427.4,56.1,71.2,0.487
292,-1,1374.7,621.7,46.1,127.2,0.423
292,-1,6.2,538.6,105.5,212.6,0.389
292,-1,247.3,514.0,47.2,161.7,0.329
292,-1,1555.5,454.6,114.4,238.0,0.276
292,-1,1647.3,559.2,26.6,72.0,0.263
292,-1,1269.4,395.3,51.1,321.8,0.232
292,-1,44.9,544.7,148.3,202.7,0.175
292,-1,1367.4,588.3,127.6,162.6,0.170
292,-1,1657.2,558.6,17.9,50.5,0.135
292,-1,1285.0,359.0,48.2,55.0,0.132
292,-1,1220.8,356.0,197.8,416.0,0.128
292,-1,1432.0,442.2,70.8,279.4,0.092
292,-1,1623.8,499.7,52.4,134.6,0.084
292,-1,1343.1,349.2,128.6,278.1,0.074
292,-1,79.3,566.1,64.7,181.0,0.053
292,-1,1434.4,569.7,60.0,163.1,0.052
293,-1,1097.4,369.1,157.2,412.3,1.000
293,-1,1300.5,348.3,197.8,453.3,0.999
293,-1,1696.2,525.8,102.3,203.6,0.999
293,-1,1533.2,389.2,124.2,304.0,0.998
293,-1,1209.7,353.1,121.3,396.9,0.993
293,-1,1596.3,513.1,83.0,186.0,0.981
293,-1,1383.1,343.1,108.0,375.7,0.975
293,-1,1883.9,428.6,36.1,150.5,0.966
293,-1,1461.3,434.5,59.0,252.2,0.955
293,-1,885.5,520.6,27.8,94.5,0.944
293,-1,121.3,533.2,76.9,211.8,0.942
293,-1,1686.2,473.2,47.2,112.1,0.928
293,-1,48.6,567.5,60.5,183.8,0.872
293,-1,1280.4,396.4,41.5,71.7,0.656
293,-1,245.7,515.5,48.0,55.0,0.644
293,-1,246.1,515.5,50.4,160.8,0.373
293,-1,1374.6,582.4,128.9,165.9,0.327
293,-1,56.8,537.2,134.9,208.8,0.326
293,-1,1378.2,623.8,41.6,125.7,0.313
293,-1,1826.9,428.5,50.2,130.6,0.294
293,-1,15.2,504.4,94.7,253.0,0.287
293,-1,947.2,545.4,60.7,155.2,0.260
293,-1,1879.2,457.1,24.5,120.7,0.233
293,-1,1280.2,397.1,42.5,163.5,0.213
293,-1,930.7,507.2,36.9,132.5,0.200
293,-1,1273.9,393.8,56.1,305.6,0.184
293,-1,36.8,497.9,69.6,83.8,0.159
293,-1,1436.6,506.8,67.3,218.6,0.129
293,-1,3.9,569.9,87.1,170.2,0.102
293,-1,1657.4,562.9,18.9,48.7,0.100
293,-1,1223.3,355.4,202.8,418.5,0.094
293,-1,12.0,501.3,89.4,130.1,0.083
293,-1,573.2,400.1,48.5,111.6,0.069
293,-1,1290.3,356.9,45.7,61.2,0.057
294,-1,1102.0,367.3,151.9,407.0,0.999
294,-1,1692.9,524.6,105.4,206.3,0.999
294,-1,1542.2,395.5,131.4,292.4,0.999
294,-1,1305.8,352.2,191.5,444.6,0.999
294,-1,1214.9,354.6,121.1,395.7,0.996
294,-1,1593.6,520.6,85.0,179.1,0.989
294,-1,1884.0,428.1,36.0,152.8,0.977
294,-1,1391.7,347.1,108.1,379.5,0.965
294,-1,885.9,520.4,28.4,98.8,0.946
294,-1,1686.8,473.2,44.8,111.7,0.919
294,-1,120.9,528.6,77.6,214.4,0.912
294,-1,1472.9,443.8,64.2,235.6,0.879
294,-1,47.4,562.1,59.8,187.8,0.822
294,-1,1282.1,397.0,43.1,60.8,0.723
294,-1,246.0,516.2,47.6,53.2,0.664
294,-1,930.4,506.7,36.6,123.3,0.575
294,-1,4.2,501.6,101.3,272.7,0.572
294,-1,1381.8,624.2,37.9,124.4,0.501
294,-1,1831.4,425.4,47.6,146.6,0.471
294,-1,1287.3,396.4,43.6,164.4,0.428
294,-1,49.7,537.2,142.9,209.0,0.386
294,-1,247.3,516.9,48.8,157.8,0.279
294,-1,1657.5,566.4,20.1,55.4,0.265
294,-1,1282.5,397.6,52.8,279.4,0.208
294,-1,1447.7,423.2,53.5,307.6,0.191
294,-1,571.7,401.7,49.0,103.2,0.162
294,-1,936.6,507.7,25.5,52.2,0.128
294,-1,1228.5,355.6,203.7,416.8,0.120
294,-1,1374.7,579.7,123.2,169.6,0.110
294,-1,1265.7,633.1,48.0,71.0,0.084
294,-1,16.5,545.3,90.8,129.7,0.084
294,-1,34.4,499.1,72.6,83.7,0.082
294,-1,75.4,560.9,67.0,187.5,0.053
294,-1,1339.9,353.3,143.3,282.7,0.051
295,-1,1541.9,395.9,136.4,295.3,0.999
295,-1,1315.5,362.3,179.7,435.7,0.999
295,-1,1691.3,525.1,108.0,205.1,0.999
295,-1,1103.8,365.7,147.7,401.5,0.999
295,-1,1220.5,354.2,124.2,398.1,0.989
295,-1,1883.2,427.9,36.7,154.1,0.985
295,-1,1593.8,521.4,84.8,178.1,0.984
295,-1,1398.8,351.2,102.0,307.2,0.960
295,-1,121.5,532.3,75.9,211.6,0.959
295,-1,1686.5,473.5,44.4,112.7,0.903
295,-1,1474.3,437.4,73.4,241.1,0.862
295,-1,1830.3,428.8,49.0,143.9,0.838
295,-1,887.4,520.2,26.9,94.8,0.826
295,-1,52.5,584.2,56.0,166.3,0.716
295,-1,1286.5,396.5,43.6,58.0,0.674
295,-1,246.4,516.0,46.5,53.9,0.669
295,-1,1291.4,395.0,46.0,162.8,0.553
295,-1,3.9,499.2,106.0,269.8,0.465
295,-1,247.8,516.0,47.3,160.3,0.426
295,-1,1379.1,625.1,44.7,122.0,0.418
295,-1,247.7,527.4,30.3,48.4,0.321
295,-1,1279.6,398.5,62.7,295.6,0.298
295,-1,1454.3,423.3,49.6,307.0,0.298
295,-1,27.5,518.0,123.6,231.0,0.224
295,-1,1219.2,357.1,86.8,111.5,0.169
295,-1,8.2,577.8,97.9,141.9,0.161
295,-1,1658.0,571.2,18.7,52.6,0.155
295,-1,1895.9,461.2,24.1,117.6,0.147
295,-1,1848.2,429.0,30.7,58.6,0.137
295,-1,69.2,599.9,65.3,148.6,0.100
295,-1,14.6,532.4,94.6,133.9,0.082
295,-1,1383.1,604.1,110.8,142.4,0.059
295,-1,1897.4,534.8,22.3,41.4,0.051
296,-1,1689.9,526.0,109.9,204.0,1.000
296,-1,1107.4,366.7,137.6,398.8,0.999
296,-1,1543.9,397.1,137.2,296.1,0.999
296,-1,1322.1,354.5,173.2,446.4,0.999
296,-1,1222.2,356.6,130.0,390.0,0.994
296,-1,1582.6,482.7,103.0,215.8,0.988
296,-1,1885.8,429.0,34.2,156.7,0.979
296,-1,121.4,533.7,76.3,209.9,0.962
296,-1,1404.8,351.6,100.3,334.9,0.946
296,-1,1830.9,428.6,48.8,142.8,0.886
296,-1,1684.4,473.5,47.3,111.6,0.870
296,-1,887.7,519.0,26.9,95.4,0.862
296,-1,1297.0,396.5,49.6,175.1,0.854
296,-1,1478.7,448.6,73.5,235.6,0.848
296,-1,48.5,578.4,61.2,171.5,0.797
296,-1,246.4,516.1,45.5,54.2,0.740
296,-1,11.1,501.4,95.7,246.0,0.461
296,-1,246.9,516.3,48.6,160.0,0.456
296,-1,1381.5,624.4,49.0,122.6,0.335
296,-1,1658.1,571.6,19.5,52.9,0.334
296,-1,1277.4,395.7,72.7,302.9,0.269
296,-1,1848.4,429.4,31.0,59.0,0.182
296,-1,35.9,526.0,115.1,222.7,0.176
296,-1,1304.9,405.0,53.9,245.2,0.157
296,-1,1463.2,462.1,40.7,269.0,0.157
296,-1,43.6,499.4,64.9,83.5,0.120
296,-1,1406.8,348.0,86.7,181.9,0.103
296,-1,0.3,677.5,16.9,44.3,0.073
296,-1,569.2,400.8,52.0,105.7,0.066
296,-1,64.2,634.7,80.1,111.6,0.063
296,-1,694.2,366.6,84.8,388.8,0.050
297,-1,1687.8,526.5,106.5,204.0,0.999
297,-1,1549.7,395.6,135.7,300.3,0.999
297,-1,1114.2,366.2,122.5,402.4,0.999
297,-1,1340.9,356.7,164.6,432.9,0.999
297,-1,1223.3,360.1,139.9,386.2,0.997
297,-1,1886.0,428.2,34.0,152.0,0.983
297,-1,1597.5,515.8,82.5,184.1,0.976
297,-1,121.0,532.3,76.9,211.3,0.953
297,-1,1479.6,451.0,76.0,229.7,0.890
297,-1,1303.8,394.2,51.2,179.1,0.887
297,-1,1415.0,348.8,99.9,327.8,0.883
297,-1,1682.7,474.8,48.5,108.4,0.819
297,-1,889.6,520.2,27.1,99.2,0.756
297,-1,41.4,564.2,64.3,187.0,0.742
297,-1,246.6,516.6,45.4,53.8,0.623
297,-1,1302.7,395.8,46.0,58.7,0.477
297,-1,1310.5,394.1,58.7,278.4,0.448
297,-1,5.2,501.9,106.8,248.0,0.348
297,-1,1415.5,348.6,87.3,173.4,0.280
297,-1,1656.2,574.1,21.3,50.8,0.256
297,-1,1833.4,429.6,46.8,139.1,0.252
297,-1,248.3,517.9,51.0,146.0,0.205
297,-1,53.5,530.3,141.0,219.7,0.187
297,-1,1879.4,455.3,30.0,122.3,0.082
297,-1,1850.2,428.6,29.5,46.2,0.078
297,-1,694.1,364.0,85.7,391.4,0.062
297,-1,76.7,562.5,71.6,184.8,0.058
297,-1,17.1,546.0,90.0,119.0,0.053
298,-1,1119.2,368.0,118.7,400.4,0.999
298,-1,1685.9,526.3,104.7,202.1,0.999
298,-1,1349.7,353.1,157.8,432.1,0.998
298,-1,1230.9,356.1,132.3,390.2,0.998
298,-1,1557.0,393.3,130.9,224.9,0.993
298,-1,1887.2,427.8,32.8,161.8,0.985
298,-1,121.8,533.1,76.0,210.2,0.968
298,-1,1572.0,514.7,114.6,184.7,0.955
298,-1,1484.7,449.6,68.9,231.7,0.844
298,-1,50.4,561.9,59.2,191.2,0.835
298,-1,1422.9,352.4,95.2,322.2,0.827
298,-1,1310.4,395.6,50.5,228.6,0.813
298,-1,1683.2,474.6,48.7,107.9,0.766
298,-1,246.8,517.3,46.2,51.0,0.665
298,-1,1420.5,346.9,84.0,140.3,0.604
298,-1,1304.4,396.3,43.6,57.1,0.599
298,-1,1315.9,400.2,64.5,292.6,0.546
298,-1,17.8,507.9,93.6,259.8,0.357
298,-1,1833.9,428.3,46.0,141.9,0.347
298,-1,248.6,517.9,46.9,157.3,0.338
298,-1,0.7,659.9,23.6,60.7,0.290
298,-1,38.6,527.2,122.1,222.3,0.262
298,-1,1224.0,465.0,20.9,90.0,0.170
298,-1,1223.2,462.5,29.1,139.9,0.119
298,-1,1221.7,463.5,36.8,233.1,0.112
298,-1,1852.4,430.4,26.8,37.7,0.111
298,-1,1656.5,577.1,21.0,47.6,0.103
298,-1,694.5,357.2,84.8,399.6,0.101
298,-1,15.7,577.8,89.9,130.2,0.096
298,-1,77.0,559.1,66.0,189.5,0.075
298,-1,35.2,498.7,73.0,85.6,0.067
298,-1,568.8,400.8,52.4,107.4,0.060
298,-1,1565.0,541.8,67.0,149.2,0.050
299,-1,1124.3,369.3,119.9,397.6,0.999
299,-1,1686.4,527.4,97.2,201.3,0.999
299,-1,1353.7,349.6,167.2,432.8,0.999
299,-1,1565.3,394.2,126.9,228.1,0.997
299,-1,1237.2,356.6,135.9,387.8,0.996
299,-1,1885.0,426.0,35.0,165.3,0.986
299,-1,1580.2,516.7,107.2,183.3,0.983
299,-1,121.9,531.0,75.6,211.6,0.958
299,-1,1230.5,402.3,40.3,303.3,0.957
299,-1,1310.8,400.4,52.3,309.3,0.917
299,-1,1488.2,464.8,70.8,211.3,0.797
299,-1,246.5,516.9,46.4,52.1,0.752
299,-1,1310.5,396.3,42.8,56.9,0.722
299,-1,1418.7,354.0,111.0,334.4,0.718
299,-1,1430.6,349.3,79.0,125.7,0.703
299,-1,49.5,555.2,60.1,196.6,0.702
299,-1,1226.6,421.8,36.9,93.0,0.673
299,-1,1683.7,473.0,48.1,109.0,0.656
299,-1,1324.2,399.8,60.9,282.0,0.576
299,-1,248.2,517.6,46.7,155.2,0.379
299,-1,14.8,506.8,96.7,271.6,0.366
299,-1,1313.6,398.5,50.4,166.7,0.214
299,-1,64.7,521.7,126.7,224.7,0.171
299,-1,1656.0,576.5,21.7,48.2,0.133
299,-1,1830.4,427.1,48.9,145.6,0.115
299,-1,64.9,600.6,67.8,147.3,0.089
299,-1,16.5,580.3,88.5,102.8,0.080
299,-1,912.6,506.2,41.0,124.5,0.078
299,-1,693.5,358.5,86.0,396.3,0.077
299,-1,567.1,400.8,53.7,107.0,0.071
299,-1,30.5,502.4,79.4,153.4,0.070
299,-1,38.9,499.5,70.4,82.5,0.061
299,-1,247.4,521.3,75.0,109.6,0.055
300,-1,1127.2,375.0,131.8,389.6,0.999
300,-1,1691.6,534.9,86.7,194.1,0.999
300,-1,1354.1,346.4,172.7,436.8,0.999
300,-1,1569.5,395.5,123.2,229.2,0.997
300,-1,1247.1,356.7,132.8,388.7,0.994
300,-1,1884.3,426.2,35.7,162.8,0.982
300,-1,1585.6,504.6,103.3,192.5,0.978
300,-1,1228.5,420.8,39.3,253.5,0.975
300,-1,121.5,532.5,76.2,211.5,0.959
300,-1,1321.1,394.7,81.0,313.1,0.920
300,-1,1494.1,454.7,65.0,221.5,0.865
300,-1,40.9,570.0,68.9,180.4,0.800
300,-1,246.6,516.8,45.5,51.6,0.721
300,-1,1316.5,398.3,41.6,56.0,0.678
300,-1,1679.8,474.3,51.0,109.3,0.604
300,-1,1320.0,401.1,48.7,226.6,0.518
300,-1,247.5,517.2,46.6,156.9,0.393
300,-1,45.4,530.7,133.0,216.3,0.373
300,-1,5.8,496.4,101.3,245.2,0.320
300,-1,1464.5,401.8,70.3,231.4,0.296
300,-1,1459.7,381.6,51.8,88.5,0.248
300,-1,1317.3,400.8,44.9,99.7,0.206
300,-1,1415.6,347.7,94.4,119.7,0.181
300,-1,0.3,666.5,23.7,59.3,0.175
300,-1,18.3,580.6,86.5,99.5,0.149
300,-1,1223.2,392.5,74.0,329.3,0.147
300,-1,1352.7,482.9,49.4,209.1,0.120
300,-1,903.7,505.7,47.3,124.8,0.101
300,-1,926.9,512.6,43.2,115.5,0.099
300,-1,1201.6,408.4,61.1,325.0,0.088
300,-1,71.4,562.9,69.1,185.9,0.077
300,-1,567.0,400.6,54.1,107.6,0.074
300,-1,1655.4,576.7,22.4,47.7,0.066
300,-1,1831.3,433.8,50.7,137.2,0.062
301,-1,1690.4,528.6,91.2,202.7,0.999
301,-1,1130.1,375.2,138.1,391.6,0.999
301,-1,1352.8,348.0,182.4,432.8,0.999
301,-1,1573.9,395.0,113.3,232.7,0.997
301,-1,1255.5,356.2,132.1,388.1,0.992
301,-1,1595.8,520.2,88.7,181.2,0.983
301,-1,1884.9,427.8,35.1,156.7,0.982
301,-1,121.9,532.8,76.1,213.5,0.968
301,-1,1229.8,422.2,41.5,255.4,0.954
301,-1,1496.2,444.6,64.1,231.0,0.930
301,-1,1322.4,398.2,38.9,48.5,0.812
301,-1,1681.7,474.0,48.3,109.1,0.797
301,-1,1318.3,387.5,80.4,324.1,0.770
301,-1,38.4,550.3,71.3,201.2,0.765
301,-1,246.3,516.4,47.1,53.6,0.711
301,-1,1228.5,412.5,71.3,318.7,0.547
301,-1,59.6,641.4,52.2,110.2,0.504
301,-1,247.8,517.5,47.8,156.8,0.445
301,-1,1353.2,421.3,56.4,274.3,0.417
301,-1,1450.3,350.8,63.0,116.7,0.357
301,-1,1325.9,400.0,42.6,162.4,0.344
301,-1,48.4,532.8,146.5,216.8,0.291
301,-1,1310.2,356.7,52.1,100.4,0.280
301,-1,1457.1,372.0,81.8,290.0,0.233
301,-1,12.8,506.5,99.1,196.7,0.157
301,-1,1831.5,431.5,50.5,138.8,0.102
301,-1,0.0,670.1,24.2,59.9,0.099
301,-1,18.8,579.1,85.2,100.5,0.098
301,-1,1314.1,398.7,49.6,270.8,0.085
301,-1,552.3,400.4,68.1,109.8,0.084
301,-1,1656.2,576.3,21.3,48.0,0.081
301,-1,69.4,555.5,74.6,192.5,0.065
301,-1,41.7,499.7,66.5,81.6,0.060
301,-1,1204.5,411.1,63.0,306.2,0.057
302,-1,1694.6,529.7,86.9,199.5,0.999
302,-1,1140.0,370.4,146.8,395.8,0.999
302,-1,1360.8,351.2,184.4,428.1,0.999
302,-1,1580.6,390.9,91.7,236.4,0.997
302,-1,1265.3,353.0,122.1,384.8,0.995
302,-1,1594.9,518.8,85.4,179.2,0.990
302,-1,1884.2,429.6,35.8,148.5,0.984
302,-1,1236.0,423.3,55.7,260.7,0.981
302,-1,121.0,533.8,77.4,211.2,0.972
302,-1,1498.9,441.6,66.5,235.0,0.950
302,-1,1685.5,473.3,44.8,111.4,0.874
302,-1,937.7,517.8,31.8,105.8,0.868
302,-1,31.2,536.9,78.3,214.0,0.807
302,-1,245.6,515.7,47.3,56.6,0.721
302,-1,1330.8,401.7,38.6,49.6,0.553
302,-1,1336.3,398.8,85.2,303.3,0.545
302,-1,246.2,515.7,49.9,158.5,0.446
302,-1,1312.2,351.8,55.3,103.2,0.430
302,-1,55.2,611.8,53.9,135.5,0.339
302,-1,1358.6,496.1,69.4,202.0,0.304
302,-1,46.8,534.3,148.2,214.1,0.302
302,-1,1474.7,371.0,37.5,72.4,0.268
302,-1,899.2,504.3,41.7,132.0,0.253
302,-1,1330.9,398.0,44.4,160.3,0.205
302,-1,73.6,546.7,64.8,200.9,0.149
302,-1,38.8,499.0,68.3,82.5,0.140
302,-1,29.4,567.0,78.6,91.5,0.113
302,-1,1462.5,364.7,85.4,303.3,0.080
302,-1,10.0,500.1,78.0,85.3,0.077
302,-1,1321.6,530.8,92.4,177.6,0.072
302,-1,4.0,522.2,89.8,137.3,0.065
302,-1,918.6,510.1,45.6,121.6,0.065
302,-1,1660.8,577.2,16.0,43.9,0.053
303,-1,1144.0,370.4,145.9,395.4,0.999
303,-1,1698.2,530.9,85.7,197.0,0.998
303,-1,1237.8,418.9,54.3,272.1,0.998
303,-1,1366.9,350.2,181.3,429.1,0.998
303,-1,1582.7,391.0,89.3,246.5,0.997
303,-1,1264.6,353.6,120.4,382.1,0.995
303,-1,1596.2,519.8,81.3,180.2,0.991
303,-1,1884.4,430.5,35.6,146.0,0.980
303,-1,1499.8,436.9,68.9,242.6,0.960
303,-1,120.4,532.6,77.0,208.5,0.948
303,-1,1685.1,473.4,45.6,111.1,0.909
303,-1,1343.9,402.0,86.4,299.7,0.771
303,-1,245.8,516.3,47.1,54.6,0.736
303,-1,42.2,559.0,67.8,192.1,0.704
303,-1,1294.8,352.0,156.7,395.5,0.693
303,-1,1322.0,356.9,52.4,101.6,0.525
303,-1,1344.0,402.4,30.8,51.1,0.500
303,-1,42.2,533.5,156.9,213.5,0.473
303,-1,1361.7,547.1,73.7,158.2,0.472
303,-1,60.0,636.9,51.0,112.2,0.426
303,-1,248.2,517.2,49.6,152.7,0.419
303,-1,937.1,518.2,33.7,106.7,0.243
303,-1,1342.2,399.2,37.1,162.2,0.151
303,-1,993.1,468.1,61.6,233.0,0.142
303,-1,74.1,552.7,69.4,195.3,0.125
303,-1,20.1,538.5,88.5,129.4,0.116
303,-1,13.9,515.2,111.7,250.6,0.109
303,-1,43.5,500.3,64.0,80.7,0.102
303,-1,1328.8,395.0,48.5,241.6,0.087
303,-1,1466.8,355.7,48.8,85.1,0.086
303,-1,1539.2,481.5,29.3,99.2,0.076
303,-1,1353.3,405.5,50.3,252.1,0.052
304,-1,1375.2,352.2,180.5,427.2,0.999
304,-1,1152.3,379.9,135.5,385.1,0.999
304,-1,1704.3,534.0,84.3,191.8,0.998
304,-1,1277.3,355.4,112.3,379.6,0.997
304,-1,1586.9,394.4,82.8,239.2,0.996
304,-1,1596.0,521.3,83.2,178.0,0.987
304,-1,1886.0,434.6,34.0,149.1,0.981
304,-1,1508.8,440.7,64.5,237.3,0.969
304,-1,1232.2,413.5,56.3,267.8,0.969
304,-1,120.2,533.7,78.5,207.7,0.954
304,-1,1691.1,474.3,37.2,109.9,0.920
304,-1,939.4,519.2,29.9,107.7,0.888
304,-1,246.8,516.7,43.4,54.0,0.812
304,-1,28.1,550.5,80.9,197.8,0.762
304,-1,1195.6,366.6,144.9,385.8,0.627
304,-1,1347.6,398.4,82.0,301.5,0.596
304,-1,809.2,445.0,77.4,207.3,0.560
304,-1,1373.9,544.2,63.9,157.9,0.516
304,-1,1319.9,354.3,160.2,398.1,0.509
304,-1,60.5,636.8,50.8,113.3,0.446
304,-1,248.2,517.9,49.3,150.9,0.442
304,-1,58.3,534.1,133.2,211.0,0.421
304,-1,1350.2,402.9,36.5,148.6,0.314
304,-1,1333.5,356.8,49.8,103.7,0.311
304,-1,1354.6,406.9,29.7,55.1,0.176
304,-1,12.8,504.2,96.9,180.7,0.148
304,-1,42.1,499.0,66.4,82.5,0.097
304,-1,1617.5,517.2,60.4,85.4,0.084
304,-1,66.6,559.7,75.8,188.3,0.083
304,-1,1232.8,417.2,50.2,101.2,0.079
304,-1,1327.8,362.3,53.4,179.2,0.078
304,-1,1356.7,408.7,45.1,248.2,0.053
304,-1,3.9,502.3,86.1,108.4,0.050
305,-1,1705.4,534.0,82.6,192.1,0.999
305,-1,1375.2,355.1,183.6,430.6,0.998
305,-1,1156.0,376.9,129.9,387.2,0.997
305,-1,1280.0,355.5,109.6,378.7,0.997
305,-1,1594.2,514.6,87.2,183.3,0.986
305,-1,1883.9,434.6,36.1,149.0,0.983
305,-1,1588.4,395.3,82.7,256.7,0.981
305,-1,1512.7,438.6,63.2,236.3,0.969
305,-1,1247.7,414.5,43.9,273.3,0.963
305,-1,120.5,531.9,79.5,211.8,0.952
305,-1,1686.4,471.9,44.8,113.2,0.923
305,-1,941.4,518.3,27.0,106.8,0.910
305,-1,246.8,516.7,42.9,54.5,0.811
305,-1,28.2,549.4,81.7,201.2,0.788
305,-1,1352.0,407.4,84.2,300.0,0.687
305,-1,1357.4,406.0,33.4,129.2,0.599
305,-1,62.3,643.6,50.0,107.0,0.505
305,-1,1357.1,406.0,31.2,54.2,0.482
305,-1,1373.2,515.9,65.0,186.0,0.455
305,-1,247.8,519.3,49.8,142.2,0.404
305,-1,802.6,417.9,87.6,250.9,0.403
305,-1,1354.7,403.9,39.1,226.4,0.395
305,-1,45.9,531.2,149.4,217.6,0.254
305,-1,13.9,533.1,95.1,138.1,0.194
305,-1,67.9,560.3,76.9,187.3,0.107
305,-1,1655.1,529.4,30.5,102.4,0.104
305,-1,1240.2,412.7,48.3,119.2,0.080
305,-1,694.2,359.5,84.2,391.0,0.054
306,-1,1704.5,532.5,84.3,193.4,0.998
306,-1,1377.9,356.8,182.4,427.0,0.998
306,-1,1159.8,381.2,127.4,384.1,0.998
306,-1,1282.4,355.7,112.2,378.7,0.997
306,-1,1592.6,502.0,98.2,196.0,0.985
306,-1,1885.7,435.2,34.3,148.3,0.981
306,-1,1593.3,397.6,85.4,228.6,0.979
306,-1,1516.1,437.4,64.9,237.7,0.975
306,-1,121.2,531.5,76.9,212.2,0.957
306,-1,1685.2,471.9,46.5,113.0,0.924
306,-1,246.1,516.3,46.8,54.8,0.798
306,-1,29.0,554.7,79.2,195.5,0.775
306,-1,1253.7,419.0,38.7,270.2,0.758
306,-1,1356.8,403.2,41.2,136.3,0.711
306,-1,1365.2,406.5,72.6,291.5,0.628
306,-1,61.9,641.3,49.5,109.3,0.501
306,-1,1357.4,406.7,48.3,247.6,0.459
306,-1,943.0,519.0,26.5,103.6,0.434
306,-1,13.4,506.2,94.5,184.1,0.434
306,-1,247.9,518.7,49.4,145.8,0.427
306,-1,56.3,525.5,138.5,220.3,0.423
306,-1,1361.3,406.1,33.8,61.6,0.388
306,-1,1199.5,366.8,138.8,387.9,0.325
306,-1,1341.9,369.6,51.5,126.6,0.254
306,-1,1381.8,549.6,57.0,153.7,0.204
306,-1,1223.2,407.7,66.3,311.6,0.120
306,-1,17.2,577.4,87.5,99.0,0.112
306,-1,41.6,499.7,67.4,83.0,0.088
306,-1,70.7,559.8,74.5,187.9,0.079
306,-1,1643.2,432.8,43.9,189.6,0.065
306,-1,696.9,354.7,82.2,397.1,0.056
306,-1,1.8,530.0,82.0,129.5,0.055
306,-1,2.9,501.6,82.9,87.9,0.051
306,-1,1654.7,517.1,28.8,99.0,0.050
307,-1,1165.9,376.3,119.2,386.9,0.998
307,-1,1387.5,359.7,175.9,420.0,0.998
307,-1,1701.2,526.5,89.1,202.6,0.998
307,-1,1286.2,356.1,106.6,376.7,0.997
307,-1,1595.0,498.6,95.5,191.8,0.994
307,-1,1886.3,435.5,33.7,149.9,0.985
307,-1,1525.2,441.4,58.3,229.2,0.979
307,-1,1595.8,396.4,97.3,243.4,0.978
307,-1,118.1,531.5,79.3,212.6,0.944
307,-1,1688.0,471.6,45.2,115.9,0.915
307,-1,245.8,516.3,47.1,56.0,0.791
307,-1,1364.4,402.4,68.9,297.6,0.777
307,-1,1367.9,404.2,36.6,131.3,0.621
307,-1,52.6,587.3,57.3,163.4,0.610
307,-1,1364.9,402.5,40.3,254.3,0.567
307,-1,943.1,518.1,27.0,104.4,0.486
307,-1,248.2,517.5,49.2,154.2,0.461
307,-1,1235.6,410.6,56.5,334.2,0.368
307,-1,19.2,498.7,90.5,256.3,0.320
307,-1,52.4,530.3,133.7,215.9,0.286
307,-1,1263.5,362.2,58.0,148.7,0.162
307,-1,14.3,582.7,92.2,97.4,0.152
307,-1,1339.4,360.6,53.7,137.7,0.101
307,-1,71.0,561.3,74.9,187.6,0.101
307,-1,1333.4,382.7,62.3,318.2,0.093
307,-1,1388.1,494.3,49.5,205.3,0.071
307,-1,1347.2,397.4,52.5,160.6,0.067
307,-1,1266.7,393.8,36.4,310.5,0.064
307,-1,33.5,502.9,74.2,125.2,0.051
308,-1,1169.9,379.2,116.0,380.6,0.999
308,-1,1390.5,361.2,178.7,419.2,0.998
308,-1,1701.5,526.2,88.8,203.7,0.997
308,-1,1591.3,496.1,103.3,204.1,0.996
308,-1,1292.9,356.7,102.3,378.1,0.994
308,-1,1604.0,395.6,97.4,265.9,0.988
308,-1,1885.8,435.3,34.1,152.3,0.983
308,-1,1526.0,440.8,60.5,233.2,0.978
308,-1,121.0,533.1,77.0,211.2,0.954
308,-1,1688.9,471.4,45.0,113.0,0.906
308,-1,1360.3,402.9,75.4,301.6,0.842
308,-1,246.0,516.3,48.0,55.1,0.820
308,-1,1370.9,401.2,39.0,137.6,0.694
308,-1,944.3,516.4,25.9,106.6,0.650
308,-1,54.0,584.6,54.6,166.4,0.618
308,-1,247.5,521.4,50.9,114.1,0.391
308,-1,1270.3,365.7,49.0,140.5,0.301
308,-1,1371.4,404.8,49.2,227.7,0.218
308,-1,40.6,527.8,123.6,219.0,0.205
308,-1,15.2,506.5,96.2,235.2,0.140
308,-1,73.3,588.9,54.1,159.4,0.124
308,-1,1162.7,509.6,19.8,75.7,0.108
308,-1,1208.3,357.5,156.4,397.9,0.082
308,-1,1652.5,455.7,54.7,203.5,0.080
308,-1,75.2,640.5,74.2,102.0,0.053
308,-1,42.5,500.2,66.0,81.6,0.053
309,-1,1178.1,378.5,122.4,378.9,0.998
309,-1,1589.9,493.8,110.0,207.6,0.998
309,-1,1402.7,364.7,173.2,412.0,0.998
309,-1,1699.6,525.0,89.6,203.8,0.997
309,-1,1297.2,361.0,98.2,372.5,0.995
309,-1,1607.7,395.9,96.3,260.3,0.987
309,-1,1886.7,434.9,33.3,153.5,0.986
309,-1,121.3,534.0,76.9,209.7,0.960
309,-1,1529.7,440.8,55.2,231.0,0.944
309,-1,1361.9,402.5,72.7,287.6,0.922
309,-1,1692.1,472.1,42.2,110.8,0.904
309,-1,945.1,516.5,25.1,105.9,0.769
309,-1,247.2,516.9,43.0,55.2,0.761
309,-1,33.9,551.5,73.6,200.3,0.649
309,-1,245.3,514.9,49.6,160.5,0.514
309,-1,58.5,636.0,51.7,113.3,0.339
309,-1,1276.0,360.4,49.4,111.4,0.290
309,-1,1370.1,402.8,46.3,164.3,0.270
309,-1,2.9,500.8,88.7,290.5,0.198
309,-1,1650.8,443.9,52.0,212.2,0.086
309,-1,1365.2,537.4,72.9,155.5,0.074
309,-1,1607.0,478.1,82.0,152.5,0.063
309,-1,92.5,537.8,82.2,208.2,0.062
309,-1,21.6,528.6,87.9,135.0,0.061
310,-1,1183.6,378.8,125.1,376.9,0.999
310,-1,1403.7,362.1,174.1,406.6,0.998
310,-1,1589.2,489.6,111.0,212.4,0.998
310,-1,1697.7,526.4,93.2,201.9,0.997
310,-1,1300.3,362.7,96.8,370.2,0.997
310,-1,1888.4,434.1,31.6,159.4,0.986
310,-1,1617.9,391.3,81.8,241.5,0.970
310,-1,121.3,533.6,77.1,213.0,0.963
310,-1,1366.2,401.0,69.4,296.3,0.962
310,-1,1536.7,441.2,57.1,227.6,0.885
310,-1,1696.1,471.5,34.1,104.6,0.808
310,-1,246.1,516.1,48.1,55.2,0.746
310,-1,51.6,584.7,58.3,165.9,0.644
310,-1,943.9,516.7,25.5,105.5,0.600
310,-1,246.2,515.6,48.4,160.6,0.539
310,-1,21.9,512.7,88.9,234.9,0.365
310,-1,40.0,527.9,121.5,219.8,0.249
310,-1,1280.3,355.6,56.2,114.1,0.177
310,-1,12.9,582.2,93.6,100.4,0.136
310,-1,909.7,520.5,25.6,93.6,0.136
310,-1,1221.8,366.2,159.7,378.0,0.063
310,-1,1659.0,419.8,45.1,225.7,0.057
310,-1,553.6,400.8,67.0,108.4,0.055
311,-1,1187.2,379.6,130.3,372.0,0.999
311,-1,1413.5,364.3,166.8,400.5,0.999
311,-1,1587.9,483.0,114.7,219.0,0.998
311,-1,1302.9,364.5,96.0,369.0,0.997
311,-1,1697.5,524.3,90.5,204.3,0.997
311,-1,1889.6,434.4,30.4,159.4,0.988
311,-1,1629.0,398.6,82.4,266.0,0.983
311,-1,1377.8,402.2,55.5,289.5,0.970
311,-1,1540.6,448.6,56.3,217.3,0.954
311,-1,120.3,521.5,78.9,222.1,0.945
311,-1,245.8,516.1,49.2,56.4,0.797
311,-1,1698.9,471.7,29.8,104.5,0.725
311,-1,39.5,559.2,71.1,192.3,0.578
311,-1,1279.1,356.8,60.3,142.9,0.505
311,-1,246.4,516.2,49.2,159.3,0.498
311,-1,944.9,513.2,23.2,107.9,0.491
311,-1,1348.5,365.9,31.1,53.3,0.422
311,-1,56.1,624.2,52.4,123.4,0.383
311,-1,1877.0,474.5,15.8,104.8,0.319
311,-1,14.7,507.0,95.6,184.3,0.184
311,-1,12.1,582.3,93.4,98.0,0.172
311,-1,53.3,529.7,138.7,214.7,0.142
311,-1,1676.8,468.3,42.6,193.8,0.083
311,-1,971.1,520.7,64.5,192.2,0.079
311,-1,568.5,399.9,53.0,110.6,0.055
311,-1,694.7,374.0,76.3,386.7,0.054
311,-1,31.0,500.4,74.5,85.8,0.053
311,-1,1345.8,375.9,57.0,289.9,0.052
312,-1,1414.2,360.1,173.2,408.2,0.999
312,-1,1192.9,377.6,139.3,376.3,0.999
312,-1,1626.4,394.9,93.6,274.1,0.999
312,-1,1586.9,476.7,110.5,223.3,0.998
312,-1,1304.9,365.7,100.6,367.6,0.998
312,-1,1699.9,524.9,86.4,203.3,0.994
312,-1,1888.5,433.9,31.5,169.1,0.985
312,-1,1383.4,403.6,58.8,287.7,0.957
312,-1,120.5,531.1,78.7,211.9,0.943
312,-1,1548.2,449.4,55.0,216.6,0.939
312,-1,246.0,516.4,48.7,54.8,0.757
312,-1,943.0,513.7,24.7,110.1,0.697
312,-1,21.4,545.9,86.9,204.1,0.646
312,-1,1418.7,360.8,49.4,103.6,0.553
312,-1,248.6,519.0,49.7,142.9,0.436
312,-1,1349.2,366.4,32.7,53.8,0.374
312,-1,1416.1,365.3,51.8,201.0,0.337
312,-1,56.2,635.9,51.5,112.1,0.321
312,-1,1282.7,357.6,55.3,123.2,0.307
312,-1,921.9,521.6,47.4,104.9,0.169
312,-1,1876.6,466.3,17.2,110.5,0.107
312,-1,1657.9,546.0,24.0,52.4,0.067
312,-1,3.8,536.8,94.4,136.6,0.066
312,-1,966.5,524.1,49.7,180.3,0.066
312,-1,51.2,526.6,138.8,218.4,0.063
312,-1,1880.5,453.6,23.2,129.9,0.056
312,-1,550.2,400.0,70.4,109.6,0.050
313,-1,1420.0,359.6,171.3,410.2,0.999
313,-1,1194.4,379.0,144.6,376.4,0.999
313,-1,1585.8,474.9,109.4,225.4,0.998
313,-1,1633.7,395.3,93.3,270.6,0.996
313,-1,1304.0,367.1,105.1,365.8,0.996
313,-1,1703.3,524.0,84.1,204.1,0.994
313,-1,1887.7,432.4,32.3,171.0,0.988
313,-1,1385.4,403.3,55.2,289.9,0.951
313,-1,120.7,525.7,76.5,218.6,0.938
313,-1,1548.1,443.4,56.2,221.5,0.852
313,-1,4.6,501.8,105.7,266.7,0.727
313,-1,246.2,516.9,47.5,54.4,0.650
313,-1,1348.7,367.7,38.4,55.9,0.638
313,-1,943.5,514.7,24.5,109.9,0.589
313,-1,1419.1,363.1,53.5,196.5,0.538
313,-1,246.0,515.0,49.0,161.1,0.399
313,-1,54.2,563.2,55.7,186.1,0.376
313,-1,915.5,473.0,56.2,217.9,0.216
313,-1,247.8,521.0,51.4,86.0,0.198
313,-1,1193.3,412.6,58.0,117.3,0.192
313,-1,1657.7,541.1,23.2,52.6,0.164
313,-1,9.1,556.0,98.4,136.7,0.157
313,-1,1878.6,465.7,15.6,114.2,0.122
313,-1,1157.1,477.4,56.9,127.1,0.119
313,-1,2.7,508.1,90.9,143.2,0.109
313,-1,1347.5,375.6,59.6,184.0,0.101
313,-1,960.5,510.9,80.8,200.9,0.090
313,-1,924.8,510.7,38.0,116.8,0.081
313,-1,1553.5,535.9,32.7,130.8,0.081
313,-1,99.3,540.5,68.5,204.9,0.080
313,-1,1402.9,392.3,54.5,268.8,0.071
313,-1,1.0,502.5,72.8,85.0,0.069
313,-1,1282.7,356.5,56.3,112.0,0.062
313,-1,23.3,499.2,77.6,89.9,0.061
313,-1,934.9,494.9,83.5,207.7,0.061
314,-1,1420.3,361.7,174.1,404.7,0.999
314,-1,1583.5,471.9,110.7,227.9,0.999
314,-1,1198.8,381.2,147.6,372.5,0.998
314,-1,1639.0,391.9,106.0,287.6,0.996
314,-1,1887.3,433.5,32.7,178.6,0.996
314,-1,1305.6,370.8,106.8,359.0,0.994
314,-1,1702.9,527.6,81.2,197.9,0.990
314,-1,123.6,534.4,76.7,209.1,0.963
314,-1,1390.8,405.3,54.0,283.8,0.954
314,-1,1552.1,446.2,55.4,219.5,0.873
314,-1,29.9,531.2,79.2,219.4,0.798
314,-1,1198.6,421.9,51.7,279.5,0.737
314,-1,246.8,517.0,46.8,54.9,0.710
314,-1,1422.2,360.9,53.1,125.8,0.539
314,-1,1192.9,413.6,63.1,114.6,0.506
314,-1,1347.4,370.0,61.9,143.9,0.428
314,-1,246.7,516.2,47.5,161.8,0.389
314,-1,1348.4,368.6,43.0,56.8,0.384
314,-1,1356.8,374.9,82.0,317.4,0.310
314,-1,57.4,590.3,52.1,156.4,0.300
314,-1,1424.2,370.9,48.7,273.9,0.290
314,-1,1656.8,540.2,23.3,49.7,0.253
314,-1,977.4,546.4,66.9,169.1,0.172
314,-1,2.7,536.1,83.4,156.0,0.160
314,-1,98.6,540.4,57.9,206.7,0.114
314,-1,1390.5,402.6,42.6,153.9,0.111
314,-1,54.9,529.2,133.8,221.7,0.108
314,-1,695.0,363.6,84.8,388.8,0.092
314,-1,0.6,515.9,45.6,168.0,0.086
314,-1,1.1,508.1,70.1,130.6,0.075
314,-1,552.4,400.2,68.2,110.7,0.074
314,-1,43.9,498.4,63.5,84.1,0.073
314,-1,902.6,531.5,64.7,163.1,0.068
314,-1,246.9,521.6,73.9,94.3,0.064
315,-1,1427.5,360.3,168.4,406.5,0.999
315,-1,1584.7,468.7,108.7,232.0,0.998
315,-1,1203.7,382.1,148.7,369.9,0.997
315,-1,1641.5,392.9,127.4,297.1,0.996
315,-1,1886.0,434.5,34.0,178.3,0.993
315,-1,1307.0,365.6,107.4,364.9,0.992
315,-1,1701.0,530.6,81.2,195.6,0.989
315,-1,121.2,534.3,80.0,209.5,0.962
315,-1,1394.9,406.8,62.0,281.6,0.945
315,-1,32.2,538.9,74.4,209.0,0.844
315,-1,1188.1,410.9,70.6,297.6,0.840
315,-1,1554.7,442.5,54.4,218.1,0.830
315,-1,1190.5,413.5,69.0,113.0,0.779
315,-1,246.8,516.6,46.6,54.2,0.693
315,-1,1417.3,394.1,54.0,280.8,0.529
315,-1,1426.4,361.1,51.0,123.1,0.449
315,-1,1350.2,369.7,61.1,143.1,0.382
315,-1,1222.1,414.8,38.5,41.1,0.342
315,-1,1213.5,415.0,46.2,67.8,0.342
315,-1,694.5,358.8,86.4,396.8,0.295
315,-1,249.0,520.2,49.0,140.4,0.253
315,-1,568.2,402.3,53.7,103.3,0.164
315,-1,1395.5,404.4,39.9,140.1,0.160
315,-1,976.8,554.2,64.7,152.3,0.157
315,-1,1655.8,540.4,24.3,44.8,0.151
315,-1,62.4,525.2,126.9,221.4,0.129
315,-1,0.5,508.9,71.2,121.0,0.115
315,-1,98.7,543.9,58.3,203.6,0.092
315,-1,2.7,533.3,81.7,185.8,0.083
315,-1,38.3,499.6,67.9,83.4,0.072
315,-1,0.5,527.8,49.7,136.5,0.062
315,-1,1164.3,476.8,58.0,154.6,0.054
315,-1,15.0,503.1,87.2,147.4,0.052
316,-1,1427.2,362.0,172.3,404.7,0.999
316,-1,1584.9,465.5,107.3,235.6,0.998
316,-1,1209.8,382.9,145.6,369.6,0.997
316,-1,1646.9,395.1,131.9,277.5,0.996
316,-1,1886.7,434.2,33.3,182.3,0.995
316,-1,1695.6,525.1,84.4,204.2,0.994
316,-1,1306.9,368.1,110.0,359.0,0.993
316,-1,1400.3,407.1,58.5,275.8,0.971
316,-1,121.8,527.7,75.2,217.5,0.950
316,-1,1556.7,435.6,51.0,225.0,0.867
316,-1,25.3,527.7,83.8,222.6,0.799
316,-1,1185.0,413.2,77.8,100.9,0.782
316,-1,1187.9,414.2,94.4,310.9,0.765
316,-1,247.0,517.1,46.6,52.8,0.692
316,-1,1424.2,380.0,51.6,295.3,0.467
316,-1,248.4,516.4,46.7,159.2,0.357
316,-1,52.6,520.1,137.8,226.9,0.340
316,-1,1177.9,414.4,83.1,204.3,0.325
316,-1,1198.0,429.4,51.6,265.9,0.287
316,-1,1424.8,360.1,58.7,128.4,0.286
316,-1,1352.9,367.8,56.3,108.8,0.213
316,-1,1655.3,537.2,24.7,45.6,0.176
316,-1,56.6,592.4,53.7,154.3,0.158
316,-1,1399.5,408.0,37.9,187.4,0.132
316,-1,574.2,401.7,47.3,108.1,0.116
316,-1,977.0,547.1,63.6,160.9,0.108
316,-1,1152.7,490.2,65.7,119.1,0.097
316,-1,695.3,376.1,83.7,380.3,0.092
316,-1,2.6,529.7,76.2,143.0,0.070
316,-1,1880.9,446.5,27.0,140.1,0.069
316,-1,248.8,532.9,29.1,39.0,0.066
316,-1,1177.2,464.1,55.1,148.8,0.057
316,-1,35.1,498.7,68.5,84.0,0.056
316,-1,1.2,511.1,70.9,88.8,0.056
317,-1,1653.0,394.4,135.3,271.4,0.999
317,-1,1431.7,365.8,174.1,399.8,0.999
317,-1,1584.4,460.0,103.8,239.5,0.999
317,-1,1214.8,385.9,144.0,361.9,0.997
317,-1,1885.5,434.3,34.5,182.2,0.992
317,-1,1308.1,368.2,111.2,355.9,0.991
317,-1,1694.4,524.8,86.1,204.1,0.990
317,-1,1401.5,408.5,70.0,284.1,0.954
317,-1,120.1,535.2,77.8,207.6,0.949
317,-1,1182.1,409.5,80.6,290.8,0.930
317,-1,1181.3,410.3,84.0,147.9,0.919
317,-1,1561.3,439.2,49.5,220.0,0.877
317,-1,246.4,517.0,47.5,53.4,0.781
317,-1,24.0,544.4,87.0,207.3,0.726
317,-1,248.8,518.5,48.8,149.9,0.449
317,-1,1428.1,363.2,61.6,177.9,0.408
317,-1,28.7,527.4,152.8,221.9,0.335
317,-1,1437.3,372.3,47.0,277.6,0.294
317,-1,44.0,609.6,64.7,138.2,0.260
317,-1,215.0,543.9,19.4,37.5,0.233
317,-1,1357.8,381.8,92.7,328.5,0.205
317,-1,25.4,565.4,82.9,95.9,0.094
317,-1,570.2,400.7,50.5,104.3,0.088
317,-1,695.3,367.8,84.8,385.6,0.082
317,-1,7.5,505.2,96.6,160.3,0.078
317,-1,59.4,583.5,73.8,164.9,0.052
317,-1,2.1,528.6,74.5,88.4,0.051
317,-1,975.8,508.8,69.0,202.7,0.051
318,-1,1586.7,458.9,100.8,242.9,0.999
318,-1,1438.9,367.5,165.1,397.3,0.998
318,-1,1220.9,389.2,138.7,357.8,0.998
318,-1,1655.9,397.2,132.3,257.3,0.996
318,-1,1313.8,369.0,106.7,349.4,0.994
318,-1,1184.1,404.8,80.4,302.6,0.993
318,-1,1696.2,526.9,84.3,201.2,0.989
318,-1,1884.0,436.8,36.0,179.1,0.988
318,-1,1399.4,397.5,78.9,292.0,0.949
318,-1,121.7,534.1,76.3,208.8,0.930
318,-1,246.1,516.6,47.9,53.9,0.777
318,-1,1566.2,442.9,44.2,213.9,0.751
318,-1,23.4,577.8,86.9,174.2,0.702
318,-1,1429.6,364.7,63.3,313.6,0.556
318,-1,61.8,642.1,50.8,109.0,0.510
318,-1,1431.6,362.8,62.7,126.4,0.455
318,-1,251.7,517.7,48.4,149.7,0.416
318,-1,26.6,515.8,132.1,234.5,0.363
318,-1,214.2,543.3,19.8,37.2,0.292
318,-1,1563.2,443.8,48.1,111.3,0.291
318,-1,63.9,616.5,75.7,130.8,0.138
318,-1,1183.0,407.5,82.3,128.3,0.096
318,-1,694.1,368.0,86.7,384.7,0.082
318,-1,22.0,541.6,87.1,123.2,0.067
319,-1,1227.6,391.2,134.2,356.8,0.999
319,-1,1444.3,372.1,162.5,388.9,0.998
319,-1,1660.3,398.2,129.1,208.1,0.996
319,-1,1683.7,525.5,97.2,201.4,0.995
319,-1,1323.2,366.8,97.3,353.8,0.992
319,-1,1582.6,451.1,103.8,251.6,0.991
319,-1,1883.4,439.0,36.6,175.4,0.991
319,-1,1184.8,408.2,79.7,300.2,0.983
319,-1,123.4,532.7,73.2,210.8,0.947
319,-1,1404.5,405.4,78.7,283.0,0.942
319,-1,22.9,576.1,87.0,175.4,0.784
319,-1,246.4,516.9,47.4,53.0,0.746
319,-1,1429.3,370.1,68.4,296.1,0.699
319,-1,1567.8,449.9,44.6,146.3,0.615
319,-1,61.4,646.2,50.1,107.5,0.502
319,-1,52.5,521.4,143.0,224.5,0.383
319,-1,251.2,516.8,50.0,151.0,0.311
319,-1,1433.6,364.9,64.8,133.8,0.263
319,-1,216.1,544.2,18.6,36.4,0.214
319,-1,1569.3,442.5,72.5,249.2,0.123
319,-1,1185.5,406.8,80.9,141.3,0.079
319,-1,571.6,401.9,49.6,105.5,0.073
319,-1,694.2,361.2,86.0,392.7,0.063
319,-1,1650.0,524.6,30.1,59.5,0.063
319,-1,23.1,553.3,86.4,118.1,0.056
319,-1,98.7,543.5,58.7,202.3,0.054
319,-1,1898.3,465.4,21.7,145.9,0.054
320,-1,1233.8,392.1,127.9,356.4,0.999
320,-1,1447.4,372.7,159.5,388.4,0.998
320,-1,1689.7,530.2,88.0,196.2,0.994
320,-1,1324.4,367.3,97.1,351.1,0.994
320,-1,1663.7,400.7,126.2,204.6,0.994
320,-1,1882.4,435.6,37.6,173.4,0.993
320,-1,1185.1,401.2,81.2,313.6,0.992
320,-1,1584.2,447.4,101.8,255.7,0.991
320,-1,1406.9,405.7,76.7,283.9,0.956
320,-1,123.1,532.3,74.7,211.2,0.943
320,-1,246.7,517.1,47.7,53.2,0.817
320,-1,1431.7,368.1,67.5,300.1,0.796
320,-1,32.3,557.9,79.4,194.6,0.719
320,-1,1574.6,447.1,37.6,89.3,0.494
320,-1,252.1,516.8,48.1,149.2,0.397
320,-1,1409.9,412.1,46.6,219.9,0.385
320,-1,52.7,627.1,57.7,121.8,0.278
320,-1,1573.3,446.3,38.7,187.6,0.272
320,-1,34.0,532.5,163.0,212.3,0.253
320,-1,1433.2,367.3,67.5,144.1,0.236
320,-1,1414.6,409.4,37.5,46.6,0.207
320,-1,9.5,507.5,99.7,190.6,0.092
320,-1,213.9,542.7,20.8,37.9,0.079
320,-1,1651.6,519.5,28.4,66.8,0.073
320,-1,40.8,499.6,68.2,84.7,0.063
320,-1,574.3,400.4,47.0,109.0,0.055
321,-1,1449.4,372.2,158.3,387.9,0.999
321,-1,1236.3,391.8,126.0,357.2,0.998
321,-1,1583.8,446.3,100.8,256.1,0.996
321,-1,1688.6,532.7,87.8,194.6,0.996
321,-1,1183.3,404.6,84.7,312.9,0.994
321,-1,1327.6,367.6,97.9,350.1,0.994
321,-1,1668.1,404.1,120.5,185.7,0.992
321,-1,1881.6,435.6,38.4,175.8,0.991
321,-1,121.0,537.5,79.3,208.8,0.962
321,-1,1417.5,369.6,81.9,318.3,0.924
321,-1,32.5,556.6,79.8,192.9,0.794
321,-1,247.0,517.4,46.7,53.2,0.718
321,-1,1433.2,368.5,66.4,189.4,0.692
321,-1,1411.1,410.7,59.6,253.2,0.551
321,-1,1578.4,447.1,37.4,86.3,0.505
321,-1,44.4,530.5,150.3,217.3,0.360
321,-1,1575.7,452.2,39.7,170.4,0.334
321,-1,248.5,520.0,48.5,131.7,0.322
321,-1,575.1,402.1,46.2,109.0,0.322
321,-1,217.5,543.1,16.9,37.8,0.247
321,-1,1651.0,498.8,29.1,90.9,0.202
321,-1,1410.5,411.0,46.4,132.4,0.190
321,-1,1633.3,422.0,129.1,266.8,0.103
321,-1,17.1,578.7,88.5,109.5,0.065
321,-1,2.6,501.9,79.9,285.0,0.058
321,-1,94.8,536.5,75.2,211.1,0.055
322,-1,1243.6,389.3,125.6,361.1,0.999
322,-1,1448.2,371.3,161.1,387.8,0.999
322,-1,1328.5,367.7,105.5,350.2,0.996
322,-1,1582.6,439.1,99.2,264.6,0.995
322,-1,1181.4,405.2,87.6,316.8,0.994
322,-1,1685.0,529.6,92.8,200.2,0.993
322,-1,1672.6,403.7,115.2,186.5,0.992
322,-1,1882.7,435.3,37.3,174.6,0.991
322,-1,122.5,534.7,74.8,212.1,0.974
322,-1,1433.0,370.3,72.0,324.6,0.894
322,-1,1415.3,405.9,64.3,274.5,0.820
322,-1,31.3,540.2,80.9,209.3,0.763
322,-1,247.0,517.2,46.6,53.8,0.720
322,-1,248.6,519.0,47.8,142.9,0.395
322,-1,1438.6,373.8,64.6,177.5,0.364
322,-1,45.3,524.4,129.6,223.1,0.348
322,-1,1651.1,498.7,29.4,88.1,0.291
322,-1,57.8,623.7,53.7,125.3,0.236
322,-1,1581.1,449.5,35.0,62.1,0.234
322,-1,1413.7,408.5,48.3,156.7,0.214
322,-1,1577.5,450.0,38.5,191.6,0.172
322,-1,214.6,541.0,19.1,40.0,0.119
322,-1,2.2,501.7,76.2,279.9,0.075
322,-1,573.9,400.0,47.5,109.1,0.066
322,-1,1.5,505.9,76.5,105.7,0.060
322,-1,20.2,499.8,74.8,88.7,0.059
322,-1,101.0,543.3,55.5,204.4,0.052
323,-1,1245.7,389.5,122.2,357.8,0.999
323,-1,1449.2,370.2,162.1,381.7,0.998
323,-1,1332.6,368.5,108.0,349.6,0.997
323,-1,1174.7,405.0,97.1,317.9,0.996
323,-1,1684.1,527.8,90.7,201.3,0.995
323,-1,1880.1,436.2,39.9,175.6,0.994
323,-1,1674.9,402.1,114.3,182.8,0.994
323,-1,1583.1,437.4,98.9,266.8,0.994
323,-1,122.1,536.4,75.3,209.6,0.971
323,-1,1438.6,369.2,68.5,332.0,0.922
323,-1,1417.2,403.0,56.8,273.6,0.826
323,-1,246.9,517.1,47.1,54.8,0.815
323,-1,28.1,560.2,84.1,190.8,0.766
323,-1,1576.1,449.4,38.8,201.4,0.463
323,-1,250.3,515.3,49.0,154.9,0.396
323,-1,1440.9,373.4,64.7,152.3,0.362
323,-1,1583.7,448.1,33.6,62.6,0.291
323,-1,213.6,539.9,20.2,40.6,0.231
323,-1,17.5,582.3,89.1,107.1,0.133
323,-1,38.4,532.8,157.3,204.9,0.130
323,-1,572.3,401.3,49.7,105.0,0.118
323,-1,11.2,505.0,103.9,175.5,0.114
323,-1,247.2,520.9,70.1,87.8,0.061
324,-1,1256.0,390.2,111.0,350.2,0.999
324,-1,1450.2,369.9,161.4,379.8,0.998
324,-1,1341.3,374.3,108.5,344.6,0.998
324,-1,1678.7,528.0,97.0,199.5,0.997
324,-1,1172.2,406.1,101.0,315.5,0.995
324,-1,1677.9,403.4,116.1,195.8,0.995
324,-1,1582.4,437.1,99.4,262.5,0.994
324,-1,1883.7,435.3,36.3,174.2,0.992
324,-1,123.6,531.9,73.5,213.7,0.957
324,-1,1440.9,365.7,68.4,326.0,0.902
324,-1,1418.4,406.3,60.9,275.6,0.893
324,-1,247.2,517.6,47.2,55.0,0.812
324,-1,26.5,578.6,82.6,173.9,0.809
324,-1,1217.9,392.7,105.0,337.9,0.696
324,-1,1446.7,371.5,60.9,124.8,0.529
324,-1,250.4,516.0,48.4,154.3,0.443
324,-1,58.0,527.9,136.6,218.4,0.362
324,-1,1576.0,451.2,45.9,221.7,0.336
324,-1,1588.0,447.2,29.5,62.1,0.272
324,-1,18.9,550.9,90.1,130.9,0.131
324,-1,213.8,540.7,20.8,40.8,0.107
324,-1,17.3,510.8,117.8,233.9,0.100
324,-1,247.1,521.0,69.7,95.6,0.077
324,-1,66.1,584.4,67.6,164.6,0.070
325,-1,1449.7,371.3,162.6,379.7,0.999
325,-1,1259.6,386.8,108.4,350.5,0.999
325,-1,1676.0,528.1,103.9,198.8,0.998
325,-1,1341.9,375.6,111.3,342.9,0.998
325,-1,1171.4,406.1,102.3,315.9,0.996
325,-1,1677.7,402.9,118.2,203.8,0.994
325,-1,1583.8,433.8,98.7,268.6,0.992
325,-1,1884.2,435.0,35.8,172.6,0.991
325,-1,123.6,534.9,74.3,209.1,0.964
325,-1,1439.1,364.8,73.3,318.5,0.924
325,-1,1421.5,402.9,60.5,278.9,0.891
325,-1,16.5,538.1,97.1,214.7,0.854
325,-1,248.2,517.1,44.8,56.9,0.811
325,-1,1444.3,376.5,64.0,179.0,0.664
325,-1,249.7,515.2,49.6,157.9,0.405
325,-1,45.6,629.9,66.8,117.5,0.329
325,-1,16.5,582.2,90.0,109.8,0.287
325,-1,47.3,531.2,125.4,215.7,0.244
325,-1,1580.2,572.1,34.7,103.5,0.119
325,-1,1877.0,459.3,21.2,121.2,0.105
325,-1,216.2,541.6,17.8,39.0,0.102
325,-1,1579.8,453.6,39.6,230.5,0.100
325,-1,247.1,520.6,70.5,96.2,0.088
325,-1,573.5,401.0,47.2,104.5,0.085
325,-1,1.8,519.4,82.1,128.6,0.062
325,-1,1593.5,447.2,23.2,56.1,0.057
325,-1,2.0,505.3,76.7,87.7,0.057
325,-1,45.5,503.3,65.7,138.8,0.056
325,-1,1852.6,443.2,37.8,127.3,0.055
325,-1,1358.9,372.9,60.1,81.3,0.052
326,-1,1449.7,370.7,161.5,380.6,0.999
326,-1,1261.0,387.7,112.2,349.4,0.998
326,-1,1673.2,528.5,109.2,196.7,0.998
326,-1,1168.6,405.7,106.4,318.2,0.998
326,-1,1345.3,375.5,109.9,341.7,0.997
326,-1,1584.1,428.1,93.9,272.6,0.996
326,-1,1682.2,401.0,113.7,200.8,0.994
326,-1,1883.9,434.8,36.1,171.9,0.993
326,-1,122.9,535.6,75.0,206.6,0.965
326,-1,17.6,547.6,98.0,202.7,0.890
326,-1,1434.5,388.3,63.7,290.9,0.860
326,-1,247.1,517.5,46.7,55.5,0.825
326,-1,1421.9,406.8,53.2,263.8,0.691
326,-1,1450.4,368.7,62.8,117.6,0.472
326,-1,249.0,516.1,49.4,157.2,0.470
326,-1,1442.6,374.9,67.7,187.2,0.385
326,-1,1576.1,440.7,48.4,235.8,0.343
326,-1,1209.0,395.6,116.6,333.0,0.264
326,-1,1596.0,445.9,20.8,50.1,0.151
326,-1,48.6,529.3,137.2,216.8,0.095
326,-1,22.9,566.8,86.4,114.0,0.090
326,-1,65.7,560.3,72.6,187.7,0.076
326,-1,1576.8,555.4,39.6,117.6,0.071
326,-1,573.4,400.3,48.1,107.6,0.071
326,-1,0.9,531.3,70.9,68.4,0.062
326,-1,247.0,519.5,66.8,76.5,0.055
326,-1,1.9,536.4,75.7,144.9,0.052
326,-1,1657.4,477.4,33.2,107.3,0.052
327,-1,1447.8,374.6,162.9,373.9,0.999
327,-1,1261.8,383.9,113.9,356.2,0.998
327,-1,1167.8,402.9,106.3,322.4,0.998
327,-1,1346.8,379.3,105.9,337.0,0.997
327,-1,1689.9,402.0,107.9,234.8,0.996
327,-1,1882.9,435.4,37.1,172.8,0.995
327,-1,1584.5,419.8,92.0,282.5,0.995
327,-1,1670.1,528.1,110.2,198.3,0.995
327,-1,123.2,535.6,77.1,208.1,0.951
327,-1,1434.6,383.3,58.1,304.1,0.804
327,-1,809.5,457.7,56.5,217.1,0.772
327,-1,246.7,517.2,47.6,53.4,0.761
327,-1,1444.1,368.7,70.2,148.7,0.758
327,-1,45.4,581.5,65.4,169.7,0.731
327,-1,1441.5,372.1,95.9,334.9,0.648
327,-1,1301.5,382.6,107.2,346.0,0.634
327,-1,1427.0,407.6,51.2,194.1,0.620
327,-1,1199.7,397.3,114.0,334.8,0.410
327,-1,20.7,539.6,104.2,213.5,0.397
327,-1,250.6,517.9,44.1,150.0,0.389
327,-1,1660.9,479.7,31.8,95.4,0.315
327,-1,1579.7,440.5,43.0,234.4,0.223
327,-1,62.4,526.4,129.6,220.5,0.190
327,-1,693.8,372.4,84.7,388.3,0.134
327,-1,1600.1,444.0,17.5,55.7,0.125
327,-1,65.0,573.2,76.7,176.0,0.096
327,-1,1.6,534.2,73.8,146.2,0.094
327,-1,17.0,560.2,91.6,108.9,0.082
327,-1,247.7,521.9,74.0,105.7,0.073
327,-1,1406.4,426.3,19.0,21.9,0.064
327,-1,1878.1,460.0,20.3,120.7,0.062
327,-1,0.4,532.1,72.6,70.3,0.057
328,-1,1165.2,400.0,106.9,325.5,0.999
328,-1,1668.8,525.4,112.0,201.5,0.999
328,-1,1264.9,384.5,111.2,356.3,0.999
328,-1,1447.3,375.6,166.9,371.3,0.998
328,-1,1582.8,415.4,94.1,287.4,0.997
328,-1,1692.1,402.3,104.4,254.4,0.996
328,-1,1353.1,379.2,96.4,336.8,0.996
328,-1,1884.1,435.2,35.9,172.3,0.994
328,-1,123.5,533.3,78.5,209.7,0.954
328,-1,1435.2,406.5,51.1,272.7,0.821
328,-1,246.5,517.1,47.4,53.1,0.784
328,-1,808.3,459.0,58.6,202.7,0.780
328,-1,40.3,568.8,71.4,181.2,0.658
328,-1,1449.4,369.5,69.6,127.5,0.654
328,-1,1440.2,369.1,78.7,325.9,0.592
328,-1,56.4,532.5,139.7,213.6,0.374
328,-1,251.4,518.1,43.1,147.3,0.348
328,-1,16.2,542.3,133.7,215.3,0.205
328,-1,1662.2,478.9,32.5,103.9,0.162
328,-1,931.4,527.7,88.1,171.5,0.148
328,-1,132.8,637.3,59.1,103.3,0.127
328,-1,2.7,515.8,88.7,264.2,0.119
328,-1,1282.9,355.0,53.0,95.2,0.106
328,-1,247.3,521.9,73.9,99.8,0.101
328,-1,1408.7,426.4,19.6,27.6,0.085
328,-1,694.9,372.1,81.8,385.7,0.084
328,-1,1572.3,439.4,47.4,225.2,0.078
328,-1,67.2,567.4,64.8,180.5,0.074
328,-1,13.1,559.6,97.8,114.8,0.069
328,-1,927.4,456.8,123.2,250.4,0.053
328,-1,0.4,538.9,59.9,175.2,0.051
329,-1,1159.9,397.8,119.9,325.7,0.999
329,-1,1669.1,527.4,106.9,200.1,0.999
329,-1,1587.1,414.7,90.9,287.9,0.997
329,-1,1263.8,387.2,119.5,352.8,0.997
329,-1,1447.2,381.0,159.8,367.7,0.997
329,-1,1694.3,404.8,105.5,255.9,0.997
329,-1,1359.0,382.0,90.5,333.6,0.996
329,-1,1888.1,438.5,31.9,170.4,0.991
329,-1,122.6,531.4,79.2,210.6,0.933
329,-1,246.7,517.1,48.6,55.9,0.797
329,-1,38.9,583.2,72.5,166.6,0.671
329,-1,1446.8,368.8,77.2,144.0,0.670
329,-1,1558.4,418.4,59.2,105.4,0.657
329,-1,1560.0,411.8,75.4,274.5,0.606
329,-1,1442.2,413.6,49.6,263.6,0.570
329,-1,250.1,515.7,50.4,155.2,0.435
329,-1,1436.8,408.7,45.4,111.1,0.422
329,-1,1443.9,381.8,79.0,320.0,0.371
329,-1,62.7,534.7,131.0,210.1,0.312
329,-1,1273.0,361.8,64.6,107.7,0.249
329,-1,1659.6,471.8,41.0,110.9,0.217
329,-1,1311.8,376.5,118.7,352.6,0.177
329,-1,10.8,513.8,93.5,249.1,0.159
329,-1,1880.0,457.4,20.8,124.0,0.088
329,-1,1530.7,386.9,82.4,288.0,0.086
329,-1,0.2,650.9,14.4,57.4,0.074
329,-1,246.8,519.6,67.4,76.4,0.062
329,-1,39.5,572.6,70.2,86.9,0.062
329,-1,1264.2,369.4,67.0,176.6,0.059
329,-1,1599.5,457.8,134.4,249.3,0.056
329,-1,566.2,400.2,54.7,106.7,0.055
329,-1,1409.9,427.4,21.1,25.9,0.052
330,-1,1159.7,397.3,120.4,325.5,1.000
330,-1,1593.1,413.6,85.1,290.5,0.999
330,-1,1671.8,527.3,100.5,201.9,0.999
330,-1,1272.3,388.4,116.0,351.7,0.998
330,-1,1448.6,375.3,158.9,374.1,0.998
330,-1,1698.3,408.1,106.8,251.0,0.997
330,-1,1361.5,380.4,88.9,334.6,0.997
330,-1,1888.9,438.8,31.1,169.3,0.991
330,-1,125.5,529.8,74.8,212.4,0.936
330,-1,1562.5,410.7,74.6,289.2,0.887
330,-1,246.7,517.1,47.9,54.5,0.824
330,-1,1448.6,368.8,75.0,146.8,0.751
330,-1,35.6,560.8,76.2,191.1,0.696
330,-1,819.3,456.5,62.4,206.6,0.680
330,-1,1443.3,405.7,52.8,276.6,0.539
330,-1,1559.8,419.8,57.7,106.0,0.508
330,-1,1275.7,360.8,59.8,108.9,0.379
330,-1,250.3,515.5,51.7,154.9,0.377
330,-1,72.9,535.9,117.9,208.3,0.298
330,-1,1662.9,473.0,39.7,110.9,0.289
330,-1,1558.1,418.9,54.0,216.7,0.262
330,-1,1696.8,421.5,45.8,180.9,0.139
330,-1,7.8,502.8,105.3,213.2,0.116
330,-1,1.5,500.0,74.0,292.8,0.103
330,-1,1879.8,457.8,19.4,123.4,0.087
330,-1,246.7,520.8,70.8,86.0,0.079
330,-1,19.0,556.4,88.2,116.8,0.077
330,-1,693.1,342.7,85.1,419.7,0.063
330,-1,1652.9,450.8,43.1,186.6,0.056
331,-1,1159.7,396.7,121.7,326.6,1.000
331,-1,1278.5,389.8,118.9,348.3,0.999
331,-1,1673.2,525.3,95.7,203.2,0.999
331,-1,1601.7,412.3,78.6,290.9,0.999
331,-1,1451.3,377.4,154.7,371.4,0.997
331,-1,1697.9,406.4,110.3,252.1,0.997
331,-1,1363.9,380.9,86.4,333.8,0.996
331,-1,1889.4,439.2,30.6,168.7,0.990
331,-1,122.1,531.6,76.9,211.1,0.983
331,-1,1450.2,403.2,45.1,280.0,0.890
331,-1,1445.3,370.0,83.7,150.5,0.831
331,-1,247.0,517.0,47.4,54.2,0.798
331,-1,26.4,563.3,84.3,186.0,0.795
331,-1,1563.7,415.7,72.1,277.0,0.710
331,-1,1445.1,377.5,94.0,329.2,0.642
331,-1,1564.1,422.5,54.6,115.5,0.574
331,-1,1666.2,474.9,39.0,119.8,0.520
331,-1,1281.2,363.1,51.7,103.9,0.492
331,-1,250.5,515.4,50.3,157.0,0.424
331,-1,1652.0,439.2,48.4,170.7,0.238
331,-1,1449.0,508.2,38.5,170.4,0.141
331,-1,1636.9,425.3,56.9,234.8,0.118
331,-1,568.1,399.0,53.3,110.4,0.111
331,-1,3.3,515.2,86.6,252.1,0.096
331,-1,1877.8,471.7,15.2,104.8,0.085
331,-1,1882.6,444.2,24.9,137.0,0.075
331,-1,75.5,558.5,54.4,190.2,0.069
331,-1,694.9,342.7,83.7,414.4,0.066
331,-1,71.0,533.5,114.5,212.1,0.059
331,-1,96.3,548.0,57.6,198.9,0.052
332,-1,1160.4,395.0,119.9,329.9,1.000
332,-1,1606.9,412.0,80.5,291.0,0.999
332,-1,1284.0,390.3,126.6,346.5,0.998
332,-1,1452.6,379.0,145.6,366.3,0.998
332,-1,1706.0,404.8,101.1,258.3,0.996
332,-1,1367.4,382.8,84.6,330.6,0.996
332,-1,1681.0,526.5,79.6,203.5,0.992
332,-1,1890.8,443.2,29.2,164.8,0.979
332,-1,124.2,530.6,74.7,211.8,0.978
332,-1,32.4,565.4,79.1,183.6,0.755
332,-1,246.2,516.6,49.0,55.0,0.745
332,-1,1446.4,412.5,46.1,265.8,0.727
332,-1,1567.9,426.0,58.3,230.5,0.713
332,-1,1446.4,373.2,81.2,146.7,0.430
332,-1,248.1,521.5,52.1,127.0,0.393
332,-1,1649.7,432.1,51.7,217.3,0.373
332,-1,1446.3,377.9,87.4,295.3,0.368
332,-1,1258.6,363.5,79.7,132.9,0.336
332,-1,1445.1,399.5,49.4,122.0,0.304
332,-1,4.7,505.8,93.0,260.9,0.294
332,-1,1584.6,420.8,67.8,263.0,0.231
332,-1,1669.0,465.3,41.2,137.0,0.166
332,-1,1572.6,423.0,43.0,83.4,0.135
332,-1,16.9,583.3,87.4,106.4,0.099
332,-1,1683.4,472.1,16.7,20.9,0.080
332,-1,34.8,498.7,75.0,84.5,0.072
332,-1,66.4,528.8,110.5,220.2,0.064
332,-1,82.2,557.0,54.7,190.3,0.064
332,-1,692.7,363.6,85.4,390.1,0.063
332,-1,564.8,398.0,57.0,109.8,0.056
332,-1,1453.5,558.5,36.3,123.1,0.051
333,-1,1159.6,396.1,120.9,327.8,1.000
333,-1,1711.8,406.3,95.4,255.6,0.999
333,-1,1286.7,391.3,132.5,344.9,0.999
333,-1,1452.1,377.9,145.8,370.2,0.999
333,-1,1368.4,377.6,84.3,334.6,0.998
333,-1,1680.0,528.2,78.6,201.8,0.994
333,-1,1603.2,411.0,84.2,292.6,0.991
333,-1,124.4,526.2,73.7,215.4,0.952
333,-1,1891.3,445.5,28.7,160.8,0.920
333,-1,246.3,517.2,47.9,53.9,0.703
333,-1,26.0,576.2,83.5,171.4,0.648
333,-1,1569.8,425.8,56.1,220.0,0.634
333,-1,1243.3,361.1,96.8,153.7,0.552
333,-1,1447.4,408.9,48.9,266.7,0.397
333,-1,250.1,517.7,44.1,147.2,0.338
333,-1,1655.5,431.9,52.7,217.9,0.324
333,-1,1673.6,475.1,42.5,116.9,0.233
333,-1,2.9,507.3,91.4,267.8,0.212
333,-1,1570.7,422.8,37.9,126.6,0.171
333,-1,1449.4,381.3,60.1,133.9,0.134
333,-1,573.3,401.3,47.9,108.3,0.088
333,-1,1249.9,363.5,99.2,299.7,0.064
333,-1,55.3,521.3,136.0,228.6,0.060
333,-1,26.2,498.3,83.4,89.0,0.057
334,-1,1292.3,395.1,122.8,338.9,0.999
334,-1,1162.4,397.8,112.6,327.5,0.999
334,-1,1450.1,379.7,146.1,367.1,0.999
334,-1,1717.4,407.5,89.7,254.7,0.998
334,-1,1373.7,380.6,82.0,329.1,0.993
334,-1,1618.1,413.6,79.5,284.3,0.991
334,-1,1683.2,530.4,76.0,199.9,0.990
334,-1,126.6,535.0,70.3,207.7,0.973
334,-1,1570.2,419.2,98.3,278.5,0.829
334,-1,246.8,517.4,47.3,54.5,0.755
334,-1,23.0,571.3,87.5,178.5,0.710
334,-1,1570.3,421.3,54.2,242.5,0.625
334,-1,1242.7,356.6,99.4,120.7,0.575
334,-1,251.7,516.5,49.8,148.7,0.306
334,-1,1653.0,448.2,59.7,222.1,0.197
334,-1,1457.8,570.3,32.0,109.1,0.195
334,-1,1677.8,478.9,38.9,93.5,0.163
334,-1,1696.5,473.1,24.5,51.2,0.130
334,-1,3.6,505.3,110.7,210.9,0.096
334,-1,1661.0,482.5,80.3,220.2,0.071
334,-1,1450.2,427.1,46.1,245.7,0.057
334,-1,1690.8,471.9,40.7,108.8,0.057
334,-1,552.9,401.4,68.1,107.7,0.056
334,-1,693.3,362.0,86.4,391.4,0.054
335,-1,1156.9,397.0,121.5,329.2,1.000
335,-1,1447.8,382.9,147.5,357.8,0.999
335,-1,1297.6,395.8,115.3,338.4,0.999
335,-1,1722.8,406.2,84.7,258.6,0.998
335,-1,1619.0,410.1,83.7,291.6,0.995
335,-1,1378.4,377.9,80.4,333.2,0.993
335,-1,1686.9,529.9,72.0,203.3,0.983
335,-1,122.8,530.1,74.8,212.3,0.972
335,-1,1572.5,418.6,73.4,268.6,0.942
335,-1,246.7,517.2,46.7,55.2,0.806
335,-1,32.4,566.9,73.3,180.9,0.684
335,-1,1658.2,462.5,59.8,224.8,0.573
335,-1,1245.0,356.4,97.1,119.2,0.559
335,-1,248.7,522.1,48.2,104.8,0.451
335,-1,1463.0,593.0,26.6,86.6,0.200
335,-1,4.0,503.4,109.7,239.5,0.188
335,-1,189.1,542.3,21.6,39.3,0.131
335,-1,1678.3,468.7,41.3,133.7,0.107
335,-1,1698.7,472.1,24.1,44.4,0.072
335,-1,1232.2,384.9,152.3,349.4,0.071
335,-1,1687.5,473.5,33.3,62.5,0.069
335,-1,1660.6,425.1,46.4,170.6,0.065
335,-1,693.5,363.8,88.2,386.9,0.057
335,-1,71.1,577.3,47.1,170.6,0.055
335,-1,34.2,536.5,148.7,216.2,0.054
336,-1,1153.7,391.5,127.0,334.5,0.999
336,-1,1448.1,384.2,146.0,353.7,0.999
336,-1,1724.7,404.8,83.7,257.6,0.998
336,-1,1300.9,393.2,119.6,341.0,0.998
336,-1,1690.8,527.2,69.5,203.4,0.997
336,-1,1622.5,409.7,83.6,290.2,0.994
336,-1,1381.7,377.4,77.6,332.1,0.993
336,-1,1573.2,418.6,71.9,267.7,0.978
336,-1,124.8,531.9,72.5,210.2,0.962
336,-1,246.4,517.1,47.8,54.6,0.815
336,-1,30.8,569.2,75.3,179.7,0.709
336,-1,1245.4,360.1,97.3,114.7,0.610
336,-1,1665.4,452.2,56.5,223.7,0.440
336,-1,251.1,515.8,50.8,151.8,0.353
336,-1,4.2,505.2,108.4,235.7,0.265
336,-1,64.3,583.6,47.3,165.0,0.252
336,-1,246.6,520.7,71.4,93.4,0.086
336,-1,74.7,540.3,107.7,206.6,0.086
336,-1,1188.6,385.1,153.3,350.0,0.071
337,-1,1446.7,384.9,146.6,348.3,0.999
337,-1,1151.6,395.5,129.5,330.5,0.999
337,-1,1307.9,392.7,108.7,337.7,0.997
337,-1,1725.7,405.2,96.9,256.3,0.996
337,-1,1622.0,412.7,77.5,285.9,0.995
337,-1,1389.9,378.8,70.0,325.5,0.995
337,-1,1684.7,530.3,75.3,198.2,0.987
337,-1,1578.9,416.9,75.2,266.7,0.979
337,-1,126.0,523.1,72.8,223.1,0.940
337,-1,246.3,517.4,47.8,52.8,0.777
337,-1,48.7,578.5,60.7,170.4,0.767
337,-1,20.1,506.2,89.5,246.2,0.687
337,-1,1242.0,359.0,101.1,114.3,0.619
337,-1,249.5,517.9,44.4,147.1,0.455
337,-1,1669.0,467.6,55.1,198.0,0.246
337,-1,130.1,632.0,61.8,106.0,0.226
337,-1,1685.3,474.1,42.4,86.2,0.165
337,-1,57.6,545.7,114.1,200.0,0.154
337,-1,208.1,515.4,77.6,65.4,0.095
337,-1,182.4,487.9,53.3,92.7,0.083
337,-1,43.6,498.3,65.8,84.2,0.075
337,-1,694.5,358.8,86.0,397.6,0.061
338,-1,1150.0,393.7,132.0,338.8,0.999
338,-1,1447.1,385.1,144.7,346.9,0.999
338,-1,1317.4,395.0,107.2,337.6,0.999
338,-1,1728.8,405.3,105.3,253.4,0.997
338,-1,1624.3,410.8,84.7,288.0,0.994
338,-1,1393.4,376.7,66.6,333.9,0.994
338,-1,1687.3,532.5,76.9,197.6,0.985
338,-1,1579.9,414.6,68.2,270.1,0.977
338,-1,124.4,530.1,73.6,211.1,0.937
338,-1,246.5,517.3,46.7,53.4,0.780
338,-1,39.6,569.4,66.1,179.7,0.735
338,-1,1663.6,465.4,60.3,191.2,0.588
338,-1,250.2,517.9,43.1,150.6,0.443
338,-1,1248.8,363.3,90.1,108.5,0.423
338,-1,2.1,500.0,105.8,237.5,0.390
338,-1,1689.0,473.8,40.8,76.3,0.232
338,-1,247.1,521.8,74.5,105.7,0.100
338,-1,83.5,544.2,95.2,201.3,0.065
338,-1,83.3,582.5,55.9,162.5,0.062
338,-1,1623.7,423.8,20.8,59.3,0.060
338,-1,1668.5,425.8,57.1,138.9,0.059
338,-1,57.8,533.1,75.9,216.6,0.058
339,-1,1447.2,386.6,145.6,344.5,0.999
339,-1,1147.7,395.2,134.8,338.2,0.999
339,-1,1319.3,392.0,112.4,338.3,0.999
339,-1,1732.6,405.3,113.3,251.4,0.997
339,-1,1395.4,380.8,64.4,317.5,0.991
339,-1,1690.2,530.0,73.6,197.2,0.988
339,-1,1624.8,410.1,91.5,290.2,0.980
339,-1,1584.6,415.1,77.0,269.2,0.974
339,-1,123.8,536.6,73.1,206.1,0.964
339,-1,50.0,584.2,61.1,166.7,0.926
339,-1,247.2,517.5,43.5,54.5,0.806
339,-1,248.2,521.6,51.4,102.7,0.478
339,-1,1251.7,362.7,94.9,109.7,0.437
339,-1,7.8,522.7,101.3,236.5,0.385
339,-1,1504.4,379.8,62.0,76.9,0.269
339,-1,1670.6,489.5,75.7,209.6,0.194
339,-1,1709.4,506.6,61.9,158.5,0.134
339,-1,250.8,515.1,65.9,152.7,0.075
339,-1,574.0,400.7,47.3,107.4,0.072
339,-1,3.5,531.5,75.6,86.2,0.058
339,-1,77.4,547.7,60.3,200.3,0.051
340,-1,1147.8,395.7,135.5,338.2,0.999
340,-1,1447.9,388.4,146.6,343.8,0.999
340,-1,1736.8,402.7,112.8,258.9,0.997
340,-1,1322.8,389.2,117.8,340.1,0.997
340,-1,1585.9,414.7,87.9,282.1,0.990
340,-1,1681.8,524.6,88.5,207.9,0.982
340,-1,1633.3,408.5,93.2,289.4,0.978
340,-1,1399.5,379.4,58.0,332.5,0.975
340,-1,123.7,529.4,76.6,212.7,0.967
340,-1,246.2,516.7,48.7,54.6,0.828
340,-1,50.7,579.8,60.4,172.3,0.766
340,-1,1502.4,379.2,69.2,82.8,0.765
340,-1,1257.9,359.2,90.7,113.1,0.566
340,-1,248.5,521.4,50.6,116.2,0.485
340,-1,3.8,508.0,104.7,255.5,0.465
340,-1,939.2,556.3,64.2,134.1,0.305
340,-1,1665.6,438.2,72.7,230.4,0.224
340,-1,1396.8,382.1,61.9,143.3,0.209
340,-1,1818.4,463.2,24.0,45.6,0.156
340,-1,561.3,401.5,58.6,110.1,0.150
340,-1,60.2,537.1,87.6,212.7,0.057
340,-1,11.3,581.5,97.0,128.1,0.051
341,-1,1149.9,393.5,133.3,342.3,0.999
341,-1,1446.0,390.1,151.6,343.9,0.999
341,-1,1328.7,392.6,115.4,334.0,0.998
341,-1,1737.2,403.0,121.8,256.7,0.996
341,-1,1590.1,416.9,84.7,278.6,0.991
341,-1,1638.0,409.1,93.6,285.5,0.988
341,-1,1682.9,526.7,87.4,206.0,0.987
341,-1,124.7,534.6,74.9,207.7,0.965
341,-1,1401.2,388.3,57.2,302.4,0.964
341,-1,1500.6,378.5,75.5,91.5,0.840
341,-1,51.8,586.6,57.9,165.3,0.824
341,-1,246.5,517.1,48.0,55.0,0.809
341,-1,1257.9,359.0,91.2,113.2,0.617
341,-1,250.3,516.0,50.8,153.3,0.480
341,-1,1398.9,385.1,60.6,136.2,0.369
341,-1,12.8,532.0,94.3,225.1,0.336
341,-1,939.2,543.4,67.2,141.7,0.110
341,-1,570.0,400.2,51.6,105.8,0.090
341,-1,1687.7,424.8,57.4,130.2,0.075
341,-1,1672.5,455.7,66.2,236.1,0.065
341,-1,80.4,547.7,57.0,201.3,0.062
342,-1,1150.7,387.7,130.2,348.8,0.999
342,-1,1446.4,396.0,152.4,336.8,0.999
342,-1,1333.2,390.7,114.3,334.6,0.998
342,-1,1739.9,406.0,118.3,251.0,0.997
342,-1,1685.0,523.9,72.4,208.4,0.990
342,-1,1591.9,418.1,70.0,275.6,0.990
342,-1,1639.7,410.1,97.7,291.1,0.988
342,-1,126.1,531.3,75.1,211.2,0.959
342,-1,1403.0,387.9,57.1,123.7,0.933
342,-1,1404.9,387.8,54.8,314.0,0.911
342,-1,1502.9,376.9,75.6,95.9,0.896
342,-1,246.4,516.7,48.5,55.1,0.819
342,-1,33.4,568.5,72.3,180.0,0.674
342,-1,1264.0,362.3,83.3,108.7,0.612
342,-1,249.7,515.8,49.0,154.8,0.521
342,-1,1701.9,453.6,54.9,156.8,0.389
342,-1,1494.9,378.6,100.0,218.5,0.343
342,-1,4.5,505.3,105.4,254.6,0.341
342,-1,1691.2,417.2,60.3,148.6,0.340
342,-1,55.1,617.0,55.3,130.9,0.300
342,-1,1825.7,462.0,19.4,20.7,0.104
342,-1,571.0,400.9,50.6,106.4,0.099
342,-1,1414.3,571.6,39.7,134.0,0.067
342,-1,1726.0,481.9,34.1,127.7,0.064
342,-1,1006.7,501.5,38.5,195.0,0.059
342,-1,73.1,567.0,64.8,181.4,0.054
342,-1,1417.7,531.1,57.0,172.9,0.053
343,-1,1150.4,384.2,130.9,352.3,0.999
343,-1,1335.4,392.4,117.7,330.5,0.999
343,-1,1448.7,398.5,150.1,332.1,0.999
343,-1,1742.9,407.0,115.4,249.1,0.998
343,-1,1593.7,425.8,72.6,258.8,0.991
343,-1,1643.7,407.6,92.9,291.2,0.989
343,-1,1685.1,524.8,71.5,206.5,0.987
343,-1,126.3,530.1,75.7,211.4,0.961
343,-1,1408.3,388.0,51.7,314.4,0.933
343,-1,1505.0,377.6,74.3,94.9,0.926
343,-1,1408.6,390.0,52.5,123.6,0.907
343,-1,48.6,560.9,62.3,187.7,0.843
343,-1,246.8,516.6,48.5,54.5,0.794
343,-1,6.8,506.0,102.0,252.7,0.691
343,-1,1711.8,478.9,49.9,124.8,0.579
343,-1,1264.5,361.0,84.2,110.1,0.506
343,-1,1496.3,378.2,99.2,208.4,0.346
343,-1,250.8,515.5,50.8,151.8,0.341
343,-1,130.1,630.3,62.1,109.9,0.193
343,-1,1695.1,426.0,63.2,167.6,0.149
343,-1,247.2,521.2,72.2,94.8,0.089
343,-1,1829.5,460.9,17.7,20.4,0.088
343,-1,76.3,561.8,53.3,187.4,0.066
343,-1,2.9,534.0,77.8,76.1,0.062
343,-1,41.9,500.4,66.9,80.7,0.054
343,-1,1414.1,520.9,66.9,182.7,0.051
344,-1,1154.1,382.6,126.2,354.9,0.999
344,-1,1449.8,396.5,147.5,337.5,0.999
344,-1,1340.0,391.1,115.8,331.5,0.999
344,-1,1747.4,408.1,110.0,254.1,0.996
344,-1,1645.3,409.0,90.7,286.7,0.993
344,-1,1593.3,427.0,77.8,251.3,0.990
344,-1,1687.8,526.1,76.8,206.6,0.988
344,-1,126.6,524.9,77.3,216.9,0.967
344,-1,1408.6,389.0,54.4,312.8,0.954
344,-1,1507.2,378.0,73.4,94.0,0.909
344,-1,50.3,559.3,60.8,189.6,0.858
344,-1,1410.4,389.6,50.5,125.5,0.837
344,-1,246.3,516.4,49.4,57.4,0.834
344,-1,1717.3,477.3,51.1,129.7,0.702
344,-1,6.0,532.3,106.1,224.8,0.610
344,-1,1263.1,361.5,84.6,108.7,0.569
344,-1,1506.6,379.3,90.1,216.4,0.512
344,-1,250.4,515.5,50.5,151.7,0.409
344,-1,130.4,634.4,61.7,105.5,0.307
344,-1,1672.3,449.9,82.4,261.6,0.256
344,-1,1713.9,471.3,65.4,204.4,0.250
344,-1,81.5,535.7,52.3,213.5,0.142
344,-1,1110.7,459.1,70.1,157.1,0.139
344,-1,246.4,520.3,69.9,85.7,0.124
344,-1,2.9,532.5,78.0,73.2,0.115
344,-1,34.5,501.3,73.6,79.5,0.081
344,-1,571.4,402.4,50.2,104.6,0.055
345,-1,1342.6,390.4,119.9,333.2,0.999
345,-1,1154.8,380.7,124.6,360.5,0.999
345,-1,1455.0,399.0,143.9,333.3,0.998
345,-1,1753.2,408.8,105.6,246.6,0.995
345,-1,1686.5,525.8,73.4,206.4,0.987
345,-1,1594.1,423.9,88.1,270.1,0.981
345,-1,1670.9,407.2,85.2,255.1,0.977
345,-1,126.0,531.7,75.4,208.6,0.956
345,-1,1513.2,380.5,79.1,108.1,0.909
345,-1,50.9,586.3,59.9,164.3,0.814
345,-1,246.8,516.7,48.0,55.8,0.806
345,-1,1263.3,359.1,83.4,111.2,0.647
345,-1,2.1,528.6,108.6,248.8,0.634
345,-1,1724.9,462.7,53.7,237.0,0.591
345,-1,1408.8,387.3,50.6,96.2,0.440
345,-1,932.7,505.3,69.5,191.4,0.430
345,-1,1513.7,382.1,85.1,305.6,0.410
345,-1,958.5,512.2,39.9,103.4,0.382
345,-1,251.0,515.7,49.8,150.3,0.336
345,-1,1415.8,394.7,47.2,171.6,0.231
345,-1,1108.9,460.7,70.3,153.7,0.184
345,-1,1727.7,477.6,49.8,124.6,0.137
345,-1,8.3,580.4,97.5,131.3,0.109
345,-1,962.8,512.4,54.7,192.4,0.102
345,-1,1670.9,410.6,70.1,154.7,0.100
345,-1,31.4,500.2,75.8,81.8,0.098
345,-1,64.0,542.0,85.0,206.1,0.075
345,-1,1641.4,413.7,56.9,268.3,0.075
345,-1,1620.8,417.7,116.9,282.2,0.070
345,-1,1550.2,526.5,44.3,161.1,0.067
345,-1,1163.0,385.2,114.0,149.1,0.061
346,-1,1346.9,389.7,116.6,335.2,1.000
346,-1,1156.1,380.5,123.8,361.5,0.999
346,-1,1456.8,400.4,142.5,329.6,0.998
346,-1,1760.0,407.3,96.9,252.1,0.997
346,-1,1673.2,411.1,104.4,292.6,0.986
346,-1,1597.8,424.1,85.4,265.0,0.984
346,-1,1674.8,521.6,86.6,209.9,0.981
346,-1,125.9,532.3,74.7,209.3,0.955
346,-1,1517.9,381.1,71.6,103.3,0.929
346,-1,52.2,590.4,58.4,160.1,0.839
346,-1,246.7,516.5,48.7,54.1,0.825
346,-1,1672.5,406.5,72.3,201.5,0.792
346,-1,1260.3,361.4,85.1,110.5,0.767
346,-1,1511.6,381.3,88.6,203.0,0.635
346,-1,1723.1,463.9,59.0,240.1,0.620
346,-1,4.1,545.4,107.2,197.0,0.493
346,-1,248.7,521.5,51.1,104.1,0.475
346,-1,1551.3,564.3,43.1,123.7,0.344
346,-1,1536.7,399.4,63.8,278.1,0.173
346,-1,1106.4,463.2,71.6,142.5,0.116
346,-1,1648.8,426.0,51.9,255.2,0.081
346,-1,81.0,546.9,56.3,201.7,0.067
346,-1,570.4,401.3,51.2,105.2,0.058
346,-1,1415.1,392.3,50.4,111.8,0.057
346,-1,1728.8,475.2,55.3,110.5,0.052
347,-1,1151.4,384.3,127.5,359.0,1.000
347,-1,1355.5,389.2,110.1,335.3,0.999
347,-1,1467.2,396.2,134.4,329.5,0.998
347,-1,1760.4,409.9,96.7,244.3,0.997
347,-1,1673.8,515.6,88.9,211.5,0.991
347,-1,1601.8,424.8,85.4,251.6,0.990
347,-1,126.2,531.6,74.7,210.0,0.961
347,-1,1521.8,383.1,75.3,108.0,0.878
347,-1,1680.4,406.1,76.7,214.9,0.849
347,-1,246.6,516.6,49.3,54.4,0.828
347,-1,37.1,575.5,73.0,175.7,0.801
347,-1,0.0,499.7,109.0,245.1,0.780
347,-1,1522.4,378.5,81.6,308.5,0.744
347,-1,1263.8,355.6,80.4,115.9,0.710
347,-1,251.1,515.5,50.9,151.1,0.402
347,-1,1681.5,406.2,106.4,303.6,0.383
347,-1,1409.3,388.2,54.2,100.4,0.355
347,-1,1556.2,424.2,51.0,252.5,0.283
347,-1,1712.2,458.7,61.4,245.9,0.237
347,-1,68.5,598.7,45.1,150.4,0.202
347,-1,1725.2,432.6,56.8,193.7,0.159
347,-1,1520.7,382.8,55.8,61.7,0.156
347,-1,16.2,584.4,89.1,102.2,0.149
347,-1,1638.6,432.2,56.8,212.0,0.107
347,-1,246.7,520.6,69.2,81.5,0.106
347,-1,1626.9,414.0,107.9,222.4,0.058
347,-1,1159.6,385.9,111.7,129.4,0.058
347,-1,80.3,540.5,103.9,207.2,0.056
348,-1,1762.6,408.3,95.4,250.7,0.999
348,-1,1357.9,388.4,109.3,336.1,0.999
348,-1,1139.1,384.4,134.1,361.6,0.999
348,-1,1467.9,397.9,134.6,326.0,0.998
348,-1,1680.1,523.9,79.9,206.8,0.991
348,-1,1680.2,408.7,97.2,295.7,0.991
348,-1,1601.5,423.3,88.8,251.2,0.989
348,-1,126.4,532.5,74.4,211.0,0.946
348,-1,1529.6,387.6,78.6,295.9,0.902
348,-1,22.0,569.8,88.4,182.1,0.880
348,-1,1526.3,385.0,72.0,106.6,0.813
348,-1,246.3,516.7,49.8,56.5,0.787
348,-1,1251.1,356.9,94.9,117.0,0.730
348,-1,54.2,636.1,55.3,113.5,0.450
348,-1,250.5,515.8,53.6,149.4,0.436
348,-1,1682.9,405.2,73.9,158.8,0.382
348,-1,1560.0,492.5,47.2,184.3,0.206
348,-1,1737.5,461.4,57.8,180.6,0.119
348,-1,913.5,456.6,88.6,243.2,0.112
348,-1,12.8,535.6,95.2,142.6,0.086
348,-1,73.4,590.1,41.0,159.5,0.080
348,-1,1640.5,430.0,58.4,184.3,0.079
348,-1,1400.4,385.8,59.6,86.4,0.077
348,-1,1160.1,387.2,109.8,121.1,0.064
349,-1,1470.1,396.4,135.4,323.5,0.999
349,-1,1137.2,384.9,135.2,362.4,0.999
349,-1,1363.7,386.7,110.8,335.2,0.999
349,-1,1764.0,409.0,97.9,243.5,0.998
349,-1,1680.1,408.0,99.8,295.6,0.997
349,-1,1604.6,425.9,92.7,243.4,0.992
349,-1,1680.7,527.8,74.0,200.6,0.982
349,-1,126.4,529.9,74.7,212.8,0.954
349,-1,1532.6,389.3,78.8,295.6,0.892
349,-1,1531.4,385.4,73.6,119.2,0.861
349,-1,246.2,516.5,49.5,56.6,0.846
349,-1,17.1,552.1,92.2,200.4,0.755
349,-1,1251.5,358.3,96.2,112.9,0.706
349,-1,246.7,518.2,48.7,157.5,0.591
349,-1,50.6,630.2,59.0,119.6,0.486
349,-1,1405.6,387.6,54.2,87.6,0.399
349,-1,1561.0,449.8,51.5,231.0,0.361
349,-1,570.9,399.0,51.1,107.4,0.274
349,-1,1682.8,404.2,77.0,188.9,0.263
349,-1,1710.5,409.1,104.6,278.4,0.212
349,-1,246.7,520.9,70.5,87.8,0.158
349,-1,22.3,571.7,86.0,104.2,0.109
349,-1,935.6,549.8,70.3,148.4,0.098
349,-1,74.1,591.0,41.2,158.3,0.088
349,-1,1406.3,393.1,67.6,181.4,0.070
349,-1,40.6,500.6,64.9,80.8,0.058
349,-1,68.5,523.9,119.4,226.9,0.054
350,-1,1138.1,384.9,131.5,366.1,0.999
350,-1,1470.7,396.3,138.5,323.7,0.999
350,-1,1371.2,391.0,104.4,332.7,0.998
350,-1,1769.4,406.6,93.3,247.2,0.996
350,-1,1690.6,401.4,88.9,302.6,0.989
350,-1,1608.3,424.2,93.9,244.3,0.988
350,-1,1675.0,526.8,90.1,203.1,0.988
350,-1,125.9,523.3,78.7,220.7,0.965
350,-1,1541.5,397.3,72.5,286.0,0.957
350,-1,1536.3,389.3,62.7,107.3,0.901
350,-1,246.5,516.7,48.6,54.2,0.830
350,-1,20.2,530.5,89.4,221.0,0.738
350,-1,1257.2,360.2,89.4,111.7,0.720
350,-1,1377.8,385.8,59.8,95.7,0.517
350,-1,53.1,640.9,55.8,110.0,0.474
350,-1,249.4,517.4,45.2,143.8,0.418
350,-1,1565.9,514.8,46.7,168.1,0.371
350,-1,1708.4,516.2,64.9,186.3,0.331
350,-1,1691.5,401.0,76.9,167.5,0.286
350,-1,1373.0,387.3,81.7,201.9,0.188
350,-1,38.9,500.1,67.5,82.0,0.143
350,-1,246.6,520.5,69.0,78.3,0.114
350,-1,6.9,500.4,97.8,129.7,0.103
350,-1,693.1,362.9,92.7,388.9,0.060
350,-1,28.1,572.6,79.7,89.9,0.054
350,-1,1725.8,407.7,65.4,265.3,0.051
351,-1,1135.0,383.6,132.6,366.6,0.999
351,-1,1472.3,395.0,141.4,323.7,0.998
351,-1,1376.0,392.4,104.1,331.2,0.998
351,-1,1770.4,405.2,92.7,247.0,0.998
351,-1,1616.4,428.3,88.8,239.1,0.993
351,-1,1672.0,526.6,93.3,203.0,0.990
351,-1,1694.7,400.3,94.7,298.7,0.989
351,-1,125.4,526.5,78.4,217.1,0.965
351,-1,1542.9,389.3,78.5,300.2,0.935
351,-1,246.9,516.5,56.8,56.3,0.841
351,-1,1254.8,357.0,93.0,114.4,0.832
351,-1,1542.0,388.1,65.7,113.1,0.820
351,-1,40.0,574.1,69.7,176.1,0.703
351,-1,249.4,515.1,59.4,149.3,0.524
351,-1,1377.2,385.9,61.5,114.0,0.521
351,-1,58.4,642.4,51.0,109.1,0.491
351,-1,7.8,503.6,102.6,261.1,0.477
351,-1,1567.4,463.1,49.2,219.3,0.412
351,-1,37.9,499.7,69.5,82.6,0.134
351,-1,71.7,591.0,42.5,158.7,0.113
351,-1,571.0,400.5,51.0,105.0,0.096
351,-1,4.1,501.2,98.2,112.1,0.089
351,-1,59.7,547.7,103.6,202.3,0.082
351,-1,26.2,530.7,82.5,130.4,0.061
352,-1,1129.2,384.7,134.3,366.9,0.999
352,-1,1382.1,396.1,99.6,322.3,0.999
352,-1,1476.0,395.4,139.2,324.6,0.999
352,-1,1773.4,405.0,88.9,243.8,0.996
352,-1,1700.0,398.2,93.5,305.0,0.992
352,-1,1622.0,427.9,86.5,238.8,0.989
352,-1,1673.2,531.8,85.2,199.8,0.980
352,-1,125.5,525.3,74.7,218.6,0.961
352,-1,1546.1,389.0,79.8,298.1,0.948
352,-1,246.4,516.5,51.5,57.1,0.816
352,-1,1248.3,358.6,98.5,114.2,0.791
352,-1,37.7,552.2,72.0,195.2,0.762
352,-1,1380.0,390.0,58.4,179.4,0.713
352,-1,1548.6,390.0,74.2,140.3,0.628
352,-1,246.0,518.4,49.2,158.0,0.545
352,-1,1383.6,386.9,64.8,109.3,0.350
352,-1,4.9,504.1,108.2,198.4,0.224
352,-1,570.6,398.3,51.6,105.7,0.192
352,-1,9.1,499.3,92.9,94.0,0.124
352,-1,1661.3,442.4,60.9,215.8,0.083
352,-1,65.4,515.9,104.2,232.5,0.080
352,-1,25.0,533.5,83.8,126.5,0.064
352,-1,1679.2,409.9,93.5,224.5,0.062
353,-1,1124.4,383.3,137.3,366.3,0.999
353,-1,1387.1,396.4,95.4,318.2,0.999
353,-1,1478.0,395.2,136.8,324.8,0.999
353,-1,1775.6,405.3,85.5,245.6,0.996
353,-1,1700.3,395.9,102.9,311.7,0.995
353,-1,1621.1,423.2,93.2,246.7,0.990
353,-1,1668.5,531.9,95.4,201.3,0.986
353,-1,124.8,524.0,75.3,219.8,0.972
353,-1,1552.4,392.6,74.6,294.2,0.962
353,-1,1250.5,357.1,96.8,115.7,0.802
353,-1,246.8,516.5,53.3,57.3,0.791
353,-1,1382.1,390.7,59.2,151.6,0.755
353,-1,1550.9,387.8,64.3,121.6,0.734
353,-1,34.6,569.9,75.3,180.2,0.705
353,-1,249.9,515.2,57.0,149.1,0.420
353,-1,9.8,505.3,103.3,211.3,0.278
353,-1,1393.1,389.4,83.9,102.1,0.209
353,-1,1566.7,515.3,49.2,168.6,0.185
353,-1,571.6,400.3,50.0,107.3,0.090
353,-1,28.6,568.3,79.0,91.3,0.064
353,-1,19.2,499.4,88.7,88.6,0.063
353,-1,71.2,593.0,44.6,155.7,0.057
353,-1,66.7,538.1,108.6,211.6,0.056
354,-1,1124.0,381.1,135.4,369.1,0.999
354,-1,1389.0,399.7,102.6,310.4,0.999
354,-1,1701.9,396.2,111.7,316.6,0.999
354,-1,1481.0,398.9,136.9,318.6,0.998
354,-1,1625.1,422.8,96.5,246.4,0.991
354,-1,1781.3,406.7,79.2,244.5,0.991
354,-1,1675.7,534.3,82.9,197.5,0.984
354,-1,124.0,529.3,76.6,214.0,0.964
354,-1,1552.7,389.7,81.4,298.5,0.961
354,-1,1385.6,388.0,58.6,165.8,0.840
354,-1,246.7,516.5,58.4,58.6,0.824
354,-1,1249.9,358.9,97.2,114.0,0.807
354,-1,38.2,570.8,71.8,179.4,0.673
354,-1,1553.8,387.6,74.6,155.2,0.556
354,-1,249.1,514.8,59.6,148.3,0.500
354,-1,60.7,627.2,48.7,122.7,0.423
354,-1,7.9,501.8,104.7,193.2,0.118
354,-1,571.4,399.1,50.3,106.7,0.117
354,-1,1667.1,471.9,73.2,231.2,0.109
354,-1,30.5,507.9,115.3,245.8,0.086
354,-1,1770.5,431.0,55.3,218.5,0.070
354,-1,1408.2,390.4,74.5,95.3,0.065
354,-1,1382.1,375.6,50.3,314.4,0.065
354,-1,1428.7,411.5,61.0,235.2,0.061
354,-1,1509.9,393.4,115.1,186.4,0.058
354,-1,1391.6,389.3,52.9,89.0,0.055
354,-1,1702.1,466.0,68.3,253.1,0.053
355,-1,1713.5,396.9,107.9,316.1,0.999
355,-1,1108.8,378.3,147.8,371.3,0.999
355,-1,1392.3,396.7,101.1,314.2,0.999
355,-1,1484.5,402.9,135.1,316.1,0.998
355,-1,1789.3,406.3,76.1,241.7,0.990
355,-1,1628.3,424.3,95.6,244.5,0.989
355,-1,1678.6,533.1,79.0,199.8,0.987
355,-1,121.1,518.4,77.7,224.6,0.966
355,-1,1556.2,385.4,83.5,300.0,0.965
355,-1,246.5,516.8,57.3,57.5,0.843
355,-1,1250.6,358.7,96.2,113.9,0.822
355,-1,1386.8,389.5,49.7,305.1,0.804
355,-1,22.7,525.4,86.8,225.2,0.764
355,-1,1750.4,401.8,95.4,275.8,0.641
355,-1,1387.6,390.2,55.4,133.1,0.550
355,-1,248.8,515.3,59.6,149.2,0.499
355,-1,1779.0,420.1,54.2,234.3,0.277
355,-1,1567.2,456.0,51.4,228.3,0.249
355,-1,1399.8,391.5,43.8,70.7,0.241
355,-1,1666.3,463.2,71.2,223.9,0.094
355,-1,34.8,500.1,72.8,82.8,0.089
355,-1,25.1,557.3,81.6,105.7,0.075
355,-1,693.0,364.8,86.1,389.8,0.071
355,-1,73.2,581.6,43.2,166.6,0.064
355,-1,571.6,402.2,49.6,107.7,0.064
355,-1,49.6,515.2,121.5,234.5,0.059
356,-1,1111.2,376.1,142.4,373.5,0.999
356,-1,1486.4,402.8,132.7,316.1,0.999
356,-1,1395.8,399.2,96.5,314.2,0.999
356,-1,1716.4,399.4,108.5,316.5,0.996
356,-1,1677.4,526.1,87.0,205.2,0.991
356,-1,1631.5,427.1,97.7,240.5,0.990
356,-1,1792.5,409.0,74.9,237.1,0.987
356,-1,120.5,520.1,78.1,222.3,0.962
356,-1,1559.0,383.9,85.6,298.3,0.961
356,-1,1388.5,394.0,51.4,301.7,0.898
356,-1,1250.8,356.2,96.6,115.6,0.830
356,-1,246.7,516.3,55.7,57.2,0.806
356,-1,24.8,518.3,83.4,234.3,0.781
356,-1,54.5,582.4,55.0,167.6,0.637
356,-1,1390.1,394.7,56.1,164.7,0.604
356,-1,249.4,514.7,56.9,152.4,0.452
356,-1,1777.3,429.0,54.7,222.0,0.344
356,-1,1567.5,472.5,52.4,210.0,0.283
356,-1,572.6,401.3,49.5,104.8,0.258
356,-1,1403.5,394.5,43.0,69.0,0.128
356,-1,693.8,362.2,83.1,396.5,0.088
356,-1,48.0,517.3,132.3,231.6,0.082
356,-1,1532.5,395.5,99.8,188.6,0.061
356,-1,28.9,499.6,78.2,84.8,0.058
357,-1,1109.1,372.2,145.4,379.6,0.999
357,-1,1398.5,403.0,94.6,308.8,0.999
357,-1,1718.7,391.7,103.7,328.0,0.998
357,-1,1495.4,403.4,127.8,312.4,0.997
357,-1,1388.7,394.6,65.1,299.0,0.990
357,-1,1682.3,529.2,87.5,203.8,0.985
357,-1,1796.2,410.4,69.2,234.6,0.981
357,-1,1633.9,424.6,98.9,243.3,0.968
357,-1,119.9,517.8,77.6,224.5,0.960
357,-1,1565.6,385.4,88.7,284.8,0.927
357,-1,246.7,516.6,56.0,58.1,0.816
357,-1,1250.3,357.0,95.3,115.9,0.763
357,-1,42.2,570.8,67.3,180.1,0.696
357,-1,1783.9,427.3,53.2,225.8,0.622
357,-1,14.3,504.6,95.4,266.1,0.531
357,-1,248.1,514.7,58.5,155.8,0.502
357,-1,55.1,639.1,52.4,111.1,0.451
357,-1,1396.0,394.5,54.0,169.3,0.250
357,-1,1567.0,504.2,52.0,177.7,0.205
357,-1,1595.6,405.7,102.5,257.8,0.186
357,-1,43.1,552.3,125.8,198.6,0.148
357,-1,24.9,502.4,82.7,142.9,0.106
357,-1,1404.9,395.5,46.4,70.2,0.101
357,-1,695.9,364.0,80.8,395.0,0.091
357,-1,572.8,401.3,48.2,107.1,0.085
357,-1,74.8,592.3,39.8,156.3,0.080
358,-1,1106.8,372.1,146.5,382.5,0.999
358,-1,1498.6,405.5,125.5,307.4,0.997
358,-1,1404.0,405.4,95.8,306.0,0.997
358,-1,1720.7,392.5,103.6,330.2,0.995
358,-1,1688.4,532.3,84.2,204.6,0.981
358,-1,1800.1,411.9,71.4,231.3,0.980
358,-1,126.0,530.6,69.9,209.5,0.971
358,-1,1568.0,388.6,91.1,287.0,0.962
358,-1,1640.1,430.2,93.8,232.9,0.962
358,-1,1391.6,398.6,62.2,297.9,0.884
358,-1,246.8,516.7,56.0,58.8,0.800
358,-1,1250.1,357.0,96.4,116.1,0.765
358,-1,19.2,523.3,89.2,229.7,0.683
358,-1,1787.5,422.7,54.3,228.2,0.610
358,-1,249.2,515.4,57.2,149.7,0.480
358,-1,54.6,612.9,53.4,134.6,0.446
358,-1,888.0,536.0,124.9,159.5,0.404
358,-1,1397.1,395.2,56.8,127.6,0.299
358,-1,37.4,533.1,118.7,217.2,0.191
358,-1,693.5,372.0,82.2,387.9,0.186
358,-1,1452.5,411.2,51.8,291.8,0.176
358,-1,1571.9,460.9,53.2,221.5,0.167
358,-1,1419.0,396.3,34.8,67.3,0.132
358,-1,25.5,501.5,83.1,154.6,0.091
358,-1,98.0,538.9,76.8,207.7,0.058
359,-1,1499.2,407.3,126.7,308.0,0.999
359,-1,1106.9,371.2,147.0,386.8,0.999
359,-1,1723.3,392.7,101.8,329.0,0.997
359,-1,1408.4,408.6,104.6,301.3,0.995
359,-1,1803.0,413.6,65.5,233.4,0.986
359,-1,122.8,538.8,82.2,204.7,0.977
359,-1,1687.5,532.6,85.6,203.0,0.976
359,-1,1643.2,432.4,98.5,236.0,0.971
359,-1,1570.9,390.0,91.3,282.9,0.967
359,-1,1390.1,399.5,68.9,288.5,0.928
359,-1,246.5,516.5,55.3,58.6,0.812
359,-1,1248.1,355.8,98.4,117.2,0.798
359,-1,24.4,534.1,84.4,216.4,0.670
359,-1,55.2,608.1,52.6,139.0,0.429
359,-1,250.0,515.7,55.6,147.4,0.352
359,-1,1759.4,406.9,89.5,263.6,0.302
359,-1,1804.2,414.3,58.1,129.3,0.288
359,-1,47.9,531.1,114.0,219.8,0.254
359,-1,1397.3,397.5,60.7,162.6,0.241
359,-1,1457.6,416.2,56.7,284.6,0.215
359,-1,1424.0,400.5,33.9,62.0,0.203
359,-1,1410.3,396.2,47.0,87.1,0.116
359,-1,695.3,392.7,84.2,366.5,0.070
359,-1,894.0,519.1,100.7,176.8,0.069
359,-1,1855.5,513.5,20.6,60.6,0.068
359,-1,26.2,568.9,80.9,92.8,0.052
360,-1,1107.3,369.8,144.3,388.3,0.999
360,-1,1728.2,394.5,97.2,326.9,0.999
360,-1,1504.5,403.0,127.1,312.8,0.998
360,-1,1410.4,409.5,92.7,300.7,0.994
360,-1,1649.2,434.7,98.0,225.6,0.982
360,-1,126.6,527.9,67.7,215.0,0.981
360,-1,1811.4,412.9,58.4,234.0,0.978
360,-1,1696.4,530.1,79.3,207.4,0.973
360,-1,1575.5,389.5,94.1,289.8,0.963
360,-1,2.0,754.6,141.8,228.4,0.868
360,-1,1398.2,407.4,64.3,288.6,0.845
360,-1,247.2,517.1,46.2,55.6,0.784
360,-1,1247.1,356.2,100.3,116.8,0.776
360,-1,39.1,576.7,69.7,174.8,0.701
360,-1,18.6,504.4,98.6,248.6,0.511
360,-1,0.0,507.7,141.9,469.9,0.487
360,-1,1451.4,412.5,74.7,287.4,0.466
360,-1,1405.2,395.8,58.4,131.2,0.371
360,-1,249.7,515.1,55.1,150.4,0.364
360,-1,1426.8,397.1,36.8,65.8,0.275
360,-1,1808.5,414.8,57.5,113.3,0.255
360,-1,1610.1,411.9,89.7,253.6,0.252
360,-1,1579.3,518.7,56.3,161.5,0.206
360,-1,44.8,555.2,121.0,194.5,0.152
360,-1,697.1,376.6,83.9,380.0,0.140
360,-1,1768.2,404.8,61.4,263.4,0.104
360,-1,77.1,634.0,86.2,111.9,0.087
360,-1,569.3,401.5,52.0,106.9,0.086
360,-1,1575.6,391.0,84.1,132.5,0.078
360,-1,1795.4,450.7,54.3,186.3,0.078
360,-1,1410.8,599.3,78.3,94.6,0.065
361,-1,1105.5,371.0,145.0,388.5,0.999
361,-1,1509.8,404.1,122.5,304.0,0.999
361,-1,1734.4,394.2,98.7,321.6,0.994
361,-1,1419.1,414.6,109.8,292.2,0.991
361,-1,1814.5,412.3,62.1,236.4,0.988
361,-1,126.0,526.7,68.0,215.2,0.987
361,-1,1702.7,525.4,84.9,206.6,0.984
361,-1,1655.2,431.2,89.8,231.5,0.982
361,-1,1578.3,391.1,93.6,282.2,0.957
361,-1,0.5,589.8,159.5,384.3,0.921
361,-1,1404.1,396.9,72.3,307.0,0.910
361,-1,1242.5,357.7,105.2,115.9,0.819
361,-1,247.1,517.0,47.7,55.3,0.787
361,-1,49.9,556.9,59.9,194.2,0.684
361,-1,20.2,502.7,97.2,249.2,0.638
361,-1,1408.8,394.3,59.6,125.7,0.425
361,-1,1433.9,397.6,34.1,68.4,0.396
361,-1,694.2,357.8,85.3,403.9,0.351
361,-1,250.5,516.4,53.4,148.1,0.305
361,-1,1670.4,492.5,104.5,216.8,0.237
361,-1,1578.5,555.9,58.9,125.7,0.226
361,-1,1470.7,420.7,64.0,275.8,0.202
361,-1,1579.4,393.5,79.9,141.6,0.192
361,-1,49.6,517.2,108.8,234.5,0.104
361,-1,70.6,581.2,48.6,167.6,0.086
361,-1,571.3,400.6,49.8,110.1,0.070
361,-1,1413.8,594.5,76.6,98.3,0.070
361,-1,1783.4,427.4,63.8,236.4,0.068
361,-1,26.6,523.0,83.1,137.5,0.068
362,-1,1105.5,371.0,146.1,389.0,0.999
362,-1,1520.3,404.1,124.3,300.9,0.996
362,-1,1739.3,390.7,98.9,317.5,0.994
362,-1,1423.2,413.8,110.2,293.1,0.993
362,-1,1817.9,412.3,63.6,240.4,0.985
362,-1,1658.3,431.6,91.9,228.3,0.983
362,-1,1712.5,520.4,111.3,216.9,0.981
362,-1,0.1,480.0,172.9,498.4,0.967
362,-1,1583.0,391.5,94.2,276.0,0.957
362,-1,120.2,523.1,71.7,219.7,0.956
362,-1,1242.8,357.5,104.5,116.2,0.794
362,-1,1408.9,401.7,62.4,243.5,0.776
362,-1,246.7,516.7,51.5,56.7,0.776
362,-1,693.6,343.9,89.8,417.5,0.621
362,-1,30.2,536.5,80.2,215.4,0.533
362,-1,0.0,577.6,28.5,133.0,0.506
362,-1,1439.5,395.6,35.9,72.2,0.451
362,-1,1617.4,419.9,26.6,38.8,0.378
362,-1,250.9,516.4,52.7,148.4,0.352
362,-1,1784.6,405.6,77.7,258.8,0.346
362,-1,0.0,459.3,29.7,258.0,0.298
362,-1,0.0,576.8,32.6,232.7,0.230
362,-1,1417.5,395.5,56.7,125.9,0.222
362,-1,1583.4,393.8,76.4,124.7,0.215
362,-1,570.7,401.1,50.8,107.0,0.159
362,-1,1620.2,412.0,98.8,249.1,0.146
362,-1,28.0,561.9,79.8,99.4,0.121
362,-1,1816.3,414.8,61.1,128.6,0.087
362,-1,62.6,577.0,49.0,170.6,0.085
362,-1,2.5,491.6,84.9,203.7,0.083
362,-1,10.3,499.0,94.6,87.7,0.069
362,-1,0.0,290.7,24.2,466.6,0.067
362,-1,1593.6,445.9,57.4,223.0,0.067
362,-1,1592.8,562.9,52.7,113.7,0.064
363,-1,1104.9,369.9,147.7,395.8,0.999
363,-1,1740.8,392.3,107.2,324.6,0.999
363,-1,1521.7,401.6,125.8,305.8,0.998
363,-1,1425.4,410.1,113.1,295.0,0.995
363,-1,2.6,296.1,179.6,689.2,0.991
363,-1,1821.6,412.5,67.1,228.8,0.988
363,-1,1660.6,429.0,91.5,229.3,0.982
363,-1,124.6,528.2,71.4,214.6,0.973
363,-1,1585.2,391.2,96.3,273.3,0.943
363,-1,1726.0,522.0,75.5,215.8,0.926
363,-1,0.7,244.0,43.3,468.0,0.882
363,-1,1243.3,357.3,103.9,116.1,0.831
363,-1,1415.7,406.0,69.0,286.1,0.792
363,-1,246.9,517.1,53.2,57.2,0.751
363,-1,31.3,502.8,81.0,201.1,0.494
363,-1,1623.8,421.7,24.0,32.7,0.436
363,-1,249.0,515.4,56.9,152.4,0.391
363,-1,14.2,500.5,114.8,407.1,0.310
363,-1,694.5,348.3,88.3,408.8,0.264
363,-1,1416.1,396.1,61.7,151.7,0.203
363,-1,1792.9,417.1,70.6,249.5,0.178
363,-1,1586.8,395.2,71.5,125.8,0.175
363,-1,1697.8,411.9,104.6,270.6,0.165
363,-1,0.0,264.1,91.6,456.2,0.163
363,-1,29.8,498.0,80.0,84.5,0.161
363,-1,19.2,768.5,160.2,204.5,0.154
363,-1,950.3,485.8,90.6,229.4,0.138
363,-1,570.6,401.3,51.1,107.0,0.096
363,-1,0.8,455.4,61.2,252.9,0.096
363,-1,74.9,512.7,106.7,236.0,0.089
363,-1,43.4,566.8,65.3,94.1,0.055
363,-1,33.8,862.1,143.1,118.4,0.051
363,-1,1593.1,559.1,56.8,118.7,0.051
364,-1,1101.2,368.8,151.3,399.4,0.999
364,-1,1524.9,402.5,124.2,306.9,0.999
364,-1,1744.1,390.1,107.4,328.0,0.998
364,-1,1428.0,408.7,106.3,299.1,0.995
364,-1,1727.2,520.1,68.1,215.9,0.989
364,-1,2.7,250.1,183.8,737.7,0.989
364,-1,1666.5,427.1,87.2,236.7,0.982
364,-1,120.6,522.9,76.6,219.6,0.979
364,-1,1831.0,415.5,64.6,218.4,0.978
364,-1,1589.6,391.5,95.2,274.0,0.977
364,-1,0.0,240.1,78.7,539.4,0.963
364,-1,1248.8,357.1,99.1,115.7,0.831
364,-1,1418.1,401.8,64.6,259.6,0.797
364,-1,246.3,516.9,51.6,56.0,0.759
364,-1,697.2,359.8,88.9,390.4,0.421
364,-1,46.7,501.2,65.8,193.7,0.414
364,-1,247.1,517.1,49.3,157.1,0.388
364,-1,1628.4,420.8,22.4,31.0,0.373
364,-1,926.7,510.7,41.2,119.3,0.283
364,-1,1434.0,394.5,48.8,80.3,0.246
364,-1,1590.3,394.2,80.2,141.9,0.200
364,-1,46.4,499.5,65.1,86.4,0.151
364,-1,5.6,492.4,151.0,434.2,0.141
364,-1,34.3,860.2,143.7,121.5,0.095
364,-1,11.8,487.8,90.0,217.8,0.082
364,-1,3.9,318.9,57.8,304.1,0.071
364,-1,571.6,399.4,48.9,104.4,0.071
364,-1,1.3,683.8,175.6,301.9,0.061
364,-1,60.3,510.6,102.0,215.7,0.059
364,-1,1615.4,502.7,45.9,169.6,0.052
365,-1,1101.4,366.6,150.9,403.4,0.999
365,-1,1528.7,406.8,122.1,304.7,0.998
365,-1,1434.3,406.0,102.8,298.9,0.995
365,-1,0.0,239.5,196.8,746.6,0.994
365,-1,1750.3,391.5,117.3,319.6,0.993
365,-1,0.0,233.5,106.8,473.5,0.992
365,-1,1726.2,523.1,90.3,213.9,0.991
365,-1,1670.5,421.3,87.7,241.7,0.987
365,-1,1595.1,390.1,90.9,286.4,0.976
365,-1,1822.2,405.0,82.6,234.4,0.963
365,-1,1420.7,394.4,76.0,292.3,0.948
365,-1,116.7,532.0,74.3,204.9,0.935
365,-1,1242.6,358.5,104.7,115.0,0.843
365,-1,246.6,516.4,51.0,55.0,0.797
365,-1,924.3,517.5,45.0,112.6,0.496
365,-1,1634.3,412.1,50.6,245.6,0.432
365,-1,249.1,514.8,56.5,153.5,0.419
365,-1,1631.4,419.4,23.1,30.1,0.329
365,-1,1426.3,394.3,61.5,83.8,0.275
365,-1,1747.5,444.9,72.5,261.3,0.264
365,-1,1422.8,396.0,64.7,164.9,0.239
365,-1,1802.3,405.3,75.2,287.3,0.204
365,-1,573.0,401.1,48.1,107.7,0.117
365,-1,1595.2,392.8,73.5,150.9,0.102
365,-1,1693.5,488.4,101.9,229.8,0.102
365,-1,49.9,512.3,143.5,415.6,0.094
365,-1,694.1,363.9,94.0,383.1,0.084
365,-1,1829.9,408.6,67.8,128.7,0.077
365,-1,38.3,856.9,140.2,124.3,0.067
366,-1,1098.4,368.7,156.3,402.1,0.999
366,-1,1441.2,407.9,98.9,295.5,0.997
366,-1,1536.0,406.0,119.6,305.9,0.996
366,-1,1.0,218.0,180.8,761.8,0.996
366,-1,1761.7,390.3,115.0,322.9,0.989
366,-1,1730.8,512.1,99.2,222.3,0.985
366,-1,1423.0,395.1,71.6,287.7,0.977
366,-1,1598.9,386.3,90.8,280.1,0.977
366,-1,1672.0,426.3,90.9,235.2,0.975
366,-1,0.8,239.1,129.9,485.4,0.972
366,-1,1829.3,407.4,77.7,207.0,0.930
366,-1,120.1,530.3,70.3,153.8,0.889
366,-1,924.9,519.1,33.1,110.9,0.885
366,-1,246.6,516.7,49.9,53.9,0.801
366,-1,1247.8,359.6,98.2,113.1,0.800
366,-1,1749.4,398.2,83.1,253.0,0.769
366,-1,0.0,583.9,178.2,389.0,0.675
366,-1,246.5,516.4,49.6,158.0,0.475
366,-1,1634.5,417.9,23.7,31.0,0.416
366,-1,0.0,665.4,49.7,211.2,0.228
366,-1,695.1,366.3,90.0,383.4,0.134
366,-1,1634.1,417.4,58.5,176.9,0.120
366,-1,572.8,399.9,48.0,108.5,0.107
366,-1,1428.7,396.0,62.7,93.7,0.078
367,-1,6.9,237.9,172.7,734.7,1.000
367,-1,1100.8,365.4,150.5,405.5,1.000
367,-1,1540.9,406.4,130.7,298.5,0.998
367,-1,1732.7,522.6,113.8,217.9,0.997
367,-1,1446.1,405.6,102.6,297.3,0.995
367,-1,1751.2,391.5,149.7,325.2,0.988
367,-1,923.5,518.0,33.4,111.3,0.978
367,-1,1603.3,388.3,88.7,272.8,0.975
367,-1,1672.4,424.9,96.9,236.0,0.970
367,-1,1425.2,390.3,61.5,206.2,0.939
367,-1,1833.9,406.5,70.9,186.9,0.920
367,-1,1246.7,357.3,100.5,115.4,0.822
367,-1,246.0,516.7,49.7,54.7,0.801
367,-1,129.9,528.4,58.0,150.7,0.400
367,-1,247.7,522.6,53.3,113.6,0.396
367,-1,1755.9,393.6,84.8,234.9,0.260
367,-1,1639.7,416.9,24.0,30.8,0.227
367,-1,975.9,527.7,65.3,184.9,0.073
367,-1,1604.4,391.2,69.8,131.2,0.068
367,-1,1708.7,440.1,66.7,190.3,0.058
367,-1,4.4,270.9,47.0,120.4,0.052
367,-1,1808.4,426.3,86.6,267.9,0.051
368,-1,1099.1,360.5,152.7,413.2,1.000
368,-1,13.4,229.4,184.1,749.2,0.999
368,-1,1606.0,385.4,86.3,268.4,0.998
368,-1,1542.2,407.8,132.1,296.8,0.998
368,-1,1453.0,403.5,101.5,302.8,0.995
368,-1,923.5,518.2,37.4,112.4,0.994
368,-1,1730.6,518.2,121.4,221.3,0.991
368,-1,1760.8,392.3,147.9,327.5,0.990
368,-1,1674.8,422.8,98.4,238.0,0.980
368,-1,1432.2,395.8,70.8,296.1,0.979
368,-1,1837.2,411.0,68.7,164.4,0.874
368,-1,963.5,487.7,70.9,220.2,0.863
368,-1,246.3,516.5,49.9,55.1,0.792
368,-1,1248.3,358.0,98.2,115.5,0.790
368,-1,248.2,521.8,54.2,130.9,0.418
368,-1,1722.7,433.6,56.8,211.0,0.247
368,-1,1641.7,413.4,98.2,246.0,0.193
368,-1,1641.4,414.1,22.2,24.1,0.187
368,-1,1760.3,392.7,89.0,227.0,0.129
368,-1,1823.0,427.9,82.1,253.9,0.123
368,-1,25.9,262.7,48.9,124.3,0.099
368,-1,1421.4,412.4,59.0,221.2,0.065
368,-1,1892.5,445.2,18.6,49.6,0.058
368,-1,692.5,374.7,88.6,377.9,0.053
368,-1,20.7,236.3,163.6,421.7,0.053
368,-1,1418.4,524.1,46.1,71.2,0.052
369,-1,27.7,233.0,204.2,750.4,1.000
369,-1,1096.6,357.5,152.6,409.5,0.999
369,-1,1547.1,414.8,126.6,292.9,0.998
369,-1,1739.3,523.2,119.8,218.4,0.997
369,-1,1465.8,411.1,93.8,286.8,0.994
369,-1,1764.2,387.1,148.6,331.3,0.993
369,-1,1607.9,384.0,83.3,266.4,0.992
369,-1,920.6,518.6,41.6,111.7,0.991
369,-1,1431.8,397.0,70.9,294.8,0.990
369,-1,1682.5,428.5,76.0,231.5,0.971
369,-1,962.3,483.4,76.6,224.0,0.813
369,-1,1242.5,358.1,104.3,115.8,0.792
369,-1,246.2,516.9,48.9,55.0,0.768
369,-1,1838.5,412.4,64.8,150.9,0.692
369,-1,1726.2,444.8,56.4,201.0,0.387
369,-1,1648.8,419.5,19.5,22.7,0.349
369,-1,1757.6,393.5,101.6,232.6,0.259
369,-1,251.9,518.0,42.3,146.5,0.258
369,-1,1648.6,419.4,26.1,39.2,0.181
369,-1,1613.0,388.7,69.3,132.8,0.177
369,-1,1830.1,420.3,77.3,264.2,0.175
369,-1,1436.1,395.9,63.0,160.6,0.144
369,-1,246.2,522.4,73.8,95.7,0.112
369,-1,45.3,267.4,49.1,125.5,0.101
369,-1,1438.3,397.5,59.9,79.1,0.089
369,-1,1891.9,444.2,19.2,30.1,0.074
369,-1,1423.3,527.6,42.6,64.5,0.069
369,-1,1697.4,441.6,122.6,251.2,0.052
369,-1,694.1,374.7,88.1,373.1,0.050
370,-1,1096.3,356.8,151.1,414.7,1.000
370,-1,39.6,245.9,273.9,729.2,0.999
370,-1,1554.5,410.3,123.1,296.3,0.999
370,-1,1742.3,523.8,121.9,218.0,0.997
370,-1,1431.5,398.8,69.1,286.8,0.996
370,-1,1755.7,393.4,164.3,332.4,0.996
370,-1,1463.2,407.5,103.4,291.6,0.996
370,-1,921.9,518.5,34.4,112.6,0.995
370,-1,1618.2,388.1,78.2,240.6,0.974
370,-1,1683.3,430.6,78.1,228.8,0.969
370,-1,246.0,517.4,48.7,54.1,0.748
370,-1,1242.1,358.8,105.1,114.7,0.736
370,-1,1831.1,414.5,88.3,302.3,0.715
370,-1,1841.0,409.8,61.2,95.5,0.578
370,-1,1749.4,393.2,109.3,231.0,0.503
370,-1,966.3,493.9,76.6,215.5,0.312
370,-1,249.9,517.4,43.8,144.4,0.270
370,-1,1724.6,448.0,67.9,184.2,0.263
370,-1,1842.3,413.1,38.0,42.5,0.231
370,-1,1802.8,401.7,101.0,221.1,0.208
370,-1,71.8,273.0,54.9,118.7,0.142
370,-1,245.5,521.2,74.9,109.2,0.129
370,-1,61.6,243.5,181.0,507.0,0.061
370,-1,572.1,401.0,49.5,106.1,0.061
370,-1,1895.1,444.8,16.0,23.1,0.060
371,-1,1093.3,357.5,152.7,416.5,1.000
371,-1,1553.8,406.6,123.7,299.2,0.998
371,-1,46.1,252.7,326.2,719.0,0.998
371,-1,1758.1,520.5,111.8,220.3,0.997
371,-1,1460.5,412.3,108.7,287.9,0.997
371,-1,921.3,517.8,34.9,112.1,0.995
371,-1,1435.5,400.0,68.3,287.2,0.993
371,-1,1764.9,390.8,151.8,336.3,0.984
371,-1,1622.5,388.1,75.2,275.0,0.980
371,-1,1684.5,427.4,103.9,237.5,0.958
371,-1,1249.0,356.7,98.6,116.3,0.798
371,-1,245.5,516.9,49.3,56.7,0.719
371,-1,73.8,251.1,199.6,517.0,0.444
371,-1,1842.7,410.9,63.1,88.0,0.434
371,-1,1749.6,460.1,48.8,183.5,0.434
371,-1,246.6,519.8,51.9,128.2,0.395
371,-1,27.0,578.7,67.2,169.0,0.364
371,-1,1745.7,397.9,120.2,248.0,0.355
371,-1,1841.7,410.9,67.8,173.8,0.337
371,-1,1621.5,389.0,69.5,151.8,0.312
371,-1,1895.3,444.6,16.7,28.5,0.228
371,-1,1834.8,410.1,82.9,298.6,0.223
371,-1,1654.4,422.4,25.5,27.3,0.190
371,-1,92.0,277.8,52.2,119.1,0.118
371,-1,21.8,584.8,64.2,80.3,0.116
371,-1,961.3,481.5,88.7,229.2,0.095
371,-1,6.9,501.5,93.2,86.9,0.095
371,-1,11.4,506.6,94.7,171.7,0.093
371,-1,572.4,402.1,49.4,104.6,0.063
371,-1,1840.9,415.0,30.3,49.7,0.054
372,-1,1083.3,357.3,153.1,420.5,0.999
372,-1,39.7,261.4,387.0,707.1,0.999
372,-1,1567.8,407.3,121.3,294.1,0.997
372,-1,1460.2,412.2,113.7,287.1,0.997
372,-1,1774.4,523.8,94.6,217.7,0.990
372,-1,1692.0,428.9,71.2,229.9,0.987
372,-1,1440.8,402.6,72.2,278.7,0.982
372,-1,1830.9,399.0,89.1,328.0,0.972
372,-1,917.9,515.7,36.2,115.3,0.968
372,-1,1630.0,383.7,74.0,292.7,0.967
372,-1,1759.4,450.2,48.2,184.9,0.921
372,-1,1774.9,393.8,117.0,316.7,0.900
372,-1,1252.6,358.0,94.6,114.4,0.729
372,-1,60.9,629.1,51.9,119.7,0.725
372,-1,28.7,574.4,81.2,176.0,0.551
372,-1,92.6,259.4,214.2,549.2,0.535
372,-1,1781.3,391.4,85.5,201.3,0.359
372,-1,1844.7,405.4,63.4,89.4,0.249
372,-1,1628.4,386.6,66.6,136.5,0.162
372,-1,16.0,515.9,108.1,181.4,0.158
372,-1,1842.8,411.2,60.5,163.2,0.138
372,-1,120.1,289.9,54.9,124.3,0.128
372,-1,7.3,501.1,98.0,88.2,0.121
372,-1,1501.4,413.6,64.8,71.3,0.112
372,-1,1894.3,444.0,17.1,28.5,0.095
372,-1,195.9,482.0,234.6,425.8,0.064
372,-1,570.9,400.8,50.5,107.1,0.050
373,-1,1080.9,359.1,151.9,419.9,1.000
373,-1,39.7,267.4,415.9,702.1,0.999
373,-1,1573.6,405.6,123.0,294.1,0.997
373,-1,1467.2,417.9,113.7,276.8,0.994
373,-1,1788.0,520.2,88.5,220.4,0.989
373,-1,1446.3,403.4,70.0,279.0,0.987
373,-1,1818.9,393.8,100.5,332.9,0.987
373,-1,917.5,516.7,34.2,112.7,0.983
373,-1,1689.3,426.0,86.6,233.6,0.959
373,-1,1631.4,390.4,84.2,281.6,0.951
373,-1,1760.1,451.5,52.6,185.2,0.916
373,-1,51.3,585.0,57.5,164.8,0.852
373,-1,1251.4,356.4,96.6,115.8,0.792
373,-1,1630.8,389.5,67.5,161.1,0.743
373,-1,118.1,265.6,216.2,522.3,0.696
373,-1,1784.8,393.2,92.0,222.9,0.692
373,-1,19.7,513.0,91.3,248.1,0.366
373,-1,1848.5,406.9,58.8,82.2,0.242
373,-1,1847.4,403.6,64.4,199.1,0.180
373,-1,1756.8,410.8,96.1,234.2,0.149
373,-1,1664.7,419.2,24.6,29.6,0.140
373,-1,24.0,575.9,85.5,91.1,0.096
373,-1,39.0,501.4,70.1,81.3,0.072
373,-1,1895.4,444.0,16.7,30.2,0.070
373,-1,205.7,532.8,247.6,368.9,0.065
374,-1,1077.6,360.1,154.2,421.8,0.999
374,-1,41.8,268.0,420.5,696.2,0.999
374,-1,1579.9,404.0,115.7,294.2,0.998
374,-1,1475.5,416.4,109.0,279.6,0.996
374,-1,1793.3,518.1,97.4,224.9,0.988
374,-1,1449.4,404.7,73.4,280.8,0.987
374,-1,1694.6,429.3,78.4,224.3,0.966
374,-1,1796.7,389.3,114.2,319.3,0.958
374,-1,1635.5,389.7,80.1,290.8,0.952
374,-1,1762.2,449.8,54.1,189.5,0.943
374,-1,915.3,515.3,36.4,111.8,0.892
374,-1,1850.9,402.3,69.1,324.3,0.888
374,-1,59.8,572.3,52.3,179.8,0.875
374,-1,1794.5,389.2,90.2,200.5,0.869
374,-1,1247.0,358.3,101.4,113.2,0.830
374,-1,1635.6,390.3,63.0,154.4,0.740
374,-1,17.7,532.9,93.2,222.1,0.705
374,-1,108.5,270.5,232.4,618.6,0.360
374,-1,159.0,297.6,54.4,113.6,0.304
374,-1,1850.2,409.9,60.0,77.2,0.272
374,-1,1661.4,440.9,65.3,224.4,0.258
374,-1,84.9,521.7,82.3,229.4,0.181
374,-1,120.3,531.0,44.4,195.4,0.144
374,-1,1850.9,410.4,56.6,178.3,0.133
374,-1,16.8,582.4,90.5,112.8,0.127
374,-1,1724.7,440.2,75.6,188.9,0.117
374,-1,15.7,498.8,86.8,83.0,0.105
374,-1,1856.8,416.4,15.1,27.3,0.079
374,-1,1665.7,548.2,61.7,121.3,0.072
374,-1,120.0,301.4,89.6,376.8,0.069
374,-1,3.0,501.2,76.9,289.8,0.069
374,-1,95.6,580.8,55.3,158.5,0.064
374,-1,1763.3,448.1,44.3,56.1,0.061
375,-1,1075.9,362.2,152.5,423.3,0.999
375,-1,1585.7,404.0,114.7,294.4,0.999
375,-1,52.2,273.0,428.3,687.2,0.999
375,-1,1470.3,418.8,120.1,275.8,0.995
375,-1,1810.1,525.8,98.0,211.7,0.986
375,-1,1801.4,387.6,117.3,264.5,0.985
375,-1,1450.0,401.4,68.5,276.8,0.978
375,-1,1695.7,428.8,81.3,225.8,0.970
375,-1,1766.1,449.6,56.9,183.4,0.966
375,-1,917.1,516.6,33.1,108.2,0.918
375,-1,119.3,528.1,72.1,215.6,0.911
375,-1,29.1,554.4,80.3,197.2,0.871
375,-1,1646.7,391.9,77.1,272.2,0.865
375,-1,1643.7,394.3,55.8,112.1,0.857
375,-1,1245.5,356.7,103.4,116.2,0.805
375,-1,1728.2,441.5,89.3,202.1,0.639
375,-1,1861.5,453.9,58.5,261.8,0.611
375,-1,41.6,518.7,138.8,231.9,0.245
375,-1,1850.2,406.5,68.6,224.8,0.217
375,-1,12.4,498.8,91.2,83.6,0.139
375,-1,155.1,271.0,221.2,621.9,0.128
375,-1,1668.2,489.7,65.5,174.2,0.106
375,-1,4.4,508.5,103.1,183.9,0.093
375,-1,3.6,544.9,75.1,228.1,0.061
375,-1,24.1,574.9,84.1,99.5,0.051
376,-1,1074.1,359.9,151.4,426.7,1.000
376,-1,73.3,271.5,404.2,684.3,0.999
376,-1,1586.9,404.1,115.1,294.6,0.999
376,-1,1477.7,419.5,119.1,274.7,0.998
376,-1,1806.7,515.8,111.8,222.3,0.996
376,-1,1455.9,401.8,59.1,263.3,0.982
376,-1,1768.2,448.1,57.9,192.4,0.978
376,-1,1700.0,428.7,71.7,222.1,0.969
376,-1,1806.4,387.9,112.3,228.4,0.968
376,-1,121.2,536.1,77.6,204.7,0.968
376,-1,915.6,515.4,33.8,110.3,0.967
376,-1,42.7,541.3,68.3,209.9,0.919
376,-1,1647.4,391.3,94.9,267.2,0.907
376,-1,1647.3,397.2,58.8,169.3,0.808
376,-1,1246.5,357.7,103.1,115.6,0.784
376,-1,1868.2,459.6,51.8,212.4,0.630
376,-1,71.9,532.0,111.7,212.8,0.408
376,-1,1908.7,451.3,11.3,30.7,0.309
376,-1,1734.1,445.7,72.0,179.1,0.201
376,-1,176.7,275.1,217.5,613.7,0.196
376,-1,891.8,527.0,21.1,67.9,0.130
376,-1,1906.5,450.3,13.5,59.8,0.111
376,-1,1900.6,445.9,17.2,32.5,0.071
376,-1,1780.4,419.5,105.0,216.8,0.063
376,-1,1878.2,476.3,41.8,106.0,0.058
376,-1,2.7,502.7,104.1,231.4,0.057
376,-1,14.4,498.9,88.6,80.4,0.055
376,-1,1865.4,441.7,53.0,65.5,0.053
377,-1,1063.0,354.6,156.6,440.9,0.999
377,-1,136.7,270.6,340.3,677.1,0.999
377,-1,1482.2,416.0,112.7,276.7,0.998
377,-1,1590.7,401.4,130.7,296.6,0.998
377,-1,1815.7,520.6,104.3,224.1,0.996
377,-1,1812.7,380.0,107.3,271.8,0.986
377,-1,1457.6,401.0,58.9,252.7,0.984
377,-1,1707.7,422.7,70.8,229.3,0.982
377,-1,910.2,517.5,38.5,114.9,0.971
377,-1,1772.5,450.7,56.5,186.5,0.963
377,-1,1653.3,392.6,79.8,275.5,0.960
377,-1,119.7,527.9,72.9,215.4,0.940
377,-1,40.1,546.9,65.8,202.1,0.837
377,-1,1246.8,354.9,102.6,117.9,0.781
377,-1,985.1,487.3,54.7,201.8,0.540
377,-1,1871.8,395.0,48.2,241.5,0.534
377,-1,1653.6,395.6,58.8,119.0,0.520
377,-1,2.6,501.5,112.7,261.3,0.505
377,-1,975.2,523.3,31.9,81.4,0.466
377,-1,52.8,521.4,126.6,229.4,0.411
377,-1,1881.6,485.5,38.4,125.4,0.324
377,-1,236.2,274.4,181.9,577.6,0.171
377,-1,573.4,398.5,48.6,106.6,0.121
377,-1,1731.6,440.6,71.4,182.7,0.113
377,-1,15.7,499.1,88.2,81.8,0.072
377,-1,970.3,559.2,36.7,43.8,0.055
377,-1,1768.8,539.5,18.5,70.1,0.053
378,-1,174.5,271.4,302.3,659.3,0.999
378,-1,1057.5,353.4,156.4,436.9,0.999
378,-1,1820.0,523.3,100.0,219.3,0.999
378,-1,1486.9,413.2,107.9,275.5,0.999
378,-1,1593.2,402.4,128.4,294.8,0.997
378,-1,1709.1,427.2,67.4,229.4,0.990
378,-1,1460.5,400.9,65.2,273.4,0.988
378,-1,1817.8,379.9,102.2,234.6,0.984
378,-1,1647.2,397.9,88.1,278.1,0.982
378,-1,910.8,518.6,36.9,110.3,0.968
378,-1,1773.6,451.4,55.9,187.0,0.966
378,-1,123.7,529.3,68.8,215.1,0.940
378,-1,52.3,566.5,57.5,182.8,0.877
378,-1,246.6,516.9,42.7,59.4,0.841
378,-1,1246.5,356.3,104.3,117.4,0.820
378,-1,268.9,274.1,160.7,532.6,0.683
378,-1,1866.7,388.2,53.3,220.0,0.597
378,-1,3.6,445.7,111.6,308.6,0.588
378,-1,1657.3,395.0,59.0,132.6,0.551
378,-1,0.0,416.9,50.1,81.7,0.359
378,-1,51.4,523.6,128.6,224.4,0.308
378,-1,982.2,521.3,25.4,72.7,0.271
378,-1,266.5,517.3,24.8,51.8,0.263
378,-1,1882.9,452.2,37.1,154.8,0.172
378,-1,573.8,400.2,48.4,104.6,0.148
378,-1,0.5,420.8,51.7,168.8,0.098
378,-1,1.9,427.0,58.1,341.6,0.095
378,-1,885.0,506.5,28.1,108.5,0.077
378,-1,5.2,538.9,86.8,196.8,0.065
378,-1,999.0,486.4,41.9,201.8,0.061
378,-1,245.4,517.5,45.9,152.0,0.051
379,-1,1051.3,349.8,163.8,443.6,0.999
379,-1,1597.8,405.2,121.0,294.0,0.998
379,-1,208.0,270.1,273.6,650.1,0.998
379,-1,1824.2,526.4,95.8,219.2,0.998
379,-1,1488.1,414.4,102.2,274.5,0.998
379,-1,1463.6,400.0,65.8,279.2,0.994
379,-1,1821.8,378.8,98.2,239.4,0.989
379,-1,909.9,517.6,39.0,116.1,0.981
379,-1,1710.5,424.7,66.2,230.5,0.979
379,-1,126.7,528.4,65.0,214.0,0.972
379,-1,1662.4,387.6,73.1,283.6,0.967
379,-1,1778.2,453.1,54.1,186.6,0.963
379,-1,51.0,577.6,56.9,172.2,0.824
379,-1,247.0,517.6,46.7,57.4,0.791
379,-1,1247.7,353.5,100.8,118.6,0.761
379,-1,977.6,518.1,30.6,80.5,0.731
379,-1,288.5,276.4,164.5,534.3,0.662
379,-1,7.3,514.5,101.7,239.8,0.633
379,-1,1672.8,407.2,125.4,256.6,0.525
379,-1,1660.0,394.6,62.7,136.6,0.433
379,-1,1873.1,388.8,46.9,181.8,0.313
379,-1,1003.3,491.3,32.3,119.3,0.206
379,-1,249.1,517.6,47.0,146.0,0.198
379,-1,47.4,515.9,106.2,241.4,0.190
379,-1,1735.5,436.9,82.0,205.8,0.174
379,-1,1884.3,433.3,35.7,117.2,0.149
379,-1,1.5,414.5,69.6,97.9,0.144
379,-1,571.8,399.6,50.5,106.0,0.117
379,-1,1893.3,437.5,26.7,288.1,0.082
379,-1,268.7,516.9,37.5,56.7,0.078
379,-1,1423.3,524.0,52.7,68.1,0.066
380,-1,1039.1,346.2,168.4,448.3,0.999
380,-1,280.7,274.0,201.8,640.7,0.999
380,-1,1468.6,401.5,57.3,274.2,0.999
380,-1,1494.4,411.5,90.5,277.0,0.999
380,-1,1602.3,405.9,123.5,292.1,0.999
380,-1,1828.8,376.2,91.2,274.7,0.988
380,-1,1668.5,393.4,69.7,277.8,0.978
380,-1,910.2,518.0,37.6,117.1,0.973
380,-1,1719.8,430.6,72.4,217.2,0.972
380,-1,1852.2,523.8,67.8,220.7,0.954
380,-1,126.2,534.3,65.1,209.2,0.950
380,-1,1779.8,453.6,54.3,182.3,0.934
380,-1,246.4,516.6,48.7,55.2,0.885
380,-1,50.4,569.6,58.7,181.5,0.842
380,-1,4.5,538.0,104.9,206.7,0.687
380,-1,1250.0,354.1,97.9,118.3,0.678
380,-1,972.1,522.1,37.6,77.9,0.664
380,-1,987.0,521.6,23.9,54.6,0.498
380,-1,247.9,515.1,54.0,154.4,0.471
380,-1,12.1,412.4,84.9,95.3,0.428
380,-1,28.6,532.5,136.6,217.6,0.175
380,-1,982.0,523.7,19.0,55.3,0.089
380,-1,565.2,398.6,56.2,106.2,0.062
380,-1,1880.6,391.8,39.4,133.2,0.060
380,-1,4.2,610.9,63.2,164.9,0.057
380,-1,1150.8,401.9,52.2,241.4,0.055
381,-1,1036.2,342.7,166.4,452.2,0.999
381,-1,320.7,279.0,176.7,635.7,0.999
381,-1,1498.0,411.4,85.3,276.2,0.999
381,-1,1606.2,412.6,108.0,285.0,0.997
381,-1,1467.1,400.7,62.7,277.7,0.997
381,-1,1874.3,523.6,45.7,220.9,0.993
381,-1,1834.4,376.4,85.0,273.7,0.993
381,-1,1669.7,393.0,75.1,273.7,0.987
381,-1,909.6,517.7,38.7,115.7,0.980
381,-1,1721.5,427.2,83.0,223.7,0.962
381,-1,1781.5,455.6,59.9,180.7,0.942
381,-1,117.8,514.6,75.7,229.3,0.929
381,-1,246.2,516.5,48.3,55.4,0.918
381,-1,21.0,545.1,88.6,206.9,0.851
381,-1,1250.0,354.9,97.6,117.1,0.699
381,-1,180.5,532.5,52.3,50.9,0.590
381,-1,249.0,515.6,50.3,154.0,0.570
381,-1,973.3,521.9,39.7,78.6,0.530
381,-1,990.7,522.4,21.0,44.6,0.361
381,-1,41.4,526.7,137.7,219.0,0.196
381,-1,38.5,500.6,70.3,81.7,0.089
381,-1,1416.7,520.2,59.0,72.0,0.089
381,-1,1894.6,455.2,25.4,72.1,0.083
381,-1,211.7,538.4,23.4,40.2,0.081
381,-1,1824.5,485.0,17.1,64.5,0.074
381,-1,1872.0,386.2,48.0,152.3,0.058
381,-1,693.6,351.5,86.2,409.4,0.058
381,-1,6.7,451.1,104.7,354.3,0.053
381,-1,568.7,400.2,52.4,106.6,0.052
382,-1,1043.1,341.1,155.1,447.7,0.999
382,-1,354.1,275.9,159.5,635.1,0.999
382,-1,1502.7,412.4,80.2,275.9,0.999
382,-1,1616.8,410.2,118.2,286.5,0.997
382,-1,1469.6,400.5,62.9,278.4,0.996
382,-1,1838.8,373.1,80.2,346.4,0.995
382,-1,1673.1,391.7,84.8,276.5,0.990
382,-1,1780.4,453.6,65.0,183.9,0.968
382,-1,1727.5,434.7,81.4,216.2,0.964
382,-1,905.9,519.0,40.1,113.6,0.950
382,-1,120.2,532.2,77.4,211.0,0.950
382,-1,247.2,516.5,46.5,55.3,0.874
382,-1,24.3,565.9,84.6,184.6,0.735
382,-1,182.1,533.5,49.9,49.5,0.728
382,-1,1883.1,475.2,36.9,269.8,0.705
382,-1,1246.7,356.0,100.3,115.5,0.666
382,-1,250.2,515.6,51.3,151.9,0.479
382,-1,974.9,521.8,31.9,80.0,0.429
382,-1,1167.4,509.6,46.6,135.9,0.195
382,-1,26.2,538.7,149.0,219.7,0.191
382,-1,8.3,501.6,106.3,208.7,0.119
382,-1,979.5,446.4,88.3,218.6,0.094
382,-1,1418.1,520.2,58.5,72.1,0.090
382,-1,693.4,351.8,87.0,408.5,0.084
382,-1,22.9,578.7,85.4,86.9,0.082
382,-1,1717.7,419.8,60.7,213.3,0.081
382,-1,1882.1,402.4,37.9,243.9,0.059
382,-1,1138.6,370.0,77.7,275.8,0.051
383,-1,368.3,284.2,176.5,624.1,1.000
383,-1,1034.6,341.2,154.0,456.5,0.999
383,-1,1620.0,412.2,111.2,284.4,0.998
383,-1,1505.1,415.7,86.3,271.7,0.997
383,-1,1842.7,372.4,77.3,355.8,0.996
383,-1,1474.3,400.2,60.8,278.0,0.996
383,-1,1674.6,391.4,92.9,273.3,0.990
383,-1,1728.7,426.3,82.1,226.5,0.966
383,-1,125.3,531.4,66.9,211.0,0.961
383,-1,903.7,518.7,42.0,114.6,0.946
383,-1,1786.7,453.9,60.6,183.9,0.941
383,-1,246.1,516.6,48.1,54.9,0.876
383,-1,23.8,544.3,85.9,205.4,0.776
383,-1,181.7,533.9,51.8,49.5,0.714
383,-1,1248.3,355.5,99.8,116.6,0.700
383,-1,251.1,516.7,49.4,148.8,0.423
383,-1,72.1,529.9,114.7,216.7,0.418
383,-1,1883.7,401.3,36.3,342.4,0.401
383,-1,1163.6,507.4,51.6,137.3,0.375
383,-1,1546.1,425.3,46.7,254.1,0.177
383,-1,1149.5,406.1,64.5,236.6,0.144
383,-1,23.7,573.7,85.3,90.2,0.116
383,-1,1418.5,518.1,64.0,76.9,0.103
383,-1,14.8,499.2,87.4,82.5,0.086
383,-1,214.0,541.5,22.0,37.2,0.073
383,-1,1647.3,400.7,100.5,208.0,0.067
383,-1,246.0,520.2,70.2,74.8,0.056
384,-1,376.9,283.5,206.3,620.0,0.999
384,-1,1022.3,339.6,172.1,459.6,0.999
384,-1,1843.4,379.9,76.6,356.1,0.998
384,-1,1617.3,410.7,113.5,283.3,0.997
384,-1,1507.0,417.7,88.3,267.9,0.996
384,-1,1480.3,400.2,59.2,277.2,0.995
384,-1,1678.6,390.1,97.3,271.0,0.994
384,-1,1786.3,452.8,64.9,185.6,0.967
384,-1,1731.2,427.9,81.0,223.4,0.954
384,-1,902.2,519.3,42.9,113.9,0.920
384,-1,116.0,519.8,80.0,223.4,0.903
384,-1,246.2,517.1,47.6,54.0,0.854
384,-1,67.2,409.2,125.4,333.2,0.700
384,-1,1248.8,355.0,99.1,116.4,0.683
384,-1,188.7,536.1,45.3,46.0,0.664
384,-1,28.9,573.1,80.3,178.1,0.566
384,-1,250.7,516.1,51.5,149.8,0.401
384,-1,1163.2,506.2,52.6,140.0,0.356
384,-1,18.2,461.5,114.2,287.9,0.270
384,-1,1135.4,376.0,79.5,271.2,0.261
384,-1,1513.4,408.6,25.6,57.0,0.242
384,-1,1416.8,517.2,64.7,76.4,0.159
384,-1,66.4,414.9,100.1,88.1,0.136
384,-1,693.9,355.4,85.4,403.7,0.136
384,-1,37.4,532.2,146.1,247.8,0.125
384,-1,246.6,522.4,72.8,88.7,0.081
384,-1,572.7,399.1,48.5,98.2,0.072
384,-1,1617.3,433.6,30.8,165.3,0.069
384,-1,1884.1,399.1,35.9,346.4,0.065
384,-1,23.3,582.7,84.9,79.4,0.050
385,-1,377.8,289.0,251.4,616.6,0.999
385,-1,1015.8,339.0,177.1,462.8,0.999
385,-1,1850.7,380.9,69.3,350.9,0.998
385,-1,1516.0,421.5,87.1,264.0,0.998
385,-1,1622.3,410.3,116.8,278.7,0.997
385,-1,1484.7,406.3,72.7,277.8,0.994
385,-1,1678.5,396.6,101.4,265.9,0.983
385,-1,1785.6,451.5,67.8,185.0,0.976
385,-1,119.4,525.1,68.5,217.1,0.969
385,-1,908.9,521.0,35.4,109.4,0.952
385,-1,1730.4,438.9,87.3,210.6,0.939
385,-1,1246.4,353.7,100.3,120.6,0.817
385,-1,245.9,517.1,47.9,54.3,0.815
385,-1,25.7,559.1,85.1,193.3,0.743
385,-1,1163.6,468.3,50.9,176.6,0.563
385,-1,250.1,516.0,54.1,152.3,0.397
385,-1,59.1,602.3,50.8,146.0,0.335
385,-1,19.8,497.1,131.1,256.9,0.218
385,-1,1416.2,518.1,63.6,74.2,0.172
385,-1,10.3,507.2,100.1,166.0,0.158
385,-1,23.0,572.7,87.4,89.9,0.134
385,-1,1701.7,502.9,48.6,159.7,0.114
385,-1,886.1,514.9,52.1,127.7,0.095
385,-1,1618.3,431.9,27.5,167.7,0.070
385,-1,574.2,401.5,46.2,105.5,0.067
385,-1,1149.0,381.8,70.3,270.3,0.061
385,-1,246.3,521.6,72.1,83.3,0.050
386,-1,1010.9,336.9,181.4,468.3,0.999
386,-1,376.6,297.1,259.6,604.7,0.999
386,-1,1628.4,407.5,113.5,281.1,0.998
386,-1,1514.6,421.4,91.5,263.1,0.998
386,-1,1856.0,382.9,64.0,344.5,0.998
386,-1,1491.4,406.8,56.5,267.6,0.988
386,-1,1787.7,453.2,69.6,180.5,0.985
386,-1,1682.1,395.3,99.2,267.0,0.971
386,-1,124.6,525.8,66.9,215.9,0.964
386,-1,1738.7,449.9,74.7,199.2,0.950
386,-1,909.1,522.9,38.0,107.0,0.841
386,-1,245.8,516.8,47.8,53.8,0.791
386,-1,1246.5,353.9,100.3,120.5,0.787
386,-1,1163.1,474.5,52.2,172.6,0.681
386,-1,28.3,560.9,81.3,192.0,0.593
386,-1,59.7,469.7,128.2,277.7,0.461
386,-1,249.6,515.1,52.6,156.0,0.373
386,-1,1686.7,388.4,117.6,166.0,0.359
386,-1,59.3,597.7,51.1,153.7,0.319
386,-1,1754.2,560.6,14.2,47.2,0.234
386,-1,1415.8,518.3,65.4,76.4,0.205
386,-1,10.2,498.9,99.7,171.7,0.188
386,-1,520.3,398.3,120.5,450.8,0.184
386,-1,1695.2,443.6,56.1,221.2,0.116
386,-1,572.9,401.2,48.2,105.9,0.114
386,-1,1742.4,439.4,62.4,101.8,0.111
386,-1,246.5,522.6,75.4,95.8,0.066
386,-1,10.1,497.6,95.3,88.0,0.064
386,-1,24.6,575.8,84.1,88.0,0.063
386,-1,1619.7,461.1,15.6,135.4,0.055
386,-1,1849.2,447.0,43.0,188.2,0.054
387,-1,379.0,303.9,265.4,595.2,0.999
387,-1,1008.1,339.8,184.7,469.1,0.999
387,-1,1523.9,423.5,84.6,259.8,0.999
387,-1,1859.6,381.9,60.4,345.2,0.998
387,-1,1638.9,405.4,109.4,283.1,0.998
387,-1,1496.6,406.6,64.5,274.6,0.986
387,-1,125.2,525.9,65.7,216.3,0.982
387,-1,1791.3,451.9,66.5,182.4,0.977
387,-1,1687.0,396.0,95.1,269.4,0.969
387,-1,1733.1,438.4,80.5,211.0,0.943
387,-1,246.0,516.7,48.2,54.0,0.839
387,-1,1169.3,459.8,48.4,186.9,0.829
387,-1,1247.3,354.6,100.0,119.8,0.819
387,-1,1690.8,394.2,97.4,138.2,0.687
387,-1,90.8,424.2,99.7,325.5,0.659
387,-1,24.1,525.8,86.8,224.8,0.657
387,-1,903.4,524.9,44.3,111.5,0.542
387,-1,575.0,400.2,44.8,108.5,0.438
387,-1,53.5,588.7,55.5,162.1,0.418
387,-1,248.4,514.6,51.2,158.5,0.386
387,-1,1416.8,518.6,64.8,74.0,0.223
387,-1,128.5,419.1,75.6,135.1,0.202
387,-1,1747.1,435.5,60.4,112.9,0.176
387,-1,1708.2,468.7,45.7,196.0,0.165
387,-1,1758.5,564.4,16.6,44.9,0.163
387,-1,1746.9,436.3,28.0,34.0,0.152
387,-1,12.2,499.2,92.5,85.7,0.091
387,-1,28.2,508.6,154.4,244.7,0.062
387,-1,246.4,520.4,70.1,79.2,0.060
387,-1,23.8,554.7,85.8,108.2,0.051
388,-1,997.4,343.1,191.9,475.0,0.999
388,-1,383.5,307.8,287.5,586.7,0.999
388,-1,1526.3,421.8,79.1,260.5,0.998
388,-1,1640.1,404.9,110.7,283.0,0.997
388,-1,1864.2,378.0,55.8,346.4,0.997
388,-1,1742.5,435.5,66.0,212.7,0.989
388,-1,1499.4,406.7,64.9,276.4,0.987
388,-1,1166.8,456.2,49.6,189.6,0.979
388,-1,1693.9,395.5,118.1,250.9,0.977
388,-1,1796.6,452.4,68.2,181.1,0.975
388,-1,121.6,524.3,68.8,221.0,0.960
388,-1,23.9,518.0,87.0,233.9,0.834
388,-1,246.2,516.6,48.1,54.5,0.831
388,-1,1247.0,354.7,103.0,118.8,0.776
388,-1,575.3,404.0,46.4,105.7,0.646
388,-1,905.7,519.6,41.9,115.6,0.645
388,-1,1694.7,395.1,96.2,140.6,0.522
388,-1,249.1,515.0,50.6,155.9,0.378
388,-1,550.4,391.7,127.5,460.9,0.299
388,-1,1751.2,434.5,30.0,44.2,0.242
388,-1,1750.1,434.6,45.3,64.7,0.215
388,-1,1418.0,519.9,60.7,72.0,0.168
388,-1,1750.6,434.4,56.9,110.1,0.152
388,-1,14.5,499.6,88.8,83.0,0.103
388,-1,1508.8,405.3,50.7,127.9,0.081
388,-1,30.6,502.8,145.9,252.0,0.067
388,-1,463.3,310.9,159.7,488.5,0.059
388,-1,881.9,509.5,60.0,135.4,0.058
388,-1,246.0,519.6,68.9,76.4,0.058
389,-1,990.8,341.6,192.7,483.1,1.000
389,-1,395.3,308.6,284.6,581.4,0.999
389,-1,1641.4,405.4,113.3,283.7,0.998
389,-1,1872.2,380.7,47.8,342.1,0.998
389,-1,1520.7,418.7,84.3,265.5,0.997
389,-1,1505.3,407.0,66.7,276.9,0.994
389,-1,1800.0,455.4,65.1,173.5,0.984
389,-1,1698.6,396.2,100.5,246.4,0.962
389,-1,1745.2,432.8,64.1,212.2,0.953
389,-1,1169.4,455.8,50.2,191.2,0.939
389,-1,113.6,501.9,77.0,241.2,0.866
389,-1,22.3,524.0,88.7,228.0,0.824
389,-1,1247.4,354.6,103.4,119.0,0.768
389,-1,246.2,516.8,48.1,53.2,0.695
389,-1,580.9,390.6,39.9,168.3,0.474
389,-1,906.9,519.9,39.0,117.1,0.385
389,-1,1755.0,433.0,26.8,44.3,0.368
389,-1,250.0,515.2,51.5,154.2,0.348
389,-1,470.5,309.1,155.4,520.7,0.325
389,-1,1754.5,434.7,62.0,132.2,0.230
389,-1,110.1,427.4,117.1,317.3,0.197
389,-1,556.7,369.5,122.6,482.1,0.188
389,-1,1417.1,520.2,62.4,71.9,0.165
389,-1,152.6,420.1,78.6,149.3,0.133
389,-1,32.1,510.3,152.8,233.9,0.131
389,-1,1697.1,397.2,83.6,147.8,0.125
389,-1,1497.9,414.9,43.9,239.2,0.108
389,-1,32.3,499.2,74.8,83.9,0.061
389,-1,880.6,501.9,54.4,147.0,0.060
389,-1,1844.5,509.9,28.6,63.7,0.052
390,-1,982.7,341.6,199.3,480.4,1.000
390,-1,427.6,307.8,261.0,578.6,0.999
390,-1,1643.9,410.0,115.6,276.3,0.998
390,-1,1877.2,369.6,42.8,340.8,0.997
390,-1,1513.2,412.5,94.4,270.3,0.996
390,-1,1803.6,457.3,71.5,173.4,0.978
390,-1,1702.7,401.0,85.7,233.3,0.965
390,-1,1168.1,453.8,54.9,191.0,0.963
390,-1,1747.6,429.1,66.1,217.3,0.961
390,-1,96.5,503.4,95.2,240.6,0.920
390,-1,1252.8,354.3,93.3,118.7,0.783
390,-1,1503.1,402.5,62.6,274.2,0.783
390,-1,246.0,516.8,48.7,53.9,0.768
390,-1,21.8,518.0,90.0,231.5,0.725
390,-1,1512.8,405.0,56.0,157.5,0.381
390,-1,249.8,515.1,53.3,154.6,0.347
390,-1,174.5,429.7,61.0,104.8,0.256
390,-1,1756.6,433.2,71.2,125.9,0.181
390,-1,1417.3,518.1,63.5,75.9,0.163
390,-1,1756.3,432.7,28.5,50.3,0.124
390,-1,28.0,523.9,153.2,259.9,0.123
390,-1,501.7,310.5,157.6,468.0,0.088
390,-1,11.4,498.8,93.8,88.2,0.084
390,-1,1700.1,560.6,59.6,110.2,0.076
390,-1,246.5,520.1,69.5,85.4,0.066
390,-1,1706.3,456.5,59.2,207.1,0.059
390,-1,879.5,499.3,62.3,153.8,0.051
391,-1,978.3,337.8,202.0,482.3,1.000
391,-1,460.7,310.9,224.4,565.3,0.999
391,-1,1530.8,420.6,84.0,256.1,0.998
391,-1,1647.4,409.1,117.3,280.0,0.997
391,-1,1166.7,453.5,61.5,191.9,0.983
391,-1,1752.2,430.0,69.8,217.2,0.979
391,-1,1706.6,397.4,101.7,258.0,0.962
391,-1,1804.5,455.5,68.2,177.9,0.960
391,-1,1885.0,369.9,35.0,258.6,0.959
391,-1,121.7,533.4,72.3,207.1,0.940
391,-1,1512.3,399.9,60.8,259.4,0.922
391,-1,22.7,528.0,88.3,219.5,0.852
391,-1,245.9,517.1,50.3,54.0,0.797
391,-1,1252.0,354.3,94.0,119.3,0.786
391,-1,249.7,516.0,54.5,154.6,0.474
391,-1,60.2,518.2,126.7,229.6,0.453
391,-1,1759.3,431.8,76.1,111.3,0.261
391,-1,1417.6,519.5,64.4,73.6,0.166
391,-1,1847.1,494.0,29.1,81.0,0.146
391,-1,11.6,498.6,92.4,87.8,0.117
391,-1,245.7,521.2,70.9,90.0,0.116
391,-1,23.3,502.2,84.7,149.4,0.112
391,-1,1707.3,395.4,87.1,147.1,0.096
391,-1,1705.0,517.3,64.1,146.2,0.081
392,-1,978.8,333.6,199.4,491.0,1.000
392,-1,1651.5,413.8,121.5,272.7,0.999
392,-1,508.1,308.6,174.2,558.6,0.999
392,-1,1532.6,417.4,92.5,262.2,0.998
392,-1,1177.5,453.8,57.8,193.7,0.991
392,-1,1761.8,424.1,66.8,223.7,0.984
392,-1,1807.9,454.7,67.0,176.7,0.984
392,-1,1713.0,395.7,96.3,249.6,0.949
392,-1,117.6,527.7,84.7,219.2,0.948
392,-1,1521.5,405.0,52.4,230.9,0.890
392,-1,1891.5,371.7,28.5,238.1,0.878
392,-1,20.1,526.1,91.3,224.9,0.863
392,-1,246.0,516.9,48.5,54.0,0.817
392,-1,1247.9,355.3,98.8,118.4,0.787
392,-1,250.2,515.7,51.1,152.9,0.419
392,-1,1761.4,428.1,75.7,111.1,0.403
392,-1,1850.4,497.2,25.6,80.3,0.374
392,-1,1730.2,400.6,82.0,135.0,0.197
392,-1,58.6,505.2,122.0,243.8,0.163
392,-1,880.8,491.9,58.8,156.5,0.161
392,-1,1418.1,519.4,64.0,72.9,0.148
392,-1,13.0,498.7,89.9,86.4,0.126
392,-1,1903.9,368.8,16.1,66.5,0.117
392,-1,3.0,525.6,93.9,135.2,0.078
392,-1,246.4,521.1,70.4,93.0,0.077
392,-1,1882.7,449.6,33.6,103.6,0.077
392,-1,1.1,517.9,78.1,78.6,0.062
393,-1,974.4,325.0,195.2,493.6,1.000
393,-1,535.8,308.8,150.3,561.2,0.999
393,-1,1655.5,418.2,116.8,267.2,0.999
393,-1,1533.4,417.4,94.9,260.9,0.998
393,-1,1179.2,454.1,57.4,194.7,0.994
393,-1,1809.1,458.5,65.3,170.9,0.983
393,-1,1717.6,398.1,92.8,251.6,0.965
393,-1,118.8,528.8,83.7,215.0,0.955
393,-1,1763.4,422.5,67.5,227.1,0.942
393,-1,247.4,517.1,45.9,56.3,0.862
393,-1,23.6,537.8,86.0,209.5,0.861
393,-1,1897.6,426.9,22.4,123.2,0.850
393,-1,1248.6,354.5,98.2,119.9,0.832
393,-1,1527.3,396.5,52.4,264.6,0.795
393,-1,248.3,516.0,50.7,156.5,0.612
393,-1,1764.4,428.1,76.1,108.6,0.473
393,-1,1855.0,495.5,21.9,86.3,0.395
393,-1,1884.1,437.7,35.9,135.0,0.295
393,-1,880.8,491.8,64.0,158.8,0.182
393,-1,36.1,518.5,157.1,231.6,0.174
393,-1,1418.6,519.1,62.9,73.4,0.137
393,-1,7.0,502.3,102.5,152.0,0.123
393,-1,1733.4,400.6,81.9,134.5,0.105
393,-1,245.9,520.6,67.1,86.9,0.092
393,-1,11.6,498.6,93.5,88.1,0.082
393,-1,1848.7,452.2,38.0,125.6,0.079
394,-1,976.1,324.3,190.1,497.2,1.000
394,-1,552.6,298.8,148.3,563.8,0.999
394,-1,1665.1,413.0,108.6,274.6,0.999
394,-1,1537.2,408.5,99.3,271.6,0.998
394,-1,1182.1,454.3,57.1,193.6,0.997
394,-1,1810.0,453.7,65.4,178.4,0.979
394,-1,1722.1,396.5,87.4,246.3,0.964
394,-1,1762.5,422.2,78.7,223.7,0.953
394,-1,117.8,529.9,86.6,213.8,0.942
394,-1,25.3,539.4,84.2,208.4,0.846
394,-1,246.0,516.8,48.8,54.2,0.822
394,-1,1252.6,353.9,95.4,118.7,0.777
394,-1,1899.1,429.0,20.9,129.7,0.587
394,-1,1533.0,401.9,53.9,262.8,0.568
394,-1,249.9,515.8,50.8,154.3,0.438
394,-1,1856.0,490.9,21.0,90.0,0.314
394,-1,1765.9,428.4,76.8,112.4,0.234
394,-1,27.3,517.3,159.6,234.5,0.178
394,-1,1418.1,517.1,64.6,74.6,0.139
394,-1,245.9,519.8,67.1,78.7,0.062
394,-1,443.0,330.6,1285.5,503.6,0.054
394,-1,4.9,511.6,99.0,153.3,0.053
395,-1,964.8,320.5,190.3,503.1,1.000
395,-1,573.2,304.3,152.5,551.3,1.000
395,-1,1667.2,414.8,110.2,272.8,0.999
395,-1,1541.0,410.8,103.9,270.3,0.998
395,-1,1186.9,456.3,67.0,190.1,0.998
395,-1,1767.8,425.5,83.5,219.3,0.977
395,-1,1815.0,451.3,60.8,178.6,0.975
395,-1,1726.9,395.9,86.3,256.7,0.958
395,-1,1890.7,435.9,29.3,142.2,0.956
395,-1,118.2,527.0,86.2,216.8,0.931
395,-1,246.4,516.9,48.0,54.2,0.831
395,-1,1253.7,353.8,92.8,119.1,0.789
395,-1,21.7,526.1,89.8,222.8,0.708
395,-1,1539.9,402.6,45.8,155.7,0.537
395,-1,249.9,516.3,50.5,152.9,0.501
395,-1,41.2,511.9,151.8,234.9,0.462
395,-1,62.4,616.1,48.6,133.4,0.342
395,-1,1540.1,405.5,56.8,257.5,0.278
395,-1,1856.3,465.3,21.9,109.9,0.238
395,-1,1770.5,430.0,74.9,105.5,0.215
395,-1,1728.8,397.2,68.7,158.7,0.211
395,-1,1859.1,445.4,31.5,129.3,0.209
395,-1,1417.4,517.5,65.3,74.5,0.133
395,-1,1878.0,453.1,18.2,103.4,0.133
395,-1,1868.9,447.7,22.2,88.1,0.118
395,-1,1157.3,385.3,85.7,87.7,0.102
395,-1,6.8,503.0,101.7,145.9,0.080
395,-1,247.4,521.4,69.5,92.1,0.076
395,-1,14.1,499.1,89.3,86.0,0.063
396,-1,578.2,305.8,163.3,549.0,1.000
396,-1,956.5,320.3,190.1,504.0,1.000
396,-1,1189.1,456.2,67.0,190.0,0.998
396,-1,1671.1,414.5,112.3,273.5,0.998
396,-1,1544.8,411.2,101.0,267.4,0.998
396,-1,1815.9,455.0,61.3,176.6,0.983
396,-1,121.9,529.9,77.3,211.6,0.963
396,-1,1731.8,392.8,79.9,259.6,0.959
396,-1,1894.9,438.6,25.1,144.5,0.919
396,-1,1769.8,426.6,88.0,217.5,0.899
396,-1,245.9,516.5,48.5,53.9,0.829
396,-1,24.7,536.8,86.0,213.0,0.792
396,-1,1254.8,351.9,95.0,119.9,0.758
396,-1,1541.1,396.7,45.7,112.9,0.605
396,-1,250.0,515.7,52.2,152.2,0.525
396,-1,1857.1,475.5,22.6,98.3,0.381
396,-1,1886.3,443.1,25.2,137.9,0.232
396,-1,29.4,518.7,156.2,232.8,0.225
396,-1,1542.0,404.8,45.9,200.3,0.213
396,-1,1771.9,429.1,76.0,97.4,0.205
396,-1,1860.9,442.6,32.1,133.9,0.201
396,-1,1417.4,518.5,65.0,75.1,0.166
396,-1,1157.6,386.3,85.8,87.3,0.081
396,-1,1738.8,403.8,76.3,130.6,0.074
396,-1,1874.9,455.4,19.2,114.7,0.069
396,-1,35.0,499.4,72.6,81.5,0.058
397,-1,946.5,320.1,193.1,507.7,1.000
397,-1,596.8,310.4,180.6,549.5,0.999
397,-1,1677.4,408.7,112.5,275.0,0.998
397,-1,1192.0,457.0,80.5,189.8,0.998
397,-1,1550.9,411.5,99.9,267.8,0.998
397,-1,1815.8,452.5,62.7,178.5,0.990
397,-1,1736.7,392.5,74.4,259.7,0.977
397,-1,118.4,514.0,81.9,230.0,0.940
397,-1,246.2,516.8,48.1,53.5,0.821
397,-1,23.7,529.8,87.2,219.8,0.735
397,-1,1252.7,354.8,94.3,118.6,0.727
397,-1,1778.3,435.0,59.3,210.0,0.695
397,-1,249.5,515.4,51.5,155.4,0.516
397,-1,1543.2,403.8,52.2,230.5,0.455
397,-1,59.0,609.7,52.0,139.0,0.374
397,-1,29.2,519.5,152.0,230.2,0.244
397,-1,1736.7,396.2,66.9,134.4,0.200
397,-1,1883.4,443.0,32.7,133.0,0.167
397,-1,674.6,428.7,122.9,395.3,0.158
397,-1,1418.1,518.2,64.8,74.7,0.120
397,-1,1860.8,469.1,20.6,102.5,0.119
397,-1,1878.0,469.4,15.5,104.2,0.102
397,-1,36.8,499.0,70.3,82.0,0.087
397,-1,7.9,501.4,92.9,103.0,0.063
397,-1,31.2,545.9,79.9,117.0,0.059
398,-1,923.9,315.3,212.2,519.0,0.999
398,-1,597.3,311.6,214.1,541.5,0.999
398,-1,1677.0,416.2,101.5,263.6,0.998
398,-1,1551.6,413.5,100.9,264.2,0.997
398,-1,1193.1,457.3,80.1,189.8,0.997
398,-1,1820.7,451.8,65.9,175.7,0.991
398,-1,1741.0,392.5,68.4,266.7,0.973
398,-1,114.2,511.8,81.6,232.1,0.945
398,-1,27.7,545.1,82.3,205.9,0.830
398,-1,246.1,516.6,48.2,54.5,0.801
398,-1,1251.9,352.2,97.5,120.0,0.710
398,-1,1784.5,446.9,55.6,196.4,0.674
398,-1,1545.4,409.7,46.9,163.4,0.611
398,-1,249.1,515.2,51.0,156.5,0.515
398,-1,1738.9,395.9,66.8,136.9,0.367
398,-1,700.5,506.4,127.5,318.2,0.243
398,-1,41.5,521.9,140.1,230.3,0.222
398,-1,843.5,522.1,43.5,89.3,0.085
398,-1,40.9,499.1,66.8,81.4,0.085
398,-1,1420.6,518.8,62.2,73.9,0.082
398,-1,1799.2,458.7,60.8,129.6,0.080
398,-1,1157.8,383.3,78.7,71.3,0.072
398,-1,479.4,320.6,1239.6,511.2,0.052
399,-1,605.2,317.5,234.8,532.3,0.999
399,-1,913.2,318.2,218.2,520.3,0.999
399,-1,1679.5,413.5,107.4,266.3,0.999
399,-1,1193.5,459.4,77.2,186.9,0.998
399,-1,1558.0,417.0,100.5,259.9,0.997
399,-1,1819.5,450.8,69.6,179.2,0.994
399,-1,1748.7,395.7,65.9,256.2,0.981
399,-1,120.4,527.5,72.3,216.4,0.941
399,-1,246.1,516.7,48.2,54.2,0.819
399,-1,26.0,545.9,84.7,204.4,0.813
399,-1,1551.4,411.3,60.6,261.4,0.782
399,-1,1250.8,355.2,96.9,118.0,0.620
399,-1,249.2,515.2,50.6,156.0,0.553
399,-1,1792.8,453.8,59.8,185.8,0.529
399,-1,1546.7,407.2,46.6,134.7,0.438
399,-1,61.2,510.7,123.9,233.7,0.217
399,-1,38.5,499.2,68.5,82.4,0.122
399,-1,1419.3,519.6,62.1,73.5,0.111
399,-1,1766.8,406.6,72.5,231.0,0.100
399,-1,28.0,569.2,80.6,92.7,0.084
399,-1,1800.5,458.9,62.6,111.6,0.082
399,-1,1883.7,448.0,35.3,137.0,0.076
399,-1,26.3,504.1,80.9,130.6,0.071
399,-1,1157.0,383.0,86.4,92.0,0.053
400,-1,608.2,322.5,235.8,520.1,0.999
400,-1,908.2,322.8,211.7,518.9,0.999
400,-1,1194.2,459.0,77.2,187.2,0.999
400,-1,1686.8,405.0,117.4,274.5,0.998
400,-1,1560.2,416.3,102.5,260.7,0.996
400,-1,1821.4,446.8,70.1,183.8,0.988
400,-1,1748.1,393.4,80.4,261.3,0.978
400,-1,121.4,523.5,71.3,222.5,0.907
400,-1,1553.5,407.2,47.2,260.0,0.846
400,-1,247.6,517.9,43.4,53.7,0.818
400,-1,24.5,532.8,85.7,216.6,0.775
400,-1,1749.2,397.8,62.3,147.2,0.639
400,-1,1249.9,354.9,95.8,117.9,0.632
400,-1,717.2,333.7,63.8,223.3,0.612
400,-1,708.6,347.9,144.6,462.9,0.520
400,-1,1551.9,406.7,46.6,128.7,0.518
400,-1,249.2,515.4,51.6,155.6,0.488
400,-1,58.6,524.8,125.1,222.4,0.325
400,-1,1802.6,457.7,43.7,163.1,0.296
400,-1,55.1,593.8,54.5,155.3,0.238
400,-1,1779.7,445.6,58.8,204.7,0.209
400,-1,17.4,497.9,85.7,87.3,0.126
400,-1,664.5,327.3,126.9,379.8,0.123
400,-1,1420.2,519.1,61.2,74.2,0.105
400,-1,6.1,505.0,101.1,156.1,0.097
400,-1,1822.3,447.2,67.8,63.9,0.067
400,-1,27.8,564.7,79.9,95.9,0.060
401,-1,598.3,328.5,248.6,517.0,1.000
401,-1,907.1,321.9,209.0,520.4,0.999
401,-1,1196.4,454.4,76.9,191.8,0.999
401,-1,1566.7,421.6,95.6,253.1,0.997
401,-1,1686.6,404.5,125.4,273.6,0.997
401,-1,1748.7,398.1,88.8,260.4,0.991
401,-1,1825.2,447.3,66.6,182.7,0.989
401,-1,114.8,511.3,79.7,232.5,0.910
401,-1,1558.2,407.5,42.8,204.1,0.875
401,-1,246.0,516.7,48.1,53.6,0.798
401,-1,1753.4,399.6,60.9,175.1,0.776
401,-1,23.8,529.3,86.8,220.2,0.756
401,-1,1254.5,354.9,92.0,116.8,0.648
401,-1,250.1,515.3,50.5,154.2,0.455
401,-1,1864.3,447.3,25.4,47.1,0.356
401,-1,57.4,522.5,128.0,225.2,0.355
401,-1,56.8,598.5,52.7,150.4,0.162
401,-1,1806.1,449.5,53.3,156.6,0.128
401,-1,1887.9,446.9,31.4,137.4,0.127
401,-1,1419.2,518.2,61.7,74.6,0.109
401,-1,8.1,503.6,100.9,147.5,0.096
401,-1,570.3,401.4,50.6,107.6,0.090
401,-1,14.6,498.0,89.1,87.0,0.077
401,-1,1774.8,508.5,61.5,146.3,0.059
401,-1,1827.8,448.7,63.5,62.8,0.058
402,-1,613.7,332.5,225.4,515.3,1.000
402,-1,900.8,317.6,216.4,529.4,0.999
402,-1,1689.3,407.1,127.5,272.3,0.999
402,-1,1564.5,412.7,100.3,258.8,0.997
402,-1,1204.0,454.8,72.6,192.3,0.997
402,-1,1758.8,399.8,88.9,258.4,0.996
402,-1,1826.2,444.5,65.8,184.6,0.975
402,-1,123.0,532.4,69.6,211.1,0.917
402,-1,1562.0,411.5,42.4,212.1,0.850
402,-1,246.3,517.3,47.8,53.0,0.846
402,-1,23.9,531.9,86.0,217.4,0.761
402,-1,1251.3,355.5,94.9,117.9,0.667
402,-1,1760.2,401.4,59.0,107.8,0.594
402,-1,60.0,597.1,50.6,152.0,0.472
402,-1,250.2,515.7,53.5,154.7,0.460
402,-1,37.8,521.0,146.6,228.5,0.394
402,-1,1785.1,412.7,102.8,224.8,0.225
402,-1,1808.7,444.7,62.1,163.8,0.219
402,-1,1862.1,445.0,20.7,40.0,0.200
402,-1,1418.0,517.2,62.7,76.8,0.112
402,-1,27.7,565.1,81.0,96.2,0.103
402,-1,1889.9,445.1,25.0,117.9,0.089
402,-1,1895.7,464.9,24.3,116.5,0.088
402,-1,1810.9,493.8,32.5,111.9,0.069
402,-1,97.1,589.0,52.7,160.4,0.062
402,-1,9.0,505.2,100.9,152.1,0.056
403,-1,626.9,330.8,235.2,516.4,1.000
403,-1,886.8,315.0,223.9,532.8,0.999
403,-1,1689.3,409.2,130.8,271.7,0.999
403,-1,1207.3,454.4,70.7,192.0,0.998
403,-1,1571.6,413.2,93.7,257.4,0.998
403,-1,1759.9,401.9,88.7,256.4,0.995
403,-1,1835.4,448.4,58.3,181.5,0.978
403,-1,123.1,534.6,69.6,208.8,0.922
403,-1,1563.8,409.0,43.0,241.0,0.892
403,-1,246.3,517.4,47.7,53.0,0.819
403,-1,24.9,532.1,84.7,217.7,0.767
403,-1,1249.0,353.8,97.6,119.7,0.683
403,-1,1797.4,425.0,82.7,211.6,0.578
403,-1,1761.8,401.7,70.7,102.4,0.506
403,-1,58.3,591.6,52.3,158.1,0.502
403,-1,251.5,518.0,43.2,148.5,0.412
403,-1,37.0,528.4,151.6,222.7,0.205
403,-1,1862.7,445.0,21.3,40.4,0.192
403,-1,1418.5,517.3,62.3,75.1,0.127
403,-1,28.2,563.9,80.3,97.3,0.091
403,-1,1891.1,448.4,28.6,121.2,0.085
403,-1,566.8,398.9,54.6,108.9,0.084
403,-1,1777.5,494.3,66.6,157.6,0.078
403,-1,247.7,521.9,71.6,94.8,0.076
403,-1,97.8,589.6,49.1,159.8,0.074
403,-1,8.9,505.4,100.6,134.6,0.050
404,-1,643.6,329.4,229.3,512.4,1.000
404,-1,885.0,311.7,212.7,536.3,1.000
404,-1,1574.6,410.7,90.4,263.0,0.998
404,-1,1208.4,452.0,68.2,193.3,0.998
404,-1,1689.0,410.5,132.9,269.1,0.998
404,-1,1831.6,448.2,65.1,180.6,0.982
404,-1,1758.6,403.0,91.3,255.3,0.963
404,-1,122.5,530.5,70.8,213.2,0.909
404,-1,247.9,517.7,43.8,53.7,0.829
404,-1,1565.5,406.2,49.4,237.4,0.821
404,-1,23.7,535.1,86.2,214.9,0.800
404,-1,1256.5,354.7,88.3,118.2,0.574
404,-1,1764.4,402.3,60.8,105.0,0.477
404,-1,251.0,517.3,43.5,151.0,0.410
404,-1,39.9,525.9,141.7,224.2,0.307
404,-1,55.1,587.4,54.6,161.4,0.285
404,-1,1416.1,516.2,66.0,76.2,0.201
404,-1,760.4,318.8,223.2,520.3,0.177
404,-1,1883.0,445.8,30.6,134.2,0.122
404,-1,1681.3,459.8,39.9,122.8,0.077
404,-1,29.1,570.5,78.5,90.7,0.066
404,-1,8.7,504.8,101.1,131.5,0.060
404,-1,246.9,521.3,70.5,90.4,0.056
404,-1,1816.1,443.3,61.5,154.1,0.053
405,-1,685.7,331.8,192.9,493.2,1.000
405,-1,871.0,307.7,211.5,539.7,0.999
405,-1,1584.4,419.9,78.6,251.2,0.999
405,-1,1694.7,417.3,130.2,262.3,0.997
405,-1,1216.3,449.1,58.7,197.6,0.996
405,-1,1834.5,449.3,62.5,177.6,0.979
405,-1,1760.9,403.6,88.7,254.6,0.960
405,-1,123.3,533.2,69.8,211.0,0.934
405,-1,247.8,517.2,45.3,56.0,0.847
405,-1,1572.7,406.1,44.4,247.3,0.839
405,-1,26.3,541.3,83.7,209.2,0.803
405,-1,1783.4,413.3,100.4,228.5,0.647
405,-1,1243.1,357.7,102.9,115.5,0.539
405,-1,249.5,515.1,52.4,157.4,0.434
405,-1,1766.7,404.2,62.7,124.9,0.417
405,-1,1679.7,474.9,39.0,108.7,0.357
405,-1,55.4,597.4,54.0,151.6,0.340
405,-1,68.2,528.1,119.5,219.9,0.302
405,-1,1419.2,517.5,62.3,74.5,0.150
405,-1,1821.5,445.2,56.1,150.3,0.092
405,-1,1883.9,446.9,30.6,132.5,0.083
405,-1,1831.5,499.3,20.3,84.6,0.079
405,-1,29.4,569.8,78.5,92.4,0.069
405,-1,246.1,520.2,69.5,81.1,0.062
405,-1,8.9,504.3,101.2,130.2,0.052
406,-1,863.3,303.8,204.3,547.4,1.000
406,-1,709.2,324.3,165.6,500.4,0.999
406,-1,1701.5,417.8,129.3,260.5,0.998
406,-1,1584.7,415.6,84.2,256.4,0.997
406,-1,1227.0,452.2,51.2,192.7,0.995
406,-1,1837.0,452.9,61.3,172.9,0.979
406,-1,1765.0,400.7,86.2,258.0,0.978
406,-1,120.9,527.6,73.8,216.1,0.942
406,-1,1576.0,406.5,45.9,245.7,0.863
406,-1,247.7,517.3,45.6,55.2,0.823
406,-1,23.2,536.8,86.1,213.5,0.771
406,-1,1249.3,355.6,95.8,119.3,0.612
406,-1,249.4,515.4,52.9,157.4,0.463
406,-1,1679.8,472.3,40.2,114.4,0.426
406,-1,59.0,602.1,51.6,147.1,0.406
406,-1,1768.3,402.7,74.2,122.5,0.319
406,-1,64.1,511.0,122.8,234.1,0.207
406,-1,1417.1,516.8,65.2,74.8,0.162
406,-1,26.7,570.4,82.1,91.9,0.112
406,-1,1792.9,505.3,57.2,145.8,0.093
406,-1,1576.6,410.9,40.7,122.8,0.066
406,-1,246.8,521.0,69.5,87.1,0.066
406,-1,7.4,503.7,102.9,170.2,0.061
406,-1,1890.8,444.4,20.6,46.6,0.061
407,-1,856.4,302.5,200.6,553.1,0.999
407,-1,1708.0,413.9,124.0,265.0,0.999
407,-1,732.8,323.8,134.7,499.0,0.999
407,-1,1591.4,416.7,94.6,254.5,0.997
407,-1,1231.9,450.3,52.7,196.2,0.997
407,-1,1773.1,396.5,80.4,260.2,0.989
407,-1,1843.2,453.6,54.4,171.4,0.987
407,-1,1583.9,410.1,58.0,256.7,0.975
407,-1,121.1,527.8,74.1,215.0,0.945
407,-1,1678.5,474.5,47.7,110.9,0.889
407,-1,246.1,517.5,48.0,54.9,0.826
407,-1,25.2,536.3,85.2,214.6,0.819
407,-1,1255.4,353.8,89.7,120.1,0.543
407,-1,1580.8,405.7,44.0,169.8,0.407
407,-1,36.9,526.4,145.1,222.6,0.380
407,-1,250.0,517.7,44.6,149.2,0.380
407,-1,1770.8,402.8,79.3,134.3,0.288
407,-1,1796.3,522.5,51.8,131.9,0.191
407,-1,1418.6,517.7,63.0,74.8,0.162
407,-1,1633.7,437.4,54.2,222.4,0.129
407,-1,56.3,606.4,53.1,142.1,0.116
407,-1,28.2,565.3,80.7,95.8,0.111
407,-1,1891.2,444.4,20.6,43.4,0.073
407,-1,246.3,519.4,66.9,75.1,0.051
408,-1,861.3,298.2,188.0,560.2,1.000
408,-1,1713.0,413.0,118.5,261.2,0.999
408,-1,1233.8,451.3,53.7,194.9,0.997
408,-1,743.2,325.6,130.8,496.4,0.997
408,-1,1596.8,418.3,98.1,251.3,0.995
408,-1,1772.1,402.3,86.8,253.5,0.993
408,-1,1845.3,449.8,52.6,174.3,0.990
408,-1,116.4,518.6,77.8,224.1,0.919
408,-1,1582.4,407.9,51.2,251.6,0.916
408,-1,1679.4,471.8,47.0,114.5,0.897
408,-1,22.3,545.0,87.8,205.9,0.865
408,-1,247.7,517.6,45.0,54.2,0.813
408,-1,249.6,516.0,53.7,154.6,0.460
408,-1,1259.6,356.0,85.1,117.4,0.377
408,-1,41.0,506.0,132.9,245.8,0.165
408,-1,1419.3,518.2,61.7,73.7,0.117
408,-1,1770.8,402.2,81.7,124.6,0.116
408,-1,1666.0,483.2,14.6,55.5,0.092
408,-1,1799.7,508.3,54.3,141.6,0.085
408,-1,1189.7,356.5,155.5,127.8,0.084
408,-1,4.5,504.7,81.8,269.3,0.058
408,-1,14.1,498.5,91.2,86.0,0.058
408,-1,24.7,506.8,84.6,143.3,0.053
409,-1,854.9,297.4,189.2,556.2,0.999
409,-1,1714.9,414.2,117.5,258.7,0.999
409,-1,776.9,326.7,110.2,491.4,0.997
409,-1,1234.8,451.8,58.4,193.8,0.996
409,-1,1601.8,422.6,101.6,245.5,0.994
409,-1,1772.2,401.5,94.3,254.8,0.993
409,-1,1850.6,449.4,53.8,173.9,0.988
409,-1,120.3,528.4,72.4,215.1,0.942
409,-1,1679.4,471.8,50.0,114.9,0.911
409,-1,1586.1,404.2,51.8,251.9,0.893
409,-1,22.9,548.9,87.5,202.7,0.857
409,-1,246.1,517.4,48.2,54.2,0.808
409,-1,1255.2,355.2,90.3,117.8,0.510
409,-1,249.7,515.6,52.4,154.7,0.407
409,-1,36.8,523.1,144.7,225.2,0.392
409,-1,1416.0,516.4,64.1,76.2,0.230
409,-1,1802.9,477.4,52.8,173.8,0.156
409,-1,1836.0,455.8,42.1,167.7,0.122
409,-1,25.6,569.8,83.4,94.0,0.112
409,-1,1660.2,414.3,130.1,256.3,0.095
409,-1,1668.1,473.1,12.8,61.5,0.086
409,-1,1890.8,443.7,19.9,50.3,0.079
409,-1,1884.5,444.7,25.6,82.8,0.069
409,-1,246.6,521.2,70.4,89.4,0.067
409,-1,780.3,333.4,91.6,286.4,0.057
409,-1,568.5,399.9,53.2,107.8,0.053
410,-1,830.6,300.1,206.2,567.2,0.999
410,-1,1715.8,414.6,117.3,259.5,0.999
410,-1,1239.0,450.6,63.8,195.3,0.998
410,-1,782.1,324.1,127.3,496.2,0.997
410,-1,1602.0,420.9,105.4,248.2,0.997
410,-1,1781.1,397.0,92.0,258.1,0.992
410,-1,1854.6,455.9,52.7,167.2,0.992
410,-1,1680.8,469.8,50.7,116.8,0.914
410,-1,1588.9,410.6,55.6,252.6,0.911
410,-1,117.5,519.0,77.0,223.5,0.904
410,-1,22.7,546.4,87.1,205.2,0.841
410,-1,246.2,517.5,47.9,53.5,0.816
410,-1,1013.7,509.5,31.6,137.7,0.574
410,-1,250.0,515.4,51.4,154.0,0.420
410,-1,36.8,518.1,148.7,229.8,0.407
410,-1,1840.6,449.9,40.8,183.3,0.376
410,-1,1268.5,351.6,78.5,118.7,0.325
410,-1,789.8,334.9,87.5,279.1,0.310
410,-1,56.2,610.0,52.7,137.4,0.226
410,-1,1809.4,419.6,83.4,217.5,0.214
410,-1,1416.3,516.9,64.4,76.0,0.185
410,-1,795.3,334.2,78.4,156.4,0.179
410,-1,1793.7,520.3,56.1,132.3,0.128
410,-1,25.2,565.6,83.5,99.4,0.106
410,-1,1891.1,445.0,20.0,46.1,0.102
410,-1,1638.6,416.3,121.6,252.8,0.079
410,-1,569.0,400.3,52.8,106.5,0.079
410,-1,786.6,561.8,125.7,248.9,0.077
410,-1,1189.9,357.2,154.9,134.9,0.068
411,-1,1719.0,415.4,113.5,258.8,0.999
411,-1,1243.0,449.7,69.3,195.9,0.999
411,-1,810.7,297.6,220.0,577.9,0.998
411,-1,1607.8,420.4,101.1,246.4,0.995
411,-1,1784.7,396.2,92.8,260.5,0.993
411,-1,1853.2,451.6,56.2,175.6,0.985
411,-1,785.4,348.3,120.6,468.1,0.983
411,-1,1594.1,408.2,64.5,259.3,0.966
411,-1,119.9,528.6,74.8,214.1,0.945
411,-1,1683.1,468.3,50.2,118.1,0.927
411,-1,245.7,517.2,48.7,53.9,0.844
411,-1,24.3,543.3,85.0,208.8,0.842
411,-1,35.9,518.2,152.7,229.1,0.402
411,-1,807.9,335.6,74.2,109.0,0.385
411,-1,250.5,515.6,51.4,150.4,0.357
411,-1,1010.5,510.4,34.0,136.3,0.342
411,-1,794.4,341.3,88.2,264.3,0.299
411,-1,58.7,603.6,51.1,145.0,0.256
411,-1,1265.7,352.8,80.1,119.5,0.244
411,-1,1656.4,434.5,50.9,219.2,0.159
411,-1,1597.0,402.6,52.3,149.4,0.157
411,-1,1417.2,517.9,64.1,74.8,0.147
411,-1,1839.1,445.1,42.6,190.2,0.142
411,-1,786.5,640.6,119.7,167.2,0.125
411,-1,26.7,566.2,82.2,97.4,0.107
411,-1,2.2,498.0,70.7,292.4,0.089
411,-1,739.3,336.4,133.2,442.8,0.088
411,-1,1188.5,357.0,156.6,137.5,0.070
411,-1,568.0,400.2,53.6,107.5,0.056
411,-1,0.5,553.2,26.0,221.4,0.051
412,-1,794.1,302.1,230.7,577.0,0.999
412,-1,1723.8,417.6,108.7,255.0,0.999
412,-1,1611.8,421.1,100.3,244.2,0.998
412,-1,1243.5,450.0,80.5,196.2,0.995
412,-1,1787.5,397.2,107.5,257.8,0.990
412,-1,1854.2,450.8,61.8,179.3,0.976
412,-1,1600.1,398.8,61.4,265.9,0.973
412,-1,122.2,531.5,70.9,211.6,0.956
412,-1,1688.6,468.1,49.2,118.4,0.899
412,-1,246.2,517.3,48.1,53.2,0.837
412,-1,30.9,529.7,80.2,222.3,0.801
412,-1,784.3,347.8,109.1,449.1,0.717
412,-1,799.4,343.1,92.9,124.0,0.619
412,-1,250.3,516.1,51.3,152.0,0.378
412,-1,59.4,601.3,51.2,147.0,0.335
412,-1,48.8,515.5,136.9,233.6,0.333
412,-1,1006.1,511.5,39.6,136.7,0.217
412,-1,1264.5,351.4,83.5,119.0,0.213
412,-1,1617.1,416.6,56.9,211.3,0.208
412,-1,2.9,499.6,69.5,293.0,0.184
412,-1,1860.1,448.0,23.0,39.1,0.180
412,-1,0.1,521.2,42.6,188.5,0.179
412,-1,1417.6,517.3,64.7,74.8,0.108
412,-1,1.8,501.8,79.7,83.3,0.081
412,-1,690.5,359.1,103.3,389.4,0.076
412,-1,42.0,498.9,67.0,81.6,0.074
412,-1,566.7,398.8,55.2,108.3,0.070
412,-1,97.7,586.0,46.1,162.0,0.055
412,-1,29.5,548.6,78.7,113.9,0.055
412,-1,690.4,325.0,196.6,433.1,0.053
412,-1,1668.7,449.9,54.1,169.9,0.051
413,-1,789.3,303.2,232.2,582.0,1.000
413,-1,1732.4,415.5,105.2,254.6,0.998
413,-1,1613.9,417.8,97.8,250.8,0.998
413,-1,1248.6,452.5,87.4,192.0,0.995
413,-1,1795.2,400.5,102.4,252.7,0.991
413,-1,1602.6,403.8,60.8,253.2,0.983
413,-1,123.8,528.7,68.8,213.8,0.960
413,-1,1850.9,448.0,66.9,185.0,0.958
413,-1,1692.0,467.8,43.6,119.7,0.873
413,-1,37.1,529.1,74.9,219.2,0.843
413,-1,247.4,516.9,45.3,55.0,0.840
413,-1,1009.3,512.5,36.1,133.9,0.774
413,-1,249.2,515.8,52.1,158.3,0.539
413,-1,829.8,346.6,62.1,87.8,0.386
413,-1,44.8,512.9,143.8,237.8,0.353
413,-1,61.6,621.3,49.3,128.1,0.267
413,-1,1253.7,357.3,92.2,119.5,0.228
413,-1,3.9,517.2,92.1,270.1,0.181
413,-1,758.3,320.4,145.9,516.2,0.138
413,-1,1418.0,517.4,63.9,74.2,0.119
413,-1,1864.2,445.8,16.8,38.5,0.100
413,-1,1188.7,356.9,155.9,141.3,0.085
413,-1,691.9,368.3,116.1,392.9,0.083
413,-1,0.4,517.7,44.4,187.4,0.077
413,-1,2.5,510.5,77.6,128.8,0.075
413,-1,246.6,521.3,70.2,92.3,0.074
413,-1,15.1,498.8,88.6,84.3,0.062
413,-1,809.9,342.5,79.0,154.4,0.061
413,-1,571.2,399.3,49.7,110.8,0.059
413,-1,28.3,542.8,79.9,120.8,0.057
413,-1,773.8,352.3,116.4,263.9,0.053
414,-1,769.1,295.3,245.5,590.8,0.999
414,-1,1731.8,418.5,106.0,252.3,0.998
414,-1,1624.2,418.9,87.3,244.7,0.997
414,-1,1248.0,453.8,89.6,192.1,0.994
414,-1,1796.6,399.9,101.1,251.3,0.992
414,-1,1609.2,402.1,57.6,258.7,0.975
414,-1,124.1,528.1,67.5,214.0,0.971
414,-1,1862.0,450.4,55.5,173.3,0.966
414,-1,246.4,517.1,47.8,53.9,0.834
414,-1,1006.7,513.3,41.6,130.7,0.833
414,-1,25.8,521.7,83.8,225.9,0.787
414,-1,1672.8,432.2,47.9,197.3,0.470
414,-1,249.9,515.9,52.4,155.1,0.453
414,-1,44.4,511.1,144.7,237.7,0.377
414,-1,0.2,516.2,44.8,174.7,0.327
414,-1,3.3,502.4,82.2,283.2,0.269
414,-1,1693.0,455.8,38.5,132.1,0.238
414,-1,1256.5,356.8,88.3,121.0,0.226
414,-1,61.7,628.7,48.8,120.0,0.186
414,-1,0.8,503.3,73.3,82.7,0.138
414,-1,1418.9,517.5,62.9,74.7,0.119
414,-1,1699.2,464.8,23.7,106.4,0.097
414,-1,835.0,355.3,53.2,93.8,0.075
414,-1,563.8,398.2,57.6,110.4,0.071
414,-1,1651.2,419.3,63.9,163.1,0.066
414,-1,699.0,381.9,126.4,371.7,0.052
415,-1,764.4,288.9,241.3,596.8,1.000
415,-1,1634.6,421.1,77.1,242.3,0.998
415,-1,1737.3,419.4,108.9,252.2,0.998
415,-1,1616.6,410.3,56.9,250.6,0.994
415,-1,1798.5,401.7,98.3,248.3,0.992
415,-1,1248.6,456.7,90.8,188.5,0.991
415,-1,1863.5,451.2,56.0,172.2,0.978
415,-1,108.2,512.9,82.6,230.0,0.962
415,-1,1008.7,513.6,41.2,128.3,0.933
415,-1,45.6,528.8,66.9,219.4,0.933
415,-1,246.4,517.1,47.8,54.1,0.817
415,-1,249.5,515.4,51.2,155.5,0.586
415,-1,0.3,510.0,47.2,184.7,0.429
415,-1,1242.4,361.5,106.9,147.6,0.317
415,-1,2.0,504.0,71.0,272.4,0.282
415,-1,6.5,500.1,72.9,86.5,0.256
415,-1,925.1,519.1,88.5,251.3,0.250
415,-1,39.2,497.7,68.4,82.5,0.174
415,-1,1419.1,518.2,63.0,74.5,0.136
415,-1,44.9,506.2,64.7,141.0,0.116
415,-1,711.6,386.9,110.5,368.9,0.109
415,-1,1620.7,438.7,32.2,214.8,0.105
415,-1,758.3,378.8,123.7,431.9,0.099
415,-1,1735.2,430.1,57.7,232.5,0.086
415,-1,965.2,506.9,46.2,117.1,0.084
415,-1,571.1,400.5,50.6,105.9,0.082
416,-1,746.7,286.4,255.4,599.1,1.000
416,-1,1645.7,420.3,76.1,242.0,0.999
416,-1,1739.3,420.3,108.3,250.1,0.998
416,-1,1802.7,402.4,93.1,247.7,0.994
416,-1,1620.6,407.8,57.7,256.2,0.992
416,-1,1249.7,454.0,91.8,190.0,0.988
416,-1,1866.1,455.4,52.7,165.4,0.982
416,-1,111.3,515.5,79.1,227.3,0.960
416,-1,33.4,510.8,80.8,238.7,0.911
416,-1,1012.0,512.1,38.4,133.5,0.872
416,-1,247.8,517.2,45.1,53.9,0.845
416,-1,250.3,515.7,51.2,153.7,0.511
416,-1,1.1,508.5,64.4,153.4,0.416
416,-1,0.0,517.0,39.3,182.4,0.318
416,-1,1249.1,367.7,101.2,233.6,0.261
416,-1,0.0,517.7,36.6,86.4,0.250
416,-1,39.6,499.4,67.7,80.2,0.243
416,-1,10.1,522.6,66.8,211.7,0.199
416,-1,1264.0,355.2,81.2,125.6,0.197
416,-1,26.1,530.9,79.9,135.9,0.196
416,-1,10.6,503.6,72.5,81.4,0.177
416,-1,57.5,523.4,113.4,224.3,0.129
416,-1,1420.5,518.9,61.1,73.9,0.103
416,-1,1737.3,435.5,27.6,186.4,0.061
416,-1,1665.0,413.3,119.9,254.4,0.059
416,-1,1819.8,470.0,62.5,177.6,0.051
417,-1,735.7,280.5,258.6,607.7,1.000
417,-1,1741.1,421.1,114.9,251.0,0.998
417,-1,1626.7,417.1,111.8,249.5,0.997
417,-1,1808.7,404.9,90.9,245.4,0.995
417,-1,1625.4,405.8,53.0,192.2,0.976
417,-1,1871.5,452.1,46.8,169.0,0.970
417,-1,1248.6,424.6,96.3,219.1,0.966
417,-1,112.8,519.6,77.4,223.0,0.961
417,-1,25.6,506.0,88.5,245.0,0.881
417,-1,247.9,517.3,45.0,53.5,0.832
417,-1,249.5,515.4,50.5,154.7,0.607
417,-1,2.8,503.9,74.8,284.2,0.292
417,-1,1243.6,358.3,105.5,144.6,0.237
417,-1,52.2,530.7,127.5,219.5,0.227
417,-1,37.6,528.9,73.0,134.2,0.211
417,-1,1004.9,509.5,46.5,133.7,0.201
417,-1,2.0,518.5,72.9,124.4,0.192
417,-1,1419.2,517.2,63.0,74.5,0.154
417,-1,1622.2,423.8,33.2,172.4,0.151
417,-1,1739.3,447.4,25.9,160.2,0.144
417,-1,42.3,499.4,65.4,82.1,0.135
417,-1,915.1,480.7,81.6,305.8,0.114
417,-1,1.7,505.6,71.8,80.2,0.087
417,-1,1893.6,444.6,21.6,58.4,0.080
417,-1,916.4,621.6,73.5,160.1,0.075
417,-1,0.9,521.9,48.9,178.7,0.065
417,-1,570.5,400.6,51.0,107.2,0.064
418,-1,738.4,281.7,248.1,606.0,0.999
418,-1,1745.1,421.2,110.8,250.7,0.998
418,-1,1627.5,416.9,115.3,249.9,0.997
418,-1,1812.8,406.1,96.7,244.8,0.993
418,-1,124.3,530.3,67.7,211.4,0.975
418,-1,1251.8,452.0,94.8,191.7,0.971
418,-1,1872.2,455.4,46.6,166.2,0.969
418,-1,1626.4,408.3,55.7,202.7,0.933
418,-1,246.1,516.6,48.2,53.4,0.834
418,-1,41.0,527.2,71.4,220.5,0.816
418,-1,924.3,350.1,31.1,55.5,0.767
418,-1,913.3,382.3,86.6,404.2,0.700
418,-1,922.2,350.6,48.1,76.2,0.573
418,-1,248.3,520.3,50.0,132.2,0.423
418,-1,1619.4,452.2,19.2,143.6,0.376
418,-1,2.9,496.9,93.5,289.4,0.366
418,-1,1003.8,511.5,48.1,141.0,0.302
418,-1,1260.7,353.5,84.8,126.6,0.268
418,-1,917.5,563.0,75.9,222.7,0.129
418,-1,1419.3,517.0,63.5,75.6,0.128
418,-1,50.9,520.4,129.0,224.4,0.127
418,-1,55.5,637.2,52.3,110.7,0.109
418,-1,7.9,517.6,95.5,153.0,0.093
418,-1,1742.9,439.9,28.9,163.8,0.089
418,-1,45.3,505.8,65.5,151.4,0.088
418,-1,1892.2,444.0,19.3,51.6,0.080
418,-1,4.1,499.2,88.5,90.8,0.079
418,-1,709.2,389.6,85.3,347.8,0.073
418,-1,38.9,498.6,67.9,82.7,0.072
418,-1,1184.0,355.3,161.1,137.7,0.066
418,-1,0.9,501.1,47.6,194.8,0.059
419,-1,736.0,279.2,247.0,607.6,0.999
419,-1,1748.7,420.0,109.3,252.0,0.999
419,-1,1633.7,416.2,114.4,247.9,0.997
419,-1,917.5,346.1,95.1,430.1,0.992
419,-1,1260.7,452.0,86.6,191.7,0.992
419,-1,1816.5,403.4,92.0,246.8,0.990
419,-1,1871.2,446.5,48.0,176.6,0.982
419,-1,124.3,529.3,67.4,213.2,0.962
419,-1,1629.1,405.4,55.8,223.3,0.957
419,-1,247.9,516.7,45.2,53.8,0.851
419,-1,33.5,533.8,77.6,216.5,0.817
419,-1,920.5,347.5,46.2,61.8,0.811
419,-1,1003.0,510.2,48.5,127.7,0.537
419,-1,250.5,515.1,51.8,154.9,0.498
419,-1,1245.3,357.7,101.7,119.5,0.439
419,-1,63.4,523.3,121.1,221.3,0.403
419,-1,3.8,503.8,86.0,267.1,0.300
419,-1,919.0,347.6,62.0,107.6,0.240
419,-1,0.9,510.0,50.4,173.3,0.208
419,-1,920.7,347.9,78.6,231.3,0.178
419,-1,1619.7,452.3,25.4,144.4,0.176
419,-1,916.2,514.7,78.9,272.0,0.150
419,-1,1419.7,517.4,62.2,74.4,0.146
419,-1,1748.7,441.3,33.5,195.0,0.072
419,-1,1868.1,490.2,30.5,119.1,0.063
419,-1,4.8,498.7,88.3,88.7,0.060
419,-1,181.8,458.2,54.1,100.7,0.059
419,-1,1898.5,468.7,21.5,151.0,0.057
419,-1,33.8,562.0,73.9,101.7,0.052
420,-1,723.5,268.2,227.1,621.7,1.000
420,-1,913.0,340.5,107.6,449.1,0.999
420,-1,1753.9,419.3,110.9,249.2,0.999
420,-1,1645.4,418.8,111.4,242.8,0.997
420,-1,1821.9,401.6,90.9,244.9,0.994
420,-1,1277.6,453.6,71.2,190.7,0.978
420,-1,1881.6,447.3,38.4,177.0,0.950
420,-1,1635.5,405.5,54.7,231.5,0.945
420,-1,118.9,517.3,71.4,227.4,0.938
420,-1,2.4,508.9,111.4,237.3,0.881
420,-1,246.1,517.2,48.6,53.2,0.788
420,-1,249.0,518.9,49.6,143.3,0.431
420,-1,1.9,504.5,64.6,165.3,0.365
420,-1,40.9,516.8,125.7,229.8,0.305
420,-1,1254.7,353.3,92.8,122.5,0.287
420,-1,0.3,468.5,35.9,222.5,0.202
420,-1,180.6,450.7,56.9,108.8,0.131
420,-1,1751.2,439.7,33.5,165.0,0.130
420,-1,9.5,527.3,96.1,134.8,0.105
420,-1,1178.3,353.0,166.5,132.4,0.093
420,-1,1619.5,439.1,32.2,158.2,0.085
420,-1,1011.8,509.5,36.2,98.0,0.085
420,-1,36.7,498.3,72.0,82.4,0.077
420,-1,1421.1,517.9,61.5,74.1,0.076
420,-1,1908.9,462.3,11.1,155.7,0.069
420,-1,2.0,499.1,70.7,94.8,0.065
420,-1,572.5,400.1,49.4,106.3,0.056
420,-1,707.6,410.8,74.6,332.0,0.051
421,-1,715.6,270.6,228.3,621.0,1.000
421,-1,919.3,343.3,107.7,448.2,0.999
421,-1,1756.2,420.9,110.6,246.7,0.999
421,-1,1652.6,418.0,103.1,244.3,0.997
421,-1,1825.6,397.3,86.5,252.0,0.995
421,-1,1280.5,449.0,68.0,196.5,0.992
421,-1,1637.2,406.2,56.7,229.8,0.965
421,-1,1883.6,447.9,36.4,176.3,0.942
421,-1,124.9,533.1,66.7,210.0,0.938
421,-1,246.2,517.0,48.8,53.5,0.821
421,-1,1015.9,515.3,31.4,90.1,0.770
421,-1,11.6,507.1,102.0,236.6,0.617
421,-1,28.6,514.2,152.3,229.9,0.469
421,-1,58.5,529.2,56.0,217.9,0.438
421,-1,248.1,521.9,50.4,96.8,0.385
421,-1,0.2,454.5,42.3,202.9,0.269
421,-1,1241.0,354.7,103.6,123.8,0.222
421,-1,2.4,523.3,84.2,154.7,0.187
421,-1,179.2,451.3,56.7,124.3,0.179
421,-1,2.3,479.8,65.3,267.3,0.099
421,-1,1753.4,432.6,37.5,195.6,0.092
421,-1,572.4,401.8,49.4,103.9,0.090
421,-1,8.7,499.8,98.2,100.9,0.087
421,-1,1420.2,521.9,58.9,71.9,0.068
421,-1,0.0,548.3,24.9,115.9,0.067
421,-1,29.2,549.5,79.8,113.6,0.059
422,-1,691.1,273.8,246.8,623.9,0.999
422,-1,920.6,345.1,126.8,440.8,0.998
422,-1,1759.7,420.6,113.7,244.9,0.998
422,-1,1659.3,420.4,101.5,242.2,0.998
422,-1,1829.2,397.9,81.3,244.2,0.995
422,-1,1290.8,448.2,56.8,197.6,0.991
422,-1,1886.6,446.8,33.3,175.0,0.967
422,-1,1643.7,403.5,60.4,253.7,0.951
422,-1,121.8,529.6,68.0,214.6,0.942
422,-1,247.6,517.0,45.2,55.1,0.808
422,-1,36.8,535.8,71.5,212.4,0.782
422,-1,250.5,515.4,50.1,154.4,0.466
422,-1,4.3,491.8,95.7,283.4,0.315
422,-1,56.0,525.3,124.0,220.0,0.312
422,-1,1752.9,434.4,41.0,187.5,0.291
422,-1,1262.9,355.3,84.4,121.4,0.241
422,-1,118.0,450.5,110.6,56.9,0.221
422,-1,141.2,451.6,92.2,110.2,0.168
422,-1,574.3,401.1,46.8,107.9,0.129
422,-1,1882.0,462.0,28.4,134.9,0.116
422,-1,1165.1,528.1,29.0,112.5,0.080
422,-1,1183.6,353.0,162.8,124.2,0.064
422,-1,12.2,498.2,92.1,88.5,0.059
422,-1,1844.4,513.9,44.4,135.0,0.053
423,-1,657.6,271.0,269.8,632.1,0.999
423,-1,922.4,349.7,136.0,438.7,0.999
423,-1,1759.1,421.7,118.7,241.6,0.998
423,-1,1661.8,420.3,99.8,242.0,0.998
423,-1,1831.2,397.2,81.9,241.4,0.994
423,-1,1296.4,450.5,55.7,194.8,0.994
423,-1,125.5,527.3,65.1,216.0,0.969
423,-1,1894.5,445.5,25.5,174.3,0.956
423,-1,1644.4,405.3,54.7,167.9,0.940
423,-1,247.8,517.2,45.6,54.4,0.804
423,-1,1647.2,411.5,73.1,249.2,0.787
423,-1,2.9,495.3,106.6,262.2,0.763
423,-1,1758.6,430.1,38.3,202.9,0.577
423,-1,47.4,561.6,60.1,187.6,0.574
423,-1,249.6,518.6,53.8,155.4,0.511
423,-1,168.9,454.4,64.4,120.0,0.345
423,-1,1250.5,356.7,97.1,117.6,0.223
423,-1,1846.7,461.5,51.8,184.7,0.160
423,-1,9.7,497.7,95.8,88.4,0.114
423,-1,39.6,522.1,141.5,221.5,0.085
423,-1,0.1,460.5,47.5,206.1,0.082
423,-1,1774.4,563.1,23.1,68.7,0.074
423,-1,1.1,532.0,78.1,93.0,0.071
424,-1,642.4,273.4,278.2,635.4,1.000
424,-1,925.3,352.1,158.9,430.6,0.999
424,-1,1679.0,418.8,94.0,240.6,0.999
424,-1,1761.8,420.0,121.7,245.9,0.998
424,-1,1298.1,447.6,57.3,197.8,0.997
424,-1,1835.2,399.6,76.7,248.7,0.991
424,-1,125.4,532.5,65.6,212.6,0.984
424,-1,1758.7,424.6,48.8,207.5,0.945
424,-1,1645.4,410.2,57.5,196.8,0.945
424,-1,1894.2,444.9,25.8,176.3,0.937
424,-1,16.5,508.8,99.3,240.2,0.930
424,-1,247.6,517.0,46.4,54.8,0.789
424,-1,0.3,528.8,45.9,145.4,0.552
424,-1,4.3,536.7,73.7,123.4,0.514
424,-1,248.9,519.7,49.7,142.0,0.461
424,-1,1254.1,356.5,92.7,117.7,0.257
424,-1,69.6,522.9,105.0,225.2,0.237
424,-1,1.5,532.1,66.4,72.9,0.203
424,-1,2.0,535.2,56.7,207.9,0.128
424,-1,170.4,458.3,62.7,112.3,0.118
424,-1,1777.6,550.1,28.6,83.1,0.113
424,-1,46.5,499.2,63.1,82.7,0.107
424,-1,8.7,503.8,80.2,95.1,0.099
425,-1,643.9,276.9,275.0,638.6,1.000
425,-1,928.0,353.4,185.2,431.7,0.999
425,-1,1673.7,421.8,95.1,237.5,0.998
425,-1,1778.1,420.5,110.8,244.4,0.998
425,-1,1838.2,397.8,76.0,253.5,0.994
425,-1,125.3,534.3,65.3,209.4,0.987
425,-1,1302.7,448.0,62.7,197.7,0.972
425,-1,1651.4,410.1,64.6,247.5,0.966
425,-1,1899.2,452.8,20.8,167.4,0.964
425,-1,33.9,550.1,74.8,194.9,0.948
425,-1,1760.3,431.7,54.2,199.6,0.937
425,-1,247.6,516.9,45.2,54.3,0.773
425,-1,1161.4,487.7,33.0,156.4,0.639
425,-1,0.7,527.4,43.5,174.6,0.506
425,-1,248.4,519.9,49.3,139.7,0.410
425,-1,1880.8,429.8,39.2,196.0,0.246
425,-1,1247.4,355.9,95.6,119.9,0.235
425,-1,1650.3,407.1,56.3,137.4,0.186
425,-1,2.2,548.9,57.1,208.3,0.167
425,-1,1894.0,442.9,26.0,112.3,0.166
425,-1,11.3,504.5,85.6,178.8,0.129
425,-1,63.0,524.5,114.5,221.3,0.108
425,-1,2.4,528.3,61.9,70.4,0.104
425,-1,34.2,499.3,74.3,81.9,0.103
425,-1,1270.6,387.3,92.8,256.0,0.088
425,-1,0.2,528.3,20.1,70.5,0.087
425,-1,1896.5,446.6,23.5,58.6,0.078
425,-1,1760.4,438.6,33.2,124.2,0.077
425,-1,2.2,507.8,60.3,143.2,0.075
425,-1,11.1,502.1,76.7,98.6,0.074
425,-1,566.0,401.2,54.7,103.5,0.071
425,-1,1421.2,518.8,60.7,72.2,0.054
426,-1,639.9,272.5,279.0,647.1,1.000
426,-1,932.4,356.9,177.7,425.4,0.999
426,-1,1677.7,421.1,89.3,236.5,0.998
426,-1,1782.5,420.8,109.1,241.9,0.996
426,-1,1840.4,398.4,73.5,253.4,0.992
426,-1,125.3,529.9,65.3,212.8,0.988
426,-1,1304.6,451.0,66.0,194.0,0.985
426,-1,1656.1,409.6,61.4,246.5,0.983
426,-1,1757.5,438.9,60.4,193.2,0.956
426,-1,1161.0,479.2,35.4,165.2,0.943
426,-1,29.2,514.5,84.8,233.0,0.885
426,-1,1897.4,450.8,22.6,169.7,0.782
426,-1,245.8,516.6,48.5,54.2,0.730
426,-1,128.7,458.4,64.7,100.7,0.683
426,-1,2.0,532.9,53.3,185.8,0.449
426,-1,61.6,525.6,119.7,222.0,0.386
426,-1,0.2,533.0,30.5,161.4,0.343
426,-1,248.8,520.1,49.9,143.3,0.341
426,-1,1249.3,352.5,94.8,122.5,0.322
426,-1,51.6,500.5,60.3,80.3,0.308
426,-1,0.2,527.0,52.4,54.6,0.261
426,-1,0.1,525.3,20.0,54.0,0.197
426,-1,17.3,500.0,78.0,79.9,0.164
426,-1,8.4,531.2,62.0,96.4,0.153
426,-1,1898.2,447.9,21.8,68.1,0.137
426,-1,15.5,539.7,62.8,188.0,0.133
426,-1,1.6,464.0,60.8,115.0,0.109
426,-1,45.4,556.8,63.9,107.8,0.100
426,-1,98.5,547.0,52.8,196.2,0.080
426,-1,14.8,524.1,82.5,129.1,0.075
426,-1,80.1,519.9,52.8,226.9,0.065
427,-1,931.4,358.2,181.2,423.2,1.000
427,-1,634.0,274.0,278.4,647.9,1.000
427,-1,1681.7,417.6,92.9,241.5,0.997
427,-1,1784.3,419.3,108.9,245.3,0.993
427,-1,1841.3,398.9,75.6,251.3,0.992
427,-1,1310.5,447.1,69.9,198.3,0.986
427,-1,1658.3,410.6,62.8,245.7,0.984
427,-1,120.6,525.7,67.6,216.3,0.970
427,-1,1160.9,478.1,40.3,165.7,0.968
427,-1,1762.9,439.0,59.9,193.6,0.948
427,-1,16.8,502.6,101.1,246.6,0.862
427,-1,247.7,516.8,45.2,54.8,0.808
427,-1,125.1,473.3,59.0,64.6,0.752
427,-1,912.7,520.3,30.9,90.2,0.680
427,-1,50.4,551.2,60.5,197.5,0.543
427,-1,1902.4,456.4,17.6,167.3,0.535
427,-1,248.7,520.4,50.4,85.7,0.400
427,-1,0.5,525.0,46.1,175.2,0.342
427,-1,1248.2,356.3,92.9,118.0,0.307
427,-1,3.3,483.4,78.2,241.7,0.281
427,-1,14.9,496.0,90.1,91.5,0.192
427,-1,0.4,452.4,67.3,117.6,0.191
427,-1,0.6,526.0,49.3,61.3,0.191
427,-1,47.6,519.3,117.8,234.5,0.152
427,-1,1899.4,443.5,20.6,60.7,0.139
427,-1,0.1,526.1,25.2,61.0,0.122
427,-1,1752.4,451.4,33.2,152.9,0.082
427,-1,1887.6,445.9,32.1,187.8,0.080
428,-1,623.4,263.6,281.2,665.3,1.000
428,-1,942.1,363.0,172.8,414.1,0.999
428,-1,1683.1,422.5,78.2,232.0,0.998
428,-1,1787.7,419.8,106.9,242.6,0.997
428,-1,1846.1,398.9,73.9,242.5,0.995
428,-1,1661.8,412.1,64.6,241.6,0.989
428,-1,1312.8,449.3,72.3,197.0,0.986
428,-1,1161.7,474.7,44.4,168.2,0.983
428,-1,1765.0,434.1,58.7,195.7,0.978
428,-1,121.8,524.7,66.8,216.6,0.956
428,-1,911.6,525.3,35.2,85.7,0.921
428,-1,834.7,521.5,33.0,68.0,0.905
428,-1,247.3,517.4,45.6,55.0,0.817
428,-1,24.8,540.4,86.1,206.1,0.750
428,-1,831.8,514.4,36.3,137.7,0.516
428,-1,1911.6,458.0,8.4,172.8,0.413
428,-1,249.8,517.5,44.4,145.3,0.403
428,-1,1790.4,432.0,19.3,31.1,0.230
428,-1,0.2,456.1,67.6,144.1,0.229
428,-1,109.6,454.7,77.2,88.6,0.218
428,-1,0.0,632.6,22.0,71.2,0.156
428,-1,1256.2,357.5,90.0,116.4,0.155
428,-1,575.6,403.5,47.9,102.9,0.134
428,-1,1901.3,446.5,18.7,56.9,0.109
428,-1,33.5,522.2,133.5,234.8,0.099
428,-1,247.1,521.1,70.1,99.9,0.095
428,-1,0.8,529.6,52.3,161.8,0.092
428,-1,1748.1,447.3,28.9,159.1,0.090
428,-1,1888.1,442.7,31.9,191.2,0.089
428,-1,1905.7,457.7,14.3,92.4,0.088
428,-1,0.7,527.9,56.9,68.2,0.074
428,-1,0.0,531.3,28.7,195.0,0.068
428,-1,2.9,480.5,84.0,187.5,0.063
428,-1,32.0,499.6,77.8,83.0,0.060
428,-1,1421.9,520.3,59.0,72.5,0.058
428,-1,183.4,477.9,51.4,97.5,0.054
429,-1,598.8,263.3,289.2,669.4,1.000
429,-1,948.2,363.4,172.9,417.4,0.999
429,-1,1691.7,422.4,79.1,234.7,0.997
429,-1,1792.2,420.8,105.1,241.0,0.996
429,-1,1162.3,473.9,48.6,167.8,0.990
429,-1,124.6,529.7,66.4,212.1,0.990
429,-1,1313.9,448.0,71.2,198.6,0.988
429,-1,1662.8,411.5,58.9,243.3,0.987
429,-1,1849.4,403.4,70.6,238.6,0.984
429,-1,1767.6,435.1,54.8,192.2,0.969
429,-1,913.8,527.4,36.7,83.6,0.959
429,-1,829.4,521.7,36.4,79.5,0.813
429,-1,246.2,516.9,47.6,53.9,0.791
429,-1,18.2,531.2,93.2,216.6,0.708
429,-1,55.0,573.0,56.2,174.3,0.460
429,-1,250.7,516.1,52.1,150.9,0.412
429,-1,72.1,527.3,111.7,219.2,0.305
429,-1,2.6,530.5,74.4,158.1,0.219
429,-1,0.1,514.7,42.3,185.0,0.219
429,-1,1791.8,432.8,19.8,29.9,0.165
429,-1,6.1,495.9,95.6,96.8,0.147
429,-1,1849.1,405.6,62.9,103.8,0.135
429,-1,0.5,466.2,61.6,142.3,0.131
429,-1,1251.1,359.8,99.9,113.8,0.129
429,-1,0.4,531.2,61.6,66.0,0.122
429,-1,1.4,487.3,58.5,275.8,0.116
429,-1,1881.4,427.4,38.6,212.3,0.108
429,-1,572.4,398.6,76.0,81.9,0.067
429,-1,111.8,472.3,76.9,70.8,0.061
429,-1,1422.2,520.8,59.2,70.9,0.054
430,-1,580.1,257.7,283.2,674.9,1.000
430,-1,970.2,364.5,155.3,404.2,0.999
430,-1,1792.5,423.0,109.6,238.4,0.998
430,-1,1703.0,421.5,73.0,233.4,0.998
430,-1,1318.8,450.6,82.9,194.1,0.994
430,-1,1670.0,413.9,76.3,244.3,0.991
430,-1,123.6,532.5,68.9,208.7,0.989
430,-1,1854.6,404.5,65.4,236.2,0.986
430,-1,817.0,517.7,47.4,115.9,0.980
430,-1,1163.4,475.2,52.7,168.3,0.973
430,-1,915.2,529.2,36.9,81.9,0.968
430,-1,1768.9,434.4,52.7,197.4,0.935
430,-1,12.7,505.6,102.0,246.1,0.871
430,-1,245.6,516.8,48.5,54.1,0.792
430,-1,0.0,529.8,49.5,58.6,0.439
430,-1,1247.2,356.5,112.2,115.0,0.429
430,-1,53.5,547.7,58.6,199.1,0.429
430,-1,0.0,474.3,56.6,239.4,0.416
430,-1,250.3,514.2,47.3,158.2,0.313
430,-1,59.1,519.3,113.4,227.7,0.173
430,-1,0.3,456.5,57.6,130.9,0.168
430,-1,1852.7,406.1,66.4,118.5,0.159
430,-1,1768.5,499.6,18.2,110.9,0.112
430,-1,0.0,530.5,73.2,79.4,0.086
430,-1,2.8,538.5,66.5,245.7,0.079
430,-1,0.2,541.3,25.3,379.7,0.074
430,-1,247.1,521.1,73.1,106.9,0.065
430,-1,1741.9,435.9,37.4,208.3,0.065
430,-1,9.3,497.4,89.6,99.8,0.054
430,-1,1421.6,520.4,59.5,72.7,0.051
431,-1,564.4,244.8,277.3,688.6,1.000
431,-1,980.9,365.2,146.5,400.3,0.999
431,-1,1793.1,424.9,109.7,234.0,0.999
431,-1,1694.7,421.9,93.3,235.7,0.995
431,-1,1857.4,407.1,62.6,235.1,0.991
431,-1,916.5,529.5,37.2,81.2,0.990
431,-1,1668.8,413.2,72.0,242.7,0.989
431,-1,1316.7,451.3,89.4,193.5,0.988
431,-1,1163.7,477.2,62.7,163.6,0.988
431,-1,811.5,516.0,51.5,117.3,0.987
431,-1,122.8,536.0,69.2,206.7,0.957
431,-1,1766.3,433.3,61.0,199.2,0.955
431,-1,0.1,530.8,47.6,158.8,0.839
431,-1,38.3,547.9,73.2,200.1,0.806
431,-1,246.1,517.2,48.0,53.8,0.785
431,-1,1243.4,353.3,115.7,117.7,0.539
431,-1,250.6,515.5,51.1,151.4,0.378
431,-1,0.0,492.2,53.6,366.3,0.343
431,-1,974.4,533.3,42.3,68.3,0.322
431,-1,66.9,521.6,122.6,221.7,0.297
431,-1,1.8,524.2,68.5,224.3,0.283
431,-1,999.4,534.0,19.5,66.0,0.251
431,-1,0.0,533.5,47.4,58.3,0.231
431,-1,12.8,533.4,97.1,144.6,0.182
431,-1,7.8,525.3,125.7,250.2,0.128
431,-1,0.2,516.1,22.2,408.1,0.118
431,-1,1.5,502.9,80.7,102.2,0.053
432,-1,551.0,250.5,275.6,684.8,1.000
432,-1,992.9,362.7,139.9,399.4,1.000
432,-1,1801.2,425.8,107.8,234.1,0.998
432,-1,1704.3,427.6,95.8,228.0,0.998
432,-1,1675.7,412.3,74.5,244.5,0.996
432,-1,1321.4,450.7,83.2,196.7,0.991
432,-1,1858.1,406.2,61.9,238.2,0.991
432,-1,921.1,527.9,35.2,81.5,0.987
432,-1,814.7,518.4,48.0,114.3,0.987
432,-1,1165.1,476.2,67.3,163.6,0.986
432,-1,1769.4,433.8,60.4,198.9,0.982
432,-1,120.2,535.5,76.5,206.9,0.961
432,-1,246.5,516.5,46.4,54.8,0.868
432,-1,26.4,570.8,83.2,178.6,0.733
432,-1,1244.8,354.8,103.2,118.5,0.647
432,-1,249.4,515.7,52.0,154.4,0.538
432,-1,0.1,495.9,42.4,206.0,0.349
432,-1,23.2,522.6,156.2,232.1,0.235
432,-1,0.2,558.0,22.6,145.7,0.210
432,-1,3.5,476.3,104.3,277.2,0.160
432,-1,0.2,456.4,57.4,159.7,0.119
432,-1,1.6,543.8,52.2,217.9,0.100
432,-1,972.6,520.7,47.9,81.3,0.068
433,-1,538.7,245.3,271.0,706.5,1.000
433,-1,1016.5,359.6,132.7,400.8,0.999
433,-1,1809.2,421.8,100.4,235.2,0.999
433,-1,1702.3,425.9,101.5,230.7,0.997
433,-1,1321.8,450.7,86.0,195.2,0.991
433,-1,1860.2,403.4,59.8,235.1,0.987
433,-1,1773.2,432.1,55.2,201.9,0.984
433,-1,923.4,528.8,35.9,80.7,0.983
433,-1,124.8,532.0,66.5,209.8,0.981
433,-1,811.9,516.6,48.3,114.8,0.981
433,-1,1674.8,411.2,67.3,240.7,0.980
433,-1,1168.0,477.1,71.1,162.5,0.976
433,-1,246.0,517.1,47.9,53.7,0.829
433,-1,1248.3,355.6,102.3,116.7,0.767
433,-1,53.4,578.4,58.9,169.4,0.570
433,-1,5.8,533.8,109.1,210.8,0.530
433,-1,970.5,488.8,68.2,115.7,0.392
433,-1,250.5,515.6,52.5,149.6,0.373
433,-1,67.4,523.1,113.8,223.6,0.268
433,-1,2.3,452.5,79.1,271.5,0.189
433,-1,1000.0,491.9,42.3,137.2,0.184
433,-1,25.6,457.9,124.7,294.3,0.170
433,-1,0.0,522.4,43.3,174.2,0.168
433,-1,0.1,461.8,51.1,411.4,0.092
433,-1,985.0,484.3,63.1,228.7,0.072
433,-1,10.1,451.2,117.3,177.8,0.060
434,-1,536.0,245.8,271.1,707.8,1.000
434,-1,1030.6,359.8,117.7,404.8,0.999
434,-1,1811.5,420.8,98.7,236.1,0.999
434,-1,1704.2,422.7,101.6,233.4,0.997
434,-1,1776.1,431.4,59.8,200.2,0.990
434,-1,1172.0,477.9,71.6,161.3,0.989
434,-1,1331.6,449.8,75.0,197.5,0.989
434,-1,1675.5,410.5,71.9,239.9,0.984
434,-1,926.6,528.5,34.3,80.2,0.973
434,-1,810.9,516.5,48.5,114.8,0.973
434,-1,1860.4,401.8,59.6,240.4,0.971
434,-1,122.6,529.5,71.1,213.9,0.932
434,-1,45.2,566.0,67.2,183.6,0.878
434,-1,247.8,517.3,44.4,54.3,0.835
434,-1,1250.7,356.1,97.6,116.4,0.603
434,-1,5.8,498.8,102.2,246.5,0.551
434,-1,249.8,515.7,51.6,150.8,0.491
434,-1,1864.9,403.9,55.1,125.1,0.418
434,-1,1000.4,489.9,43.1,123.2,0.300
434,-1,980.9,478.9,70.8,232.7,0.276
434,-1,59.0,538.1,117.2,207.8,0.221
434,-1,1792.6,426.1,74.5,222.9,0.212
434,-1,0.8,533.8,57.8,178.5,0.186
434,-1,974.0,527.2,32.9,73.5,0.137
434,-1,49.0,565.8,61.4,91.8,0.051
435,-1,513.0,242.4,271.5,709.8,1.000
435,-1,1045.2,362.2,117.5,403.5,0.999
435,-1,1816.8,417.3,97.2,243.9,0.999
435,-1,1710.0,422.5,94.0,232.3,0.998
435,-1,1680.1,410.8,74.9,244.9,0.997
435,-1,1782.5,430.3,53.5,200.7,0.993
435,-1,929.4,527.0,32.4,81.6,0.993
435,-1,811.1,518.6,48.5,114.3,0.988
435,-1,1178.4,475.8,64.7,163.5,0.985
435,-1,1336.4,448.8,68.9,198.1,0.979
435,-1,1868.9,401.1,51.1,262.2,0.962
435,-1,120.9,531.3,71.0,212.0,0.952
435,-1,44.0,551.3,65.9,198.6,0.858
435,-1,247.7,517.3,45.0,54.1,0.835
435,-1,1246.6,358.2,97.4,115.6,0.702
435,-1,250.2,515.5,52.6,149.6,0.440
435,-1,0.0,549.1,40.5,207.7,0.396
435,-1,0.0,572.6,23.5,133.8,0.391
435,-1,8.2,500.2,107.4,262.2,0.382
435,-1,0.2,564.5,27.6,312.6,0.337
435,-1,2.3,516.0,62.7,267.7,0.306
435,-1,973.3,527.2,36.9,74.7,0.252
435,-1,1867.5,404.7,52.5,112.4,0.209
435,-1,0.2,458.1,45.1,131.7,0.163
435,-1,17.8,561.8,72.4,177.2,0.118
435,-1,77.2,515.3,102.9,233.7,0.083
435,-1,6.8,454.1,93.4,152.6,0.080
436,-1,498.8,239.1,271.4,720.4,1.000
436,-1,1053.0,362.4,112.9,398.9,0.999
436,-1,1683.8,411.9,80.3,245.3,0.999
436,-1,1819.2,416.4,95.0,246.8,0.998
436,-1,1718.8,422.4,87.7,231.9,0.998
436,-1,930.8,526.5,32.5,82.3,0.990
436,-1,1785.1,427.9,51.6,203.7,0.988
436,-1,809.9,516.9,47.2,118.2,0.984
436,-1,1187.0,474.8,56.9,165.9,0.977
436,-1,1863.9,403.1,56.1,261.5,0.975
436,-1,1343.3,449.2,63.7,196.4,0.974
436,-1,125.0,534.2,66.4,207.5,0.974
436,-1,21.1,482.3,91.4,269.3,0.820
436,-1,245.9,517.1,47.7,53.9,0.793
436,-1,1252.1,355.7,94.5,117.3,0.755
436,-1,973.2,525.6,37.9,75.7,0.549
436,-1,250.3,517.0,44.6,142.8,0.308
436,-1,0.0,508.2,26.3,255.9,0.291
436,-1,1.8,544.7,65.1,224.2,0.216
436,-1,0.0,580.2,15.4,166.9,0.153
436,-1,58.3,516.2,112.8,231.6,0.120
436,-1,3.2,455.9,83.2,154.7,0.079
436,-1,0.2,453.6,43.7,146.3,0.065
437,-1,1053.0,367.4,120.1,395.8,0.999
437,-1,478.3,240.8,292.4,727.2,0.999
437,-1,1685.9,412.8,80.1,245.2,0.998
437,-1,1820.7,417.8,95.2,244.8,0.995
437,-1,1725.3,426.7,73.0,225.8,0.995
437,-1,1787.8,426.7,55.4,204.2,0.984
437,-1,931.7,524.6,30.3,84.2,0.983
437,-1,1348.5,450.0,53.4,196.5,0.981
437,-1,124.8,532.3,67.3,211.0,0.964
437,-1,1191.3,474.3,53.1,165.9,0.963
437,-1,808.6,518.1,47.6,112.9,0.960
437,-1,1875.2,407.1,44.8,234.4,0.917
437,-1,247.7,517.6,44.4,54.0,0.836
437,-1,38.3,537.8,72.6,209.4,0.791
437,-1,1251.8,356.3,95.2,116.6,0.739
437,-1,2.6,467.7,106.8,285.7,0.704
437,-1,1874.7,403.6,45.3,122.1,0.594
437,-1,250.1,515.2,52.0,152.5,0.453
437,-1,971.9,525.0,37.8,76.0,0.268
437,-1,0.0,564.4,26.7,342.2,0.240
437,-1,36.6,508.1,127.3,240.7,0.122
437,-1,0.0,591.1,17.1,162.9,0.110
437,-1,3.5,536.2,65.8,214.9,0.108
437,-1,0.0,520.5,35.9,235.9,0.096
437,-1,4.5,459.4,106.3,155.0,0.066
438,-1,455.2,239.8,307.6,746.6,1.000
438,-1,1063.9,367.3,124.2,393.3,0.999
438,-1,1822.7,417.6,97.3,253.6,0.998
438,-1,1729.0,422.6,71.9,228.3,0.997
438,-1,1689.1,414.8,72.1,235.7,0.996
438,-1,1357.9,449.9,55.5,195.8,0.992
438,-1,1196.7,470.5,51.9,170.5,0.989
438,-1,1793.9,428.0,41.7,205.9,0.976
438,-1,125.1,529.3,66.3,212.6,0.970
438,-1,805.8,519.5,49.1,113.8,0.962
438,-1,1876.6,409.6,43.4,196.5,0.921
438,-1,935.0,529.5,29.2,79.5,0.859
438,-1,246.3,516.8,47.4,53.5,0.855
438,-1,0.3,277.7,21.3,224.2,0.751
438,-1,1249.9,353.0,95.0,120.8,0.708
438,-1,0.4,588.2,50.2,199.4,0.688
438,-1,27.2,530.8,83.4,214.1,0.687
438,-1,0.2,308.6,49.7,490.7,0.556
438,-1,248.3,522.0,50.5,101.4,0.411
438,-1,3.7,429.5,100.4,343.8,0.289
438,-1,3.3,539.7,73.2,235.6,0.181
438,-1,0.2,302.5,30.5,361.8,0.175
438,-1,1012.6,506.7,33.8,160.7,0.159
438,-1,10.2,499.0,97.3,101.4,0.155
438,-1,3.6,532.9,90.9,120.7,0.135
438,-1,976.4,517.6,58.1,195.6,0.128
438,-1,68.0,514.9,116.5,229.5,0.125
438,-1,1.0,594.1,40.4,338.3,0.074
438,-1,1811.3,429.5,39.5,200.1,0.072
438,-1,974.1,525.4,34.3,74.5,0.068
438,-1,1752.1,420.6,77.6,220.4,0.061
438,-1,19.1,566.6,87.7,104.4,0.053
439,-1,439.4,236.8,318.0,759.2,1.000
439,-1,1059.8,370.6,135.5,389.1,0.999
439,-1,1693.4,416.6,69.2,233.6,0.997
439,-1,1733.5,424.2,73.7,226.9,0.997
439,-1,1823.7,420.0,96.3,250.6,0.995
439,-1,1198.3,469.7,52.6,169.8,0.992
439,-1,1360.0,449.2,60.2,196.8,0.991
439,-1,125.0,529.4,66.7,211.8,0.980
439,-1,804.8,518.5,47.9,114.2,0.966
439,-1,1798.9,427.3,37.8,200.7,0.965
439,-1,0.9,277.8,68.5,668.8,0.940
439,-1,55.5,523.8,62.8,224.8,0.862
439,-1,247.4,517.2,45.9,54.5,0.855
439,-1,0.4,273.3,34.8,222.9,0.845
439,-1,1879.9,406.2,38.7,115.1,0.826
439,-1,1249.2,353.1,97.2,121.4,0.765
439,-1,1879.8,412.0,40.2,237.9,0.696
439,-1,249.6,515.7,53.2,152.1,0.492
439,-1,935.7,528.1,29.6,81.0,0.468
439,-1,4.2,377.2,109.5,391.7,0.388
439,-1,1.4,275.2,52.3,399.2,0.296
439,-1,16.0,504.1,99.5,173.1,0.271
439,-1,1800.1,427.7,37.3,36.4,0.247
439,-1,0.4,550.3,77.9,276.0,0.247
439,-1,44.4,503.4,66.6,129.2,0.125
439,-1,63.1,515.3,115.8,232.1,0.111
439,-1,1003.9,517.0,39.9,157.0,0.100
439,-1,54.7,617.6,54.0,126.3,0.094
439,-1,246.2,520.9,70.7,87.1,0.084
439,-1,974.5,526.4,66.6,155.8,0.082
439,-1,972.8,527.6,35.6,73.8,0.058
440,-1,426.6,234.0,307.5,763.4,1.000
440,-1,1065.8,371.7,142.9,383.7,0.999
440,-1,1696.1,415.5,68.5,236.2,0.998
440,-1,1740.0,425.5,73.5,225.6,0.997
440,-1,1831.2,424.6,69.4,234.8,0.997
440,-1,1367.1,450.0,56.5,195.1,0.996
440,-1,0.6,277.4,113.9,655.9,0.994
440,-1,1204.8,468.9,51.5,169.7,0.990
440,-1,125.3,532.5,66.2,209.1,0.970
440,-1,1800.6,428.4,40.5,197.6,0.966
440,-1,806.0,521.7,47.4,113.2,0.955
440,-1,1882.4,390.4,37.6,276.7,0.931
440,-1,938.5,529.0,22.1,79.1,0.865
440,-1,246.2,517.1,48.0,54.4,0.830
440,-1,1252.2,355.7,95.5,117.5,0.699
440,-1,0.3,271.3,53.2,242.1,0.648
440,-1,1884.7,404.4,24.9,58.4,0.591
440,-1,248.6,519.6,51.3,132.0,0.511
440,-1,48.5,516.7,64.7,228.9,0.352
440,-1,967.0,528.6,68.5,131.6,0.333
440,-1,1886.6,394.7,31.0,138.8,0.324
440,-1,966.8,527.5,56.1,80.5,0.246
440,-1,1679.3,482.2,27.9,98.7,0.162
440,-1,24.4,506.0,89.9,154.9,0.151
440,-1,1759.2,428.8,91.6,227.2,0.066
440,-1,53.7,508.5,124.8,284.5,0.053
440,-1,1888.2,404.4,22.1,34.0,0.050
441,-1,455.9,233.2,269.2,765.8,1.000
441,-1,1070.6,374.0,147.4,381.2,0.999
441,-1,1826.7,426.6,61.5,231.8,0.998
441,-1,1745.7,425.6,75.9,224.2,0.998
441,-1,0.7,283.4,161.4,655.5,0.997
441,-1,1369.4,450.6,61.3,194.5,0.997
441,-1,1699.6,416.1,60.2,233.7,0.997
441,-1,1870.1,381.2,49.9,291.5,0.989
441,-1,1202.7,469.0,58.5,169.8,0.979
441,-1,1801.3,432.4,42.3,195.4,0.965
441,-1,125.6,528.6,65.6,212.6,0.964
441,-1,813.0,520.2,35.1,101.6,0.929
441,-1,246.1,516.6,48.0,54.0,0.881
441,-1,1251.5,355.3,95.7,118.0,0.642
441,-1,940.9,531.3,18.6,77.2,0.631
441,-1,1680.2,476.2,29.7,109.6,0.474
441,-1,248.1,521.3,50.7,118.1,0.464
441,-1,51.5,524.5,63.1,212.4,0.433
441,-1,0.9,266.3,79.1,574.2,0.308
441,-1,48.2,502.7,65.7,143.6,0.217
441,-1,969.2,526.0,54.7,83.7,0.199
441,-1,401.9,412.1,102.2,290.6,0.160
441,-1,969.4,527.9,71.8,143.2,0.157
441,-1,0.4,275.3,66.6,258.3,0.131
441,-1,5.6,500.7,113.1,272.3,0.117
441,-1,45.6,513.2,115.1,251.6,0.105
441,-1,1846.5,426.1,40.0,40.3,0.087
441,-1,8.0,555.7,161.3,344.2,0.067
442,-1,410.4,227.4,296.7,772.9,1.000
442,-1,1073.5,372.6,143.8,383.0,0.999
442,-1,1829.8,427.9,54.9,229.2,0.999
442,-1,1747.4,425.8,76.1,223.3,0.998
442,-1,0.0,277.0,204.0,651.6,0.997
442,-1,1370.3,452.2,74.2,193.7,0.996
442,-1,1701.1,415.0,59.3,235.1,0.995
442,-1,1871.5,392.9,48.5,284.3,0.988
442,-1,1204.3,472.1,61.5,165.8,0.978
442,-1,1801.8,432.8,43.4,195.2,0.949
442,-1,121.8,524.8,69.1,217.8,0.944
442,-1,247.5,516.9,45.3,53.0,0.849
442,-1,1677.7,471.5,38.5,115.8,0.840
442,-1,942.5,535.3,16.7,72.9,0.709
442,-1,1249.3,354.4,96.4,119.6,0.703
442,-1,970.6,530.1,47.3,76.9,0.495
442,-1,251.0,516.4,53.6,147.4,0.457
442,-1,0.6,268.9,86.5,542.1,0.349
442,-1,970.9,525.9,70.2,118.9,0.340
442,-1,52.7,503.7,62.1,154.9,0.238
442,-1,819.9,532.7,28.1,66.1,0.232
442,-1,73.7,503.8,111.2,247.2,0.177
442,-1,15.9,510.5,103.6,205.1,0.095
442,-1,13.4,500.4,176.0,356.1,0.067
442,-1,1009.5,518.9,35.2,130.2,0.060
443,-1,374.0,221.8,304.8,774.2,0.999
443,-1,1096.6,371.1,122.7,376.3,0.999
443,-1,0.0,278.8,255.1,636.4,0.998
443,-1,1748.7,426.6,83.0,222.8,0.998
443,-1,1373.2,453.6,84.7,191.6,0.996
443,-1,1709.8,418.9,56.4,231.1,0.994
443,-1,1861.9,395.0,58.1,280.6,0.990
443,-1,1211.4,469.5,68.0,168.1,0.983
443,-1,1831.1,433.4,48.7,220.5,0.926
443,-1,119.1,528.1,76.0,212.7,0.910
443,-1,1808.9,434.9,42.8,191.7,0.898
443,-1,1680.9,470.5,39.0,116.5,0.866
443,-1,246.1,516.8,48.0,53.5,0.828
443,-1,941.8,538.1,16.9,70.4,0.761
443,-1,1251.5,355.1,96.5,117.5,0.670
443,-1,972.1,530.4,43.3,76.8,0.513
443,-1,1813.9,436.3,34.7,100.6,0.407
443,-1,251.8,516.5,50.8,146.3,0.396
443,-1,1806.6,472.9,27.1,153.0,0.269
443,-1,1787.8,429.1,49.9,197.5,0.229
443,-1,56.7,502.2,56.9,131.0,0.142
443,-1,0.5,275.5,127.7,544.5,0.112
443,-1,972.1,526.3,64.5,113.3,0.107
443,-1,17.3,453.1,173.3,303.8,0.079
443,-1,1840.2,399.5,54.9,165.7,0.076
443,-1,182.4,480.7,50.0,97.0,0.053
443,-1,1858.6,393.4,61.4,107.4,0.051
444,-1,369.3,209.3,300.2,791.4,1.000
444,-1,0.0,271.7,268.9,643.7,0.999
444,-1,1106.7,368.2,118.3,377.3,0.998
444,-1,1840.8,394.4,79.2,280.8,0.997
444,-1,1749.1,425.5,88.5,224.9,0.997
444,-1,1372.4,451.1,90.7,197.0,0.996
444,-1,1809.1,433.7,48.8,195.3,0.991
444,-1,1716.7,413.2,55.7,233.6,0.990
444,-1,1211.0,469.5,72.7,172.2,0.986
444,-1,121.5,521.0,74.2,223.0,0.906
444,-1,1679.2,472.3,44.4,112.7,0.889
444,-1,246.4,516.4,48.3,53.3,0.845
444,-1,1255.7,354.7,91.6,117.6,0.514
444,-1,1817.3,435.9,32.4,85.1,0.419
444,-1,1.0,277.1,128.2,583.9,0.396
444,-1,251.7,516.3,52.4,145.8,0.370
444,-1,1808.0,478.3,27.2,144.9,0.290
444,-1,942.8,525.1,28.8,83.0,0.280
444,-1,971.2,535.1,55.6,72.8,0.104
444,-1,1832.6,425.1,53.8,231.5,0.070
444,-1,51.8,425.7,144.7,325.9,0.053
445,-1,350.9,208.2,303.1,790.8,0.999
445,-1,0.6,290.5,276.2,618.8,0.999
445,-1,1123.3,368.4,114.6,375.3,0.999
445,-1,1374.5,453.1,87.8,193.2,0.998
445,-1,1833.6,386.6,86.4,288.9,0.997
445,-1,1757.2,427.2,77.9,221.2,0.997
445,-1,1716.4,416.5,56.6,229.2,0.992
445,-1,1222.2,470.7,70.6,168.2,0.986
445,-1,1812.1,432.4,39.6,198.5,0.942
445,-1,1679.2,474.2,51.7,112.5,0.925
445,-1,246.5,516.6,47.8,53.1,0.861
445,-1,116.8,535.5,75.0,199.2,0.824
445,-1,1819.5,434.0,30.4,73.3,0.747
445,-1,52.3,632.9,106.3,114.6,0.745
445,-1,1255.4,356.6,89.1,115.9,0.533
445,-1,1902.2,382.7,17.8,286.4,0.352
445,-1,54.0,563.3,137.4,181.7,0.323
445,-1,253.0,516.5,49.5,148.1,0.313
445,-1,1908.1,420.1,11.9,62.5,0.300
445,-1,1903.1,392.0,16.9,79.8,0.269
445,-1,1900.8,378.2,19.2,53.2,0.198
445,-1,942.5,527.7,30.1,79.5,0.182
445,-1,54.1,668.8,47.5,79.2,0.176
445,-1,1820.1,433.6,28.0,38.0,0.175
445,-1,1620.0,493.9,19.5,106.1,0.148
445,-1,248.2,531.9,30.4,40.9,0.146
445,-1,14.4,284.3,176.6,473.0,0.136
445,-1,972.8,554.6,35.0,52.0,0.108
445,-1,181.2,477.3,52.6,87.0,0.092
445,-1,248.0,522.0,72.0,92.2,0.082
445,-1,1542.5,479.1,44.1,136.6,0.060
446,-1,345.9,206.9,290.7,800.2,1.000
446,-1,0.8,290.8,278.1,620.2,1.000
446,-1,1833.6,383.1,86.4,294.2,0.999
446,-1,1134.9,366.1,111.9,375.9,0.999
446,-1,1374.4,452.7,86.8,193.3,0.998
446,-1,1759.3,428.0,76.1,220.5,0.998
446,-1,1718.3,415.9,64.0,230.3,0.989
446,-1,1232.3,471.3,66.6,165.2,0.979
446,-1,1822.2,435.8,29.2,60.5,0.910
446,-1,247.6,517.4,44.2,53.4,0.902
446,-1,1814.2,432.5,37.6,198.4,0.900
446,-1,1679.2,472.3,50.3,115.6,0.896
446,-1,1894.2,381.9,25.8,269.0,0.736
446,-1,1250.1,354.5,97.3,118.6,0.602
446,-1,1893.9,381.8,26.1,110.0,0.600
446,-1,252.1,516.2,48.3,144.9,0.516
446,-1,972.6,535.7,35.0,70.9,0.373
446,-1,65.2,671.3,42.9,76.9,0.363
446,-1,945.8,526.4,29.9,80.9,0.266
446,-1,127.6,536.4,64.0,196.8,0.162
446,-1,1814.6,497.6,28.1,118.4,0.156
446,-1,1622.1,492.1,26.7,108.5,0.134
446,-1,977.2,384.5,12.1,43.3,0.071
446,-1,35.3,669.8,69.4,87.7,0.058
447,-1,0.0,286.2,278.2,625.6,1.000
447,-1,303.3,204.0,328.9,810.2,1.000
447,-1,1142.5,368.2,110.5,377.5,0.999
447,-1,1813.0,386.4,106.8,292.1,0.998
447,-1,1375.6,453.0,88.3,194.0,0.998
447,-1,1763.4,429.4,70.9,220.9,0.997
447,-1,1722.0,417.2,57.9,225.3,0.991
447,-1,1231.2,470.7,68.5,167.2,0.977
447,-1,1680.0,472.3,48.9,114.7,0.923
447,-1,246.0,517.0,47.4,53.9,0.917
447,-1,1884.6,382.6,35.4,268.0,0.881
447,-1,1825.5,433.2,21.2,45.1,0.621
447,-1,1814.5,433.9,35.8,187.9,0.552
447,-1,1250.2,355.2,96.1,118.4,0.528
447,-1,250.6,517.3,43.4,148.7,0.367
447,-1,945.5,523.2,34.6,85.1,0.331
447,-1,971.0,522.8,37.8,85.2,0.174
447,-1,1839.3,391.3,46.0,40.8,0.161
447,-1,1622.2,491.2,27.2,108.0,0.153
447,-1,1887.8,382.8,32.2,145.0,0.135
447,-1,1704.5,473.4,32.0,110.8,0.133
447,-1,973.0,558.8,29.1,48.8,0.123
447,-1,1828.5,393.3,58.9,89.9,0.082
447,-1,129.1,506.3,65.9,186.9,0.078
447,-1,977.4,385.1,12.1,42.7,0.074
447,-1,65.0,668.6,53.3,78.3,0.073
447,-1,1544.7,476.9,42.3,141.1,0.064
447,-1,1009.4,521.0,36.9,129.6,0.054
448,-1,0.0,283.5,279.2,621.4,1.000
448,-1,243.9,194.6,365.6,827.7,1.000
448,-1,1148.7,370.8,111.1,375.2,0.999
448,-1,1781.4,396.5,135.9,280.3,0.998
448,-1,1721.2,412.5,74.4,231.4,0.997
448,-1,1375.7,452.4,97.0,194.4,0.996
448,-1,1766.7,431.7,64.5,215.9,0.989
448,-1,1875.8,383.8,44.2,266.0,0.986
448,-1,1237.1,470.1,63.6,166.2,0.971
448,-1,1680.3,472.4,50.6,115.5,0.935
448,-1,246.0,517.1,48.6,55.8,0.884
448,-1,975.1,523.5,31.7,84.5,0.764
448,-1,1248.4,354.2,98.5,119.3,0.685
448,-1,802.3,433.8,81.8,229.5,0.566
448,-1,1711.3,476.1,29.1,109.3,0.467
448,-1,951.5,525.4,29.1,80.8,0.356
448,-1,582.4,401.3,37.9,125.4,0.238
448,-1,1014.8,541.0,30.8,106.0,0.203
448,-1,1619.3,489.4,21.4,103.4,0.171
448,-1,1846.2,580.9,23.7,41.8,0.131
448,-1,1813.7,396.2,79.5,159.3,0.128
448,-1,966.7,537.2,22.9,69.7,0.113
448,-1,693.3,355.9,87.8,404.5,0.086
448,-1,996.3,523.1,15.0,61.8,0.074
448,-1,1239.6,477.2,47.7,107.4,0.066
448,-1,1780.2,546.0,80.0,108.9,0.065
449,-1,0.0,283.5,283.1,633.0,1.000
449,-1,202.6,201.8,405.2,818.4,0.999
449,-1,1155.3,372.1,118.3,372.3,0.998
449,-1,1378.9,452.8,96.6,193.1,0.997
449,-1,1772.7,401.1,144.4,278.1,0.996
449,-1,1722.9,411.1,71.7,232.0,0.995
449,-1,1872.1,382.4,47.9,283.0,0.978
449,-1,1769.5,433.3,65.3,220.4,0.971
449,-1,1242.7,469.9,56.4,120.6,0.939
449,-1,1680.4,472.8,51.3,115.2,0.924
449,-1,246.0,516.8,48.7,55.1,0.828
449,-1,982.5,529.9,24.5,75.5,0.726
449,-1,960.4,523.7,26.4,85.1,0.693
449,-1,1250.9,354.3,94.8,118.4,0.659
449,-1,971.1,531.1,26.6,75.1,0.469
449,-1,1237.4,463.6,64.8,215.6,0.452
449,-1,1801.6,400.3,91.8,198.4,0.369
449,-1,1015.4,540.4,30.8,106.4,0.236
449,-1,125.2,674.1,39.5,65.7,0.232
449,-1,1619.3,486.2,20.2,107.9,0.179
449,-1,576.2,406.7,43.8,110.9,0.162
449,-1,791.1,523.2,30.0,62.8,0.119
449,-1,693.0,357.9,87.8,397.5,0.097
449,-1,989.9,531.9,17.7,53.3,0.072
449,-1,1847.5,588.7,20.8,34.5,0.062
449,-1,6.1,622.1,69.1,72.9,0.061
449,-1,1709.8,482.8,29.8,102.1,0.059
450,-1,182.1,199.8,431.1,837.0,1.000
450,-1,0.0,284.8,292.5,647.6,1.000
450,-1,1160.1,375.0,140.9,363.1,0.998
450,-1,1769.1,403.7,145.1,269.5,0.995
450,-1,1387.6,451.7,87.3,194.8,0.995
450,-1,1862.0,384.3,58.0,258.5,0.989
450,-1,1718.7,411.0,77.2,229.3,0.989
450,-1,1253.2,468.7,53.0,128.4,0.944
450,-1,1680.2,473.9,50.8,114.2,0.928
450,-1,960.8,522.0,29.1,86.6,0.895
450,-1,789.6,518.6,39.9,99.1,0.813
450,-1,972.5,528.2,33.6,79.1,0.793
450,-1,1773.3,428.2,58.2,232.2,0.771
450,-1,1252.6,354.8,93.7,122.7,0.585
450,-1,1241.7,465.6,64.4,225.2,0.531
450,-1,821.5,434.2,62.0,179.8,0.485
450,-1,246.3,517.6,46.4,58.2,0.417
450,-1,1775.2,436.6,43.3,110.4,0.149
450,-1,989.2,529.2,22.8,70.2,0.148
450,-1,1796.7,408.2,90.2,211.1,0.109
450,-1,1014.9,540.2,31.5,105.2,0.106
450,-1,694.0,349.5,87.6,410.8,0.098
450,-1,1797.8,433.5,20.2,28.9,0.091
450,-1,1813.5,402.3,62.6,92.3,0.090
450,-1,40.5,282.7,196.2,485.4,0.070
450,-1,12.8,499.5,90.7,221.0,0.061
450,-1,1032.1,528.4,34.2,153.6,0.058
450,-1,1159.7,426.8,24.6,144.4,0.053
451,-1,175.0,201.1,435.7,844.2,1.000
451,-1,4.4,285.3,288.9,639.1,0.999
451,-1,1162.0,377.1,148.5,363.2,0.998
451,-1,1725.2,414.9,72.9,224.2,0.994
451,-1,1390.7,451.6,82.8,193.0,0.994
451,-1,1766.4,397.2,147.3,277.2,0.994
451,-1,1850.9,387.7,69.1,272.1,0.987
451,-1,961.7,519.7,31.6,89.0,0.940
451,-1,793.0,520.0,37.7,98.3,0.938
451,-1,1680.2,473.5,51.2,114.7,0.936
451,-1,1257.6,465.9,48.9,125.3,0.924
451,-1,1245.4,464.7,72.7,243.5,0.853
451,-1,1903.6,405.3,16.4,38.0,0.581
451,-1,1269.3,355.6,77.5,119.5,0.542
451,-1,31.0,547.0,134.3,298.9,0.326
451,-1,1912.0,403.2,8.0,187.2,0.315
451,-1,70.1,628.8,76.6,208.4,0.251
451,-1,983.3,527.1,25.9,74.4,0.250
451,-1,970.9,543.4,33.9,63.8,0.192
451,-1,0.4,615.1,25.7,169.9,0.183
451,-1,0.2,623.2,23.3,91.1,0.164
451,-1,33.1,576.2,65.5,152.1,0.108
451,-1,0.2,608.7,11.8,179.2,0.093
451,-1,1037.4,522.3,23.0,42.9,0.092
451,-1,1848.4,409.5,24.5,73.7,0.091
451,-1,993.1,526.7,16.7,48.5,0.091
451,-1,1787.1,402.1,75.1,200.7,0.086
451,-1,1905.0,403.6,15.0,138.4,0.069
451,-1,573.5,401.8,47.9,105.2,0.068
451,-1,287.4,200.6,260.8,589.9,0.064
452,-1,1168.3,384.9,162.8,354.3,1.000
452,-1,162.2,200.7,446.3,858.5,1.000
452,-1,22.6,284.2,249.7,631.2,0.999
452,-1,1769.3,398.4,141.4,279.2,0.995
452,-1,1722.4,412.3,77.1,233.9,0.994
452,-1,1404.8,451.6,67.2,196.0,0.993
452,-1,1847.7,382.2,72.3,268.8,0.991
452,-1,1680.6,473.7,49.6,114.4,0.948
452,-1,793.9,519.0,37.4,95.5,0.938
452,-1,1262.4,466.8,49.1,123.7,0.935
452,-1,961.9,523.2,37.7,83.9,0.840
452,-1,1914.4,404.7,5.5,201.0,0.672
452,-1,1259.9,463.1,61.1,233.0,0.640
452,-1,1907.0,407.8,13.0,47.0,0.602
452,-1,47.1,579.7,57.7,169.8,0.509
452,-1,1273.2,358.3,71.6,113.0,0.434
452,-1,1901.8,404.2,18.2,83.1,0.349
452,-1,16.1,502.1,87.2,251.6,0.345
452,-1,1895.5,417.5,23.8,43.7,0.310
452,-1,1846.4,428.0,17.0,58.0,0.296
452,-1,987.8,527.0,24.1,74.6,0.237
452,-1,24.0,513.4,129.4,304.0,0.171
452,-1,0.0,602.6,20.0,178.6,0.157
452,-1,1847.1,429.8,15.1,31.6,0.153
452,-1,260.9,200.5,266.1,600.7,0.126
452,-1,1799.6,400.0,41.1,38.2,0.124
452,-1,1622.9,490.6,26.3,106.4,0.097
452,-1,1906.7,406.3,13.3,25.6,0.092
452,-1,977.3,387.4,9.7,42.5,0.076
452,-1,0.1,585.5,10.1,195.5,0.063
452,-1,1818.6,422.5,77.7,227.3,0.055
452,-1,64.4,456.0,39.7,124.7,0.054
452,-1,1903.5,405.9,16.5,215.2,0.053
452,-1,0.0,531.1,26.6,232.2,0.052
452,-1,575.3,403.7,45.3,105.3,0.050
453,-1,154.3,191.3,427.1,860.5,1.000
453,-1,1168.0,383.6,155.2,355.2,0.998
453,-1,64.8,272.9,196.5,630.8,0.997
453,-1,1417.6,452.0,59.9,197.8,0.995
453,-1,1763.4,397.5,133.5,279.5,0.995
453,-1,1836.9,386.7,83.1,269.4,0.987
453,-1,1724.0,413.9,73.6,230.0,0.983
453,-1,1680.4,472.5,49.9,115.7,0.941
453,-1,967.1,521.3,38.8,88.2,0.886
453,-1,1269.3,465.8,48.2,129.3,0.885
453,-1,793.3,518.7,37.8,102.6,0.868
453,-1,1261.4,458.3,71.7,256.3,0.832
453,-1,1915.4,408.5,4.5,220.8,0.600
453,-1,1892.4,413.1,27.6,187.0,0.589
453,-1,36.9,571.0,73.3,175.3,0.423
453,-1,1270.7,357.2,75.5,128.6,0.379
453,-1,1874.3,408.0,45.5,235.0,0.310
453,-1,1768.3,413.4,62.4,240.6,0.237
453,-1,0.0,362.8,33.6,135.1,0.236
453,-1,1622.9,489.3,26.5,109.4,0.197
453,-1,571.8,398.5,50.2,106.8,0.176
453,-1,18.3,459.5,96.7,290.5,0.158
453,-1,1893.1,408.9,26.9,88.7,0.143
453,-1,0.0,620.7,15.5,144.4,0.141
453,-1,1790.2,398.7,58.3,94.5,0.132
453,-1,991.3,526.5,19.7,69.9,0.128
453,-1,1.8,475.9,76.6,321.4,0.117
453,-1,70.3,282.3,186.6,327.3,0.100
453,-1,81.7,461.1,41.1,141.1,0.062
453,-1,1787.2,406.9,79.9,230.2,0.052
454,-1,138.7,186.6,426.3,874.2,1.000
454,-1,1166.5,383.7,163.3,353.2,0.998
454,-1,1421.0,452.0,58.3,196.6,0.997
454,-1,82.7,267.3,167.6,641.4,0.994
454,-1,1757.9,398.1,111.7,275.9,0.991
454,-1,1828.9,389.5,91.1,263.5,0.990
454,-1,1680.1,473.2,49.8,113.9,0.948
454,-1,99.2,279.0,165.6,357.8,0.946
454,-1,1728.9,418.7,58.9,203.4,0.931
454,-1,1266.9,450.3,69.1,271.6,0.909
454,-1,1892.7,419.7,27.3,179.7,0.866
454,-1,967.8,520.6,34.6,87.9,0.779
454,-1,1277.3,464.1,38.8,90.1,0.747
454,-1,57.0,573.3,58.0,176.3,0.701
454,-1,796.1,521.7,33.0,98.0,0.682
454,-1,4.2,528.0,123.1,222.5,0.504
454,-1,1277.2,359.5,65.2,115.7,0.382
454,-1,92.3,462.3,46.9,165.7,0.218
454,-1,79.0,715.8,165.2,181.7,0.191
454,-1,1623.0,489.2,26.3,110.1,0.172
454,-1,33.9,499.4,75.2,80.7,0.108
454,-1,0.0,366.8,43.9,163.8,0.076
454,-1,25.3,504.1,89.3,184.9,0.075
454,-1,1810.6,419.1,50.9,199.6,0.067
454,-1,575.9,400.4,44.0,109.0,0.063
455,-1,128.5,176.9,384.5,892.6,0.999
455,-1,1171.9,380.6,166.0,353.5,0.999
455,-1,1425.7,449.2,57.1,200.1,0.998
455,-1,1735.5,398.1,122.0,273.3,0.995
455,-1,1821.4,393.3,98.6,267.5,0.994
455,-1,1885.4,421.3,34.6,189.4,0.966
455,-1,108.5,259.2,151.9,650.2,0.953
455,-1,1680.3,473.2,49.6,114.5,0.948
455,-1,108.4,276.1,159.2,292.0,0.887
455,-1,56.6,560.4,55.8,189.2,0.742
455,-1,141.7,705.7,95.2,199.8,0.644
455,-1,5.3,534.2,115.1,213.6,0.610
455,-1,1282.1,358.0,62.3,176.5,0.579
455,-1,106.5,387.6,81.1,188.7,0.463
455,-1,134.8,517.9,104.8,370.2,0.439
455,-1,140.4,280.5,132.9,158.9,0.390
455,-1,183.3,279.2,93.2,88.6,0.322
455,-1,970.1,521.1,38.3,86.7,0.307
455,-1,1732.8,411.2,69.8,233.4,0.294
455,-1,575.7,403.0,45.5,123.5,0.289
455,-1,1242.4,362.9,96.1,233.4,0.193
455,-1,99.2,373.5,107.7,524.4,0.177
455,-1,1275.3,342.1,66.3,364.5,0.156
455,-1,0.0,380.0,53.6,135.0,0.131
455,-1,1620.8,491.6,19.1,107.4,0.125
455,-1,40.2,499.1,73.3,79.9,0.118
455,-1,2.8,482.3,112.9,180.3,0.089
455,-1,1805.5,415.5,54.1,224.4,0.077
455,-1,971.6,563.5,31.2,45.2,0.076
455,-1,1415.9,524.8,23.6,70.4,0.069
455,-1,58.5,476.4,135.1,297.3,0.055
455,-1,106.9,447.3,59.6,133.7,0.053
456,-1,106.1,175.1,360.9,878.9,1.000
456,-1,1194.3,377.2,143.3,354.4,0.998
456,-1,1429.5,449.5,65.3,196.9,0.998
456,-1,1735.5,398.6,105.8,273.9,0.996
456,-1,1812.2,394.4,107.8,271.5,0.992
456,-1,1883.4,423.6,36.6,246.4,0.990
456,-1,1680.3,473.9,50.1,114.2,0.953
456,-1,193.6,279.5,74.8,72.1,0.684
456,-1,2.2,404.3,107.0,346.9,0.622
456,-1,165.6,723.3,66.7,182.6,0.549
456,-1,0.1,385.8,61.5,129.4,0.506
456,-1,1283.3,358.2,64.2,172.1,0.492
456,-1,27.4,522.0,81.4,226.8,0.428
456,-1,1810.2,435.9,22.1,61.7,0.311
456,-1,95.4,342.6,145.0,555.8,0.259
456,-1,0.1,388.7,90.3,179.7,0.241
456,-1,575.6,402.8,46.4,123.1,0.227
456,-1,1805.0,408.8,45.7,231.3,0.217
456,-1,1249.9,358.5,95.3,313.6,0.210
456,-1,52.6,575.0,50.6,172.5,0.169
456,-1,1416.9,526.5,27.9,68.3,0.152
456,-1,1619.6,489.4,22.1,110.5,0.124
456,-1,37.5,499.1,73.0,81.8,0.118
456,-1,1807.1,433.0,25.7,116.6,0.112
456,-1,693.2,366.2,88.4,393.1,0.112
456,-1,0.6,379.9,55.4,359.7,0.109
456,-1,1289.0,382.9,50.4,233.3,0.096
456,-1,148.2,464.3,87.1,438.5,0.062
456,-1,1424.7,541.2,22.7,48.8,0.058
456,-1,2.3,533.7,80.0,104.2,0.056
456,-1,94.5,281.0,170.4,234.6,0.050
457,-1,63.4,162.1,360.6,896.4,1.000
457,-1,1203.1,367.3,140.6,364.8,0.998
457,-1,1432.6,450.5,68.4,194.7,0.998
457,-1,1732.4,395.0,96.0,278.2,0.997
457,-1,1805.2,395.6,112.6,275.5,0.995
457,-1,1872.6,428.0,47.4,213.3,0.984
457,-1,1680.5,473.8,48.8,114.4,0.946
457,-1,164.7,741.4,65.7,167.8,0.479
457,-1,1621.8,494.0,28.1,105.8,0.132
457,-1,1848.0,403.9,31.8,66.2,0.113
457,-1,1811.6,392.7,68.3,79.8,0.093
457,-1,1285.9,366.1,63.7,179.3,0.093
457,-1,5.4,496.2,100.7,193.5,0.075
457,-1,932.2,538.1,30.9,76.9,0.070
457,-1,1868.3,447.1,14.2,46.1,0.063
457,-1,913.7,443.0,20.7,74.8,0.060
457,-1,1426.7,538.9,23.2,52.4,0.054
458,-1,33.3,154.2,368.5,917.0,0.999
458,-1,1435.2,449.4,75.0,197.4,0.998
458,-1,1222.8,371.2,128.9,360.7,0.998
458,-1,1724.0,395.6,91.2,281.7,0.997
458,-1,1802.0,392.3,107.7,279.5,0.995
458,-1,1875.4,428.8,44.6,216.6,0.990
458,-1,1680.2,473.6,50.3,114.1,0.937
458,-1,1847.1,433.4,36.8,173.3,0.825
458,-1,1852.4,438.1,24.1,87.7,0.809
458,-1,1849.8,436.9,29.7,42.8,0.455
458,-1,932.0,537.2,32.2,68.7,0.191
458,-1,1870.9,451.1,26.3,129.1,0.158
458,-1,308.3,735.8,72.6,136.1,0.124
458,-1,299.8,475.8,103.9,389.2,0.121
458,-1,129.7,361.4,269.9,537.4,0.091
458,-1,1861.6,446.8,26.5,125.9,0.073
458,-1,571.8,400.1,49.7,106.5,0.067
458,-1,771.6,520.7,32.9,71.5,0.065
458,-1,145.7,625.8,233.1,271.5,0.058
458,-1,932.9,538.1,21.7,37.3,0.054
459,-1,21.3,147.9,373.9,926.0,0.999
459,-1,1717.5,395.9,90.9,280.0,0.999
459,-1,1242.6,374.7,111.2,352.1,0.998
459,-1,1436.1,451.2,86.2,196.5,0.997
459,-1,1876.9,428.3,43.1,217.4,0.995
459,-1,1794.3,394.0,104.7,276.0,0.994
459,-1,1845.4,433.8,39.8,185.4,0.927
459,-1,1679.1,473.3,47.3,111.3,0.912
459,-1,295.0,693.5,118.9,188.2,0.675
459,-1,1849.2,437.8,27.3,93.4,0.635
459,-1,775.7,519.5,34.5,88.4,0.623
459,-1,1848.9,435.2,29.9,32.2,0.226
459,-1,5.1,335.9,132.2,497.8,0.164
459,-1,1789.6,390.2,58.8,271.5,0.143
459,-1,747.8,553.5,256.1,143.4,0.127
459,-1,1621.0,488.0,35.8,112.9,0.117
459,-1,572.9,398.9,48.8,107.4,0.112
459,-1,190.2,169.9,223.0,707.9,0.097
459,-1,9.1,359.3,127.9,139.2,0.096
459,-1,1862.7,443.6,21.2,84.0,0.093
459,-1,1778.5,400.2,40.7,252.1,0.086
459,-1,144.1,646.6,256.7,243.4,0.062
459,-1,1876.5,447.7,24.1,131.4,0.050
460,-1,8.4,144.6,359.9,929.8,0.999
460,-1,1249.4,370.8,114.5,362.9,0.998
460,-1,1698.7,400.6,112.5,273.1,0.998
460,-1,1440.6,450.5,84.7,194.8,0.998
460,-1,1838.5,434.3,47.0,204.4,0.994
460,-1,1785.5,399.1,84.0,269.2,0.990
460,-1,1885.8,426.7,34.2,218.9,0.989
460,-1,1679.0,472.5,42.1,112.7,0.940
460,-1,283.5,665.2,160.8,210.2,0.877
460,-1,774.3,520.2,34.6,90.1,0.754
460,-1,275.6,367.7,174.0,504.6,0.504
460,-1,1.0,344.6,68.6,469.1,0.461
460,-1,0.2,350.8,93.3,156.5,0.278
460,-1,0.2,348.9,36.0,255.9,0.195
460,-1,1832.3,432.9,22.3,26.9,0.194
460,-1,1857.3,438.1,23.7,48.7,0.145
460,-1,1852.5,435.2,29.2,97.5,0.143
460,-1,1622.7,494.2,27.2,107.0,0.128
460,-1,153.7,499.0,286.6,369.2,0.125
460,-1,1878.3,451.4,23.0,133.8,0.123
460,-1,1778.5,399.4,46.3,201.5,0.114
460,-1,1869.0,447.2,16.8,58.8,0.113
460,-1,0.2,344.1,38.8,138.6,0.110
460,-1,1866.2,447.4,21.2,128.9,0.089
460,-1,0.0,343.7,30.0,49.6,0.076
460,-1,17.0,359.1,22.1,31.2,0.068
460,-1,1158.4,406.0,61.4,35.4,0.059
460,-1,693.2,362.0,87.7,401.1,0.055
461,-1,19.7,140.9,330.1,931.6,1.000
461,-1,1250.4,374.3,120.8,356.8,0.999
461,-1,1676.4,396.5,137.6,278.5,0.999
461,-1,1879.9,429.4,40.1,215.3,0.996
461,-1,1443.8,451.4,83.8,193.9,0.996
461,-1,1835.4,431.7,51.0,210.2,0.994
461,-1,1780.4,391.8,76.5,278.4,0.991
461,-1,269.2,311.4,186.1,559.4,0.975
461,-1,773.6,520.7,36.9,91.0,0.921
461,-1,1678.5,476.3,39.8,109.9,0.838
461,-1,280.1,637.4,179.8,236.3,0.791
461,-1,0.0,355.2,71.5,134.0,0.736
461,-1,294.9,297.2,89.5,204.0,0.657
461,-1,0.0,356.4,18.0,42.7,0.336
461,-1,0.7,350.4,67.5,394.4,0.217
461,-1,60.5,639.5,391.4,239.1,0.171
461,-1,915.3,517.5,92.7,183.5,0.166
461,-1,1865.9,443.9,19.2,43.8,0.160
461,-1,1253.7,375.1,84.4,127.4,0.151
461,-1,1859.5,438.7,20.5,41.1,0.128
461,-1,284.2,292.3,70.2,80.6,0.126
461,-1,285.2,294.2,75.9,143.7,0.124
461,-1,1863.6,444.0,24.7,89.4,0.089
461,-1,1427.7,529.1,40.4,61.9,0.063
461,-1,692.6,372.6,87.1,384.7,0.063
461,-1,1250.1,392.7,48.0,122.7,0.062
461,-1,880.3,441.6,106.6,258.5,0.050
462,-1,9.4,143.2,319.0,936.8,0.999
462,-1,1259.7,378.2,113.8,344.6,0.999
462,-1,1660.0,399.9,144.8,272.7,0.999
462,-1,1440.3,450.8,90.1,195.1,0.997
462,-1,248.0,309.7,217.5,566.5,0.997
462,-1,1881.6,431.6,38.4,209.7,0.994
462,-1,1828.1,431.2,58.2,210.3,0.991
462,-1,1774.4,395.3,69.2,269.2,0.985
462,-1,771.7,521.1,39.4,91.7,0.933
462,-1,1678.3,473.3,38.5,112.0,0.619
462,-1,1310.2,374.2,51.9,131.4,0.336
462,-1,946.5,522.6,62.3,174.7,0.294
462,-1,1262.0,374.6,91.3,140.1,0.261
462,-1,1860.8,435.3,21.3,45.7,0.256
462,-1,1867.7,442.1,20.0,47.4,0.198
462,-1,1717.4,404.2,42.0,40.8,0.156
462,-1,1861.4,440.5,24.3,83.7,0.147
462,-1,571.9,401.5,49.2,104.1,0.137
462,-1,20.8,149.9,303.0,492.4,0.128
462,-1,693.0,362.9,88.1,400.0,0.099
462,-1,1278.3,374.8,65.5,96.6,0.091
462,-1,275.4,296.4,122.2,457.7,0.087
462,-1,1257.3,399.8,43.2,206.2,0.069
462,-1,1768.9,400.1,48.5,220.4,0.051
463,-1,6.9,156.0,320.9,918.8,1.000
463,-1,217.4,308.8,259.3,560.7,0.999
463,-1,1262.0,378.1,120.7,347.8,0.999
463,-1,1652.8,403.1,150.5,272.1,0.998
463,-1,1444.1,450.2,88.4,198.0,0.996
463,-1,1823.3,429.7,65.9,213.0,0.996
463,-1,1886.7,433.2,33.3,203.4,0.992
463,-1,1763.0,393.5,79.3,278.1,0.988
463,-1,771.0,518.2,42.9,92.8,0.872
463,-1,574.0,400.7,47.2,109.8,0.201
463,-1,1795.5,404.6,48.6,157.0,0.177
463,-1,1758.3,398.1,48.8,200.5,0.155
463,-1,1266.8,373.6,66.7,138.3,0.101
463,-1,1854.5,434.2,38.9,196.0,0.100
463,-1,744.8,515.7,69.6,133.7,0.075
463,-1,0.0,147.9,298.6,492.5,0.069
463,-1,693.5,358.7,90.2,403.5,0.067
463,-1,1873.7,447.0,17.2,83.7,0.055
463,-1,218.7,649.0,119.1,185.0,0.051
464,-1,6.9,150.1,314.5,919.0,1.000
464,-1,1273.3,385.1,119.6,337.9,0.999
464,-1,210.1,307.4,271.0,576.5,0.999
464,-1,1649.3,407.0,151.3,265.9,0.998
464,-1,1755.1,397.6,88.0,272.3,0.997
464,-1,1821.4,429.6,68.8,210.6,0.995
464,-1,1459.5,450.9,74.5,195.7,0.993
464,-1,1888.8,435.4,31.2,198.5,0.979
464,-1,767.6,521.9,43.8,78.8,0.738
464,-1,1887.5,442.8,24.1,131.2,0.228
464,-1,1905.0,437.5,14.7,205.2,0.221
464,-1,1757.1,400.1,47.0,225.0,0.135
464,-1,232.9,496.7,41.3,133.7,0.118
464,-1,1888.8,440.3,22.7,71.8,0.103
464,-1,751.0,518.7,81.3,114.8,0.100
464,-1,1881.4,447.9,22.1,151.5,0.074
464,-1,0.0,137.5,278.5,454.5,0.068
464,-1,1619.5,464.0,39.5,135.2,0.065
464,-1,1855.4,433.5,40.0,194.8,0.064
464,-1,1678.4,410.0,90.7,202.9,0.055
465,-1,192.9,302.4,291.2,590.5,1.000
465,-1,2.6,133.2,288.7,946.8,0.999
465,-1,1282.6,392.4,121.8,329.9,0.999
465,-1,1642.6,409.4,160.9,263.8,0.998
465,-1,1745.3,400.0,98.5,272.0,0.997
465,-1,1815.4,428.4,80.1,213.0,0.996
465,-1,1467.5,453.6,63.1,191.4,0.992
465,-1,1895.1,444.0,24.9,188.5,0.953
465,-1,1890.7,443.8,23.4,104.3,0.402
465,-1,1890.3,442.7,22.0,49.7,0.400
465,-1,1878.9,467.5,23.5,150.2,0.283
465,-1,0.0,134.1,247.4,525.3,0.249
465,-1,742.1,521.6,298.5,183.4,0.218
465,-1,1906.6,454.6,13.3,183.3,0.175
465,-1,1785.4,414.2,54.2,222.8,0.163
465,-1,1163.6,490.0,21.4,151.8,0.145
465,-1,1336.5,392.0,57.0,116.9,0.126
465,-1,1884.0,446.8,28.3,164.2,0.125
465,-1,243.6,431.9,51.5,169.6,0.098
465,-1,1729.1,413.9,74.4,251.7,0.088
465,-1,570.6,400.5,49.6,105.4,0.072
466,-1,215.4,301.3,267.4,592.9,0.999
466,-1,1.5,127.3,272.6,928.9,0.999
466,-1,1286.5,391.8,121.8,329.3,0.999
466,-1,1650.1,408.1,141.3,266.8,0.997
466,-1,1815.1,428.1,82.3,213.7,0.995
466,-1,1470.0,450.5,60.4,197.0,0.994
466,-1,1746.8,409.6,98.1,262.2,0.977
466,-1,1787.9,419.8,54.0,208.5,0.946
466,-1,1163.6,496.4,22.5,147.4,0.924
466,-1,1896.3,441.8,23.6,137.8,0.898
466,-1,1890.1,444.6,22.2,87.1,0.701
466,-1,1890.5,444.3,21.0,44.3,0.691
466,-1,74.9,841.0,209.6,227.9,0.656
466,-1,1732.4,399.0,72.3,265.4,0.618
466,-1,1880.4,469.9,25.1,146.4,0.450
466,-1,0.0,125.3,225.9,464.3,0.397
466,-1,1782.3,414.9,28.4,36.7,0.376
466,-1,1788.3,418.4,43.1,114.9,0.322
466,-1,1912.8,469.3,7.0,167.5,0.307
466,-1,1906.7,451.2,13.1,169.7,0.267
466,-1,570.8,399.3,51.7,106.6,0.206
466,-1,1888.6,446.4,25.6,162.6,0.166
466,-1,123.4,680.9,66.8,67.8,0.121
466,-1,130.6,525.6,82.7,216.6,0.099
466,-1,1880.5,454.0,24.1,86.2,0.096
466,-1,1667.3,411.4,78.0,211.3,0.084
467,-1,1289.4,392.0,129.0,332.6,0.999
467,-1,241.7,301.5,240.9,590.1,0.999
467,-1,3.3,96.1,242.8,973.1,0.999
467,-1,1816.4,428.2,84.0,214.0,0.996
467,-1,1477.4,449.7,58.2,196.0,0.995
467,-1,1657.4,407.7,123.5,266.8,0.995
467,-1,1781.2,417.1,61.4,214.7,0.983
467,-1,1724.4,400.5,115.4,270.3,0.941
467,-1,1163.3,493.5,21.7,151.4,0.876
467,-1,1899.1,451.2,20.9,124.9,0.798
467,-1,1891.9,445.3,20.7,54.6,0.697
467,-1,46.2,845.7,202.4,224.4,0.606
467,-1,929.4,444.3,77.6,77.0,0.594
467,-1,130.4,495.2,75.5,250.5,0.540
467,-1,1885.1,451.6,23.4,165.6,0.519
467,-1,1.0,120.2,201.6,493.4,0.417
467,-1,247.0,531.7,29.6,44.7,0.302
467,-1,14.8,553.0,237.3,498.6,0.282
467,-1,123.7,614.0,67.2,129.3,0.253
467,-1,920.7,444.2,106.4,268.5,0.162
467,-1,572.4,399.6,50.1,105.0,0.155
467,-1,1889.6,445.6,21.0,102.3,0.142
467,-1,1735.1,402.6,59.2,244.2,0.142
467,-1,1913.2,465.7,6.7,172.5,0.122
467,-1,1886.2,459.5,16.9,68.6,0.080
467,-1,1713.6,417.3,43.6,201.9,0.071
467,-1,1693.3,512.9,86.3,157.6,0.068
467,-1,1658.6,410.9,65.5,246.4,0.061
468,-1,1298.8,389.2,123.1,335.2,0.999
468,-1,277.3,298.0,205.5,581.4,0.999
468,-1,0.0,99.8,180.6,971.7,0.998
468,-1,1719.7,407.0,120.5,264.6,0.996
468,-1,1826.2,430.6,79.1,209.5,0.996
468,-1,1642.8,406.9,113.8,269.2,0.995
468,-1,1781.5,422.1,63.4,209.4,0.992
468,-1,1479.9,447.7,64.7,197.2,0.985
468,-1,1161.4,465.5,25.9,179.0,0.964
468,-1,127.5,556.3,62.9,184.1,0.899
468,-1,1903.7,447.7,16.3,122.8,0.790
468,-1,246.3,519.7,42.3,53.5,0.718
468,-1,1892.1,443.6,19.4,43.2,0.585
468,-1,1887.9,448.8,24.4,163.9,0.481
468,-1,1353.5,390.1,54.0,106.6,0.470
468,-1,575.7,403.0,47.0,113.0,0.416
468,-1,1709.2,407.1,60.7,243.9,0.414
468,-1,1889.8,446.5,20.3,87.4,0.370
468,-1,1754.8,568.9,17.1,41.1,0.304
468,-1,30.2,864.5,156.1,209.3,0.244
468,-1,2.0,106.0,166.9,454.3,0.131
468,-1,268.4,517.9,29.7,54.7,0.120
468,-1,1619.6,480.8,20.1,109.1,0.111
468,-1,245.5,514.6,56.7,162.1,0.099
468,-1,5.3,710.7,184.9,349.3,0.091
468,-1,106.8,518.7,83.6,288.4,0.083
468,-1,1627.3,510.0,28.5,88.7,0.060
468,-1,694.3,361.9,92.3,396.2,0.055
469,-1,1311.3,387.8,108.1,330.6,1.000
469,-1,291.7,302.3,192.9,572.6,0.999
469,-1,1711.9,405.3,128.0,268.5,0.999
469,-1,2.1,123.3,146.0,947.8,0.997
469,-1,1825.3,431.5,87.0,210.4,0.996
469,-1,1631.8,404.3,109.1,266.3,0.996
469,-1,1483.9,448.9,67.3,197.7,0.990
469,-1,1776.6,420.6,70.1,210.1,0.989
469,-1,114.2,482.6,76.7,261.7,0.985
469,-1,1161.7,466.8,28.1,176.4,0.980
469,-1,1910.0,452.3,9.9,127.0,0.883
469,-1,246.8,516.9,45.3,55.3,0.845
469,-1,925.1,474.9,112.4,235.0,0.583
469,-1,124.7,473.7,60.3,63.5,0.548
469,-1,1887.3,451.5,23.7,161.6,0.426
469,-1,1892.4,443.8,19.2,40.4,0.377
469,-1,249.9,517.0,42.6,152.5,0.254
469,-1,1708.6,402.4,68.1,250.1,0.229
469,-1,1901.5,460.6,18.5,131.8,0.222
469,-1,1618.9,476.4,18.5,40.3,0.204
469,-1,1889.6,453.5,18.8,80.0,0.153
469,-1,1358.2,394.9,53.0,107.4,0.148
469,-1,1895.0,446.1,20.0,98.4,0.117
469,-1,1500.1,453.2,31.7,32.8,0.111
469,-1,249.3,520.8,69.9,95.5,0.100
469,-1,1619.3,485.3,23.1,92.2,0.091
469,-1,1754.2,565.4,17.5,43.1,0.075
469,-1,268.0,517.5,30.6,51.1,0.065
469,-1,115.5,473.2,62.3,132.8,0.056
469,-1,1659.2,407.8,134.5,266.3,0.051
470,-1,311.2,302.8,188.4,564.9,0.999
470,-1,1321.5,386.5,105.9,322.3,0.999
470,-1,1701.5,409.7,135.8,256.7,0.999
470,-1,1828.1,432.9,86.2,208.2,0.996
470,-1,1.6,102.1,120.9,977.9,0.996
470,-1,1769.1,416.8,81.2,221.5,0.995
470,-1,1625.8,404.7,96.3,265.3,0.993
470,-1,1487.2,452.5,71.7,194.2,0.993
470,-1,1162.0,463.9,32.4,181.3,0.990
470,-1,120.4,531.2,69.7,209.4,0.968
470,-1,247.0,517.1,45.6,54.8,0.859
470,-1,942.5,535.6,19.6,70.1,0.856
470,-1,122.1,473.7,63.8,64.3,0.647
470,-1,1880.3,441.2,36.8,171.9,0.480
470,-1,1893.0,444.2,19.2,44.1,0.414
470,-1,249.6,516.0,49.4,151.1,0.384
470,-1,247.8,531.5,29.5,38.8,0.359
470,-1,1908.2,448.5,11.8,126.9,0.293
470,-1,1890.6,453.5,19.1,80.1,0.274
470,-1,268.4,516.5,28.0,51.1,0.241
470,-1,1620.5,495.7,19.8,93.5,0.200
470,-1,1323.6,400.4,56.5,243.6,0.153
470,-1,254.9,516.5,61.8,60.6,0.123
470,-1,1619.8,479.8,17.6,52.0,0.094
470,-1,1358.3,396.7,65.5,232.7,0.089
470,-1,572.3,400.3,48.5,103.4,0.072
470,-1,0.4,102.9,116.1,516.2,0.070
470,-1,1881.4,443.9,26.3,67.7,0.055
471,-1,317.5,301.7,195.9,564.0,1.000
471,-1,1698.2,406.3,124.9,263.7,0.999
471,-1,1329.6,381.6,102.0,328.2,0.999
471,-1,1162.0,462.5,38.0,183.1,0.997
471,-1,1778.2,420.5,74.9,210.5,0.996
471,-1,1829.6,433.9,83.8,207.5,0.996
471,-1,1624.7,401.0,78.6,271.9,0.995
471,-1,1488.8,449.5,78.6,197.2,0.991
471,-1,0.5,111.6,99.3,968.4,0.982
471,-1,121.8,529.4,67.6,212.3,0.975
471,-1,941.6,539.3,19.7,65.4,0.972
471,-1,246.7,516.5,45.6,55.4,0.914
471,-1,63.7,507.5,45.3,235.9,0.635
471,-1,249.0,515.6,50.6,151.0,0.591
471,-1,953.8,531.5,67.3,166.3,0.516
471,-1,1881.9,441.8,34.5,172.2,0.458
471,-1,1906.9,454.2,13.1,121.4,0.395
471,-1,1891.4,446.4,19.9,110.7,0.376
471,-1,60.2,645.7,47.5,103.3,0.352
471,-1,1898.0,453.3,22.0,151.4,0.349
471,-1,1892.4,444.1,19.8,37.1,0.280
471,-1,118.8,475.6,67.3,69.8,0.217
471,-1,1619.8,493.7,18.4,100.6,0.143
471,-1,1328.9,406.9,50.5,234.9,0.126
471,-1,1684.4,448.9,31.9,143.7,0.109
471,-1,271.0,519.7,23.5,47.6,0.090
471,-1,57.4,496.5,51.8,91.3,0.086
471,-1,574.2,403.0,47.3,105.4,0.075
471,-1,1619.2,457.2,18.9,74.0,0.072
471,-1,245.8,519.1,70.1,75.2,0.054
472,-1,332.2,297.9,191.6,570.8,1.000
472,-1,1692.1,406.5,122.6,264.3,0.999
472,-1,1334.4,383.2,102.1,326.0,0.999
472,-1,1163.8,461.9,38.3,180.8,0.998
472,-1,1781.4,420.9,70.6,211.9,0.997
472,-1,1493.5,446.6,82.9,199.7,0.997
472,-1,1619.5,407.6,77.4,264.0,0.995
472,-1,1832.0,436.3,80.2,204.0,0.995
472,-1,124.9,527.3,66.2,212.8,0.980
472,-1,1.3,241.1,81.4,838.9,0.979
472,-1,939.5,539.1,21.5,64.0,0.956
472,-1,246.6,516.3,47.9,54.7,0.899
472,-1,1881.5,440.8,35.8,175.3,0.846
472,-1,64.5,574.8,46.9,175.3,0.723
472,-1,1909.3,459.5,10.7,134.7,0.581
472,-1,250.5,516.0,51.9,146.5,0.485
472,-1,122.2,472.9,62.5,66.1,0.472
472,-1,964.6,526.6,70.2,178.6,0.403
472,-1,1896.8,454.5,22.1,146.7,0.382
472,-1,1329.5,403.8,42.2,240.4,0.363
472,-1,1619.0,463.5,14.5,52.8,0.359
472,-1,1895.6,449.4,19.4,96.7,0.349
472,-1,268.2,517.5,32.3,51.6,0.296
472,-1,1880.9,443.6,28.7,84.5,0.284
472,-1,46.8,500.7,62.4,241.7,0.239
472,-1,60.6,526.2,90.0,222.8,0.219
472,-1,52.9,498.2,56.6,101.0,0.207
472,-1,120.8,393.0,84.6,117.2,0.200
472,-1,1878.7,440.0,15.5,26.7,0.190
472,-1,51.6,634.3,54.7,113.6,0.190
472,-1,1894.2,445.0,17.1,30.4,0.172
472,-1,1893.4,444.3,19.4,53.6,0.142
472,-1,574.9,402.6,46.1,106.2,0.112
472,-1,118.0,405.6,83.6,302.6,0.106
472,-1,246.4,520.7,70.7,77.3,0.089
472,-1,1537.6,466.0,47.3,146.4,0.089
472,-1,1878.7,440.1,23.5,61.2,0.079
472,-1,1619.0,464.2,15.8,106.7,0.071
472,-1,78.3,487.2,106.7,248.6,0.056
472,-1,1537.2,491.5,27.1,65.1,0.055
473,-1,338.9,303.7,208.7,563.6,1.000
473,-1,1341.4,382.3,100.1,327.7,1.000
473,-1,1678.3,405.3,114.1,264.2,0.999
473,-1,1783.2,422.3,71.0,214.8,0.998
473,-1,1609.7,406.5,79.0,267.2,0.998
473,-1,1165.4,464.1,46.5,179.9,0.997
473,-1,1834.4,438.5,75.8,199.6,0.997
473,-1,1495.1,447.3,102.4,198.6,0.991
473,-1,936.7,538.7,25.3,65.7,0.980
473,-1,1.2,382.4,56.1,688.7,0.954
473,-1,116.1,504.9,75.6,238.8,0.937
473,-1,246.2,516.3,47.9,55.1,0.896
473,-1,54.7,526.4,64.0,222.6,0.843
473,-1,1880.7,439.8,37.8,173.9,0.787
473,-1,0.9,430.9,49.5,364.6,0.660
473,-1,1878.1,437.7,18.2,31.5,0.577
473,-1,1877.6,443.8,32.2,117.8,0.520
473,-1,1893.4,445.6,25.6,107.4,0.486
473,-1,250.5,516.5,53.0,147.5,0.474
473,-1,573.9,402.2,48.4,103.8,0.311
473,-1,130.3,473.8,57.7,97.0,0.278
473,-1,1893.0,444.5,19.9,43.8,0.252
473,-1,43.4,498.7,66.1,117.1,0.208
473,-1,974.0,536.5,45.2,155.3,0.205
473,-1,18.8,498.5,95.9,219.0,0.199
473,-1,1879.5,438.7,28.8,64.0,0.189
473,-1,8.3,468.1,62.8,174.9,0.188
473,-1,1538.3,488.8,56.0,140.3,0.174
473,-1,50.1,497.8,131.5,255.9,0.173
473,-1,1333.6,434.6,39.8,205.9,0.160
473,-1,1907.1,452.3,12.9,153.5,0.142
473,-1,5.6,441.3,87.7,557.5,0.121
473,-1,1623.5,408.9,122.3,259.8,0.086
473,-1,17.3,522.5,52.7,223.7,0.068
473,-1,43.3,539.0,68.3,120.0,0.067
473,-1,1882.4,441.3,27.7,32.8,0.053
474,-1,1349.5,384.7,99.6,326.2,1.000
474,-1,347.7,303.2,235.4,566.8,1.000
474,-1,1674.9,403.6,104.9,267.2,0.999
474,-1,1165.2,463.2,59.9,178.9,0.998
474,-1,1786.6,420.8,68.6,214.6,0.998
474,-1,1590.4,414.6,99.7,257.2,0.997
474,-1,1837.6,439.1,75.4,196.5,0.996
474,-1,936.1,538.6,24.3,66.4,0.994
474,-1,1497.4,449.4,105.6,197.8,0.993
474,-1,113.4,494.2,77.0,250.2,0.898
474,-1,1879.5,438.7,38.3,172.6,0.885
474,-1,20.9,499.7,95.7,250.5,0.849
474,-1,245.7,516.1,49.8,55.2,0.844
474,-1,0.2,507.1,34.0,192.2,0.670
474,-1,50.2,554.6,59.3,193.1,0.617
474,-1,0.7,464.0,49.5,267.5,0.530
474,-1,1877.9,438.7,33.8,84.1,0.499
474,-1,1878.7,437.1,20.1,30.3,0.424
474,-1,249.7,514.3,54.1,151.6,0.403
474,-1,1896.1,443.7,19.1,48.5,0.335
474,-1,1894.7,448.9,25.2,147.4,0.310
474,-1,145.0,394.0,78.4,121.5,0.230
474,-1,3.4,510.5,76.1,268.4,0.203
474,-1,34.5,499.4,74.1,160.6,0.177
474,-1,0.1,621.3,48.5,429.8,0.174
474,-1,0.3,822.1,47.1,248.9,0.159
474,-1,1337.8,407.3,49.4,233.5,0.153
474,-1,1164.8,473.2,27.6,167.0,0.122
474,-1,114.5,469.1,71.7,73.3,0.117
474,-1,574.2,402.4,47.6,102.2,0.100
474,-1,53.2,500.2,62.5,85.5,0.082
474,-1,7.6,484.4,70.3,146.1,0.081
474,-1,692.5,363.5,94.1,386.4,0.079
474,-1,1883.5,441.0,23.9,31.6,0.074
474,-1,333.2,482.6,21.7,33.5,0.065
474,-1,8.6,545.9,85.1,128.6,0.058
474,-1,1908.3,457.4,11.7,144.0,0.057
474,-1,40.1,577.4,67.7,83.8,0.051
475,-1,362.7,296.9,255.4,572.2,1.000
475,-1,1354.4,385.0,116.4,323.8,1.000
475,-1,1665.9,403.1,90.1,265.8,0.999
475,-1,1167.0,463.7,70.1,179.5,0.998
475,-1,1571.4,417.0,120.1,256.7,0.997
475,-1,1789.8,421.6,65.6,210.3,0.997
475,-1,1839.6,439.2,74.8,194.8,0.994
475,-1,1495.0,451.8,98.8,203.8,0.988
475,-1,933.8,539.0,22.2,65.1,0.976
475,-1,1879.2,438.5,39.8,171.9,0.953
475,-1,116.2,505.1,74.2,239.0,0.902
475,-1,36.2,533.9,71.6,215.9,0.788
475,-1,245.7,516.4,49.6,54.3,0.771
475,-1,1879.2,438.0,35.5,81.5,0.642
475,-1,246.2,515.5,49.4,159.9,0.408
475,-1,0.0,533.6,49.5,530.3,0.332
475,-1,0.0,858.4,46.3,219.1,0.272
475,-1,1893.4,443.8,26.5,134.0,0.202
475,-1,110.9,460.2,75.0,78.1,0.186
475,-1,1855.0,436.3,22.0,26.9,0.129
475,-1,1.2,540.1,52.8,146.9,0.121
475,-1,575.3,402.3,45.7,105.5,0.121
475,-1,246.6,521.8,76.6,106.8,0.120
475,-1,51.5,502.0,131.6,252.4,0.114
475,-1,57.9,594.7,53.4,154.4,0.099
475,-1,971.9,534.2,45.8,68.5,0.079
475,-1,1909.4,461.5,10.6,143.4,0.077
475,-1,2.4,544.2,91.6,285.2,0.071
475,-1,9.8,498.1,105.9,196.0,0.067
475,-1,1339.2,419.8,43.1,222.6,0.066
475,-1,38.5,581.8,69.5,80.2,0.054
475,-1,2.8,473.4,72.6,273.8,0.054
475,-1,51.0,497.3,60.7,112.8,0.052
475,-1,0.1,465.7,48.7,165.4,0.050
475,-1,124.7,630.5,62.8,111.4,0.050
476,-1,370.7,300.9,261.7,569.6,1.000
476,-1,1361.2,392.3,128.3,318.6,0.999
476,-1,1167.9,465.1,77.2,178.7,0.999
476,-1,1552.8,416.7,135.5,258.4,0.998
476,-1,1653.5,403.1,90.6,267.7,0.998
476,-1,1790.0,421.8,65.2,211.2,0.997
476,-1,1840.9,438.1,74.0,196.5,0.995
476,-1,1495.5,451.1,94.7,200.2,0.990
476,-1,932.4,538.8,22.7,66.9,0.975
476,-1,116.3,513.3,73.7,228.6,0.949
476,-1,27.2,501.3,88.5,248.9,0.911
476,-1,0.3,528.3,51.0,153.8,0.809
476,-1,1878.3,435.5,40.7,163.3,0.797
476,-1,245.6,516.0,50.2,54.8,0.766
476,-1,1880.1,437.3,37.8,67.8,0.636
476,-1,2.8,535.9,69.9,239.5,0.352
476,-1,247.2,516.3,49.0,157.4,0.347
476,-1,1889.1,442.6,30.8,108.4,0.275
476,-1,0.0,531.1,51.0,522.9,0.226
476,-1,574.5,402.6,46.4,104.2,0.187
476,-1,1899.7,451.9,20.3,155.7,0.149
476,-1,11.1,500.1,64.9,164.8,0.141
476,-1,1854.8,435.3,23.4,29.6,0.139
476,-1,55.4,512.5,127.8,232.4,0.127
476,-1,246.6,521.7,75.2,99.6,0.121
476,-1,0.2,854.5,44.4,219.5,0.094
476,-1,970.4,532.6,45.7,71.0,0.089
476,-1,1.1,464.7,62.1,123.1,0.063
476,-1,1588.2,422.0,66.8,157.2,0.057
476,-1,46.6,499.0,63.4,94.4,0.055
477,-1,382.0,305.1,258.8,566.0,1.000
477,-1,1365.2,391.9,135.8,317.5,0.999
477,-1,1167.0,465.3,81.9,178.1,0.999
477,-1,1553.1,418.6,134.8,255.9,0.998
477,-1,1648.1,404.1,87.4,265.6,0.998
477,-1,1792.0,421.3,62.9,208.4,0.997
477,-1,1841.8,435.2,73.8,199.9,0.994
477,-1,1500.9,451.2,86.9,193.4,0.992
477,-1,930.3,539.5,21.2,66.2,0.963
477,-1,1879.1,436.4,40.4,178.7,0.951
477,-1,20.7,499.6,94.5,252.5,0.933
477,-1,109.6,504.0,81.1,239.2,0.923
477,-1,245.9,516.2,49.3,54.5,0.838
477,-1,0.4,531.3,49.8,160.4,0.763
477,-1,1880.1,436.5,38.0,88.3,0.550
477,-1,247.7,521.6,51.3,85.3,0.384
477,-1,0.2,1024.0,58.6,55.6,0.275
477,-1,53.5,564.1,56.3,183.9,0.267
477,-1,0.0,502.0,70.3,363.8,0.232
477,-1,574.6,403.5,47.4,103.2,0.228
477,-1,45.9,502.1,129.3,247.0,0.224
477,-1,2.8,549.9,77.3,201.7,0.179
477,-1,1856.5,433.7,23.2,29.8,0.157
477,-1,1895.8,441.3,24.1,149.6,0.157
477,-1,123.9,601.2,64.1,139.5,0.150
477,-1,1.2,481.6,63.0,140.0,0.107
477,-1,0.2,873.3,52.7,202.1,0.104
477,-1,37.9,497.4,70.2,89.4,0.097
477,-1,169.8,457.8,65.9,85.5,0.073
477,-1,1705.4,416.0,44.4,181.9,0.072
477,-1,1909.4,459.1,10.6,145.3,0.064
478,-1,393.4,310.4,251.7,558.1,1.000
478,-1,1373.0,395.1,128.8,314.8,0.999
478,-1,1639.0,404.5,94.5,266.8,0.999
478,-1,1168.3,465.7,81.4,178.7,0.999
478,-1,1549.5,420.7,131.5,253.2,0.997
478,-1,1844.7,435.0,72.2,198.7,0.997
478,-1,1792.6,422.5,64.1,207.8,0.997
478,-1,1504.8,451.7,81.0,190.1,0.958
478,-1,124.0,526.9,67.1,217.6,0.948
478,-1,929.0,539.3,19.9,65.6,0.915
478,-1,12.2,503.0,100.6,250.3,0.887
478,-1,245.9,516.5,49.0,54.0,0.858
478,-1,43.0,566.0,64.8,183.6,0.733
478,-1,0.6,532.8,46.4,164.5,0.732
478,-1,1880.8,435.8,38.4,175.4,0.691
478,-1,575.4,400.0,44.4,104.2,0.521
478,-1,248.9,518.7,49.3,153.5,0.505
478,-1,1883.4,436.6,36.0,66.3,0.501
478,-1,4.6,527.5,69.3,210.9,0.401
478,-1,1894.1,441.2,25.9,133.8,0.256
478,-1,75.0,512.9,107.5,233.3,0.248
478,-1,1882.4,435.2,28.0,42.3,0.226
478,-1,178.1,438.8,58.6,133.8,0.189
478,-1,0.1,552.0,26.4,133.7,0.163
478,-1,52.0,499.3,62.0,88.2,0.102
478,-1,973.3,526.5,47.0,75.1,0.095
478,-1,6.7,572.0,91.3,120.2,0.076
478,-1,1578.9,422.8,58.4,149.8,0.074
478,-1,1.4,509.8,61.6,141.8,0.069
478,-1,1484.9,456.1,54.3,163.4,0.062
478,-1,35.4,499.9,73.0,132.2,0.052
478,-1,1701.4,423.8,47.2,168.3,0.052
479,-1,398.8,316.4,248.1,550.7,1.000
479,-1,1374.7,397.7,135.1,310.2,0.999
479,-1,1633.3,404.4,97.9,268.3,0.999
479,-1,1173.6,463.2,74.3,181.4,0.998
479,-1,1552.6,422.0,123.2,252.6,0.998
479,-1,1792.7,417.7,64.0,213.8,0.998
479,-1,1843.9,435.0,74.2,199.4,0.997
479,-1,124.5,526.7,66.9,215.6,0.966
479,-1,14.0,501.3,99.2,251.1,0.924
479,-1,1526.5,452.2,51.9,176.8,0.919
479,-1,928.1,539.4,16.3,65.0,0.891
479,-1,245.7,517.1,49.6,54.9,0.842
479,-1,52.3,573.5,56.2,175.4,0.736
479,-1,1884.2,434.8,35.6,89.6,0.641
479,-1,1881.3,435.2,38.4,182.9,0.583
479,-1,248.3,519.7,50.5,139.8,0.545
479,-1,0.9,543.9,41.7,175.9,0.460
479,-1,573.7,400.8,47.1,98.0,0.390
479,-1,181.4,454.4,60.7,109.2,0.271
479,-1,1894.4,439.2,25.6,129.8,0.155
479,-1,72.1,506.7,115.9,245.3,0.146
479,-1,1896.3,439.8,23.7,55.6,0.132
479,-1,973.0,529.9,49.2,75.3,0.131
479,-1,1677.4,417.2,15.4,31.0,0.115
479,-1,38.7,497.5,70.2,88.4,0.104
479,-1,1701.7,423.3,47.5,171.4,0.089
479,-1,1461.0,457.6,20.6,33.7,0.076
479,-1,3.6,553.0,61.6,205.4,0.069
479,-1,8.4,585.8,87.9,149.2,0.064
479,-1,14.6,533.7,61.0,90.4,0.053
479,-1,1682.7,418.0,51.3,171.5,0.050
480,-1,399.8,321.0,249.3,540.5,1.000
480,-1,1619.4,406.9,112.6,267.1,0.999
480,-1,1379.3,399.1,134.4,308.5,0.999
480,-1,1796.3,421.1,67.1,210.5,0.998
480,-1,1183.6,459.4,67.0,184.7,0.997
480,-1,1837.6,434.2,82.4,203.4,0.996
480,-1,1553.2,423.8,102.9,250.5,0.995
480,-1,1817.5,429.9,71.6,202.8,0.979
480,-1,125.0,524.0,66.7,217.9,0.963
480,-1,1528.5,447.9,47.5,176.7,0.893
480,-1,573.7,402.0,47.3,106.8,0.856
480,-1,38.7,541.3,67.1,207.6,0.848
480,-1,245.6,516.9,49.6,54.3,0.840
480,-1,1888.5,436.0,31.5,58.7,0.820
480,-1,924.4,541.3,16.4,64.0,0.755
480,-1,1692.2,473.1,36.3,111.3,0.745
480,-1,1882.1,434.0,37.9,190.6,0.697
480,-1,247.8,522.0,52.4,90.7,0.396
480,-1,0.2,584.7,23.6,140.4,0.350
480,-1,181.8,455.5,59.5,89.7,0.294
480,-1,4.3,519.0,88.4,241.9,0.279
480,-1,66.9,523.6,118.7,222.4,0.230
480,-1,1489.2,455.2,45.3,158.5,0.207
480,-1,46.3,498.7,62.6,86.2,0.200
480,-1,2.8,534.5,72.6,83.0,0.174
480,-1,2.5,540.7,49.8,225.7,0.152
480,-1,1697.9,459.7,48.0,130.8,0.123
480,-1,183.9,458.2,85.5,113.8,0.119
480,-1,1863.1,436.4,56.7,126.8,0.096
480,-1,248.9,514.3,64.9,149.9,0.090
480,-1,13.1,581.7,66.5,158.8,0.078
480,-1,867.4,508.7,48.2,134.0,0.078
480,-1,1504.8,458.1,28.2,52.8,0.072
480,-1,42.8,584.8,62.8,85.2,0.053
481,-1,401.2,321.5,249.6,539.5,1.000
481,-1,1386.7,394.2,129.0,311.8,0.999
481,-1,1191.7,460.5,62.3,182.2,0.998
481,-1,1618.1,415.1,113.3,255.7,0.998
481,-1,1796.7,421.6,67.5,209.1,0.997
481,-1,1548.2,424.1,95.4,248.6,0.997
481,-1,1845.6,435.5,74.4,197.8,0.997
481,-1,125.0,522.7,66.8,219.1,0.968
481,-1,1686.0,472.5,44.1,113.0,0.900
481,-1,50.7,581.0,56.5,168.1,0.883
481,-1,245.5,516.3,49.2,54.7,0.879
481,-1,1889.8,436.1,30.2,58.6,0.864
481,-1,15.8,505.5,97.6,249.1,0.765
481,-1,572.4,399.0,48.5,102.2,0.727
481,-1,1536.0,448.3,32.8,109.1,0.583
481,-1,1888.2,437.1,31.8,163.5,0.547
481,-1,0.3,558.9,26.9,84.7,0.498
481,-1,0.0,493.8,49.0,510.3,0.472
481,-1,247.0,516.1,48.6,151.9,0.460
481,-1,1532.4,443.4,41.9,190.3,0.451
481,-1,927.1,560.4,13.8,45.3,0.301
481,-1,0.1,528.4,29.1,193.8,0.278
481,-1,973.3,525.6,36.6,75.9,0.234
481,-1,0.0,543.7,28.9,383.7,0.226
481,-1,0.5,532.1,72.8,99.8,0.182
481,-1,1619.2,463.9,16.0,44.5,0.181
481,-1,73.5,503.9,117.3,247.1,0.167
481,-1,40.8,498.7,67.2,89.0,0.157
481,-1,13.7,548.8,91.2,119.5,0.144
481,-1,2.7,540.3,60.3,190.2,0.140
481,-1,246.2,522.0,77.0,101.3,0.116
481,-1,9.0,589.7,82.6,104.3,0.113
481,-1,41.0,584.8,64.5,81.0,0.104
481,-1,7.7,502.6,96.6,125.6,0.089
481,-1,869.3,508.3,47.0,135.9,0.083
481,-1,1.0,493.2,97.2,518.4,0.073
481,-1,1618.8,463.6,32.4,142.5,0.063
481,-1,1477.7,440.5,56.2,185.7,0.063
481,-1,1553.3,421.6,57.1,177.1,0.062
482,-1,406.4,312.9,236.1,542.2,1.000
482,-1,1393.7,394.6,119.5,310.3,0.999
482,-1,1201.5,460.3,56.9,178.6,0.999
482,-1,1849.8,435.7,70.2,199.7,0.998
482,-1,1612.3,416.9,118.6,253.5,0.997
482,-1,1797.5,422.5,68.0,207.6,0.997
482,-1,1541.8,422.3,92.2,247.7,0.997
482,-1,124.7,531.6,66.4,210.5,0.978
482,-1,0.3,454.9,114.0,545.7,0.971
482,-1,1682.5,473.9,47.5,110.7,0.943
482,-1,245.9,516.1,49.5,55.0,0.894
482,-1,51.5,536.5,56.0,215.3,0.758
482,-1,1890.4,437.2,29.6,57.4,0.692
482,-1,921.2,544.2,18.5,61.0,0.663
482,-1,1889.9,437.6,30.1,151.6,0.542
482,-1,0.2,522.2,68.7,123.1,0.528
482,-1,249.5,514.3,54.5,155.5,0.439
482,-1,3.4,491.7,104.8,284.1,0.398
482,-1,869.6,504.1,52.2,138.8,0.284
482,-1,1822.0,433.0,67.1,201.5,0.279
482,-1,576.0,399.7,44.2,102.0,0.243
482,-1,55.2,497.9,53.2,96.4,0.221
482,-1,973.1,520.9,64.4,193.5,0.198
482,-1,0.0,517.5,63.9,294.8,0.156
482,-1,22.3,576.7,73.5,171.6,0.153
482,-1,246.5,521.9,76.1,96.4,0.125
482,-1,1866.2,435.6,22.0,26.5,0.106
482,-1,65.5,505.5,124.8,247.8,0.102
482,-1,15.8,501.0,77.1,87.5,0.088
482,-1,0.8,464.5,75.1,144.2,0.084
482,-1,973.4,528.9,36.3,72.0,0.084
482,-1,0.2,607.2,18.3,183.3,0.051
483,-1,413.5,322.2,232.0,530.3,1.000
483,-1,1210.7,458.9,54.7,184.1,0.999
483,-1,1402.8,396.5,110.4,303.0,0.999
483,-1,1603.5,417.7,122.4,251.7,0.998
483,-1,1850.9,438.2,69.1,196.5,0.997
483,-1,1796.5,425.2,69.3,204.8,0.996
483,-1,0.0,299.4,191.6,682.5,0.994
483,-1,1544.0,419.5,72.8,248.1,0.994
483,-1,124.1,530.9,67.9,211.0,0.938
483,-1,1681.9,475.0,49.5,111.5,0.933
483,-1,914.8,538.3,22.7,68.0,0.824
483,-1,245.5,515.7,50.0,54.6,0.812
483,-1,0.6,231.5,27.7,89.6,0.810
483,-1,55.9,512.5,63.6,233.6,0.672
483,-1,1891.2,439.8,28.8,153.6,0.610
483,-1,1891.8,439.2,28.2,54.3,0.553
483,-1,43.7,633.5,57.5,116.0,0.507
483,-1,3.3,433.7,118.9,366.9,0.490
483,-1,250.1,515.1,52.8,151.6,0.344
483,-1,1.5,632.3,195.3,354.5,0.295
483,-1,972.7,524.8,36.7,76.2,0.289
483,-1,0.0,230.4,113.8,436.5,0.272
483,-1,50.6,498.6,63.4,85.0,0.241
483,-1,975.7,526.8,57.7,187.4,0.225
483,-1,3.7,481.8,118.3,180.5,0.156
483,-1,1397.1,435.0,39.3,206.1,0.102
483,-1,75.2,499.7,105.4,246.9,0.078
483,-1,1543.9,419.2,54.5,137.6,0.074
483,-1,1.3,237.4,43.7,313.4,0.062
483,-1,1839.0,434.7,42.0,186.0,0.050
484,-1,428.9,319.6,219.6,536.0,1.000
484,-1,1211.1,457.8,59.6,186.7,0.999
484,-1,0.6,240.2,225.2,742.8,0.998
484,-1,1415.6,395.5,101.1,304.8,0.998
484,-1,1597.8,415.0,123.8,253.5,0.997
484,-1,1853.3,439.0,66.7,195.8,0.997
484,-1,1796.5,426.0,74.9,204.9,0.996
484,-1,1535.4,436.2,70.7,235.8,0.990
484,-1,123.6,527.4,68.5,213.7,0.961
484,-1,1679.9,474.3,48.9,111.9,0.932
484,-1,914.0,540.0,23.8,65.9,0.837
484,-1,245.4,515.9,49.4,53.7,0.803
484,-1,36.0,507.5,70.7,149.5,0.688
484,-1,1893.5,442.4,26.5,133.9,0.672
484,-1,1892.8,440.9,27.2,47.6,0.532
484,-1,1892.0,439.1,22.5,31.1,0.316
484,-1,247.7,520.6,52.0,142.8,0.306
484,-1,47.2,583.4,58.6,166.3,0.304
484,-1,61.9,500.7,51.1,63.4,0.269
484,-1,1396.6,455.5,41.1,188.5,0.257
484,-1,37.9,494.8,110.9,246.3,0.254
484,-1,1868.4,437.0,24.5,27.6,0.216
484,-1,877.7,543.1,48.1,99.4,0.212
484,-1,75.5,501.1,112.7,240.8,0.178
484,-1,972.3,523.9,37.6,77.1,0.151
484,-1,17.6,390.7,143.9,430.4,0.114
484,-1,971.5,525.3,61.7,117.4,0.088
484,-1,0.0,231.2,153.8,462.1,0.051
485,-1,448.0,311.2,205.1,536.4,1.000
485,-1,0.6,237.0,246.7,745.6,0.999
485,-1,1217.6,459.9,58.8,182.0,0.999
485,-1,1424.1,391.9,96.2,304.5,0.999
485,-1,1800.2,427.2,69.8,202.9,0.996
485,-1,1855.7,438.9,64.3,194.7,0.995
485,-1,1590.9,415.6,116.4,252.4,0.993
485,-1,1521.3,426.3,78.7,247.9,0.977
485,-1,1680.6,474.7,46.9,112.1,0.903
485,-1,124.6,540.6,65.9,201.3,0.864
485,-1,245.2,516.1,49.7,54.5,0.819
485,-1,1396.2,438.7,64.8,209.5,0.807
485,-1,1897.4,440.1,22.1,36.1,0.645
485,-1,1898.2,442.3,21.8,171.2,0.622
485,-1,1568.1,449.7,44.1,201.9,0.561
485,-1,1898.4,441.1,21.6,84.3,0.499
485,-1,246.2,514.9,49.8,161.3,0.391
485,-1,1872.5,435.8,22.7,27.6,0.303
485,-1,1533.5,423.0,65.6,153.7,0.134
485,-1,1583.0,428.1,45.5,232.4,0.095
485,-1,2.4,223.7,186.3,508.9,0.055
485,-1,245.2,520.3,74.6,79.7,0.051
486,-1,458.2,310.9,201.3,533.9,0.999
486,-1,1.5,221.0,249.0,763.7,0.999
486,-1,1218.2,457.8,68.7,187.5,0.999
486,-1,1804.8,428.5,61.2,200.7,0.999
486,-1,1587.5,415.2,102.4,250.2,0.997
486,-1,1857.5,438.0,62.5,195.1,0.996
486,-1,1432.4,389.1,95.6,308.4,0.995
486,-1,1509.6,424.0,86.9,249.2,0.984
486,-1,1680.8,475.0,47.1,111.8,0.907
486,-1,1396.1,459.0,71.9,190.1,0.892
486,-1,245.2,516.3,50.0,54.7,0.839
486,-1,1572.2,450.8,42.2,204.9,0.791
486,-1,107.7,564.1,82.7,174.2,0.789
486,-1,1900.2,441.3,19.8,82.6,0.674
486,-1,1900.4,442.5,19.6,175.9,0.616
486,-1,1545.0,419.6,105.8,247.3,0.592
486,-1,1899.1,441.5,20.2,29.1,0.583
486,-1,246.0,517.8,50.9,158.5,0.471
486,-1,1574.2,449.0,26.0,73.0,0.232
486,-1,1529.7,424.6,53.6,102.1,0.179
486,-1,245.4,521.5,76.1,86.3,0.063
486,-1,971.0,526.4,45.6,78.8,0.054
487,-1,0.1,238.8,248.9,748.4,1.000
487,-1,475.9,311.5,183.9,530.3,1.000
487,-1,1218.6,459.4,81.4,183.5,0.999
487,-1,1857.6,437.1,62.4,194.6,0.997
487,-1,1581.3,416.9,95.4,248.9,0.997
487,-1,1807.4,427.8,63.5,199.7,0.997
487,-1,1435.3,388.9,92.6,305.8,0.996
487,-1,1507.2,423.8,87.4,249.4,0.992
487,-1,1681.1,475.4,47.2,111.9,0.924
487,-1,1399.6,473.3,74.9,176.8,0.888
487,-1,245.4,516.6,49.2,54.5,0.754
487,-1,1900.6,441.7,18.1,28.2,0.617
487,-1,134.5,547.0,76.6,190.1,0.617
487,-1,1901.7,442.4,18.3,83.6,0.581
487,-1,245.6,517.2,50.6,159.5,0.548
487,-1,1901.3,443.0,18.7,178.4,0.298
487,-1,1394.8,558.0,73.3,84.8,0.184
487,-1,1569.6,434.8,41.1,212.7,0.177
487,-1,1849.4,434.3,25.3,34.9,0.165
487,-1,1860.5,442.9,19.2,25.2,0.149
487,-1,1523.2,425.7,58.4,125.6,0.079
487,-1,971.4,525.8,43.7,77.1,0.069
488,-1,486.4,312.2,178.0,526.9,1.000
488,-1,5.2,234.3,243.3,747.7,1.000
488,-1,1223.5,460.5,92.5,180.7,0.999
488,-1,1809.3,426.4,64.1,201.1,0.998
488,-1,1861.4,436.3,58.6,192.4,0.997
488,-1,1573.2,416.1,84.8,248.4,0.997
488,-1,1439.3,395.8,94.1,302.0,0.995
488,-1,1499.2,432.6,93.3,236.2,0.987
488,-1,1681.1,475.5,46.5,111.7,0.919
488,-1,1401.4,477.3,69.2,164.8,0.774
488,-1,245.4,517.3,49.5,53.9,0.772
488,-1,1902.5,440.7,16.2,25.7,0.527
488,-1,0.1,454.6,32.2,274.9,0.470
488,-1,244.5,515.5,51.2,159.1,0.461
488,-1,1904.0,445.2,16.0,70.8,0.236
488,-1,973.2,524.0,36.8,76.4,0.178
488,-1,1862.8,445.6,17.7,21.9,0.171
488,-1,1903.1,439.8,16.9,181.5,0.147
488,-1,1514.8,427.5,64.6,122.1,0.111
488,-1,971.8,523.3,62.2,96.5,0.104
488,-1,245.4,520.6,72.6,84.7,0.067
489,-1,0.9,229.6,250.4,752.6,1.000
489,-1,492.4,314.0,172.5,522.7,1.000
489,-1,1224.3,458.0,92.0,183.9,0.999
489,-1,1809.5,427.0,64.5,198.6,0.999
489,-1,1446.8,397.3,92.1,299.5,0.999
489,-1,1572.3,414.1,64.7,248.3,0.999
489,-1,1861.7,435.4,58.3,193.8,0.997
489,-1,1505.4,428.4,87.4,243.8,0.973
489,-1,1681.5,475.8,46.3,111.1,0.922
489,-1,245.8,517.0,49.1,53.9,0.763
489,-1,54.7,629.0,46.6,119.8,0.537
489,-1,1904.6,441.3,14.6,25.3,0.405
489,-1,251.1,516.3,51.5,147.0,0.375
489,-1,1419.5,470.7,57.3,179.4,0.290
489,-1,1625.0,493.7,23.7,102.2,0.273
489,-1,1863.2,446.2,17.0,22.0,0.240
489,-1,36.2,553.7,63.3,192.6,0.180
489,-1,0.1,528.4,59.4,205.0,0.166
489,-1,1859.0,445.9,22.2,125.0,0.116
489,-1,1437.2,407.6,65.0,264.9,0.109
489,-1,5.3,626.1,79.7,119.1,0.106
489,-1,970.9,525.0,47.1,80.1,0.105
489,-1,1435.7,421.9,35.6,208.9,0.074
489,-1,1412.2,517.0,51.6,121.4,0.073
489,-1,1509.9,430.5,63.1,143.0,0.072
489,-1,246.3,520.2,69.2,88.2,0.068
489,-1,1904.3,439.1,15.7,182.6,0.057
490,-1,502.1,315.4,176.8,522.2,1.000
490,-1,7.2,230.7,252.7,758.1,0.999
490,-1,1810.3,425.3,65.1,201.1,0.999
490,-1,1568.0,416.4,65.4,248.3,0.999
490,-1,1230.2,458.5,88.0,184.4,0.999
490,-1,1449.7,399.5,99.8,298.7,0.999
490,-1,1862.7,434.6,57.3,193.7,0.997
490,-1,55.3,568.5,53.8,182.1,0.951
490,-1,1680.9,476.4,47.3,111.4,0.919
490,-1,1514.4,443.5,77.0,220.6,0.904
490,-1,245.4,517.5,49.4,54.2,0.745
490,-1,1618.5,484.4,31.4,106.0,0.577
490,-1,1483.4,410.8,92.5,269.8,0.577
490,-1,249.4,515.3,54.0,153.8,0.461
490,-1,8.3,520.4,96.9,227.6,0.423
490,-1,1909.3,441.1,10.7,25.1,0.379
490,-1,1859.5,444.4,23.3,126.9,0.316
490,-1,1863.1,447.0,18.0,30.6,0.282
490,-1,1602.5,465.3,43.9,185.9,0.210
490,-1,0.3,510.8,45.9,213.1,0.083
490,-1,20.3,587.8,83.6,131.7,0.074
490,-1,1.8,604.0,63.5,165.4,0.066
490,-1,1860.1,448.0,20.3,63.1,0.051
491,-1,507.2,315.4,178.9,521.8,1.000
491,-1,1811.4,424.9,65.6,201.1,0.999
491,-1,30.7,215.8,251.4,766.3,0.999
491,-1,1233.1,456.8,86.3,186.3,0.999
491,-1,1453.4,399.6,104.8,296.2,0.998
491,-1,1864.0,433.8,56.0,194.3,0.998
491,-1,1552.0,417.1,86.0,250.0,0.990
491,-1,1681.1,476.3,48.0,110.8,0.913
491,-1,44.4,546.8,67.4,204.3,0.876
491,-1,1523.9,430.1,86.8,234.1,0.767
491,-1,1612.0,475.5,36.6,132.2,0.655
491,-1,1580.3,454.4,67.0,201.8,0.640
491,-1,2.0,500.9,111.2,252.3,0.510
491,-1,245.8,516.9,49.2,56.4,0.464
491,-1,245.4,517.9,48.5,139.4,0.228
491,-1,1862.8,445.8,17.3,30.6,0.143
491,-1,1522.8,516.2,66.2,144.9,0.121
491,-1,42.3,499.2,67.1,96.3,0.117
491,-1,970.5,527.0,40.6,75.1,0.103
491,-1,1861.7,446.6,19.9,88.5,0.093
491,-1,247.8,520.6,74.2,101.0,0.077
491,-1,1.3,489.7,57.6,260.5,0.069
491,-1,2.1,510.8,82.0,140.0,0.062
491,-1,44.2,241.8,535.2,745.0,0.058
491,-1,0.9,529.5,64.9,72.2,0.051
492,-1,515.7,318.5,175.1,517.0,1.000
492,-1,1237.7,455.4,82.2,187.8,0.999
492,-1,99.2,228.6,197.6,738.7,0.999
492,-1,1813.2,425.9,65.3,202.0,0.999
492,-1,1865.8,432.1,54.2,199.0,0.998
492,-1,1454.1,400.8,112.0,292.9,0.997
492,-1,1574.8,451.0,74.0,213.7,0.980
492,-1,1533.2,418.1,82.0,247.7,0.966
492,-1,1681.2,475.9,48.1,111.7,0.916
492,-1,26.4,502.0,88.2,250.3,0.893
492,-1,53.7,562.2,56.8,187.0,0.737
492,-1,909.7,518.6,40.8,114.3,0.430
492,-1,1862.8,446.1,17.8,30.2,0.319
492,-1,1504.9,419.1,77.3,242.7,0.308
492,-1,259.9,516.9,40.2,54.4,0.238
492,-1,23.7,499.1,84.4,97.0,0.181
492,-1,61.6,503.5,89.5,246.4,0.140
492,-1,971.5,526.0,39.8,76.3,0.103
492,-1,1.4,488.4,62.2,267.5,0.087
492,-1,1527.1,545.1,55.4,110.3,0.082
493,-1,130.0,229.8,206.5,744.2,1.000
493,-1,1241.5,456.1,80.5,185.4,1.000
493,-1,528.1,319.1,174.5,515.5,1.000
493,-1,1870.4,434.2,49.6,196.4,0.998
493,-1,1814.3,424.0,68.5,204.4,0.997
493,-1,1460.0,402.3,110.2,291.8,0.997
493,-1,1591.2,450.7,57.2,205.2,0.979
493,-1,1534.1,423.3,98.4,242.0,0.979
493,-1,1681.7,475.6,48.2,112.3,0.924
493,-1,17.7,507.6,94.9,245.3,0.911
493,-1,1452.6,427.0,45.7,237.3,0.614
493,-1,115.8,522.2,49.8,221.3,0.461
493,-1,908.1,516.4,44.4,120.6,0.451
493,-1,69.3,504.6,92.6,245.6,0.288
493,-1,1863.2,446.7,17.4,27.3,0.210
493,-1,970.3,525.7,40.1,76.2,0.059
493,-1,1010.0,507.8,39.9,143.8,0.057
493,-1,982.0,516.7,57.1,88.2,0.057
493,-1,36.9,500.1,69.6,85.4,0.055
493,-1,1862.6,448.8,21.0,63.9,0.055
494,-1,132.6,220.2,259.4,747.7,1.000
494,-1,532.4,324.4,176.8,509.7,1.000
494,-1,1870.7,435.5,49.3,194.6,0.999
494,-1,1256.3,454.5,68.8,187.1,0.999
494,-1,1817.2,427.9,70.8,199.1,0.998
494,-1,1467.4,403.6,100.6,289.5,0.996
494,-1,1592.7,451.0,58.5,198.0,0.986
494,-1,1530.1,422.0,105.4,244.8,0.980
494,-1,19.1,505.2,94.9,245.8,0.943
494,-1,1681.5,475.7,48.2,111.6,0.913
494,-1,120.4,522.6,58.7,221.5,0.875
494,-1,909.1,518.1,43.7,116.6,0.804
494,-1,1011.3,511.8,36.5,134.6,0.747
494,-1,1457.7,422.4,40.9,243.6,0.652
494,-1,1022.5,513.3,25.4,75.8,0.602
494,-1,73.9,508.2,92.7,238.5,0.547
494,-1,972.7,524.7,36.8,76.6,0.344
494,-1,984.0,514.2,58.6,96.1,0.296
494,-1,1863.5,446.8,17.1,32.7,0.294
494,-1,1532.1,421.9,66.1,143.8,0.192
494,-1,2.7,528.1,81.8,181.5,0.182
494,-1,0.3,532.2,72.4,68.6,0.148
494,-1,37.5,498.8,68.4,85.8,0.124
494,-1,988.1,523.5,23.5,64.7,0.119
494,-1,1863.2,448.1,21.5,90.6,0.104
494,-1,1451.0,478.2,182.6,189.6,0.067
494,-1,1541.7,521.7,94.2,136.6,0.056
494,-1,6.4,501.7,69.9,79.9,0.052
494,-1,1865.0,450.4,16.9,51.0,0.051
495,-1,128.9,239.4,344.7,728.4,1.000
495,-1,542.0,329.2,185.1,510.9,0.999
495,-1,1272.4,454.7,59.3,186.5,0.999
495,-1,1872.2,438.0,47.8,193.3,0.999
495,-1,1814.6,426.4,77.8,201.1,0.998
495,-1,1472.8,402.7,98.6,287.0,0.994
495,-1,1596.6,447.3,54.6,197.9,0.983
495,-1,1537.9,428.5,100.0,238.0,0.981
495,-1,24.6,562.2,84.7,188.2,0.944
495,-1,108.5,506.1,79.8,236.3,0.935
495,-1,1681.5,475.7,48.6,111.8,0.925
495,-1,1456.7,428.8,55.9,242.5,0.909
495,-1,910.7,521.6,46.5,112.2,0.787
495,-1,1499.8,402.2,118.0,283.0,0.736
495,-1,1004.0,515.0,41.1,132.7,0.695
495,-1,1863.6,449.2,16.8,41.5,0.372
495,-1,0.0,592.5,23.7,126.1,0.270
495,-1,42.8,519.3,140.7,224.5,0.182
495,-1,0.0,572.8,19.1,82.5,0.182
495,-1,1861.4,442.5,30.6,138.4,0.182
495,-1,983.4,515.2,57.5,93.1,0.148
495,-1,1532.9,422.3,57.4,165.3,0.144
495,-1,35.1,499.2,70.4,86.9,0.124
495,-1,1.1,529.4,69.7,71.5,0.115
495,-1,2.9,512.9,84.3,132.8,0.105
495,-1,1453.4,432.9,41.2,160.8,0.084
495,-1,16.9,587.5,83.2,96.8,0.079
495,-1,1863.7,442.8,18.6,92.7,0.077
495,-1,2.3,531.8,63.0,226.9,0.077
495,-1,975.5,515.8,68.8,157.8,0.074
495,-1,0.3,538.7,48.5,153.2,0.062
495,-1,0.1,577.2,10.8,51.3,0.057
496,-1,132.2,247.1,391.2,711.4,1.000
496,-1,551.8,327.6,183.6,513.2,0.999
496,-1,1873.1,437.9,46.9,192.4,0.999
496,-1,1282.1,452.7,54.8,188.1,0.999
496,-1,1820.3,427.8,70.3,199.3,0.998
496,-1,1482.2,402.9,92.9,284.4,0.995
496,-1,1448.6,429.2,71.6,239.1,0.983
496,-1,1598.4,445.3,54.8,197.6,0.974
496,-1,124.8,517.2,67.1,224.0,0.972
496,-1,30.4,531.8,78.6,216.2,0.950
496,-1,1533.1,428.0,101.0,242.2,0.926
496,-1,1681.1,475.6,48.7,112.2,0.907
496,-1,913.7,517.8,46.2,116.6,0.821
496,-1,1863.0,446.9,17.3,37.0,0.539
496,-1,1022.0,516.1,20.2,54.6,0.438
496,-1,981.8,514.7,60.4,88.5,0.344
496,-1,1.9,518.8,78.3,257.8,0.329
496,-1,66.8,509.5,111.7,237.0,0.275
496,-1,1.7,532.3,77.0,130.4,0.268
496,-1,1561.8,537.6,72.1,121.5,0.267
496,-1,49.1,498.6,59.4,100.5,0.215
496,-1,0.0,529.8,37.9,169.7,0.193
496,-1,1004.5,509.7,39.1,149.7,0.161
496,-1,1863.3,446.0,22.8,137.5,0.151
496,-1,974.6,512.4,67.5,187.7,0.121
496,-1,1457.3,425.1,36.6,37.3,0.115
496,-1,1861.6,455.8,16.0,37.0,0.115
496,-1,0.0,575.6,16.8,128.4,0.098
496,-1,0.0,544.6,18.9,114.7,0.098
496,-1,973.1,525.2,35.6,75.7,0.097
496,-1,1.7,523.5,80.5,78.3,0.087
496,-1,62.1,504.8,56.8,242.0,0.067
497,-1,129.5,251.1,413.7,719.2,1.000
497,-1,1873.0,437.8,46.9,191.7,0.999
497,-1,556.0,330.5,184.8,507.9,0.999
497,-1,1820.2,429.2,72.5,197.4,0.998
497,-1,1286.2,453.5,54.9,186.4,0.997
497,-1,1439.1,428.3,76.2,236.3,0.995
497,-1,1491.1,397.2,126.3,290.6,0.993
497,-1,1601.5,447.9,53.7,192.3,0.973
497,-1,125.6,520.1,64.7,222.2,0.972
497,-1,33.8,520.9,79.3,228.8,0.939
497,-1,1681.0,475.8,49.2,112.6,0.937
497,-1,1012.7,512.5,31.2,131.4,0.751
497,-1,916.4,518.8,46.4,114.9,0.739
497,-1,1865.2,448.8,16.3,48.0,0.493
497,-1,1.6,509.1,76.4,271.7,0.410
497,-1,986.1,511.4,54.6,105.0,0.346
497,-1,1543.6,431.6,81.5,234.3,0.299
497,-1,0.0,534.2,46.3,161.1,0.293
497,-1,1019.9,516.9,21.1,57.5,0.254
497,-1,57.8,508.9,118.2,240.3,0.230
497,-1,1451.8,427.7,35.7,36.0,0.213
497,-1,892.8,545.7,21.0,60.4,0.212
497,-1,1849.5,435.8,56.1,183.1,0.195
497,-1,0.5,513.4,72.0,106.9,0.178
497,-1,4.2,504.3,97.0,152.1,0.168
497,-1,28.8,499.6,76.9,96.1,0.160
497,-1,1561.0,529.6,65.8,135.0,0.143
497,-1,973.1,523.4,39.2,79.4,0.125
497,-1,0.1,543.7,23.0,96.3,0.118
497,-1,1863.7,445.0,27.5,143.6,0.095
497,-1,1467.9,423.8,63.9,226.3,0.076
497,-1,999.3,519.5,25.9,91.8,0.074
497,-1,1711.2,490.6,33.1,90.2,0.071
497,-1,0.2,533.5,43.3,54.4,0.067
497,-1,979.4,512.5,62.5,183.9,0.066
497,-1,1445.3,417.8,136.0,266.3,0.063
498,-1,117.9,255.2,440.5,708.8,1.000
498,-1,564.1,331.7,188.2,508.2,1.000
498,-1,1873.6,437.7,46.4,190.1,0.999
498,-1,1821.6,430.5,66.5,196.3,0.998
498,-1,1292.6,452.8,56.6,190.7,0.997
498,-1,1496.0,396.1,103.4,290.5,0.995
498,-1,1427.8,427.2,79.6,242.0,0.993
498,-1,1603.4,446.1,55.4,194.6,0.971
498,-1,113.5,513.2,78.2,229.8,0.961
498,-1,1681.0,476.1,49.2,112.9,0.932
498,-1,36.9,517.7,76.5,230.8,0.916
498,-1,927.3,518.8,33.6,111.6,0.855
498,-1,0.6,510.5,40.8,273.2,0.780
498,-1,999.8,515.3,36.9,101.5,0.596
498,-1,221.4,249.9,252.4,608.7,0.505
498,-1,244.2,513.6,37.9,164.4,0.458
498,-1,1548.8,431.7,70.4,229.3,0.274
498,-1,61.2,524.2,103.2,223.4,0.268
498,-1,1478.2,426.4,48.3,236.7,0.253
498,-1,1016.2,515.9,22.9,96.8,0.245
498,-1,246.5,516.7,35.7,62.0,0.175
498,-1,0.8,582.4,26.1,158.2,0.151
498,-1,1.5,516.3,60.8,143.7,0.145
498,-1,43.3,498.8,64.6,86.9,0.130
498,-1,1711.0,491.3,32.9,90.5,0.130
498,-1,1.9,503.6,67.7,83.4,0.116
498,-1,0.2,538.4,31.1,99.3,0.089
498,-1,1012.1,509.9,32.5,142.9,0.077
499,-1,132.3,259.4,429.1,705.3,1.000
499,-1,571.2,334.3,179.8,502.5,0.999
499,-1,1875.1,437.4,44.9,191.2,0.999
499,-1,1495.1,394.9,94.1,291.4,0.998
499,-1,1824.1,429.4,63.3,196.3,0.998
499,-1,1293.9,453.2,67.4,190.1,0.998
499,-1,1424.7,431.4,69.6,234.0,0.997
499,-1,1606.0,447.7,58.8,194.0,0.993
499,-1,113.2,510.8,80.4,232.7,0.959
499,-1,1680.1,474.0,50.7,116.3,0.949
499,-1,927.5,518.6,39.3,116.1,0.933
499,-1,31.6,504.3,84.3,248.6,0.904
499,-1,248.2,517.3,45.4,54.5,0.664
499,-1,1002.5,518.3,33.0,98.5,0.474
499,-1,1487.9,412.8,45.8,250.2,0.356
499,-1,1.2,500.3,75.3,289.4,0.347
499,-1,248.0,514.6,56.6,156.6,0.261
499,-1,415.4,501.7,73.9,117.2,0.220
499,-1,0.7,534.8,43.5,224.8,0.138
499,-1,268.3,254.6,223.8,578.8,0.135
499,-1,1652.5,484.7,25.8,55.3,0.121
499,-1,1483.9,451.9,27.0,172.0,0.104
499,-1,1702.5,480.6,42.6,104.3,0.098
499,-1,47.0,496.5,57.7,94.9,0.091
499,-1,5.7,500.9,74.5,86.2,0.085
499,-1,1572.9,449.6,74.3,166.0,0.074
499,-1,215.0,543.4,18.9,37.2,0.072
499,-1,600.4,517.1,16.1,53.4,0.065
499,-1,0.3,541.7,42.9,46.2,0.062
499,-1,63.5,507.4,105.0,241.5,0.057
500,-1,157.7,259.6,412.5,695.6,1.000
500,-1,583.6,334.8,172.8,497.4,0.999
500,-1,1295.0,457.1,82.7,184.7,0.999
500,-1,1498.5,396.7,97.8,293.5,0.999
500,-1,1875.8,437.3,44.2,187.7,0.999
500,-1,1825.6,430.1,62.6,195.6,0.998
500,-1,1407.0,427.3,85.4,241.0,0.997
500,-1,1607.9,452.7,62.3,190.2,0.978
500,-1,1481.8,423.3,43.7,238.6,0.971
500,-1,113.6,512.7,78.0,230.1,0.948
500,-1,1679.5,473.3,50.5,117.9,0.936
500,-1,36.2,506.6,79.6,243.9,0.913
500,-1,246.7,516.5,46.7,55.5,0.898
500,-1,249.8,519.8,53.5,149.8,0.522
500,-1,796.9,536.2,32.1,53.8,0.225
500,-1,0.0,429.3,39.3,81.7,0.205
500,-1,279.9,252.6,231.4,605.0,0.186
500,-1,1574.8,443.4,78.9,195.8,0.161
500,-1,43.3,499.1,63.6,85.1,0.131
500,-1,0.6,430.9,55.0,140.5,0.127
500,-1,310.7,526.2,25.5,46.7,0.126
500,-1,215.5,546.5,17.8,34.2,0.116
500,-1,1617.1,432.0,26.7,47.6,0.113
500,-1,1005.7,517.6,27.0,88.9,0.089
500,-1,3.5,528.9,81.4,192.3,0.066
500,-1,933.5,523.4,37.2,110.6,0.065
500,-1,57.1,502.5,116.9,245.8,0.060
500,-1,1654.4,484.9,29.0,87.3,0.056
500,-1,1.0,466.3,64.4,148.2,0.054
501,-1,187.0,259.2,372.1,680.9,1.000
501,-1,596.1,334.0,166.2,495.7,0.999
501,-1,1508.6,403.2,102.8,284.0,0.999
501,-1,1398.0,427.8,96.5,242.3,0.998
501,-1,1877.5,438.4,42.5,186.0,0.998
501,-1,1296.9,456.3,85.0,185.6,0.998
501,-1,1828.8,428.2,59.9,197.3,0.998
501,-1,1611.8,450.3,69.6,190.0,0.985
501,-1,1480.9,423.5,46.8,241.3,0.976
501,-1,109.4,508.6,82.3,234.3,0.969
501,-1,1679.5,473.7,51.1,117.9,0.937
501,-1,40.7,519.7,72.8,229.7,0.924
501,-1,246.3,516.6,49.4,54.4,0.897
501,-1,249.2,519.0,49.8,147.6,0.597
501,-1,4.8,499.6,99.4,273.8,0.390
501,-1,1619.2,431.4,26.7,45.9,0.331
501,-1,0.0,426.6,58.9,79.3,0.311
501,-1,798.2,535.2,31.2,51.2,0.169
501,-1,1577.3,436.2,82.5,202.0,0.161
501,-1,45.1,497.1,60.4,91.9,0.151
501,-1,0.0,431.2,69.0,163.8,0.136
501,-1,1.3,437.1,56.8,320.2,0.131
501,-1,558.8,401.8,56.1,77.5,0.103
501,-1,59.8,511.8,86.9,238.0,0.062
501,-1,53.5,504.3,61.3,162.7,0.057
502,-1,248.6,254.2,310.2,684.4,1.000
502,-1,604.1,333.7,166.2,489.4,0.999
502,-1,1829.3,427.7,60.7,196.7,0.998
502,-1,1293.9,454.6,93.7,188.5,0.998
502,-1,1392.2,431.9,101.7,237.7,0.998
502,-1,1877.5,436.2,42.5,188.1,0.998
502,-1,1514.6,402.7,106.3,284.6,0.998
502,-1,1478.1,422.2,56.4,244.4,0.992
502,-1,1612.8,455.9,73.5,184.3,0.987
502,-1,116.4,513.5,76.6,229.9,0.953
502,-1,1680.4,475.7,48.7,113.4,0.927
502,-1,2.1,511.2,112.6,240.1,0.885
502,-1,246.1,516.5,47.9,54.2,0.864
502,-1,53.5,540.5,60.9,209.6,0.538
502,-1,1590.5,440.7,70.3,201.5,0.527
502,-1,248.6,520.3,48.9,141.0,0.446
502,-1,0.5,423.7,59.8,80.5,0.262
502,-1,801.3,533.5,31.7,53.4,0.244
502,-1,0.9,426.4,71.2,148.7,0.148
502,-1,1625.8,452.3,36.8,107.5,0.146
502,-1,0.5,430.2,48.4,224.8,0.119
502,-1,2.3,505.5,61.8,224.3,0.113
502,-1,0.1,545.9,21.9,139.1,0.054
502,-1,1613.2,544.9,64.4,96.5,0.051
503,-1,612.1,333.6,165.7,484.4,0.999
503,-1,298.3,248.4,258.3,679.7,0.999
503,-1,1520.0,403.6,118.8,283.4,0.998
503,-1,1831.8,427.4,60.1,195.3,0.998
503,-1,1298.9,455.7,87.2,186.2,0.998
503,-1,1388.5,437.4,101.5,232.5,0.998
503,-1,1881.6,437.4,38.4,186.2,0.997
503,-1,1466.7,420.5,64.0,245.1,0.997
503,-1,1608.6,452.8,84.3,189.0,0.956
503,-1,119.7,529.9,73.5,214.5,0.950
503,-1,1680.4,475.8,49.6,113.4,0.917
503,-1,1.2,510.8,112.9,239.5,0.901
503,-1,246.0,516.9,48.4,54.4,0.882
503,-1,249.2,517.6,45.1,149.0,0.520
503,-1,1558.8,409.7,111.7,254.5,0.466
503,-1,1.6,422.5,94.1,84.3,0.438
503,-1,54.5,552.7,60.2,195.4,0.219
503,-1,944.6,516.6,37.7,116.5,0.218
503,-1,52.8,502.9,111.7,247.2,0.132
503,-1,393.0,247.9,144.8,588.3,0.115
503,-1,4.7,416.8,98.8,180.7,0.098
503,-1,51.5,496.6,54.8,96.3,0.086
503,-1,727.9,399.1,54.9,198.7,0.085
503,-1,214.8,545.4,18.4,33.9,0.066
503,-1,1.1,514.9,37.7,172.3,0.065
503,-1,1403.1,442.8,63.6,153.6,0.060
503,-1,1621.6,548.5,72.4,89.5,0.057
504,-1,617.6,334.4,163.1,477.7,1.000
504,-1,337.6,252.6,222.7,671.3,0.999
504,-1,1385.2,433.1,104.3,238.3,0.999
504,-1,1521.4,406.2,120.8,279.7,0.999
504,-1,1832.7,426.2,60.1,196.4,0.998
504,-1,1301.6,456.6,87.6,187.3,0.997
504,-1,1448.6,424.6,81.0,244.6,0.997
504,-1,1882.8,435.7,37.2,188.4,0.995
504,-1,120.1,527.0,81.2,217.0,0.953
504,-1,1611.2,438.8,81.9,203.3,0.944
504,-1,3.3,501.0,113.0,256.1,0.925
504,-1,1680.5,475.7,48.1,113.2,0.902
504,-1,245.7,516.8,48.5,54.5,0.867
504,-1,7.5,417.8,89.3,90.7,0.575
504,-1,945.3,518.2,43.9,115.0,0.567
504,-1,1561.7,409.1,109.6,245.7,0.553
504,-1,249.4,519.2,53.4,154.9,0.527
504,-1,56.7,513.5,58.9,237.0,0.371
504,-1,1614.7,538.0,74.3,102.4,0.227
504,-1,2.6,418.8,105.9,151.6,0.176
504,-1,46.1,498.2,65.1,84.3,0.124
504,-1,4.1,532.0,68.0,195.0,0.086
504,-1,409.6,254.2,141.7,510.6,0.085
504,-1,0.1,543.0,23.3,118.2,0.084
504,-1,1392.9,440.5,67.7,175.4,0.073
504,-1,0.5,523.1,38.1,164.5,0.071
504,-1,212.6,543.0,21.7,37.2,0.058
505,-1,624.2,333.2,159.5,481.7,1.000
505,-1,411.3,257.0,181.5,667.7,0.999
505,-1,1445.8,426.3,84.4,242.0,0.999
505,-1,1383.1,436.7,94.7,232.3,0.999
505,-1,1528.8,406.0,110.6,279.7,0.998
505,-1,1831.5,424.8,62.6,197.4,0.998
505,-1,1310.4,455.1,79.1,187.7,0.998
505,-1,1887.9,435.4,32.1,187.8,0.997
505,-1,124.3,531.5,67.1,212.6,0.966
505,-1,17.3,531.5,94.8,219.8,0.914
505,-1,1615.8,443.8,75.6,196.9,0.912
505,-1,1680.7,476.0,48.4,111.8,0.909
505,-1,949.2,517.0,55.1,117.1,0.849
505,-1,245.7,516.9,48.0,54.4,0.806
505,-1,575.0,402.3,45.1,88.7,0.568
505,-1,60.4,562.3,53.0,188.4,0.434
505,-1,249.8,515.6,51.6,154.5,0.388
505,-1,42.0,499.0,66.8,85.0,0.132
505,-1,1666.5,483.5,14.1,47.6,0.094
505,-1,2.5,523.7,95.7,142.8,0.089
505,-1,61.0,508.9,118.2,239.8,0.074
505,-1,808.6,534.1,32.9,66.2,0.071
505,-1,16.9,571.6,88.3,114.6,0.055
505,-1,1477.2,411.5,134.1,263.3,0.052
505,-1,1.1,534.1,71.4,65.2,0.051
506,-1,1439.4,427.2,89.2,240.8,1.000
506,-1,629.8,330.0,154.3,481.7,1.000
506,-1,442.7,255.9,174.5,668.7,0.999
506,-1,1380.0,435.9,87.0,232.3,0.998
506,-1,1833.1,426.7,62.4,196.8,0.998
506,-1,1319.0,454.2,72.8,190.1,0.998
506,-1,1531.0,406.5,108.8,277.7,0.997
506,-1,1888.3,435.3,31.6,188.3,0.997
506,-1,1623.4,450.1,69.5,189.5,0.975
506,-1,124.7,532.6,66.6,211.5,0.966
506,-1,22.0,553.8,91.6,196.8,0.936
506,-1,1680.4,475.9,49.6,111.8,0.901
506,-1,246.1,516.6,47.8,54.5,0.803
506,-1,950.9,514.9,49.4,119.1,0.609
506,-1,576.0,403.2,43.8,99.0,0.595
506,-1,249.1,517.3,45.1,147.8,0.419
506,-1,1602.9,432.9,63.4,173.2,0.131
506,-1,55.4,511.6,85.0,238.0,0.119
506,-1,35.9,499.5,73.5,84.2,0.080
506,-1,1572.1,413.4,108.8,249.9,0.069
506,-1,3.5,535.0,76.8,125.7,0.059
506,-1,994.9,515.2,41.3,101.3,0.059
506,-1,7.0,504.1,102.7,185.2,0.056
506,-1,246.4,521.2,70.8,88.1,0.055
507,-1,452.8,255.0,190.4,655.9,0.999
507,-1,1435.7,429.8,94.0,236.5,0.999
507,-1,636.5,333.1,156.6,476.9,0.999
507,-1,1379.7,435.8,81.7,231.6,0.998
507,-1,1327.9,454.2,63.7,188.8,0.998
507,-1,1535.5,407.8,104.8,279.0,0.998
507,-1,1833.8,427.4,62.4,196.3,0.998
507,-1,1886.9,440.4,33.1,185.2,0.993
507,-1,1624.6,444.8,67.9,195.7,0.969
507,-1,124.0,533.4,67.2,211.2,0.959
507,-1,1682.0,475.7,49.0,112.2,0.948
507,-1,954.3,524.0,45.8,106.9,0.933
507,-1,22.4,566.9,89.7,183.6,0.923
507,-1,248.2,517.5,43.2,55.0,0.834
507,-1,994.7,520.9,27.8,95.2,0.564
507,-1,1007.4,527.1,33.9,105.0,0.560
507,-1,249.4,520.4,55.1,151.3,0.480
507,-1,576.3,400.6,46.6,100.3,0.440
507,-1,45.0,535.9,119.9,210.7,0.344
507,-1,3.2,540.2,100.2,134.1,0.097
507,-1,1651.3,462.0,40.2,144.8,0.089
507,-1,26.2,420.6,112.7,85.6,0.077
507,-1,38.8,421.8,91.2,157.1,0.061
507,-1,245.9,518.9,65.0,74.0,0.052
508,-1,446.9,259.7,243.9,659.6,1.000
508,-1,642.8,334.3,179.2,477.3,0.999
508,-1,1540.4,406.6,98.3,277.1,0.998
508,-1,1832.8,428.5,66.3,194.6,0.997
508,-1,1424.0,433.9,106.3,230.4,0.997
508,-1,1889.6,439.4,30.3,185.9,0.996
508,-1,1374.3,436.2,66.6,230.6,0.994
508,-1,1342.4,454.7,47.9,188.2,0.991
508,-1,1684.2,475.1,47.6,113.9,0.964
508,-1,1626.4,461.5,65.2,177.2,0.961
508,-1,988.8,515.0,27.1,102.4,0.942
508,-1,120.7,523.0,74.2,222.5,0.939
508,-1,84.5,413.9,109.6,327.8,0.842
508,-1,960.4,518.5,39.3,112.3,0.831
508,-1,248.0,517.2,43.4,55.1,0.828
508,-1,33.6,413.3,116.9,338.6,0.807
508,-1,18.2,507.5,102.1,249.6,0.738
508,-1,63.8,576.5,50.0,175.4,0.718
508,-1,1000.0,523.0,35.8,96.6,0.659
508,-1,249.2,519.3,54.3,153.9,0.470
508,-1,1531.2,479.8,36.5,166.0,0.319
508,-1,3.5,515.6,75.1,247.3,0.146
508,-1,62.2,423.3,105.7,85.0,0.142
508,-1,7.3,518.9,93.5,145.7,0.141
508,-1,3.6,536.3,78.4,86.4,0.108
508,-1,18.0,584.5,87.5,97.0,0.091
508,-1,1613.7,440.0,64.3,147.3,0.077
508,-1,1537.9,424.2,58.7,229.8,0.071
508,-1,59.5,423.2,101.5,175.2,0.067
508,-1,1.5,544.0,52.5,158.2,0.065
508,-1,4.9,500.9,73.0,85.3,0.060
508,-1,246.2,519.8,66.1,78.9,0.058
509,-1,454.4,262.3,265.8,650.6,1.000
509,-1,647.6,333.6,194.7,482.1,1.000
509,-1,1545.8,406.9,92.7,272.4,0.999
509,-1,1832.0,429.6,67.1,193.6,0.997
509,-1,1415.3,433.2,113.3,236.3,0.996
509,-1,1364.7,439.9,67.7,219.8,0.995
509,-1,1889.1,443.6,30.9,183.0,0.989
509,-1,1348.4,454.4,41.5,189.6,0.983
509,-1,120.6,535.1,74.3,206.9,0.972
509,-1,1627.8,452.7,64.5,186.1,0.970
509,-1,1686.9,474.4,45.3,115.2,0.959
509,-1,18.0,509.3,101.4,243.3,0.907
509,-1,246.3,517.1,47.9,53.6,0.847
509,-1,955.6,517.5,50.9,121.8,0.818
509,-1,990.0,515.8,26.3,92.0,0.780
509,-1,997.3,518.6,33.8,98.3,0.621
509,-1,66.0,564.5,48.2,184.6,0.602
509,-1,249.3,519.4,54.8,153.2,0.485
509,-1,1531.6,479.9,38.0,166.7,0.475
509,-1,71.6,414.1,117.4,338.6,0.348
509,-1,6.0,524.4,87.7,139.9,0.207
509,-1,89.6,426.2,90.2,76.0,0.182
509,-1,1580.7,432.5,88.4,226.6,0.150
509,-1,2.4,534.4,65.0,90.2,0.145
509,-1,2.8,538.1,69.4,208.9,0.130
509,-1,17.9,580.5,85.7,95.4,0.119
509,-1,1537.4,426.2,46.5,225.0,0.105
509,-1,6.8,500.6,73.4,89.7,0.057
510,-1,452.0,273.9,311.6,636.1,1.000
510,-1,1553.9,402.0,86.2,275.8,0.999
510,-1,659.5,333.6,201.2,476.7,0.999
510,-1,1359.1,435.8,66.8,221.4,0.998
510,-1,1832.1,429.9,71.4,193.9,0.998
510,-1,1411.4,432.7,110.6,235.5,0.995
510,-1,1626.8,450.0,69.4,189.9,0.975
510,-1,119.1,529.2,73.4,217.3,0.957
510,-1,1688.7,473.0,45.9,114.7,0.920
510,-1,1892.6,438.3,27.4,185.4,0.882
510,-1,17.8,516.0,99.1,238.4,0.846
510,-1,245.4,517.1,48.9,53.8,0.837
510,-1,1531.3,435.6,50.5,211.0,0.761
510,-1,962.9,514.7,44.8,120.9,0.706
510,-1,71.3,578.9,44.9,172.3,0.690
510,-1,991.3,514.2,36.6,103.3,0.647
510,-1,248.8,518.6,53.6,155.2,0.459
510,-1,2.1,513.6,60.3,273.0,0.284
510,-1,0.6,523.1,48.7,142.6,0.268
510,-1,11.4,534.2,68.3,168.4,0.252
510,-1,100.0,430.3,98.4,327.0,0.143
510,-1,21.3,580.2,89.8,108.9,0.142
510,-1,1621.6,443.4,18.6,34.6,0.125
510,-1,968.7,501.8,64.8,141.4,0.096
510,-1,49.8,499.2,65.0,85.0,0.095
510,-1,1869.7,437.0,45.4,186.2,0.086
510,-1,17.8,536.9,61.6,92.0,0.080
510,-1,1890.0,453.7,25.0,104.2,0.070
510,-1,0.0,556.7,24.9,100.6,0.061
510,-1,7.7,500.4,63.6,79.9,0.052
511,-1,454.9,276.0,313.1,638.2,1.000
511,-1,1557.0,401.5,84.8,274.8,0.999
511,-1,673.8,338.3,192.9,465.3,0.999
511,-1,1354.9,435.4,65.0,228.0,0.998
511,-1,1831.3,429.9,74.3,193.7,0.998
511,-1,1416.9,431.0,95.9,235.3,0.997
511,-1,123.2,526.5,68.6,216.1,0.992
511,-1,1631.2,443.9,69.7,193.8,0.976
511,-1,46.9,523.6,67.5,228.2,0.917
511,-1,1902.9,409.0,17.1,240.1,0.902
511,-1,1690.1,472.7,45.5,116.1,0.839
511,-1,245.3,517.1,49.2,52.5,0.824
511,-1,1532.2,464.8,53.6,180.6,0.698
511,-1,117.9,432.1,82.5,108.1,0.526
511,-1,250.0,519.0,53.1,154.1,0.349
511,-1,84.7,529.8,88.0,219.3,0.321
511,-1,638.3,330.1,53.6,124.7,0.297
511,-1,119.6,475.7,68.0,69.0,0.277
511,-1,968.3,517.9,40.2,115.0,0.250
511,-1,28.7,541.9,56.6,228.2,0.248
511,-1,45.7,499.4,63.2,83.6,0.243
511,-1,1900.7,428.6,19.3,117.6,0.211
511,-1,1873.3,419.3,45.6,220.8,0.185
511,-1,2.7,537.7,64.7,220.1,0.163
511,-1,1622.3,437.0,19.2,38.7,0.096
511,-1,1.2,527.9,52.0,143.1,0.087
511,-1,33.7,500.4,71.1,147.8,0.084
511,-1,112.6,440.4,90.7,187.8,0.069
511,-1,1889.5,451.3,21.5,93.5,0.066
511,-1,15.2,500.3,67.5,78.9,0.052
512,-1,464.8,281.5,310.2,631.8,1.000
512,-1,686.5,339.2,184.1,461.8,0.999
512,-1,1561.0,398.6,85.6,277.8,0.999
512,-1,1349.7,436.8,71.2,223.5,0.998
512,-1,1833.0,431.5,68.6,191.5,0.998
512,-1,1414.4,436.2,87.7,229.5,0.996
512,-1,124.5,524.9,67.4,218.2,0.992
512,-1,1900.6,394.5,19.4,283.9,0.983
512,-1,1634.1,443.3,73.3,195.6,0.950
512,-1,30.4,503.8,84.1,255.8,0.921
512,-1,246.1,517.4,48.2,53.1,0.802
512,-1,66.0,545.4,48.8,205.5,0.550
512,-1,1693.3,475.2,30.8,93.7,0.549
512,-1,1533.8,499.3,53.7,146.2,0.535
512,-1,972.4,513.1,39.3,124.3,0.453
512,-1,19.1,530.9,63.3,223.8,0.398
512,-1,134.3,433.4,64.3,128.5,0.361
512,-1,249.7,519.0,54.2,153.1,0.313
512,-1,1694.1,471.8,50.6,114.9,0.243
512,-1,74.7,528.8,100.0,221.2,0.237
512,-1,42.5,499.0,63.4,82.9,0.234
512,-1,2.3,521.9,58.6,227.4,0.196
512,-1,862.1,543.7,23.0,66.1,0.129
512,-1,1672.9,463.1,42.8,123.9,0.123
512,-1,1409.6,494.8,12.7,34.2,0.115
512,-1,1654.6,449.2,24.5,26.0,0.085
512,-1,9.9,559.9,82.7,112.1,0.081
512,-1,1403.6,455.7,29.9,197.7,0.078
512,-1,1627.6,440.6,14.7,34.1,0.069
512,-1,1888.3,473.1,17.0,108.9,0.062
512,-1,0.2,532.8,36.1,143.3,0.061
513,-1,479.6,276.2,296.6,638.0,1.000
513,-1,699.6,341.4,172.8,456.4,0.999
513,-1,1330.2,442.0,86.4,221.0,0.999
513,-1,1543.7,397.8,104.0,280.8,0.997
513,-1,1832.7,432.7,64.2,189.8,0.996
513,-1,1406.8,433.1,78.5,225.8,0.996
513,-1,124.0,512.8,67.4,229.9,0.986
513,-1,1895.5,395.8,24.5,280.4,0.985
513,-1,1644.8,444.8,71.1,193.0,0.965
513,-1,40.0,501.7,73.1,252.3,0.900
513,-1,835.9,535.8,30.3,73.0,0.883
513,-1,865.1,544.6,20.9,65.9,0.871
513,-1,245.9,518.2,49.7,53.3,0.804
513,-1,848.7,538.6,22.4,71.2,0.469
513,-1,4.9,544.3,56.1,159.1,0.465
513,-1,249.7,519.7,52.4,151.7,0.426
513,-1,68.5,547.8,47.0,202.7,0.386
513,-1,972.9,522.5,45.7,109.9,0.338
513,-1,9.7,536.6,72.6,232.0,0.326
513,-1,1858.2,407.4,60.1,239.9,0.267
513,-1,1381.9,556.8,47.8,102.4,0.256
513,-1,1370.6,446.7,51.0,214.3,0.247
513,-1,1629.9,438.3,15.8,33.9,0.240
513,-1,1691.6,472.2,30.9,83.9,0.217
513,-1,1681.4,462.1,41.0,128.5,0.210
513,-1,41.2,500.2,65.7,83.6,0.200
513,-1,161.5,433.3,73.3,124.3,0.188
513,-1,1399.7,458.1,19.8,66.7,0.180
513,-1,15.4,577.9,88.7,99.2,0.166
513,-1,1539.8,451.0,57.7,192.3,0.139
513,-1,699.9,546.4,53.9,263.9,0.135
513,-1,0.4,535.1,33.7,130.2,0.116
513,-1,163.3,432.5,40.6,38.3,0.114
513,-1,1405.1,554.1,25.1,89.7,0.112
513,-1,1395.4,449.9,37.5,203.3,0.088
513,-1,130.1,433.9,80.0,86.4,0.079
513,-1,3.8,502.1,61.8,72.9,0.064
513,-1,1346.0,539.3,75.4,120.2,0.059
514,-1,509.0,277.8,279.9,624.9,1.000
514,-1,711.2,344.2,162.8,455.7,0.999
514,-1,1318.0,443.4,99.1,217.9,0.998
514,-1,1549.9,397.7,98.4,282.0,0.997
514,-1,1402.1,432.3,74.0,223.2,0.997
514,-1,1835.2,431.4,59.1,191.5,0.996
514,-1,1893.9,385.5,26.1,291.6,0.979
514,-1,124.7,515.1,66.6,228.0,0.978
514,-1,1642.6,436.4,79.9,203.7,0.973
514,-1,21.3,503.2,95.6,250.2,0.873
514,-1,245.7,518.3,50.7,52.8,0.774
514,-1,63.3,547.8,52.3,203.5,0.683
514,-1,149.4,432.3,83.4,138.4,0.683
514,-1,6.2,550.7,51.6,113.0,0.615
514,-1,974.3,531.6,47.2,105.6,0.441
514,-1,3.1,529.9,65.5,218.6,0.291
514,-1,248.5,519.0,47.1,146.3,0.240
514,-1,39.4,500.1,67.4,85.4,0.234
514,-1,122.5,432.0,100.1,81.2,0.216
514,-1,173.7,430.8,47.4,37.3,0.188
514,-1,1545.2,453.3,52.8,187.4,0.183
514,-1,0.6,539.0,33.6,120.8,0.181
514,-1,4.5,501.1,63.0,76.9,0.145
514,-1,15.8,574.6,87.7,107.4,0.115
514,-1,1690.7,474.9,32.9,61.4,0.111
514,-1,1682.9,466.6,41.6,129.1,0.110
514,-1,115.7,441.2,109.0,195.6,0.098
514,-1,1367.8,450.4,48.9,209.2,0.085
514,-1,1392.1,439.8,37.9,198.3,0.077
514,-1,1343.5,435.5,120.4,228.8,0.069
514,-1,0.1,548.6,18.9,105.0,0.058
514,-1,547.1,389.2,63.3,99.6,0.056
514,-1,1694.9,471.0,52.3,124.7,0.055
515,-1,555.6,283.4,234.4,609.0,1.000
515,-1,720.6,344.0,154.0,460.5,0.999
515,-1,1563.2,401.6,90.7,275.8,0.998
515,-1,1308.4,444.6,107.3,218.0,0.998
515,-1,1389.2,437.1,75.9,224.9,0.995
515,-1,1839.8,427.5,58.3,195.2,0.994
515,-1,124.9,521.6,66.5,222.9,0.971
515,-1,1647.7,442.3,73.3,197.7,0.966
515,-1,1886.1,380.1,33.9,293.0,0.963
515,-1,972.2,523.3,43.6,113.3,0.826
515,-1,57.4,557.9,57.6,194.4,0.802
515,-1,246.5,518.8,48.4,51.6,0.764
515,-1,1.1,547.7,53.7,121.9,0.750
515,-1,840.5,536.1,35.0,76.9,0.663
515,-1,972.2,520.1,25.2,72.6,0.634
515,-1,156.6,431.2,81.1,140.5,0.582
515,-1,46.4,500.5,58.8,86.9,0.513
515,-1,20.2,515.1,89.8,232.8,0.378
515,-1,251.4,520.4,52.7,150.0,0.362
515,-1,5.7,558.5,60.6,197.8,0.340
515,-1,117.7,441.0,102.5,308.9,0.213
515,-1,12.5,592.0,79.8,84.0,0.152
515,-1,149.4,443.0,84.2,217.9,0.129
515,-1,1676.1,461.4,51.4,142.0,0.105
515,-1,5.1,502.5,61.3,75.3,0.088
515,-1,0.1,556.1,11.9,102.2,0.086
515,-1,1445.3,527.6,41.4,62.0,0.072
515,-1,1697.4,464.2,48.7,128.8,0.070
515,-1,1687.6,470.1,35.2,63.8,0.068
515,-1,8.5,512.0,73.4,161.9,0.067
516,-1,1582.2,405.5,80.3,270.5,0.999
516,-1,595.7,283.0,204.6,601.6,0.999
516,-1,1304.2,447.5,111.2,214.1,0.998
516,-1,1388.7,434.7,75.6,225.0,0.997
516,-1,732.2,342.6,137.5,451.8,0.997
516,-1,1842.5,429.2,50.0,192.6,0.989
516,-1,1884.7,377.3,35.3,294.7,0.978
516,-1,123.5,529.3,68.0,215.7,0.950
516,-1,1650.9,440.7,71.0,199.7,0.936
516,-1,18.7,537.0,99.4,216.0,0.861
516,-1,247.0,518.9,47.4,51.6,0.849
516,-1,0.4,556.2,32.2,108.3,0.760
516,-1,978.1,524.8,41.4,106.6,0.694
516,-1,64.5,556.6,57.4,196.3,0.623
516,-1,972.0,520.8,24.8,63.5,0.581
516,-1,44.4,500.3,60.5,86.8,0.544
516,-1,169.3,429.0,72.5,145.6,0.424
516,-1,23.1,569.8,30.9,82.4,0.386
516,-1,251.1,519.7,51.3,154.1,0.384
516,-1,844.9,534.4,35.6,79.3,0.333
516,-1,1156.2,387.5,39.4,125.9,0.264
516,-1,11.9,566.5,43.4,136.2,0.237
516,-1,995.9,522.6,40.2,108.7,0.235
516,-1,1.0,544.5,52.7,92.0,0.182
516,-1,13.1,574.6,67.3,95.6,0.175
516,-1,3.7,529.5,67.5,226.4,0.162
516,-1,0.2,552.8,14.6,111.1,0.160
516,-1,1691.9,453.7,44.4,138.2,0.155
516,-1,27.0,502.5,75.2,153.3,0.148
516,-1,1191.0,386.5,65.7,121.7,0.097
516,-1,1690.1,470.6,34.4,79.3,0.096
516,-1,1167.5,388.7,48.5,121.8,0.080
516,-1,992.9,525.2,25.4,84.8,0.071
517,-1,1582.1,407.2,83.3,268.8,0.999
517,-1,627.2,282.4,176.2,594.1,0.999
517,-1,749.1,340.9,121.8,451.4,0.998
517,-1,1383.2,433.9,86.0,225.9,0.997
517,-1,1302.0,454.9,113.0,207.8,0.997
517,-1,1865.0,375.9,55.0,303.8,0.987
517,-1,1847.9,428.9,50.1,193.6,0.973
517,-1,1657.6,443.2,66.6,192.6,0.968
517,-1,125.0,529.6,66.1,215.2,0.959
517,-1,1894.0,376.5,25.8,304.1,0.917
517,-1,969.9,520.1,28.4,85.7,0.917
517,-1,19.8,551.4,103.6,198.6,0.846
517,-1,0.0,550.8,29.3,120.9,0.840
517,-1,247.2,519.2,48.1,51.1,0.814
517,-1,980.4,535.3,40.3,79.2,0.618
517,-1,43.6,500.5,58.6,86.0,0.617
517,-1,17.1,569.6,35.3,88.7,0.501
517,-1,6.6,564.1,48.2,162.9,0.373
517,-1,67.3,547.4,63.8,202.7,0.354
517,-1,180.9,430.3,56.6,144.1,0.318
517,-1,974.9,529.6,59.5,110.8,0.315
517,-1,1605.6,422.5,87.3,239.5,0.250
517,-1,252.1,519.5,49.3,144.6,0.209
517,-1,1695.1,444.2,47.1,149.9,0.195
517,-1,41.2,503.7,63.0,172.2,0.189
517,-1,1847.4,435.6,33.8,142.8,0.172
517,-1,15.3,580.4,79.2,101.6,0.144
517,-1,996.9,534.3,23.6,67.5,0.113
517,-1,1.2,545.6,54.4,89.1,0.104
517,-1,1668.2,448.7,57.0,104.1,0.054
517,-1,574.0,403.6,47.0,106.0,0.052
518,-1,667.1,279.7,153.8,594.4,0.999
518,-1,1584.2,411.2,85.7,267.1,0.999
518,-1,765.0,344.7,118.9,446.5,0.998
518,-1,1301.9,447.6,104.2,213.7,0.997
518,-1,1376.1,438.8,90.8,222.1,0.997
518,-1,1866.4,386.7,53.6,290.4,0.975
518,-1,1654.1,443.8,64.2,197.8,0.971
518,-1,119.9,514.2,82.5,230.2,0.961
518,-1,1846.7,427.0,49.6,195.7,0.955
518,-1,1418.8,455.1,48.2,190.3,0.917
518,-1,70.7,552.1,55.5,199.0,0.878
518,-1,248.4,518.1,44.7,53.6,0.856
518,-1,968.3,519.8,27.6,84.7,0.848
518,-1,0.0,562.1,22.5,103.8,0.793
518,-1,34.9,564.2,80.3,187.0,0.747
518,-1,714.0,310.3,145.7,511.1,0.690
518,-1,973.4,522.6,38.7,104.1,0.679
518,-1,51.8,500.2,52.5,89.9,0.621
518,-1,10.3,571.0,36.2,86.9,0.588
518,-1,250.2,519.8,53.5,156.4,0.537
518,-1,1427.4,462.8,32.2,109.5,0.465
518,-1,1694.6,446.8,51.5,145.0,0.198
518,-1,1852.3,430.6,28.6,59.7,0.165
518,-1,2.8,572.3,48.8,151.6,0.164
518,-1,21.4,586.3,66.9,157.6,0.163
518,-1,982.3,517.5,56.7,128.3,0.162
518,-1,14.0,585.8,61.6,87.2,0.123
518,-1,1709.3,525.5,30.2,61.0,0.111
518,-1,51.7,509.8,58.5,198.9,0.089
518,-1,1158.4,385.0,48.5,126.4,0.084
518,-1,572.9,402.6,48.3,111.9,0.063
519,-1,681.3,277.8,147.9,603.2,1.000
519,-1,1585.9,411.6,87.2,267.2,0.999
519,-1,774.1,342.6,114.3,447.7,0.998
519,-1,1377.9,436.7,71.6,225.5,0.997
519,-1,1302.7,442.0,92.0,219.0,0.997
519,-1,1659.0,445.2,63.9,194.8,0.982
519,-1,1854.4,379.0,65.4,282.4,0.977
519,-1,124.4,532.7,66.3,213.8,0.954
519,-1,1421.0,457.9,48.0,191.3,0.948
519,-1,54.9,564.2,61.3,187.2,0.900
519,-1,1892.8,393.6,27.2,283.6,0.855
519,-1,246.8,518.6,47.9,51.9,0.855
519,-1,1846.5,427.4,53.1,192.3,0.848
519,-1,968.1,518.7,21.2,81.2,0.795
519,-1,9.5,570.7,33.9,80.5,0.637
519,-1,974.0,525.0,33.3,92.3,0.576
519,-1,51.3,500.7,53.1,89.5,0.533
519,-1,0.0,559.1,18.2,94.1,0.476
519,-1,980.2,527.1,25.0,57.0,0.435
519,-1,250.3,519.8,53.7,153.5,0.419
519,-1,1005.2,500.4,38.9,156.0,0.404
519,-1,1425.1,459.7,38.2,115.0,0.344
519,-1,32.2,587.4,64.3,158.2,0.324
519,-1,75.5,545.7,83.5,201.1,0.285
519,-1,8.3,577.7,46.7,155.3,0.136
519,-1,1434.2,507.4,39.8,141.1,0.114
519,-1,1702.8,427.5,47.6,169.0,0.105
519,-1,976.6,507.3,62.3,182.4,0.090
519,-1,1399.6,525.9,70.6,120.9,0.088
519,-1,17.7,594.0,64.1,82.8,0.080
519,-1,1158.1,385.0,49.6,125.0,0.075
520,-1,689.2,295.9,180.4,578.9,1.000
520,-1,1589.4,414.7,84.2,262.8,0.998
520,-1,1363.2,437.4,87.2,223.8,0.998
520,-1,768.0,328.7,123.8,476.3,0.997
520,-1,1309.5,449.9,83.3,208.3,0.994
520,-1,1421.4,454.7,53.4,190.4,0.990
520,-1,1847.1,379.7,71.6,274.2,0.983
520,-1,1659.9,448.9,67.5,190.4,0.978
520,-1,121.0,527.7,69.7,217.5,0.949
520,-1,1890.2,387.6,29.8,289.3,0.889
520,-1,24.2,564.1,87.8,186.7,0.825
520,-1,248.6,520.0,47.6,52.9,0.812
520,-1,69.4,554.2,50.9,196.1,0.763
520,-1,6.5,574.0,32.6,80.4,0.745
520,-1,49.7,499.9,54.5,90.8,0.586
520,-1,969.7,518.9,37.8,97.7,0.471
520,-1,1839.7,428.4,57.7,191.6,0.456
520,-1,251.0,521.6,55.9,149.2,0.445
520,-1,0.1,565.1,21.0,100.1,0.384
520,-1,967.1,518.0,23.7,85.9,0.349
520,-1,77.1,537.9,98.4,210.0,0.267
520,-1,30.5,501.9,69.8,157.9,0.232
520,-1,14.8,588.2,77.1,89.7,0.202
520,-1,1007.1,502.4,37.9,161.9,0.191
520,-1,1157.9,386.6,54.2,125.7,0.132
520,-1,10.2,582.7,50.8,155.7,0.107
520,-1,1206.4,378.3,81.2,130.1,0.073
521,-1,698.3,300.8,218.3,569.9,0.999
521,-1,1593.9,410.7,85.1,264.2,0.999
521,-1,1360.8,443.1,87.2,215.5,0.997
521,-1,1302.4,451.3,78.0,205.9,0.996
521,-1,1422.7,454.0,59.2,194.1,0.994
521,-1,1836.1,380.0,83.3,272.7,0.988
521,-1,788.8,342.8,112.6,440.4,0.971
521,-1,118.8,515.8,74.5,230.0,0.963
521,-1,1661.5,449.5,70.5,189.6,0.961
521,-1,26.5,508.4,85.6,243.0,0.927
521,-1,968.2,524.0,36.7,91.7,0.880
521,-1,1885.0,364.4,35.0,317.2,0.857
521,-1,1326.4,444.3,95.8,216.7,0.852
521,-1,0.0,568.7,36.1,99.8,0.843
521,-1,963.9,516.8,21.1,85.6,0.818
521,-1,246.2,519.0,48.5,50.9,0.789
521,-1,966.0,517.9,17.0,49.3,0.637
521,-1,1002.2,505.6,43.7,175.5,0.544
521,-1,65.6,542.9,56.9,207.8,0.461
521,-1,1832.2,424.3,60.1,195.6,0.402
521,-1,251.8,520.8,44.7,147.6,0.373
521,-1,48.2,498.7,58.6,95.7,0.356
521,-1,1.6,565.6,45.9,153.9,0.244
521,-1,0.0,461.8,38.9,106.1,0.149
521,-1,11.1,583.4,83.0,96.2,0.147
521,-1,0.1,568.5,13.9,102.4,0.143
521,-1,752.5,650.8,70.9,137.5,0.126
521,-1,250.3,532.0,32.0,37.6,0.106
521,-1,1158.5,391.2,57.2,119.6,0.105
522,-1,697.6,300.3,247.9,564.8,1.000
522,-1,1599.3,408.0,83.6,263.6,0.999
522,-1,1356.6,443.3,90.1,215.4,0.997
522,-1,1428.7,454.7,62.9,192.9,0.996
522,-1,1299.9,448.1,77.0,209.4,0.996
522,-1,1828.6,379.2,91.4,291.2,0.990
522,-1,124.3,530.7,67.8,215.0,0.968
522,-1,1663.4,448.7,69.0,188.2,0.960
522,-1,19.6,503.7,96.3,249.0,0.919
522,-1,777.1,336.3,125.8,451.3,0.903
522,-1,809.2,335.7,91.3,290.7,0.900
522,-1,1876.6,385.5,43.4,294.0,0.824
522,-1,246.3,518.3,48.0,53.0,0.795
522,-1,966.3,522.8,39.2,94.3,0.769
522,-1,0.1,569.9,33.0,99.4,0.762
522,-1,907.9,525.8,47.6,116.6,0.633
522,-1,49.8,499.2,57.2,94.4,0.455
522,-1,961.6,517.7,22.7,94.1,0.395
522,-1,1827.2,416.8,66.3,202.4,0.385
522,-1,251.1,516.5,55.7,150.5,0.361
522,-1,759.5,655.0,94.0,133.2,0.296
522,-1,69.0,546.4,53.6,204.1,0.234
522,-1,184.3,540.7,25.1,27.4,0.221
522,-1,728.1,297.5,130.0,500.9,0.159
522,-1,763.7,565.7,95.8,209.7,0.150
522,-1,1008.0,502.7,37.3,173.9,0.150
522,-1,1857.0,523.9,33.1,94.8,0.149
522,-1,2.9,559.4,55.2,174.0,0.140
522,-1,0.2,503.9,43.6,159.9,0.122
522,-1,1157.9,393.7,59.0,116.6,0.120
522,-1,13.1,581.8,79.7,95.3,0.103
522,-1,1667.0,451.6,62.5,103.2,0.079
522,-1,14.3,499.9,71.5,91.7,0.079
522,-1,573.3,404.2,48.0,109.9,0.071
522,-1,1211.7,377.5,80.8,128.5,0.060
522,-1,553.1,405.9,82.0,326.7,0.054
523,-1,693.2,294.2,273.7,572.0,1.000
523,-1,1602.9,410.5,81.9,257.8,0.998
523,-1,1350.5,443.6,94.9,214.0,0.997
523,-1,1435.2,452.8,61.0,194.4,0.997
523,-1,1821.4,382.3,98.6,296.2,0.995
523,-1,1293.0,437.7,59.9,220.2,0.993
523,-1,1670.8,446.1,64.9,194.3,0.960
523,-1,120.8,511.4,81.8,235.5,0.955
523,-1,20.8,501.0,91.8,251.6,0.936
523,-1,963.3,524.3,43.3,93.9,0.928
523,-1,784.5,341.6,123.3,449.6,0.863
523,-1,246.1,518.8,48.6,52.8,0.779
523,-1,0.5,569.3,25.3,98.6,0.738
523,-1,957.3,518.0,24.8,95.1,0.692
523,-1,836.9,371.8,64.5,226.0,0.673
523,-1,1629.3,422.6,84.7,228.6,0.553
523,-1,782.7,652.7,84.6,139.6,0.444
523,-1,251.7,518.1,53.2,149.7,0.348
523,-1,57.5,499.3,45.8,85.5,0.323
523,-1,1013.7,504.9,32.5,170.2,0.240
523,-1,62.9,522.5,56.7,228.1,0.187
523,-1,784.9,547.5,104.9,242.4,0.181
523,-1,1833.9,431.0,59.5,188.0,0.176
523,-1,1.3,543.3,48.6,129.4,0.158
523,-1,30.8,499.7,76.2,102.9,0.144
523,-1,0.2,464.4,61.1,129.4,0.133
523,-1,1.3,474.1,58.4,235.1,0.110
523,-1,752.2,309.5,151.6,283.9,0.104
523,-1,1.3,562.6,32.9,148.8,0.102
523,-1,1157.7,394.6,59.3,115.2,0.096
523,-1,13.2,591.0,77.9,93.5,0.079
523,-1,2.3,572.3,50.5,168.6,0.070
523,-1,1211.7,378.7,83.0,139.9,0.060
523,-1,9.9,496.8,82.9,138.7,0.056
524,-1,696.6,307.9,280.1,555.2,1.000
524,-1,1438.2,454.4,68.6,195.3,0.998
524,-1,1344.7,441.9,100.9,217.2,0.998
524,-1,1606.9,407.8,80.6,256.8,0.997
524,-1,1821.5,382.5,98.5,296.5,0.997
524,-1,1287.5,434.8,58.2,223.0,0.995
524,-1,1673.4,447.3,63.8,190.9,0.972
524,-1,123.8,530.3,70.8,215.9,0.957
524,-1,965.2,524.5,42.2,93.8,0.956
524,-1,20.7,503.5,93.8,250.6,0.909
524,-1,0.1,575.2,24.8,92.1,0.755
524,-1,246.2,518.1,48.4,51.6,0.668
524,-1,849.9,377.5,52.0,216.5,0.640
524,-1,796.0,317.7,114.8,472.9,0.640
524,-1,955.6,519.8,26.8,95.3,0.615
524,-1,730.9,315.9,154.0,487.3,0.512
524,-1,55.8,554.6,58.0,192.8,0.466
524,-1,58.1,498.9,45.4,86.3,0.362
524,-1,797.8,649.9,71.1,142.4,0.298
524,-1,754.9,459.4,111.0,324.5,0.283
524,-1,252.0,517.9,53.0,148.6,0.197
524,-1,0.2,519.3,29.6,159.8,0.191
524,-1,1208.8,374.7,84.0,134.3,0.189
524,-1,1.0,494.9,67.2,163.6,0.167
524,-1,799.4,535.5,107.6,252.1,0.159
524,-1,1157.9,394.3,61.1,114.2,0.158
524,-1,3.3,560.2,59.6,178.4,0.140
524,-1,749.5,417.7,26.2,209.8,0.135
524,-1,24.9,498.1,80.1,108.5,0.131
524,-1,750.5,341.8,149.4,259.0,0.131
524,-1,0.9,566.7,34.9,158.4,0.086
524,-1,730.8,390.8,44.3,230.4,0.079
524,-1,14.4,573.4,78.6,93.9,0.067
524,-1,0.1,461.3,42.7,113.8,0.065
524,-1,1014.3,505.2,32.4,175.0,0.065
524,-1,70.7,515.8,83.9,233.8,0.064
524,-1,181.6,479.4,53.4,95.3,0.053
525,-1,700.9,307.0,274.9,559.9,1.000
525,-1,1819.1,378.5,100.8,305.5,0.999
525,-1,1610.5,405.4,77.8,262.7,0.998
525,-1,1341.2,444.9,96.5,212.4,0.997
525,-1,1438.6,454.2,85.7,195.6,0.996
525,-1,1285.9,441.7,56.9,216.7,0.994
525,-1,119.5,509.9,83.5,235.1,0.974
525,-1,1675.3,444.1,61.1,195.4,0.972
525,-1,966.2,522.8,39.6,94.3,0.933
525,-1,29.2,500.9,84.2,253.4,0.912
525,-1,954.4,520.1,25.2,97.6,0.867
525,-1,246.2,519.0,48.0,50.6,0.686
525,-1,753.9,420.8,33.1,223.7,0.442
525,-1,251.8,519.8,52.0,152.9,0.419
525,-1,58.5,499.6,45.2,86.8,0.329
525,-1,810.1,644.3,57.7,146.5,0.300
525,-1,784.8,312.4,148.1,490.8,0.282
525,-1,64.8,559.1,49.4,191.6,0.261
525,-1,1016.9,498.5,29.3,180.0,0.225
525,-1,0.0,461.9,66.2,124.8,0.212
525,-1,1.5,488.0,79.9,175.6,0.170
525,-1,2.8,542.0,77.1,202.4,0.161
525,-1,726.1,375.4,156.5,432.3,0.158
525,-1,864.0,406.7,47.7,205.1,0.138
525,-1,15.5,499.1,86.4,96.5,0.130
525,-1,0.0,572.6,23.0,95.4,0.127
525,-1,783.2,523.4,89.4,266.3,0.124
525,-1,915.4,527.6,50.7,113.3,0.115
525,-1,0.1,466.9,39.0,195.3,0.100
525,-1,1157.8,391.0,55.7,117.6,0.097
525,-1,1186.0,397.2,43.1,110.2,0.072
525,-1,763.6,367.4,198.4,294.8,0.062
525,-1,802.2,426.3,98.0,358.7,0.058
