1,-1,1611.6,559.9,51.6,114.0,0.998
1,-1,1523.4,563.0,47.6,113.2,0.992
1,-1,541.6,549.0,32.4,88.1,0.992
1,-1,501.3,549.9,36.1,87.2,0.991
1,-1,1371.1,514.1,31.8,100.9,0.987
1,-1,1445.4,505.7,25.6,77.9,0.984
1,-1,0.2,663.2,49.1,219.4,0.980
1,-1,1484.6,519.0,25.4,74.5,0.980
1,-1,120.9,708.0,50.7,98.4,0.971
1,-1,193.0,569.7,42.6,157.2,0.955
1,-1,275.3,587.0,38.4,137.8,0.950
1,-1,1071.1,493.0,17.6,26.9,0.896
1,-1,1866.9,560.3,37.6,109.0,0.885
1,-1,823.3,509.6,17.6,43.4,0.823
1,-1,642.7,526.6,31.5,66.5,0.798
1,-1,584.3,522.7,18.5,65.2,0.790
1,-1,1345.2,499.9,12.2,37.2,0.770
1,-1,624.2,521.4,12.8,64.7,0.725
1,-1,1259.6,526.8,35.6,65.8,0.722
1,-1,1405.5,487.6,18.0,50.1,0.637
1,-1,1182.5,488.2,13.5,31.5,0.593
1,-1,792.2,504.9,14.9,48.7,0.467
1,-1,0.1,570.6,41.5,138.7,0.408
1,-1,599.2,521.7,17.8,65.6,0.393
1,-1,1315.0,500.2,13.4,42.6,0.364
1,-1,1113.4,484.2,9.3,20.7,0.251
1,-1,1104.4,484.1,9.5,21.5,0.249
1,-1,674.2,525.0,21.8,62.6,0.246
1,-1,1101.4,484.7,9.4,21.1,0.204
1,-1,1349.7,499.3,13.0,42.5,0.201
1,-1,975.1,463.6,9.6,20.1,0.187
1,-1,1875.4,560.7,42.5,42.1,0.178
1,-1,796.7,453.1,33.1,99.9,0.162
1,-1,304.7,506.7,17.2,37.9,0.158
1,-1,1729.8,568.6,25.0,91.4,0.156
1,-1,973.0,466.3,12.4,29.8,0.149
1,-1,1108.3,485.1,9.6,20.9,0.143
1,-1,774.2,504.6,17.0,53.5,0.138
1,-1,636.6,530.9,18.3,61.0,0.114
1,-1,802.9,509.8,13.7,42.8,0.107
1,-1,1095.8,485.1,12.6,20.4,0.088
1,-1,1476.1,527.4,28.1,58.9,0.071
1,-1,1853.1,534.0,66.6,145.4,0.054
2,-1,1617.0,555.8,52.3,118.5,0.996
2,-1,1529.9,562.3,46.6,114.2,0.994
2,-1,1449.5,506.5,26.7,73.9,0.993
2,-1,500.3,537.4,36.0,90.0,0.991
2,-1,537.9,535.7,32.4,89.5,0.989
2,-1,1373.0,509.9,35.2,103.6,0.987
2,-1,110.6,700.2,45.0,97.8,0.972
2,-1,182.9,557.1,43.7,160.2,0.972
2,-1,1489.2,518.1,26.1,73.1,0.961
2,-1,0.0,655.2,40.5,221.4,0.956
2,-1,266.6,573.8,41.5,142.7,0.952
2,-1,791.1,498.6,15.0,47.2,0.904
2,-1,1073.4,492.2,16.1,22.3,0.903
2,-1,1877.0,565.4,33.8,108.5,0.874
2,-1,622.4,510.7,14.3,64.2,0.843
2,-1,583.3,513.2,17.7,65.8,0.832
2,-1,798.8,449.1,27.5,95.3,0.768
2,-1,1184.4,483.0,14.4,33.0,0.760
2,-1,824.1,501.5,18.0,42.4,0.749
2,-1,649.2,517.9,25.3,62.9,0.693
2,-1,639.3,522.4,20.3,60.4,0.595
2,-1,304.9,492.4,16.1,39.4,0.589
2,-1,671.5,514.6,25.2,67.9,0.583
2,-1,1268.8,487.2,19.6,39.9,0.536
2,-1,594.3,511.4,22.1,64.9,0.531
2,-1,1353.2,504.1,13.9,45.5,0.506
2,-1,1103.5,478.7,10.8,20.5,0.385
2,-1,1409.5,484.3,15.5,50.1,0.359
2,-1,1281.5,493.0,10.6,32.9,0.358
2,-1,775.2,499.9,17.8,49.1,0.314
2,-1,1257.0,522.4,22.4,30.8,0.264
2,-1,802.9,502.0,13.8,42.4,0.252
2,-1,895.9,456.1,19.3,53.8,0.251
2,-1,1347.0,498.2,12.6,41.1,0.237
2,-1,1316.3,506.1,11.7,37.5,0.197
2,-1,1660.0,572.7,23.8,78.9,0.192
2,-1,1115.9,478.0,8.8,20.8,0.163
2,-1,1107.8,478.0,8.7,21.9,0.141
2,-1,974.6,459.9,13.0,31.8,0.126
2,-1,1317.6,494.6,12.2,40.2,0.126
2,-1,1259.5,540.7,25.9,38.2,0.097
2,-1,1111.9,478.5,8.4,20.6,0.095
2,-1,801.0,449.4,23.1,39.5,0.070
2,-1,1097.0,478.9,11.3,21.5,0.066
2,-1,1263.1,544.9,27.1,48.4,0.064
2,-1,0.0,537.5,33.0,175.1,0.058
2,-1,1288.3,561.1,26.2,36.9,0.057
2,-1,796.3,501.5,13.9,43.6,0.050
2,-1,633.2,518.4,16.0,60.9,0.050
3,-1,1623.8,551.8,55.5,116.6,0.997
3,-1,1538.0,553.8,43.9,116.0,0.995
3,-1,538.2,549.8,32.0,92.3,0.994
3,-1,1451.8,502.9,26.7,72.2,0.992
3,-1,499.6,553.2,36.1,89.8,0.992
3,-1,1374.9,506.9,37.8,110.4,0.991
3,-1,0.0,670.6,32.2,234.2,0.985
3,-1,177.3,582.1,43.6,158.1,0.978
3,-1,103.9,723.5,46.4,101.1,0.976
3,-1,1493.4,514.1,22.9,71.3,0.956
3,-1,1072.7,490.6,14.7,27.3,0.911
3,-1,647.8,532.6,26.8,62.8,0.900
3,-1,261.6,594.7,40.8,145.4,0.898
3,-1,797.7,455.3,27.2,98.9,0.871
3,-1,788.1,507.1,17.1,49.7,0.870
3,-1,581.6,526.2,19.2,67.3,0.859
3,-1,621.7,520.8,15.1,68.4,0.803
3,-1,1184.5,484.2,14.0,31.9,0.791
3,-1,822.5,508.2,20.0,44.9,0.775
3,-1,972.3,465.0,13.1,32.8,0.725
3,-1,593.7,525.8,21.5,67.9,0.723
3,-1,637.1,535.0,20.8,60.8,0.684
3,-1,861.4,461.5,21.0,65.3,0.678
3,-1,774.7,508.2,17.7,50.8,0.638
3,-1,670.8,525.3,25.5,68.5,0.629
3,-1,1884.3,523.6,35.5,137.8,0.557
3,-1,969.4,466.9,10.7,30.7,0.519
3,-1,1317.5,506.9,12.2,36.2,0.400
3,-1,1349.3,494.2,11.3,41.5,0.358
3,-1,899.3,456.9,16.7,35.2,0.353
3,-1,896.8,461.6,18.5,55.6,0.305
3,-1,1355.6,501.6,13.6,43.8,0.305
3,-1,1282.1,491.2,11.5,33.7,0.301
3,-1,1255.3,482.8,14.9,45.4,0.299
3,-1,1274.3,486.5,16.8,39.9,0.257
3,-1,305.4,509.2,13.4,41.4,0.255
3,-1,1661.1,562.5,25.8,78.5,0.189
3,-1,1104.2,482.7,9.0,19.1,0.176
3,-1,1115.1,482.1,8.5,19.6,0.161
3,-1,1107.8,482.2,9.3,20.3,0.136
3,-1,1112.0,482.8,8.5,19.3,0.126
3,-1,1342.3,504.9,12.2,37.6,0.124
3,-1,1420.3,486.7,13.7,35.1,0.121
3,-1,696.8,534.9,11.0,40.9,0.071
3,-1,1274.6,547.4,32.3,44.3,0.066
3,-1,605.9,528.8,15.7,64.7,0.063
3,-1,1862.5,505.0,56.9,83.5,0.056
3,-1,806.2,462.2,28.8,91.4,0.054
4,-1,1632.0,552.3,58.4,123.2,0.997
4,-1,499.7,548.0,36.3,92.4,0.995
4,-1,538.3,548.4,31.9,91.4,0.994
4,-1,1546.3,555.9,44.9,119.1,0.993
4,-1,1382.9,505.2,31.2,105.6,0.991
4,-1,1456.8,499.8,27.6,77.1,0.982
4,-1,94.8,722.6,40.9,97.3,0.970
4,-1,1077.1,489.8,9.4,27.0,0.970
4,-1,168.3,578.1,46.7,158.5,0.965
4,-1,1497.9,512.8,26.0,75.7,0.962
4,-1,0.0,686.9,21.5,193.8,0.932
4,-1,800.7,449.5,28.3,100.1,0.897
4,-1,257.2,590.2,40.9,145.8,0.887
4,-1,651.6,529.4,24.9,63.3,0.850
4,-1,777.5,503.0,18.3,53.8,0.782
4,-1,582.7,523.2,18.7,59.4,0.769
4,-1,623.1,518.4,15.0,69.1,0.744
4,-1,792.3,501.9,16.4,50.8,0.697
4,-1,1186.8,480.6,14.6,32.6,0.675
4,-1,638.3,531.1,24.2,62.6,0.672
4,-1,824.2,507.0,20.2,43.3,0.655
4,-1,593.7,521.8,20.2,65.4,0.642
4,-1,672.3,522.7,25.6,69.2,0.627
4,-1,862.9,459.9,23.1,61.4,0.565
4,-1,1231.9,527.4,18.3,52.1,0.561
4,-1,1875.7,512.8,44.3,83.3,0.453
4,-1,975.8,463.4,11.6,31.7,0.415
4,-1,1351.9,492.0,19.2,54.8,0.400
4,-1,1145.9,553.4,29.6,25.2,0.392
4,-1,1882.6,510.9,37.4,166.1,0.391
4,-1,899.4,457.3,19.0,58.8,0.366
4,-1,1424.2,483.4,13.8,36.5,0.352
4,-1,1321.6,489.0,12.9,34.0,0.348
4,-1,1352.7,492.4,12.0,43.6,0.325
4,-1,1119.3,479.4,8.9,20.6,0.278
4,-1,1273.5,484.1,20.2,41.5,0.255
4,-1,1761.4,556.9,20.2,47.1,0.245
4,-1,1108.1,479.6,8.6,21.0,0.230
4,-1,1259.0,545.3,22.8,41.5,0.211
4,-1,1155.5,493.3,11.7,26.2,0.200
4,-1,1361.1,489.3,15.7,51.6,0.182
4,-1,902.1,452.5,14.4,31.6,0.181
4,-1,968.3,464.2,10.4,29.5,0.180
4,-1,1067.0,463.2,9.3,28.2,0.178
4,-1,1264.5,548.1,31.6,45.8,0.171
4,-1,971.3,462.6,11.7,31.4,0.137
4,-1,937.7,460.7,13.6,35.9,0.132
4,-1,1177.9,485.6,14.2,28.5,0.131
4,-1,63.7,568.0,43.3,160.4,0.122
4,-1,1114.5,479.4,7.8,20.6,0.107
4,-1,1278.1,550.4,22.2,45.7,0.104
4,-1,896.9,459.0,15.2,44.3,0.097
4,-1,1348.6,495.9,13.5,47.4,0.096
4,-1,1261.4,485.5,14.5,43.6,0.090
4,-1,877.5,467.9,18.9,47.9,0.081
4,-1,1098.6,479.2,10.7,20.5,0.080
4,-1,250.6,589.1,43.6,88.8,0.080
4,-1,802.1,499.4,17.5,51.3,0.073
4,-1,893.4,470.9,15.1,44.4,0.072
4,-1,1216.3,522.4,14.9,46.8,0.072
4,-1,1321.3,505.5,13.0,36.6,0.071
4,-1,1286.3,558.6,19.8,38.6,0.068
5,-1,1636.1,563.2,59.8,121.7,0.996
5,-1,496.9,541.6,38.0,94.0,0.994
5,-1,537.1,541.1,33.0,94.7,0.992
5,-1,1384.7,515.5,30.6,99.4,0.990
5,-1,1460.6,496.9,28.5,87.1,0.988
5,-1,1502.5,520.4,25.5,74.7,0.976
5,-1,1549.0,567.0,50.9,117.9,0.976
5,-1,80.0,716.6,37.2,100.7,0.963
5,-1,247.5,582.1,41.4,152.1,0.954
5,-1,776.5,502.4,15.8,52.9,0.912
5,-1,802.4,454.5,27.1,95.4,0.897
5,-1,791.8,501.5,16.2,50.1,0.887
5,-1,650.1,525.3,24.7,65.9,0.880
5,-1,0.2,677.6,12.7,193.6,0.836
5,-1,672.1,519.6,25.1,70.9,0.833
5,-1,160.0,575.3,45.8,151.3,0.830
5,-1,636.6,530.7,21.1,60.0,0.826
5,-1,1077.3,491.8,10.4,24.4,0.790
5,-1,581.8,519.6,16.9,52.6,0.683
5,-1,978.8,465.7,10.8,29.7,0.605
5,-1,824.9,506.2,19.9,42.7,0.605
5,-1,1189.3,486.0,14.2,32.2,0.555
5,-1,1363.3,511.0,13.5,42.2,0.528
5,-1,1354.3,498.8,14.0,46.6,0.427
5,-1,1322.9,495.8,14.0,32.8,0.399
5,-1,622.5,515.1,17.1,70.4,0.378
5,-1,1120.1,482.4,9.6,21.8,0.352
5,-1,782.9,502.2,18.1,49.8,0.352
5,-1,864.1,461.1,22.6,61.5,0.315
5,-1,0.0,599.5,15.8,374.3,0.306
5,-1,1287.7,494.1,11.9,36.0,0.305
5,-1,1107.4,483.5,10.6,21.1,0.281
5,-1,593.4,518.5,15.5,62.3,0.235
5,-1,50.4,568.2,43.6,152.1,0.232
5,-1,1115.3,483.4,8.8,21.1,0.224
5,-1,1261.1,488.3,14.1,47.0,0.215
5,-1,1101.8,483.3,11.5,20.4,0.196
5,-1,54.3,508.1,47.8,102.1,0.176
5,-1,1111.6,482.8,9.0,21.1,0.164
5,-1,803.8,490.7,18.9,57.9,0.160
5,-1,1426.8,492.4,14.5,35.7,0.130
5,-1,1283.4,559.7,24.1,40.7,0.123
5,-1,975.8,467.1,9.2,28.0,0.109
5,-1,1349.0,508.5,12.8,40.3,0.107
5,-1,1280.3,492.7,15.3,38.0,0.106
5,-1,1270.1,560.3,26.2,40.7,0.105
5,-1,1145.9,557.3,30.1,26.0,0.101
5,-1,1366.6,495.4,13.5,37.5,0.100
5,-1,697.2,529.8,11.2,38.4,0.100
5,-1,1119.2,560.7,32.0,23.1,0.092
5,-1,684.5,520.9,16.6,58.7,0.083
5,-1,1323.8,509.9,13.2,37.4,0.080
5,-1,884.9,475.2,16.9,38.9,0.072
5,-1,1296.6,564.8,22.6,39.2,0.060
5,-1,891.1,477.6,15.8,37.0,0.057
5,-1,877.3,468.0,19.0,49.0,0.051
6,-1,1646.6,577.5,62.1,121.0,0.995
6,-1,496.3,552.9,38.5,96.7,0.992
6,-1,1390.2,526.9,29.7,100.7,0.991
6,-1,537.2,556.3,31.3,90.1,0.991
6,-1,1465.6,512.2,26.4,81.6,0.987
6,-1,1561.1,578.3,46.1,116.2,0.984
6,-1,1510.5,531.3,20.9,77.4,0.981
6,-1,68.3,735.4,36.5,101.1,0.961
6,-1,241.7,595.5,44.3,153.7,0.959
6,-1,147.0,587.4,48.8,152.4,0.934
6,-1,647.6,538.9,28.1,65.5,0.906
6,-1,777.6,511.4,18.6,56.3,0.889
6,-1,796.2,512.3,17.0,49.9,0.870
6,-1,802.9,464.7,27.2,96.8,0.855
6,-1,623.3,529.7,17.1,69.0,0.806
6,-1,580.8,532.2,17.9,65.3,0.775
6,-1,1077.7,502.0,12.1,27.8,0.768
6,-1,828.5,518.0,18.3,44.0,0.730
6,-1,680.0,527.9,20.5,63.2,0.699
6,-1,40.7,583.3,44.9,153.7,0.690
6,-1,1192.3,496.6,14.2,34.0,0.688
6,-1,592.2,531.4,18.9,65.4,0.641
6,-1,1365.0,518.7,15.4,45.8,0.568
6,-1,671.7,531.0,24.6,70.7,0.492
6,-1,637.9,540.1,18.3,62.9,0.489
6,-1,1357.5,507.7,14.0,49.5,0.443
6,-1,980.4,476.5,11.2,30.9,0.412
6,-1,1328.1,524.9,13.5,36.2,0.388
6,-1,1290.8,505.5,11.5,34.7,0.325
6,-1,661.5,530.1,23.6,73.8,0.247
6,-1,903.0,470.7,17.3,56.0,0.176
6,-1,1119.7,495.3,8.9,20.0,0.173
6,-1,1326.2,504.3,13.0,42.8,0.166
6,-1,1353.5,511.0,13.6,50.7,0.149
6,-1,131.2,592.7,41.3,140.1,0.117
6,-1,1264.8,501.2,13.3,46.5,0.109
6,-1,138.0,615.6,22.8,77.6,0.106
6,-1,809.6,496.9,19.1,63.2,0.103
6,-1,588.5,530.7,16.7,52.8,0.102
6,-1,53.4,524.7,57.6,77.6,0.098
6,-1,1115.6,495.0,9.4,20.5,0.090
6,-1,1369.0,505.0,15.2,41.6,0.082
6,-1,1286.2,574.1,22.1,40.2,0.082
6,-1,1295.8,574.6,21.4,38.8,0.075
6,-1,807.6,517.3,15.0,44.6,0.072
6,-1,1110.1,495.0,10.1,20.0,0.072
6,-1,972.4,477.8,9.7,29.0,0.070
6,-1,1348.7,519.0,12.6,41.8,0.061
6,-1,819.8,520.9,14.5,40.6,0.060
6,-1,1645.7,574.9,62.9,58.5,0.057
6,-1,6.3,571.2,80.4,173.2,0.057
6,-1,1782.9,586.8,27.4,92.3,0.055
6,-1,1684.9,582.1,29.9,91.0,0.055
7,-1,495.4,548.4,33.6,96.1,0.994
7,-1,1651.9,572.9,62.3,123.8,0.993
7,-1,536.1,554.6,32.7,88.2,0.988
7,-1,1565.2,572.8,48.8,120.4,0.985
7,-1,1467.2,501.6,27.3,86.4,0.977
7,-1,1511.6,521.8,23.6,82.5,0.975
7,-1,1390.5,520.3,32.2,104.7,0.973
7,-1,54.4,736.7,37.4,103.9,0.958
7,-1,649.0,535.8,25.2,61.7,0.939
7,-1,139.2,592.5,47.9,148.9,0.937
7,-1,238.2,605.8,40.5,144.5,0.924
7,-1,776.8,506.2,15.8,54.9,0.887
7,-1,803.9,452.5,27.1,99.4,0.883
7,-1,1078.0,492.2,11.6,30.0,0.873
7,-1,678.7,525.1,23.5,61.9,0.869
7,-1,827.8,509.8,18.4,43.9,0.859
7,-1,796.4,504.3,14.9,49.4,0.799
7,-1,619.7,522.1,17.2,71.0,0.776
7,-1,979.5,465.5,13.5,34.0,0.638
7,-1,865.6,463.3,22.2,66.3,0.635
7,-1,637.3,536.1,16.1,58.1,0.626
7,-1,1368.9,514.8,13.7,42.7,0.556
7,-1,1328.8,512.0,13.4,36.9,0.547
7,-1,670.5,526.7,22.5,66.3,0.506
7,-1,1192.5,489.5,13.2,33.3,0.491
7,-1,786.5,506.2,14.2,46.7,0.450
7,-1,1112.3,485.1,8.5,21.5,0.444
7,-1,1103.4,485.8,11.2,20.4,0.413
7,-1,38.0,573.0,38.5,164.0,0.391
7,-1,1290.7,493.0,13.1,39.6,0.374
7,-1,586.2,520.1,21.5,73.3,0.347
7,-1,664.1,527.9,21.4,69.1,0.341
7,-1,1123.7,485.1,8.6,21.3,0.337
7,-1,579.6,523.1,15.6,61.3,0.332
7,-1,1433.5,496.9,12.3,33.7,0.332
7,-1,1120.2,484.3,8.8,22.0,0.317
7,-1,1108.4,485.8,9.9,19.9,0.308
7,-1,694.3,530.2,14.3,60.1,0.278
7,-1,1359.8,502.7,18.9,54.1,0.240
7,-1,1117.5,484.6,8.3,21.6,0.236
7,-1,888.7,481.0,17.9,40.2,0.220
7,-1,904.7,465.1,15.3,43.9,0.196
7,-1,1284.0,560.7,24.0,46.9,0.184
7,-1,1295.1,559.4,22.7,49.4,0.171
7,-1,821.5,512.5,18.8,41.0,0.170
7,-1,807.8,497.9,16.3,56.0,0.169
7,-1,942.9,464.1,11.7,29.7,0.167
7,-1,1792.3,575.8,24.2,51.4,0.156
7,-1,1353.0,512.4,12.6,42.5,0.151
7,-1,968.1,466.7,11.0,30.5,0.144
7,-1,1272.2,559.8,24.5,42.3,0.137
7,-1,1313.9,564.5,20.0,45.4,0.101
7,-1,1266.4,509.0,13.4,35.2,0.093
7,-1,124.1,605.5,29.3,115.6,0.089
7,-1,804.8,458.4,20.9,41.9,0.087
7,-1,947.6,465.2,11.6,32.5,0.086
7,-1,48.1,514.6,66.3,79.2,0.085
7,-1,900.2,476.1,14.9,43.9,0.075
7,-1,956.3,468.4,10.0,29.7,0.075
7,-1,1790.9,571.7,28.3,121.9,0.069
7,-1,1305.1,565.5,21.1,44.2,0.062
7,-1,1277.2,499.4,14.8,35.9,0.062
7,-1,1270.3,503.6,14.6,35.2,0.061
7,-1,1283.4,493.0,14.6,41.5,0.058
7,-1,1874.3,534.7,42.5,169.7,0.052
8,-1,1658.8,584.1,64.4,122.3,0.995
8,-1,494.7,553.8,33.3,93.5,0.994
8,-1,1572.6,585.6,48.9,116.1,0.993
8,-1,535.0,559.0,34.3,90.8,0.991
8,-1,1396.3,529.2,29.0,100.8,0.987
8,-1,1465.6,510.1,32.9,86.2,0.986
8,-1,221.9,603.0,46.8,153.9,0.964
8,-1,32.5,743.5,47.4,106.0,0.963
8,-1,1516.7,531.6,23.0,77.8,0.948
8,-1,676.9,530.2,28.4,69.7,0.924
8,-1,118.4,592.6,61.2,156.1,0.924
8,-1,647.8,533.6,27.0,70.5,0.923
8,-1,619.0,529.0,20.1,70.3,0.920
8,-1,803.1,462.9,28.9,97.7,0.875
8,-1,577.4,530.3,23.1,65.5,0.830
8,-1,1078.1,498.4,13.0,31.7,0.767
8,-1,829.4,516.9,17.4,44.7,0.727
8,-1,795.5,514.0,15.9,46.5,0.709
8,-1,1194.0,498.2,13.1,32.7,0.702
8,-1,587.3,530.1,18.0,64.0,0.588
8,-1,867.7,468.2,22.5,66.6,0.586
8,-1,631.0,529.2,20.4,73.4,0.579
8,-1,1330.6,523.7,14.4,37.2,0.566
8,-1,777.3,513.3,18.3,54.4,0.491
8,-1,1369.1,519.4,14.7,47.7,0.482
8,-1,665.0,530.8,21.2,73.5,0.458
8,-1,979.7,474.1,12.7,31.9,0.457
8,-1,906.4,474.0,15.7,53.3,0.386
8,-1,1362.0,510.3,16.6,53.2,0.352
8,-1,1294.7,506.8,10.9,33.9,0.320
8,-1,1283.1,502.7,15.8,39.6,0.297
8,-1,29.6,577.5,36.7,165.5,0.293
8,-1,1112.0,494.0,9.2,21.0,0.239
8,-1,887.1,484.1,19.4,43.3,0.232
8,-1,1267.9,502.8,13.3,41.0,0.184
8,-1,1803.9,591.9,25.5,47.3,0.175
8,-1,639.9,519.6,12.9,34.0,0.165
8,-1,604.6,536.9,15.6,62.0,0.143
8,-1,1358.6,513.5,12.4,48.3,0.125
8,-1,1353.9,520.0,11.6,43.1,0.104
8,-1,1121.4,494.1,9.9,20.8,0.097
8,-1,1116.8,493.9,8.4,20.5,0.086
8,-1,1153.6,509.8,14.5,23.4,0.079
8,-1,874.5,473.8,21.9,56.9,0.074
8,-1,1271.6,572.2,25.8,40.7,0.068
8,-1,972.4,475.6,11.0,30.6,0.060
8,-1,1284.0,570.2,23.7,45.4,0.059
9,-1,1664.8,586.7,64.3,128.3,0.997
9,-1,490.9,551.7,34.5,95.2,0.996
9,-1,1397.5,531.9,31.0,99.7,0.990
9,-1,1471.2,517.8,30.4,83.0,0.987
9,-1,531.9,558.0,34.5,90.6,0.985
9,-1,1580.6,587.7,47.9,125.2,0.984
9,-1,1516.4,535.2,26.8,79.5,0.958
9,-1,676.4,529.2,28.8,70.9,0.953
9,-1,215.3,594.7,46.8,159.0,0.953
9,-1,111.5,592.8,55.6,153.9,0.946
9,-1,16.5,741.5,47.6,112.0,0.944
9,-1,646.6,537.3,26.4,65.1,0.918
9,-1,803.0,459.9,28.5,100.8,0.880
9,-1,618.3,526.8,19.8,71.0,0.877
9,-1,575.1,528.4,27.7,71.3,0.765
9,-1,829.6,516.7,17.1,44.4,0.752
9,-1,867.9,467.1,22.4,67.5,0.750
9,-1,1077.9,496.4,13.1,31.8,0.690
9,-1,1333.0,524.7,13.8,39.2,0.675
9,-1,633.5,535.0,17.7,65.6,0.655
9,-1,798.6,525.5,12.8,34.7,0.577
9,-1,1194.6,498.4,14.2,34.6,0.572
9,-1,1369.6,508.7,17.5,58.7,0.474
9,-1,1364.5,513.4,11.3,36.7,0.462
9,-1,1438.1,508.5,11.9,34.1,0.461
9,-1,905.9,471.8,16.2,55.2,0.411
9,-1,667.2,533.4,18.9,67.9,0.404
9,-1,979.7,474.6,14.4,32.8,0.383
9,-1,1295.4,508.9,11.0,33.6,0.372
9,-1,776.5,513.8,17.3,53.8,0.368
9,-1,602.9,534.3,16.6,64.0,0.291
9,-1,13.6,579.1,43.3,160.4,0.245
9,-1,944.4,471.9,12.3,30.7,0.237
9,-1,651.3,528.5,33.7,76.7,0.206
9,-1,886.9,482.5,20.3,45.0,0.203
9,-1,639.1,517.2,13.8,36.8,0.162
9,-1,1282.6,502.9,18.4,41.6,0.146
9,-1,1112.8,494.6,9.5,20.8,0.140
9,-1,1290.3,505.3,13.7,38.1,0.127
9,-1,1354.0,521.6,12.6,43.7,0.125
9,-1,636.1,530.3,14.5,47.0,0.118
9,-1,792.2,513.0,16.0,46.0,0.118
9,-1,1318.3,521.6,14.9,56.2,0.105
9,-1,1229.0,517.3,11.9,37.7,0.092
9,-1,592.3,533.4,16.6,64.2,0.081
9,-1,1117.2,494.5,8.8,21.0,0.076
9,-1,1270.1,505.2,12.3,41.3,0.068
9,-1,971.3,476.0,9.8,30.4,0.065
9,-1,1121.1,495.1,10.7,20.6,0.060
9,-1,1273.7,571.9,28.7,46.1,0.054
9,-1,1299.2,575.0,28.9,44.0,0.050
10,-1,1670.3,603.3,65.3,125.9,0.996
10,-1,488.4,544.8,34.8,96.1,0.995
10,-1,529.6,552.1,34.8,90.7,0.989
10,-1,1583.8,602.0,48.6,124.7,0.986
10,-1,1399.6,539.8,31.9,102.7,0.985
10,-1,0.0,729.3,46.8,113.3,0.972
10,-1,677.7,524.9,27.0,73.1,0.964
10,-1,1475.9,531.6,28.7,79.0,0.963
10,-1,616.1,522.9,20.6,72.6,0.955
10,-1,802.4,454.7,30.8,103.5,0.947
10,-1,644.4,529.0,27.8,71.4,0.943
10,-1,573.6,522.8,26.3,72.4,0.917
10,-1,205.7,596.5,46.0,149.7,0.913
10,-1,1522.8,554.1,21.3,72.4,0.886
10,-1,106.4,575.1,48.5,157.1,0.884
10,-1,867.5,465.5,24.0,70.4,0.873
10,-1,1077.3,502.7,14.3,31.6,0.864
10,-1,1196.0,503.8,14.5,36.0,0.784
10,-1,632.8,532.2,16.7,65.3,0.735
10,-1,583.8,521.9,20.2,68.5,0.724
10,-1,638.3,511.8,18.0,35.3,0.604
10,-1,1438.6,518.9,13.2,35.2,0.541
10,-1,906.3,470.7,16.8,56.4,0.524
10,-1,827.8,516.2,19.0,44.3,0.499
10,-1,982.7,477.4,13.5,31.7,0.454
10,-1,602.0,529.8,15.1,64.7,0.394
10,-1,665.1,531.2,19.1,66.0,0.390
10,-1,1285.2,511.1,16.4,41.9,0.390
10,-1,1334.9,532.9,12.7,40.1,0.380
10,-1,1124.2,497.8,12.2,21.0,0.371
10,-1,1368.9,520.5,18.1,54.1,0.334
10,-1,1.1,560.6,40.2,170.9,0.327
10,-1,1110.5,500.8,10.0,19.3,0.313
10,-1,1113.1,499.3,12.0,20.5,0.311
10,-1,1296.1,507.7,12.8,42.9,0.305
10,-1,1367.7,521.8,12.1,40.7,0.230
10,-1,796.2,508.2,15.2,46.2,0.202
10,-1,886.9,479.7,20.2,48.5,0.199
10,-1,637.8,511.8,20.4,68.7,0.191
10,-1,1271.2,509.5,14.0,45.1,0.171
10,-1,1120.9,499.3,9.8,19.8,0.166
10,-1,592.8,529.1,17.7,64.6,0.134
10,-1,908.0,466.2,15.0,29.6,0.119
10,-1,786.7,511.6,16.2,43.4,0.118
10,-1,1229.2,520.9,13.0,41.5,0.091
10,-1,1331.2,503.0,11.7,34.6,0.070
10,-1,900.0,474.4,15.3,53.4,0.064
10,-1,776.3,511.7,18.0,51.5,0.062
10,-1,1322.4,526.7,14.4,42.6,0.061
10,-1,1274.9,582.4,28.2,42.6,0.052
11,-1,1677.0,584.6,66.9,129.6,0.998
11,-1,485.0,550.9,40.4,99.7,0.993
11,-1,1401.6,529.0,31.9,103.2,0.992
11,-1,1593.4,588.5,52.3,125.5,0.988
11,-1,1476.5,512.5,31.3,85.1,0.988
11,-1,529.1,556.1,36.2,95.5,0.986
11,-1,199.2,614.7,46.7,147.7,0.960
11,-1,676.4,527.5,27.5,73.0,0.951
11,-1,0.2,750.8,38.1,116.6,0.943
11,-1,89.3,597.5,52.7,159.7,0.934
11,-1,613.3,527.5,21.9,71.5,0.924
11,-1,578.8,528.1,21.2,68.3,0.909
11,-1,642.8,533.4,28.3,71.5,0.891
11,-1,1526.1,543.0,21.5,69.0,0.856
11,-1,800.9,459.7,29.3,100.1,0.855
11,-1,571.0,528.8,17.0,67.0,0.773
11,-1,1194.6,496.6,14.3,34.2,0.749
11,-1,978.8,470.3,11.9,33.7,0.741
11,-1,1075.5,496.8,14.2,28.1,0.738
11,-1,1335.8,518.9,13.4,45.6,0.680
11,-1,1367.8,506.4,19.9,58.5,0.638
11,-1,826.2,516.6,18.8,43.5,0.605
11,-1,1536.3,507.6,17.9,39.3,0.579
11,-1,797.2,525.3,11.8,31.3,0.540
11,-1,630.2,534.9,18.3,67.8,0.526
11,-1,0.0,593.3,34.4,156.6,0.506
11,-1,1368.2,508.8,12.9,42.0,0.448
11,-1,120.6,674.8,24.4,78.4,0.436
11,-1,1516.4,521.0,36.3,92.1,0.393
11,-1,598.8,537.1,15.4,62.5,0.366
11,-1,1535.6,508.8,19.4,79.4,0.351
11,-1,796.3,508.6,17.3,46.4,0.338
11,-1,774.3,511.4,17.2,54.7,0.252
11,-1,1461.4,503.8,27.1,48.9,0.244
11,-1,906.8,483.4,13.3,41.3,0.238
11,-1,1121.2,493.6,8.2,19.7,0.222
11,-1,1112.5,492.9,9.3,20.9,0.215
11,-1,902.6,470.1,15.4,53.7,0.199
11,-1,1124.2,493.3,9.1,20.3,0.194
11,-1,1321.1,514.9,17.1,57.7,0.191
11,-1,866.4,466.9,23.3,65.4,0.163
11,-1,975.7,471.8,9.9,32.5,0.142
11,-1,1230.0,513.3,12.6,45.4,0.137
11,-1,1117.2,493.2,8.3,20.0,0.136
11,-1,1295.3,505.7,11.7,35.2,0.125
11,-1,636.4,515.2,14.9,37.8,0.109
11,-1,662.6,533.9,20.2,66.9,0.104
11,-1,624.3,526.2,33.5,78.1,0.100
11,-1,1284.7,505.9,14.4,36.1,0.100
11,-1,943.9,469.9,11.3,31.4,0.094
11,-1,1324.6,510.1,15.5,36.3,0.082
11,-1,1271.5,502.8,12.6,41.3,0.058
12,-1,1687.7,589.4,62.5,129.5,0.998
12,-1,485.3,555.5,32.5,96.0,0.994
12,-1,526.5,557.0,32.8,95.3,0.989
12,-1,1598.5,593.7,51.9,126.4,0.986
12,-1,1405.6,534.1,30.9,102.8,0.983
12,-1,677.0,529.7,25.7,75.4,0.975
12,-1,1475.6,516.0,34.5,87.4,0.974
12,-1,641.6,530.4,30.0,77.0,0.959
12,-1,573.9,529.2,25.7,70.0,0.950
12,-1,186.5,614.9,49.6,148.3,0.947
12,-1,74.6,599.7,57.3,157.4,0.921
12,-1,611.4,529.3,22.0,73.1,0.919
12,-1,1529.7,535.5,24.7,79.1,0.908
12,-1,1196.0,499.2,14.1,34.9,0.801
12,-1,567.1,529.5,17.4,73.5,0.746
12,-1,0.0,755.6,20.7,113.4,0.719
12,-1,826.8,519.1,18.3,43.6,0.708
12,-1,1540.5,510.8,15.8,38.5,0.708
12,-1,1372.6,517.1,18.7,54.3,0.690
12,-1,797.5,529.7,12.3,29.8,0.656
12,-1,1321.3,516.5,20.0,67.3,0.633
12,-1,616.8,528.6,27.2,75.8,0.571
12,-1,1074.8,499.1,15.8,26.4,0.541
12,-1,627.9,531.2,20.0,73.8,0.517
12,-1,802.2,465.2,26.8,96.2,0.482
12,-1,0.1,588.6,19.0,154.4,0.447
12,-1,597.5,536.9,15.5,65.3,0.353
12,-1,980.4,475.2,12.1,32.5,0.303
12,-1,1124.8,495.6,10.1,21.3,0.298
12,-1,774.7,516.3,16.6,48.4,0.234
12,-1,1271.4,504.0,14.8,47.3,0.219
12,-1,908.4,491.8,12.1,36.2,0.192
12,-1,1297.3,508.8,12.0,36.0,0.188
12,-1,1112.3,496.7,12.0,20.4,0.160
12,-1,1230.6,518.8,12.7,38.1,0.131
12,-1,1519.8,549.9,27.4,58.3,0.127
12,-1,0.0,638.5,22.8,235.6,0.123
12,-1,1175.6,500.1,10.8,30.5,0.113
12,-1,0.0,709.0,20.3,252.9,0.099
12,-1,1121.3,496.6,9.2,20.0,0.098
12,-1,661.7,533.5,19.8,71.1,0.080
12,-1,161.5,608.1,29.5,144.5,0.076
12,-1,1283.4,569.7,29.1,44.3,0.069
12,-1,588.0,537.2,15.4,65.7,0.066
12,-1,820.0,520.6,19.1,41.4,0.065
12,-1,1468.0,509.3,23.2,57.6,0.061
12,-1,1107.1,535.7,26.3,24.7,0.055
13,-1,1695.4,591.3,62.3,130.1,0.999
13,-1,483.9,539.8,33.2,95.5,0.993
13,-1,524.9,543.1,37.1,94.1,0.989
13,-1,1604.8,596.5,53.2,125.7,0.981
13,-1,677.0,516.5,25.6,76.1,0.981
13,-1,1408.1,534.8,30.1,99.9,0.980
13,-1,1482.4,517.3,32.3,84.0,0.972
13,-1,641.8,518.3,28.9,75.4,0.971
13,-1,178.8,592.8,46.2,154.6,0.968
13,-1,67.6,579.0,51.6,166.7,0.963
13,-1,611.6,515.3,22.0,73.6,0.952
13,-1,574.8,516.8,23.3,72.1,0.908
13,-1,1074.1,490.8,16.6,32.7,0.893
13,-1,827.7,507.1,18.5,44.9,0.813
13,-1,1533.2,543.3,23.9,71.4,0.812
13,-1,566.9,515.2,16.0,67.0,0.801
13,-1,1198.1,492.9,14.8,36.1,0.777
13,-1,982.0,465.7,12.5,31.4,0.775
13,-1,1374.2,510.4,18.5,56.8,0.720
13,-1,1542.1,510.0,17.2,25.8,0.589
13,-1,628.3,519.3,17.9,72.5,0.563
13,-1,1469.9,507.7,15.2,44.2,0.554
13,-1,794.9,503.0,15.5,44.4,0.507
13,-1,1114.9,488.9,10.8,20.0,0.441
13,-1,1523.1,523.6,38.5,92.4,0.427
13,-1,1126.5,487.1,9.8,21.1,0.423
13,-1,1538.9,510.4,22.3,41.0,0.312
13,-1,597.5,522.6,15.3,64.3,0.308
13,-1,1274.1,498.8,13.8,44.8,0.278
13,-1,1300.3,504.2,12.3,34.7,0.269
13,-1,1331.2,509.7,13.3,34.2,0.236
13,-1,1371.7,511.4,11.2,37.7,0.191
13,-1,802.3,449.2,30.0,102.1,0.183
13,-1,1233.1,515.5,11.9,37.6,0.178
13,-1,774.5,504.2,16.2,52.2,0.171
13,-1,1120.2,489.0,7.8,19.5,0.155
13,-1,1473.8,507.7,23.5,60.2,0.150
13,-1,630.0,513.4,33.1,80.0,0.146
13,-1,0.0,562.6,11.0,182.5,0.134
13,-1,803.5,479.7,19.2,52.7,0.119
13,-1,1122.6,487.6,8.4,20.9,0.112
13,-1,820.6,510.8,15.8,40.6,0.091
13,-1,1339.2,523.2,15.8,40.7,0.085
13,-1,908.3,466.8,15.0,49.4,0.081
13,-1,663.8,525.5,17.0,64.7,0.064
13,-1,807.4,488.9,17.4,59.8,0.063
13,-1,808.2,516.9,11.8,34.5,0.062
13,-1,1328.1,512.6,14.6,53.0,0.060
13,-1,633.4,506.1,17.2,60.0,0.055
13,-1,1289.8,500.2,15.0,40.5,0.051
14,-1,1703.5,582.3,60.6,133.8,0.998
14,-1,1487.3,518.0,25.7,76.7,0.995
14,-1,479.9,548.2,34.0,96.6,0.994
14,-1,1611.1,590.7,55.0,125.6,0.993
14,-1,523.2,551.0,35.0,95.0,0.992
14,-1,1411.0,530.6,31.4,100.0,0.986
14,-1,672.3,522.5,27.8,75.8,0.984
14,-1,52.9,589.0,54.1,172.7,0.976
14,-1,637.1,526.2,29.8,74.4,0.973
14,-1,1071.5,491.2,16.1,34.9,0.952
14,-1,611.0,522.1,19.1,71.2,0.947
14,-1,169.9,607.9,46.1,156.0,0.933
14,-1,572.4,522.7,22.4,72.2,0.905
14,-1,1536.1,535.9,23.1,73.1,0.840
14,-1,561.8,524.6,16.5,66.1,0.837
14,-1,1468.7,503.6,16.5,43.3,0.795
14,-1,825.6,511.8,17.8,44.1,0.781
14,-1,624.0,526.8,19.1,70.2,0.668
14,-1,1196.4,493.0,15.9,36.0,0.647
14,-1,1539.9,506.0,19.5,32.0,0.615
14,-1,1370.7,504.7,22.6,59.4,0.554
14,-1,801.3,452.1,23.7,104.1,0.544
14,-1,1125.2,485.3,11.0,22.7,0.449
14,-1,796.1,523.4,12.1,28.2,0.388
14,-1,979.5,467.8,14.1,32.8,0.386
14,-1,1115.0,488.7,10.8,20.6,0.365
14,-1,978.6,471.5,8.2,28.2,0.349
14,-1,1525.1,544.4,27.3,56.5,0.294
14,-1,1272.4,497.0,14.2,45.4,0.284
14,-1,657.5,530.0,19.8,67.8,0.263
14,-1,1481.0,507.6,13.6,35.8,0.220
14,-1,1299.8,503.1,13.4,34.1,0.210
14,-1,1372.0,505.7,12.9,42.6,0.172
14,-1,632.7,514.0,14.9,34.9,0.170
14,-1,772.6,508.2,15.4,54.0,0.153
14,-1,1381.3,519.4,12.6,45.6,0.144
14,-1,1470.3,506.7,24.1,61.2,0.136
14,-1,1329.6,509.4,12.7,31.2,0.124
14,-1,1486.1,519.5,25.2,41.8,0.103
14,-1,147.5,599.7,47.0,154.0,0.081
14,-1,1281.4,507.9,12.9,32.2,0.067
14,-1,1511.2,509.5,12.2,28.2,0.056
14,-1,622.8,517.8,35.9,83.5,0.053
14,-1,1282.7,558.2,32.6,57.3,0.053
14,-1,1515.6,533.7,22.7,42.0,0.053
15,-1,1713.9,585.8,57.5,137.1,0.999
15,-1,479.3,543.8,34.8,97.9,0.995
15,-1,522.7,547.1,36.1,96.1,0.993
15,-1,1619.5,592.9,52.9,128.7,0.990
15,-1,673.4,522.2,27.0,73.7,0.986
15,-1,1412.8,532.8,33.9,100.9,0.983
15,-1,40.8,581.8,59.6,177.4,0.982
15,-1,637.4,525.5,29.7,72.6,0.973
15,-1,160.4,597.3,46.6,165.2,0.964
15,-1,1493.4,517.6,29.4,80.3,0.963
15,-1,611.6,520.7,18.7,71.3,0.950
15,-1,1072.8,490.2,15.0,34.2,0.923
15,-1,572.3,521.2,21.9,68.9,0.838
15,-1,1539.8,539.2,24.0,75.2,0.836
15,-1,561.7,522.3,17.5,67.2,0.811
15,-1,1374.3,503.9,23.6,61.6,0.804
15,-1,826.8,510.5,18.4,43.8,0.703
15,-1,801.8,452.6,27.4,100.8,0.701
15,-1,1198.9,493.5,15.8,34.0,0.674
15,-1,624.7,527.2,17.4,67.0,0.662
15,-1,1529.8,516.4,36.5,99.0,0.519
15,-1,981.6,466.8,12.0,29.0,0.428
15,-1,1538.2,506.0,24.5,41.5,0.396
15,-1,796.9,521.4,13.6,28.5,0.386
15,-1,657.5,527.3,20.0,67.6,0.367
15,-1,1275.7,498.6,14.6,46.3,0.360
15,-1,1538.0,507.8,28.2,68.8,0.334
15,-1,1471.1,503.2,14.1,38.1,0.310
15,-1,1300.7,498.4,13.7,39.0,0.310
15,-1,1113.5,488.4,14.5,20.5,0.212
15,-1,1476.8,507.8,21.9,41.3,0.185
15,-1,1235.9,490.6,13.3,38.0,0.149
15,-1,1468.6,510.9,28.1,50.6,0.147
15,-1,1127.0,486.8,9.8,21.1,0.142
15,-1,1518.9,515.3,21.2,32.7,0.133
15,-1,1879.0,600.9,32.7,105.4,0.124
15,-1,820.7,512.4,18.1,41.7,0.117
15,-1,773.6,505.9,16.9,53.0,0.116
15,-1,139.4,597.9,35.0,178.5,0.107
15,-1,1290.2,501.6,16.8,36.3,0.096
15,-1,1270.9,492.8,14.6,49.6,0.080
15,-1,909.2,459.3,14.1,30.8,0.070
16,-1,1720.0,589.4,57.5,138.8,0.999
16,-1,477.6,543.1,35.1,99.0,0.993
16,-1,1628.1,596.6,50.3,129.0,0.990
16,-1,518.5,544.5,34.4,98.6,0.990
16,-1,672.6,521.4,26.7,75.1,0.984
16,-1,1416.4,534.9,34.2,99.8,0.979
16,-1,1495.6,521.5,26.8,79.1,0.974
16,-1,25.7,583.3,62.9,175.3,0.973
16,-1,636.8,526.7,29.3,70.1,0.968
16,-1,145.7,597.3,46.3,166.9,0.963
16,-1,569.1,520.3,23.1,72.4,0.953
16,-1,610.2,520.3,18.4,70.5,0.946
16,-1,1072.9,490.5,14.3,31.0,0.914
16,-1,1543.0,546.4,23.8,69.9,0.851
16,-1,1376.2,505.2,23.1,61.7,0.818
16,-1,559.4,520.2,18.1,71.8,0.774
16,-1,1200.8,492.7,15.6,37.2,0.688
16,-1,826.5,510.3,18.5,43.7,0.674
16,-1,801.7,454.3,26.3,99.1,0.671
16,-1,622.3,528.6,19.0,66.2,0.621
16,-1,657.0,526.0,18.8,69.1,0.442
16,-1,1302.3,501.6,13.8,37.6,0.418
16,-1,796.7,520.1,13.5,29.4,0.407
16,-1,1545.8,508.3,15.4,20.9,0.395
16,-1,1472.5,504.9,13.6,35.7,0.381
16,-1,1293.3,500.7,18.5,40.5,0.368
16,-1,1274.7,497.5,17.2,51.3,0.364
16,-1,1129.6,486.8,9.3,21.6,0.337
16,-1,982.9,471.2,12.8,28.0,0.322
16,-1,1481.6,509.2,17.5,39.9,0.282
16,-1,1236.5,491.5,13.8,39.0,0.270
16,-1,1116.3,488.6,12.8,21.4,0.213
16,-1,1329.7,511.8,16.3,39.6,0.191
16,-1,592.1,524.6,17.3,66.8,0.182
16,-1,795.1,503.4,16.7,47.8,0.147
16,-1,1279.9,504.7,15.9,41.8,0.144
16,-1,820.0,511.9,18.2,41.9,0.121
16,-1,1343.0,519.6,15.3,40.6,0.113
16,-1,1544.9,510.6,19.8,34.0,0.107
16,-1,128.0,595.9,47.8,177.0,0.104
16,-1,774.1,506.8,16.9,51.3,0.087
16,-1,8.0,575.2,55.2,180.1,0.057
16,-1,1527.6,519.0,40.3,98.3,0.055
16,-1,910.0,455.3,15.1,34.3,0.053
16,-1,1122.1,488.6,8.1,21.2,0.052
17,-1,1726.9,589.4,58.4,140.4,0.998
17,-1,476.5,545.6,35.2,98.8,0.990
17,-1,517.6,548.9,33.8,96.3,0.989
17,-1,671.9,524.1,26.8,74.6,0.988
17,-1,1635.4,592.8,50.7,133.7,0.987
17,-1,1418.7,535.6,33.9,98.5,0.986
17,-1,1497.9,517.7,25.1,80.2,0.964
17,-1,635.8,530.2,29.4,70.8,0.963
17,-1,17.7,587.6,56.4,180.1,0.957
17,-1,1071.9,490.3,15.1,32.2,0.945
17,-1,133.1,602.3,45.5,172.3,0.937
17,-1,608.5,522.0,18.6,70.8,0.934
17,-1,566.0,524.2,23.4,72.5,0.905
17,-1,1546.8,547.1,22.5,66.8,0.868
17,-1,1377.4,504.5,21.9,61.4,0.848
17,-1,825.7,512.2,17.9,43.5,0.767
17,-1,800.8,452.5,27.9,100.9,0.765
17,-1,1199.6,492.5,16.3,36.1,0.708
17,-1,556.0,525.7,15.7,68.8,0.698
17,-1,621.0,530.8,17.6,68.3,0.582
17,-1,1276.2,496.5,15.4,47.4,0.470
17,-1,1546.5,506.6,16.4,22.0,0.465
17,-1,1301.6,500.1,14.3,37.6,0.421
17,-1,0.4,602.1,29.2,171.7,0.397
17,-1,1482.5,509.4,17.3,33.2,0.394
17,-1,1472.9,502.9,14.8,32.6,0.365
17,-1,1236.7,490.1,13.4,40.4,0.354
17,-1,1129.4,486.6,8.6,21.8,0.351
17,-1,1293.9,499.7,17.3,40.1,0.348
17,-1,907.7,483.7,13.6,36.1,0.347
17,-1,796.0,524.0,12.5,27.8,0.321
17,-1,1329.8,513.9,15.4,37.7,0.274
17,-1,982.6,473.7,13.6,27.8,0.244
17,-1,657.0,528.8,17.5,69.7,0.239
17,-1,1115.8,488.6,10.6,21.6,0.215
17,-1,1343.5,517.9,16.0,41.6,0.210
17,-1,1270.3,491.0,14.8,52.2,0.187
17,-1,591.6,528.9,16.8,66.4,0.137
17,-1,113.4,601.8,47.3,207.1,0.133
17,-1,1537.5,530.7,36.1,84.3,0.097
17,-1,1481.6,511.6,47.4,88.0,0.097
17,-1,771.2,509.9,17.0,50.0,0.092
17,-1,650.3,525.1,32.9,77.4,0.087
17,-1,794.1,505.6,16.3,46.9,0.076
17,-1,1121.1,488.0,8.4,22.0,0.066
17,-1,1125.2,487.4,8.3,21.7,0.059
17,-1,136.9,602.3,50.3,89.5,0.059
17,-1,907.9,469.1,14.9,31.7,0.050
18,-1,1734.1,590.6,59.0,142.1,0.998
18,-1,1421.9,533.2,35.9,102.6,0.992
18,-1,514.1,546.9,33.6,99.0,0.991
18,-1,472.2,544.0,38.3,101.9,0.990
18,-1,1645.4,592.7,51.3,131.1,0.989
18,-1,671.8,523.9,26.8,74.6,0.989
18,-1,608.0,521.6,18.2,71.2,0.938
18,-1,635.7,529.8,29.1,71.5,0.936
18,-1,1553.6,544.6,20.5,72.2,0.932
18,-1,1502.9,519.9,29.6,77.9,0.921
18,-1,4.9,590.0,56.6,179.3,0.920
18,-1,564.0,523.6,23.4,72.2,0.904
18,-1,1071.7,490.6,16.0,31.8,0.903
18,-1,801.2,452.4,28.8,102.2,0.827
18,-1,126.2,601.4,45.7,167.8,0.803
18,-1,1381.9,502.5,21.1,63.0,0.734
18,-1,554.7,524.9,15.9,74.6,0.700
18,-1,1202.1,492.1,15.1,36.9,0.696
18,-1,792.4,506.8,18.1,44.2,0.689
18,-1,1546.4,507.5,17.3,24.4,0.656
18,-1,826.5,510.0,18.9,44.8,0.651
18,-1,616.8,526.2,21.6,73.6,0.624
18,-1,0.0,596.4,15.6,174.5,0.616
18,-1,1.0,586.4,32.5,181.5,0.510
18,-1,1471.7,502.9,18.7,33.8,0.505
18,-1,1240.1,489.5,14.5,40.5,0.274
18,-1,1305.3,502.3,13.2,35.1,0.267
18,-1,1130.0,485.7,9.9,22.5,0.266
18,-1,982.7,471.4,12.6,27.6,0.250
18,-1,1277.7,496.1,14.0,47.0,0.233
18,-1,1484.9,508.3,16.0,24.4,0.231
18,-1,588.7,529.0,17.1,66.8,0.203
18,-1,1282.1,499.7,15.5,46.5,0.199
18,-1,1294.0,500.8,16.9,38.8,0.167
18,-1,910.0,482.3,13.2,36.3,0.156
18,-1,1286.1,507.8,14.8,33.9,0.148
18,-1,655.4,525.8,19.7,73.0,0.140
18,-1,1345.7,518.1,16.6,40.5,0.128
18,-1,1480.1,509.6,23.1,33.8,0.115
18,-1,1274.0,491.5,13.3,50.6,0.109
18,-1,771.6,508.4,16.9,51.6,0.106
18,-1,1117.2,488.4,11.3,22.1,0.103
18,-1,1126.1,486.5,8.3,22.4,0.071
18,-1,1330.0,513.9,16.2,36.0,0.070
18,-1,1559.0,506.9,18.8,30.5,0.066
18,-1,1321.9,507.2,10.0,29.0,0.062
18,-1,1529.9,510.1,14.5,18.8,0.052
19,-1,1743.4,593.0,60.4,139.7,0.998
19,-1,1423.9,534.0,33.6,103.7,0.994
19,-1,469.9,543.8,40.0,101.7,0.990
19,-1,1652.8,591.4,48.7,137.1,0.990
19,-1,671.9,523.5,25.8,74.9,0.989
19,-1,512.7,549.1,34.9,98.0,0.983
19,-1,1502.9,521.0,29.5,75.3,0.957
19,-1,606.7,520.5,18.2,73.5,0.948
19,-1,0.2,587.8,47.3,184.3,0.943
19,-1,634.8,530.7,28.6,71.0,0.922
19,-1,1555.5,540.4,23.2,75.1,0.918
19,-1,563.6,523.5,22.5,70.8,0.912
19,-1,1071.5,490.6,15.7,30.6,0.907
19,-1,114.2,599.5,46.3,174.6,0.849
19,-1,801.4,452.0,27.8,103.0,0.764
19,-1,553.1,524.1,16.8,72.4,0.764
19,-1,1203.4,491.6,14.6,37.3,0.764
19,-1,617.9,531.1,19.8,70.4,0.746
19,-1,870.2,461.4,20.0,53.5,0.695
19,-1,794.5,502.5,18.4,48.0,0.652
19,-1,1549.2,506.9,15.7,23.8,0.646
19,-1,826.5,509.7,18.3,45.0,0.548
19,-1,586.7,527.7,17.7,66.7,0.501
19,-1,1379.6,502.8,23.5,60.8,0.474
19,-1,1469.8,502.6,25.0,36.1,0.467
19,-1,0.3,574.9,7.5,199.6,0.282
19,-1,1239.6,490.1,15.3,45.8,0.279
19,-1,1306.4,501.3,11.9,35.9,0.278
19,-1,1130.9,485.0,10.7,22.1,0.262
19,-1,1282.7,499.2,14.4,44.2,0.249
19,-1,984.0,472.2,14.4,28.3,0.243
19,-1,1328.6,515.8,14.2,36.0,0.242
19,-1,93.8,597.9,52.0,174.6,0.160
19,-1,1295.3,499.6,16.2,39.9,0.157
19,-1,0.3,594.6,19.0,177.3,0.128
19,-1,1118.2,488.2,11.1,21.3,0.121
19,-1,1286.4,506.8,14.8,35.3,0.114
19,-1,771.8,508.0,16.7,51.6,0.101
19,-1,627.4,519.7,18.7,78.0,0.097
19,-1,111.5,602.1,44.8,91.6,0.093
19,-1,1376.3,520.0,12.6,42.9,0.078
19,-1,908.7,465.2,17.0,50.7,0.076
19,-1,1337.0,511.8,13.5,35.5,0.069
19,-1,1273.5,494.0,13.2,49.0,0.067
19,-1,435.4,537.8,28.8,107.3,0.057
20,-1,1755.5,596.6,55.9,138.2,0.998
20,-1,1426.2,534.2,36.5,102.9,0.996
20,-1,1659.8,592.2,51.4,137.8,0.992
20,-1,511.7,554.3,33.9,94.0,0.991
20,-1,468.6,547.7,33.6,99.5,0.989
20,-1,670.4,527.8,24.3,71.2,0.989
20,-1,1070.6,491.1,15.4,31.9,0.950
20,-1,603.0,524.4,18.6,70.7,0.950
20,-1,631.7,535.6,28.9,68.7,0.938
20,-1,0.5,595.9,35.8,184.1,0.938
20,-1,562.5,525.6,21.6,72.2,0.908
20,-1,1560.6,540.7,21.1,75.1,0.889
20,-1,1508.7,521.3,24.5,74.2,0.885
20,-1,101.1,607.9,48.1,182.2,0.825
20,-1,616.1,535.7,18.6,67.2,0.792
20,-1,548.8,525.8,16.4,72.6,0.772
20,-1,1547.7,506.1,17.4,24.5,0.737
20,-1,1203.1,491.7,14.8,36.6,0.726
20,-1,799.9,452.4,29.3,102.6,0.621
20,-1,792.3,507.6,16.9,45.3,0.580
20,-1,827.0,512.4,16.7,43.8,0.518
20,-1,983.3,468.2,12.3,30.3,0.472
20,-1,553.7,525.9,22.5,72.7,0.449
20,-1,1392.5,514.9,13.2,48.3,0.435
20,-1,652.1,529.2,18.8,70.3,0.421
20,-1,1297.6,499.9,15.8,38.9,0.399
20,-1,585.4,533.2,17.4,62.7,0.370
20,-1,1280.1,495.8,14.8,49.2,0.365
20,-1,1336.1,511.6,14.3,38.6,0.346
20,-1,1565.0,507.0,15.5,27.8,0.338
20,-1,1240.1,489.1,16.7,43.9,0.336
20,-1,1486.2,506.2,14.3,20.5,0.334
20,-1,1304.3,501.8,13.2,35.8,0.322
20,-1,1470.9,502.2,19.5,35.2,0.313
20,-1,1131.0,486.3,10.3,22.0,0.299
20,-1,1753.8,601.7,29.4,123.1,0.290
20,-1,1330.3,514.5,14.0,38.1,0.281
20,-1,100.3,608.4,56.0,92.6,0.238
20,-1,1506.7,507.6,9.4,18.5,0.155
20,-1,1376.3,523.0,12.4,39.1,0.145
20,-1,1288.0,509.3,15.0,32.4,0.141
20,-1,624.5,527.0,19.1,76.4,0.124
20,-1,770.7,507.4,17.2,54.8,0.100
20,-1,909.3,480.1,15.1,35.6,0.093
20,-1,1275.5,493.1,14.1,51.1,0.086
20,-1,477.5,546.0,41.3,101.8,0.083
20,-1,1120.1,487.8,9.9,22.4,0.081
20,-1,81.3,603.3,54.8,181.0,0.077
20,-1,1473.7,506.5,27.1,38.5,0.064
20,-1,1382.5,506.0,17.5,48.5,0.062
20,-1,1124.9,487.5,8.3,22.1,0.059
20,-1,910.1,459.0,14.9,30.6,0.055
21,-1,1765.1,597.5,55.1,142.1,0.999
21,-1,1429.1,535.1,34.3,105.7,0.998
21,-1,1666.7,593.7,53.3,140.8,0.996
21,-1,670.2,527.7,24.4,71.6,0.992
21,-1,467.1,548.6,34.7,98.4,0.990
21,-1,508.0,557.1,35.1,92.4,0.990
21,-1,1069.7,491.8,16.6,32.4,0.967
21,-1,602.0,524.6,18.4,70.7,0.963
21,-1,631.1,533.2,29.0,71.2,0.900
21,-1,561.8,525.1,20.8,74.1,0.871
21,-1,1564.8,538.7,21.0,80.8,0.862
21,-1,1548.9,507.6,16.6,30.6,0.841
21,-1,1760.5,600.5,34.3,130.6,0.792
21,-1,615.1,525.1,19.6,77.8,0.782
21,-1,548.0,525.6,16.5,73.9,0.737
21,-1,1392.6,506.2,15.8,58.8,0.682
21,-1,793.2,504.9,17.6,48.5,0.603
21,-1,1203.3,493.9,14.8,32.9,0.576
21,-1,984.2,468.4,11.9,28.9,0.568
21,-1,827.4,512.9,17.3,43.1,0.512
21,-1,652.9,528.9,16.6,69.2,0.473
21,-1,0.0,602.9,28.2,184.3,0.435
21,-1,1332.8,514.8,14.1,37.7,0.316
21,-1,84.3,608.7,68.5,176.7,0.287
21,-1,1131.0,486.2,10.3,22.2,0.264
21,-1,69.0,605.9,55.0,196.3,0.227
21,-1,584.8,532.4,17.1,64.9,0.219
21,-1,1564.9,507.5,16.5,28.9,0.212
21,-1,626.7,521.8,14.3,43.2,0.194
21,-1,625.0,521.3,18.0,80.3,0.162
21,-1,799.0,450.0,32.4,102.2,0.161
21,-1,1287.3,509.5,14.1,32.6,0.124
21,-1,1241.2,491.7,14.4,43.9,0.117
21,-1,770.9,507.9,16.7,54.3,0.116
21,-1,618.6,520.9,17.5,53.2,0.109
21,-1,90.0,606.1,67.6,102.7,0.096
21,-1,1282.4,499.4,15.0,45.3,0.092
21,-1,784.4,513.6,12.1,40.0,0.083
21,-1,1763.6,600.7,25.6,81.7,0.083
21,-1,1277.0,506.0,12.0,38.1,0.077
21,-1,1120.6,488.0,10.3,22.6,0.077
21,-1,1565.8,512.3,20.3,39.0,0.073
21,-1,1308.0,509.3,10.4,29.0,0.073
21,-1,1294.7,515.0,12.0,25.7,0.053
22,-1,1771.4,597.0,59.6,144.9,0.999
22,-1,1432.7,535.7,34.9,104.7,0.999
22,-1,1673.1,595.5,54.1,140.3,0.996
22,-1,669.0,528.6,25.3,74.0,0.991
22,-1,500.6,551.7,42.6,101.8,0.988
22,-1,465.1,547.4,36.5,102.0,0.982
22,-1,600.8,525.5,18.8,72.6,0.976
22,-1,629.7,524.7,29.9,82.3,0.949
22,-1,1069.4,492.5,16.9,31.9,0.949
22,-1,544.5,527.8,15.6,70.3,0.938
22,-1,1517.0,519.3,22.2,81.1,0.909
22,-1,558.9,528.0,21.9,72.2,0.885
22,-1,61.6,615.5,60.0,190.0,0.850
22,-1,1551.1,507.7,14.4,30.4,0.844
22,-1,1568.8,541.8,20.3,79.2,0.818
22,-1,614.4,521.5,20.1,80.7,0.625
22,-1,0.0,618.5,13.5,165.6,0.589
22,-1,625.9,522.3,14.9,40.1,0.546
22,-1,1203.5,494.1,15.6,34.2,0.538
22,-1,1333.9,515.8,14.1,37.9,0.520
22,-1,985.7,473.0,14.2,30.5,0.463
22,-1,792.9,520.1,17.2,36.8,0.447
22,-1,622.9,521.4,19.5,81.4,0.446
22,-1,652.7,529.6,15.6,71.2,0.299
22,-1,1132.3,487.8,10.1,23.2,0.294
22,-1,581.5,535.1,17.5,64.9,0.261
22,-1,799.5,452.2,30.3,97.3,0.242
22,-1,1392.9,504.3,16.2,50.4,0.236
22,-1,1288.6,509.3,13.3,33.7,0.214
22,-1,1281.2,514.1,17.8,39.5,0.192
22,-1,1120.7,488.9,10.5,23.5,0.170
22,-1,1277.6,507.0,12.5,40.2,0.131
22,-1,1308.4,516.0,10.5,23.8,0.123
22,-1,0.0,584.9,19.3,252.4,0.102
22,-1,1294.0,511.4,12.6,30.2,0.091
22,-1,801.3,458.5,23.6,58.1,0.090
22,-1,1377.3,504.8,21.0,43.6,0.085
22,-1,1127.7,487.3,8.5,22.4,0.079
22,-1,910.4,458.0,16.9,31.6,0.066
22,-1,77.0,614.6,57.7,142.9,0.063
22,-1,1301.7,503.2,15.2,36.6,0.062
22,-1,70.2,612.6,53.3,77.8,0.059
23,-1,1780.6,600.9,64.1,144.5,0.999
23,-1,1434.1,536.3,35.2,105.6,0.997
23,-1,1680.9,599.4,55.9,144.1,0.996
23,-1,499.7,551.6,43.5,101.6,0.991
23,-1,668.4,528.9,25.4,74.7,0.991
23,-1,466.6,549.0,34.1,102.6,0.987
23,-1,599.8,524.8,17.9,74.9,0.978
23,-1,1069.0,493.5,17.2,31.5,0.970
23,-1,630.3,526.2,27.7,80.8,0.947
23,-1,869.4,463.2,21.6,58.7,0.942
23,-1,558.3,527.3,21.0,70.6,0.909
23,-1,543.7,527.8,16.1,69.3,0.854
23,-1,1551.3,506.7,14.4,31.4,0.833
23,-1,1574.4,547.8,18.7,71.9,0.773
23,-1,800.1,453.5,26.8,65.9,0.704
23,-1,53.4,616.4,63.6,191.2,0.657
23,-1,613.0,521.1,21.6,81.4,0.650
23,-1,793.1,505.3,18.9,50.3,0.642
23,-1,1518.4,518.9,24.9,75.6,0.630
23,-1,1334.8,515.6,13.9,38.2,0.565
23,-1,984.7,467.1,12.9,33.0,0.530
23,-1,1285.2,517.5,15.2,36.2,0.485
23,-1,622.9,520.8,16.4,80.8,0.443
23,-1,1204.8,494.2,15.6,34.7,0.407
23,-1,1132.8,487.9,10.7,23.6,0.337
23,-1,1567.5,507.8,13.9,32.7,0.332
23,-1,1394.8,506.1,15.9,45.9,0.315
23,-1,1562.6,524.1,33.2,98.6,0.291
23,-1,621.8,522.3,16.2,35.2,0.259
23,-1,1529.9,511.9,11.8,19.7,0.253
23,-1,865.6,462.4,47.5,65.7,0.224
23,-1,579.6,533.6,18.2,65.7,0.201
23,-1,1387.6,507.1,17.0,42.8,0.199
23,-1,1565.0,526.8,22.3,46.5,0.192
23,-1,887.1,475.5,27.8,48.7,0.177
23,-1,652.0,531.0,15.6,72.6,0.160
23,-1,910.9,460.9,15.6,30.6,0.139
23,-1,1121.9,488.5,10.5,23.6,0.135
23,-1,1299.3,519.5,10.5,22.8,0.103
23,-1,1278.9,507.7,10.4,38.3,0.100
23,-1,910.6,480.4,14.1,38.3,0.100
23,-1,1521.9,553.5,21.7,44.7,0.099
23,-1,1291.1,514.9,12.8,33.0,0.090
23,-1,1294.7,513.5,13.3,29.6,0.079
23,-1,1127.4,488.1,8.6,22.8,0.074
23,-1,565.8,527.9,17.9,75.5,0.072
23,-1,1374.5,515.3,12.6,33.4,0.069
23,-1,1303.7,520.4,10.3,21.2,0.057
24,-1,1790.4,596.5,64.6,148.5,0.998
24,-1,1437.3,536.8,36.3,103.7,0.997
24,-1,1688.5,597.6,56.1,145.2,0.994
24,-1,666.1,529.2,26.5,78.6,0.993
24,-1,463.2,555.8,36.9,99.5,0.990
24,-1,500.6,558.3,37.7,100.0,0.985
24,-1,1067.9,492.9,16.2,31.7,0.977
24,-1,597.2,527.7,18.1,75.4,0.959
24,-1,626.7,534.4,28.9,77.5,0.943
24,-1,556.7,529.7,19.9,69.1,0.927
24,-1,1551.2,505.0,14.8,38.8,0.923
24,-1,1520.1,514.9,31.1,82.1,0.908
24,-1,1566.9,505.4,18.8,45.6,0.866
24,-1,611.7,523.9,20.9,83.4,0.717
24,-1,542.5,530.6,16.7,71.2,0.710
24,-1,1587.5,499.8,15.1,46.3,0.703
24,-1,46.2,619.4,61.8,198.8,0.594
24,-1,1335.9,513.1,13.5,39.8,0.569
24,-1,1529.3,509.6,14.7,24.4,0.503
24,-1,1487.3,508.6,16.7,16.9,0.501
24,-1,1541.9,507.0,13.7,32.2,0.426
24,-1,984.5,469.5,14.6,33.5,0.384
24,-1,1394.1,504.0,18.0,43.6,0.364
24,-1,1574.2,544.9,22.3,71.8,0.351
24,-1,1204.7,493.0,17.0,35.6,0.342
24,-1,577.3,530.8,21.4,74.4,0.337
24,-1,621.5,525.3,19.6,83.0,0.323
24,-1,1285.8,518.2,14.7,34.5,0.318
24,-1,1476.0,510.2,38.8,28.4,0.306
24,-1,617.1,523.1,19.3,47.7,0.280
24,-1,1132.7,487.5,10.8,23.3,0.265
24,-1,1521.5,510.7,21.5,29.6,0.175
24,-1,1376.2,506.9,16.1,35.0,0.158
24,-1,1120.5,488.7,11.9,23.8,0.150
24,-1,1521.5,515.8,23.2,51.1,0.134
24,-1,867.3,463.6,46.4,73.8,0.123
24,-1,909.7,459.0,16.1,30.7,0.121
24,-1,1385.3,506.9,18.8,42.7,0.113
24,-1,1126.4,488.0,9.1,23.3,0.096
24,-1,1576.7,527.0,22.0,67.2,0.095
24,-1,1290.8,515.6,12.8,33.3,0.095
24,-1,1539.0,510.6,19.6,55.5,0.091
24,-1,1299.8,518.5,10.1,22.8,0.071
24,-1,1380.9,506.6,17.5,34.3,0.065
24,-1,1294.4,513.6,13.3,28.6,0.061
24,-1,1561.7,505.6,17.7,41.5,0.060
25,-1,1798.5,605.7,67.2,146.8,0.999
25,-1,1437.2,539.9,41.6,106.2,0.996
25,-1,667.1,534.2,25.8,76.0,0.992
25,-1,1696.2,607.0,61.1,147.9,0.991
25,-1,457.4,555.1,43.1,105.5,0.989
25,-1,500.3,562.3,38.4,98.1,0.988
25,-1,1068.3,496.6,15.8,29.3,0.973
25,-1,627.1,541.0,27.1,73.5,0.960
25,-1,1524.5,521.9,29.3,81.2,0.959
25,-1,597.0,529.9,17.6,75.2,0.955
25,-1,553.0,531.9,21.9,70.6,0.892
25,-1,797.7,457.5,29.7,72.0,0.884
25,-1,1581.4,558.2,18.4,70.0,0.883
25,-1,1554.0,511.7,13.4,36.0,0.845
25,-1,609.6,538.3,20.4,75.0,0.823
25,-1,1207.9,497.0,14.2,36.7,0.777
25,-1,1568.3,512.2,19.1,47.5,0.749
25,-1,1588.8,507.2,18.2,45.6,0.704
25,-1,1388.2,504.3,25.3,51.3,0.625
25,-1,1372.8,490.2,43.3,88.8,0.526
25,-1,542.8,532.0,23.2,70.1,0.519
25,-1,869.0,465.1,21.7,56.3,0.503
25,-1,983.1,472.1,15.8,32.4,0.485
25,-1,1305.3,506.4,15.3,37.5,0.457
25,-1,601.9,534.4,21.4,76.9,0.426
25,-1,615.5,526.1,21.4,83.8,0.423
25,-1,616.4,526.5,20.5,43.5,0.380
25,-1,1488.9,515.5,26.9,28.6,0.368
25,-1,1571.5,515.4,34.3,108.8,0.344
25,-1,909.2,471.3,16.3,52.9,0.319
25,-1,1337.4,515.3,15.1,41.5,0.318
25,-1,1313.6,505.7,11.7,36.8,0.317
25,-1,844.2,482.7,26.9,47.4,0.294
25,-1,1135.0,491.7,9.8,22.1,0.249
25,-1,27.5,620.9,60.2,212.5,0.224
25,-1,909.6,463.4,16.8,32.9,0.170
25,-1,1287.8,506.4,15.4,45.2,0.151
25,-1,1544.0,513.5,14.8,37.3,0.148
25,-1,1122.7,493.0,10.5,21.5,0.135
25,-1,1579.8,511.1,25.6,54.8,0.131
25,-1,494.5,558.5,27.4,98.9,0.123
25,-1,1247.2,496.4,16.1,35.3,0.092
25,-1,1305.7,566.3,35.2,59.1,0.085
25,-1,577.0,533.3,21.4,73.2,0.084
25,-1,1300.1,508.7,15.4,36.9,0.075
25,-1,1293.9,512.7,14.6,34.4,0.059
25,-1,1143.6,493.2,10.3,23.8,0.058
25,-1,1127.7,492.4,9.3,21.4,0.052
26,-1,1808.7,606.8,68.5,152.0,0.998
26,-1,1443.7,542.3,37.0,105.8,0.997
26,-1,1708.4,612.8,54.0,145.5,0.994
26,-1,459.3,553.6,36.7,106.6,0.992
26,-1,499.2,561.1,38.4,100.9,0.992
26,-1,1530.2,521.2,28.3,83.6,0.992
26,-1,667.0,535.1,26.1,76.7,0.991
26,-1,626.6,540.7,27.1,75.2,0.957
26,-1,595.8,530.5,17.1,75.8,0.950
26,-1,552.9,532.1,21.5,73.3,0.939
26,-1,1069.1,497.5,14.5,30.6,0.938
26,-1,1586.3,508.4,18.4,48.3,0.918
26,-1,607.7,543.6,20.6,70.7,0.893
26,-1,538.7,530.1,16.3,74.2,0.865
26,-1,1377.7,497.0,41.9,55.5,0.751
26,-1,1555.5,512.2,12.5,36.7,0.746
26,-1,1305.1,506.6,17.6,40.1,0.678
26,-1,1208.1,498.9,15.3,35.6,0.668
26,-1,1569.2,514.0,18.7,46.8,0.666
26,-1,1579.3,550.4,25.3,69.1,0.648
26,-1,769.3,515.0,15.2,40.1,0.639
26,-1,644.9,537.9,18.7,75.5,0.514
26,-1,986.3,475.7,12.7,30.4,0.513
26,-1,620.5,534.9,21.1,80.6,0.471
26,-1,1337.7,515.3,14.3,43.9,0.452
26,-1,798.7,458.2,28.9,80.6,0.436
26,-1,1286.9,504.8,17.7,49.7,0.353
26,-1,1134.6,492.0,10.9,22.6,0.350
26,-1,614.4,527.3,21.0,67.0,0.337
26,-1,789.3,515.4,19.1,38.2,0.318
26,-1,1393.7,506.9,22.4,43.2,0.305
26,-1,1311.9,561.2,31.9,60.8,0.298
26,-1,574.2,535.9,19.0,70.5,0.210
26,-1,24.6,614.6,49.1,225.2,0.188
26,-1,1122.8,494.0,10.9,22.3,0.147
26,-1,543.5,532.4,19.5,67.6,0.112
26,-1,781.5,520.7,14.8,34.6,0.106
26,-1,1559.6,512.9,16.6,45.4,0.080
26,-1,1129.8,492.9,9.2,21.7,0.064
26,-1,1247.7,497.3,17.3,53.6,0.059
27,-1,1813.6,610.6,73.9,154.0,0.998
27,-1,1443.8,543.7,41.6,109.8,0.996
27,-1,1712.1,614.9,57.7,150.6,0.994
27,-1,1529.8,526.3,31.8,80.5,0.993
27,-1,498.7,559.6,38.4,105.3,0.992
27,-1,454.7,559.5,36.2,103.9,0.987
27,-1,666.4,541.4,24.8,75.0,0.986
27,-1,624.5,541.0,28.5,77.8,0.961
27,-1,593.5,532.5,17.3,77.1,0.954
27,-1,1067.9,501.8,15.3,28.9,0.939
27,-1,1586.6,510.7,18.5,47.9,0.918
27,-1,548.6,533.5,25.1,78.1,0.917
27,-1,1208.2,499.6,14.8,37.2,0.913
27,-1,1377.1,498.5,41.8,52.1,0.847
27,-1,605.0,544.9,21.7,71.6,0.842
27,-1,1569.1,516.5,18.3,46.8,0.797
27,-1,797.7,462.3,28.9,77.7,0.731
27,-1,1584.7,552.8,22.0,73.1,0.698
27,-1,9.1,605.4,56.6,235.6,0.684
27,-1,1556.0,512.9,11.4,40.4,0.654
27,-1,1338.6,517.1,14.8,44.5,0.603
27,-1,535.6,534.9,18.9,75.0,0.489
27,-1,612.5,529.8,19.7,45.1,0.480
27,-1,987.0,476.8,12.2,31.1,0.404
27,-1,1310.2,505.0,16.0,43.5,0.366
27,-1,645.0,538.6,16.9,77.4,0.339
27,-1,616.0,533.1,19.8,80.5,0.243
27,-1,1134.4,492.9,11.7,24.3,0.232
27,-1,0.6,612.4,39.1,291.7,0.224
27,-1,1288.8,505.9,15.9,49.2,0.223
27,-1,430.7,543.6,22.6,42.9,0.179
27,-1,542.3,536.0,21.1,70.0,0.163
27,-1,1119.7,495.8,14.7,23.0,0.135
27,-1,1557.3,516.9,15.2,45.0,0.134
27,-1,767.5,518.5,16.1,37.3,0.123
27,-1,1564.2,514.5,14.6,48.4,0.110
27,-1,558.7,538.2,18.5,73.6,0.098
27,-1,1246.8,500.1,16.5,52.5,0.094
27,-1,8.5,588.8,48.5,151.1,0.062
27,-1,1130.7,495.1,9.6,22.6,0.059
27,-1,1308.8,572.8,37.3,59.0,0.058
28,-1,1823.2,609.5,73.2,158.6,0.998
28,-1,1446.5,545.1,41.9,109.7,0.997
28,-1,1721.5,617.2,59.8,150.9,0.994
28,-1,495.0,560.6,36.4,106.3,0.993
28,-1,1533.9,528.4,32.5,80.9,0.986
28,-1,453.6,555.7,36.2,109.7,0.986
28,-1,665.5,543.3,25.3,75.5,0.982
28,-1,623.4,547.9,29.4,72.3,0.969
28,-1,546.0,535.9,22.3,82.4,0.928
28,-1,1588.4,511.5,18.1,49.5,0.926
28,-1,602.8,550.3,20.6,69.5,0.881
28,-1,591.6,536.3,17.6,75.6,0.878
28,-1,1068.8,500.3,13.8,28.3,0.848
28,-1,1209.3,502.4,14.3,33.0,0.829
28,-1,1569.6,514.7,17.6,48.9,0.793
28,-1,0.6,612.8,43.0,233.4,0.679
28,-1,1555.9,513.8,14.6,45.4,0.675
28,-1,830.8,523.9,14.2,20.9,0.584
28,-1,1594.0,554.8,16.2,60.5,0.584
28,-1,989.2,478.9,11.1,30.3,0.581
28,-1,1305.5,502.5,20.5,46.5,0.578
28,-1,487.7,559.0,25.5,102.3,0.569
28,-1,533.4,537.1,18.8,73.9,0.444
28,-1,1208.9,495.4,17.2,25.3,0.394
28,-1,1314.4,503.6,14.3,43.9,0.340
28,-1,1246.3,500.4,18.8,56.4,0.336
28,-1,614.0,530.4,17.6,56.5,0.320
28,-1,1377.5,507.9,24.6,41.7,0.320
28,-1,1403.4,512.4,16.3,29.2,0.262
28,-1,1340.8,518.2,15.9,46.4,0.248
28,-1,1290.6,505.1,19.7,50.1,0.240
28,-1,767.5,517.7,16.5,32.7,0.232
28,-1,1582.6,563.3,26.5,53.6,0.180
28,-1,0.0,585.4,21.7,342.1,0.155
28,-1,1394.1,509.8,21.4,33.5,0.144
28,-1,614.5,533.1,30.6,88.8,0.128
28,-1,1563.8,515.5,15.9,48.4,0.124
28,-1,797.0,463.7,29.6,75.2,0.118
28,-1,1124.2,497.8,12.1,20.9,0.107
28,-1,1587.3,526.4,22.1,70.7,0.096
28,-1,0.1,630.5,13.6,260.1,0.080
28,-1,1552.5,515.5,13.8,37.7,0.079
28,-1,1601.8,509.2,13.8,46.3,0.070
28,-1,440.9,539.9,52.9,99.5,0.051
29,-1,1831.8,621.5,74.6,146.4,0.998
29,-1,1450.1,552.0,41.6,110.2,0.997
29,-1,1730.4,625.4,57.4,152.9,0.994
29,-1,449.1,560.3,35.4,106.0,0.993
29,-1,1538.8,537.7,31.5,76.7,0.993
29,-1,489.5,563.4,42.8,103.6,0.992
29,-1,664.3,542.6,25.7,77.2,0.967
29,-1,621.1,547.2,28.7,74.5,0.951
29,-1,1572.6,521.8,16.4,48.7,0.937
29,-1,1589.2,519.4,16.7,46.5,0.932
29,-1,603.0,550.8,19.8,69.0,0.900
29,-1,1068.5,505.9,15.3,28.5,0.883
29,-1,546.0,534.9,21.8,80.4,0.880
29,-1,591.0,536.9,17.3,78.4,0.878
29,-1,1210.6,507.0,14.5,33.4,0.754
29,-1,799.0,465.2,28.0,74.6,0.748
29,-1,0.4,609.6,39.9,241.9,0.739
29,-1,1597.3,563.8,18.5,69.8,0.721
29,-1,1558.6,520.8,11.7,31.7,0.678
29,-1,1137.2,497.2,10.5,23.2,0.590
29,-1,1601.7,516.4,16.5,43.0,0.583
29,-1,830.9,524.7,14.7,21.6,0.488
29,-1,0.0,632.7,20.9,218.8,0.441
29,-1,1210.3,501.7,16.4,25.6,0.384
29,-1,1555.7,519.4,14.8,50.9,0.366
29,-1,990.3,480.1,11.8,31.4,0.341
29,-1,1380.1,513.7,20.4,41.0,0.322
29,-1,614.3,533.5,16.3,40.6,0.321
29,-1,608.8,540.0,20.4,78.2,0.314
29,-1,0.1,610.9,10.7,238.2,0.270
29,-1,1398.2,520.1,13.9,26.0,0.244
29,-1,1340.7,527.5,19.0,37.8,0.234
29,-1,1125.1,500.4,12.8,22.9,0.209
29,-1,1314.6,509.7,14.3,45.1,0.184
29,-1,1597.5,519.2,21.4,71.7,0.181
29,-1,1587.4,541.6,31.7,86.3,0.163
29,-1,1249.1,506.0,16.1,45.9,0.157
29,-1,1403.8,518.2,18.5,28.1,0.149
29,-1,1317.5,545.1,56.8,92.8,0.106
29,-1,1338.1,549.7,32.0,45.5,0.106
29,-1,1560.4,520.6,17.1,50.7,0.092
29,-1,0.0,676.3,8.3,253.1,0.086
29,-1,615.9,534.0,17.6,65.9,0.074
29,-1,1248.5,521.8,17.0,43.2,0.067
29,-1,542.0,537.2,19.0,54.5,0.054
29,-1,1392.6,508.7,17.8,38.8,0.052
30,-1,1839.3,621.8,77.9,131.0,0.997
30,-1,1453.4,554.5,43.1,109.8,0.997
30,-1,1734.7,624.0,61.3,151.1,0.995
30,-1,448.0,567.6,35.5,106.6,0.992
30,-1,490.5,570.1,36.9,103.9,0.990
30,-1,1541.2,536.8,31.3,78.3,0.990
30,-1,662.2,549.6,25.6,74.8,0.936
30,-1,619.5,551.8,28.7,74.8,0.935
30,-1,1572.0,521.9,16.2,46.1,0.928
30,-1,1588.2,519.2,16.1,46.9,0.917
30,-1,1066.7,507.9,14.2,29.0,0.913
30,-1,588.2,541.5,16.7,77.1,0.879
30,-1,601.4,556.0,19.0,69.0,0.805
30,-1,1599.9,516.0,19.7,51.4,0.750
30,-1,1600.5,562.7,17.1,71.0,0.709
30,-1,1209.9,508.6,14.1,33.9,0.702
30,-1,542.3,540.9,20.1,80.6,0.619
30,-1,829.1,528.1,14.5,28.8,0.589
30,-1,1592.0,536.9,26.2,87.9,0.492
30,-1,0.1,642.5,14.6,230.6,0.452
30,-1,988.2,487.4,11.6,27.5,0.450
30,-1,610.8,537.7,17.5,42.2,0.367
30,-1,1377.8,513.2,23.3,44.4,0.355
30,-1,1558.6,520.6,11.6,26.2,0.326
30,-1,1249.1,505.7,17.5,51.9,0.319
30,-1,610.3,538.8,19.3,84.5,0.307
30,-1,767.1,524.1,15.7,25.9,0.272
30,-1,1314.0,509.2,14.8,46.8,0.258
30,-1,1136.4,500.7,10.4,21.4,0.257
30,-1,0.2,557.3,28.5,310.8,0.254
30,-1,482.5,565.5,24.2,101.9,0.242
30,-1,553.7,547.3,20.1,74.1,0.235
30,-1,1556.5,518.9,16.0,53.5,0.215
30,-1,1324.6,568.0,35.4,66.9,0.183
30,-1,1340.9,527.8,17.5,37.4,0.181
30,-1,1343.7,570.8,40.0,70.6,0.165
30,-1,1399.1,519.5,13.7,27.7,0.150
30,-1,796.5,469.2,29.8,70.2,0.120
30,-1,1292.8,516.2,16.7,48.4,0.091
30,-1,0.0,560.3,17.3,423.7,0.087
30,-1,1560.6,521.2,19.6,49.7,0.084
30,-1,1394.0,503.8,17.2,41.9,0.080
30,-1,1069.2,504.8,13.7,20.8,0.080
30,-1,985.6,482.7,8.9,26.7,0.073
30,-1,0.0,545.7,42.6,421.6,0.058
30,-1,1328.6,567.1,43.6,31.1,0.052
31,-1,1849.7,626.0,70.3,141.3,0.996
31,-1,1462.0,560.3,34.7,108.1,0.994
31,-1,490.0,585.8,37.6,101.7,0.994
31,-1,1744.5,628.6,62.7,150.5,0.993
31,-1,443.7,579.4,37.9,107.1,0.993
31,-1,1546.5,537.4,30.1,83.1,0.993
31,-1,662.3,559.4,27.2,77.7,0.960
31,-1,1590.8,522.2,15.9,48.3,0.930
31,-1,1574.2,525.2,17.2,49.5,0.907
31,-1,619.7,570.5,28.7,67.6,0.907
31,-1,601.4,572.0,19.9,65.8,0.896
31,-1,1066.8,515.0,13.5,29.3,0.882
31,-1,538.1,554.5,22.9,79.4,0.818
31,-1,1211.7,514.7,14.0,34.0,0.805
31,-1,1595.8,521.5,27.7,102.2,0.731
31,-1,1605.6,567.6,16.5,69.8,0.719
31,-1,796.6,477.2,30.6,80.6,0.709
31,-1,526.9,555.4,21.8,77.8,0.706
31,-1,828.5,538.8,14.4,44.8,0.687
31,-1,1602.6,519.7,19.5,51.9,0.684
31,-1,588.4,553.9,15.8,73.8,0.530
31,-1,989.2,492.2,10.5,29.4,0.482
31,-1,1335.8,572.8,40.3,74.0,0.413
31,-1,1251.4,512.6,14.2,45.5,0.319
31,-1,0.2,627.4,9.7,242.5,0.257
31,-1,1313.3,514.5,16.8,47.0,0.256
31,-1,553.9,558.1,20.1,75.9,0.252
31,-1,1317.5,573.0,29.7,66.8,0.250
31,-1,1322.4,573.6,39.8,74.1,0.245
31,-1,1190.7,521.7,11.4,29.1,0.221
31,-1,0.0,568.8,27.3,296.8,0.210
31,-1,482.6,579.9,25.2,101.9,0.198
31,-1,1001.9,497.5,12.8,21.6,0.193
31,-1,1343.1,530.6,17.0,43.4,0.193
31,-1,1136.7,507.7,11.6,22.6,0.192
31,-1,1293.6,518.5,16.0,45.2,0.160
31,-1,912.5,507.7,12.4,36.5,0.121
31,-1,615.2,571.3,20.7,66.7,0.113
31,-1,987.6,489.0,9.3,24.6,0.055
31,-1,985.3,491.1,8.9,27.0,0.053
31,-1,0.1,503.4,15.6,505.0,0.051
32,-1,1864.4,631.5,55.6,165.3,0.998
32,-1,1754.7,629.7,58.4,153.7,0.997
32,-1,442.5,576.0,36.8,102.3,0.996
32,-1,1462.8,562.9,36.3,107.0,0.994
32,-1,484.5,578.0,42.6,104.2,0.993
32,-1,1550.8,533.7,30.5,88.7,0.993
32,-1,618.1,563.0,29.5,71.6,0.976
32,-1,599.1,564.8,19.4,67.0,0.954
32,-1,658.8,557.1,28.7,74.7,0.938
32,-1,1592.3,524.8,14.8,47.6,0.930
32,-1,990.4,487.8,11.1,32.0,0.915
32,-1,535.0,547.8,22.6,78.9,0.911
32,-1,1573.8,527.7,18.0,49.1,0.896
32,-1,1605.0,524.7,17.6,50.0,0.896
32,-1,1065.8,512.4,14.6,29.6,0.884
32,-1,1609.2,561.8,19.1,80.5,0.882
32,-1,796.9,473.6,30.2,98.5,0.839
32,-1,586.3,548.6,16.3,75.6,0.762
32,-1,1213.0,514.6,14.1,35.0,0.741
32,-1,825.7,534.3,17.1,46.2,0.711
32,-1,611.6,544.5,15.2,36.6,0.449
32,-1,1380.6,519.0,24.4,32.0,0.347
32,-1,1299.5,533.7,15.1,38.8,0.335
32,-1,1320.6,514.6,14.2,43.7,0.310
32,-1,639.9,566.2,16.2,66.0,0.283
32,-1,479.5,578.5,26.2,99.6,0.265
32,-1,631.2,564.0,21.1,69.5,0.245
32,-1,1324.3,574.3,53.3,71.7,0.240
32,-1,1314.6,515.5,16.4,46.2,0.216
32,-1,1343.0,530.2,15.0,39.4,0.180
32,-1,912.6,488.9,14.1,49.6,0.175
32,-1,1190.6,518.3,12.0,31.6,0.164
32,-1,610.8,551.6,16.5,78.0,0.145
32,-1,1294.5,519.6,15.3,44.5,0.142
32,-1,1055.4,507.6,8.2,18.0,0.131
32,-1,1250.8,516.6,14.3,42.7,0.125
32,-1,1320.1,572.9,35.2,64.4,0.120
32,-1,550.3,561.4,21.5,65.8,0.114
32,-1,1351.5,577.6,37.2,71.4,0.109
32,-1,1137.4,507.5,10.3,21.3,0.105
32,-1,987.0,489.8,9.1,29.0,0.103
32,-1,1311.5,574.2,30.9,64.9,0.102
32,-1,583.3,558.5,13.6,64.3,0.077
32,-1,1075.9,497.6,11.5,24.2,0.073
32,-1,1194.7,522.5,12.6,28.3,0.071
32,-1,1345.6,532.1,20.6,42.6,0.069
33,-1,1765.7,619.4,61.6,153.4,0.998
33,-1,1870.3,622.7,49.7,167.1,0.995
33,-1,436.7,563.0,43.6,108.0,0.993
33,-1,1552.0,516.9,34.3,94.8,0.992
33,-1,485.5,567.8,39.9,104.6,0.991
33,-1,1463.6,546.4,40.5,116.6,0.989
33,-1,615.4,548.3,28.9,76.2,0.972
33,-1,595.9,552.1,20.6,70.6,0.969
33,-1,657.3,547.6,24.9,73.9,0.956
33,-1,1591.6,512.8,16.8,49.6,0.937
33,-1,533.1,539.3,22.7,78.9,0.920
33,-1,1212.3,503.0,15.2,38.0,0.891
33,-1,1611.8,549.7,19.8,84.3,0.861
33,-1,825.7,524.2,16.2,46.3,0.813
33,-1,1604.5,511.5,19.4,50.9,0.778
33,-1,583.5,540.7,16.5,74.2,0.757
33,-1,1063.5,503.3,17.1,27.8,0.746
33,-1,610.3,534.5,14.9,38.3,0.731
33,-1,475.2,558.6,24.5,109.2,0.621
33,-1,792.4,521.0,14.4,45.5,0.611
33,-1,1300.4,504.0,32.3,46.8,0.571
33,-1,521.8,541.4,19.0,77.9,0.534
33,-1,612.7,544.4,18.9,78.0,0.463
33,-1,1316.7,504.5,17.9,44.4,0.438
33,-1,989.9,480.4,11.7,30.7,0.381
33,-1,628.6,549.3,22.9,74.9,0.378
33,-1,609.6,533.4,15.4,80.6,0.365
33,-1,638.6,548.5,16.9,73.5,0.357
33,-1,1602.9,534.1,25.3,82.8,0.347
33,-1,797.8,466.9,27.5,99.3,0.343
33,-1,763.2,517.7,17.8,32.3,0.322
33,-1,548.0,543.0,21.5,74.4,0.275
33,-1,603.8,549.2,18.0,72.0,0.257
33,-1,391.6,564.1,24.8,99.8,0.253
33,-1,1385.5,505.1,18.4,33.3,0.234
33,-1,1295.5,507.2,16.8,48.5,0.210
33,-1,1250.2,501.4,17.3,47.3,0.174
33,-1,814.4,524.1,14.0,44.6,0.169
33,-1,1261.8,501.6,16.4,58.6,0.169
33,-1,1249.1,496.3,31.4,91.8,0.145
33,-1,988.0,478.7,8.8,29.2,0.100
33,-1,558.9,543.1,17.7,73.4,0.086
33,-1,1135.4,496.2,13.4,20.6,0.080
33,-1,1343.9,516.8,19.3,32.9,0.051
34,-1,1776.6,623.4,60.6,153.7,0.998
34,-1,436.5,570.4,37.5,105.0,0.995
34,-1,1880.5,625.3,39.5,137.4,0.994
34,-1,1556.9,525.2,32.0,86.6,0.993
34,-1,1467.9,545.2,40.2,120.2,0.991
34,-1,484.1,572.9,35.4,104.5,0.991
34,-1,653.4,547.5,29.8,79.1,0.962
34,-1,1213.5,506.2,14.1,35.5,0.955
34,-1,614.2,551.7,30.5,80.6,0.954
34,-1,528.6,544.5,24.8,77.4,0.950
34,-1,1593.0,513.2,16.5,50.5,0.947
34,-1,826.0,527.9,16.8,46.5,0.933
34,-1,593.8,556.6,21.4,70.7,0.932
34,-1,581.1,544.6,18.0,72.3,0.913
34,-1,1062.6,507.5,16.9,27.2,0.850
34,-1,1616.4,553.7,18.9,83.8,0.826
34,-1,1605.1,511.6,21.1,52.1,0.717
34,-1,473.7,559.1,23.4,114.5,0.640
34,-1,797.1,467.7,28.7,105.5,0.591
34,-1,764.2,522.9,15.7,49.2,0.489
34,-1,792.8,531.6,10.7,40.8,0.451
34,-1,608.8,543.4,16.9,83.4,0.417
34,-1,1321.8,508.6,14.4,41.6,0.260
34,-1,990.5,485.8,10.4,27.1,0.256
34,-1,1578.1,517.1,16.7,53.6,0.233
34,-1,1137.4,497.8,11.9,21.1,0.230
34,-1,548.7,547.3,21.1,71.5,0.211
34,-1,1252.0,505.8,15.5,44.2,0.203
34,-1,558.9,551.7,22.5,72.3,0.198
34,-1,627.7,551.8,23.7,77.3,0.197
34,-1,1263.4,507.0,15.7,55.3,0.149
34,-1,385.6,567.3,32.8,101.3,0.140
34,-1,1302.2,523.5,14.8,36.4,0.131
34,-1,0.0,558.3,17.3,92.8,0.112
34,-1,801.6,528.2,12.6,45.4,0.111
34,-1,1392.1,512.3,18.7,30.2,0.106
34,-1,911.1,496.3,12.6,38.2,0.101
34,-1,914.0,469.8,12.8,31.7,0.060
34,-1,1311.9,511.8,18.0,41.3,0.059
35,-1,1474.1,547.8,36.5,112.2,0.997
35,-1,1785.3,621.4,66.2,160.0,0.995
35,-1,436.3,559.6,36.4,104.8,0.994
35,-1,482.4,558.8,36.0,109.1,0.992
35,-1,1563.3,525.6,31.3,82.7,0.988
35,-1,527.8,532.1,24.3,79.3,0.974
35,-1,1887.0,645.6,33.0,87.1,0.974
35,-1,615.6,544.8,28.9,78.1,0.948
35,-1,1593.9,510.3,16.8,50.0,0.936
35,-1,1215.2,501.3,13.8,33.9,0.935
35,-1,579.6,536.1,18.4,72.9,0.931
35,-1,826.6,520.1,16.5,46.7,0.921
35,-1,1620.4,547.2,22.3,87.1,0.918
35,-1,657.9,533.5,24.7,84.4,0.911
35,-1,594.0,547.7,19.2,66.9,0.865
35,-1,555.8,543.6,24.5,69.8,0.830
35,-1,1063.4,500.3,17.0,28.3,0.766
35,-1,470.6,553.1,26.1,110.0,0.615
35,-1,795.2,458.6,31.7,103.3,0.608
35,-1,608.6,529.9,17.1,85.7,0.599
35,-1,1214.6,495.8,16.0,22.4,0.464
35,-1,990.0,475.3,12.0,30.7,0.390
35,-1,518.4,534.4,18.2,79.2,0.364
35,-1,765.4,515.1,15.1,60.0,0.355
35,-1,1392.6,503.4,15.3,34.6,0.335
35,-1,821.0,520.7,16.4,45.0,0.309
35,-1,1608.3,514.0,20.3,47.4,0.272
35,-1,587.1,540.2,19.7,70.5,0.269
35,-1,793.4,533.1,11.6,31.7,0.258
35,-1,913.9,490.5,12.6,36.1,0.223
35,-1,381.5,553.0,35.4,103.8,0.149
35,-1,795.1,516.2,14.9,50.0,0.145
35,-1,473.4,542.4,20.8,80.5,0.138
35,-1,1603.3,508.1,17.2,51.9,0.138
35,-1,632.8,547.1,17.7,73.6,0.137
35,-1,1139.9,491.7,10.1,22.1,0.131
35,-1,627.6,542.0,34.0,79.9,0.117
35,-1,1255.9,500.0,13.6,45.3,0.112
35,-1,407.8,500.7,15.3,40.1,0.088
35,-1,1249.6,508.6,12.3,36.4,0.082
35,-1,1574.2,517.8,21.9,68.1,0.071
35,-1,1077.7,483.3,10.9,23.6,0.060
35,-1,402.5,577.3,15.5,36.8,0.059
35,-1,1265.0,503.6,15.6,50.4,0.051
36,-1,1794.5,621.0,68.4,165.7,0.998
36,-1,1479.7,545.5,35.5,113.2,0.995
36,-1,432.2,557.9,40.0,108.3,0.991
36,-1,478.5,560.2,37.4,106.5,0.990
36,-1,1568.5,520.7,31.6,85.4,0.990
36,-1,524.4,531.2,24.9,81.0,0.961
36,-1,826.5,517.7,16.6,48.3,0.949
36,-1,1625.4,544.2,20.7,85.6,0.939
36,-1,614.5,537.6,29.4,83.2,0.938
36,-1,663.3,529.7,19.1,86.4,0.899
36,-1,577.5,533.6,19.6,76.7,0.872
36,-1,1062.5,498.6,18.3,27.9,0.840
36,-1,592.8,547.0,19.0,66.7,0.810
36,-1,1215.9,497.0,14.1,34.6,0.765
36,-1,553.5,540.8,22.2,71.6,0.754
36,-1,814.5,520.1,14.5,43.9,0.709
36,-1,606.0,527.6,19.4,88.1,0.637
36,-1,1594.7,507.1,17.4,47.4,0.609
36,-1,1140.4,489.4,11.8,22.0,0.512
36,-1,606.0,529.1,17.3,48.2,0.510
36,-1,793.4,514.0,13.1,49.1,0.449
36,-1,468.4,555.0,29.5,107.5,0.440
36,-1,991.0,472.4,10.1,29.9,0.434
36,-1,399.4,577.4,16.6,38.3,0.421
36,-1,764.8,515.2,15.9,57.2,0.416
36,-1,515.3,533.3,19.8,78.9,0.402
36,-1,1214.7,492.7,16.4,25.7,0.267
36,-1,1418.2,512.7,14.0,30.2,0.245
36,-1,1559.0,517.2,14.2,43.1,0.214
36,-1,1561.3,513.0,18.3,55.5,0.169
36,-1,380.2,562.5,36.1,95.4,0.169
36,-1,1603.3,505.1,16.5,49.7,0.160
36,-1,801.8,517.3,13.6,47.5,0.154
36,-1,451.6,556.4,38.0,106.5,0.148
36,-1,1608.7,504.5,17.4,49.8,0.126
36,-1,1390.1,502.2,21.1,35.4,0.119
36,-1,795.9,452.3,31.6,108.9,0.110
36,-1,1266.2,495.0,16.9,57.2,0.092
36,-1,643.6,534.2,38.7,83.9,0.089
36,-1,1256.3,496.9,14.1,47.0,0.083
36,-1,765.1,512.8,14.2,31.4,0.069
36,-1,1900.7,564.5,19.3,164.8,0.067
36,-1,569.2,537.9,20.0,73.2,0.057
37,-1,1804.0,620.6,71.4,168.7,0.997
37,-1,1480.9,547.3,37.0,110.7,0.994
37,-1,473.8,544.4,44.1,118.9,0.991
37,-1,429.8,555.4,41.6,107.3,0.991
37,-1,1572.9,519.3,31.9,87.1,0.988
37,-1,521.4,525.5,26.8,81.6,0.985
37,-1,614.7,539.8,28.0,78.3,0.938
37,-1,576.7,529.0,20.4,76.2,0.916
37,-1,826.6,514.3,15.8,47.1,0.914
37,-1,1629.0,548.1,18.3,81.6,0.897
37,-1,657.0,535.7,23.8,77.8,0.892
37,-1,1216.2,495.2,14.7,35.2,0.861
37,-1,1060.4,498.1,16.6,25.1,0.850
37,-1,550.9,541.7,21.0,65.2,0.832
37,-1,1559.8,509.1,13.4,49.6,0.752
37,-1,590.9,540.3,19.5,69.9,0.733
37,-1,1596.0,506.3,17.7,49.6,0.695
37,-1,606.6,527.7,21.7,86.0,0.628
37,-1,763.4,511.7,16.9,55.6,0.550
37,-1,510.9,526.2,22.2,80.0,0.537
37,-1,462.3,545.6,27.7,111.5,0.514
37,-1,991.4,470.4,10.6,30.3,0.455
37,-1,913.3,482.4,14.0,38.4,0.449
37,-1,1565.8,509.9,14.9,58.3,0.408
37,-1,1141.5,486.8,10.9,21.4,0.247
37,-1,795.5,450.1,32.8,107.3,0.241
37,-1,814.9,514.5,14.0,43.8,0.231
37,-1,396.2,570.3,17.4,39.4,0.223
37,-1,1607.4,504.0,16.4,49.5,0.204
37,-1,1256.7,495.5,14.3,47.0,0.195
37,-1,1267.2,492.4,18.8,64.0,0.154
37,-1,763.2,509.5,16.1,31.3,0.153
37,-1,792.7,523.4,12.7,35.4,0.147
37,-1,642.4,536.9,31.8,76.5,0.130
37,-1,666.7,536.4,16.7,68.7,0.118
37,-1,603.1,525.9,16.3,75.4,0.108
37,-1,1570.6,512.9,20.6,65.7,0.087
37,-1,1250.8,502.9,12.2,38.0,0.082
37,-1,797.8,511.7,13.5,48.1,0.075
37,-1,632.2,532.9,19.3,82.3,0.074
37,-1,1912.9,660.8,7.1,66.4,0.069
37,-1,1265.2,535.0,19.6,49.9,0.059
38,-1,1815.9,620.7,70.9,169.0,0.999
38,-1,1484.9,533.9,40.5,125.2,0.996
38,-1,426.5,554.6,41.9,108.7,0.989
38,-1,471.5,550.5,45.0,112.5,0.978
38,-1,1574.6,514.6,33.0,86.7,0.976
38,-1,613.7,540.7,30.1,79.2,0.959
38,-1,519.1,527.1,26.0,77.6,0.957
38,-1,657.9,533.1,22.9,80.4,0.950
38,-1,1059.9,493.3,18.6,30.2,0.945
38,-1,826.0,513.1,15.1,46.8,0.934
38,-1,574.8,530.5,19.5,72.9,0.853
38,-1,791.1,507.9,16.0,51.1,0.830
38,-1,1560.2,504.2,13.4,48.2,0.814
38,-1,588.3,544.0,20.5,68.2,0.754
38,-1,1631.1,542.0,19.1,76.4,0.738
38,-1,455.8,536.6,31.5,120.6,0.723
38,-1,1215.7,492.2,14.4,33.8,0.704
38,-1,547.6,547.8,22.1,59.8,0.646
38,-1,601.0,529.4,18.4,82.1,0.570
38,-1,762.6,509.4,15.3,41.7,0.547
38,-1,1594.8,499.6,17.3,55.4,0.405
38,-1,799.9,511.3,12.8,48.5,0.363
38,-1,373.7,555.4,37.6,102.1,0.307
38,-1,767.1,509.8,13.9,29.4,0.289
38,-1,812.8,514.0,12.9,44.0,0.283
38,-1,991.5,467.8,10.2,28.9,0.246
38,-1,1571.8,507.2,17.8,60.1,0.244
38,-1,459.2,532.2,22.9,77.9,0.244
38,-1,1195.2,492.8,12.5,37.4,0.220
38,-1,390.8,569.6,20.3,63.2,0.216
38,-1,511.9,525.9,23.4,77.3,0.204
38,-1,641.9,536.8,33.0,77.4,0.185
38,-1,1139.2,482.6,12.1,24.1,0.142
38,-1,1254.1,489.1,41.7,99.5,0.136
38,-1,1257.2,492.1,13.7,43.6,0.118
38,-1,1562.9,504.5,16.8,53.3,0.111
38,-1,669.8,536.5,32.3,64.1,0.092
38,-1,652.5,531.8,46.2,80.8,0.089
38,-1,1268.5,488.2,17.3,40.1,0.072
38,-1,1205.3,492.9,13.2,30.9,0.056
39,-1,1491.2,541.0,36.1,119.2,0.998
39,-1,1822.3,628.0,76.9,169.4,0.997
39,-1,427.0,548.8,34.7,106.0,0.991
39,-1,1580.2,511.7,36.4,92.6,0.983
39,-1,470.2,550.2,46.1,106.5,0.981
39,-1,653.6,526.1,29.9,83.4,0.970
39,-1,611.5,533.4,31.2,79.5,0.968
39,-1,516.7,519.2,27.0,81.0,0.951
39,-1,826.7,509.3,16.9,47.4,0.937
39,-1,1062.2,492.4,16.8,28.8,0.926
39,-1,1563.3,507.0,13.8,48.7,0.905
39,-1,456.0,532.9,29.9,117.0,0.774
39,-1,546.5,532.8,22.1,69.6,0.762
39,-1,588.3,537.2,21.4,73.5,0.738
39,-1,1217.9,492.1,14.9,34.9,0.735
39,-1,576.0,522.9,19.0,77.4,0.719
39,-1,1629.2,552.1,26.0,73.8,0.665
39,-1,792.5,505.6,14.9,49.0,0.549
39,-1,1571.1,507.4,15.5,63.0,0.548
39,-1,794.9,446.7,32.0,109.0,0.537
39,-1,762.4,504.9,18.0,57.9,0.529
39,-1,1641.7,552.5,13.8,56.5,0.514
39,-1,389.1,564.1,20.6,56.5,0.382
39,-1,600.6,522.8,19.6,85.2,0.370
39,-1,368.3,546.7,40.3,108.1,0.367
39,-1,581.2,527.1,20.9,76.6,0.339
39,-1,993.4,465.3,12.3,32.3,0.303
39,-1,1482.0,502.6,20.5,47.1,0.300
39,-1,1597.4,504.1,19.5,53.3,0.300
39,-1,1195.3,494.9,13.6,33.3,0.289
39,-1,1422.2,510.5,16.6,57.7,0.263
39,-1,1143.5,483.3,11.4,23.7,0.252
39,-1,1607.7,502.7,17.2,46.9,0.248
39,-1,640.0,529.1,28.8,79.6,0.213
39,-1,799.7,509.8,13.6,46.0,0.106
39,-1,632.0,527.9,18.9,81.8,0.101
39,-1,1258.8,493.8,14.3,43.4,0.087
39,-1,1358.6,559.4,36.9,71.0,0.086
39,-1,1272.5,489.1,14.9,35.4,0.081
39,-1,1251.8,498.8,11.4,35.7,0.076
39,-1,1576.0,508.6,17.8,62.3,0.064
39,-1,1268.1,533.3,17.5,45.3,0.055
39,-1,667.5,530.2,21.7,62.9,0.050
40,-1,1834.0,627.6,73.5,173.6,0.998
40,-1,1492.3,538.5,39.6,120.1,0.997
40,-1,423.1,552.9,42.6,107.9,0.983
40,-1,467.6,549.5,45.1,111.9,0.980
40,-1,1586.0,506.3,32.7,95.7,0.977
40,-1,511.5,522.9,27.2,84.2,0.973
40,-1,823.9,509.3,17.1,49.4,0.958
40,-1,610.0,534.8,32.3,79.7,0.944
40,-1,1562.7,504.1,13.5,48.8,0.907
40,-1,542.6,534.3,23.5,73.2,0.892
40,-1,649.3,527.2,28.4,82.1,0.884
40,-1,1059.0,491.1,14.4,25.8,0.882
40,-1,1643.7,546.1,15.6,76.9,0.837
40,-1,585.0,541.1,23.3,71.9,0.835
40,-1,1216.9,491.0,14.5,35.5,0.771
40,-1,1195.0,493.8,13.6,34.2,0.741
40,-1,455.2,531.2,27.8,120.0,0.636
40,-1,761.9,504.5,17.2,59.4,0.598
40,-1,793.9,443.8,31.5,109.0,0.526
40,-1,791.3,504.6,15.6,49.0,0.485
40,-1,572.8,534.0,17.5,70.2,0.447
40,-1,1577.3,503.8,17.1,62.1,0.400
40,-1,384.8,567.4,20.5,63.6,0.384
40,-1,1271.4,487.1,17.0,39.3,0.274
40,-1,456.2,528.0,21.3,77.0,0.244
40,-1,1141.6,481.8,11.4,23.4,0.242
40,-1,1606.2,497.9,16.1,58.4,0.211
40,-1,1596.9,499.8,21.7,59.6,0.211
40,-1,1254.6,493.6,15.3,43.0,0.203
40,-1,367.9,561.2,37.2,95.4,0.193
40,-1,601.1,530.6,17.4,81.5,0.183
40,-1,1251.6,496.9,12.1,37.6,0.180
40,-1,1347.7,547.2,42.9,78.2,0.134
40,-1,813.4,509.0,15.0,46.6,0.108
40,-1,797.6,506.2,15.0,50.9,0.094
40,-1,636.3,532.5,25.7,78.1,0.091
40,-1,992.8,467.7,12.2,29.3,0.077
40,-1,1211.2,492.5,15.5,32.0,0.065
40,-1,1209.1,487.9,12.4,31.5,0.056
41,-1,1845.8,636.3,72.3,174.2,0.999
41,-1,1496.6,541.2,40.7,124.0,0.997
41,-1,423.2,546.0,41.6,113.5,0.989
41,-1,1589.5,511.7,34.5,94.0,0.983
41,-1,649.3,524.1,29.6,85.9,0.976
41,-1,609.7,533.4,33.1,81.3,0.971
41,-1,463.5,551.5,45.3,107.4,0.969
41,-1,510.8,522.3,27.3,83.8,0.961
41,-1,825.1,509.2,17.9,49.0,0.941
41,-1,1060.1,489.6,14.7,29.4,0.921
41,-1,585.0,540.6,23.9,72.6,0.887
41,-1,541.3,533.3,24.7,72.8,0.881
41,-1,761.4,504.0,19.3,60.9,0.878
41,-1,1566.2,506.7,14.8,45.3,0.870
41,-1,791.8,504.6,15.9,51.7,0.859
41,-1,1644.5,549.1,19.9,76.4,0.838
41,-1,572.6,531.1,17.8,72.7,0.666
41,-1,1219.5,492.9,13.9,33.8,0.603
41,-1,1498.8,504.0,16.7,42.0,0.547
41,-1,380.6,560.7,22.9,76.4,0.525
41,-1,1346.0,549.9,54.0,81.8,0.522
41,-1,361.7,547.2,40.9,101.7,0.500
41,-1,1483.4,499.1,17.7,47.1,0.456
41,-1,578.0,531.9,21.3,76.1,0.432
41,-1,602.9,529.5,18.5,80.7,0.401
41,-1,992.8,465.3,9.4,30.4,0.398
41,-1,504.7,521.8,19.9,82.5,0.384
41,-1,813.4,509.2,14.3,47.9,0.375
41,-1,1582.6,506.5,15.6,61.9,0.331
41,-1,794.2,442.0,34.2,112.4,0.323
41,-1,436.6,544.5,40.1,109.4,0.248
41,-1,1144.5,483.3,11.1,23.4,0.211
41,-1,1198.9,495.7,13.4,32.8,0.179
41,-1,994.5,467.3,12.6,30.7,0.131
41,-1,630.1,530.2,19.5,79.6,0.107
41,-1,1385.2,504.7,18.7,38.4,0.101
41,-1,455.2,541.4,27.1,111.5,0.097
41,-1,636.5,533.1,18.5,57.6,0.090
41,-1,1255.4,497.5,14.7,38.1,0.090
41,-1,1490.5,503.4,18.4,43.8,0.082
41,-1,1343.4,548.7,55.5,35.9,0.076
41,-1,1366.7,548.4,49.8,90.0,0.061
41,-1,1337.9,556.5,38.1,80.2,0.059
42,-1,1857.5,639.4,62.5,179.0,0.999
42,-1,1502.4,541.0,39.9,125.8,0.996
42,-1,422.4,549.4,41.1,111.7,0.990
42,-1,1592.7,513.4,37.0,93.9,0.985
42,-1,609.5,535.0,33.3,81.4,0.982
42,-1,464.4,554.3,42.0,106.9,0.981
42,-1,509.3,524.3,27.4,84.1,0.977
42,-1,650.0,525.3,29.4,86.3,0.958
42,-1,825.3,510.1,18.1,49.4,0.942
42,-1,1567.5,509.2,15.7,48.4,0.919
42,-1,539.1,534.1,26.1,73.7,0.863
42,-1,582.7,541.3,24.3,75.5,0.852
42,-1,1655.7,553.2,12.5,57.2,0.817
42,-1,792.2,505.7,16.4,52.0,0.817
42,-1,1060.7,490.7,14.5,28.4,0.755
42,-1,1220.5,493.1,14.4,33.6,0.744
42,-1,572.0,531.7,17.5,73.1,0.743
42,-1,760.8,504.4,19.4,60.8,0.736
42,-1,449.7,525.9,23.6,61.4,0.653
42,-1,378.3,563.9,22.6,73.5,0.601
42,-1,358.9,546.4,41.9,105.7,0.583
42,-1,501.4,525.7,23.9,82.4,0.577
42,-1,1645.3,551.8,24.1,72.9,0.498
42,-1,1342.0,559.2,37.4,74.8,0.443
42,-1,1081.1,477.8,12.2,25.3,0.377
42,-1,993.8,468.7,11.3,28.8,0.361
42,-1,448.9,537.4,30.8,114.8,0.318
42,-1,600.4,530.8,19.1,82.0,0.301
42,-1,1579.9,507.8,15.1,61.4,0.299
42,-1,1574.2,508.1,17.4,52.1,0.268
42,-1,1145.5,484.3,11.0,23.1,0.262
42,-1,794.2,444.5,33.1,107.7,0.213
42,-1,1600.8,503.2,24.0,52.4,0.167
42,-1,1255.6,539.0,20.9,45.0,0.124
42,-1,810.2,510.5,14.7,47.5,0.121
42,-1,1388.3,507.2,15.3,36.6,0.099
42,-1,1256.8,498.9,15.9,38.5,0.061
42,-1,1264.2,491.9,13.7,39.3,0.054
43,-1,1872.6,643.5,47.1,169.7,0.998
43,-1,1506.6,547.6,42.6,123.3,0.997
43,-1,1596.1,523.3,37.8,87.6,0.989
43,-1,414.5,552.9,42.1,111.0,0.986
43,-1,648.0,522.9,28.6,91.1,0.984
43,-1,792.1,508.8,15.6,50.4,0.977
43,-1,505.5,525.1,28.1,86.7,0.968
43,-1,461.0,559.3,43.7,105.1,0.968
43,-1,605.6,536.4,34.1,84.0,0.961
43,-1,825.6,513.6,15.3,47.2,0.947
43,-1,1567.7,510.1,16.2,46.1,0.944
43,-1,580.9,539.4,25.5,79.2,0.846
43,-1,537.3,545.0,27.1,62.9,0.787
43,-1,1059.4,494.0,14.7,25.5,0.769
43,-1,443.0,535.3,35.6,124.0,0.738
43,-1,761.7,509.0,17.0,53.7,0.717
43,-1,570.6,531.4,17.9,76.5,0.711
43,-1,1654.7,552.1,19.8,69.7,0.698
43,-1,374.0,551.7,22.4,100.6,0.691
43,-1,444.9,527.1,30.9,66.5,0.678
43,-1,1220.4,494.8,15.5,32.6,0.629
43,-1,1582.9,527.6,13.5,46.5,0.573
43,-1,1607.0,505.8,17.0,36.5,0.503
43,-1,993.0,469.9,11.7,29.9,0.483
43,-1,1598.0,507.5,19.9,38.0,0.389
43,-1,1145.6,486.1,11.1,23.2,0.325
43,-1,376.9,556.5,19.4,55.7,0.285
43,-1,590.4,532.7,23.3,82.7,0.225
43,-1,1579.9,510.2,14.4,55.2,0.203
43,-1,1596.1,510.2,25.8,59.6,0.191
43,-1,1387.3,507.5,16.7,41.6,0.189
43,-1,1082.9,478.0,12.3,27.7,0.170
43,-1,1409.4,509.3,13.0,37.0,0.164
43,-1,1593.6,508.4,16.1,52.7,0.154
43,-1,358.9,547.4,35.0,110.3,0.149
43,-1,1422.5,521.9,14.2,35.3,0.148
43,-1,809.6,511.7,14.1,46.4,0.111
43,-1,1276.0,494.2,14.7,29.0,0.088
43,-1,987.8,469.0,11.2,29.5,0.079
43,-1,1345.9,581.6,38.5,58.7,0.075
43,-1,1253.3,504.2,13.6,35.1,0.072
43,-1,1257.7,501.7,15.7,39.6,0.072
43,-1,1265.5,496.0,14.0,39.9,0.066
43,-1,1140.2,486.4,11.0,23.2,0.056
44,-1,1512.3,546.9,41.0,126.5,0.997
44,-1,792.0,509.6,16.3,51.5,0.986
44,-1,416.2,552.9,43.6,114.5,0.984
44,-1,1599.1,506.3,41.5,106.1,0.983
44,-1,647.5,524.3,28.5,91.7,0.979
44,-1,458.1,560.1,44.9,107.6,0.975
44,-1,503.5,528.7,28.1,86.4,0.972
44,-1,605.7,540.0,32.8,80.5,0.965
44,-1,1882.0,646.2,38.0,172.8,0.963
44,-1,824.2,515.1,17.1,48.0,0.946
44,-1,532.0,546.5,24.0,68.0,0.938
44,-1,1569.0,510.9,17.1,45.2,0.934
44,-1,567.7,529.6,19.3,79.2,0.898
44,-1,579.8,537.1,25.3,84.8,0.897
44,-1,442.4,535.7,37.4,130.1,0.864
44,-1,368.6,552.3,24.7,104.0,0.781
44,-1,761.4,509.5,16.8,55.9,0.776
44,-1,1059.1,493.6,16.9,27.3,0.774
44,-1,1489.2,502.5,12.8,47.3,0.561
44,-1,1220.7,493.8,15.7,34.4,0.545
44,-1,442.0,527.1,31.5,71.2,0.525
44,-1,993.1,469.1,12.0,31.1,0.506
44,-1,593.6,530.1,21.0,83.5,0.500
44,-1,1386.7,505.4,18.9,49.2,0.411
44,-1,1653.5,553.8,24.8,68.8,0.402
44,-1,1503.6,508.9,14.6,43.6,0.386
44,-1,1423.6,520.5,18.2,45.2,0.319
44,-1,1144.8,487.5,10.4,23.2,0.303
44,-1,1498.9,507.4,14.3,43.7,0.283
44,-1,812.8,513.3,14.2,47.6,0.266
44,-1,1574.7,512.8,17.3,47.1,0.243
44,-1,1361.9,513.2,18.4,33.4,0.220
44,-1,1599.4,508.6,17.3,53.2,0.214
44,-1,1583.0,512.4,15.2,62.8,0.206
44,-1,1429.4,515.5,15.9,42.5,0.186
44,-1,793.1,448.2,33.2,110.3,0.151
44,-1,1600.0,505.8,30.7,61.8,0.132
44,-1,1454.8,504.4,16.4,45.5,0.126
44,-1,1003.3,474.9,17.6,21.2,0.122
44,-1,1083.8,479.9,11.5,26.2,0.121
44,-1,1443.3,501.1,13.9,52.7,0.107
44,-1,1403.7,504.2,14.8,41.1,0.091
44,-1,1408.8,506.5,13.8,40.1,0.075
44,-1,1277.3,493.9,14.1,30.3,0.064
44,-1,912.7,474.4,16.1,44.5,0.050
45,-1,1516.6,550.6,42.3,126.5,0.997
45,-1,605.9,538.4,32.8,83.1,0.984
45,-1,646.1,528.0,30.0,87.1,0.984
45,-1,460.1,559.3,40.2,106.4,0.983
45,-1,415.6,549.7,45.5,113.1,0.982
45,-1,1607.4,529.3,37.0,87.4,0.981
45,-1,792.6,509.3,16.1,51.6,0.974
45,-1,504.1,525.7,26.2,86.9,0.968
45,-1,1896.2,669.6,23.8,160.7,0.962
45,-1,826.7,513.9,16.8,48.1,0.948
45,-1,367.4,548.9,23.5,102.8,0.927
45,-1,567.2,534.1,20.3,73.8,0.924
45,-1,532.1,544.9,18.1,61.5,0.910
45,-1,1567.8,513.6,20.5,59.0,0.907
45,-1,580.1,539.7,24.6,79.4,0.877
45,-1,1057.4,496.5,17.7,27.8,0.778
45,-1,761.9,508.9,17.3,56.8,0.764
45,-1,1280.5,494.6,14.6,35.6,0.702
45,-1,438.5,539.6,37.0,122.8,0.562
45,-1,1601.0,510.6,25.1,46.2,0.558
45,-1,1387.9,511.5,16.9,41.1,0.556
45,-1,1365.9,516.1,16.5,35.0,0.524
45,-1,1658.4,558.3,24.4,67.4,0.500
45,-1,595.3,530.5,18.3,84.1,0.490
45,-1,440.2,528.8,29.5,65.6,0.459
45,-1,545.5,548.4,19.2,59.6,0.424
45,-1,1223.0,497.8,15.7,32.5,0.397
45,-1,1599.2,512.9,15.8,47.1,0.314
45,-1,995.8,467.8,12.5,33.0,0.271
45,-1,1585.4,513.4,14.9,55.5,0.261
45,-1,1147.5,488.4,10.9,23.9,0.249
45,-1,1447.1,506.0,13.9,51.3,0.217
45,-1,1488.9,504.4,14.9,48.7,0.183
45,-1,1337.1,501.1,14.2,40.8,0.160
45,-1,1497.8,507.3,14.4,46.2,0.151
45,-1,1451.6,510.9,13.5,47.8,0.140
45,-1,1257.5,506.9,14.1,31.6,0.139
45,-1,1141.0,486.5,13.8,24.1,0.130
45,-1,794.4,447.3,33.7,110.4,0.112
45,-1,1267.1,499.7,12.7,36.7,0.098
45,-1,1428.2,524.7,14.7,39.0,0.098
45,-1,1083.7,477.7,13.3,26.8,0.089
45,-1,808.9,511.0,15.1,47.1,0.084
45,-1,914.9,463.3,18.3,55.9,0.077
45,-1,1058.2,488.4,21.6,21.7,0.076
45,-1,1502.0,511.7,16.4,43.8,0.074
45,-1,1658.2,517.1,31.3,113.7,0.063
45,-1,621.0,537.0,19.5,79.4,0.062
45,-1,1423.4,522.9,13.8,40.2,0.054
46,-1,1520.2,550.2,45.1,130.2,0.998
46,-1,1612.1,528.6,35.7,88.2,0.989
46,-1,414.0,552.9,42.7,114.6,0.981
46,-1,454.8,556.6,43.0,112.8,0.978
46,-1,604.1,540.3,33.4,81.5,0.976
46,-1,825.3,515.8,17.7,48.4,0.964
46,-1,646.1,524.1,29.4,93.3,0.958
46,-1,364.4,554.6,22.6,101.3,0.954
46,-1,498.9,528.8,28.1,86.7,0.954
46,-1,565.3,534.4,19.7,76.2,0.928
46,-1,528.9,548.5,26.0,64.0,0.926
46,-1,576.8,540.4,26.5,82.3,0.902
46,-1,1367.2,515.8,16.4,47.2,0.812
46,-1,791.6,507.2,17.9,55.6,0.800
46,-1,1056.8,495.7,17.7,28.2,0.799
46,-1,1571.8,513.1,17.8,54.0,0.799
46,-1,760.7,508.8,17.9,62.4,0.729
46,-1,430.1,545.3,38.6,120.6,0.687
46,-1,1597.5,512.2,17.7,49.0,0.575
46,-1,1661.6,556.2,24.9,67.2,0.478
46,-1,1607.3,508.7,19.9,38.6,0.476
46,-1,593.5,531.8,18.1,85.5,0.392
46,-1,1391.7,512.7,15.8,41.6,0.381
46,-1,1279.9,495.1,15.1,36.0,0.381
46,-1,916.2,484.1,13.6,37.6,0.340
46,-1,995.0,469.9,12.3,31.7,0.334
46,-1,436.7,533.8,28.6,62.3,0.324
46,-1,1429.0,537.1,14.4,40.2,0.313
46,-1,1147.4,488.3,10.7,24.0,0.255
46,-1,1386.7,511.7,14.3,41.6,0.203
46,-1,1451.4,506.3,14.1,51.4,0.200
46,-1,1489.7,503.5,15.2,48.8,0.191
46,-1,1586.3,514.9,15.4,56.4,0.177
46,-1,1456.0,510.4,14.4,46.6,0.177
46,-1,544.7,552.9,19.4,58.6,0.140
46,-1,1440.0,520.7,12.9,39.7,0.132
46,-1,443.2,538.0,26.3,94.2,0.131
46,-1,814.1,517.2,12.8,43.1,0.131
46,-1,1142.4,486.8,13.3,24.2,0.122
46,-1,1082.5,476.5,15.1,28.5,0.113
46,-1,1418.0,518.3,13.5,44.7,0.107
46,-1,1415.1,513.1,13.4,37.4,0.105
46,-1,1222.9,497.2,15.6,32.5,0.090
46,-1,794.0,449.1,33.1,107.2,0.086
46,-1,1256.1,508.2,13.6,27.9,0.083
46,-1,1428.5,522.6,14.3,40.2,0.080
46,-1,1494.9,504.3,16.9,48.6,0.080
46,-1,1502.1,511.8,16.5,42.5,0.079
46,-1,582.4,531.3,36.9,89.9,0.072
46,-1,1060.1,490.9,18.2,26.4,0.069
46,-1,1403.9,504.5,13.5,42.3,0.060
47,-1,1526.2,553.3,45.8,132.7,0.998
47,-1,1618.2,531.7,34.0,85.8,0.993
47,-1,412.0,553.1,44.9,114.1,0.985
47,-1,791.7,509.9,17.2,53.0,0.983
47,-1,453.5,555.6,42.6,113.7,0.983
47,-1,645.4,523.9,30.1,94.0,0.983
47,-1,601.1,539.2,34.4,83.8,0.969
47,-1,361.3,552.8,24.6,103.2,0.951
47,-1,825.6,515.5,17.1,47.9,0.951
47,-1,497.8,529.2,27.5,87.4,0.947
47,-1,527.1,550.3,21.0,62.9,0.921
47,-1,574.8,541.7,26.3,80.9,0.913
47,-1,563.8,532.9,19.7,77.3,0.909
47,-1,1576.6,515.6,15.5,49.6,0.830
47,-1,1054.3,496.0,19.3,29.9,0.827
47,-1,1369.8,516.3,17.1,50.9,0.820
47,-1,1610.0,510.2,17.3,49.0,0.787
47,-1,1666.2,560.0,24.0,64.1,0.741
47,-1,1600.2,514.5,15.0,47.5,0.725
47,-1,761.6,510.0,16.6,58.9,0.645
47,-1,1582.6,517.0,16.0,47.6,0.614
47,-1,434.5,543.2,31.8,118.8,0.469
47,-1,538.2,550.4,23.1,61.9,0.441
47,-1,434.4,530.0,32.0,68.6,0.416
47,-1,816.4,516.8,14.9,44.0,0.407
47,-1,582.5,532.0,25.6,85.2,0.404
47,-1,1280.2,497.3,15.3,35.0,0.404
47,-1,995.9,469.9,12.8,31.8,0.320
47,-1,1224.7,498.7,15.2,31.5,0.241
47,-1,1148.9,489.0,9.7,24.1,0.213
47,-1,1501.2,513.8,15.6,42.1,0.163
47,-1,1427.4,526.1,16.4,48.6,0.160
47,-1,1340.3,503.3,12.4,43.3,0.151
47,-1,1590.9,516.2,14.4,48.3,0.150
47,-1,1393.2,513.5,14.1,40.1,0.129
47,-1,1455.1,518.8,12.4,39.7,0.099
47,-1,781.1,510.4,13.9,43.8,0.083
47,-1,510.5,533.2,18.9,80.5,0.072
47,-1,1139.8,487.8,13.9,24.3,0.055
47,-1,1257.6,507.9,14.4,26.8,0.051
48,-1,1529.2,555.9,46.7,131.8,0.997
48,-1,1621.2,534.4,32.9,85.0,0.993
48,-1,453.9,561.3,38.7,111.9,0.987
48,-1,641.7,534.6,30.2,87.5,0.986
48,-1,788.8,513.3,17.6,52.2,0.983
48,-1,411.0,555.6,41.9,116.2,0.982
48,-1,599.8,544.5,33.9,84.7,0.974
48,-1,823.8,517.6,17.5,49.9,0.971
48,-1,355.5,557.8,26.5,106.5,0.944
48,-1,492.9,531.1,29.5,91.7,0.931
48,-1,574.5,545.0,24.5,86.7,0.904
48,-1,523.2,550.9,24.5,65.2,0.860
48,-1,560.5,539.4,20.9,77.2,0.846
48,-1,1579.5,517.0,21.3,49.0,0.842
48,-1,1607.3,511.5,20.0,50.0,0.814
48,-1,1369.3,516.2,19.0,52.7,0.808
48,-1,1053.2,493.0,20.8,35.7,0.807
48,-1,1669.4,559.9,24.9,68.0,0.752
48,-1,759.1,513.2,17.7,53.0,0.645
48,-1,425.9,548.8,34.9,115.2,0.607
48,-1,813.7,517.7,14.2,47.1,0.569
48,-1,1280.6,499.8,17.0,35.5,0.560
48,-1,1224.4,499.4,15.2,34.2,0.530
48,-1,798.9,514.3,14.6,51.0,0.527
48,-1,565.7,543.2,23.6,83.0,0.443
48,-1,1599.1,516.6,15.0,49.0,0.432
48,-1,434.3,540.3,28.5,65.8,0.390
48,-1,1501.0,510.7,16.1,46.5,0.368
48,-1,587.5,537.4,18.9,84.3,0.313
48,-1,995.0,470.9,12.6,33.3,0.272
48,-1,1148.3,490.9,10.3,24.5,0.272
48,-1,1266.4,501.3,15.7,34.4,0.270
48,-1,1388.1,516.1,13.7,40.8,0.251
48,-1,803.8,514.2,15.1,49.5,0.249
48,-1,1339.7,504.2,12.9,42.6,0.235
48,-1,912.4,464.6,19.4,58.4,0.209
48,-1,1084.3,475.8,13.3,29.1,0.154
48,-1,1454.4,510.4,12.9,44.7,0.093
48,-1,991.5,470.9,11.1,31.8,0.089
48,-1,614.4,543.3,22.3,79.4,0.061
48,-1,1392.3,516.4,15.1,39.8,0.056
48,-1,917.9,458.9,14.6,32.1,0.054
49,-1,1533.1,560.5,48.6,132.1,0.998
49,-1,1627.7,536.4,29.9,87.0,0.995
49,-1,640.9,536.3,30.8,88.4,0.989
49,-1,448.1,561.9,46.3,114.7,0.987
49,-1,406.5,555.3,43.5,117.2,0.981
49,-1,598.6,546.5,34.5,82.1,0.972
49,-1,823.5,518.5,17.8,50.8,0.966
49,-1,789.3,514.5,18.1,52.9,0.962
49,-1,489.9,530.5,29.2,92.2,0.945
49,-1,351.2,558.6,25.8,103.8,0.930
49,-1,572.4,546.6,26.2,85.3,0.929
49,-1,1607.5,515.4,21.3,53.5,0.906
49,-1,520.4,551.6,19.8,65.6,0.887
49,-1,1052.6,498.1,18.8,32.9,0.877
49,-1,559.0,536.5,20.8,81.0,0.808
49,-1,1586.2,520.0,19.7,50.9,0.785
49,-1,1673.3,566.2,25.8,65.8,0.750
49,-1,1370.6,518.8,18.2,56.2,0.721
49,-1,436.1,549.9,25.0,111.1,0.652
49,-1,1572.7,546.5,14.1,34.6,0.593
49,-1,439.2,545.6,22.1,64.0,0.564
49,-1,812.4,519.4,15.1,48.1,0.559
49,-1,758.6,513.5,16.9,39.7,0.515
49,-1,1449.9,538.6,13.2,48.1,0.469
49,-1,786.5,515.1,14.3,47.3,0.416
49,-1,995.7,472.1,12.2,32.2,0.410
49,-1,799.4,516.6,15.2,51.0,0.402
49,-1,1340.4,508.1,13.6,42.9,0.364
49,-1,1149.0,492.6,10.5,24.3,0.325
49,-1,424.1,536.2,19.7,44.5,0.308
49,-1,1224.9,500.1,16.3,32.0,0.271
49,-1,424.8,536.7,24.9,65.5,0.262
49,-1,804.6,515.3,15.5,49.4,0.227
49,-1,587.1,540.5,17.9,81.3,0.219
49,-1,1431.9,533.1,17.4,48.3,0.219
49,-1,1503.3,517.7,17.0,42.6,0.212
49,-1,1598.5,519.0,17.2,58.3,0.206
49,-1,1326.5,524.5,13.5,31.7,0.198
49,-1,1268.1,503.8,15.3,33.3,0.183
49,-1,537.3,556.3,17.2,59.2,0.168
49,-1,1280.9,503.0,15.5,34.6,0.158
49,-1,1331.5,517.0,12.6,37.1,0.131
49,-1,1058.9,491.1,18.6,27.0,0.123
49,-1,422.8,547.2,28.1,93.5,0.114
49,-1,420.6,556.2,50.8,117.4,0.103
49,-1,575.1,533.8,26.2,41.5,0.096
49,-1,1139.7,491.4,14.8,25.8,0.095
49,-1,1453.3,536.7,12.7,34.7,0.076
49,-1,1427.9,532.7,14.4,40.3,0.071
49,-1,1085.7,476.7,11.5,26.9,0.070
49,-1,1454.4,524.2,13.4,37.3,0.065
49,-1,618.4,541.6,18.0,71.9,0.058
50,-1,1539.1,559.3,47.7,130.8,0.998
50,-1,640.3,535.0,31.1,88.4,0.993
50,-1,447.9,563.7,41.0,110.0,0.992
50,-1,1632.9,534.5,29.2,85.8,0.990
50,-1,403.3,556.5,43.5,115.5,0.984
50,-1,789.6,512.8,18.9,53.4,0.980
50,-1,824.1,517.1,17.8,50.9,0.976
50,-1,348.7,560.5,27.2,100.7,0.967
50,-1,486.1,528.8,31.2,92.4,0.961
50,-1,598.0,544.4,33.5,82.3,0.917
50,-1,570.1,532.5,32.5,91.3,0.899
50,-1,1607.8,512.4,21.0,50.3,0.878
50,-1,556.5,537.0,21.7,78.1,0.842
50,-1,519.1,550.6,21.6,65.2,0.811
50,-1,1052.5,495.5,17.8,33.5,0.805
50,-1,1589.8,518.1,16.4,48.6,0.784
50,-1,1679.2,560.5,25.0,69.6,0.739
50,-1,1372.5,517.6,18.8,51.1,0.523
50,-1,435.2,551.4,24.8,113.0,0.511
50,-1,421.0,536.3,20.4,44.3,0.502
50,-1,1589.9,517.5,26.9,65.1,0.500
50,-1,811.3,517.0,15.1,48.1,0.487
50,-1,440.5,546.7,19.0,58.4,0.479
50,-1,760.6,513.2,15.0,43.4,0.462
50,-1,996.0,470.1,12.2,33.8,0.433
50,-1,422.2,534.8,26.2,66.3,0.428
50,-1,1226.1,498.9,15.7,32.2,0.415
50,-1,1389.4,511.5,14.9,42.7,0.376
50,-1,1432.4,520.6,19.4,57.4,0.361
50,-1,1342.9,503.7,13.6,43.5,0.354
50,-1,417.8,548.8,31.8,99.7,0.270
50,-1,1283.0,501.1,17.4,34.8,0.248
50,-1,1268.5,501.5,18.5,34.4,0.208
50,-1,1150.0,490.7,11.1,24.2,0.194
50,-1,1672.2,507.6,16.7,51.6,0.190
50,-1,916.9,484.3,12.9,39.0,0.168
50,-1,1327.3,521.9,13.0,30.8,0.157
50,-1,1504.0,512.9,15.2,44.3,0.156
50,-1,1453.7,507.0,15.6,51.8,0.155
50,-1,1060.4,488.8,15.4,26.0,0.131
50,-1,802.7,513.4,15.7,50.7,0.122
50,-1,1332.8,517.6,14.4,33.2,0.111
50,-1,1519.4,512.5,10.9,40.4,0.100
50,-1,584.7,536.0,21.2,84.0,0.075
50,-1,1571.9,533.0,21.1,45.3,0.061
51,-1,1543.2,562.6,47.4,135.6,0.997
51,-1,639.7,535.4,31.2,89.3,0.993
51,-1,440.3,564.6,50.2,110.9,0.992
51,-1,790.0,514.6,18.9,53.4,0.989
51,-1,1637.0,535.3,28.8,87.2,0.988
51,-1,400.3,557.6,42.8,115.5,0.987
51,-1,823.9,518.6,17.5,50.2,0.977
51,-1,343.4,559.8,29.6,103.1,0.943
51,-1,595.4,546.5,32.2,81.3,0.935
51,-1,482.9,529.2,31.2,91.2,0.931
51,-1,569.6,531.9,31.2,93.0,0.927
51,-1,515.5,551.0,21.2,65.7,0.923
51,-1,1053.1,499.7,15.4,29.7,0.831
51,-1,1608.6,515.3,20.9,51.4,0.811
51,-1,1682.4,564.9,26.3,68.7,0.810
51,-1,756.8,512.2,18.3,62.6,0.759
51,-1,554.7,537.8,21.8,80.8,0.751
51,-1,1374.8,525.5,16.5,45.0,0.692
51,-1,1593.2,520.6,14.3,49.0,0.630
51,-1,437.2,550.0,18.4,58.2,0.530
51,-1,1388.9,516.2,15.2,41.6,0.517
51,-1,995.7,473.2,13.2,32.1,0.514
51,-1,1327.5,524.5,12.3,42.3,0.500
51,-1,431.4,556.6,24.2,106.5,0.457
51,-1,356.5,567.0,19.3,89.4,0.455
51,-1,1343.5,507.7,13.6,42.7,0.364
51,-1,811.5,519.2,16.1,47.6,0.356
51,-1,1503.8,517.5,16.5,43.0,0.345
51,-1,1457.5,514.3,14.0,45.0,0.311
51,-1,1270.3,503.2,17.1,36.7,0.285
51,-1,1437.1,524.9,15.5,42.7,0.251
51,-1,1283.1,502.3,17.9,36.3,0.228
51,-1,615.0,541.2,19.4,81.6,0.205
51,-1,584.7,537.4,33.4,91.1,0.170
51,-1,1151.0,492.7,10.2,24.2,0.164
51,-1,532.2,555.3,17.4,60.7,0.105
51,-1,1600.7,516.3,23.9,62.5,0.086
51,-1,1226.6,501.9,14.9,27.5,0.083
51,-1,918.1,486.3,11.6,37.4,0.075
51,-1,799.3,513.8,17.6,52.4,0.071
52,-1,1546.9,562.3,49.5,136.5,0.998
52,-1,637.4,536.9,30.5,88.9,0.992
52,-1,1640.1,536.3,29.9,87.8,0.992
52,-1,442.7,565.0,41.2,113.1,0.991
52,-1,788.8,514.2,20.4,54.7,0.989
52,-1,396.2,559.9,43.9,114.5,0.981
52,-1,823.1,518.9,18.0,50.8,0.976
52,-1,566.4,550.2,28.1,80.8,0.949
52,-1,593.7,548.3,32.7,82.5,0.940
52,-1,338.4,562.6,32.5,101.3,0.933
52,-1,1604.4,516.7,25.9,70.8,0.904
52,-1,512.6,552.8,21.9,65.2,0.883
52,-1,481.9,532.4,29.6,90.7,0.882
52,-1,755.6,511.1,19.3,64.7,0.863
52,-1,1375.8,519.1,17.9,54.9,0.795
52,-1,1052.5,499.5,14.2,30.2,0.772
52,-1,1687.1,563.5,25.5,69.7,0.756
52,-1,551.5,542.1,22.8,78.5,0.710
52,-1,811.0,519.1,16.3,49.6,0.558
52,-1,1387.8,514.2,16.7,48.1,0.549
52,-1,609.8,544.1,23.7,85.2,0.505
52,-1,1381.8,514.8,18.2,56.0,0.456
52,-1,995.9,473.7,12.8,31.4,0.451
52,-1,1269.6,503.8,17.7,38.4,0.442
52,-1,1327.9,525.7,12.1,41.4,0.431
52,-1,1344.2,505.9,13.9,44.9,0.416
52,-1,411.2,541.4,20.9,40.5,0.313
52,-1,1438.5,522.0,15.5,50.5,0.284
52,-1,436.9,552.8,17.4,55.8,0.283
52,-1,432.0,556.3,22.8,102.1,0.281
52,-1,1459.8,519.4,12.9,40.7,0.258
52,-1,1595.7,528.6,13.0,39.6,0.229
52,-1,1284.3,501.8,17.3,36.1,0.224
52,-1,1151.2,492.2,10.1,24.4,0.214
52,-1,1371.5,593.7,35.3,61.3,0.180
52,-1,415.4,542.8,25.0,65.2,0.128
52,-1,428.2,551.6,21.1,69.8,0.074
52,-1,1054.7,493.5,20.7,23.1,0.063
52,-1,1337.0,514.9,12.6,37.4,0.062
52,-1,1598.5,516.8,14.9,54.9,0.060
53,-1,1551.0,562.8,49.1,134.2,0.999
53,-1,1644.5,535.5,30.8,89.7,0.996
53,-1,636.4,536.8,30.7,88.2,0.993
53,-1,394.1,560.7,44.7,118.5,0.990
53,-1,435.0,560.3,51.0,119.5,0.988
53,-1,788.9,514.6,20.6,54.2,0.983
53,-1,823.2,518.7,17.8,50.8,0.980
53,-1,334.3,561.5,33.9,103.3,0.979
53,-1,589.4,544.9,31.9,83.1,0.960
53,-1,564.3,553.4,25.8,78.1,0.959
53,-1,1052.1,498.7,13.4,31.2,0.904
53,-1,1608.8,519.7,22.9,66.4,0.902
53,-1,1378.5,513.4,20.7,59.7,0.856
53,-1,608.8,543.3,25.5,86.5,0.848
53,-1,549.6,541.7,21.5,81.4,0.837
53,-1,480.1,532.1,29.5,93.4,0.835
53,-1,756.1,512.3,18.8,60.2,0.833
53,-1,510.3,552.0,23.1,66.6,0.813
53,-1,1691.8,568.7,26.0,63.2,0.681
53,-1,1344.7,506.4,15.0,44.8,0.636
53,-1,811.6,518.2,16.3,50.5,0.579
53,-1,408.8,541.4,21.6,41.4,0.558
53,-1,1329.2,524.3,12.9,42.5,0.546
53,-1,815.7,519.5,19.8,48.1,0.494
53,-1,1672.9,534.3,22.7,33.2,0.478
53,-1,996.3,474.3,12.6,30.9,0.472
53,-1,432.5,552.5,18.8,59.1,0.468
53,-1,427.7,555.7,23.4,112.2,0.431
53,-1,1439.4,522.1,16.4,51.2,0.337
53,-1,1391.8,510.8,15.1,48.5,0.321
53,-1,1271.6,504.3,15.0,42.0,0.278
53,-1,1285.3,501.9,15.0,36.8,0.209
53,-1,1264.4,519.2,17.1,34.7,0.135
53,-1,1150.2,493.1,9.9,23.1,0.127
53,-1,763.9,513.3,13.7,46.7,0.109
53,-1,413.4,543.7,24.5,56.2,0.091
53,-1,567.7,538.9,36.6,93.9,0.088
53,-1,491.9,546.5,20.4,77.0,0.087
53,-1,1605.1,518.0,17.1,58.5,0.077
53,-1,1273.6,519.6,14.8,31.3,0.069
53,-1,1337.7,512.8,12.2,41.0,0.068
53,-1,417.4,550.7,23.8,71.6,0.053
53,-1,803.5,516.5,19.3,48.8,0.053
54,-1,1555.4,560.9,49.6,138.1,0.998
54,-1,1648.2,534.6,31.8,89.8,0.997
54,-1,635.1,536.8,31.1,88.9,0.994
54,-1,387.8,560.6,46.5,118.4,0.993
54,-1,788.5,513.3,20.9,55.1,0.990
54,-1,823.6,518.8,16.5,49.9,0.981
54,-1,587.9,545.3,31.9,85.5,0.981
54,-1,433.5,560.2,52.0,119.7,0.980
54,-1,328.0,558.6,41.2,108.7,0.974
54,-1,562.7,550.1,25.4,81.4,0.970
54,-1,1608.4,519.8,22.9,68.0,0.933
54,-1,609.3,540.9,23.5,88.5,0.888
54,-1,476.8,531.6,28.9,93.2,0.884
54,-1,507.9,552.4,22.7,65.8,0.873
54,-1,1379.5,513.6,18.1,56.9,0.854
54,-1,546.6,539.4,22.8,83.2,0.849
54,-1,1696.6,568.3,25.1,62.2,0.807
54,-1,1386.0,512.3,18.4,60.4,0.796
54,-1,403.6,539.2,21.6,41.5,0.764
54,-1,1052.3,498.4,13.0,28.4,0.721
54,-1,812.0,517.5,16.4,50.7,0.688
54,-1,755.9,512.2,18.2,61.1,0.684
54,-1,429.6,548.8,18.3,56.4,0.656
54,-1,427.2,552.8,21.7,106.4,0.649
54,-1,1329.8,524.3,11.9,40.9,0.562
54,-1,1346.8,509.8,13.7,41.0,0.470
54,-1,1271.2,503.3,15.7,45.2,0.352
54,-1,996.9,472.8,12.0,31.4,0.298
54,-1,1674.7,538.6,19.6,27.0,0.270
54,-1,1053.6,494.1,16.6,22.9,0.212
54,-1,1441.5,522.2,14.9,39.9,0.204
54,-1,1150.2,492.1,10.3,23.0,0.145
54,-1,1285.8,501.8,14.5,35.2,0.124
54,-1,918.2,486.5,11.9,36.7,0.118
54,-1,567.4,539.0,35.9,93.5,0.108
54,-1,1264.0,513.4,13.5,35.7,0.097
54,-1,497.5,560.0,16.5,64.2,0.089
54,-1,1336.5,524.7,10.8,30.3,0.086
54,-1,791.3,449.3,32.8,95.8,0.051
55,-1,1560.2,560.0,50.6,141.4,0.998
55,-1,1653.4,536.7,33.7,88.4,0.997
55,-1,634.3,537.0,31.9,87.5,0.993
55,-1,788.5,513.3,20.9,55.7,0.992
55,-1,386.6,556.1,44.9,123.2,0.989
55,-1,431.6,557.5,50.9,123.1,0.984
55,-1,823.5,519.5,16.4,49.5,0.978
55,-1,584.5,544.8,30.7,86.5,0.970
55,-1,323.9,558.0,44.1,110.2,0.963
55,-1,558.7,546.5,27.8,88.8,0.953
55,-1,607.3,539.8,26.5,89.5,0.932
55,-1,1382.5,510.5,21.6,63.0,0.917
55,-1,503.4,552.8,24.0,66.1,0.902
55,-1,1612.4,525.8,19.4,60.8,0.867
55,-1,474.7,533.9,27.9,89.7,0.844
55,-1,542.7,539.0,23.9,82.9,0.797
55,-1,1703.1,567.3,24.9,63.4,0.745
55,-1,1051.3,497.8,13.2,28.5,0.743
55,-1,755.5,511.4,18.9,61.3,0.693
55,-1,812.6,518.9,16.7,48.9,0.630
55,-1,426.8,549.2,19.1,69.2,0.584
55,-1,1330.0,524.6,12.7,42.1,0.583
55,-1,400.0,538.8,20.4,38.2,0.549
55,-1,1445.4,521.8,13.7,40.0,0.529
55,-1,1271.6,503.1,16.3,45.8,0.480
55,-1,423.7,553.7,22.7,108.2,0.461
55,-1,996.8,471.7,13.5,33.3,0.412
55,-1,1346.7,506.8,13.6,42.3,0.387
55,-1,917.8,487.7,12.1,35.9,0.217
55,-1,756.8,511.7,16.9,34.1,0.149
55,-1,1050.4,493.8,18.6,24.7,0.118
55,-1,574.8,545.9,19.2,83.3,0.114
55,-1,409.0,556.6,30.8,113.9,0.106
55,-1,1440.7,525.0,15.2,42.9,0.095
55,-1,1429.0,522.6,14.2,44.1,0.094
55,-1,1150.3,491.6,11.1,24.0,0.085
55,-1,490.5,552.9,18.6,69.6,0.075
55,-1,617.2,536.7,33.1,91.9,0.073
55,-1,790.9,448.5,33.6,95.4,0.052
55,-1,1285.4,501.6,14.8,35.9,0.051
56,-1,1657.1,534.6,36.0,91.4,0.998
56,-1,1564.3,556.2,50.5,150.4,0.998
56,-1,633.3,536.9,32.5,88.3,0.994
56,-1,383.6,558.3,45.6,123.2,0.991
56,-1,431.0,561.1,50.5,121.2,0.986
56,-1,787.7,513.3,19.1,55.1,0.985
56,-1,582.6,544.9,31.4,86.3,0.981
56,-1,319.4,557.5,44.6,111.4,0.965
56,-1,820.7,519.2,18.1,49.7,0.957
56,-1,1612.9,530.2,18.7,59.1,0.951
56,-1,501.1,555.2,23.4,67.0,0.948
56,-1,606.2,540.4,26.5,89.5,0.938
56,-1,557.5,546.3,27.9,89.5,0.938
56,-1,1383.2,511.7,20.0,62.1,0.919
56,-1,469.8,533.8,29.3,91.4,0.910
56,-1,541.0,551.1,21.8,73.8,0.887
56,-1,420.7,553.5,22.7,115.7,0.805
56,-1,754.4,511.9,17.6,63.6,0.706
56,-1,1330.9,524.9,12.4,42.6,0.697
56,-1,1706.0,564.3,25.6,68.2,0.621
56,-1,423.3,551.0,18.9,66.2,0.597
56,-1,395.0,537.8,20.4,36.7,0.539
56,-1,1049.1,498.2,14.3,29.9,0.492
56,-1,996.7,472.2,13.2,32.2,0.397
56,-1,1271.6,503.5,15.8,46.3,0.393
56,-1,569.4,537.5,30.4,98.5,0.385
56,-1,1444.1,521.6,15.8,45.2,0.361
56,-1,1346.3,507.2,13.8,44.0,0.357
56,-1,916.9,486.6,12.6,37.4,0.198
56,-1,562.3,535.3,27.4,47.0,0.177
56,-1,1150.8,492.2,11.0,24.3,0.149
56,-1,755.8,512.1,15.6,34.3,0.134
56,-1,1286.6,502.1,13.1,35.4,0.106
56,-1,789.9,448.7,33.8,97.5,0.089
56,-1,775.2,512.2,15.9,45.0,0.083
56,-1,1229.5,502.0,14.7,26.3,0.052
57,-1,1567.4,556.3,52.5,147.7,0.998
57,-1,1661.1,532.2,38.7,91.4,0.995
57,-1,629.7,536.5,32.9,88.2,0.994
57,-1,380.0,556.2,45.8,122.9,0.992
57,-1,426.3,559.9,50.9,122.0,0.982
57,-1,578.6,543.5,31.6,88.8,0.981
57,-1,786.1,511.8,19.7,55.4,0.972
57,-1,314.3,556.9,47.4,113.2,0.972
57,-1,819.8,516.1,18.8,51.7,0.970
57,-1,554.6,540.2,29.2,95.7,0.951
57,-1,462.8,530.9,32.2,94.2,0.929
57,-1,497.6,551.2,23.5,69.2,0.914
57,-1,604.4,539.1,26.5,93.3,0.912
57,-1,1384.1,510.4,20.9,61.6,0.908
57,-1,538.4,545.9,19.3,77.1,0.840
57,-1,1615.3,524.9,16.8,61.5,0.780
57,-1,1710.8,564.5,24.3,65.7,0.728
57,-1,752.8,510.9,19.0,62.5,0.718
57,-1,390.4,535.6,22.9,39.9,0.661
57,-1,417.7,550.9,22.1,93.3,0.637
57,-1,1272.4,501.9,16.3,46.4,0.614
57,-1,1047.8,494.6,13.8,30.8,0.520
57,-1,996.1,468.5,13.9,34.8,0.515
57,-1,1347.6,504.8,13.8,43.6,0.438
57,-1,546.8,538.8,26.9,92.0,0.369
57,-1,1286.0,500.0,13.7,36.7,0.363
57,-1,288.0,578.2,21.9,96.2,0.345
57,-1,1390.6,507.3,16.6,51.2,0.319
57,-1,1229.5,500.2,15.3,30.7,0.308
57,-1,917.6,484.7,12.2,37.5,0.294
57,-1,1332.8,521.5,13.1,42.5,0.271
57,-1,1443.5,531.0,17.1,42.3,0.227
57,-1,542.2,535.9,19.5,57.0,0.215
57,-1,789.2,449.7,32.9,96.8,0.203
57,-1,1304.2,508.8,16.8,38.9,0.181
57,-1,1317.6,507.1,12.9,44.6,0.142
57,-1,1342.9,510.8,15.1,39.5,0.139
57,-1,1292.4,503.2,15.3,35.7,0.096
57,-1,1151.2,490.2,11.3,24.2,0.093
57,-1,812.7,516.2,19.6,48.8,0.093
57,-1,1277.5,501.0,14.0,37.3,0.088
57,-1,403.6,554.2,38.7,120.5,0.058
57,-1,1336.7,521.1,12.2,32.0,0.053
58,-1,1573.1,554.1,50.2,146.7,0.999
58,-1,628.4,533.8,33.0,89.4,0.997
58,-1,1664.4,530.2,39.1,92.2,0.995
58,-1,376.7,555.2,43.7,121.2,0.990
58,-1,422.6,560.6,50.3,119.7,0.984
58,-1,577.7,542.4,31.0,87.8,0.979
58,-1,311.0,555.1,48.0,113.7,0.971
58,-1,785.3,508.1,19.1,56.4,0.960
58,-1,819.8,515.4,18.6,50.3,0.953
58,-1,603.6,538.5,25.6,90.6,0.932
58,-1,493.9,550.9,24.6,68.0,0.925
58,-1,551.8,547.8,26.6,87.2,0.914
58,-1,462.5,530.3,29.3,93.1,0.900
58,-1,1386.8,510.7,19.1,59.4,0.809
58,-1,535.4,542.6,22.6,79.8,0.791
58,-1,1713.9,565.1,26.3,64.8,0.784
58,-1,413.1,550.2,24.1,118.8,0.776
58,-1,1046.7,494.4,13.0,30.0,0.669
58,-1,282.6,577.5,21.2,95.5,0.560
58,-1,414.5,546.6,20.7,62.3,0.456
58,-1,752.5,508.9,17.9,54.9,0.434
58,-1,1349.4,502.7,13.2,44.3,0.410
58,-1,386.2,532.0,20.9,34.8,0.395
58,-1,996.3,467.9,12.5,33.6,0.393
58,-1,1272.5,501.5,16.5,47.9,0.341
58,-1,1444.1,535.0,14.0,30.8,0.254
58,-1,559.1,531.8,25.2,42.6,0.195
58,-1,1335.1,520.5,13.4,34.2,0.187
58,-1,1286.0,497.9,14.0,37.0,0.129
58,-1,809.6,514.9,14.3,45.6,0.116
58,-1,1430.9,525.5,15.6,37.4,0.115
58,-1,915.6,478.6,14.6,42.3,0.108
58,-1,557.3,539.0,37.7,94.8,0.101
58,-1,1373.7,595.2,42.8,66.2,0.092
58,-1,1228.6,498.0,16.4,30.1,0.082
58,-1,443.2,545.4,42.6,109.8,0.058
58,-1,1344.1,507.8,14.5,40.2,0.052
59,-1,1577.3,557.3,50.1,143.4,0.997
59,-1,1669.1,526.2,40.1,96.6,0.996
59,-1,375.2,551.8,43.3,123.6,0.993
59,-1,627.6,530.9,32.8,89.4,0.990
59,-1,576.9,542.9,30.9,85.2,0.986
59,-1,784.2,507.3,19.6,56.0,0.984
59,-1,307.3,553.3,49.1,112.8,0.977
59,-1,425.4,559.0,46.1,118.0,0.976
59,-1,820.8,514.0,17.2,49.3,0.959
59,-1,548.8,541.7,29.0,91.3,0.926
59,-1,1044.3,493.4,14.8,31.9,0.922
59,-1,601.8,537.5,25.4,88.9,0.896
59,-1,458.2,526.7,29.2,92.8,0.878
59,-1,490.4,551.4,25.2,67.8,0.858
59,-1,409.7,546.9,24.2,119.3,0.845
59,-1,1388.0,512.0,18.2,56.0,0.798
59,-1,533.0,548.3,19.5,70.1,0.677
59,-1,381.5,532.5,22.0,34.0,0.548
59,-1,1275.1,518.7,13.9,30.8,0.525
59,-1,751.4,507.6,17.5,46.0,0.503
59,-1,1719.3,563.1,26.3,70.5,0.495
59,-1,410.8,544.9,20.7,65.9,0.462
59,-1,1674.1,510.7,15.8,29.6,0.455
59,-1,278.2,570.0,19.6,99.8,0.403
59,-1,583.1,537.4,16.1,24.8,0.358
59,-1,1516.0,511.1,13.9,40.1,0.357
59,-1,758.9,507.8,14.6,42.8,0.354
59,-1,997.0,467.2,11.8,32.3,0.341
59,-1,558.1,530.6,24.9,50.9,0.335
59,-1,1576.3,528.5,14.2,36.8,0.307
59,-1,1336.2,520.5,10.5,38.5,0.304
59,-1,809.2,513.0,15.9,47.2,0.264
59,-1,1444.0,531.5,14.9,34.6,0.241
59,-1,1230.5,496.4,15.0,35.4,0.217
59,-1,1276.2,499.5,14.6,43.3,0.176
59,-1,1286.0,496.1,14.0,37.8,0.147
59,-1,916.7,478.6,13.2,40.1,0.125
59,-1,1447.5,519.8,16.0,44.1,0.119
59,-1,1349.2,502.7,12.8,43.8,0.114
59,-1,565.4,534.0,23.8,91.7,0.108
59,-1,1305.8,507.0,14.5,33.9,0.096
59,-1,1265.8,508.3,12.6,37.0,0.059
60,-1,1669.9,516.7,40.5,107.4,0.994
60,-1,371.1,550.2,42.9,125.6,0.993
60,-1,1582.4,559.2,49.0,147.0,0.993
60,-1,783.8,507.2,19.9,56.4,0.984
60,-1,624.8,533.8,30.8,88.8,0.983
60,-1,572.5,539.5,31.3,94.0,0.982
60,-1,599.4,538.4,24.8,89.9,0.979
60,-1,305.7,553.7,46.8,112.6,0.973
60,-1,416.9,562.5,49.4,115.6,0.969
60,-1,817.3,513.9,18.8,50.3,0.967
60,-1,546.4,548.3,25.4,79.2,0.914
60,-1,453.0,525.3,29.6,94.5,0.870
60,-1,405.6,545.3,25.2,122.1,0.864
60,-1,1041.8,493.4,15.5,30.8,0.857
60,-1,487.8,553.9,24.6,63.9,0.849
60,-1,1387.4,515.3,20.4,52.8,0.837
60,-1,528.2,550.9,20.9,68.1,0.728
60,-1,1576.6,528.1,16.2,35.9,0.720
60,-1,376.7,532.2,22.1,33.9,0.642
60,-1,810.3,513.6,16.1,48.7,0.567
60,-1,406.9,544.0,21.0,65.0,0.564
60,-1,1273.8,503.0,16.0,47.5,0.511
60,-1,1515.6,511.9,14.8,36.9,0.481
60,-1,995.8,466.0,12.7,33.7,0.480
60,-1,552.4,531.3,27.9,93.0,0.476
60,-1,751.0,506.8,18.0,38.1,0.456
60,-1,556.5,530.7,24.0,48.7,0.445
60,-1,580.5,538.1,16.8,24.8,0.395
60,-1,1721.6,564.0,25.9,67.6,0.364
60,-1,1445.0,518.1,16.6,51.0,0.313
60,-1,1230.5,496.0,15.0,36.3,0.227
60,-1,389.8,554.7,50.4,122.4,0.227
60,-1,1285.6,495.7,14.4,38.6,0.193
60,-1,606.2,537.1,33.3,89.7,0.173
60,-1,1336.4,521.1,10.4,37.0,0.149
60,-1,1452.2,517.8,13.6,42.4,0.086
60,-1,1415.7,533.2,13.4,43.2,0.082
60,-1,1265.1,508.3,12.7,37.4,0.080
60,-1,1349.1,505.5,12.9,41.4,0.072
60,-1,1305.0,505.5,15.0,35.9,0.069
60,-1,436.4,536.0,41.7,116.2,0.059
60,-1,993.4,469.1,10.6,28.7,0.052
61,-1,1586.3,558.1,51.0,146.1,0.994
61,-1,365.8,549.5,45.1,127.6,0.992
61,-1,1675.2,522.7,35.2,94.4,0.987
61,-1,570.7,544.8,31.6,90.8,0.987
61,-1,623.4,533.8,31.2,90.4,0.978
61,-1,597.5,538.8,27.1,92.2,0.977
61,-1,414.9,560.6,46.7,120.2,0.976
61,-1,303.1,556.1,45.6,112.2,0.976
61,-1,782.8,506.4,18.8,57.0,0.966
61,-1,817.4,512.8,17.6,51.2,0.960
61,-1,1040.1,489.5,16.6,34.4,0.905
61,-1,483.0,554.6,25.7,66.0,0.873
61,-1,401.4,546.2,23.9,120.4,0.844
61,-1,543.5,553.1,24.9,75.6,0.826
61,-1,451.3,527.3,27.3,95.5,0.821
61,-1,1387.8,509.5,20.8,54.9,0.818
61,-1,1576.1,520.7,16.6,39.7,0.810
61,-1,525.5,548.2,22.4,71.3,0.746
61,-1,809.4,514.9,15.9,46.4,0.706
61,-1,1514.4,504.4,16.3,40.9,0.626
61,-1,1335.1,517.4,10.8,40.8,0.514
61,-1,1444.6,524.0,13.8,38.8,0.495
61,-1,370.1,534.1,21.3,28.0,0.489
61,-1,1671.6,503.7,15.0,41.7,0.450
61,-1,749.7,507.0,15.4,33.0,0.415
61,-1,1275.0,501.5,13.9,43.3,0.383
61,-1,550.9,534.0,25.8,90.0,0.381
61,-1,554.7,531.8,22.6,54.7,0.351
61,-1,995.5,464.9,13.3,34.0,0.334
61,-1,1725.1,564.8,22.8,61.7,0.264
61,-1,535.3,542.3,24.4,80.9,0.226
61,-1,1447.8,510.5,15.5,52.3,0.222
61,-1,267.7,562.3,19.9,113.3,0.202
61,-1,1351.4,500.3,11.9,40.4,0.191
61,-1,994.3,467.4,9.2,28.7,0.156
61,-1,914.0,477.3,13.9,38.8,0.119
61,-1,1453.1,511.9,12.6,44.1,0.105
61,-1,1670.3,506.3,24.2,95.2,0.077
61,-1,1594.2,521.6,17.4,50.6,0.073
61,-1,1305.5,505.8,15.0,34.2,0.065
61,-1,458.3,538.2,20.3,48.0,0.065
61,-1,1415.5,526.4,14.5,46.7,0.053
62,-1,1589.9,560.3,52.4,149.5,0.997
62,-1,1678.2,528.8,34.8,94.0,0.991
62,-1,363.4,544.9,42.7,128.3,0.990
62,-1,566.3,539.8,33.5,96.5,0.988
62,-1,623.7,528.4,28.9,89.3,0.983
62,-1,296.7,551.3,48.8,113.5,0.981
62,-1,415.3,558.2,42.7,116.4,0.981
62,-1,595.6,536.7,29.6,93.8,0.975
62,-1,816.6,510.4,19.0,52.0,0.961
62,-1,782.8,505.2,18.7,56.3,0.959
62,-1,480.3,547.4,25.3,65.6,0.914
62,-1,396.0,540.8,25.1,124.4,0.913
62,-1,1576.2,518.2,19.0,49.2,0.902
62,-1,1389.5,512.5,19.9,55.6,0.835
62,-1,1039.6,491.7,17.3,32.5,0.822
62,-1,442.7,516.2,33.8,108.1,0.814
62,-1,542.1,551.9,24.5,71.1,0.813
62,-1,1670.3,510.4,17.2,57.1,0.809
62,-1,520.4,553.6,21.9,62.4,0.635
62,-1,1275.0,501.7,15.0,47.4,0.611
62,-1,1335.7,521.2,10.9,40.4,0.608
62,-1,1231.5,495.8,14.3,35.4,0.589
62,-1,809.8,511.4,19.9,50.1,0.580
62,-1,397.5,541.3,22.3,62.0,0.497
62,-1,575.7,535.2,16.5,26.3,0.449
62,-1,579.5,538.8,31.9,95.1,0.449
62,-1,996.4,465.1,13.4,33.1,0.439
62,-1,1448.8,515.4,15.4,50.6,0.436
62,-1,508.1,548.7,16.6,65.3,0.371
62,-1,553.3,532.1,21.2,44.9,0.365
62,-1,747.8,503.1,18.1,65.7,0.365
62,-1,1593.5,521.4,22.8,57.0,0.332
62,-1,527.1,538.1,21.9,76.1,0.331
62,-1,549.5,530.8,24.8,88.7,0.293
62,-1,1351.9,504.7,12.0,40.3,0.281
62,-1,531.1,528.8,18.3,58.5,0.279
62,-1,1264.5,506.5,12.5,36.7,0.243
62,-1,449.6,520.1,24.9,68.7,0.241
62,-1,1338.9,519.2,12.6,30.6,0.180
62,-1,1287.6,495.4,14.6,36.5,0.162
62,-1,914.7,474.6,14.0,40.2,0.129
62,-1,1294.7,505.9,15.3,39.3,0.110
62,-1,1297.5,517.4,15.8,44.9,0.083
62,-1,1301.2,543.9,12.8,36.1,0.083
62,-1,1306.4,506.7,15.4,37.9,0.081
62,-1,1313.4,509.4,13.1,39.4,0.078
62,-1,1292.2,497.1,15.1,35.4,0.070
62,-1,1346.5,517.4,12.0,29.8,0.056
62,-1,559.2,537.8,21.1,90.5,0.052
62,-1,784.0,440.9,34.9,110.9,0.050
63,-1,1597.1,549.0,56.3,148.1,0.997
63,-1,1683.5,516.9,34.3,88.6,0.996
63,-1,623.6,541.3,29.3,89.4,0.991
63,-1,410.3,575.1,44.1,116.1,0.983
63,-1,564.8,551.7,34.3,94.6,0.982
63,-1,362.0,565.1,40.9,125.2,0.982
63,-1,593.2,545.9,36.2,98.8,0.977
63,-1,295.4,570.2,46.5,114.0,0.977
63,-1,819.4,517.1,13.7,49.3,0.969
63,-1,781.4,511.9,19.3,57.1,0.950
63,-1,1670.3,490.9,17.4,55.3,0.930
63,-1,1038.0,491.9,15.5,31.9,0.930
63,-1,1575.5,501.6,19.3,50.9,0.917
63,-1,393.5,559.9,29.5,122.7,0.873
63,-1,477.5,562.3,25.4,68.0,0.843
63,-1,1388.0,499.8,22.4,59.0,0.833
63,-1,445.1,533.7,33.1,103.7,0.822
63,-1,539.7,554.1,27.7,88.3,0.807
63,-1,1351.7,494.4,12.2,41.1,0.686
63,-1,1274.1,491.7,16.0,49.0,0.623
63,-1,1448.2,502.3,14.9,52.7,0.536
63,-1,518.4,560.3,24.4,69.6,0.530
63,-1,1230.5,490.1,14.2,33.9,0.519
63,-1,544.4,541.3,27.4,77.1,0.403
63,-1,748.2,510.6,17.2,47.7,0.375
63,-1,993.9,467.0,13.5,32.0,0.358
63,-1,1456.8,503.2,13.9,48.6,0.344
63,-1,1336.9,508.9,11.9,41.9,0.314
63,-1,782.0,447.9,36.0,111.8,0.278
63,-1,394.8,558.0,21.4,57.3,0.269
63,-1,255.5,561.6,20.1,127.9,0.261
63,-1,1596.4,515.5,18.8,47.6,0.239
63,-1,528.1,544.7,19.7,66.6,0.198
63,-1,1295.0,495.9,14.4,42.3,0.188
63,-1,1286.7,487.8,14.6,38.9,0.181
63,-1,1263.8,497.7,12.7,38.1,0.179
63,-1,1341.1,509.3,12.5,29.8,0.143
63,-1,355.6,558.7,30.5,132.0,0.101
63,-1,1347.0,505.5,12.4,31.6,0.075
63,-1,1440.0,502.0,16.8,51.7,0.072
63,-1,428.5,551.5,37.8,118.9,0.071
63,-1,1298.7,500.3,15.4,51.5,0.069
63,-1,797.4,512.2,19.4,53.5,0.068
63,-1,1280.9,487.8,14.2,42.8,0.068
63,-1,1311.8,501.4,15.0,41.3,0.064
63,-1,908.6,464.0,14.4,53.0,0.064
63,-1,1584.0,503.2,16.9,48.0,0.058
63,-1,915.1,452.0,15.0,32.1,0.056
63,-1,1305.4,501.2,14.6,43.5,0.056
63,-1,989.6,469.1,11.5,27.5,0.051
64,-1,1688.5,532.1,34.0,91.3,0.997
64,-1,1600.9,563.3,54.2,152.4,0.997
64,-1,291.8,551.9,44.4,112.8,0.989
64,-1,359.4,544.3,40.1,130.0,0.987
64,-1,405.4,550.7,45.3,121.7,0.982
64,-1,564.0,544.2,33.2,90.7,0.981
64,-1,593.6,538.7,32.3,95.6,0.964
64,-1,815.2,510.0,19.6,52.6,0.950
64,-1,782.9,505.6,18.5,56.2,0.949
64,-1,1577.5,515.0,18.7,51.7,0.946
64,-1,621.6,531.8,29.4,86.7,0.944
64,-1,538.3,549.2,26.1,82.4,0.931
64,-1,474.3,548.9,26.7,69.1,0.928
64,-1,1670.8,508.9,17.7,56.6,0.920
64,-1,389.6,542.9,24.7,122.2,0.881
64,-1,1391.6,512.0,20.0,55.7,0.870
64,-1,1038.7,493.2,15.0,30.9,0.848
64,-1,1234.0,494.9,12.7,33.4,0.739
64,-1,746.9,503.4,19.2,63.9,0.722
64,-1,442.5,521.1,25.9,93.3,0.713
64,-1,514.7,549.6,21.9,65.0,0.557
64,-1,1275.7,500.2,14.9,47.2,0.523
64,-1,389.4,543.0,22.1,68.6,0.517
64,-1,996.8,465.0,13.1,33.9,0.382
64,-1,1354.4,502.6,12.3,42.5,0.378
64,-1,526.0,537.9,19.1,72.1,0.324
64,-1,1340.4,517.5,10.9,32.9,0.302
64,-1,1304.3,544.5,12.5,33.7,0.296
64,-1,1344.1,518.8,10.4,28.9,0.273
64,-1,1448.3,515.5,15.0,49.5,0.257
64,-1,504.5,550.6,20.2,66.0,0.254
64,-1,615.5,534.7,18.7,87.2,0.183
64,-1,1600.3,525.9,21.7,52.5,0.176
64,-1,547.9,536.8,23.1,92.2,0.170
64,-1,912.8,471.2,15.4,44.7,0.131
64,-1,1453.3,512.6,15.0,53.2,0.124
64,-1,1297.8,506.8,13.7,38.4,0.122
64,-1,1313.3,512.2,12.8,37.4,0.111
64,-1,582.6,539.2,23.1,93.2,0.094
64,-1,1458.6,513.8,13.5,50.2,0.081
64,-1,783.6,441.4,35.4,113.6,0.074
64,-1,1350.9,512.1,12.6,33.9,0.073
64,-1,1299.9,519.4,15.0,37.7,0.069
64,-1,427.7,527.8,37.1,132.7,0.068
64,-1,1265.7,505.9,12.9,36.1,0.059
64,-1,526.3,533.9,34.7,94.5,0.058
64,-1,333.1,538.2,32.7,130.2,0.058
64,-1,1270.9,503.1,14.5,41.4,0.054
65,-1,1604.8,562.4,55.9,147.7,0.997
65,-1,1689.5,527.7,34.8,90.2,0.995
65,-1,558.7,543.7,33.4,98.0,0.990
65,-1,285.8,561.5,44.5,114.6,0.980
65,-1,399.9,569.5,47.2,114.4,0.980
65,-1,354.0,553.4,42.6,130.2,0.978
65,-1,585.7,539.6,37.7,101.6,0.972
65,-1,813.7,513.2,18.1,52.2,0.954
65,-1,1575.2,512.3,17.3,50.1,0.942
65,-1,468.7,555.1,26.1,69.1,0.934
65,-1,779.9,504.3,19.5,60.5,0.926
65,-1,618.1,538.3,27.9,87.6,0.911
65,-1,533.1,553.1,26.3,84.9,0.906
65,-1,1035.8,492.5,14.5,32.1,0.894
65,-1,385.1,552.9,23.9,120.4,0.876
65,-1,1390.0,511.7,19.9,53.8,0.838
65,-1,1666.0,504.7,20.2,56.7,0.837
65,-1,434.6,527.0,31.1,115.5,0.722
65,-1,1351.8,502.4,12.3,39.7,0.543
65,-1,438.1,530.4,24.4,62.8,0.529
65,-1,507.9,554.3,24.5,70.3,0.505
65,-1,522.8,535.4,20.0,81.7,0.492
65,-1,388.0,559.3,38.0,120.7,0.488
65,-1,1273.8,499.7,14.7,45.6,0.469
65,-1,779.2,445.1,36.7,117.5,0.419
65,-1,993.6,468.0,11.7,30.8,0.377
65,-1,384.6,552.1,22.2,57.9,0.366
65,-1,1517.8,506.2,15.4,39.0,0.364
65,-1,1229.6,495.3,14.3,33.7,0.295
65,-1,1302.4,543.5,13.8,36.5,0.288
65,-1,743.6,507.5,18.4,45.7,0.249
65,-1,544.3,548.8,36.1,94.5,0.229
65,-1,500.3,559.4,19.7,64.8,0.229
65,-1,861.6,463.3,23.7,65.0,0.218
65,-1,1338.3,516.9,10.9,32.1,0.215
65,-1,1448.9,516.6,15.8,50.9,0.214
65,-1,908.0,483.7,14.5,36.7,0.213
65,-1,326.7,569.5,21.2,106.1,0.158
65,-1,1294.9,506.5,14.6,37.3,0.157
65,-1,1600.6,523.9,19.1,50.6,0.157
65,-1,909.9,470.0,17.0,47.0,0.154
65,-1,801.5,514.8,14.9,46.3,0.134
65,-1,1312.7,509.0,14.6,38.2,0.122
65,-1,342.4,547.6,33.5,136.8,0.109
65,-1,1265.1,504.7,12.1,36.4,0.082
65,-1,1443.4,506.4,16.8,52.2,0.077
65,-1,997.1,469.2,12.7,29.8,0.076
65,-1,1384.6,593.8,44.1,70.1,0.065
65,-1,1742.9,561.2,22.6,76.0,0.062
65,-1,1287.0,494.5,14.2,36.4,0.061
65,-1,525.6,531.6,42.5,108.1,0.060
65,-1,1281.5,493.7,12.9,39.8,0.059
66,-1,1610.4,549.9,57.3,157.0,0.996
66,-1,1694.4,518.5,36.0,93.8,0.993
66,-1,284.5,568.0,43.0,116.0,0.983
66,-1,399.6,565.6,46.8,121.8,0.982
66,-1,558.6,555.6,32.9,91.0,0.982
66,-1,581.9,543.4,41.1,102.9,0.982
66,-1,351.9,562.1,42.3,127.2,0.980
66,-1,813.6,515.6,17.9,52.2,0.966
66,-1,1576.5,506.8,17.9,50.5,0.951
66,-1,465.3,561.2,26.3,67.7,0.947
66,-1,617.9,544.1,28.6,86.5,0.931
66,-1,532.6,562.8,26.5,81.5,0.896
66,-1,780.9,512.6,18.5,57.4,0.885
66,-1,1391.6,508.2,20.2,54.8,0.872
66,-1,1035.4,493.7,12.8,31.2,0.801
66,-1,382.3,561.6,21.9,120.2,0.763
66,-1,779.6,447.0,34.4,114.5,0.711
66,-1,1595.1,506.9,15.7,51.2,0.699
66,-1,1667.6,499.0,20.9,56.0,0.677
66,-1,1353.7,499.4,13.0,39.8,0.633
66,-1,346.1,559.6,24.1,125.5,0.593
66,-1,1305.4,538.8,11.7,35.8,0.588
66,-1,434.2,544.5,25.5,89.1,0.561
66,-1,1597.5,507.8,21.7,61.6,0.525
66,-1,382.1,560.4,15.1,27.3,0.498
66,-1,380.9,559.9,19.2,57.8,0.486
66,-1,1273.9,496.9,15.5,45.9,0.451
66,-1,1448.5,500.2,18.4,64.5,0.427
66,-1,388.3,561.1,25.8,120.4,0.405
66,-1,503.8,565.2,24.1,64.9,0.402
66,-1,743.5,510.4,17.5,68.3,0.337
66,-1,521.6,542.9,18.7,82.5,0.306
66,-1,604.2,545.9,22.2,92.4,0.295
66,-1,993.9,469.1,9.8,29.0,0.294
66,-1,1296.2,502.1,14.6,38.6,0.224
66,-1,801.6,516.9,16.1,47.9,0.216
66,-1,437.3,550.2,23.0,46.7,0.191
66,-1,541.1,546.0,23.0,52.4,0.172
66,-1,1455.4,502.6,14.5,69.2,0.165
66,-1,1312.7,506.0,13.3,39.7,0.163
66,-1,1266.4,502.2,12.3,36.9,0.153
66,-1,544.0,554.4,23.1,91.5,0.145
66,-1,349.0,556.2,20.8,42.4,0.136
66,-1,324.9,579.4,19.9,101.2,0.096
66,-1,909.6,477.4,16.4,41.8,0.081
66,-1,1389.5,592.9,43.2,66.6,0.070
66,-1,1341.5,513.4,13.3,30.0,0.060
66,-1,1319.7,501.8,12.7,43.1,0.060
66,-1,1335.9,511.7,11.5,33.1,0.056
66,-1,1032.1,491.0,20.9,28.2,0.054
67,-1,1612.9,574.9,56.2,149.2,0.998
67,-1,1699.7,535.9,34.6,92.2,0.995
67,-1,554.1,551.8,33.4,89.9,0.988
67,-1,348.8,548.3,43.2,129.7,0.986
67,-1,278.6,551.2,42.3,116.5,0.982
67,-1,394.4,555.9,45.9,120.8,0.980
67,-1,582.5,535.1,34.2,102.8,0.975
67,-1,780.9,506.8,18.4,56.5,0.967
67,-1,813.0,511.0,17.3,53.6,0.963
67,-1,526.8,552.9,29.2,81.7,0.946
67,-1,1575.9,518.6,18.6,52.3,0.942
67,-1,459.2,549.6,27.8,69.1,0.926
67,-1,614.9,533.6,28.0,86.9,0.901
67,-1,1664.9,511.7,24.5,58.4,0.885
67,-1,1395.5,516.7,18.0,55.2,0.882
67,-1,1034.4,495.1,11.8,29.3,0.837
67,-1,429.8,532.3,23.9,88.6,0.740
67,-1,1594.2,517.5,23.8,64.1,0.734
67,-1,341.5,542.4,25.0,132.4,0.671
67,-1,368.7,547.4,32.4,124.0,0.665
67,-1,383.3,555.1,23.5,115.1,0.547
67,-1,376.0,546.9,17.6,36.2,0.487
67,-1,1667.6,512.3,18.3,30.9,0.466
67,-1,498.5,552.3,23.2,69.7,0.462
67,-1,1354.0,506.6,12.3,41.8,0.420
67,-1,389.0,559.2,28.8,114.3,0.410
67,-1,1274.1,501.7,15.4,46.6,0.346
67,-1,907.9,482.0,14.3,37.1,0.325
67,-1,538.8,543.8,36.0,95.5,0.325
67,-1,1305.5,546.0,11.4,41.9,0.313
67,-1,743.3,505.2,18.3,36.5,0.303
67,-1,802.8,512.4,16.1,49.7,0.293
67,-1,535.6,533.5,25.3,44.6,0.292
67,-1,1296.2,506.5,15.1,40.5,0.215
67,-1,1265.0,506.9,14.1,37.5,0.199
67,-1,420.6,537.5,32.9,128.7,0.181
67,-1,1032.5,491.1,19.4,28.8,0.181
67,-1,1451.0,515.9,15.2,54.4,0.145
67,-1,1335.8,515.8,13.0,38.8,0.134
67,-1,995.2,469.7,10.0,27.2,0.134
67,-1,910.0,460.5,19.5,54.7,0.108
67,-1,1349.4,512.2,13.5,37.4,0.073
67,-1,1231.1,496.6,14.5,32.8,0.071
67,-1,1386.0,605.5,43.4,66.3,0.065
67,-1,1327.6,515.5,13.2,37.4,0.063
67,-1,780.0,441.0,33.1,107.3,0.059
67,-1,261.0,573.8,21.5,85.8,0.059
67,-1,1289.0,495.7,13.7,35.1,0.058
67,-1,1305.0,511.7,15.9,37.9,0.051
67,-1,562.1,544.2,24.0,42.1,0.050
67,-1,1310.9,513.3,14.7,37.5,0.050
68,-1,1617.8,566.2,56.5,151.6,0.998
68,-1,1703.0,526.6,35.2,92.7,0.995
68,-1,342.1,554.5,43.5,134.2,0.985
68,-1,389.8,563.4,47.5,121.3,0.984
68,-1,551.6,551.6,33.4,93.6,0.983
68,-1,277.8,561.7,36.0,112.4,0.971
68,-1,574.1,538.7,39.0,106.1,0.970
68,-1,809.7,514.5,17.9,52.9,0.967
68,-1,613.6,539.4,26.1,81.8,0.941
68,-1,1389.1,511.8,23.5,56.0,0.940
68,-1,522.1,558.8,29.2,83.7,0.913
68,-1,1575.9,511.8,17.3,48.7,0.911
68,-1,453.8,556.8,28.0,70.5,0.896
68,-1,778.4,510.3,16.7,55.8,0.845
68,-1,1594.3,512.3,17.9,47.7,0.720
68,-1,329.9,553.5,29.2,131.3,0.710
68,-1,1031.5,493.3,13.2,30.6,0.548
68,-1,368.4,555.7,24.8,124.5,0.542
68,-1,1352.6,502.7,12.5,39.8,0.534
68,-1,378.7,560.5,23.3,120.7,0.484
68,-1,1273.0,499.4,14.9,45.8,0.462
68,-1,1449.2,522.4,14.3,41.3,0.444
68,-1,514.0,537.8,20.8,78.2,0.432
68,-1,425.9,544.8,21.8,62.2,0.412
68,-1,1602.1,521.6,18.7,53.4,0.380
68,-1,369.2,555.4,20.0,45.7,0.376
68,-1,527.7,538.9,28.7,62.3,0.320
68,-1,495.2,559.6,24.1,67.0,0.315
68,-1,1228.2,494.3,15.1,34.9,0.293
68,-1,600.6,542.1,23.4,94.9,0.288
68,-1,1663.5,504.9,18.9,43.2,0.273
68,-1,1295.0,507.4,14.8,35.9,0.242
68,-1,991.3,467.6,11.0,29.5,0.233
68,-1,739.9,508.6,17.6,36.6,0.195
68,-1,1304.3,542.7,11.4,34.8,0.157
68,-1,776.7,442.6,33.2,119.2,0.137
68,-1,1152.9,483.3,11.0,26.2,0.132
68,-1,309.7,559.9,33.6,121.4,0.130
68,-1,512.7,534.5,43.0,100.6,0.121
68,-1,253.9,584.3,23.4,86.3,0.116
68,-1,905.2,485.7,14.7,35.2,0.103
68,-1,1266.1,504.9,13.2,37.6,0.099
68,-1,1341.4,514.8,11.6,32.3,0.078
68,-1,1303.0,517.3,14.6,46.2,0.076
68,-1,1388.1,593.8,46.0,72.1,0.065
68,-1,1311.8,508.2,14.2,38.4,0.064
68,-1,1282.8,492.6,14.7,40.9,0.056
69,-1,1621.8,574.5,56.9,154.7,0.997
69,-1,1702.5,535.8,39.1,96.1,0.992
69,-1,545.8,548.7,35.1,93.8,0.990
69,-1,342.8,552.9,39.2,127.8,0.984
69,-1,386.1,561.3,44.0,118.9,0.982
69,-1,275.3,553.0,34.5,115.5,0.974
69,-1,578.3,535.0,35.5,108.1,0.965
69,-1,809.2,514.8,17.8,51.4,0.959
69,-1,612.4,536.5,23.8,78.4,0.944
69,-1,777.2,508.2,17.9,56.6,0.923
69,-1,448.4,554.5,28.9,70.5,0.911
69,-1,517.9,556.6,28.0,84.4,0.899
69,-1,1574.1,520.3,18.1,50.3,0.898
69,-1,1389.7,517.5,24.3,57.5,0.869
69,-1,1029.8,495.9,13.4,31.3,0.821
69,-1,1594.6,519.2,18.5,51.4,0.754
69,-1,1663.4,515.4,16.3,52.3,0.750
69,-1,1604.9,527.8,19.1,57.7,0.745
69,-1,329.8,547.0,23.0,125.8,0.678
69,-1,370.9,555.4,24.2,121.5,0.587
69,-1,1294.8,508.5,15.2,40.2,0.424
69,-1,1354.1,508.3,13.5,40.6,0.420
69,-1,1272.6,504.9,15.2,46.2,0.406
69,-1,600.8,537.4,24.8,93.2,0.348
69,-1,304.9,573.6,22.9,103.7,0.346
69,-1,489.6,557.0,25.1,68.3,0.306
69,-1,509.6,534.5,21.7,81.5,0.292
69,-1,509.7,532.5,43.4,109.5,0.271
69,-1,363.6,550.1,21.5,59.6,0.238
69,-1,1305.0,548.7,11.3,38.2,0.221
69,-1,992.1,467.6,11.8,31.3,0.213
69,-1,1310.9,514.2,14.2,39.1,0.199
69,-1,904.8,485.7,13.6,35.5,0.189
69,-1,331.2,544.8,20.2,44.3,0.162
69,-1,1305.4,516.5,14.8,44.5,0.156
69,-1,1278.5,502.6,14.1,49.3,0.152
69,-1,1282.3,497.7,14.7,42.4,0.147
69,-1,247.8,574.0,25.3,90.4,0.122
69,-1,1387.1,602.8,48.0,71.8,0.119
69,-1,1263.9,509.0,13.7,38.6,0.109
69,-1,306.4,552.6,35.2,127.8,0.108
69,-1,526.5,535.9,26.7,47.8,0.098
69,-1,776.1,441.4,33.6,120.2,0.095
69,-1,1385.4,514.3,15.4,44.3,0.089
69,-1,738.3,509.1,17.3,33.9,0.077
69,-1,1590.1,516.6,36.7,69.4,0.077
69,-1,499.5,550.7,24.3,73.1,0.074
69,-1,1304.1,507.5,18.4,38.0,0.070
69,-1,1340.8,513.2,12.8,38.6,0.060
69,-1,425.3,542.7,18.3,46.4,0.055
69,-1,1449.1,516.3,16.1,54.0,0.051
70,-1,1626.2,570.3,57.4,157.1,0.997
70,-1,1704.7,532.2,37.7,95.7,0.996
70,-1,383.2,561.0,44.2,122.3,0.990
70,-1,541.0,547.2,36.4,97.5,0.988
70,-1,334.8,551.8,47.5,132.6,0.984
70,-1,269.3,555.4,35.3,118.1,0.969
70,-1,570.2,537.1,40.4,106.6,0.955
70,-1,1025.9,494.9,15.5,31.3,0.953
70,-1,807.0,513.2,16.8,52.4,0.949
70,-1,1572.0,515.7,17.5,50.3,0.947
70,-1,442.4,555.9,28.9,70.8,0.935
70,-1,515.2,557.6,28.2,84.9,0.923
70,-1,773.8,508.9,18.2,55.9,0.922
70,-1,611.0,535.8,22.9,79.1,0.875
70,-1,1392.6,516.0,20.0,54.6,0.866
70,-1,1591.9,514.9,17.0,49.2,0.775
70,-1,322.6,549.0,23.1,102.8,0.738
70,-1,1663.8,509.4,15.6,52.6,0.698
70,-1,508.4,532.4,38.9,87.9,0.557
70,-1,415.5,535.8,22.3,77.7,0.533
70,-1,796.7,515.8,15.3,47.3,0.529
70,-1,1604.2,526.9,16.6,53.6,0.454
70,-1,356.0,553.1,31.2,126.4,0.427
70,-1,1350.5,506.2,12.4,40.3,0.422
70,-1,240.6,577.2,17.9,67.2,0.385
70,-1,589.4,538.7,30.0,98.9,0.356
70,-1,488.8,558.7,23.3,66.8,0.342
70,-1,990.7,464.4,12.4,32.6,0.325
70,-1,1293.6,510.4,13.8,35.6,0.315
70,-1,1283.0,495.7,15.3,37.9,0.308
70,-1,902.4,481.5,15.4,38.7,0.269
70,-1,1270.3,500.7,17.5,48.1,0.253
70,-1,1303.4,544.6,12.2,49.7,0.235
70,-1,1341.1,504.3,14.5,44.5,0.225
70,-1,773.1,441.4,32.7,115.1,0.223
70,-1,1314.3,511.1,13.3,42.6,0.203
70,-1,239.8,574.9,26.6,93.1,0.199
70,-1,1382.0,511.9,22.5,50.1,0.189
70,-1,1303.2,518.8,14.9,48.6,0.189
70,-1,1226.6,495.0,15.0,35.2,0.167
70,-1,324.4,547.8,21.8,36.6,0.165
70,-1,372.6,563.7,27.1,117.2,0.147
70,-1,735.7,507.7,19.1,34.6,0.117
70,-1,1144.3,485.8,12.3,24.5,0.111
70,-1,569.6,545.1,21.7,91.8,0.106
70,-1,1003.3,595.2,24.2,19.6,0.082
70,-1,1303.4,494.0,17.6,41.2,0.077
70,-1,295.7,560.1,34.6,120.7,0.075
70,-1,1449.0,524.7,13.3,44.6,0.065
70,-1,1320.1,501.6,14.4,49.5,0.051
71,-1,1636.5,573.9,54.0,155.7,0.997
71,-1,1706.3,535.5,40.4,94.6,0.996
71,-1,331.1,548.6,46.4,133.7,0.985
71,-1,377.3,561.0,45.5,119.6,0.984
71,-1,772.2,507.6,16.8,56.5,0.984
71,-1,578.0,540.8,28.7,102.0,0.984
71,-1,539.0,545.8,35.8,97.9,0.983
71,-1,803.3,512.8,19.4,53.0,0.967
71,-1,263.8,545.0,34.0,123.1,0.964
71,-1,601.8,535.2,27.6,86.6,0.949
71,-1,510.3,551.6,29.8,89.7,0.945
71,-1,1571.7,518.9,17.7,49.9,0.942
71,-1,436.6,554.6,29.4,70.7,0.936
71,-1,1021.6,494.6,17.8,31.0,0.926
71,-1,315.5,544.9,29.4,131.3,0.758
71,-1,1592.2,519.1,16.7,50.3,0.754
71,-1,1392.6,517.9,20.6,55.6,0.703
71,-1,410.4,538.6,22.2,91.7,0.689
71,-1,1603.1,520.7,15.9,64.0,0.685
71,-1,502.0,530.1,22.4,96.0,0.644
71,-1,480.5,555.6,23.8,71.2,0.592
71,-1,316.7,545.3,24.8,70.6,0.471
71,-1,988.5,465.6,11.7,31.6,0.398
71,-1,233.2,571.3,24.5,94.2,0.360
71,-1,356.9,559.9,29.4,116.7,0.258
71,-1,565.2,540.8,18.1,90.1,0.235
71,-1,770.9,439.3,34.1,115.3,0.221
71,-1,1271.9,505.9,16.0,44.3,0.218
71,-1,902.0,481.1,14.1,39.2,0.214
71,-1,318.4,544.9,23.2,30.6,0.170
71,-1,1302.3,518.5,14.9,49.9,0.159
71,-1,1225.5,497.2,14.3,35.0,0.157
71,-1,1144.0,487.4,11.6,23.4,0.141
71,-1,1083.1,465.6,10.7,22.3,0.140
71,-1,733.4,509.1,19.1,30.8,0.135
71,-1,560.5,539.3,34.9,102.5,0.130
71,-1,795.0,514.5,18.9,47.3,0.122
71,-1,1347.8,507.0,13.5,41.8,0.117
71,-1,1340.6,504.6,15.5,45.3,0.117
71,-1,1075.2,467.0,18.6,29.1,0.104
71,-1,1302.2,546.6,12.8,42.4,0.095
71,-1,1291.6,509.4,14.2,35.1,0.094
71,-1,1665.2,525.9,17.5,43.8,0.090
71,-1,1382.8,512.5,19.8,41.4,0.082
71,-1,911.0,455.8,20.9,27.8,0.079
71,-1,1419.8,540.0,17.7,45.4,0.077
71,-1,1446.8,526.9,13.6,42.4,0.067
71,-1,1282.3,496.4,14.9,36.9,0.060
71,-1,1266.0,508.7,15.6,37.8,0.058
71,-1,897.6,468.5,16.2,50.2,0.057
71,-1,1300.2,509.9,16.9,36.9,0.055
71,-1,1001.7,595.7,26.3,20.2,0.053
72,-1,1630.8,571.4,62.9,157.3,0.998
72,-1,1707.5,534.4,40.9,93.3,0.997
72,-1,532.9,548.9,36.7,96.2,0.990
72,-1,373.2,560.5,44.0,123.7,0.988
72,-1,326.4,552.7,46.8,134.5,0.985
72,-1,573.3,536.0,30.2,109.0,0.975
72,-1,802.2,514.3,18.7,51.3,0.973
72,-1,1019.5,493.1,17.1,33.0,0.969
72,-1,770.2,508.8,16.8,55.2,0.960
72,-1,506.0,534.1,31.0,109.0,0.952
72,-1,256.7,553.7,38.1,121.9,0.945
72,-1,600.4,535.6,24.4,86.7,0.938
72,-1,432.0,557.2,28.7,69.7,0.933
72,-1,1570.8,515.8,16.4,49.1,0.918
72,-1,474.3,560.2,25.2,70.3,0.806
72,-1,1603.1,514.8,17.1,65.4,0.798
72,-1,1590.6,518.4,15.7,46.2,0.701
72,-1,309.8,549.9,26.4,112.2,0.675
72,-1,497.8,532.2,20.6,83.6,0.670
72,-1,405.7,543.3,21.5,76.9,0.654
72,-1,1394.2,517.2,17.9,54.6,0.633
72,-1,1395.0,539.0,14.8,34.0,0.474
72,-1,898.8,485.0,14.5,35.9,0.461
72,-1,585.0,535.4,25.5,101.0,0.395
72,-1,225.0,573.4,33.2,99.7,0.349
72,-1,1587.2,511.4,11.5,53.3,0.324
72,-1,1289.6,505.6,14.8,40.3,0.313
72,-1,310.7,548.8,23.5,54.5,0.305
72,-1,790.4,514.9,16.4,49.1,0.283
72,-1,561.2,542.3,18.9,91.7,0.268
72,-1,1347.5,503.9,13.2,43.6,0.267
72,-1,350.4,563.6,30.2,117.2,0.266
72,-1,1223.5,496.9,14.9,34.3,0.265
72,-1,283.3,556.1,43.0,125.7,0.247
72,-1,986.3,467.8,11.9,30.2,0.223
72,-1,1144.8,485.8,11.4,25.0,0.205
72,-1,1301.3,515.1,15.9,50.9,0.185
72,-1,1310.6,507.7,14.2,44.1,0.183
72,-1,564.4,537.6,26.6,99.1,0.178
72,-1,393.2,542.2,32.6,124.6,0.169
72,-1,1268.7,500.9,16.1,47.1,0.162
72,-1,1301.8,546.1,12.2,43.3,0.147
72,-1,767.0,439.5,35.7,116.3,0.119
72,-1,1419.9,538.2,17.8,47.5,0.099
72,-1,731.0,508.0,19.5,35.3,0.074
72,-1,1387.9,596.2,49.3,78.6,0.074
72,-1,1278.0,494.4,14.6,43.3,0.057
73,-1,1638.0,575.5,62.4,159.7,0.998
73,-1,528.9,547.2,37.1,95.8,0.993
73,-1,1708.2,536.3,45.2,97.6,0.992
73,-1,1018.8,495.1,17.0,33.2,0.990
73,-1,368.2,556.9,46.7,124.2,0.987
73,-1,318.1,545.4,49.8,138.5,0.983
73,-1,571.8,534.5,26.3,110.7,0.966
73,-1,251.0,552.0,38.1,122.6,0.952
73,-1,501.7,552.9,30.3,88.1,0.944
73,-1,1601.1,517.0,22.4,69.4,0.927
73,-1,427.0,552.6,29.8,71.9,0.919
73,-1,1570.2,519.4,17.0,50.1,0.904
73,-1,798.3,511.5,20.2,53.6,0.899
73,-1,596.7,534.8,24.6,84.8,0.895
73,-1,471.2,555.3,28.4,75.3,0.893
73,-1,1590.1,521.1,16.4,47.2,0.795
73,-1,304.1,544.6,25.9,110.6,0.746
73,-1,767.5,442.0,29.8,107.7,0.728
73,-1,495.0,531.8,18.5,48.3,0.593
73,-1,505.5,531.8,26.4,43.7,0.575
73,-1,216.1,557.6,34.5,109.1,0.525
73,-1,1393.6,518.8,18.6,55.0,0.503
73,-1,1289.3,510.0,15.3,37.1,0.484
73,-1,280.5,554.1,25.9,123.0,0.467
73,-1,304.6,542.9,24.2,57.6,0.443
73,-1,1378.1,511.6,19.6,45.3,0.429
73,-1,768.7,504.7,18.0,57.1,0.407
73,-1,1587.0,513.3,11.2,43.0,0.339
73,-1,896.9,482.3,13.6,36.7,0.325
73,-1,1395.5,540.9,14.8,34.3,0.295
73,-1,1300.4,519.5,14.7,48.2,0.285
73,-1,1269.7,499.8,15.9,50.9,0.232
73,-1,400.1,527.7,21.4,61.5,0.231
73,-1,1222.7,497.1,15.1,35.3,0.228
73,-1,1310.4,508.0,14.0,44.8,0.223
73,-1,558.4,538.9,26.1,96.1,0.209
73,-1,1580.5,517.0,14.8,52.0,0.207
73,-1,346.6,557.0,34.2,120.1,0.207
73,-1,985.5,465.3,12.8,32.1,0.178
73,-1,1343.3,505.5,15.6,43.8,0.161
73,-1,725.9,505.0,22.2,65.1,0.159
73,-1,1275.4,496.9,14.4,48.7,0.147
73,-1,1143.5,487.0,12.5,25.1,0.139
73,-1,727.5,505.0,19.6,36.8,0.119
73,-1,1264.8,498.9,16.2,45.6,0.119
73,-1,1338.6,506.3,14.8,44.1,0.119
73,-1,1419.8,540.1,17.4,48.8,0.098
73,-1,1299.0,501.1,19.1,46.7,0.083
73,-1,1283.3,499.4,18.3,45.7,0.081
73,-1,1279.9,495.8,15.9,43.3,0.081
73,-1,1301.4,545.7,12.6,43.1,0.065
73,-1,901.6,472.9,14.4,39.7,0.059
73,-1,788.6,511.3,21.9,51.4,0.058
73,-1,1389.5,596.0,51.8,81.3,0.053
74,-1,1641.0,573.6,64.0,159.9,0.997
74,-1,1711.8,534.5,41.5,95.1,0.996
74,-1,524.0,547.3,36.6,97.2,0.991
74,-1,567.2,537.3,28.3,107.6,0.988
74,-1,363.4,560.2,45.0,122.7,0.988
74,-1,1015.3,492.5,14.7,32.6,0.984
74,-1,312.4,549.7,48.6,135.6,0.975
74,-1,590.3,534.3,27.8,89.4,0.962
74,-1,796.4,512.0,19.8,53.5,0.960
74,-1,767.5,506.5,17.0,54.9,0.956
74,-1,496.4,548.2,30.7,94.6,0.949
74,-1,1566.4,517.6,17.7,49.3,0.944
74,-1,420.4,554.8,29.2,69.0,0.942
74,-1,248.1,556.6,31.0,117.1,0.918
74,-1,1588.3,522.1,17.0,45.4,0.840
74,-1,1601.8,517.9,20.3,64.3,0.827
74,-1,465.7,557.7,27.2,70.7,0.825
74,-1,1221.1,494.8,15.4,35.4,0.766
74,-1,298.0,545.5,26.6,111.1,0.755
74,-1,210.9,550.9,28.4,116.7,0.574
74,-1,1376.8,509.5,21.5,45.8,0.508
74,-1,490.5,531.6,21.8,51.2,0.504
74,-1,765.1,445.2,28.0,94.8,0.465
74,-1,500.7,533.9,26.9,46.3,0.428
74,-1,1339.4,504.7,18.7,43.5,0.400
74,-1,395.4,538.9,20.1,50.6,0.375
74,-1,394.6,535.8,21.2,100.8,0.353
74,-1,299.3,544.8,23.6,50.1,0.297
74,-1,1287.6,505.0,15.0,42.2,0.283
74,-1,342.6,559.7,26.1,112.5,0.238
74,-1,1393.1,517.5,18.3,55.5,0.233
74,-1,983.6,464.9,12.2,31.0,0.229
74,-1,252.4,551.5,53.2,128.1,0.215
74,-1,1417.5,540.2,18.9,48.8,0.210
74,-1,1299.2,516.8,14.9,49.2,0.187
74,-1,1586.1,514.4,14.6,46.7,0.185
74,-1,1268.6,503.6,15.2,46.4,0.182
74,-1,1310.8,504.8,14.3,46.9,0.164
74,-1,896.6,474.5,15.9,43.6,0.148
74,-1,725.8,505.2,17.5,37.1,0.133
74,-1,1386.7,602.3,51.1,74.9,0.108
74,-1,552.2,544.4,18.5,89.4,0.106
74,-1,283.8,548.8,37.8,132.9,0.083
74,-1,1278.5,494.1,16.4,38.1,0.073
74,-1,1281.9,497.7,18.7,39.0,0.071
74,-1,469.3,543.9,39.6,91.1,0.062
74,-1,898.7,462.6,17.5,49.6,0.060
74,-1,1273.1,498.2,13.1,41.8,0.060
74,-1,1291.1,488.8,43.9,90.9,0.055
75,-1,1648.1,576.5,62.0,163.6,0.999
75,-1,517.6,548.7,37.4,95.5,0.995
75,-1,1712.6,537.1,41.4,97.3,0.994
75,-1,306.0,550.2,50.1,136.3,0.986
75,-1,359.6,558.3,45.7,125.8,0.986
75,-1,562.7,540.1,28.5,105.6,0.981
75,-1,586.5,535.1,27.1,88.0,0.969
75,-1,1563.6,519.6,18.7,50.5,0.960
75,-1,242.6,558.7,30.4,113.5,0.932
75,-1,489.6,536.9,32.7,102.9,0.926
75,-1,414.1,553.6,28.7,71.6,0.924
75,-1,792.7,513.9,19.9,53.0,0.913
75,-1,1587.0,522.3,16.7,48.1,0.905
75,-1,1012.5,494.0,16.3,31.0,0.901
75,-1,761.1,442.3,30.5,116.6,0.869
75,-1,203.7,555.9,29.0,104.3,0.836
75,-1,459.9,556.2,28.6,73.6,0.784
75,-1,1602.1,521.3,15.9,63.3,0.738
75,-1,290.6,543.4,26.8,107.8,0.682
75,-1,1391.4,515.4,19.2,57.8,0.623
75,-1,293.9,545.7,42.3,135.6,0.577
75,-1,1375.3,508.6,19.3,46.0,0.542
75,-1,390.0,539.8,19.8,86.1,0.507
75,-1,486.8,530.7,33.9,53.3,0.494
75,-1,1266.9,497.8,15.9,54.3,0.397
75,-1,1342.6,505.2,14.4,44.4,0.397
75,-1,391.1,536.0,18.2,51.4,0.329
75,-1,1580.4,516.0,12.4,49.9,0.325
75,-1,291.7,535.9,22.5,36.3,0.325
75,-1,290.5,537.3,24.5,67.1,0.270
75,-1,266.1,560.6,27.2,115.0,0.269
75,-1,1597.2,525.6,16.4,46.7,0.261
75,-1,484.4,531.4,22.0,84.9,0.247
75,-1,720.6,503.7,22.4,63.8,0.238
75,-1,980.0,464.9,13.0,32.3,0.225
75,-1,1288.0,509.2,14.2,39.9,0.209
75,-1,1257.9,498.3,16.9,49.7,0.187
75,-1,1068.5,464.4,20.4,31.4,0.172
75,-1,763.8,501.0,18.5,62.3,0.161
75,-1,896.6,474.2,15.6,43.7,0.156
75,-1,546.1,546.5,18.0,88.3,0.141
75,-1,1219.6,496.3,14.9,34.1,0.131
75,-1,471.8,541.0,37.4,93.9,0.112
75,-1,1296.3,514.2,14.4,42.6,0.104
75,-1,1139.2,486.1,12.0,24.8,0.097
75,-1,1387.4,600.4,52.8,79.3,0.086
75,-1,1277.0,496.6,18.6,50.0,0.085
75,-1,1417.8,539.7,18.2,49.1,0.079
75,-1,330.6,557.0,53.5,126.4,0.067
75,-1,786.1,516.2,18.9,48.3,0.065
75,-1,499.1,536.7,24.1,57.6,0.065
75,-1,1293.8,499.6,19.6,49.2,0.064
75,-1,1614.0,522.0,12.0,33.2,0.061
76,-1,1651.3,577.3,62.5,165.3,0.998
76,-1,1711.2,536.0,44.3,97.2,0.997
76,-1,512.8,547.3,37.6,96.6,0.997
76,-1,302.5,547.0,48.4,138.3,0.980
76,-1,352.9,552.6,49.3,131.3,0.977
76,-1,557.7,545.0,27.7,99.4,0.977
76,-1,792.1,509.9,19.4,53.6,0.961
76,-1,579.2,535.7,29.5,88.9,0.961
76,-1,487.3,547.2,28.4,95.1,0.955
76,-1,1584.6,521.4,18.0,48.1,0.949
76,-1,1561.2,519.2,18.6,50.4,0.937
76,-1,1009.1,492.8,18.2,31.4,0.935
76,-1,408.1,552.0,28.0,73.5,0.930
76,-1,235.6,552.9,36.4,120.5,0.918
76,-1,763.0,507.9,16.7,54.3,0.909
76,-1,454.6,555.4,28.7,76.8,0.875
76,-1,194.6,555.6,28.8,117.4,0.865
76,-1,284.8,541.3,28.6,114.7,0.755
76,-1,1600.6,518.7,16.4,55.9,0.695
76,-1,1371.1,508.9,21.1,45.8,0.612
76,-1,1391.2,518.7,18.8,55.2,0.608
76,-1,1341.7,505.0,14.7,43.7,0.578
76,-1,1218.0,496.3,14.9,35.3,0.510
76,-1,384.8,540.6,19.5,84.8,0.499
76,-1,979.3,463.1,13.4,32.9,0.384
76,-1,1264.2,497.9,16.1,51.9,0.354
76,-1,564.8,539.1,36.2,97.3,0.314
76,-1,890.6,480.4,13.0,37.3,0.310
76,-1,481.6,529.6,24.6,57.8,0.305
76,-1,246.7,550.6,43.6,126.6,0.293
76,-1,473.6,540.2,36.7,98.0,0.243
76,-1,1282.8,501.4,15.9,47.6,0.223
76,-1,758.0,437.1,31.8,114.7,0.193
76,-1,386.0,539.7,17.0,46.1,0.192
76,-1,894.6,476.4,14.0,41.0,0.191
76,-1,1613.6,521.7,14.0,31.7,0.183
76,-1,1292.5,493.6,21.1,57.8,0.163
76,-1,1305.3,501.4,15.2,49.2,0.138
76,-1,285.6,533.0,24.0,50.2,0.125
76,-1,543.8,545.2,18.6,88.1,0.124
76,-1,322.8,557.4,29.1,110.7,0.106
76,-1,1066.2,471.7,18.8,23.4,0.098
76,-1,1605.5,520.0,14.0,44.1,0.092
76,-1,478.5,532.4,21.4,79.0,0.086
76,-1,1288.2,508.5,13.0,40.7,0.082
76,-1,475.4,552.9,19.7,82.0,0.074
76,-1,548.0,541.4,27.9,97.4,0.071
76,-1,1417.6,539.2,17.6,45.7,0.069
76,-1,1256.3,501.8,11.9,41.9,0.069
76,-1,490.6,536.1,27.1,63.3,0.068
76,-1,1272.7,494.3,14.1,44.9,0.061
76,-1,1442.6,518.4,16.8,50.2,0.057
76,-1,1387.5,600.8,52.8,79.0,0.056
76,-1,1333.4,507.7,13.5,41.4,0.054
77,-1,1653.3,580.3,64.5,165.7,0.998
77,-1,506.9,548.8,37.5,98.8,0.997
77,-1,1711.5,537.6,43.7,96.3,0.994
77,-1,552.0,545.3,28.7,100.8,0.985
77,-1,301.1,552.3,42.6,132.7,0.983
77,-1,347.7,553.7,48.8,132.3,0.981
77,-1,1559.0,520.0,19.7,50.3,0.975
77,-1,575.9,533.5,28.7,92.8,0.958
77,-1,479.0,548.4,32.3,99.8,0.953
77,-1,401.3,553.0,29.1,74.1,0.948
77,-1,788.4,511.8,19.0,53.6,0.943
77,-1,1580.0,522.7,19.3,46.9,0.932
77,-1,184.5,547.5,35.4,130.2,0.887
77,-1,228.7,556.9,29.5,114.4,0.856
77,-1,448.4,555.2,29.2,78.8,0.752
77,-1,1597.2,519.4,17.0,52.7,0.701
77,-1,1388.5,520.7,20.9,55.7,0.686
77,-1,278.7,536.0,30.3,124.7,0.679
77,-1,1006.4,493.5,13.0,31.7,0.674
77,-1,756.0,443.0,29.5,97.2,0.671
77,-1,760.0,505.9,16.4,56.8,0.616
77,-1,475.3,529.9,36.0,50.9,0.474
77,-1,1288.9,488.0,23.4,61.9,0.444
77,-1,1214.8,495.2,16.4,36.5,0.434
77,-1,1366.5,508.5,22.1,48.5,0.399
77,-1,1263.1,499.8,15.0,51.0,0.390
77,-1,1303.2,504.3,13.7,46.2,0.372
77,-1,1339.5,505.0,14.8,44.0,0.344
77,-1,1414.3,539.7,22.1,50.7,0.300
77,-1,239.9,551.3,42.3,127.7,0.280
77,-1,716.5,504.3,20.9,47.4,0.264
77,-1,379.9,542.4,21.7,87.4,0.252
77,-1,1279.8,502.6,16.8,47.4,0.218
77,-1,889.4,479.8,12.4,38.3,0.212
77,-1,894.3,476.0,13.3,38.8,0.189
77,-1,780.8,514.4,19.5,48.8,0.178
77,-1,1253.9,497.1,14.4,49.9,0.170
77,-1,978.1,466.0,11.8,30.5,0.159
77,-1,372.3,548.1,27.0,111.3,0.150
77,-1,463.2,547.3,38.5,95.1,0.131
77,-1,1322.5,514.7,16.6,40.6,0.105
77,-1,1271.7,494.2,15.5,44.5,0.105
77,-1,976.0,466.6,8.7,29.0,0.095
77,-1,1403.5,519.9,18.0,56.1,0.089
77,-1,538.6,544.1,19.1,90.0,0.076
77,-1,1605.8,523.4,11.5,37.3,0.059
77,-1,1385.6,606.9,49.0,75.7,0.050
78,-1,1656.5,581.6,65.0,163.2,0.998
78,-1,503.8,551.4,36.8,95.8,0.992
78,-1,1711.7,537.2,43.3,96.7,0.991
78,-1,549.6,545.5,29.1,101.1,0.985
78,-1,1556.4,519.8,20.4,50.0,0.981
78,-1,341.3,550.6,50.1,136.9,0.973
78,-1,285.9,545.4,51.8,140.3,0.972
78,-1,573.2,535.2,27.0,91.3,0.959
78,-1,1578.9,522.2,19.1,47.4,0.951
78,-1,784.5,509.9,20.4,55.9,0.948
78,-1,469.2,534.3,40.3,112.3,0.943
78,-1,394.0,554.3,29.1,71.7,0.878
78,-1,443.6,552.8,29.1,85.2,0.867
78,-1,750.8,440.0,31.3,101.6,0.829
78,-1,178.3,550.5,32.8,124.2,0.824
78,-1,222.5,555.6,29.4,118.6,0.814
78,-1,1213.0,494.7,15.6,36.0,0.813
78,-1,1595.9,518.5,18.3,61.7,0.700
78,-1,1388.2,522.0,19.4,53.9,0.571
78,-1,1335.8,505.0,16.6,43.5,0.557
78,-1,1288.1,489.2,22.4,54.6,0.544
78,-1,269.0,546.5,29.6,100.3,0.513
78,-1,1407.5,538.3,28.8,62.1,0.505
78,-1,1362.2,508.2,21.7,48.0,0.492
78,-1,1572.7,514.8,14.2,51.6,0.470
78,-1,757.4,505.6,17.4,57.9,0.470
78,-1,1004.0,491.0,12.5,32.4,0.449
78,-1,974.1,463.1,13.5,33.9,0.445
78,-1,1249.5,494.1,14.4,48.8,0.439
78,-1,1280.0,506.0,15.0,43.2,0.408
78,-1,886.1,480.9,12.9,37.2,0.407
78,-1,1262.9,496.9,14.8,54.0,0.349
78,-1,892.1,474.2,13.5,41.4,0.261
78,-1,1255.6,496.8,17.9,52.5,0.257
78,-1,1400.1,516.2,21.9,61.7,0.251
78,-1,1295.4,494.7,18.4,56.1,0.229
78,-1,225.3,553.5,56.6,122.9,0.201
78,-1,712.9,503.2,20.2,39.4,0.148
78,-1,532.9,547.3,18.8,87.4,0.142
78,-1,374.1,543.9,24.2,87.6,0.123
78,-1,1269.7,495.8,17.8,49.6,0.119
78,-1,476.0,534.6,31.5,64.4,0.103
78,-1,710.3,503.5,23.0,69.9,0.093
78,-1,1321.3,512.5,15.7,40.7,0.082
78,-1,1396.5,530.3,42.0,95.9,0.069
78,-1,1600.8,521.8,14.3,38.7,0.065
78,-1,509.3,549.9,22.8,22.8,0.062
78,-1,1390.7,549.3,52.8,121.9,0.058
78,-1,1384.6,601.0,52.1,80.6,0.057
79,-1,1658.0,582.3,65.3,162.9,0.998
79,-1,1712.3,536.9,41.0,96.9,0.995
79,-1,493.3,547.8,41.2,101.9,0.992
79,-1,543.8,543.7,28.6,102.2,0.986
79,-1,279.8,544.3,52.0,139.3,0.982
79,-1,463.7,533.2,38.8,115.1,0.965
79,-1,1555.0,520.1,18.1,48.6,0.963
79,-1,336.5,552.4,52.9,130.7,0.962
79,-1,566.3,533.6,29.5,94.1,0.950
79,-1,782.0,509.0,19.7,53.4,0.943
79,-1,167.1,548.2,38.5,131.2,0.925
79,-1,386.9,552.5,30.9,72.1,0.903
79,-1,1575.6,520.8,19.7,46.7,0.875
79,-1,218.0,558.5,25.9,114.0,0.866
79,-1,1301.2,503.0,14.1,47.0,0.841
79,-1,755.4,504.2,16.7,56.8,0.840
79,-1,1595.4,517.7,19.1,67.0,0.830
79,-1,1383.8,521.4,21.3,53.0,0.820
79,-1,439.5,549.7,28.1,84.6,0.775
79,-1,1211.2,494.4,15.9,35.4,0.674
79,-1,554.0,538.8,33.5,101.0,0.566
79,-1,999.7,489.7,12.5,32.5,0.561
79,-1,1568.2,513.6,16.5,48.1,0.539
79,-1,1259.9,498.8,15.3,51.2,0.523
79,-1,262.5,549.6,29.7,97.2,0.479
79,-1,1334.0,503.7,16.0,44.6,0.472
79,-1,1286.0,489.1,22.7,58.8,0.461
79,-1,1274.7,502.2,16.9,48.5,0.377
79,-1,480.2,546.9,35.4,101.8,0.369
79,-1,709.7,504.5,21.4,45.3,0.366
79,-1,972.7,462.0,12.9,34.2,0.365
79,-1,1247.8,493.9,13.3,36.9,0.343
79,-1,883.6,478.8,13.9,37.8,0.316
79,-1,1321.5,512.9,13.3,38.0,0.226
79,-1,1394.3,520.4,20.6,55.8,0.226
79,-1,1359.9,509.2,21.9,45.2,0.210
79,-1,886.9,470.5,16.3,42.7,0.209
79,-1,217.6,556.1,52.8,123.2,0.206
79,-1,1401.4,517.5,17.9,33.7,0.146
79,-1,528.5,545.1,18.3,87.9,0.139
79,-1,1411.6,538.8,24.4,49.5,0.130
79,-1,375.0,550.7,29.8,75.8,0.126
79,-1,1266.7,493.9,17.1,42.6,0.123
79,-1,775.2,511.0,20.3,50.1,0.121
79,-1,1270.7,495.1,19.5,35.9,0.121
79,-1,1589.1,517.6,19.3,52.3,0.121
79,-1,862.7,465.5,23.2,52.1,0.113
79,-1,446.2,537.9,37.8,104.9,0.101
79,-1,747.8,434.3,36.2,113.6,0.090
79,-1,899.1,460.9,12.6,18.4,0.072
79,-1,1326.4,508.0,13.1,41.3,0.058
79,-1,1252.7,499.4,16.3,47.1,0.052
80,-1,1660.0,581.1,66.7,164.1,0.998
80,-1,1712.5,534.1,40.4,97.4,0.996
80,-1,538.2,541.6,29.6,107.2,0.989
80,-1,492.7,551.6,36.7,98.6,0.988
80,-1,274.2,551.0,51.2,135.6,0.982
80,-1,328.3,553.7,57.1,133.7,0.968
80,-1,562.7,536.4,28.6,94.2,0.966
80,-1,778.2,508.4,20.2,55.8,0.963
80,-1,455.4,531.7,41.0,119.7,0.962
80,-1,159.1,555.1,40.9,130.2,0.944
80,-1,1551.5,518.7,19.8,48.4,0.906
80,-1,378.1,555.5,31.2,72.7,0.865
80,-1,1383.0,519.7,21.5,54.4,0.818
80,-1,211.1,550.9,24.9,122.3,0.810
80,-1,747.4,438.2,29.0,99.9,0.783
80,-1,1563.7,514.1,18.6,49.2,0.778
80,-1,1573.7,517.9,19.6,47.3,0.769
80,-1,1589.7,515.4,19.4,54.5,0.769
80,-1,212.0,553.9,52.1,130.5,0.754
80,-1,1208.5,494.0,15.9,35.8,0.720
80,-1,705.9,503.5,21.5,56.7,0.647
80,-1,1299.8,498.5,13.4,50.5,0.606
80,-1,1332.0,502.7,16.2,45.3,0.595
80,-1,1283.6,486.2,23.4,64.1,0.561
80,-1,752.6,506.7,16.1,56.9,0.552
80,-1,1357.9,508.7,21.7,44.9,0.525
80,-1,433.9,553.7,26.8,83.4,0.520
80,-1,256.2,551.0,26.1,97.1,0.511
80,-1,968.1,460.4,11.9,34.6,0.478
80,-1,1599.1,521.4,13.6,46.6,0.470
80,-1,1406.0,536.6,27.7,60.8,0.469
80,-1,1257.6,496.3,16.2,52.2,0.453
80,-1,1396.7,514.3,20.9,64.3,0.408
80,-1,1274.9,502.3,15.8,47.5,0.344
80,-1,551.6,541.0,23.6,95.1,0.328
80,-1,1452.9,519.9,11.9,38.1,0.250
80,-1,989.7,488.2,18.7,35.2,0.237
80,-1,259.1,546.6,50.4,125.0,0.213
80,-1,1320.3,511.3,13.5,37.8,0.198
80,-1,1263.3,493.2,17.5,54.2,0.169
80,-1,878.4,471.4,16.1,43.9,0.160
80,-1,1401.9,521.7,21.4,70.4,0.156
80,-1,1245.4,491.3,15.0,46.4,0.146
80,-1,931.8,458.0,14.1,31.8,0.137
80,-1,882.6,455.8,18.6,54.2,0.137
80,-1,895.8,458.3,14.7,21.5,0.129
80,-1,1400.4,513.5,17.9,37.0,0.119
80,-1,471.8,550.0,27.7,98.6,0.100
80,-1,833.6,455.2,27.4,66.4,0.098
80,-1,232.1,556.4,46.4,128.1,0.065
80,-1,889.4,445.6,15.5,24.8,0.062
80,-1,859.2,463.5,22.5,54.7,0.058
80,-1,1772.5,581.7,16.5,79.9,0.056
81,-1,1661.4,581.7,67.1,164.5,0.998
81,-1,1712.7,534.0,39.8,96.5,0.995
81,-1,481.5,548.4,40.9,105.5,0.991
81,-1,266.2,551.2,52.7,134.7,0.984
81,-1,322.9,551.7,62.0,136.8,0.979
81,-1,560.9,533.9,26.9,94.6,0.976
81,-1,533.0,542.8,30.0,107.2,0.975
81,-1,148.9,556.6,41.3,128.8,0.965
81,-1,449.9,534.2,39.8,117.6,0.955
81,-1,1549.4,516.8,19.3,49.8,0.913
81,-1,371.2,554.9,31.0,71.7,0.905
81,-1,772.9,508.8,21.3,54.4,0.888
81,-1,1587.6,515.0,17.1,49.1,0.853
81,-1,205.3,562.9,23.6,107.4,0.837
81,-1,1573.7,515.7,18.4,49.5,0.831
81,-1,1403.0,535.4,27.9,61.3,0.808
81,-1,1383.4,521.0,20.7,53.6,0.798
81,-1,1563.5,511.5,16.0,51.2,0.758
81,-1,428.1,552.7,27.2,81.5,0.719
81,-1,1205.6,492.5,16.4,35.4,0.676
81,-1,205.2,563.1,49.5,117.2,0.637
81,-1,453.3,529.0,37.0,44.3,0.581
81,-1,1295.7,496.7,14.4,51.5,0.557
81,-1,1354.5,509.4,21.3,43.7,0.541
81,-1,1280.3,484.4,24.4,64.4,0.530
81,-1,702.6,503.2,21.6,39.4,0.514
81,-1,1259.2,506.6,13.3,41.1,0.500
81,-1,1330.8,504.5,15.0,43.1,0.482
81,-1,247.8,561.3,23.6,87.7,0.482
81,-1,546.6,534.4,26.2,96.9,0.461
81,-1,967.0,460.7,11.8,31.8,0.447
81,-1,1451.3,519.2,12.3,38.5,0.419
81,-1,1319.4,510.7,13.8,38.5,0.366
81,-1,1597.5,519.8,13.6,50.3,0.349
81,-1,494.2,550.0,21.2,24.4,0.335
81,-1,986.4,486.3,19.6,35.4,0.304
81,-1,1394.7,519.9,18.8,56.7,0.279
81,-1,1271.6,501.7,14.8,47.2,0.271
81,-1,750.9,503.1,15.2,56.7,0.236
81,-1,1252.1,501.1,14.8,45.0,0.226
81,-1,1243.3,491.7,13.3,42.8,0.217
81,-1,880.7,474.9,14.2,41.2,0.199
81,-1,1290.9,489.0,16.0,51.1,0.183
81,-1,1262.8,491.5,14.1,28.2,0.175
81,-1,1261.5,496.0,15.6,50.6,0.166
81,-1,979.8,470.5,16.5,32.7,0.130
81,-1,1399.6,514.8,16.3,38.4,0.119
81,-1,463.0,545.6,43.0,107.1,0.118
81,-1,517.8,535.1,18.1,98.6,0.095
81,-1,1266.3,492.1,16.3,30.1,0.091
81,-1,741.9,434.8,35.4,117.5,0.078
81,-1,1772.7,581.5,16.8,80.5,0.074
81,-1,976.9,599.1,29.9,20.9,0.070
81,-1,249.7,552.7,39.3,116.1,0.066
81,-1,1256.8,496.0,13.1,37.4,0.057
82,-1,1664.0,582.9,68.3,167.1,0.999
82,-1,1711.4,532.7,40.7,99.9,0.996
82,-1,476.7,549.5,40.7,104.9,0.994
82,-1,522.5,537.3,37.2,113.2,0.989
82,-1,261.6,546.7,51.2,138.8,0.981
82,-1,555.2,536.4,27.4,93.0,0.975
82,-1,315.9,551.4,55.9,137.0,0.965
82,-1,449.4,550.7,33.0,98.3,0.953
82,-1,770.9,508.6,20.4,55.5,0.946
82,-1,140.8,556.2,45.8,130.4,0.945
82,-1,1584.5,514.2,16.6,49.1,0.906
82,-1,363.6,554.5,31.4,74.6,0.838
82,-1,420.3,560.5,25.7,75.1,0.811
82,-1,1379.4,515.0,22.6,58.7,0.796
82,-1,1545.8,516.9,18.8,50.3,0.739
82,-1,196.9,559.3,22.8,110.2,0.726
82,-1,697.4,502.9,24.3,53.3,0.707
82,-1,738.7,439.7,30.7,101.9,0.702
82,-1,1402.6,534.8,26.2,63.1,0.680
82,-1,198.6,559.8,55.1,127.8,0.654
82,-1,1352.3,511.0,22.0,42.5,0.642
82,-1,1556.9,513.4,20.4,49.9,0.591
82,-1,239.9,556.5,24.1,94.1,0.566
82,-1,1328.4,502.8,15.0,44.9,0.526
82,-1,1295.8,498.9,14.5,50.2,0.500
82,-1,1567.7,517.5,21.1,46.1,0.397
82,-1,984.6,487.2,18.9,35.5,0.380
82,-1,146.0,483.3,22.3,49.1,0.378
82,-1,1203.8,492.8,15.3,37.7,0.356
82,-1,1254.6,499.9,15.4,47.3,0.306
82,-1,1278.8,486.0,22.6,62.6,0.259
82,-1,1450.7,518.4,12.5,41.6,0.246
82,-1,962.4,461.7,12.2,30.4,0.229
82,-1,1263.3,499.1,19.5,50.3,0.225
82,-1,1288.0,492.1,17.2,56.0,0.220
82,-1,745.6,500.4,17.1,57.4,0.192
82,-1,1773.5,571.3,18.0,95.8,0.163
82,-1,878.1,474.7,14.8,40.5,0.144
82,-1,1258.6,493.8,16.3,50.5,0.126
82,-1,1394.1,516.5,18.8,61.2,0.122
82,-1,1315.4,515.0,15.0,36.1,0.116
82,-1,1410.0,514.5,20.4,49.5,0.107
82,-1,1397.8,523.0,21.1,67.2,0.060
82,-1,1280.6,485.2,19.6,32.6,0.059
82,-1,1241.3,505.2,14.7,35.4,0.059
82,-1,1465.5,533.9,13.7,27.7,0.055
82,-1,1436.7,515.3,13.6,48.1,0.053
83,-1,1665.8,582.0,67.9,165.1,0.999
83,-1,1710.3,531.9,36.9,99.8,0.998
83,-1,468.9,551.8,42.1,106.2,0.994
83,-1,517.0,539.3,38.5,113.5,0.990
83,-1,306.6,559.7,58.0,130.6,0.985
83,-1,256.3,550.3,47.5,137.4,0.983
83,-1,438.6,537.3,39.4,117.7,0.968
83,-1,549.9,537.2,28.0,95.5,0.961
83,-1,131.7,558.7,47.9,133.3,0.951
83,-1,767.4,509.4,21.0,56.7,0.909
83,-1,1581.8,514.3,19.3,48.5,0.900
83,-1,358.0,556.5,29.1,72.4,0.883
83,-1,1544.6,517.6,17.7,49.8,0.864
83,-1,415.1,555.4,24.3,83.0,0.825
83,-1,733.6,439.4,32.4,99.9,0.807
83,-1,1380.8,522.0,21.7,53.2,0.714
83,-1,1568.1,517.4,18.8,47.5,0.696
83,-1,1555.1,512.2,18.3,51.0,0.678
83,-1,1327.3,503.9,14.0,43.7,0.668
83,-1,1348.9,511.2,21.5,42.5,0.651
83,-1,190.3,559.4,21.5,111.9,0.625
83,-1,693.4,503.4,24.4,60.7,0.608
83,-1,982.3,488.0,16.9,35.8,0.574
83,-1,190.7,560.1,54.3,128.2,0.567
83,-1,1276.3,486.9,22.2,63.0,0.550
83,-1,1400.6,536.4,25.1,63.0,0.530
83,-1,1201.3,493.8,15.5,35.2,0.491
83,-1,961.5,461.1,13.4,35.1,0.449
83,-1,1254.0,495.2,17.1,53.7,0.368
83,-1,871.8,480.0,13.1,37.4,0.330
83,-1,232.2,550.8,33.6,109.2,0.308
83,-1,441.4,531.6,37.5,51.1,0.293
83,-1,1289.3,494.6,15.9,61.4,0.204
83,-1,876.4,471.0,16.4,43.7,0.191
83,-1,1235.5,490.3,18.1,52.2,0.189
83,-1,970.9,533.1,19.6,39.3,0.151
83,-1,1247.9,497.7,14.6,46.1,0.146
83,-1,1313.1,510.5,15.5,40.1,0.134
83,-1,1774.3,571.0,23.2,93.8,0.117
83,-1,923.1,457.4,13.6,32.5,0.112
83,-1,1264.9,502.5,15.9,46.8,0.105
83,-1,739.8,467.1,23.4,88.2,0.092
83,-1,975.5,479.4,19.4,35.7,0.091
83,-1,1395.7,516.2,22.0,66.2,0.082
83,-1,741.0,501.5,17.2,61.1,0.079
83,-1,959.0,462.7,11.0,31.3,0.071
83,-1,1436.1,512.8,12.9,65.9,0.069
83,-1,1056.1,461.0,13.0,26.2,0.068
83,-1,1298.5,500.3,14.6,51.5,0.062
84,-1,1666.9,580.4,70.5,168.4,0.999
84,-1,1709.6,532.0,38.1,98.8,0.998
84,-1,464.7,552.8,41.9,106.0,0.995
84,-1,512.8,539.9,36.0,114.0,0.990
84,-1,304.4,559.6,52.1,132.3,0.976
84,-1,543.6,537.5,29.4,97.9,0.973
84,-1,248.1,552.1,47.8,137.1,0.972
84,-1,436.0,542.5,34.8,116.1,0.963
84,-1,764.3,510.7,19.6,55.1,0.939
84,-1,126.2,557.2,47.8,135.1,0.920
84,-1,348.5,556.8,29.8,76.7,0.916
84,-1,1580.4,513.1,16.8,49.3,0.912
84,-1,1540.6,515.5,16.3,50.4,0.836
84,-1,1566.3,518.0,18.7,47.6,0.825
84,-1,407.9,556.8,25.2,83.4,0.813
84,-1,1345.2,510.1,18.8,41.0,0.777
84,-1,1199.1,492.4,15.1,36.5,0.748
84,-1,1381.3,519.5,24.0,56.3,0.727
84,-1,690.8,503.5,23.2,60.7,0.652
84,-1,1552.5,510.7,17.9,51.1,0.637
84,-1,136.7,486.4,19.1,49.8,0.603
84,-1,973.2,480.8,23.3,42.1,0.505
84,-1,1324.5,499.9,15.5,46.7,0.496
84,-1,183.2,557.1,22.5,115.8,0.473
84,-1,182.2,560.3,56.0,123.1,0.451
84,-1,728.9,434.2,39.6,116.3,0.439
84,-1,1399.7,535.1,24.7,65.6,0.414
84,-1,1289.5,498.0,14.8,46.6,0.412
84,-1,222.4,558.8,26.3,95.6,0.401
84,-1,738.2,505.7,18.6,57.5,0.381
84,-1,957.7,461.9,13.1,32.7,0.334
84,-1,867.1,476.7,15.8,39.4,0.321
84,-1,1263.0,501.2,16.1,42.7,0.251
84,-1,956.3,465.8,9.1,28.5,0.246
84,-1,869.5,455.8,21.0,59.1,0.242
84,-1,1275.0,485.4,20.7,59.2,0.208
84,-1,1246.9,501.0,17.4,43.6,0.194
84,-1,429.8,528.6,43.6,71.3,0.185
84,-1,229.7,545.8,34.2,128.7,0.148
84,-1,919.6,457.1,14.1,33.3,0.140
84,-1,1596.6,519.3,13.9,28.0,0.126
84,-1,1774.0,571.6,18.7,93.5,0.121
84,-1,1253.1,492.3,18.6,44.5,0.119
84,-1,221.9,479.6,39.0,126.0,0.102
84,-1,952.1,463.0,10.2,29.5,0.092
84,-1,1311.6,513.2,13.4,36.2,0.087
84,-1,1573.4,512.9,17.1,50.3,0.084
84,-1,757.3,512.6,19.5,50.6,0.082
84,-1,1258.4,496.9,18.6,36.7,0.080
84,-1,971.1,474.2,16.3,35.2,0.077
84,-1,1392.0,518.2,20.1,59.1,0.076
84,-1,1229.0,488.8,15.1,37.4,0.071
84,-1,1591.7,517.3,16.8,45.3,0.067
85,-1,1668.4,582.7,71.7,174.7,0.999
85,-1,1709.0,533.4,37.5,98.1,0.997
85,-1,457.2,553.9,42.0,106.7,0.996
85,-1,506.8,541.9,39.9,114.2,0.995
85,-1,297.9,562.8,51.7,130.4,0.981
85,-1,239.6,553.5,50.6,137.1,0.978
85,-1,427.2,556.8,35.0,102.4,0.965
85,-1,539.2,539.3,28.4,96.6,0.959
85,-1,761.4,514.1,18.7,52.2,0.956
85,-1,116.1,559.9,51.4,133.9,0.896
85,-1,1576.9,514.5,15.6,50.3,0.895
85,-1,1539.4,517.4,14.6,49.5,0.890
85,-1,400.4,558.1,26.7,84.5,0.870
85,-1,341.3,559.2,29.8,79.2,0.859
85,-1,732.7,509.2,19.2,55.9,0.823
85,-1,1547.9,512.5,19.3,51.8,0.809
85,-1,686.8,504.6,22.1,57.2,0.777
85,-1,1563.9,517.7,19.6,50.8,0.733
85,-1,1195.5,493.3,15.4,36.5,0.707
85,-1,1380.3,520.7,23.9,57.6,0.662
85,-1,131.2,489.0,18.7,48.6,0.615
85,-1,955.8,462.9,11.8,32.3,0.532
85,-1,1320.7,503.6,16.9,45.0,0.527
85,-1,1398.5,538.9,24.2,61.9,0.486
85,-1,725.0,437.7,36.7,110.7,0.480
85,-1,1261.5,503.8,16.1,46.7,0.479
85,-1,214.6,568.2,24.0,87.3,0.462
85,-1,1340.6,509.7,24.2,44.3,0.391
85,-1,1246.1,499.2,17.5,47.9,0.352
85,-1,970.0,485.8,24.0,37.5,0.342
85,-1,1271.5,486.3,23.4,64.3,0.294
85,-1,754.5,514.1,20.0,49.8,0.287
85,-1,868.5,475.7,15.7,41.9,0.286
85,-1,1282.1,494.8,20.0,64.1,0.250
85,-1,193.5,562.5,40.4,107.0,0.224
85,-1,1374.0,594.5,51.6,89.2,0.176
85,-1,1251.8,494.5,16.9,45.0,0.161
85,-1,495.2,562.7,17.9,79.0,0.151
85,-1,150.9,488.2,16.9,48.5,0.151
85,-1,174.4,535.4,20.3,134.5,0.141
85,-1,1257.7,497.0,17.3,32.7,0.131
85,-1,1226.7,491.0,16.9,48.7,0.116
85,-1,956.5,604.2,27.9,19.5,0.096
85,-1,1272.9,488.2,18.3,40.3,0.096
85,-1,1592.7,521.6,14.7,32.2,0.094
85,-1,1241.0,502.6,17.0,45.1,0.090
85,-1,156.2,542.1,36.3,139.6,0.086
85,-1,221.4,554.4,30.6,109.7,0.084
85,-1,168.1,538.8,40.4,146.8,0.083
85,-1,1051.3,464.1,12.5,25.6,0.081
85,-1,749.9,513.2,15.5,48.9,0.075
85,-1,1393.1,544.8,48.9,123.5,0.073
85,-1,741.7,507.9,19.5,55.3,0.068
85,-1,1397.4,510.2,41.5,90.4,0.066
85,-1,1232.9,503.6,14.7,41.1,0.066
85,-1,446.8,553.4,23.8,104.0,0.066
85,-1,1280.9,547.6,13.1,53.9,0.063
86,-1,1670.0,582.3,73.8,174.9,0.999
86,-1,1708.7,533.2,36.7,97.5,0.996
86,-1,499.7,541.4,39.0,117.8,0.992
86,-1,453.4,557.9,38.6,101.4,0.990
86,-1,289.3,560.9,49.8,132.5,0.976
86,-1,532.4,539.5,29.2,99.9,0.976
86,-1,421.7,559.6,33.1,101.1,0.970
86,-1,231.4,555.7,50.4,138.3,0.968
86,-1,756.6,513.3,20.2,53.2,0.959
86,-1,1535.4,514.8,17.9,52.3,0.933
86,-1,334.0,559.2,30.1,80.5,0.904
86,-1,109.8,561.1,49.2,133.8,0.898
86,-1,390.8,562.2,28.3,83.1,0.869
86,-1,1574.4,512.9,14.1,52.9,0.827
86,-1,1560.8,515.7,18.9,51.1,0.813
86,-1,1191.8,492.9,16.5,37.1,0.810
86,-1,1546.9,510.5,17.4,52.1,0.798
86,-1,124.9,488.2,19.6,49.9,0.753
86,-1,732.3,505.8,18.7,57.3,0.723
86,-1,204.6,569.2,27.3,91.6,0.684
86,-1,1378.5,521.2,21.6,55.8,0.645
86,-1,1568.9,514.1,15.1,52.8,0.641
86,-1,683.5,506.5,21.5,47.8,0.562
86,-1,1338.6,508.7,21.4,43.8,0.498
86,-1,951.2,463.6,11.0,31.3,0.401
86,-1,728.6,507.8,15.4,53.5,0.395
86,-1,1257.4,503.2,15.8,44.7,0.368
86,-1,966.8,484.6,23.8,37.9,0.365
86,-1,144.2,489.6,18.6,48.4,0.349
86,-1,721.3,436.2,37.5,107.8,0.339
86,-1,1246.3,494.9,18.5,51.8,0.331
86,-1,1268.6,486.8,21.9,58.5,0.327
86,-1,417.6,530.4,43.5,67.8,0.309
86,-1,1319.0,504.4,16.8,43.2,0.308
86,-1,1397.3,539.7,24.4,66.7,0.290
86,-1,1285.3,499.0,13.4,48.0,0.268
86,-1,1241.0,501.2,15.9,46.2,0.260
86,-1,862.7,477.1,17.6,41.2,0.187
86,-1,1402.6,507.7,27.0,63.0,0.169
86,-1,749.2,514.3,16.2,48.4,0.156
86,-1,167.0,556.0,47.9,131.9,0.151
86,-1,1441.8,521.5,11.6,36.7,0.122
86,-1,157.0,485.8,18.5,67.2,0.109
86,-1,964.9,482.2,15.5,28.1,0.102
86,-1,154.9,553.3,35.2,132.3,0.097
86,-1,210.5,563.0,33.7,106.9,0.092
86,-1,1397.8,504.9,40.3,91.0,0.085
86,-1,1277.9,491.6,17.0,54.3,0.082
86,-1,1227.4,489.8,14.8,50.3,0.081
86,-1,1457.0,504.8,18.0,53.5,0.059
86,-1,739.7,510.3,18.0,52.7,0.051
87,-1,1671.4,586.4,73.8,176.1,0.999
87,-1,446.9,557.6,38.8,105.7,0.993
87,-1,497.3,543.4,38.0,117.6,0.988
87,-1,1706.7,534.8,38.4,95.7,0.987
87,-1,281.2,564.7,51.2,131.4,0.978
87,-1,526.4,537.2,29.7,103.1,0.977
87,-1,224.3,551.5,49.3,143.5,0.975
87,-1,414.6,556.8,34.5,102.7,0.963
87,-1,1533.2,518.1,18.5,51.0,0.929
87,-1,99.1,561.4,53.7,132.3,0.905
87,-1,328.3,560.4,27.5,86.4,0.889
87,-1,679.1,508.0,21.1,55.7,0.848
87,-1,384.0,563.4,28.1,83.8,0.845
87,-1,1569.8,515.3,15.1,52.1,0.773
87,-1,752.4,514.7,20.6,53.5,0.765
87,-1,1559.7,516.4,20.7,53.0,0.730
87,-1,1544.1,514.4,20.0,54.1,0.726
87,-1,1190.4,495.9,14.7,35.3,0.650
87,-1,1242.0,499.7,18.3,51.9,0.584
87,-1,118.7,490.0,20.7,48.8,0.572
87,-1,1394.8,544.0,23.8,67.9,0.567
87,-1,950.3,463.6,13.4,34.8,0.496
87,-1,964.1,488.4,19.9,32.0,0.494
87,-1,719.2,443.0,32.1,102.9,0.489
87,-1,139.1,487.5,18.9,55.3,0.478
87,-1,199.4,562.7,24.8,101.9,0.424
87,-1,1265.4,486.9,23.4,59.9,0.404
87,-1,862.7,474.7,16.2,45.2,0.385
87,-1,1377.9,533.4,17.0,47.3,0.351
87,-1,1255.9,505.0,15.1,44.3,0.315
87,-1,406.9,532.0,48.1,109.2,0.228
87,-1,1337.5,513.9,19.0,41.4,0.223
87,-1,856.8,477.8,16.8,42.3,0.197
87,-1,1279.2,497.2,15.1,53.3,0.169
87,-1,1317.1,504.1,15.9,45.1,0.148
87,-1,725.6,507.7,19.5,57.5,0.143
87,-1,483.9,554.7,18.8,89.7,0.132
87,-1,1612.6,513.6,17.2,53.9,0.116
87,-1,1250.7,497.3,17.9,37.8,0.112
87,-1,740.3,513.5,27.6,52.8,0.109
87,-1,1378.9,543.6,50.2,129.9,0.107
87,-1,1396.8,504.2,45.8,93.8,0.106
87,-1,951.0,605.6,27.4,20.6,0.086
87,-1,158.6,555.4,55.1,133.8,0.078
87,-1,840.3,469.2,20.5,51.2,0.072
87,-1,967.0,487.3,22.4,24.1,0.072
87,-1,154.8,543.6,28.4,137.2,0.072
87,-1,1397.9,538.6,17.4,52.4,0.065
87,-1,1674.0,572.5,68.9,103.6,0.064
87,-1,961.3,487.0,13.5,26.6,0.057
87,-1,810.3,462.9,27.0,65.1,0.052
87,-1,1226.4,501.2,14.6,41.0,0.051
88,-1,1675.7,587.9,72.1,176.4,1.000
88,-1,441.0,561.3,38.0,105.5,0.996
88,-1,491.1,547.4,34.5,117.1,0.990
88,-1,277.1,568.1,45.5,131.9,0.990
88,-1,223.5,557.0,45.9,141.2,0.985
88,-1,1704.4,533.3,43.2,98.5,0.980
88,-1,520.0,539.3,30.5,105.0,0.976
88,-1,749.5,516.2,19.7,53.9,0.972
88,-1,1528.4,516.7,19.7,53.2,0.971
88,-1,408.7,566.3,32.2,95.5,0.963
88,-1,92.8,567.0,54.2,131.2,0.944
88,-1,376.5,566.1,31.7,87.5,0.905
88,-1,1186.1,494.7,15.9,40.1,0.903
88,-1,674.0,506.6,22.3,60.9,0.893
88,-1,318.7,565.6,28.1,79.5,0.875
88,-1,1539.6,513.5,18.9,53.7,0.873
88,-1,1562.0,516.2,18.0,53.4,0.848
88,-1,714.4,444.0,32.2,100.6,0.836
88,-1,185.1,570.9,30.3,95.4,0.764
88,-1,1376.0,522.8,22.6,58.6,0.687
88,-1,1251.5,503.8,15.9,46.8,0.684
88,-1,1608.5,511.3,19.0,56.1,0.661
88,-1,1236.6,501.9,16.1,49.6,0.652
88,-1,412.8,532.9,34.6,56.7,0.615
88,-1,721.3,510.9,18.7,58.5,0.594
88,-1,1332.1,510.2,18.9,45.3,0.526
88,-1,855.4,483.1,15.3,38.5,0.503
88,-1,959.9,490.1,23.7,33.4,0.492
88,-1,477.2,563.5,18.6,84.8,0.458
88,-1,1392.8,543.8,23.2,62.6,0.411
88,-1,946.0,464.9,13.2,33.9,0.405
88,-1,1243.6,499.2,17.6,53.0,0.342
88,-1,194.8,566.1,30.5,108.2,0.340
88,-1,1315.1,505.1,14.4,45.1,0.271
88,-1,1278.3,501.4,13.8,49.0,0.243
88,-1,1267.4,489.3,19.2,54.1,0.210
88,-1,1439.2,524.2,12.6,37.6,0.128
88,-1,418.8,555.8,49.2,111.4,0.116
88,-1,1223.0,504.1,13.4,39.6,0.113
88,-1,1685.2,558.8,59.9,103.0,0.097
88,-1,143.3,551.1,31.1,135.0,0.094
88,-1,858.9,476.4,16.0,41.2,0.071
88,-1,735.7,514.9,17.1,52.7,0.066
88,-1,741.8,516.1,20.5,53.0,0.061
88,-1,1214.6,493.8,15.7,42.9,0.054
89,-1,1677.1,590.0,72.2,179.0,0.999
89,-1,434.7,559.5,38.6,107.2,0.996
89,-1,269.6,567.6,47.8,131.3,0.990
89,-1,215.7,562.9,46.7,137.1,0.981
89,-1,484.1,553.0,35.3,114.2,0.980
89,-1,513.7,538.6,31.6,107.1,0.976
89,-1,1705.5,536.7,36.6,83.6,0.972
89,-1,743.8,516.4,21.4,53.5,0.970
89,-1,403.0,569.1,32.0,90.3,0.967
89,-1,86.0,566.7,52.9,132.6,0.911
89,-1,310.6,567.2,27.8,78.6,0.908
89,-1,369.7,565.6,30.8,88.8,0.899
89,-1,1525.8,519.4,16.2,51.4,0.891
89,-1,1554.7,517.1,22.2,53.9,0.874
89,-1,1372.5,519.9,24.7,63.9,0.868
89,-1,669.8,509.1,21.6,57.2,0.822
89,-1,1535.3,513.9,18.7,55.1,0.820
89,-1,1605.0,511.5,20.3,59.4,0.796
89,-1,175.5,566.0,28.5,100.4,0.665
89,-1,400.7,533.2,39.2,99.2,0.642
89,-1,1236.0,502.0,17.2,50.7,0.593
89,-1,1327.2,509.3,20.1,47.4,0.565
89,-1,470.6,545.6,20.9,102.4,0.559
89,-1,1543.3,511.9,19.0,57.4,0.521
89,-1,944.3,464.8,12.7,34.5,0.499
89,-1,708.9,439.8,39.2,112.1,0.479
89,-1,1250.5,504.9,15.4,47.7,0.470
89,-1,720.7,508.1,18.1,56.9,0.422
89,-1,1436.1,522.9,12.6,40.8,0.422
89,-1,1184.1,495.9,15.8,35.8,0.349
89,-1,1261.0,490.1,20.8,52.0,0.297
89,-1,188.7,565.6,29.5,107.8,0.261
89,-1,1312.5,502.6,15.6,48.8,0.257
89,-1,957.3,488.2,21.0,30.7,0.245
89,-1,1396.2,510.3,30.2,73.8,0.202
89,-1,857.8,471.6,15.3,41.8,0.195
89,-1,1696.5,544.9,50.1,107.5,0.176
89,-1,850.6,478.4,17.6,40.9,0.170
89,-1,1391.4,539.3,23.1,67.6,0.140
89,-1,135.9,554.2,27.8,129.8,0.137
89,-1,1449.8,509.3,17.8,49.8,0.129
89,-1,1374.0,510.2,35.5,83.2,0.114
89,-1,1774.3,565.1,32.3,116.5,0.106
89,-1,905.0,460.6,13.0,34.6,0.096
89,-1,1249.5,499.3,16.9,33.2,0.084
89,-1,1231.6,510.0,15.1,41.8,0.071
89,-1,1272.5,498.4,13.7,49.2,0.063
89,-1,1450.2,537.1,14.5,28.2,0.060
89,-1,725.9,511.1,19.2,55.4,0.058
90,-1,1680.5,590.8,71.2,184.0,0.999
90,-1,424.4,564.8,44.0,110.8,0.996
90,-1,481.5,555.2,30.2,115.0,0.995
90,-1,508.4,545.8,30.0,105.0,0.989
90,-1,1703.9,538.5,35.3,70.5,0.988
90,-1,394.2,571.1,32.0,98.9,0.987
90,-1,262.6,570.1,48.9,135.0,0.973
90,-1,209.7,568.0,45.4,137.0,0.970
90,-1,1522.2,520.9,19.3,54.1,0.962
90,-1,1550.9,517.8,22.7,55.2,0.960
90,-1,739.3,519.2,21.6,53.6,0.951
90,-1,75.0,570.0,58.9,130.8,0.901
90,-1,360.6,568.7,31.7,89.8,0.900
90,-1,303.9,570.5,26.1,79.8,0.894
90,-1,1601.3,511.9,19.6,57.9,0.867
90,-1,1370.7,523.6,20.7,61.3,0.866
90,-1,667.2,513.2,21.8,51.9,0.838
90,-1,1231.8,507.3,17.8,47.9,0.747
90,-1,1536.3,514.4,17.9,54.4,0.744
90,-1,170.0,559.2,25.2,106.2,0.688
90,-1,704.0,442.9,40.2,111.0,0.669
90,-1,938.4,467.0,12.1,32.8,0.616
90,-1,102.8,499.0,19.4,45.3,0.513
90,-1,848.8,485.6,15.8,38.1,0.481
90,-1,1245.4,508.4,15.7,46.3,0.469
90,-1,715.7,512.0,19.4,58.5,0.430
90,-1,181.6,563.2,26.4,110.3,0.426
90,-1,1181.3,498.6,15.1,35.6,0.392
90,-1,413.6,565.8,21.1,98.4,0.387
90,-1,393.8,538.3,39.4,98.4,0.342
90,-1,126.9,549.7,25.9,136.6,0.328
90,-1,1256.7,492.6,23.4,56.7,0.318
90,-1,189.1,564.2,34.2,134.3,0.280
90,-1,1443.0,507.3,19.5,56.8,0.273
90,-1,1388.1,543.8,22.1,65.2,0.263
90,-1,122.1,495.8,19.8,50.6,0.246
90,-1,1268.8,496.8,17.7,59.4,0.238
90,-1,413.1,567.4,39.5,106.1,0.238
90,-1,1438.5,514.2,17.2,51.0,0.193
90,-1,1433.3,522.7,12.5,41.7,0.167
90,-1,1584.9,525.0,14.3,25.8,0.142
90,-1,954.1,490.8,16.9,32.6,0.131
90,-1,1774.4,568.5,31.1,115.4,0.125
90,-1,852.2,476.3,17.9,42.1,0.118
90,-1,1373.5,511.7,37.3,81.8,0.058
91,-1,1682.9,593.6,72.4,185.4,0.999
91,-1,417.4,566.5,43.2,110.3,0.995
91,-1,476.0,555.6,28.9,116.9,0.994
91,-1,1702.4,541.0,35.4,70.6,0.991
91,-1,386.7,571.7,33.1,99.1,0.984
91,-1,502.5,547.3,29.8,102.6,0.981
91,-1,204.2,569.5,46.1,136.9,0.977
91,-1,736.5,520.2,20.4,54.0,0.975
91,-1,256.3,571.5,47.1,137.2,0.972
91,-1,1554.1,520.0,17.7,54.5,0.948
91,-1,663.0,512.8,22.0,53.2,0.929
91,-1,353.7,572.8,32.4,89.8,0.924
91,-1,1527.8,515.9,17.9,52.3,0.921
91,-1,67.8,571.0,55.3,133.6,0.892
91,-1,1518.7,523.3,16.0,50.9,0.884
91,-1,1368.3,527.4,20.3,60.2,0.831
91,-1,294.2,572.8,26.5,78.0,0.825
91,-1,1598.7,513.7,17.9,58.1,0.815
91,-1,1229.4,511.5,15.7,44.6,0.781
91,-1,159.6,563.2,28.2,105.6,0.763
91,-1,1545.6,523.0,21.4,52.4,0.745
91,-1,1320.9,514.4,19.4,45.5,0.605
91,-1,1534.1,514.4,18.5,56.1,0.597
91,-1,936.6,468.4,11.7,33.4,0.573
91,-1,1243.3,509.4,15.0,46.0,0.536
91,-1,710.8,515.7,18.1,57.3,0.517
91,-1,94.8,498.0,21.5,46.4,0.516
91,-1,1179.5,501.4,13.6,33.7,0.510
91,-1,174.0,568.9,27.9,108.4,0.441
91,-1,490.3,549.8,33.1,110.5,0.437
91,-1,846.6,485.6,16.1,39.8,0.417
91,-1,1269.2,503.8,16.0,54.9,0.344
91,-1,706.9,515.5,14.0,53.2,0.336
91,-1,700.6,444.7,35.7,112.0,0.322
91,-1,1254.2,491.3,22.8,58.2,0.303
91,-1,118.0,564.8,22.2,116.4,0.260
91,-1,1772.3,568.4,34.5,118.9,0.236
91,-1,1256.8,489.5,19.0,28.8,0.228
91,-1,1234.3,500.2,18.3,50.3,0.227
91,-1,115.2,492.5,21.6,53.4,0.207
91,-1,1388.2,545.3,17.5,56.5,0.193
91,-1,1214.8,513.4,13.0,35.0,0.191
91,-1,296.0,575.6,24.2,38.6,0.182
91,-1,939.7,474.7,11.3,28.6,0.163
91,-1,950.7,492.6,16.3,30.8,0.158
91,-1,1430.6,526.4,13.7,39.5,0.149
91,-1,188.7,565.9,38.4,137.5,0.133
91,-1,728.8,520.1,16.8,53.1,0.122
91,-1,1365.0,603.8,49.6,96.5,0.113
91,-1,102.9,571.4,33.2,124.4,0.109
91,-1,1219.8,517.5,13.0,34.8,0.104
91,-1,402.1,564.8,29.0,103.6,0.101
91,-1,384.8,539.2,45.9,66.3,0.088
91,-1,1029.8,470.7,15.0,24.9,0.072
91,-1,0.1,589.8,8.5,183.8,0.060
91,-1,383.1,542.1,52.8,123.6,0.057
92,-1,1687.4,598.8,72.1,186.9,0.999
92,-1,470.0,556.6,29.8,121.7,0.993
92,-1,413.8,571.2,36.9,106.4,0.992
92,-1,496.8,547.7,29.5,105.4,0.992
92,-1,1701.1,541.5,37.1,76.9,0.991
92,-1,731.5,521.5,21.5,54.8,0.977
92,-1,380.1,565.6,34.1,112.5,0.977
92,-1,249.9,574.2,50.1,138.4,0.972
92,-1,194.8,571.2,49.2,140.6,0.970
92,-1,1554.1,521.5,15.8,54.0,0.964
92,-1,1592.7,515.4,21.3,61.6,0.958
92,-1,706.5,516.3,18.8,60.2,0.940
92,-1,348.0,580.1,31.4,85.4,0.931
92,-1,58.8,574.1,64.4,138.9,0.925
92,-1,1545.6,524.7,18.6,51.9,0.904
92,-1,1515.1,522.3,19.1,54.1,0.902
92,-1,1176.9,501.5,12.6,37.3,0.884
92,-1,152.5,567.7,26.5,105.1,0.874
92,-1,659.1,515.0,21.0,53.7,0.870
92,-1,1225.6,509.7,18.5,48.9,0.866
92,-1,1533.3,516.2,16.0,54.6,0.838
92,-1,1521.2,519.5,18.2,50.6,0.825
92,-1,287.3,574.1,25.4,80.8,0.713
92,-1,1239.7,509.8,15.3,47.8,0.653
92,-1,89.8,501.0,20.1,46.9,0.581
92,-1,107.0,559.2,23.5,93.7,0.557
92,-1,1265.8,504.7,17.7,57.7,0.543
92,-1,1367.4,531.5,21.4,57.3,0.526
92,-1,702.9,516.3,11.8,55.2,0.522
92,-1,947.0,496.8,14.4,35.4,0.502
92,-1,934.2,467.7,13.2,36.1,0.430
92,-1,1211.2,509.9,13.8,39.0,0.404
92,-1,164.1,570.0,27.8,111.2,0.396
92,-1,179.8,568.3,32.6,135.7,0.380
92,-1,697.7,445.6,38.5,108.8,0.344
92,-1,1318.7,516.0,18.3,46.2,0.340
92,-1,1537.7,520.9,17.7,53.6,0.321
92,-1,1230.2,502.4,19.4,51.7,0.277
92,-1,1250.3,493.2,24.0,58.9,0.276
92,-1,110.9,496.7,16.4,52.2,0.239
92,-1,930.8,616.0,27.6,21.2,0.232
92,-1,1773.8,568.7,30.4,112.9,0.207
92,-1,1383.5,546.8,23.1,68.3,0.197
92,-1,393.0,565.6,46.3,115.2,0.193
92,-1,1238.4,500.2,16.8,36.6,0.127
92,-1,481.1,549.4,35.1,115.1,0.110
92,-1,266.7,577.0,43.2,117.3,0.099
92,-1,1027.1,473.4,14.8,23.1,0.078
92,-1,453.5,562.8,20.9,93.3,0.076
92,-1,931.0,469.6,10.7,33.1,0.075
92,-1,109.8,565.7,37.5,129.2,0.066
92,-1,88.5,563.4,40.1,129.9,0.063
92,-1,1584.8,524.0,16.5,50.5,0.056
92,-1,1020.1,474.8,15.4,22.6,0.052
92,-1,1582.5,528.4,14.2,37.7,0.051
93,-1,1688.8,603.8,72.4,185.4,0.999
93,-1,407.2,572.5,36.8,108.8,0.993
93,-1,1700.2,541.9,36.2,79.3,0.992
93,-1,491.0,549.5,29.3,105.9,0.991
93,-1,464.0,560.7,29.3,121.4,0.990
93,-1,373.2,572.4,33.7,109.4,0.982
93,-1,242.3,577.4,48.3,137.2,0.974
93,-1,727.0,524.7,21.1,52.8,0.973
93,-1,188.5,572.7,48.9,140.9,0.972
93,-1,1551.1,522.2,15.3,54.9,0.958
93,-1,1588.0,514.8,22.2,63.8,0.954
93,-1,703.8,518.9,18.5,58.5,0.953
93,-1,1173.5,501.5,13.0,38.5,0.923
93,-1,340.4,582.2,31.8,85.2,0.917
93,-1,49.6,575.8,59.8,139.7,0.913
93,-1,1541.2,525.1,19.3,52.8,0.908
93,-1,141.0,569.4,27.4,105.5,0.901
93,-1,655.4,516.7,21.7,56.3,0.870
93,-1,1223.0,509.5,17.0,50.3,0.867
93,-1,1509.8,527.1,19.7,52.6,0.865
93,-1,1525.3,520.0,17.4,51.4,0.804
93,-1,280.6,578.5,23.0,77.5,0.764
93,-1,1517.5,520.1,20.7,53.1,0.730
93,-1,1237.3,511.0,14.9,48.2,0.729
93,-1,173.0,574.2,21.5,116.7,0.699
93,-1,1365.0,530.1,21.2,59.2,0.645
93,-1,84.0,501.4,19.9,47.8,0.596
93,-1,698.6,519.9,11.6,50.1,0.512
93,-1,159.6,571.4,24.4,109.5,0.506
93,-1,1783.1,571.4,20.3,90.8,0.484
93,-1,943.0,496.5,18.1,37.6,0.435
93,-1,95.1,560.0,24.3,84.2,0.434
93,-1,96.0,559.0,20.0,52.5,0.431
93,-1,1381.7,548.7,19.8,63.4,0.384
93,-1,1772.0,572.2,30.1,116.2,0.359
93,-1,1248.4,494.0,23.7,49.2,0.327
93,-1,931.9,470.9,11.7,34.1,0.323
93,-1,176.7,572.2,41.6,134.5,0.323
93,-1,82.0,573.6,34.6,133.4,0.315
93,-1,1314.8,516.8,19.4,46.9,0.258
93,-1,1263.8,504.3,16.1,58.0,0.234
93,-1,1205.7,510.0,16.5,41.8,0.231
93,-1,1576.9,526.4,19.0,57.6,0.190
93,-1,384.5,562.9,29.6,114.6,0.172
93,-1,265.6,580.4,36.9,108.9,0.151
93,-1,47.9,575.3,52.0,80.6,0.151
93,-1,923.3,472.2,10.3,32.1,0.128
93,-1,720.1,524.2,15.8,51.5,0.114
93,-1,104.4,569.2,49.2,134.5,0.101
93,-1,369.5,543.8,48.6,105.9,0.096
93,-1,1196.8,501.9,12.4,42.9,0.094
93,-1,928.9,472.1,10.3,32.1,0.081
93,-1,124.5,569.6,38.2,121.7,0.081
93,-1,928.4,617.2,30.0,22.1,0.077
93,-1,0.1,603.6,9.6,140.0,0.067
93,-1,1166.5,500.9,14.9,39.1,0.061
93,-1,1361.5,616.1,49.6,89.3,0.058
94,-1,1690.9,604.9,71.0,187.4,0.999
94,-1,1698.3,542.6,36.6,86.8,0.997
94,-1,400.0,575.7,37.4,109.7,0.995
94,-1,457.5,561.8,30.3,121.6,0.994
94,-1,364.4,582.4,33.7,101.8,0.986
94,-1,183.5,573.7,49.6,144.5,0.984
94,-1,1548.2,523.3,15.9,52.1,0.979
94,-1,723.7,525.6,19.9,54.5,0.979
94,-1,484.1,554.6,29.3,104.2,0.974
94,-1,236.7,579.9,42.8,139.1,0.972
94,-1,649.8,519.9,22.0,51.9,0.964
94,-1,1583.6,515.8,25.8,62.0,0.923
94,-1,1539.8,523.8,18.0,53.4,0.922
94,-1,330.4,585.6,33.3,87.7,0.921
94,-1,41.1,579.2,59.5,138.9,0.919
94,-1,1507.0,526.0,20.8,53.1,0.911
94,-1,130.9,573.7,27.1,109.2,0.895
94,-1,1170.6,502.6,12.7,39.8,0.889
94,-1,158.9,576.0,28.5,115.4,0.865
94,-1,699.6,519.1,18.3,59.4,0.839
94,-1,1234.4,514.3,14.9,45.4,0.823
94,-1,1522.3,518.5,18.7,52.9,0.820
94,-1,1220.2,509.7,19.3,51.8,0.741
94,-1,269.7,580.3,25.5,79.8,0.704
94,-1,938.3,497.5,15.5,39.7,0.672
94,-1,83.5,563.4,24.6,85.8,0.556
94,-1,1362.5,534.7,18.6,56.1,0.555
94,-1,694.3,519.7,13.4,55.7,0.528
94,-1,78.3,504.6,20.0,48.6,0.508
94,-1,385.6,554.4,21.3,74.6,0.493
94,-1,714.8,525.0,15.5,53.0,0.492
94,-1,926.9,471.3,14.7,35.1,0.475
94,-1,83.5,566.3,30.0,135.8,0.455
94,-1,1783.4,572.3,19.9,82.4,0.429
94,-1,83.6,562.2,20.7,51.4,0.355
94,-1,150.4,577.5,26.5,110.9,0.331
94,-1,1298.0,514.7,14.8,42.7,0.328
94,-1,1312.2,519.6,19.1,44.8,0.313
94,-1,1261.6,508.1,16.8,53.9,0.299
94,-1,1203.7,513.2,15.4,38.4,0.231
94,-1,1773.7,569.5,32.0,103.3,0.209
94,-1,1253.0,501.1,22.1,59.6,0.192
94,-1,363.4,544.7,46.3,70.0,0.192
94,-1,1188.6,503.3,13.9,43.4,0.187
94,-1,1380.2,544.5,17.2,51.8,0.184
94,-1,1245.4,496.0,23.3,55.2,0.165
94,-1,270.1,582.3,23.9,37.1,0.157
94,-1,1572.3,528.0,17.5,50.5,0.156
94,-1,94.7,575.6,44.3,134.8,0.155
94,-1,162.5,575.7,43.2,134.2,0.154
94,-1,1357.3,630.3,47.1,78.9,0.150
94,-1,1576.2,520.5,22.4,62.7,0.149
94,-1,472.1,561.9,23.5,102.1,0.138
94,-1,1162.0,505.2,13.1,34.6,0.123
94,-1,1017.9,474.6,16.8,25.8,0.106
94,-1,845.5,458.0,16.1,24.5,0.084
94,-1,939.5,489.9,24.5,40.2,0.082
94,-1,112.9,574.7,40.1,123.6,0.074
94,-1,1213.0,525.3,13.9,32.9,0.062
94,-1,1149.4,500.0,13.2,25.1,0.052
95,-1,1694.2,608.6,71.8,191.3,0.999
95,-1,1696.9,546.6,37.7,91.6,0.997
95,-1,451.4,561.4,29.4,124.1,0.993
95,-1,389.4,575.4,42.7,115.0,0.990
95,-1,719.5,526.9,21.3,55.1,0.990
95,-1,477.7,553.6,29.8,106.1,0.982
95,-1,645.1,520.7,22.7,53.9,0.981
95,-1,176.4,573.4,53.0,145.5,0.981
95,-1,228.1,580.8,49.9,140.2,0.979
95,-1,357.5,572.0,34.1,111.4,0.976
95,-1,1541.6,523.6,17.6,55.4,0.975
95,-1,1503.1,520.7,24.0,60.0,0.974
95,-1,1574.6,518.0,33.2,66.5,0.958
95,-1,323.6,582.1,34.9,92.4,0.953
95,-1,693.9,522.2,19.0,59.2,0.939
95,-1,42.1,581.4,51.5,138.1,0.911
95,-1,126.4,574.6,23.9,112.2,0.898
95,-1,1514.4,519.6,22.8,57.7,0.842
95,-1,933.0,500.5,17.2,35.1,0.820
95,-1,1168.0,504.3,12.0,38.7,0.742
95,-1,142.4,578.1,24.0,107.5,0.737
95,-1,1359.5,536.2,22.5,57.9,0.717
95,-1,1260.5,509.0,16.0,56.1,0.700
95,-1,1229.1,513.5,16.0,49.8,0.698
95,-1,262.8,579.9,23.5,78.7,0.682
95,-1,1216.9,513.6,17.5,48.8,0.672
95,-1,690.2,520.0,13.5,56.7,0.649
95,-1,1221.4,508.7,19.5,54.5,0.626
95,-1,151.4,578.4,26.9,115.6,0.608
95,-1,1770.5,580.1,31.5,72.3,0.605
95,-1,924.4,471.6,12.7,34.9,0.536
95,-1,1420.4,533.4,13.5,40.4,0.485
95,-1,1242.3,497.8,22.0,53.4,0.413
95,-1,68.4,575.6,31.6,132.8,0.406
95,-1,71.8,503.3,20.7,48.0,0.382
95,-1,1527.9,523.2,23.2,55.1,0.378
95,-1,1304.8,520.1,19.3,45.7,0.348
95,-1,29.6,581.4,46.4,111.0,0.333
95,-1,71.7,563.5,25.8,71.1,0.326
95,-1,1209.5,529.2,12.2,28.9,0.314
95,-1,1377.4,547.4,18.1,54.3,0.309
95,-1,708.9,526.1,16.4,53.9,0.289
95,-1,833.3,490.9,14.3,39.8,0.279
95,-1,102.0,575.5,42.4,148.8,0.267
95,-1,1251.0,503.4,18.3,61.1,0.195
95,-1,1187.2,502.0,13.9,45.7,0.173
95,-1,84.7,573.6,48.9,141.1,0.173
95,-1,460.8,562.6,29.0,107.4,0.169
95,-1,935.1,492.9,23.2,33.8,0.155
95,-1,1195.8,504.2,15.0,35.1,0.128
95,-1,378.6,559.8,21.1,115.6,0.110
95,-1,0.4,610.3,13.1,158.1,0.067
95,-1,1767.8,580.0,32.7,134.7,0.065
96,-1,1699.2,610.4,72.3,192.1,0.998
96,-1,1694.3,547.1,40.6,95.2,0.997
96,-1,384.9,580.0,37.7,112.4,0.995
96,-1,444.1,567.1,32.6,122.2,0.991
96,-1,168.4,578.9,51.8,143.1,0.989
96,-1,221.1,584.4,48.0,141.7,0.985
96,-1,350.7,577.9,33.9,109.4,0.984
96,-1,1541.8,524.8,15.6,54.8,0.983
96,-1,714.5,528.2,21.8,55.5,0.976
96,-1,472.9,556.7,27.9,106.0,0.975
96,-1,641.4,521.7,21.8,54.6,0.965
96,-1,316.8,578.5,34.1,98.4,0.957
96,-1,1500.8,524.2,22.6,59.1,0.951
96,-1,1572.7,518.5,32.0,68.2,0.945
96,-1,1517.6,519.3,21.1,56.8,0.897
96,-1,34.1,586.4,51.5,136.5,0.887
96,-1,692.8,522.7,17.9,58.7,0.838
96,-1,1532.2,526.8,18.3,53.9,0.837
96,-1,1358.8,538.4,20.8,56.6,0.823
96,-1,137.5,580.8,35.0,121.4,0.817
96,-1,113.4,578.4,32.1,116.4,0.808
96,-1,1227.7,516.7,15.5,47.2,0.784
96,-1,132.7,581.5,24.7,108.0,0.766
96,-1,1213.6,514.3,17.4,50.1,0.717
96,-1,253.8,586.2,22.2,111.4,0.698
96,-1,1508.3,521.4,20.6,53.4,0.691
96,-1,928.8,503.2,17.8,34.6,0.675
96,-1,1372.6,554.0,23.0,65.1,0.616
96,-1,921.4,474.0,12.9,33.8,0.543
96,-1,1165.8,505.7,11.2,38.8,0.523
96,-1,371.4,554.1,22.0,82.6,0.519
96,-1,1254.4,510.8,17.1,52.0,0.503
96,-1,684.9,523.5,13.6,54.9,0.489
96,-1,1770.9,582.9,30.9,74.2,0.435
96,-1,252.5,583.6,24.9,50.1,0.423
96,-1,1303.8,520.3,18.4,45.9,0.324
96,-1,19.3,586.4,43.2,108.6,0.278
96,-1,1296.1,519.2,15.3,45.0,0.228
96,-1,460.8,564.5,24.6,101.7,0.222
96,-1,829.6,491.2,17.5,41.8,0.206
96,-1,1184.1,504.6,12.6,43.5,0.192
96,-1,1219.1,508.8,17.7,53.2,0.176
96,-1,1011.0,481.3,16.7,23.2,0.112
96,-1,1192.0,505.1,13.7,41.9,0.106
96,-1,65.7,575.6,31.5,137.3,0.091
96,-1,429.1,564.0,26.7,101.2,0.084
96,-1,1205.6,527.8,11.6,28.6,0.083
96,-1,678.2,458.3,34.7,101.2,0.073
96,-1,1208.2,521.8,13.4,37.6,0.058
96,-1,1240.0,500.8,22.4,56.9,0.058
96,-1,46.0,573.7,63.4,155.2,0.052
97,-1,1701.7,611.7,72.5,194.0,0.999
97,-1,374.1,577.4,44.8,113.6,0.996
97,-1,1691.6,548.4,42.3,98.5,0.995
97,-1,433.0,560.7,37.3,130.0,0.994
97,-1,159.1,576.5,55.1,144.8,0.987
97,-1,463.8,555.1,30.4,105.9,0.987
97,-1,343.8,574.9,33.4,113.4,0.986
97,-1,212.8,585.7,48.5,138.6,0.982
97,-1,1567.8,519.0,33.3,67.1,0.973
97,-1,1534.1,524.6,19.7,56.2,0.966
97,-1,307.3,580.8,33.8,96.4,0.963
97,-1,636.7,519.7,21.8,55.4,0.960
97,-1,710.4,529.1,21.2,53.9,0.957
97,-1,11.8,581.2,62.3,141.3,0.900
97,-1,1496.8,520.2,22.2,61.7,0.890
97,-1,102.7,576.5,32.8,119.9,0.853
97,-1,1224.2,515.4,15.7,48.5,0.818
97,-1,1506.7,519.0,24.4,57.7,0.799
97,-1,121.2,579.7,23.5,112.0,0.798
97,-1,924.4,505.0,16.0,32.2,0.768
97,-1,1252.6,508.9,15.2,54.6,0.715
97,-1,1210.4,514.0,16.6,49.4,0.706
97,-1,131.5,580.6,33.4,116.5,0.625
97,-1,363.6,552.9,23.2,69.7,0.528
97,-1,675.7,454.2,36.0,109.4,0.503
97,-1,1357.7,536.3,21.5,57.6,0.486
97,-1,916.4,473.4,14.3,34.7,0.482
97,-1,1526.9,526.5,20.9,54.5,0.475
97,-1,1162.4,504.6,11.7,39.3,0.425
97,-1,1370.2,553.4,20.5,62.0,0.382
97,-1,690.3,522.6,16.2,56.1,0.380
97,-1,244.1,584.6,24.2,66.2,0.376
97,-1,1236.2,497.5,23.7,59.2,0.338
97,-1,1216.0,505.5,16.4,58.0,0.323
97,-1,825.7,491.3,15.6,40.8,0.284
97,-1,1294.8,519.7,18.1,46.7,0.275
97,-1,1769.9,586.8,27.9,131.7,0.211
97,-1,1304.5,520.8,18.7,45.7,0.180
97,-1,241.0,584.2,29.0,119.5,0.177
97,-1,341.2,546.4,46.0,80.5,0.145
97,-1,1188.4,505.1,16.3,41.0,0.128
97,-1,1177.1,500.7,16.3,47.5,0.127
97,-1,1351.2,633.4,47.5,82.0,0.112
97,-1,1006.1,481.4,16.6,22.4,0.098
97,-1,1192.2,508.4,19.7,46.4,0.095
97,-1,1011.6,475.4,13.0,24.5,0.092
97,-1,1086.2,495.0,11.3,26.5,0.083
97,-1,1201.8,524.9,13.3,31.2,0.081
97,-1,53.1,568.5,35.2,143.0,0.073
97,-1,1166.7,498.4,15.6,43.9,0.066
97,-1,73.2,575.1,44.9,149.4,0.062
97,-1,423.1,564.6,26.8,100.4,0.058
97,-1,1183.9,502.5,13.8,44.4,0.053
98,-1,1704.3,611.6,74.9,196.3,0.999
98,-1,366.5,580.2,45.4,115.8,0.996
98,-1,1689.9,548.8,40.6,99.9,0.996
98,-1,428.9,566.8,31.1,125.5,0.989
98,-1,1531.7,526.4,19.1,56.6,0.988
98,-1,334.8,580.6,34.0,112.3,0.988
98,-1,457.6,556.5,30.0,108.7,0.986
98,-1,151.9,581.4,58.0,144.0,0.986
98,-1,1565.7,519.1,29.0,66.3,0.985
98,-1,207.4,585.3,49.7,142.7,0.979
98,-1,706.2,529.9,21.9,55.0,0.973
98,-1,632.9,523.7,21.6,57.4,0.963
98,-1,299.1,583.7,35.7,94.9,0.947
98,-1,4.7,586.3,61.9,142.5,0.914
98,-1,1497.2,520.2,24.9,60.7,0.907
98,-1,95.6,583.3,29.8,116.5,0.870
98,-1,1353.8,534.6,20.9,61.5,0.858
98,-1,115.1,583.5,37.0,121.6,0.805
98,-1,107.1,584.3,27.9,115.2,0.771
98,-1,920.5,506.7,14.7,33.4,0.702
98,-1,354.2,552.8,25.8,73.6,0.684
98,-1,682.2,524.2,19.5,59.2,0.644
98,-1,1220.9,517.6,16.2,48.1,0.637
98,-1,1210.6,507.7,19.4,57.3,0.632
98,-1,1524.3,530.1,18.8,52.4,0.570
98,-1,913.9,476.5,13.5,34.4,0.560
98,-1,1249.8,515.0,14.8,51.3,0.514
98,-1,235.9,584.3,24.1,105.0,0.496
98,-1,821.6,493.3,17.1,41.0,0.486
98,-1,1158.5,505.9,11.5,38.9,0.429
98,-1,1289.8,519.2,15.5,48.2,0.424
98,-1,236.0,585.6,23.3,41.2,0.405
98,-1,1206.8,514.6,14.6,48.4,0.368
98,-1,695.9,529.1,16.4,51.9,0.291
98,-1,1770.4,589.3,27.1,132.2,0.284
98,-1,1230.9,500.6,25.7,64.6,0.284
98,-1,671.4,454.1,35.0,116.2,0.275
98,-1,414.5,571.1,19.1,93.6,0.264
98,-1,129.6,592.4,29.1,107.8,0.256
98,-1,1307.6,524.4,13.3,40.8,0.226
98,-1,1240.9,505.8,19.7,60.6,0.196
98,-1,676.4,523.4,14.5,56.9,0.188
98,-1,346.5,576.3,51.1,119.8,0.158
98,-1,1371.2,552.5,16.5,51.9,0.153
98,-1,1175.4,504.7,14.7,45.8,0.134
98,-1,1005.2,483.7,14.5,20.9,0.129
98,-1,1348.9,632.4,54.1,83.7,0.103
98,-1,332.2,552.0,49.0,99.5,0.091
98,-1,1769.6,620.4,18.8,63.2,0.083
98,-1,1505.5,523.0,25.0,58.5,0.071
98,-1,1184.3,506.6,18.1,39.6,0.068
98,-1,76.1,584.1,35.5,141.2,0.067
98,-1,1296.0,523.6,19.5,44.5,0.058
98,-1,921.4,502.5,23.5,34.1,0.055
99,-1,1707.2,613.1,77.0,198.4,0.999
99,-1,359.4,576.5,44.7,118.1,0.994
99,-1,1688.2,549.5,42.4,101.4,0.992
99,-1,142.7,579.0,56.2,142.7,0.991
99,-1,421.6,566.1,32.3,126.8,0.991
99,-1,706.9,530.4,15.7,54.5,0.987
99,-1,1527.4,526.4,20.5,56.0,0.987
99,-1,451.4,555.4,30.5,109.4,0.983
99,-1,326.8,580.6,34.2,109.7,0.979
99,-1,199.1,582.3,49.5,143.3,0.975
99,-1,1562.6,520.5,27.1,66.9,0.967
99,-1,289.4,584.7,34.0,94.7,0.936
99,-1,678.7,522.5,17.8,60.3,0.922
99,-1,627.3,518.8,22.3,57.2,0.917
99,-1,1490.9,525.4,21.7,57.1,0.913
99,-1,3.1,580.5,54.2,145.3,0.855
99,-1,1498.2,522.9,22.2,54.8,0.853
99,-1,100.8,582.2,29.4,116.2,0.827
99,-1,1216.2,515.1,17.2,51.2,0.810
99,-1,347.6,551.9,26.5,92.5,0.781
99,-1,88.9,582.0,30.7,120.2,0.767
99,-1,1349.9,535.8,23.6,62.6,0.712
99,-1,671.8,521.8,14.5,60.9,0.650
99,-1,1522.5,529.8,17.3,52.9,0.590
99,-1,1155.2,506.6,12.1,38.2,0.589
99,-1,910.0,471.4,15.1,38.2,0.564
99,-1,1209.4,509.0,20.0,55.5,0.544
99,-1,1202.1,514.2,16.5,48.3,0.528
99,-1,1285.0,519.5,16.7,47.8,0.484
99,-1,118.1,581.7,25.1,117.4,0.349
99,-1,1242.3,513.2,15.1,54.8,0.288
99,-1,819.0,490.3,15.8,42.3,0.204
99,-1,1229.5,504.2,24.8,55.6,0.199
99,-1,1771.7,586.4,27.1,104.1,0.187
99,-1,226.6,588.1,25.5,108.7,0.178
99,-1,665.9,456.9,33.9,113.5,0.143
99,-1,1346.1,626.2,52.7,93.0,0.133
99,-1,407.6,566.1,20.3,100.6,0.113
99,-1,0.0,594.7,25.2,130.8,0.112
99,-1,1001.1,482.4,17.8,21.7,0.072
99,-1,1242.3,526.8,17.8,58.7,0.063
99,-1,4.6,572.3,96.8,159.2,0.062
99,-1,61.3,578.6,40.8,151.4,0.052
99,-1,1367.7,554.2,18.4,48.3,0.050
100,-1,1710.5,612.2,79.0,198.9,0.999
100,-1,351.7,578.6,46.7,120.6,0.994
100,-1,1686.8,549.0,42.1,101.5,0.992
100,-1,407.9,570.2,41.5,127.9,0.992
100,-1,129.9,582.9,61.3,142.4,0.986
100,-1,1559.5,520.5,24.7,77.2,0.986
100,-1,445.3,556.7,29.5,111.4,0.985
100,-1,697.4,529.3,21.7,57.4,0.981
100,-1,188.0,584.6,54.8,144.1,0.980
100,-1,317.3,580.9,35.1,113.0,0.978
100,-1,622.7,522.0,22.1,56.3,0.967
100,-1,1518.3,528.2,17.9,53.6,0.965
100,-1,280.8,590.1,37.0,92.6,0.950
100,-1,1523.8,527.1,20.6,54.9,0.945
100,-1,82.0,586.2,30.8,117.1,0.933
100,-1,675.4,525.5,17.3,60.2,0.926
100,-1,0.0,581.6,47.7,151.1,0.871
100,-1,1486.8,526.8,19.6,56.6,0.871
100,-1,1498.5,520.6,18.1,56.8,0.865
100,-1,1206.4,507.2,20.1,58.0,0.813
100,-1,667.7,525.6,14.0,58.3,0.807
100,-1,1151.7,506.2,13.1,39.0,0.802
100,-1,1215.0,516.6,15.7,50.0,0.797
100,-1,338.9,554.2,27.4,99.6,0.742
100,-1,1347.7,533.9,23.5,64.9,0.727
100,-1,815.4,493.4,16.1,41.2,0.459
100,-1,1201.0,511.8,19.4,51.7,0.358
100,-1,0.0,590.0,16.4,142.5,0.350
100,-1,1282.0,520.3,16.6,48.1,0.344
100,-1,1239.2,507.8,15.6,59.3,0.334
100,-1,218.0,588.7,28.2,108.5,0.228
100,-1,907.7,472.5,13.2,35.2,0.216
100,-1,1404.5,521.0,14.6,52.5,0.206
100,-1,1772.0,582.6,34.0,133.7,0.195
100,-1,1227.3,502.9,23.3,56.0,0.189
100,-1,99.8,586.0,36.0,116.4,0.167
100,-1,431.1,568.3,25.6,101.4,0.132
100,-1,1178.1,506.7,12.6,32.7,0.120
100,-1,1198.0,517.5,14.8,41.6,0.118
100,-1,1349.4,552.8,13.7,44.3,0.117
100,-1,1142.2,502.1,14.5,41.7,0.100
100,-1,1344.2,626.1,55.1,94.7,0.089
100,-1,400.4,572.2,24.2,104.3,0.073
100,-1,1076.8,617.1,40.2,119.5,0.071
100,-1,1240.0,531.6,17.1,57.8,0.068
100,-1,325.2,557.3,39.6,129.9,0.064
100,-1,791.8,491.4,20.6,44.7,0.057
101,-1,1712.0,614.7,77.9,202.4,0.999
101,-1,342.8,578.5,48.9,118.7,0.994
101,-1,1686.8,552.9,37.8,100.8,0.990
101,-1,404.8,566.6,32.6,131.5,0.988
101,-1,1555.7,521.3,23.5,64.1,0.988
101,-1,121.2,579.7,60.9,139.2,0.985
101,-1,438.9,554.7,29.9,112.0,0.983
101,-1,303.6,576.0,38.0,118.6,0.980
101,-1,181.2,584.7,58.6,141.8,0.971
101,-1,618.0,522.2,22.3,55.2,0.966
101,-1,1514.5,530.2,17.0,54.6,0.960
101,-1,692.6,528.7,21.5,57.3,0.957
101,-1,1483.9,531.2,21.9,56.0,0.948
101,-1,1524.2,529.6,18.1,51.7,0.941
101,-1,271.9,588.6,35.7,95.1,0.926
101,-1,331.7,557.6,27.2,123.2,0.900
101,-1,668.7,524.3,19.7,59.7,0.893
101,-1,66.8,585.6,39.4,120.3,0.886
101,-1,1494.7,520.3,17.2,53.7,0.854
101,-1,1148.1,507.6,12.3,39.8,0.830
101,-1,1201.1,505.2,18.1,58.4,0.812
101,-1,332.3,551.3,28.0,72.2,0.702
101,-1,661.1,524.4,14.6,56.4,0.614
101,-1,902.7,472.8,16.1,36.2,0.606
101,-1,1344.6,532.7,22.5,67.2,0.517
101,-1,1211.2,513.2,16.0,51.0,0.504
101,-1,1279.4,519.4,15.0,48.1,0.459
101,-1,811.2,492.1,16.3,40.2,0.406
101,-1,1235.9,512.8,19.6,72.7,0.379
101,-1,1197.0,512.8,16.0,50.0,0.371
101,-1,94.8,589.3,31.0,115.6,0.360
101,-1,1223.6,505.5,19.2,54.4,0.336
101,-1,1772.5,582.2,28.5,89.8,0.308
101,-1,1.0,564.5,33.2,161.9,0.266
101,-1,392.7,575.1,18.2,95.3,0.249
101,-1,656.0,456.7,37.1,106.5,0.234
101,-1,318.7,576.9,56.0,119.4,0.173
101,-1,1340.6,631.6,51.3,91.4,0.167
101,-1,1402.8,535.3,14.8,39.8,0.132
101,-1,0.0,573.7,11.5,162.4,0.107
101,-1,1138.0,505.1,16.0,40.8,0.102
101,-1,1353.8,560.1,13.6,40.0,0.096
101,-1,1173.8,507.0,14.0,38.2,0.072
101,-1,1065.4,499.3,12.0,23.9,0.068
101,-1,827.0,472.8,14.3,18.9,0.054
101,-1,1765.9,585.5,34.2,153.8,0.052
102,-1,1713.8,617.6,79.5,201.2,1.000
102,-1,1686.0,551.2,37.4,102.4,0.995
102,-1,393.8,568.3,41.9,132.0,0.992
102,-1,116.1,582.1,59.9,144.7,0.992
102,-1,334.4,579.2,47.4,121.7,0.990
102,-1,1552.1,521.4,22.5,65.4,0.986
102,-1,433.0,558.6,29.2,108.7,0.986
102,-1,689.6,528.5,20.2,58.5,0.976
102,-1,612.5,524.6,22.0,53.4,0.974
102,-1,302.5,580.7,34.1,122.0,0.974
102,-1,171.7,586.4,61.1,142.8,0.972
102,-1,264.3,591.3,36.5,94.6,0.953
102,-1,1480.1,522.8,26.0,65.4,0.952
102,-1,1520.6,528.4,16.0,50.9,0.933
102,-1,59.5,588.2,30.4,117.3,0.922
102,-1,1513.1,531.1,19.7,52.7,0.921
102,-1,667.1,523.7,17.4,61.4,0.852
102,-1,657.9,524.6,14.8,59.9,0.822
102,-1,1144.2,507.7,13.8,38.2,0.819
102,-1,1200.2,509.2,21.4,56.0,0.708
102,-1,323.9,559.2,26.5,114.1,0.672
102,-1,85.5,592.6,32.0,117.4,0.584
102,-1,1345.0,551.5,18.9,47.4,0.531
102,-1,1492.5,521.4,16.3,56.6,0.494
102,-1,1197.9,507.8,17.1,42.9,0.411
102,-1,0.1,560.1,19.4,170.7,0.407
102,-1,680.0,527.3,21.1,57.9,0.395
102,-1,1219.8,503.5,24.9,58.2,0.393
102,-1,1231.0,506.7,20.6,72.1,0.392
102,-1,1193.8,513.6,18.2,48.2,0.372
102,-1,1400.0,535.9,14.8,38.9,0.362
102,-1,806.1,492.5,16.9,40.2,0.357
102,-1,1340.0,637.2,51.7,87.0,0.246
102,-1,1208.8,514.5,15.8,47.8,0.235
102,-1,825.0,475.2,14.8,18.1,0.215
102,-1,325.8,554.6,25.0,53.6,0.202
102,-1,1772.1,584.8,27.4,81.2,0.169
102,-1,652.0,455.4,37.5,105.2,0.150
102,-1,899.4,473.7,14.2,35.8,0.134
102,-1,385.6,574.9,21.1,102.8,0.096
102,-1,1171.5,506.0,13.4,36.6,0.065
103,-1,1717.1,616.4,82.4,208.8,0.999
103,-1,326.7,583.2,47.9,116.8,0.997
103,-1,106.5,580.8,61.9,145.8,0.994
103,-1,1682.7,549.4,37.3,104.7,0.992
103,-1,608.7,525.0,21.4,56.1,0.990
103,-1,385.6,572.4,41.3,127.5,0.990
103,-1,288.3,582.0,39.2,122.3,0.986
103,-1,688.0,530.0,18.0,57.2,0.986
103,-1,1546.5,520.6,23.9,60.7,0.978
103,-1,425.8,558.6,30.0,110.2,0.975
103,-1,167.4,587.0,60.9,142.6,0.973
103,-1,255.0,591.4,35.6,94.2,0.953
103,-1,50.9,586.0,35.8,125.8,0.941
103,-1,1507.3,531.2,19.2,51.7,0.927
103,-1,1484.8,519.5,18.8,57.5,0.881
103,-1,1477.6,527.2,16.4,54.2,0.876
103,-1,1140.2,507.6,13.7,39.8,0.864
103,-1,1338.5,526.1,22.5,72.4,0.862
103,-1,662.5,525.3,17.5,59.9,0.830
103,-1,1779.1,570.4,24.2,96.0,0.782
103,-1,314.7,560.0,28.4,121.7,0.776
103,-1,1204.1,519.4,16.5,45.8,0.725
103,-1,1516.3,525.9,13.6,38.8,0.713
103,-1,654.0,524.0,15.2,60.1,0.677
103,-1,1194.7,506.8,19.2,57.6,0.571
103,-1,1228.5,507.3,18.2,64.2,0.548
103,-1,60.6,587.6,44.5,123.4,0.532
103,-1,804.3,492.0,17.2,40.8,0.422
103,-1,897.0,474.6,14.1,33.4,0.399
103,-1,317.4,553.7,26.7,67.7,0.387
103,-1,0.2,544.9,10.9,189.0,0.384
103,-1,83.4,596.6,23.5,112.6,0.319
103,-1,1397.9,536.2,14.7,38.5,0.305
103,-1,1190.5,514.8,15.5,48.3,0.244
103,-1,0.0,520.1,19.4,228.4,0.230
103,-1,670.2,526.7,17.6,57.8,0.223
103,-1,1220.4,504.6,22.6,57.3,0.209
103,-1,1778.2,572.4,22.5,36.7,0.201
103,-1,1064.5,622.1,34.1,102.5,0.132
103,-1,399.2,568.3,39.6,118.8,0.085
103,-1,1158.6,505.7,13.5,45.6,0.056
103,-1,1353.2,555.3,20.8,47.5,0.054
103,-1,1337.9,626.8,56.1,98.3,0.051
104,-1,1721.6,621.8,78.3,207.6,0.999
104,-1,97.0,577.7,61.8,148.2,0.995
104,-1,318.0,578.1,48.2,120.2,0.993
104,-1,604.0,523.3,22.9,57.8,0.993
104,-1,417.3,558.1,30.2,110.2,0.991
104,-1,376.1,573.5,39.7,125.3,0.989
104,-1,1681.9,551.5,35.8,103.9,0.989
104,-1,679.4,528.3,22.6,58.1,0.987
104,-1,156.1,584.7,63.9,144.3,0.980
104,-1,276.7,576.3,39.0,123.8,0.977
104,-1,1544.1,522.2,24.0,66.8,0.973
104,-1,1504.2,534.2,19.6,51.3,0.968
104,-1,38.6,581.8,44.0,132.2,0.964
104,-1,657.8,523.8,18.0,60.6,0.959
104,-1,246.5,589.1,37.2,97.3,0.938
104,-1,1482.1,522.4,19.4,55.9,0.919
104,-1,1473.7,527.4,23.1,58.8,0.913
104,-1,1335.7,532.4,25.2,69.0,0.851
104,-1,649.1,523.2,14.5,60.2,0.830
104,-1,1774.4,570.7,27.9,89.6,0.827
104,-1,305.5,554.2,31.7,132.1,0.781
104,-1,1191.8,506.0,18.6,57.0,0.712
104,-1,1511.8,528.8,15.3,46.4,0.677
104,-1,67.1,588.5,31.5,120.5,0.614
104,-1,1137.2,507.0,14.9,38.2,0.588
104,-1,801.2,491.7,15.4,40.1,0.548
104,-1,1228.5,509.1,16.1,60.3,0.519
104,-1,1201.9,516.7,16.7,47.6,0.507
104,-1,307.1,553.7,31.3,67.3,0.446
104,-1,1395.0,536.6,13.8,40.2,0.394
104,-1,1219.3,505.3,20.7,57.3,0.300
104,-1,1211.2,504.7,20.9,49.9,0.240
104,-1,818.7,474.5,15.8,16.4,0.174
104,-1,393.6,576.8,26.2,113.5,0.142
104,-1,1059.9,620.4,37.8,89.0,0.139
104,-1,892.2,472.9,14.9,34.4,0.131
104,-1,1187.3,515.6,15.3,45.7,0.127
104,-1,407.8,567.6,18.7,99.5,0.126
104,-1,1352.2,555.8,19.6,48.7,0.106
104,-1,309.8,563.5,47.1,83.5,0.078
104,-1,371.5,578.5,22.1,103.6,0.074
104,-1,986.3,482.6,14.2,20.8,0.064
104,-1,275.4,554.3,69.9,146.0,0.061
104,-1,642.2,457.0,34.9,117.8,0.050
105,-1,1723.8,625.0,79.6,209.1,0.999
105,-1,1680.6,550.9,34.9,103.6,0.993
105,-1,599.1,524.8,23.2,56.7,0.991
105,-1,367.9,573.8,40.9,128.3,0.990
105,-1,309.8,576.3,48.7,126.4,0.990
105,-1,410.7,558.3,30.8,111.2,0.990
105,-1,87.2,577.9,62.2,147.5,0.988
105,-1,675.4,529.9,21.3,57.7,0.983
105,-1,1538.4,521.2,26.6,68.7,0.971
105,-1,268.5,586.3,46.4,119.4,0.968
105,-1,146.6,587.8,60.0,144.7,0.960
105,-1,25.7,581.9,47.8,138.9,0.954
105,-1,1499.4,531.2,22.0,54.6,0.950
105,-1,238.0,591.0,38.7,94.5,0.931
105,-1,1467.1,524.3,27.1,63.4,0.929
105,-1,1778.0,578.4,24.4,80.6,0.894
105,-1,654.6,523.6,17.1,62.2,0.886
105,-1,644.8,525.2,13.5,58.3,0.850
105,-1,1334.3,532.7,25.3,68.7,0.838
105,-1,1133.0,506.9,15.1,39.7,0.816
105,-1,1511.0,527.6,12.5,41.1,0.772
105,-1,296.2,555.0,34.4,138.0,0.745
105,-1,1186.8,507.5,19.0,59.5,0.705
105,-1,1194.9,516.2,19.2,50.4,0.620
105,-1,1226.2,511.7,15.6,54.2,0.549
105,-1,1479.0,521.5,18.8,55.7,0.455
105,-1,0.2,560.1,28.9,183.5,0.437
105,-1,796.6,491.2,15.8,41.6,0.343
105,-1,1208.6,504.9,20.6,48.0,0.304
105,-1,666.2,528.0,17.0,57.4,0.240
105,-1,53.4,590.8,37.1,125.9,0.239
105,-1,301.4,550.5,29.6,60.7,0.217
105,-1,1216.5,507.3,20.8,61.2,0.209
105,-1,1189.4,505.3,17.6,38.7,0.189
105,-1,889.0,474.0,14.5,33.8,0.178
105,-1,289.5,550.0,46.9,76.8,0.165
105,-1,1195.0,508.0,18.3,38.4,0.159
105,-1,0.1,553.9,12.0,204.5,0.150
105,-1,1153.5,503.8,17.8,46.2,0.130
105,-1,1160.6,504.0,15.5,43.5,0.090
105,-1,268.7,551.6,75.9,155.7,0.060
105,-1,1183.5,515.8,16.4,49.1,0.057
106,-1,1724.2,623.1,82.9,216.5,0.999
106,-1,1676.7,552.3,35.5,105.1,0.994
106,-1,403.5,556.6,32.6,111.9,0.993
106,-1,361.0,569.7,40.3,133.8,0.989
106,-1,76.5,575.1,62.1,150.0,0.987
106,-1,301.7,579.8,48.1,119.5,0.987
106,-1,595.3,523.0,22.0,57.3,0.982
106,-1,1535.7,522.3,26.8,66.2,0.974
106,-1,670.9,527.2,22.1,58.0,0.974
106,-1,15.5,578.5,55.6,143.1,0.971
106,-1,138.2,582.4,65.6,147.9,0.971
106,-1,1491.9,533.7,26.4,52.8,0.964
106,-1,260.1,583.7,46.0,121.5,0.935
106,-1,1464.7,523.9,28.5,63.8,0.928
106,-1,1776.1,570.9,28.1,97.3,0.912
106,-1,651.4,523.1,17.1,60.0,0.900
106,-1,1334.3,530.5,25.3,69.8,0.895
106,-1,226.6,591.8,34.2,92.6,0.883
106,-1,1130.4,507.2,15.2,40.4,0.827
106,-1,0.1,554.0,19.9,165.0,0.778
106,-1,1184.2,504.8,20.0,61.2,0.774
106,-1,1194.7,519.8,16.8,46.3,0.698
106,-1,640.9,526.5,15.7,56.3,0.674
106,-1,1506.2,530.0,13.4,45.7,0.609
106,-1,287.0,553.4,37.6,136.9,0.604
106,-1,886.3,470.4,14.0,36.2,0.577
106,-1,662.9,525.4,14.2,57.1,0.546
106,-1,0.1,550.0,9.3,196.6,0.462
106,-1,1221.5,509.4,15.2,60.9,0.458
106,-1,1206.8,503.1,22.3,47.1,0.450
106,-1,10.3,500.2,15.3,45.5,0.384
106,-1,792.5,489.7,17.7,41.4,0.374
106,-1,23.9,499.0,19.4,56.9,0.350
106,-1,1476.2,530.3,32.3,60.2,0.240
106,-1,294.8,553.3,29.4,56.8,0.217
106,-1,980.9,476.5,14.0,25.8,0.177
106,-1,1192.8,508.1,18.3,39.0,0.162
106,-1,632.6,457.4,34.6,120.6,0.111
106,-1,637.2,499.7,21.9,78.6,0.094
106,-1,30.0,578.2,68.4,149.6,0.093
106,-1,1158.5,504.4,14.9,38.8,0.076
106,-1,1180.5,518.0,15.6,47.8,0.067
107,-1,1729.1,627.7,80.5,211.9,0.999
107,-1,398.0,558.0,31.3,110.8,0.995
107,-1,293.4,578.1,47.8,121.3,0.992
107,-1,350.4,569.4,41.3,135.3,0.992
107,-1,70.4,574.5,62.4,152.8,0.991
107,-1,1675.0,550.8,35.4,102.7,0.990
107,-1,667.6,526.9,19.7,58.3,0.981
107,-1,590.1,522.3,21.7,57.5,0.974
107,-1,253.8,583.9,43.8,122.1,0.972
107,-1,1531.2,520.5,28.3,65.4,0.971
107,-1,129.6,582.2,62.5,148.9,0.969
107,-1,1488.7,529.3,25.1,56.1,0.956
107,-1,1459.7,521.9,29.6,62.9,0.945
107,-1,217.1,589.8,40.9,104.4,0.934
107,-1,4.8,579.0,52.2,137.5,0.928
107,-1,1332.5,529.3,26.2,71.8,0.880
107,-1,646.6,522.2,16.4,60.6,0.851
107,-1,1776.2,569.9,26.5,86.3,0.837
107,-1,1126.2,505.5,16.6,38.8,0.813
107,-1,277.2,554.7,42.0,140.3,0.770
107,-1,1191.5,516.6,16.6,47.3,0.753
107,-1,1182.8,507.5,19.6,57.7,0.721
107,-1,1219.4,508.9,16.6,58.1,0.643
107,-1,636.5,525.4,15.0,57.6,0.624
107,-1,0.0,574.0,14.7,138.0,0.562
107,-1,1179.5,512.8,15.5,51.1,0.447
107,-1,269.5,571.7,34.3,122.7,0.429
107,-1,789.4,490.4,15.3,39.9,0.377
107,-1,656.7,523.8,14.6,58.8,0.339
107,-1,282.1,552.7,38.6,83.8,0.332
107,-1,1355.6,518.9,20.2,48.4,0.256
107,-1,629.5,452.0,37.2,127.9,0.225
107,-1,883.3,470.0,13.0,33.9,0.208
107,-1,1777.0,578.1,23.4,37.5,0.196
107,-1,1215.3,506.2,15.7,52.2,0.161
107,-1,1327.0,635.6,54.1,89.4,0.158
107,-1,1204.8,500.8,22.0,52.8,0.124
107,-1,866.2,619.7,27.6,20.7,0.109
107,-1,1046.7,617.6,40.6,103.6,0.073
107,-1,1147.9,502.1,14.8,45.7,0.054
107,-1,231.0,589.1,52.0,116.1,0.051
107,-1,1386.7,454.8,49.7,119.8,0.050
108,-1,1728.5,628.9,83.4,220.0,1.000
108,-1,342.8,566.8,42.1,138.5,0.995
108,-1,387.7,555.2,32.8,113.1,0.995
108,-1,1673.8,552.7,34.0,103.6,0.994
108,-1,57.2,574.1,67.5,153.6,0.991
108,-1,283.9,569.9,48.3,135.8,0.983
108,-1,1484.2,532.1,25.1,56.3,0.982
108,-1,662.6,526.4,21.8,58.4,0.976
108,-1,1528.2,522.9,28.9,63.2,0.968
108,-1,246.7,587.0,38.6,114.2,0.963
108,-1,123.0,570.7,63.5,159.7,0.962
108,-1,585.3,519.7,21.9,57.8,0.961
108,-1,207.8,586.0,37.9,101.0,0.955
108,-1,0.9,575.8,52.9,147.0,0.945
108,-1,1457.1,523.2,27.2,61.8,0.924
108,-1,639.4,519.7,19.4,61.1,0.917
108,-1,1498.7,529.1,15.1,52.5,0.855
108,-1,1123.6,504.7,16.9,39.2,0.813
108,-1,1184.4,510.7,19.3,55.0,0.788
108,-1,1773.5,568.5,29.2,72.8,0.755
108,-1,1327.4,529.9,28.0,72.3,0.747
108,-1,266.3,550.1,47.1,138.9,0.678
108,-1,656.4,525.7,20.6,57.1,0.619
108,-1,1178.3,509.8,17.9,55.5,0.598
108,-1,631.6,521.4,16.1,59.7,0.518
108,-1,1214.4,507.8,15.6,59.4,0.486
108,-1,1319.3,529.3,25.9,54.8,0.457
108,-1,786.1,490.3,16.4,39.1,0.327
108,-1,1142.4,504.3,14.7,44.9,0.312
108,-1,1201.9,501.0,22.3,47.8,0.290
108,-1,1219.2,512.3,15.0,51.6,0.289
108,-1,974.6,474.6,15.5,26.8,0.254
108,-1,1468.8,527.5,36.1,61.1,0.227
108,-1,0.5,499.2,11.2,46.1,0.214
108,-1,270.3,549.1,50.0,82.7,0.214
108,-1,880.0,469.3,13.9,34.1,0.205
108,-1,0.0,585.2,12.2,139.8,0.159
108,-1,48.6,570.4,40.4,130.9,0.140
108,-1,281.9,549.5,31.9,53.6,0.131
108,-1,0.5,580.2,22.9,136.0,0.068
108,-1,365.4,573.2,23.7,115.0,0.060
108,-1,1135.1,504.5,13.2,41.4,0.059
108,-1,1321.9,632.4,58.6,97.6,0.058
108,-1,623.4,456.5,41.2,123.0,0.051
109,-1,1730.2,629.7,83.2,221.2,1.000
109,-1,376.9,558.4,39.7,111.5,0.993
109,-1,1669.4,552.3,36.8,105.4,0.991
109,-1,336.6,567.4,41.8,139.6,0.991
109,-1,279.5,569.7,43.4,135.9,0.988
109,-1,657.6,528.6,21.6,56.9,0.981
109,-1,46.4,577.4,67.7,148.7,0.973
109,-1,112.3,574.2,62.5,159.4,0.972
109,-1,1481.4,533.9,22.7,55.0,0.971
109,-1,234.0,587.2,42.1,121.1,0.971
109,-1,580.2,521.6,23.9,58.8,0.970
109,-1,1525.1,523.1,24.9,62.1,0.970
109,-1,200.2,589.1,36.6,103.2,0.961
109,-1,0.4,579.2,42.7,146.2,0.951
109,-1,1454.3,527.4,25.7,60.3,0.941
109,-1,1120.9,505.5,16.1,41.3,0.922
109,-1,1494.8,528.8,15.4,54.2,0.902
109,-1,1177.4,507.9,21.5,57.8,0.898
109,-1,637.0,522.5,18.0,61.5,0.846
109,-1,1317.7,525.8,24.2,54.6,0.768
109,-1,1770.3,559.3,30.6,77.8,0.752
109,-1,257.6,557.1,42.0,144.2,0.670
109,-1,625.2,521.0,20.8,63.2,0.633
109,-1,40.3,577.3,44.3,140.6,0.595
109,-1,1138.8,506.1,13.4,43.4,0.470
109,-1,839.3,467.4,13.7,30.3,0.446
109,-1,1213.4,513.2,15.4,52.7,0.415
109,-1,781.7,488.4,18.0,42.1,0.375
109,-1,650.9,529.3,19.9,54.5,0.329
109,-1,618.8,453.0,36.6,128.3,0.284
109,-1,875.9,470.5,13.9,33.8,0.265
109,-1,262.8,554.5,45.0,70.9,0.259
109,-1,970.2,475.2,14.4,26.5,0.242
109,-1,279.8,559.1,30.7,48.3,0.208
109,-1,274.2,559.5,39.5,107.8,0.195
109,-1,1197.5,503.1,22.1,49.0,0.187
109,-1,1173.3,512.1,15.1,51.2,0.176
109,-1,1466.0,529.6,30.4,57.4,0.104
109,-1,1130.1,504.5,12.8,43.8,0.090
109,-1,1325.6,538.9,23.2,59.6,0.085
109,-1,42.5,571.2,58.2,74.1,0.082
109,-1,1330.6,530.1,22.1,50.0,0.075
109,-1,0.0,579.6,12.0,150.2,0.073
109,-1,1382.2,529.3,12.8,45.8,0.063
109,-1,1186.5,505.3,18.0,55.7,0.051
109,-1,249.5,553.7,82.4,154.9,0.051
110,-1,1730.7,631.7,84.8,223.9,1.000
110,-1,325.8,566.7,42.5,141.1,0.996
110,-1,370.3,556.6,40.4,114.1,0.994
110,-1,1668.5,558.3,34.9,100.8,0.991
110,-1,36.2,575.7,68.1,153.1,0.990
110,-1,652.6,527.5,21.4,57.9,0.980
110,-1,1519.3,523.6,27.0,61.7,0.979
110,-1,263.7,581.9,49.5,123.8,0.979
110,-1,103.2,581.3,66.5,149.5,0.968
110,-1,225.7,583.9,41.1,124.6,0.955
110,-1,575.3,519.1,22.9,59.2,0.949
110,-1,189.3,587.9,39.1,104.6,0.944
110,-1,0.0,574.1,32.6,152.5,0.926
110,-1,1478.1,534.8,24.3,54.2,0.922
110,-1,1178.9,515.1,18.6,50.9,0.897
110,-1,1117.5,506.4,16.0,39.4,0.891
110,-1,1491.9,528.1,14.4,50.4,0.880
110,-1,1759.6,555.4,44.7,101.5,0.878
110,-1,1451.1,527.6,23.2,57.0,0.846
110,-1,634.0,522.7,16.4,59.9,0.811
110,-1,1171.9,506.1,18.9,57.9,0.749
110,-1,244.3,554.8,48.7,150.3,0.735
110,-1,871.5,471.9,15.6,33.5,0.676
110,-1,31.9,557.9,37.9,75.1,0.619
110,-1,29.5,570.1,41.9,138.3,0.522
110,-1,1134.1,506.2,14.2,43.7,0.413
110,-1,1208.0,510.9,15.5,55.8,0.394
110,-1,623.7,532.4,15.3,50.8,0.379
110,-1,1312.9,527.2,23.4,52.6,0.378
110,-1,645.5,526.5,19.8,57.3,0.366
110,-1,779.8,487.5,15.5,42.1,0.347
110,-1,968.7,476.1,14.0,25.2,0.295
110,-1,255.2,550.9,51.6,115.0,0.283
110,-1,266.7,549.6,32.5,54.2,0.281
110,-1,1322.3,532.5,28.4,68.4,0.280
110,-1,1772.9,559.0,25.5,67.0,0.224
110,-1,248.4,554.0,50.1,70.4,0.196
110,-1,1194.6,502.0,21.8,48.7,0.191
110,-1,1145.6,506.4,17.0,47.2,0.169
110,-1,1380.7,534.4,13.0,43.9,0.111
110,-1,1127.3,506.0,13.3,42.4,0.079
110,-1,1168.7,514.7,14.1,47.5,0.070
110,-1,1319.2,634.4,59.5,93.4,0.051
110,-1,1111.7,505.1,15.6,38.5,0.051
111,-1,1733.1,630.9,87.0,227.1,1.000
111,-1,317.7,570.9,39.0,138.8,0.993
111,-1,1514.5,523.4,27.4,62.4,0.992
111,-1,362.1,555.4,41.1,116.7,0.991
111,-1,255.7,585.9,48.7,119.6,0.989
111,-1,570.0,518.7,22.3,61.0,0.985
111,-1,1664.2,561.1,35.6,97.1,0.984
111,-1,28.6,578.2,63.9,148.9,0.983
111,-1,647.6,526.6,21.1,58.6,0.975
111,-1,94.1,580.3,63.7,154.5,0.963
111,-1,1487.8,528.3,14.5,51.7,0.938
111,-1,1476.7,533.4,20.5,53.8,0.937
111,-1,211.2,587.9,38.8,119.0,0.934
111,-1,1758.3,554.4,43.7,102.2,0.933
111,-1,182.7,588.8,35.7,103.7,0.933
111,-1,1175.4,513.7,18.4,52.3,0.917
111,-1,1446.1,527.7,23.6,56.5,0.896
111,-1,1114.3,504.4,16.2,41.1,0.893
111,-1,0.1,582.3,21.6,143.3,0.851
111,-1,18.3,562.3,41.3,138.7,0.824
111,-1,235.2,564.9,40.2,135.8,0.822
111,-1,630.6,520.4,14.7,62.4,0.812
111,-1,616.7,523.5,17.1,59.7,0.731
111,-1,1130.3,505.2,14.1,44.0,0.669
111,-1,1307.5,523.2,25.8,53.3,0.635
111,-1,1207.2,512.9,16.1,52.8,0.537
111,-1,1168.2,507.7,17.3,58.0,0.521
111,-1,640.4,522.6,16.8,60.6,0.364
111,-1,1771.7,558.7,25.6,68.5,0.347
111,-1,870.2,468.5,13.7,32.9,0.313
111,-1,260.5,553.6,30.3,53.3,0.263
111,-1,775.0,488.0,15.4,42.0,0.252
111,-1,1200.8,507.9,17.2,57.2,0.222
111,-1,1314.1,530.6,28.8,45.8,0.209
111,-1,240.2,555.2,50.4,93.0,0.191
111,-1,860.1,502.8,17.4,30.7,0.171
111,-1,614.3,519.7,13.2,59.8,0.171
111,-1,622.2,523.4,18.7,59.6,0.164
111,-1,1192.8,503.0,21.9,55.6,0.161
111,-1,609.7,521.2,13.2,49.8,0.151
111,-1,1326.6,531.8,20.0,39.8,0.141
111,-1,963.3,476.4,15.7,24.3,0.110
111,-1,1036.4,496.1,11.3,24.4,0.087
111,-1,864.1,472.1,12.4,29.7,0.078
111,-1,1104.6,502.5,14.0,24.9,0.068
111,-1,43.4,557.5,1330.2,410.0,0.054
112,-1,1735.5,637.6,88.6,223.5,1.000
112,-1,1513.0,523.9,25.2,64.0,0.994
112,-1,309.2,569.3,37.3,143.8,0.993
112,-1,23.9,580.8,63.9,150.6,0.991
112,-1,353.9,557.4,41.3,115.6,0.989
112,-1,642.2,527.9,21.6,59.4,0.984
112,-1,245.1,584.4,51.1,128.6,0.980
112,-1,84.5,585.1,61.2,150.8,0.970
112,-1,1472.9,535.4,21.2,53.6,0.969
112,-1,1755.7,557.4,45.3,103.9,0.968
112,-1,1660.3,564.8,35.7,95.2,0.960
112,-1,564.8,523.1,21.7,58.0,0.957
112,-1,204.3,589.7,35.9,120.5,0.947
112,-1,169.8,592.5,39.7,105.7,0.941
112,-1,1484.2,530.0,13.9,50.8,0.936
112,-1,1442.9,531.3,21.3,55.1,0.921
112,-1,1110.6,505.8,16.0,41.7,0.895
112,-1,1165.7,508.8,20.8,59.4,0.873
112,-1,0.0,579.8,14.6,151.0,0.856
112,-1,235.4,564.4,43.5,141.5,0.840
112,-1,7.8,559.8,41.1,147.4,0.792
112,-1,625.7,523.9,15.4,60.6,0.758
112,-1,228.6,563.2,35.6,122.7,0.640
112,-1,1203.1,510.7,16.7,56.3,0.615
112,-1,1125.9,506.0,15.2,44.7,0.593
112,-1,1173.5,515.6,18.1,51.9,0.590
112,-1,611.6,524.3,16.4,59.8,0.495
112,-1,1533.5,534.5,12.8,44.4,0.450
112,-1,861.8,472.1,17.6,34.4,0.351
112,-1,769.5,488.8,18.4,42.0,0.334
112,-1,636.3,524.5,18.3,61.0,0.319
112,-1,1186.5,502.5,21.7,42.2,0.298
112,-1,251.8,550.3,28.4,49.7,0.171
112,-1,867.6,468.8,11.2,28.9,0.141
112,-1,1314.9,534.9,21.4,41.7,0.141
112,-1,228.5,559.2,48.9,78.5,0.127
112,-1,1311.5,633.8,58.7,101.4,0.109
112,-1,616.9,522.9,18.9,63.2,0.078
112,-1,958.7,474.2,15.6,26.7,0.073
112,-1,0.0,537.1,20.7,235.6,0.069
112,-1,41.6,553.2,1316.0,435.8,0.060
112,-1,1137.6,505.6,17.0,40.5,0.051
113,-1,1738.3,636.9,88.3,225.6,1.000
113,-1,1508.4,523.6,25.3,64.4,0.995
113,-1,302.9,574.9,30.5,138.7,0.995
113,-1,235.0,582.5,47.9,129.5,0.991
113,-1,345.7,559.8,42.4,116.9,0.991
113,-1,559.0,521.6,22.5,59.4,0.984
113,-1,638.2,528.2,20.6,59.1,0.979
113,-1,1468.3,533.8,19.6,55.0,0.970
113,-1,75.7,587.2,56.1,149.9,0.969
113,-1,1477.8,530.8,17.3,54.5,0.964
113,-1,191.5,588.0,38.4,124.9,0.958
113,-1,159.5,594.4,39.0,106.2,0.953
113,-1,1166.6,511.2,19.7,57.1,0.952
113,-1,1659.1,568.2,33.9,92.7,0.949
113,-1,22.2,583.3,57.7,148.7,0.941
113,-1,1754.2,559.4,46.5,102.9,0.922
113,-1,1439.9,529.5,19.2,56.6,0.914
113,-1,1106.9,506.9,15.5,40.6,0.898
113,-1,620.6,523.1,16.4,61.7,0.849
113,-1,218.2,570.4,34.2,123.1,0.848
113,-1,0.0,562.2,39.3,162.1,0.817
113,-1,1158.7,511.0,17.4,56.5,0.571
113,-1,204.6,579.0,39.0,130.4,0.538
113,-1,1312.2,537.1,26.3,64.5,0.524
113,-1,1123.8,506.1,14.5,44.9,0.468
113,-1,1197.6,513.2,17.3,54.7,0.410
113,-1,608.4,524.4,20.9,60.6,0.367
113,-1,243.7,551.1,29.4,57.0,0.346
113,-1,767.9,490.6,14.5,41.3,0.333
113,-1,606.9,522.7,11.3,54.6,0.329
113,-1,1299.8,525.9,27.1,48.3,0.312
113,-1,1182.8,502.2,22.7,42.1,0.301
113,-1,860.9,469.4,13.1,34.6,0.282
113,-1,1527.3,534.6,15.7,51.6,0.157
113,-1,850.0,505.1,15.6,31.0,0.157
113,-1,839.6,619.2,27.1,21.0,0.119
113,-1,3.0,493.4,28.3,69.1,0.100
113,-1,1094.3,504.6,13.8,39.8,0.089
113,-1,0.0,568.5,12.7,161.3,0.088
113,-1,1100.4,507.7,13.2,30.1,0.082
113,-1,1306.7,653.6,38.1,83.2,0.077
113,-1,1088.4,504.3,15.9,36.6,0.071
113,-1,217.0,560.5,48.6,69.1,0.066
113,-1,228.9,553.9,49.9,103.8,0.054
113,-1,1132.8,505.8,15.8,39.9,0.053
113,-1,47.5,555.4,1337.6,427.4,0.051
113,-1,105.7,607.6,29.7,113.7,0.051
114,-1,1740.0,637.0,89.1,226.7,0.999
114,-1,344.9,557.7,34.2,116.6,0.991
114,-1,289.9,571.6,38.2,145.1,0.989
114,-1,1503.4,523.9,23.6,62.5,0.989
114,-1,1464.8,531.7,17.4,56.1,0.989
114,-1,633.2,528.6,20.2,58.9,0.977
114,-1,227.6,583.9,49.2,131.4,0.975
114,-1,1436.2,530.0,18.6,55.9,0.970
114,-1,64.7,587.2,55.8,150.4,0.970
114,-1,1474.6,530.0,16.5,54.1,0.962
114,-1,8.1,584.2,56.9,149.4,0.958
114,-1,553.5,523.0,22.0,58.0,0.952
114,-1,149.1,595.8,39.2,106.8,0.948
114,-1,1102.3,504.4,17.0,42.5,0.941
114,-1,615.9,521.6,16.3,63.0,0.857
114,-1,204.6,563.7,37.9,137.0,0.849
114,-1,178.7,593.9,38.8,104.8,0.848
114,-1,1752.4,558.5,48.4,101.7,0.841
114,-1,1160.5,508.8,21.8,58.7,0.819
114,-1,0.0,566.4,28.8,163.7,0.727
114,-1,1298.7,525.0,21.9,54.5,0.687
114,-1,24.2,582.8,69.1,155.9,0.592
114,-1,1119.2,504.8,13.9,45.0,0.572
114,-1,1178.6,501.3,22.9,51.9,0.546
114,-1,1156.1,509.2,17.9,56.7,0.521
114,-1,1309.3,528.3,18.5,50.0,0.398
114,-1,0.2,563.4,11.9,169.7,0.389
114,-1,763.1,490.4,15.1,40.9,0.380
114,-1,1421.9,525.3,18.6,52.3,0.349
114,-1,1186.4,501.7,21.0,64.1,0.336
114,-1,334.6,560.0,28.6,99.3,0.331
114,-1,209.8,560.5,51.5,101.2,0.324
114,-1,75.0,557.5,26.6,50.3,0.309
114,-1,1194.0,510.0,16.0,56.9,0.286
114,-1,1368.0,535.1,11.5,42.3,0.263
114,-1,856.7,469.7,13.8,31.5,0.196
114,-1,953.3,473.9,12.7,23.7,0.186
114,-1,1025.8,496.1,12.1,25.1,0.163
114,-1,607.7,534.3,15.6,49.7,0.132
114,-1,844.5,505.0,15.8,30.3,0.116
114,-1,601.6,527.9,13.7,55.5,0.115
114,-1,210.1,596.4,23.0,105.5,0.092
114,-1,1091.4,503.8,15.4,38.7,0.083
114,-1,1317.9,527.9,15.7,47.0,0.057
114,-1,1752.5,591.0,31.5,64.1,0.054
115,-1,1741.2,636.3,91.0,230.3,0.999
115,-1,279.7,571.9,38.8,146.3,0.991
115,-1,334.1,558.7,35.1,119.1,0.989
115,-1,1499.5,523.7,23.7,64.0,0.987
115,-1,628.6,528.6,20.0,59.4,0.985
115,-1,1431.6,531.7,20.8,55.8,0.983
115,-1,1469.5,530.1,17.7,54.2,0.981
115,-1,213.8,584.8,49.6,128.9,0.980
115,-1,1460.3,534.6,15.5,53.8,0.975
115,-1,548.0,521.9,21.8,60.7,0.975
115,-1,53.4,587.1,58.2,152.2,0.973
115,-1,143.1,597.1,33.1,103.7,0.955
115,-1,3.5,584.3,57.6,152.2,0.940
115,-1,1098.3,506.0,16.8,41.3,0.936
115,-1,612.5,518.8,15.7,63.8,0.914
115,-1,170.8,594.2,35.7,100.9,0.884
115,-1,1749.7,577.5,41.1,80.3,0.878
115,-1,1293.9,524.7,22.4,56.2,0.851
115,-1,195.8,563.5,38.0,138.7,0.812
115,-1,1153.2,508.0,19.3,59.9,0.777
115,-1,1163.9,517.3,15.8,49.8,0.694
115,-1,226.6,548.2,30.3,59.7,0.595
115,-1,0.1,568.1,14.7,170.6,0.569
115,-1,1175.3,501.6,21.8,54.4,0.556
115,-1,1190.7,511.6,16.1,54.9,0.502
115,-1,65.3,558.3,30.1,50.5,0.496
115,-1,840.0,505.2,14.0,31.7,0.467
115,-1,1413.1,524.6,21.5,63.4,0.443
115,-1,1239.9,520.8,17.6,47.0,0.376
115,-1,1409.9,465.8,40.6,127.2,0.362
115,-1,594.1,526.8,11.3,49.9,0.281
115,-1,1331.5,524.6,14.7,43.2,0.213
115,-1,327.3,561.2,28.1,100.0,0.211
115,-1,758.8,490.7,15.4,39.9,0.208
115,-1,1655.0,549.9,32.5,107.2,0.190
115,-1,601.3,536.5,15.9,48.1,0.178
115,-1,1112.2,506.0,13.1,44.1,0.152
115,-1,1421.2,465.1,23.8,23.2,0.142
115,-1,852.4,469.6,14.0,32.8,0.140
115,-1,1305.0,625.5,58.8,101.4,0.115
115,-1,1308.9,530.7,18.7,47.3,0.106
115,-1,1420.3,526.3,21.5,55.8,0.095
115,-1,198.8,559.7,45.9,76.3,0.071
115,-1,37.6,550.0,1310.7,412.1,0.057
115,-1,1117.1,506.7,15.2,44.2,0.056
115,-1,1336.9,525.2,15.6,44.8,0.052
116,-1,1740.7,637.7,92.8,231.9,1.000
116,-1,270.2,577.5,37.6,143.8,0.992
116,-1,1496.5,524.0,22.1,64.8,0.987
116,-1,0.3,589.0,61.5,152.0,0.986
116,-1,329.3,564.2,33.2,115.0,0.985
116,-1,202.8,592.9,49.1,126.2,0.983
116,-1,1463.6,530.4,20.1,56.1,0.979
116,-1,623.0,528.2,20.7,61.1,0.976
116,-1,46.2,588.9,53.4,153.5,0.974
116,-1,1427.4,529.7,20.0,57.6,0.974
116,-1,541.8,523.7,22.9,59.2,0.967
116,-1,1455.0,534.7,16.4,54.1,0.962
116,-1,129.9,599.7,32.3,103.6,0.927
116,-1,157.9,597.1,43.1,115.7,0.912
116,-1,1093.7,507.5,17.6,40.5,0.907
116,-1,1748.2,560.8,48.7,100.1,0.904
116,-1,1149.0,504.7,19.3,63.2,0.825
116,-1,184.1,567.9,40.9,135.8,0.776
116,-1,607.4,521.4,16.1,64.3,0.690
116,-1,1171.3,500.6,22.7,55.5,0.656
116,-1,218.4,550.3,31.4,62.3,0.612
116,-1,1155.6,512.9,20.5,52.4,0.537
116,-1,1288.8,525.3,24.0,55.2,0.533
116,-1,755.2,491.7,14.4,40.3,0.480
116,-1,54.4,560.2,30.1,52.6,0.462
116,-1,1187.2,515.6,15.6,51.0,0.437
116,-1,834.0,506.2,16.0,34.5,0.433
116,-1,190.1,589.8,24.5,116.8,0.428
116,-1,1180.6,504.6,18.8,60.4,0.282
116,-1,1447.8,478.6,11.4,28.5,0.227
116,-1,1234.7,524.6,17.9,44.5,0.205
116,-1,843.9,472.7,17.9,32.5,0.179
116,-1,1414.4,526.9,18.5,54.0,0.139
116,-1,192.1,575.9,42.9,76.3,0.139
116,-1,588.5,524.3,10.7,51.9,0.131
116,-1,43.6,561.8,42.5,82.2,0.127
116,-1,1420.1,465.3,22.0,23.8,0.112
116,-1,207.5,571.8,46.5,74.9,0.095
116,-1,591.7,516.1,14.7,37.8,0.094
116,-1,1109.3,507.2,13.9,45.4,0.082
116,-1,1406.8,467.3,40.1,118.2,0.082
116,-1,1123.1,506.0,14.3,30.8,0.078
116,-1,1759.5,559.4,31.6,53.7,0.063
116,-1,1360.3,455.9,49.9,120.0,0.063
116,-1,1433.9,465.6,17.1,39.8,0.056
116,-1,1299.3,647.1,60.4,91.7,0.053
117,-1,1743.5,638.1,92.1,238.5,1.000
117,-1,258.8,574.7,40.5,149.8,0.994
117,-1,314.5,561.6,42.2,119.7,0.989
117,-1,1491.5,523.3,21.3,64.5,0.987
117,-1,190.4,590.3,52.2,130.4,0.985
117,-1,1460.4,530.8,17.9,55.2,0.982
117,-1,617.5,529.3,21.1,59.6,0.980
117,-1,0.0,587.1,45.3,155.8,0.979
117,-1,1449.3,532.5,16.4,55.2,0.977
117,-1,536.1,523.4,23.6,60.0,0.977
117,-1,34.7,589.4,55.4,154.2,0.966
117,-1,1421.0,529.4,21.8,58.2,0.965
117,-1,147.9,596.6,42.6,123.4,0.945
117,-1,121.9,599.2,31.3,105.3,0.921
117,-1,1090.6,507.0,16.7,40.5,0.864
117,-1,1747.3,558.3,45.5,107.1,0.840
117,-1,207.9,549.2,34.3,66.7,0.766
117,-1,173.4,565.3,42.7,136.6,0.763
117,-1,600.9,523.4,19.2,64.4,0.723
117,-1,1146.1,507.1,19.0,59.2,0.646
117,-1,1167.1,503.4,22.8,50.9,0.538
117,-1,1152.3,516.5,19.1,51.0,0.481
117,-1,1182.4,510.3,15.4,57.5,0.465
117,-1,1286.4,525.2,24.8,53.5,0.450
117,-1,1407.7,525.5,19.7,54.6,0.412
117,-1,45.8,558.6,32.2,55.2,0.412
117,-1,1109.1,506.8,14.1,44.8,0.381
117,-1,1650.6,540.6,35.3,121.3,0.287
117,-1,602.3,521.6,13.5,35.7,0.265
117,-1,845.2,470.8,12.8,29.0,0.214
117,-1,1231.4,522.0,18.0,46.4,0.194
117,-1,583.4,524.9,10.8,52.5,0.189
117,-1,828.3,507.1,17.1,29.7,0.175
117,-1,1296.2,633.4,58.3,108.3,0.173
117,-1,750.3,490.3,15.2,41.7,0.158
117,-1,179.1,581.3,23.3,125.0,0.153
117,-1,129.7,599.9,39.5,114.5,0.131
117,-1,181.3,583.0,45.9,95.8,0.112
117,-1,1149.6,506.5,19.8,37.9,0.078
117,-1,190.6,581.8,52.6,72.7,0.071
117,-1,1103.3,506.2,14.2,44.9,0.067
117,-1,1305.8,531.7,20.0,44.8,0.062
117,-1,1120.9,506.1,14.7,33.5,0.055
117,-1,1402.8,472.1,38.7,115.5,0.051
118,-1,1745.9,639.5,92.1,240.9,1.000
118,-1,248.6,578.9,40.4,148.8,0.996
118,-1,184.8,590.4,49.2,133.6,0.991
118,-1,1486.5,521.7,22.5,64.9,0.991
118,-1,313.7,561.9,33.2,118.7,0.985
118,-1,1455.4,529.8,19.3,52.6,0.974
118,-1,1417.0,529.5,22.5,58.5,0.968
118,-1,22.9,583.5,56.3,161.7,0.958
118,-1,529.5,523.7,23.7,59.8,0.957
118,-1,1442.8,531.6,17.4,53.2,0.953
118,-1,611.6,529.1,21.2,59.3,0.948
118,-1,137.9,597.4,40.4,126.1,0.936
118,-1,1744.6,556.7,43.8,102.5,0.930
118,-1,1086.1,504.6,17.7,42.2,0.927
118,-1,110.9,599.9,32.0,104.1,0.896
118,-1,0.2,586.4,28.2,154.8,0.893
118,-1,1142.6,504.6,18.1,62.5,0.850
118,-1,1152.0,517.4,17.4,49.7,0.827
118,-1,1179.4,510.3,16.1,56.7,0.690
118,-1,165.4,581.1,33.4,125.5,0.626
118,-1,821.1,505.4,18.3,32.6,0.568
118,-1,197.4,554.0,33.7,61.2,0.567
118,-1,1163.0,501.5,23.9,58.1,0.512
118,-1,598.9,520.9,22.5,65.8,0.372
118,-1,1280.6,526.3,26.5,52.2,0.366
118,-1,166.7,574.2,34.5,66.0,0.359
118,-1,840.5,469.1,14.0,29.8,0.280
118,-1,1101.8,504.9,15.4,46.0,0.229
118,-1,1295.3,527.1,21.2,47.7,0.229
118,-1,1321.0,521.0,18.9,47.3,0.191
118,-1,1305.6,532.8,22.1,46.5,0.188
118,-1,745.3,488.9,15.9,42.4,0.146
118,-1,1403.0,523.5,20.8,60.2,0.141
118,-1,1117.7,505.5,17.4,32.7,0.133
118,-1,1652.3,590.5,26.1,70.9,0.119
118,-1,187.1,557.1,49.6,86.2,0.104
118,-1,1354.0,457.0,52.3,118.2,0.089
118,-1,1025.5,709.8,59.6,60.6,0.080
118,-1,1075.2,501.2,14.3,42.2,0.078
118,-1,31.1,559.2,43.4,86.7,0.071
118,-1,1740.4,685.6,22.0,58.5,0.071
118,-1,598.7,539.7,16.0,46.7,0.063
118,-1,1107.4,502.6,17.7,48.1,0.056
119,-1,1745.5,641.6,98.2,243.1,1.000
119,-1,237.7,579.5,43.6,151.1,0.996
119,-1,1483.0,521.7,20.5,63.6,0.994
119,-1,299.9,562.2,40.2,121.9,0.987
119,-1,171.7,592.4,51.2,135.1,0.987
119,-1,604.8,528.0,23.1,62.1,0.972
119,-1,523.6,523.9,24.7,62.2,0.971
119,-1,126.8,597.6,40.9,130.2,0.970
119,-1,1451.4,529.0,19.3,53.6,0.966
119,-1,1742.7,556.1,46.7,111.6,0.961
119,-1,16.2,587.7,54.7,161.4,0.959
119,-1,1440.0,531.4,17.6,54.9,0.959
119,-1,1414.8,530.0,20.2,57.3,0.957
119,-1,100.8,601.7,31.0,108.4,0.934
119,-1,1082.6,505.5,17.9,41.0,0.924
119,-1,1142.4,508.5,22.0,59.9,0.908
119,-1,592.9,523.2,15.8,56.2,0.854
119,-1,0.0,584.5,19.3,163.4,0.841
119,-1,154.5,575.8,39.5,130.6,0.723
119,-1,1159.6,500.4,24.7,57.7,0.703
119,-1,190.1,551.5,35.4,67.9,0.662
119,-1,1175.6,511.3,15.6,55.9,0.657
119,-1,816.7,505.4,18.3,33.3,0.592
119,-1,1394.5,530.3,22.0,50.4,0.570
119,-1,156.1,577.3,34.7,73.4,0.518
119,-1,1275.5,526.2,22.4,52.7,0.460
119,-1,1289.3,522.5,20.6,55.6,0.387
119,-1,741.4,490.0,16.1,41.2,0.288
119,-1,1303.8,532.1,20.1,69.7,0.283
119,-1,836.8,469.4,12.8,29.4,0.249
119,-1,1650.4,591.2,26.9,70.2,0.174
119,-1,1741.3,571.9,26.1,84.3,0.170
119,-1,1018.4,707.7,53.2,64.6,0.146
119,-1,1137.1,513.5,15.9,53.3,0.145
119,-1,1307.0,529.2,16.0,43.3,0.114
119,-1,183.4,570.7,47.3,128.5,0.104
119,-1,1316.4,522.8,18.2,49.3,0.087
119,-1,1291.3,636.9,61.9,107.9,0.082
119,-1,1115.9,506.3,15.4,29.6,0.075
119,-1,830.7,471.6,12.8,28.3,0.064
119,-1,1405.8,526.9,22.6,55.5,0.063
119,-1,3.1,578.7,37.1,171.5,0.060
119,-1,170.2,581.9,53.1,74.5,0.055
120,-1,1746.8,643.2,104.1,244.7,0.999
120,-1,228.2,582.5,41.2,148.8,0.995
120,-1,1478.4,521.5,21.2,64.4,0.995
120,-1,301.5,566.1,30.1,115.8,0.991
120,-1,162.5,593.4,51.6,136.2,0.988
120,-1,116.2,600.6,41.2,132.1,0.980
120,-1,1446.9,528.7,18.1,53.8,0.973
120,-1,603.5,531.6,18.0,58.7,0.960
120,-1,518.9,526.6,23.7,59.2,0.959
120,-1,1412.1,528.3,19.6,57.4,0.959
120,-1,1078.7,504.2,17.9,42.4,0.941
120,-1,1752.0,556.2,32.3,114.5,0.940
120,-1,88.7,603.6,32.4,110.6,0.930
120,-1,6.5,580.8,54.7,170.9,0.913
120,-1,1431.1,531.4,20.5,56.1,0.868
120,-1,1143.2,515.4,18.1,53.2,0.789
120,-1,1134.7,515.0,17.9,51.7,0.755
120,-1,142.8,585.8,39.0,130.5,0.704
120,-1,810.8,507.1,17.7,31.9,0.691
120,-1,1171.3,510.1,16.6,56.7,0.656
120,-1,590.0,526.4,26.3,63.1,0.655
120,-1,589.0,524.3,15.5,61.8,0.652
120,-1,1156.6,500.3,23.8,58.4,0.622
120,-1,1286.1,525.1,20.1,50.7,0.553
120,-1,1435.2,476.0,10.4,29.2,0.518
120,-1,146.9,579.0,34.7,72.5,0.501
120,-1,289.6,569.5,24.6,109.6,0.500
120,-1,832.4,469.6,14.0,29.2,0.440
120,-1,1393.0,525.5,22.9,58.8,0.362
120,-1,736.7,489.6,16.2,42.7,0.344
120,-1,1301.4,527.8,15.9,43.3,0.270
120,-1,1271.4,527.4,20.9,47.6,0.247
120,-1,0.0,580.7,15.2,172.8,0.236
120,-1,1739.4,562.6,29.8,92.2,0.202
120,-1,27.5,601.4,38.2,142.8,0.180
120,-1,1313.5,516.9,17.7,54.4,0.158
120,-1,1014.3,712.7,59.3,59.7,0.150
120,-1,1097.1,508.1,12.6,42.6,0.111
120,-1,1739.3,606.3,23.2,49.0,0.102
120,-1,1111.2,505.3,12.1,29.3,0.084
120,-1,1283.0,650.5,56.7,96.7,0.073
120,-1,175.6,558.9,45.0,67.8,0.062
121,-1,1750.6,643.7,104.1,248.6,0.999
121,-1,216.5,583.8,42.8,149.2,0.997
121,-1,151.2,592.8,51.4,140.2,0.993
121,-1,1472.9,521.1,21.8,64.8,0.992
121,-1,285.4,562.3,39.0,122.9,0.990
121,-1,107.3,602.1,38.8,132.4,0.976
121,-1,1443.9,527.9,16.0,52.3,0.966
121,-1,512.1,523.1,25.9,61.7,0.957
121,-1,1742.5,555.2,43.3,116.2,0.949
121,-1,1423.3,532.8,26.0,53.7,0.949
121,-1,1075.1,503.9,18.0,42.4,0.946
121,-1,1407.5,527.3,19.2,59.6,0.945
121,-1,594.6,528.9,22.9,59.0,0.944
121,-1,1130.7,507.9,21.3,59.5,0.925
121,-1,77.2,603.2,32.7,109.7,0.900
121,-1,0.0,593.3,53.6,157.4,0.799
121,-1,1168.3,510.2,16.9,56.7,0.733
121,-1,172.2,552.4,38.2,73.2,0.724
121,-1,132.0,576.9,41.2,135.9,0.700
121,-1,806.7,505.7,18.6,32.6,0.678
121,-1,1.4,561.3,38.1,60.3,0.552
121,-1,1151.6,500.4,23.1,55.7,0.417
121,-1,1299.7,526.6,15.8,43.2,0.344
121,-1,585.8,524.2,19.3,54.5,0.340
121,-1,1267.5,526.2,20.9,49.6,0.338
121,-1,733.8,491.0,14.9,40.6,0.273
121,-1,827.9,471.1,15.2,26.9,0.265
121,-1,1737.2,554.6,31.5,101.0,0.237
121,-1,1431.6,474.1,11.0,30.5,0.221
121,-1,1414.6,529.0,22.0,57.0,0.195
121,-1,791.9,616.4,32.0,21.3,0.166
121,-1,0.2,584.6,13.0,166.9,0.111
121,-1,1282.6,649.8,57.4,97.2,0.097
121,-1,1066.7,503.1,12.7,38.2,0.062
121,-1,1307.1,527.4,17.3,42.4,0.060
121,-1,1007.1,716.3,55.9,57.0,0.056
121,-1,1298.5,529.1,20.6,70.0,0.051
122,-1,1757.9,645.9,98.9,250.3,0.999
122,-1,207.8,584.6,45.2,151.0,0.996
122,-1,140.6,597.3,52.2,138.9,0.991
122,-1,274.6,562.3,40.3,125.6,0.983
122,-1,1468.9,519.3,22.2,65.7,0.982
122,-1,94.0,602.8,42.2,132.6,0.968
122,-1,507.8,524.9,23.5,60.5,0.965
122,-1,1072.9,503.1,16.6,41.8,0.958
122,-1,1439.8,525.0,14.5,55.6,0.955
122,-1,589.2,527.9,23.0,62.2,0.938
122,-1,1741.3,554.8,43.3,115.9,0.925
122,-1,1127.6,509.0,20.6,57.8,0.923
122,-1,66.1,607.4,33.6,108.8,0.899
122,-1,1149.0,499.1,22.3,52.9,0.863
122,-1,0.2,568.4,44.6,187.4,0.853
122,-1,164.6,556.4,37.2,70.0,0.756
122,-1,1277.3,520.0,20.9,55.8,0.735
122,-1,1262.5,522.9,17.7,53.9,0.728
122,-1,801.4,504.9,16.0,33.3,0.658
122,-1,1422.5,531.2,22.8,50.1,0.633
122,-1,1404.0,525.5,20.8,59.7,0.608
122,-1,119.8,585.7,42.1,134.2,0.603
122,-1,1163.2,511.9,16.0,54.0,0.595
122,-1,125.5,576.9,34.6,93.5,0.408
122,-1,729.2,492.3,15.7,39.5,0.347
122,-1,1735.2,561.9,31.3,93.2,0.277
122,-1,579.3,520.9,18.4,61.2,0.262
122,-1,1295.7,529.1,23.8,71.3,0.242
122,-1,788.2,616.1,36.7,22.2,0.218
122,-1,0.0,561.9,33.5,77.9,0.208
122,-1,1296.3,527.5,19.1,43.3,0.199
122,-1,158.6,566.4,44.1,97.8,0.189
122,-1,1735.5,605.6,22.5,48.5,0.172
122,-1,1136.0,510.6,19.6,56.5,0.165
122,-1,1385.9,463.0,38.2,120.4,0.164
122,-1,1427.9,470.9,11.9,33.0,0.150
122,-1,823.5,470.9,12.8,24.6,0.119
122,-1,1278.6,646.5,61.8,100.5,0.089
122,-1,1023.0,500.6,8.8,25.3,0.087
122,-1,992.3,493.8,12.7,25.4,0.066
122,-1,1001.7,709.7,66.4,65.4,0.060
123,-1,1761.5,650.2,97.2,252.7,0.999
123,-1,195.8,584.5,45.8,152.6,0.996
123,-1,1463.2,520.2,24.6,65.4,0.995
123,-1,273.3,566.9,34.8,121.3,0.991
123,-1,131.9,605.1,49.2,132.4,0.986
123,-1,1435.2,526.5,14.9,55.2,0.982
123,-1,1738.7,554.1,43.5,118.4,0.966
123,-1,501.7,524.1,25.0,64.1,0.965
123,-1,84.6,606.0,39.5,131.8,0.961
123,-1,586.6,529.8,21.0,61.3,0.951
123,-1,1402.0,525.9,21.3,60.9,0.945
123,-1,52.9,609.2,36.6,109.2,0.944
123,-1,1069.9,503.4,15.9,42.7,0.937
123,-1,154.3,558.2,44.1,66.3,0.917
123,-1,1124.2,516.6,18.4,50.8,0.870
123,-1,0.0,577.8,39.2,176.4,0.852
123,-1,1418.1,532.5,24.1,52.6,0.808
123,-1,574.6,526.0,15.5,56.4,0.781
123,-1,796.8,507.6,14.2,31.2,0.775
123,-1,110.1,582.0,41.9,137.8,0.741
123,-1,1130.1,515.9,21.3,52.0,0.708
123,-1,1274.3,523.4,19.2,50.3,0.667
123,-1,1259.7,524.5,16.5,45.1,0.540
123,-1,577.8,528.2,23.9,62.5,0.491
123,-1,1293.6,529.3,19.0,43.0,0.430
123,-1,1160.4,515.0,14.4,51.9,0.422
123,-1,1275.7,650.7,67.5,98.6,0.360
123,-1,821.1,473.9,15.8,25.9,0.315
123,-1,1145.4,502.9,23.5,57.7,0.254
123,-1,551.4,530.7,11.1,46.6,0.197
123,-1,1300.5,525.2,18.2,45.1,0.141
123,-1,822.7,469.2,11.7,19.7,0.119
123,-1,784.1,616.2,29.2,20.1,0.119
123,-1,1051.7,499.8,16.6,37.2,0.115
123,-1,820.0,470.9,11.9,24.7,0.110
123,-1,919.7,470.7,11.8,28.3,0.108
123,-1,1732.9,583.8,25.5,72.2,0.108
123,-1,1425.6,472.2,10.6,31.4,0.082
123,-1,114.3,577.0,41.9,79.3,0.076
123,-1,1753.6,576.1,34.6,111.1,0.075
123,-1,791.2,615.4,35.3,23.5,0.070
123,-1,995.7,714.6,74.7,62.0,0.064
124,-1,1765.6,648.9,95.5,258.7,0.999
124,-1,185.9,585.7,46.2,152.8,0.997
124,-1,1458.3,520.8,23.8,64.7,0.992
124,-1,260.3,564.8,39.5,125.4,0.991
124,-1,1737.4,554.0,44.6,119.6,0.985
124,-1,1430.9,526.0,14.4,56.8,0.978
124,-1,117.5,601.0,54.2,138.3,0.977
124,-1,71.6,607.8,42.0,131.4,0.969
124,-1,497.1,528.2,23.2,59.7,0.966
124,-1,581.4,529.9,20.5,61.3,0.965
124,-1,45.4,610.7,31.9,115.5,0.943
124,-1,1399.9,527.9,17.3,57.1,0.936
124,-1,1065.7,504.3,15.2,40.8,0.932
124,-1,1412.2,532.2,25.1,54.1,0.894
124,-1,1120.2,512.2,20.6,56.2,0.893
124,-1,791.2,507.4,12.6,31.9,0.869
124,-1,144.4,559.6,39.0,68.3,0.822
124,-1,0.1,586.9,28.5,169.7,0.809
124,-1,1269.9,523.9,18.8,49.5,0.790
124,-1,569.3,526.4,15.7,54.0,0.643
124,-1,100.9,582.5,40.4,140.2,0.607
124,-1,1255.1,524.6,14.9,42.5,0.598
124,-1,1156.5,512.1,17.3,54.3,0.576
124,-1,520.4,527.3,14.7,47.4,0.451
124,-1,1129.8,514.3,18.7,53.9,0.429
124,-1,86.5,597.4,44.8,137.0,0.355
124,-1,574.1,527.1,20.8,59.8,0.321
124,-1,1293.7,524.0,19.6,46.4,0.287
124,-1,544.6,530.3,13.3,52.8,0.218
124,-1,720.8,492.1,15.3,40.0,0.193
124,-1,819.5,469.5,11.5,18.7,0.192
124,-1,1404.9,530.5,23.4,54.7,0.175
124,-1,539.7,527.7,14.3,51.2,0.164
124,-1,1141.5,503.1,22.2,53.1,0.161
124,-1,817.4,471.7,15.1,27.5,0.155
124,-1,988.7,713.6,68.2,63.8,0.142
124,-1,778.4,618.5,24.4,19.3,0.129
124,-1,1420.7,471.2,11.4,32.7,0.128
124,-1,1056.3,502.0,14.2,41.3,0.103
124,-1,107.4,589.5,42.4,88.4,0.099
124,-1,781.6,616.0,35.0,23.4,0.089
124,-1,797.2,615.6,29.8,23.8,0.067
124,-1,1385.6,460.6,39.1,95.6,0.051
125,-1,1769.5,649.2,101.7,261.8,0.999
125,-1,175.6,586.2,45.4,153.0,0.997
125,-1,249.8,564.9,40.7,125.6,0.992
125,-1,1453.8,519.7,23.4,66.1,0.992
125,-1,1735.0,556.1,46.1,117.7,0.984
125,-1,110.1,605.1,53.9,142.1,0.983
125,-1,1425.4,525.1,15.9,57.2,0.971
125,-1,490.4,524.5,23.3,63.1,0.965
125,-1,60.1,608.7,40.6,130.4,0.959
125,-1,573.8,528.7,23.1,62.8,0.949
125,-1,1062.0,503.4,15.1,41.8,0.908
125,-1,137.3,559.6,39.5,73.3,0.905
125,-1,33.9,611.4,32.1,111.3,0.895
125,-1,1395.6,528.9,18.9,55.4,0.885
125,-1,785.7,507.6,12.9,31.2,0.877
125,-1,1117.1,512.7,19.3,53.9,0.815
125,-1,1265.7,522.0,19.0,52.5,0.787
125,-1,1406.6,531.3,24.6,52.8,0.753
125,-1,0.1,603.7,22.6,134.4,0.715
125,-1,1250.5,524.1,15.4,43.5,0.701
125,-1,564.8,524.7,15.5,56.9,0.659
125,-1,89.7,580.5,40.8,145.2,0.583
125,-1,1126.8,515.8,18.0,51.4,0.546
125,-1,1137.3,498.5,24.4,56.2,0.430
125,-1,716.9,492.6,15.3,39.4,0.428
125,-1,540.3,530.2,11.6,48.1,0.343
125,-1,1287.6,530.8,23.8,72.8,0.340
125,-1,512.6,527.3,14.6,48.9,0.329
125,-1,92.5,580.8,39.4,72.7,0.319
125,-1,1727.8,557.9,37.4,99.7,0.300
125,-1,1144.8,506.9,19.2,57.6,0.216
125,-1,1152.1,513.9,15.6,51.3,0.181
125,-1,1288.3,521.2,18.6,47.9,0.130
125,-1,773.9,615.4,28.2,20.5,0.128
125,-1,0.0,542.8,20.7,281.8,0.121
125,-1,813.9,470.5,11.1,24.9,0.108
125,-1,982.9,720.0,59.6,58.9,0.083
125,-1,1727.7,597.5,24.1,58.7,0.078
125,-1,1415.5,468.7,13.4,34.6,0.074
125,-1,102.0,589.0,45.9,79.2,0.070
125,-1,41.3,523.3,1387.9,508.4,0.057
126,-1,1771.6,649.8,104.3,264.7,0.999
126,-1,163.9,588.5,47.9,153.9,0.994
126,-1,1449.8,519.2,24.1,67.7,0.992
126,-1,1735.6,563.6,43.1,110.9,0.982
126,-1,242.2,563.6,40.7,129.4,0.982
126,-1,1422.4,525.9,16.4,57.7,0.981
126,-1,484.7,526.2,24.0,63.2,0.980
126,-1,97.3,607.7,54.1,130.1,0.975
126,-1,570.0,528.8,21.3,64.2,0.965
126,-1,45.6,615.1,41.4,130.1,0.959
126,-1,781.7,507.2,12.1,32.1,0.913
126,-1,1400.6,532.3,28.6,54.9,0.911
126,-1,1058.9,504.5,14.3,42.0,0.904
126,-1,22.9,612.6,32.3,114.9,0.889
126,-1,559.0,526.2,16.4,58.6,0.876
126,-1,124.6,562.9,36.9,77.2,0.874
126,-1,1393.2,529.1,22.6,56.3,0.828
126,-1,1113.8,510.7,23.7,56.7,0.825
126,-1,1262.8,517.3,19.3,57.6,0.599
126,-1,79.7,583.7,39.9,127.4,0.561
126,-1,1149.9,515.2,15.9,50.8,0.509
126,-1,195.4,593.6,20.5,110.1,0.484
126,-1,1247.4,523.4,14.3,41.1,0.484
126,-1,507.8,526.9,14.6,50.9,0.383
126,-1,0.0,609.5,15.0,147.8,0.343
126,-1,810.9,472.0,12.6,24.5,0.320
126,-1,769.0,616.7,28.6,20.3,0.299
126,-1,976.5,712.7,69.6,68.3,0.276
126,-1,1725.9,562.0,32.5,93.4,0.212
126,-1,535.4,529.7,11.6,52.3,0.188
126,-1,69.6,600.0,40.4,132.7,0.172
126,-1,115.9,572.2,46.0,119.8,0.148
126,-1,812.5,468.8,9.2,17.7,0.145
126,-1,1133.7,501.1,23.4,48.3,0.130
126,-1,1143.5,507.7,19.0,57.0,0.128
126,-1,712.6,494.4,13.7,36.9,0.127
126,-1,91.0,592.9,50.2,94.8,0.116
126,-1,907.7,470.2,11.7,29.1,0.067
127,-1,1778.8,654.3,105.1,262.4,0.999
127,-1,154.8,593.2,43.1,154.5,0.993
127,-1,86.1,607.8,54.2,131.2,0.992
127,-1,235.5,569.8,40.5,125.0,0.991
127,-1,1418.4,525.6,17.2,58.1,0.985
127,-1,563.1,527.5,20.8,66.5,0.981
127,-1,1444.9,519.9,24.7,69.0,0.981
127,-1,1054.7,505.5,14.5,42.6,0.975
127,-1,479.4,528.1,23.3,62.3,0.966
127,-1,35.9,615.8,43.3,131.4,0.963
127,-1,1728.2,555.4,48.6,116.2,0.957
127,-1,120.5,563.4,34.0,88.3,0.895
127,-1,1117.5,515.6,21.6,53.8,0.879
127,-1,8.5,618.0,34.6,111.8,0.865
127,-1,1109.8,509.4,18.4,59.3,0.864
127,-1,775.5,510.3,14.4,31.2,0.841
127,-1,1150.1,522.1,14.1,44.7,0.779
127,-1,1259.4,523.1,16.8,51.5,0.703
127,-1,1144.5,512.5,17.1,54.8,0.662
127,-1,181.7,592.4,24.7,118.7,0.644
127,-1,67.4,588.3,41.8,143.7,0.560
127,-1,504.8,528.4,14.8,49.4,0.549
127,-1,1390.5,529.1,29.1,57.1,0.485
127,-1,1241.9,524.6,16.0,46.1,0.479
127,-1,1390.8,528.3,20.9,40.3,0.439
127,-1,71.5,583.3,37.5,72.9,0.391
127,-1,1129.6,502.9,19.7,47.0,0.309
127,-1,807.9,473.5,11.1,24.0,0.294
127,-1,1278.6,534.9,25.0,72.2,0.217
127,-1,1411.2,472.1,10.9,32.1,0.197
127,-1,495.4,529.1,15.3,54.1,0.113
127,-1,184.5,588.6,20.3,59.0,0.111
127,-1,706.3,496.0,16.6,39.7,0.096
127,-1,971.1,721.2,47.6,60.1,0.091
127,-1,767.6,617.7,31.4,20.8,0.080
127,-1,1233.6,530.5,12.8,33.3,0.062
127,-1,530.0,531.8,10.8,56.5,0.052
127,-1,1374.1,461.0,36.5,98.4,0.052
128,-1,1780.8,657.3,106.8,263.1,0.999
128,-1,226.1,570.8,40.7,125.8,0.992
128,-1,1439.9,519.5,25.3,69.4,0.992
128,-1,141.9,593.2,45.6,155.9,0.991
128,-1,1413.9,526.0,17.2,59.1,0.990
128,-1,74.9,609.0,55.5,140.8,0.989
128,-1,474.1,527.6,23.1,62.7,0.988
128,-1,1729.7,556.3,43.4,118.2,0.981
128,-1,553.9,528.6,25.7,67.2,0.962
128,-1,23.9,616.7,44.4,130.5,0.951
128,-1,1050.9,507.2,14.8,39.5,0.909
128,-1,1385.9,529.5,27.5,57.3,0.892
128,-1,110.6,564.4,32.7,83.3,0.888
128,-1,1107.1,507.9,21.4,60.8,0.832
128,-1,0.0,616.6,31.6,112.7,0.799
128,-1,770.8,510.2,13.7,30.4,0.787
128,-1,1127.2,499.2,23.8,60.6,0.785
128,-1,1254.3,521.9,17.3,52.7,0.707
128,-1,169.2,591.8,27.9,121.5,0.561
128,-1,497.0,530.3,16.7,48.3,0.557
128,-1,55.3,582.1,41.9,149.4,0.553
128,-1,1145.1,523.4,13.6,42.8,0.528
128,-1,1236.4,525.2,18.6,45.0,0.436
128,-1,1136.9,508.2,17.4,58.5,0.389
128,-1,176.4,587.7,18.1,43.5,0.340
128,-1,1116.2,512.7,18.8,55.8,0.327
128,-1,55.0,610.0,26.6,125.9,0.197
128,-1,525.0,529.9,11.9,62.5,0.154
128,-1,1721.0,553.7,27.9,100.4,0.137
128,-1,963.4,714.6,67.7,69.6,0.095
128,-1,801.6,474.5,12.9,22.9,0.089
128,-1,999.4,503.6,9.3,23.7,0.086
128,-1,487.9,528.5,15.4,56.6,0.071
128,-1,763.5,617.4,27.9,21.1,0.050
129,-1,1787.8,655.6,107.5,270.5,0.999
129,-1,62.9,609.5,57.5,143.1,0.994
129,-1,130.1,596.7,45.0,156.8,0.992
129,-1,1435.1,519.9,25.3,68.5,0.991
129,-1,1728.6,556.4,42.6,118.5,0.987
129,-1,1409.6,526.7,17.6,57.9,0.987
129,-1,216.9,570.4,41.4,127.9,0.982
129,-1,473.1,525.4,20.4,66.2,0.966
129,-1,552.3,529.5,23.0,66.5,0.963
129,-1,11.3,618.4,43.9,129.9,0.907
129,-1,102.7,565.5,31.3,96.3,0.890
129,-1,1047.3,506.3,14.0,41.3,0.887
129,-1,1108.8,514.1,22.3,55.3,0.870
129,-1,1382.4,531.7,26.1,55.6,0.866
129,-1,1101.8,507.3,20.7,62.4,0.834
129,-1,1250.0,521.1,18.3,54.4,0.827
129,-1,1139.2,514.8,14.1,51.4,0.795
129,-1,493.4,527.9,14.6,51.2,0.777
129,-1,765.2,510.1,14.7,30.6,0.777
129,-1,1123.5,498.4,23.2,60.9,0.757
129,-1,544.5,524.0,15.1,68.7,0.700
129,-1,1283.0,531.6,22.5,74.4,0.640
129,-1,0.0,619.9,18.2,115.8,0.597
129,-1,1230.5,523.6,18.8,50.2,0.581
129,-1,43.3,584.0,43.4,153.1,0.577
129,-1,798.0,473.1,13.0,25.1,0.433
129,-1,167.9,588.3,17.4,53.8,0.405
129,-1,44.1,587.6,43.3,71.0,0.400
129,-1,162.6,599.6,24.5,110.8,0.391
129,-1,1382.8,529.1,18.4,39.4,0.320
129,-1,1405.6,473.3,10.3,30.4,0.314
129,-1,481.9,523.6,17.3,62.4,0.312
129,-1,1718.5,558.8,36.9,97.1,0.295
129,-1,33.3,601.8,38.4,138.8,0.180
129,-1,1365.9,463.0,37.5,113.3,0.078
129,-1,698.5,496.9,16.4,38.3,0.064
129,-1,518.8,530.4,12.2,62.1,0.054
129,-1,963.8,717.0,76.0,67.5,0.052
130,-1,1790.6,655.6,113.4,278.0,0.999
130,-1,1404.5,527.6,19.3,61.0,0.996
130,-1,1431.5,519.8,25.3,71.3,0.993
130,-1,117.9,598.7,47.9,159.0,0.991
130,-1,51.0,613.4,55.6,146.0,0.989
130,-1,210.0,574.2,40.9,126.4,0.986
130,-1,1724.0,554.7,45.1,119.8,0.983
130,-1,468.4,529.3,19.7,63.3,0.972
130,-1,544.5,529.5,23.5,68.4,0.953
130,-1,1.1,619.8,42.6,133.8,0.951
130,-1,1245.6,522.2,19.6,54.1,0.917
130,-1,1042.9,507.8,14.7,38.4,0.911
130,-1,1381.1,529.8,22.6,58.4,0.902
130,-1,92.1,566.5,34.0,110.7,0.879
130,-1,759.1,509.4,16.1,32.0,0.826
130,-1,1108.1,516.4,19.7,54.1,0.822
130,-1,1133.6,512.5,16.5,55.5,0.780
130,-1,539.2,528.4,14.2,64.9,0.765
130,-1,28.8,583.0,45.2,156.3,0.668
130,-1,488.1,530.6,13.7,49.7,0.663
130,-1,1098.0,512.2,17.3,56.2,0.605
130,-1,1120.9,502.3,19.2,52.2,0.528
130,-1,158.4,587.1,19.0,57.9,0.493
130,-1,1226.7,524.5,18.0,50.7,0.491
130,-1,143.9,594.1,34.1,131.6,0.282
130,-1,694.6,494.2,15.0,41.2,0.260
130,-1,513.6,527.4,14.6,67.4,0.245
130,-1,1402.3,472.5,10.3,32.0,0.233
130,-1,155.5,594.9,22.4,96.3,0.219
130,-1,794.6,473.8,10.7,24.4,0.213
130,-1,1366.6,527.1,14.7,52.1,0.157
130,-1,1103.5,512.1,18.0,54.0,0.115
130,-1,0.1,619.8,9.1,125.4,0.096
130,-1,1363.5,464.5,35.8,101.1,0.089
130,-1,1269.5,522.0,15.6,42.2,0.082
130,-1,1174.4,526.3,14.5,40.9,0.070
130,-1,1250.5,668.9,59.7,95.2,0.067
130,-1,1255.9,522.3,17.5,50.7,0.052
131,-1,1796.3,660.5,113.2,276.4,0.999
131,-1,1720.9,553.2,44.7,123.4,0.995
131,-1,1401.9,528.6,17.4,58.1,0.994
131,-1,1426.4,520.7,26.4,71.4,0.994
131,-1,200.4,571.5,41.1,130.7,0.994
131,-1,106.3,601.1,47.8,160.2,0.993
131,-1,40.6,611.5,55.7,145.8,0.989
131,-1,1238.2,520.7,23.0,55.7,0.973
131,-1,1376.4,529.5,22.5,60.0,0.972
131,-1,539.0,527.2,23.9,72.0,0.965
131,-1,457.8,528.6,20.6,63.3,0.956
131,-1,464.9,531.7,19.0,60.3,0.942
131,-1,1038.1,509.5,15.1,38.0,0.886
131,-1,0.0,621.8,26.2,130.9,0.878
131,-1,85.7,566.8,31.7,111.7,0.866
131,-1,1277.2,531.3,19.4,76.1,0.864
131,-1,17.6,585.8,47.2,154.5,0.815
131,-1,753.6,510.2,16.5,31.5,0.813
131,-1,1103.7,517.5,19.6,53.0,0.778
131,-1,481.8,529.7,14.9,50.7,0.628
131,-1,1134.1,518.6,12.2,47.4,0.603
131,-1,19.6,584.1,43.0,83.5,0.576
131,-1,1094.7,508.8,16.9,60.4,0.566
131,-1,1117.1,501.8,21.6,55.9,0.546
131,-1,1259.8,522.9,16.3,43.7,0.501
131,-1,1222.3,525.6,18.1,48.4,0.325
131,-1,144.3,596.7,25.4,109.7,0.316
131,-1,1097.0,505.3,14.7,39.5,0.297
131,-1,1126.5,505.8,14.6,56.1,0.292
131,-1,963.4,496.9,11.3,25.1,0.276
131,-1,1359.6,530.2,17.6,58.2,0.238
131,-1,1346.1,524.6,17.2,54.5,0.229
131,-1,4.7,616.8,39.5,134.8,0.133
131,-1,748.5,617.1,31.5,22.5,0.121
131,-1,1273.2,533.9,20.5,38.7,0.103
131,-1,690.8,496.5,15.1,39.6,0.102
131,-1,129.3,604.8,30.1,116.0,0.074
131,-1,1351.9,526.0,16.5,57.7,0.072
131,-1,1249.3,657.5,64.8,102.7,0.063
131,-1,1397.7,472.0,10.9,32.9,0.059
132,-1,1800.6,661.1,116.7,285.2,0.999
132,-1,1397.1,526.6,18.9,61.0,0.995
132,-1,94.4,599.8,47.3,164.6,0.993
132,-1,191.8,574.4,41.2,127.6,0.993
132,-1,1720.9,556.6,41.6,120.4,0.990
132,-1,1422.3,520.3,26.8,69.7,0.990
132,-1,27.3,611.5,58.3,148.9,0.987
132,-1,533.0,527.0,25.1,72.2,0.974
132,-1,455.4,529.3,20.7,64.6,0.968
132,-1,1373.5,531.4,20.2,56.6,0.938
132,-1,75.5,565.0,31.8,123.6,0.895
132,-1,1235.5,523.4,19.3,49.8,0.882
132,-1,4.4,584.7,46.8,158.0,0.869
132,-1,1034.3,507.4,14.7,40.9,0.849
132,-1,748.7,509.8,16.4,31.7,0.840
132,-1,1271.4,534.7,21.0,71.6,0.809
132,-1,1101.4,518.2,19.9,53.1,0.785
132,-1,1394.5,472.7,10.7,31.6,0.657
132,-1,1090.2,508.8,17.8,60.3,0.643
132,-1,136.2,590.4,24.9,117.6,0.606
132,-1,1218.2,527.2,20.7,46.3,0.525
132,-1,1128.5,513.3,14.3,54.4,0.509
132,-1,477.5,529.7,14.3,51.6,0.480
132,-1,1115.3,503.6,20.5,52.7,0.402
132,-1,0.0,619.3,15.5,135.8,0.323
132,-1,502.5,528.5,13.5,66.1,0.231
132,-1,787.1,473.3,11.7,26.7,0.113
132,-1,55.8,584.9,25.4,57.1,0.104
132,-1,1251.1,523.8,21.6,48.4,0.100
132,-1,115.1,602.5,32.5,129.6,0.084
132,-1,1241.5,525.0,21.7,48.9,0.084
132,-1,749.6,616.7,29.4,22.7,0.076
132,-1,78.0,577.7,42.8,148.2,0.076
132,-1,939.5,719.3,63.4,69.9,0.074
132,-1,686.7,495.5,17.7,41.3,0.072
132,-1,1385.3,463.7,15.7,39.3,0.063
132,-1,956.0,495.8,13.6,25.6,0.060
132,-1,1359.3,530.8,14.7,48.7,0.053
132,-1,3.4,522.0,1349.0,393.4,0.052
133,-1,1804.6,666.0,115.4,294.0,0.999
133,-1,82.6,602.1,48.6,165.4,0.995
133,-1,1392.6,525.9,18.4,60.3,0.993
133,-1,1417.9,521.5,26.7,67.8,0.993
133,-1,1718.0,558.4,43.5,120.2,0.993
133,-1,183.6,573.6,41.5,131.7,0.989
133,-1,16.5,617.1,56.4,146.7,0.986
133,-1,527.1,529.1,26.2,70.7,0.985
133,-1,446.7,531.5,24.7,63.0,0.969
133,-1,1369.3,530.9,20.4,58.2,0.932
133,-1,66.7,568.5,31.0,95.7,0.906
133,-1,1100.5,519.4,17.5,52.1,0.905
133,-1,1268.9,533.3,22.6,73.6,0.874
133,-1,0.0,587.4,40.6,163.0,0.874
133,-1,1232.6,523.8,19.0,51.2,0.871
133,-1,1030.5,506.7,15.0,39.5,0.821
133,-1,1127.2,519.2,13.6,47.9,0.748
133,-1,743.2,509.5,16.9,32.7,0.744
133,-1,470.5,531.3,15.2,52.2,0.743
133,-1,1086.7,517.5,17.2,52.7,0.562
133,-1,1391.4,473.7,11.1,29.1,0.526
133,-1,524.8,527.5,15.3,67.5,0.504
133,-1,1086.9,504.9,15.8,45.1,0.482
133,-1,1121.5,511.3,15.7,56.9,0.427
133,-1,785.4,473.7,10.2,24.3,0.306
133,-1,0.0,619.1,24.6,131.8,0.252
133,-1,1215.8,527.3,17.2,44.1,0.242
133,-1,0.0,587.8,43.1,77.3,0.235
133,-1,1355.8,526.8,14.2,57.9,0.211
133,-1,952.4,495.7,13.8,27.0,0.161
133,-1,497.1,530.6,12.8,62.9,0.154
133,-1,1344.1,519.8,19.0,62.8,0.147
133,-1,1108.8,506.6,16.8,41.6,0.118
133,-1,128.2,593.2,23.6,114.3,0.096
133,-1,66.5,575.6,40.5,152.0,0.086
133,-1,933.9,727.6,59.2,64.1,0.082
133,-1,1591.4,571.3,39.3,92.1,0.074
133,-1,945.5,725.2,81.1,63.9,0.064
133,-1,48.4,577.8,37.7,112.5,0.058
133,-1,1305.4,453.4,56.2,132.9,0.055
134,-1,1808.8,668.9,111.2,296.2,0.999
134,-1,69.1,605.1,50.9,165.5,0.994
134,-1,1413.4,521.6,28.1,68.3,0.993
134,-1,173.9,578.9,41.3,130.7,0.991
134,-1,1711.6,553.9,48.1,124.8,0.991
134,-1,1388.6,526.6,17.8,58.8,0.990
134,-1,3.6,618.2,59.9,152.4,0.985
134,-1,522.1,528.0,26.4,74.3,0.982
134,-1,1363.2,531.1,21.9,58.9,0.965
134,-1,440.1,533.6,22.9,62.1,0.964
134,-1,1025.4,507.5,15.7,41.1,0.917
134,-1,58.3,571.5,31.5,74.6,0.903
134,-1,1268.1,530.1,20.4,79.7,0.893
134,-1,1588.9,573.4,39.2,88.5,0.841
134,-1,1096.4,521.2,17.3,50.5,0.813
134,-1,0.0,586.7,29.5,172.8,0.780
134,-1,1123.0,519.6,13.2,47.9,0.739
134,-1,449.7,535.4,16.7,60.1,0.702
134,-1,1082.5,504.8,18.1,63.1,0.665
134,-1,1227.2,525.6,18.1,47.6,0.621
134,-1,1350.6,532.6,17.2,54.4,0.561
134,-1,737.8,511.5,17.2,31.8,0.549
134,-1,1387.6,473.5,10.4,29.8,0.422
134,-1,1105.3,503.4,19.8,49.4,0.412
134,-1,677.6,495.4,18.0,43.8,0.340
134,-1,0.0,581.8,14.7,176.2,0.331
134,-1,1116.3,509.8,13.0,50.2,0.259
134,-1,1211.9,526.3,16.4,41.8,0.247
134,-1,950.5,495.6,12.8,27.6,0.236
134,-1,51.7,568.1,38.4,127.9,0.199
134,-1,464.1,533.6,15.0,50.7,0.196
134,-1,1352.3,464.7,29.1,69.2,0.180
134,-1,1255.5,544.4,23.4,66.4,0.139
134,-1,778.4,475.4,12.0,23.9,0.130
134,-1,976.4,503.8,9.3,25.6,0.113
134,-1,864.6,475.3,9.8,35.7,0.093
134,-1,1069.1,736.9,39.8,37.9,0.079
134,-1,0.0,584.1,21.9,82.1,0.064
134,-1,958.7,455.5,10.7,26.7,0.051
135,-1,1814.6,668.9,105.4,299.7,0.999
135,-1,166.3,578.2,39.9,132.0,0.994
135,-1,55.8,608.2,51.5,164.0,0.994
135,-1,1408.9,521.2,27.6,67.7,0.990
135,-1,516.1,527.0,26.7,75.3,0.986
135,-1,0.6,619.3,50.0,154.8,0.985
135,-1,1708.9,553.9,47.9,123.6,0.984
135,-1,1384.4,526.0,18.3,57.9,0.979
135,-1,1582.9,570.2,42.1,92.1,0.941
135,-1,433.6,534.0,22.6,61.7,0.941
135,-1,1259.5,532.4,25.4,77.1,0.919
135,-1,1356.2,531.1,22.3,58.4,0.902
135,-1,47.1,571.8,32.6,90.2,0.868
135,-1,1021.9,508.7,15.0,39.2,0.781
135,-1,1092.1,521.3,17.8,49.1,0.751
135,-1,1224.5,528.0,17.4,46.3,0.557
135,-1,1078.9,515.9,16.4,55.4,0.542
135,-1,673.4,493.9,16.8,44.6,0.342
135,-1,1115.9,514.1,14.5,53.3,0.340
135,-1,1383.6,471.6,11.9,31.8,0.331
135,-1,1099.7,506.5,19.7,45.9,0.270
135,-1,26.2,588.1,26.0,74.8,0.263
135,-1,1206.1,527.3,16.2,40.8,0.261
135,-1,1344.7,527.4,19.3,64.2,0.254
135,-1,732.6,510.9,17.1,31.5,0.252
135,-1,1108.0,504.9,16.5,49.6,0.214
135,-1,0.3,615.3,22.0,161.0,0.144
135,-1,91.5,630.0,20.6,86.5,0.104
135,-1,860.4,474.3,9.6,36.0,0.093
135,-1,872.5,473.9,10.6,27.0,0.093
135,-1,1081.4,507.9,16.2,44.4,0.092
135,-1,0.0,604.3,21.8,50.8,0.080
135,-1,946.9,496.1,12.8,24.9,0.060
135,-1,920.6,727.7,61.0,64.1,0.060
136,-1,1818.1,668.2,101.9,303.4,0.999
136,-1,40.6,603.9,55.8,172.7,0.994
136,-1,511.6,526.1,25.7,75.4,0.989
136,-1,158.4,577.2,39.1,134.6,0.988
136,-1,1380.3,525.1,18.8,59.5,0.987
136,-1,0.0,620.4,38.7,151.2,0.987
136,-1,1707.7,552.7,49.3,123.8,0.983
136,-1,1403.8,521.0,28.6,67.2,0.980
136,-1,1579.9,567.0,42.1,96.7,0.961
136,-1,428.0,534.1,22.6,61.1,0.925
136,-1,1256.8,533.9,25.0,73.5,0.896
136,-1,1017.4,506.0,15.9,40.2,0.862
136,-1,38.8,571.5,35.5,69.0,0.851
136,-1,1351.2,526.2,23.1,63.0,0.834
136,-1,437.6,534.9,16.5,60.7,0.787
136,-1,1089.9,520.2,15.9,47.2,0.778
136,-1,1341.5,523.8,17.8,62.5,0.586
136,-1,476.2,525.5,19.1,72.8,0.488
136,-1,870.4,474.8,10.3,26.4,0.472
136,-1,31.8,572.3,41.6,116.3,0.457
136,-1,1341.0,458.7,40.9,128.1,0.451
136,-1,1112.0,513.6,15.4,52.9,0.449
136,-1,1219.1,525.3,18.6,49.6,0.448
136,-1,669.0,494.0,16.5,43.8,0.319
136,-1,1075.9,508.8,18.8,54.5,0.277
136,-1,772.8,473.0,10.2,25.2,0.271
136,-1,1204.5,525.4,17.6,48.6,0.262
136,-1,451.4,530.6,15.5,52.6,0.187
136,-1,1107.1,506.7,15.4,54.2,0.182
136,-1,727.2,510.8,16.8,30.5,0.153
136,-1,721.9,476.7,11.4,20.7,0.121
136,-1,1228.7,535.0,16.8,38.1,0.115
136,-1,1380.6,470.2,11.4,32.0,0.104
136,-1,1093.6,512.1,17.9,50.9,0.096
136,-1,691.3,472.3,13.8,18.9,0.092
136,-1,1096.9,506.6,15.5,39.4,0.092
136,-1,730.3,472.5,13.9,37.0,0.081
136,-1,940.5,495.7,13.0,26.9,0.059
137,-1,1825.6,678.1,94.4,301.6,0.999
137,-1,30.5,608.1,52.4,171.0,0.994
137,-1,147.4,577.9,41.1,134.8,0.991
137,-1,1376.7,525.8,17.8,58.9,0.989
137,-1,506.1,527.1,26.3,74.3,0.985
137,-1,1708.7,560.3,48.2,117.0,0.983
137,-1,0.1,624.1,23.0,148.7,0.979
137,-1,1576.3,563.5,40.7,99.2,0.979
137,-1,1399.1,522.0,28.3,67.1,0.970
137,-1,1350.5,528.5,21.8,60.3,0.942
137,-1,421.9,532.9,24.1,63.0,0.914
137,-1,1013.8,508.2,15.2,38.7,0.886
137,-1,1255.2,533.1,24.1,77.4,0.873
137,-1,30.8,574.3,30.4,61.6,0.828
137,-1,1111.5,517.2,14.0,49.0,0.672
137,-1,1213.0,523.3,20.4,52.9,0.653
137,-1,1377.6,470.6,11.6,33.4,0.433
137,-1,1334.4,533.5,19.7,52.0,0.404
137,-1,1084.9,520.8,18.1,49.4,0.378
137,-1,1095.0,499.0,20.2,53.5,0.331
137,-1,1200.7,526.7,18.3,48.0,0.285
137,-1,1072.8,509.8,20.3,49.4,0.258
137,-1,25.6,580.0,44.6,136.8,0.220
137,-1,722.9,510.4,16.3,31.6,0.217
137,-1,1090.1,507.5,17.2,42.6,0.175
137,-1,715.7,616.4,31.4,22.2,0.162
137,-1,666.3,496.5,14.6,40.5,0.162
137,-1,1226.7,538.7,17.0,35.2,0.157
137,-1,937.4,496.3,13.5,26.6,0.144
137,-1,1359.0,526.2,16.0,58.8,0.131
137,-1,1103.9,508.4,14.9,54.8,0.128
137,-1,1334.2,461.1,42.7,116.3,0.122
137,-1,866.5,474.7,10.2,25.9,0.118
137,-1,907.4,726.9,48.8,64.3,0.116
137,-1,1073.0,506.6,15.1,36.4,0.106
137,-1,765.8,473.8,12.2,26.7,0.083
137,-1,852.7,474.5,11.2,37.5,0.078
137,-1,442.4,529.1,16.8,57.0,0.076
137,-1,474.3,532.5,12.5,62.3,0.051
138,-1,1832.2,684.3,87.8,299.4,0.999
138,-1,1574.4,554.0,40.7,109.6,0.994
138,-1,16.5,604.0,57.2,175.3,0.992
138,-1,1396.4,521.6,27.2,67.5,0.991
138,-1,502.5,526.7,27.5,75.5,0.987
138,-1,140.0,574.3,40.7,138.3,0.985
138,-1,1373.1,524.3,17.7,60.2,0.984
138,-1,1706.4,560.5,49.0,116.5,0.981
138,-1,416.4,529.3,21.4,67.1,0.943
138,-1,1010.7,506.9,15.1,40.4,0.926
138,-1,1345.8,531.0,20.8,56.9,0.884
138,-1,1252.7,532.5,25.1,78.5,0.878
138,-1,1210.1,526.5,20.8,48.5,0.847
138,-1,427.1,534.6,16.9,61.7,0.815
138,-1,22.9,572.3,31.8,71.4,0.716
138,-1,1083.2,521.3,17.3,48.3,0.703
138,-1,1069.4,505.6,17.4,56.1,0.682
138,-1,1106.7,517.2,14.6,50.8,0.642
138,-1,0.0,616.8,10.7,168.4,0.641
138,-1,1334.2,532.3,15.2,51.7,0.497
138,-1,465.2,524.9,19.7,73.1,0.454
138,-1,662.4,495.0,15.4,41.9,0.427
138,-1,1359.1,524.4,11.6,51.3,0.372
138,-1,720.0,510.8,12.7,30.7,0.329
138,-1,1197.5,526.0,16.6,46.9,0.307
138,-1,0.0,582.8,17.3,143.8,0.281
138,-1,1088.9,505.1,19.5,50.4,0.256
138,-1,1190.5,531.8,10.7,34.1,0.242
138,-1,1254.1,533.0,21.0,42.6,0.237
138,-1,1099.4,505.5,17.0,61.0,0.226
138,-1,1193.5,526.5,12.9,42.7,0.117
138,-1,763.0,472.7,11.4,24.0,0.116
138,-1,437.7,530.7,15.3,53.1,0.108
138,-1,934.7,495.0,13.2,27.6,0.096
138,-1,1230.3,526.2,17.5,44.7,0.094
138,-1,1219.5,527.5,18.6,46.5,0.088
138,-1,713.4,615.1,30.8,22.8,0.085
138,-1,155.6,584.7,24.2,111.6,0.083
138,-1,0.0,594.3,24.0,189.1,0.081
138,-1,1696.6,577.2,30.7,81.3,0.064
138,-1,1717.5,567.2,37.7,67.8,0.055
138,-1,910.6,722.3,75.9,66.5,0.054
138,-1,1337.9,461.3,40.0,115.1,0.051
139,-1,1836.9,688.0,83.1,296.1,0.999
139,-1,1569.7,556.7,38.2,105.5,0.996
139,-1,1368.4,523.8,18.9,61.1,0.990
139,-1,5.4,604.1,52.3,176.6,0.990
139,-1,1391.2,520.9,28.2,67.6,0.988
139,-1,497.3,527.7,27.3,73.7,0.985
139,-1,130.3,570.0,41.7,143.7,0.983
139,-1,1711.0,579.8,39.5,95.5,0.960
139,-1,411.7,532.1,23.6,62.9,0.943
139,-1,1007.1,506.2,14.9,39.6,0.906
139,-1,1340.3,530.8,23.3,57.6,0.906
139,-1,13.4,571.0,39.5,70.4,0.831
139,-1,1204.7,522.2,21.4,52.1,0.802
139,-1,1251.9,528.5,23.4,81.8,0.775
139,-1,719.5,472.0,15.1,34.4,0.733
139,-1,14.1,570.4,28.6,43.1,0.687
139,-1,1328.8,529.6,15.7,54.1,0.631
139,-1,1104.3,518.8,15.2,48.9,0.604
139,-1,1078.7,520.2,17.7,48.8,0.546
139,-1,1353.6,525.3,13.6,48.7,0.463
139,-1,1194.9,523.7,16.4,46.9,0.454
139,-1,1065.0,504.2,19.4,58.6,0.411
139,-1,1091.6,496.9,16.4,26.5,0.394
139,-1,1096.8,506.0,17.1,60.4,0.356
139,-1,1370.9,470.1,12.0,31.7,0.343
139,-1,1091.4,498.0,18.2,49.1,0.280
139,-1,1298.8,522.3,18.7,54.0,0.256
139,-1,1694.6,581.7,44.6,91.5,0.252
139,-1,1187.7,527.3,13.9,41.6,0.222
139,-1,1306.0,519.8,16.9,53.6,0.212
139,-1,1081.6,505.6,17.5,53.8,0.205
139,-1,1085.4,502.2,17.1,44.8,0.188
139,-1,1087.3,500.8,14.5,25.5,0.174
139,-1,656.8,491.0,16.7,44.4,0.160
139,-1,1334.1,460.8,40.0,97.6,0.142
139,-1,761.3,471.0,10.6,26.9,0.136
139,-1,1692.8,553.0,64.0,129.2,0.133
139,-1,1251.7,531.2,19.0,42.6,0.123
139,-1,760.8,469.3,9.7,18.4,0.121
139,-1,846.0,472.7,9.5,34.6,0.115
139,-1,712.3,509.4,15.8,28.7,0.107
139,-1,1068.4,517.5,22.0,49.5,0.104
139,-1,860.5,473.3,10.6,26.0,0.103
139,-1,1694.1,590.8,27.0,65.1,0.084
139,-1,0.0,582.4,16.6,130.0,0.083
139,-1,1066.4,504.8,15.9,24.6,0.063
139,-1,1037.1,732.1,47.2,45.2,0.062
139,-1,896.1,722.7,61.1,68.7,0.058
139,-1,36.1,606.3,21.5,33.4,0.058
140,-1,1842.1,684.3,77.8,306.5,0.999
140,-1,1566.3,552.5,38.7,111.3,0.993
140,-1,1386.7,521.7,28.5,67.2,0.992
140,-1,492.3,525.9,26.3,75.9,0.988
140,-1,1366.1,524.5,18.7,58.1,0.982
140,-1,0.2,597.9,46.8,188.3,0.977
140,-1,121.9,570.8,41.1,143.8,0.971
140,-1,1694.6,554.2,53.1,118.6,0.966
140,-1,406.7,532.7,25.5,62.7,0.959
140,-1,1002.8,504.8,16.4,41.4,0.956
140,-1,1247.8,530.9,24.8,78.1,0.867
140,-1,1076.4,520.6,17.7,49.5,0.805
140,-1,1199.4,518.9,23.7,55.0,0.784
140,-1,1337.5,527.8,23.4,59.6,0.765
140,-1,3.1,570.2,34.9,42.8,0.723
140,-1,1099.2,508.4,15.7,59.8,0.717
140,-1,453.0,525.2,21.4,70.7,0.692
140,-1,3.0,572.7,42.7,71.1,0.673
140,-1,1328.1,522.9,15.8,61.2,0.561
140,-1,433.1,528.8,13.6,53.2,0.507
140,-1,1081.2,495.1,23.0,59.6,0.426
140,-1,1061.9,506.8,17.9,58.3,0.380
140,-1,1349.8,526.1,15.0,50.5,0.337
140,-1,989.1,500.9,15.9,23.5,0.261
140,-1,1091.0,497.0,17.0,57.0,0.260
140,-1,1367.6,468.9,12.7,31.8,0.259
140,-1,646.9,481.1,19.5,53.8,0.220
140,-1,1188.0,523.6,19.5,49.2,0.210
140,-1,1078.8,501.8,17.4,42.1,0.208
140,-1,928.2,494.2,14.3,25.6,0.201
140,-1,977.9,500.9,12.3,24.8,0.197
140,-1,1062.5,503.6,15.3,27.3,0.170
140,-1,707.9,509.2,15.7,30.8,0.150
140,-1,856.6,473.1,11.1,26.5,0.149
140,-1,1287.6,515.2,19.4,56.3,0.133
140,-1,425.2,529.7,17.0,54.0,0.120
140,-1,755.3,469.9,12.0,28.9,0.114
140,-1,842.4,471.6,9.2,35.1,0.101
140,-1,1282.8,447.4,57.3,134.6,0.088
140,-1,757.4,468.0,10.2,19.9,0.087
140,-1,1031.9,736.3,43.6,38.3,0.074
140,-1,908.0,722.3,76.3,66.0,0.056
140,-1,1331.4,458.8,38.4,120.2,0.056
140,-1,0.0,599.6,16.1,177.1,0.050
141,-1,1849.2,689.8,70.8,296.7,0.997
141,-1,1564.4,550.9,34.8,110.7,0.992
141,-1,488.0,526.9,27.5,75.0,0.988
141,-1,1385.2,520.6,26.8,68.3,0.985
141,-1,1696.4,563.3,50.1,111.6,0.980
141,-1,1364.4,523.8,17.5,59.4,0.979
141,-1,0.2,605.2,35.1,183.0,0.966
141,-1,1000.7,504.9,15.1,42.3,0.952
141,-1,403.0,532.8,23.8,63.3,0.931
141,-1,1246.7,529.6,25.2,80.5,0.927
141,-1,111.3,581.9,44.4,134.8,0.868
141,-1,447.2,525.3,23.3,71.3,0.843
141,-1,0.2,574.5,41.5,59.5,0.827
141,-1,1074.4,521.1,16.6,46.7,0.815
141,-1,1335.5,527.6,17.8,54.0,0.736
141,-1,1199.3,519.3,21.5,53.7,0.720
141,-1,712.9,472.8,15.5,34.5,0.719
141,-1,1095.9,513.7,14.3,53.1,0.665
141,-1,426.0,529.9,15.9,53.4,0.658
141,-1,1346.2,527.2,15.6,52.1,0.654
141,-1,1082.4,497.2,20.4,50.2,0.484
141,-1,1084.2,497.4,18.6,27.5,0.398
141,-1,1.0,576.5,37.7,140.9,0.389
141,-1,1059.4,508.9,17.9,58.8,0.357
141,-1,417.0,532.0,16.8,55.0,0.269
141,-1,1077.9,501.5,17.6,38.7,0.203
141,-1,704.8,509.6,14.7,30.9,0.190
141,-1,1290.8,519.6,17.4,54.2,0.167
141,-1,649.5,488.9,16.8,46.9,0.162
141,-1,1185.9,523.4,19.7,48.9,0.147
141,-1,1059.8,503.6,16.3,33.7,0.139
141,-1,754.4,469.4,12.2,35.0,0.129
141,-1,1063.1,517.5,23.8,50.4,0.128
141,-1,840.5,473.5,9.5,34.7,0.122
141,-1,754.5,467.4,10.1,19.2,0.117
141,-1,1328.5,524.6,16.8,58.4,0.104
141,-1,701.7,611.6,30.1,20.9,0.102
141,-1,855.0,472.4,10.2,25.6,0.099
141,-1,1691.6,582.1,26.3,71.3,0.097
141,-1,924.3,493.2,13.0,27.9,0.093
141,-1,1280.4,447.1,56.4,135.0,0.088
141,-1,435.9,528.2,14.2,54.0,0.085
141,-1,887.7,728.7,56.7,63.0,0.066
141,-1,1100.2,514.8,15.4,52.3,0.064
141,-1,1027.2,737.5,44.3,38.4,0.052
142,-1,1856.9,704.0,63.1,254.0,0.997
142,-1,1561.1,549.8,39.0,112.7,0.994
142,-1,1702.2,569.0,43.2,105.2,0.987
142,-1,483.5,526.0,27.7,75.0,0.985
142,-1,1382.4,519.3,25.4,67.8,0.980
142,-1,1362.3,523.4,17.4,57.3,0.971
142,-1,446.5,526.5,21.3,74.0,0.939
142,-1,396.9,531.7,25.3,64.2,0.933
142,-1,1246.0,527.0,25.3,83.1,0.899
142,-1,997.2,504.2,16.8,41.0,0.892
142,-1,0.5,570.8,29.7,221.3,0.883
142,-1,1332.6,527.7,24.2,56.7,0.882
142,-1,440.8,526.4,16.9,61.9,0.876
142,-1,420.6,528.9,16.3,57.2,0.833
142,-1,1071.8,519.1,18.3,49.6,0.723
142,-1,1195.4,518.6,20.0,52.4,0.712
142,-1,1094.4,513.1,15.5,51.2,0.653
142,-1,1079.4,495.5,21.3,52.0,0.498
142,-1,106.8,582.9,41.4,133.2,0.470
142,-1,1056.9,503.7,18.5,59.2,0.451
142,-1,1327.6,457.9,31.8,73.4,0.388
142,-1,1080.6,494.3,20.2,28.5,0.354
142,-1,1087.4,501.0,18.0,63.4,0.344
142,-1,1076.9,499.6,18.4,33.2,0.272
142,-1,1057.3,502.5,15.0,25.0,0.208
142,-1,643.7,488.1,17.8,47.3,0.201
142,-1,700.7,508.8,15.5,31.8,0.198
142,-1,752.1,468.9,10.3,20.6,0.187
142,-1,1245.2,502.3,38.8,107.1,0.182
142,-1,849.4,472.9,13.2,28.3,0.172
142,-1,1283.5,516.1,19.6,58.8,0.164
142,-1,0.8,574.3,31.6,97.3,0.152
142,-1,1074.1,501.9,13.2,21.9,0.151
142,-1,923.0,494.8,13.1,24.6,0.151
142,-1,699.5,610.3,28.8,19.9,0.151
142,-1,1023.6,736.6,43.6,37.8,0.151
142,-1,1068.7,505.3,19.2,39.6,0.111
142,-1,1691.6,576.3,33.7,86.2,0.090
142,-1,752.7,469.4,11.1,34.1,0.085
142,-1,838.1,472.5,10.7,36.8,0.084
142,-1,1060.8,506.9,19.0,35.4,0.063
142,-1,1715.4,573.3,29.6,50.2,0.055
142,-1,1108.4,519.3,16.6,41.0,0.053
142,-1,1069.4,498.6,31.6,70.5,0.051
142,-1,1004.5,501.3,14.2,45.9,0.050
143,-1,1859.6,710.5,60.4,285.7,0.994
143,-1,1556.4,550.8,39.5,112.6,0.993
143,-1,1704.5,573.0,36.5,98.9,0.992
143,-1,97.0,571.5,42.0,144.2,0.986
143,-1,480.4,525.9,26.5,73.1,0.984
143,-1,1359.2,525.6,17.7,57.8,0.975
143,-1,1331.4,530.6,23.0,56.1,0.964
143,-1,391.9,532.6,24.6,61.7,0.946
143,-1,1379.4,520.3,23.9,66.5,0.939
143,-1,994.7,503.9,16.1,40.1,0.921
143,-1,437.1,522.8,24.8,71.4,0.917
143,-1,1244.5,527.4,22.8,85.1,0.912
143,-1,0.2,569.7,21.5,160.4,0.863
143,-1,1091.2,513.6,16.1,52.3,0.739
143,-1,415.1,528.1,16.8,55.3,0.720
143,-1,1076.9,495.7,22.6,66.0,0.643
143,-1,1053.8,505.5,19.8,62.1,0.639
143,-1,1068.9,516.0,17.2,51.0,0.638
143,-1,0.0,567.7,11.0,170.3,0.424
143,-1,693.5,506.8,18.1,32.4,0.375
143,-1,1074.3,497.4,17.1,26.8,0.270
143,-1,1694.2,576.1,33.1,92.2,0.251
143,-1,1073.6,499.4,17.6,53.0,0.243
143,-1,697.8,607.0,28.7,21.5,0.213
143,-1,644.3,490.4,13.8,43.7,0.192
143,-1,407.1,530.0,17.6,59.1,0.187
143,-1,1055.1,500.5,16.1,25.0,0.173
143,-1,747.9,466.5,12.1,31.2,0.164
143,-1,1283.6,516.5,17.1,57.9,0.140
143,-1,1706.3,573.2,36.6,51.2,0.119
143,-1,1016.3,734.7,46.4,39.9,0.085
143,-1,847.2,469.7,12.1,28.6,0.082
143,-1,922.3,493.1,12.5,26.1,0.078
143,-1,1277.6,526.8,15.8,46.9,0.063
143,-1,835.6,471.2,10.2,36.6,0.058
143,-1,1327.6,462.2,30.7,71.7,0.057
144,-1,1551.8,550.9,39.0,113.8,0.996
144,-1,1695.7,569.6,45.4,107.2,0.992
144,-1,475.3,527.6,27.1,73.4,0.982
144,-1,1866.9,723.4,53.1,257.7,0.972
144,-1,1243.5,528.2,22.0,85.8,0.958
144,-1,386.1,532.7,25.9,63.1,0.949
144,-1,1355.0,528.0,19.4,55.5,0.933
144,-1,1329.5,531.1,20.8,56.0,0.930
144,-1,87.6,576.7,43.8,139.7,0.917
144,-1,990.3,505.5,17.2,39.4,0.910
144,-1,1378.7,522.9,19.6,64.8,0.907
144,-1,410.3,528.5,17.9,56.5,0.832
144,-1,1086.9,507.9,17.1,60.6,0.830
144,-1,1050.5,506.4,20.0,63.3,0.814
144,-1,432.2,524.2,22.9,67.4,0.706
144,-1,1065.2,520.2,19.0,48.1,0.648
144,-1,688.9,507.8,17.6,32.2,0.603
144,-1,1189.1,525.5,19.5,49.0,0.545
144,-1,1073.1,496.7,20.3,52.0,0.513
144,-1,1076.3,496.0,18.5,28.9,0.424
144,-1,640.5,491.0,15.6,44.4,0.415
144,-1,430.0,526.8,15.5,61.0,0.359
144,-1,1372.4,523.6,15.9,60.5,0.337
144,-1,1055.7,515.3,24.9,55.6,0.330
144,-1,1278.7,517.9,16.5,59.5,0.329
144,-1,844.8,473.0,12.6,27.7,0.237
144,-1,1325.9,457.2,32.0,73.5,0.168
144,-1,1114.3,522.1,18.7,63.8,0.136
144,-1,742.4,470.4,12.1,28.6,0.135
144,-1,745.2,468.4,10.6,22.0,0.118
144,-1,1092.1,513.7,21.5,56.1,0.096
144,-1,832.2,473.1,11.4,35.7,0.074
144,-1,1173.2,526.7,17.0,50.1,0.071
144,-1,1011.2,738.8,47.5,39.0,0.065
144,-1,1707.4,575.9,33.3,41.8,0.064
144,-1,1072.2,498.6,38.5,72.4,0.054
145,-1,1548.8,552.9,38.2,115.1,0.998
145,-1,1693.0,571.8,45.0,108.0,0.992
145,-1,469.6,528.5,27.6,72.2,0.982
145,-1,78.0,575.1,43.3,140.4,0.971
145,-1,1352.0,532.2,19.4,57.0,0.961
145,-1,381.7,529.0,26.5,65.9,0.941
145,-1,1240.4,537.2,21.5,77.9,0.934
145,-1,1371.6,524.3,23.7,65.8,0.931
145,-1,1873.2,739.3,46.8,211.4,0.928
145,-1,1327.5,532.7,20.8,55.4,0.927
145,-1,987.8,505.7,16.2,40.1,0.871
145,-1,427.1,524.2,22.6,67.1,0.842
145,-1,1047.4,512.0,19.7,58.4,0.785
145,-1,404.9,528.5,17.3,52.9,0.779
145,-1,1081.3,507.1,18.6,63.2,0.652
145,-1,1072.5,498.2,20.8,63.2,0.580
145,-1,1061.8,515.8,19.9,53.0,0.486
145,-1,1324.2,533.6,15.1,54.7,0.428
145,-1,683.5,507.5,18.1,32.3,0.403
145,-1,1359.3,530.3,19.9,59.7,0.393
145,-1,703.1,471.9,14.2,34.7,0.371
145,-1,1072.1,498.4,18.7,34.7,0.346
145,-1,634.9,490.6,16.6,44.1,0.340
145,-1,1069.4,500.8,16.4,51.4,0.254
145,-1,1316.0,532.1,16.5,55.3,0.229
145,-1,742.7,466.7,9.1,17.5,0.194
145,-1,619.5,618.0,19.7,42.9,0.162
145,-1,1337.3,529.7,15.0,52.0,0.154
145,-1,1185.4,525.1,17.9,48.8,0.150
145,-1,742.6,469.1,10.3,29.8,0.131
145,-1,843.0,472.6,10.5,23.5,0.123
145,-1,1089.5,514.3,18.8,56.8,0.103
145,-1,1048.8,504.3,16.1,35.2,0.099
145,-1,1690.6,555.0,31.5,86.1,0.083
145,-1,1122.7,523.9,14.7,39.6,0.078
145,-1,1070.8,498.2,36.5,74.2,0.065
146,-1,1544.4,553.3,39.0,113.5,0.998
146,-1,1691.5,572.5,44.3,105.2,0.988
146,-1,466.1,528.2,27.1,71.8,0.987
146,-1,71.9,573.7,44.1,144.4,0.923
146,-1,377.4,528.1,25.5,65.7,0.909
146,-1,1367.8,523.6,22.7,63.4,0.898
146,-1,1238.0,533.3,22.9,78.4,0.888
146,-1,984.5,503.8,17.2,41.8,0.880
146,-1,1326.1,533.3,19.8,53.9,0.868
146,-1,1349.2,533.5,19.8,51.9,0.868
146,-1,422.1,524.0,21.0,64.9,0.851
146,-1,399.3,527.1,19.1,54.5,0.812
146,-1,1068.2,494.6,21.9,68.1,0.702
146,-1,1080.6,509.9,17.1,58.9,0.689
146,-1,1045.1,510.2,19.1,58.8,0.556
146,-1,1881.6,749.7,38.4,134.7,0.521
146,-1,1122.5,523.3,14.2,40.5,0.476
146,-1,679.5,505.7,17.9,32.8,0.474
146,-1,1687.7,553.5,34.1,111.6,0.391
146,-1,1058.1,518.0,20.2,50.2,0.363
146,-1,1046.2,503.0,16.0,36.4,0.308
146,-1,735.9,469.4,13.3,32.4,0.270
146,-1,390.1,529.2,19.6,62.0,0.256
146,-1,838.0,472.3,12.2,27.1,0.254
146,-1,631.8,490.1,17.0,44.1,0.225
146,-1,678.5,606.8,29.0,21.0,0.217
146,-1,1690.5,553.0,29.6,64.2,0.195
146,-1,1313.5,530.0,19.2,60.6,0.139
146,-1,1062.4,499.5,16.5,40.8,0.138
146,-1,738.5,467.1,10.9,18.4,0.104
146,-1,992.7,500.0,13.2,47.8,0.099
146,-1,1362.8,532.3,19.4,54.0,0.092
146,-1,999.0,732.8,45.8,44.5,0.084
146,-1,1085.7,515.4,21.7,54.7,0.066
146,-1,433.1,526.0,14.2,64.0,0.065
146,-1,1269.0,447.2,58.1,138.9,0.058
146,-1,1093.6,525.4,15.4,44.5,0.058
146,-1,960.8,504.8,13.9,25.7,0.057
147,-1,1538.9,556.1,40.7,113.9,0.997
147,-1,1690.7,575.0,41.1,108.1,0.993
147,-1,459.7,529.1,28.2,71.3,0.976
147,-1,63.1,578.1,43.0,140.4,0.972
147,-1,370.9,529.2,27.6,67.1,0.957
147,-1,981.8,506.6,16.5,41.7,0.929
147,-1,1319.4,532.6,22.4,57.1,0.925
147,-1,416.4,525.5,16.2,61.0,0.914
147,-1,1237.8,538.5,19.6,76.2,0.854
147,-1,1346.4,533.8,17.3,53.3,0.833
147,-1,1361.6,525.5,29.0,66.3,0.832
147,-1,393.2,526.9,18.7,58.3,0.782
147,-1,1042.4,515.0,17.0,55.6,0.726
147,-1,1681.0,557.4,39.0,110.7,0.655
147,-1,1055.5,517.1,19.7,54.9,0.558
147,-1,424.7,529.2,13.0,57.0,0.527
147,-1,1176.8,522.2,19.1,52.4,0.505
147,-1,1071.5,507.6,21.4,61.6,0.479
147,-1,627.5,490.4,16.7,46.6,0.475
147,-1,675.7,505.2,15.0,33.1,0.386
147,-1,1268.8,518.5,14.1,57.9,0.325
147,-1,1067.9,497.1,18.2,27.4,0.324
147,-1,833.9,472.1,13.3,26.7,0.323
147,-1,1357.0,527.8,18.9,58.5,0.322
147,-1,1334.7,525.3,14.0,49.1,0.285
147,-1,1042.2,504.6,16.7,22.9,0.277
147,-1,1308.2,529.9,18.3,62.3,0.250
147,-1,1190.4,531.4,15.0,43.0,0.200
147,-1,932.9,504.9,9.2,22.6,0.179
147,-1,1068.6,497.9,19.3,56.9,0.178
147,-1,1300.0,536.3,18.1,60.1,0.178
147,-1,676.6,607.1,30.2,20.5,0.153
147,-1,991.6,734.9,47.7,43.9,0.149
147,-1,1060.0,504.7,19.2,59.8,0.135
147,-1,1680.0,585.0,22.3,82.9,0.128
147,-1,1066.2,497.7,36.5,85.0,0.128
147,-1,735.4,467.4,10.3,31.9,0.116
147,-1,970.9,501.3,13.3,40.2,0.113
147,-1,1687.2,555.1,30.0,58.2,0.109
147,-1,987.9,503.6,13.6,46.1,0.102
147,-1,1888.2,755.8,31.8,133.1,0.068
147,-1,958.5,500.8,12.7,27.7,0.061
147,-1,1167.3,523.8,17.6,45.9,0.054
147,-1,1056.3,505.1,18.6,31.4,0.053
148,-1,1528.6,555.9,47.8,113.7,0.997
148,-1,1693.5,578.2,35.5,103.5,0.993
148,-1,454.5,528.4,27.9,73.0,0.989
148,-1,52.6,582.2,43.8,139.5,0.982
148,-1,365.3,528.1,26.5,68.7,0.955
148,-1,1318.0,535.1,20.8,54.2,0.949
148,-1,1359.3,526.8,28.2,63.8,0.945
148,-1,1342.0,534.1,17.2,51.7,0.917
148,-1,977.9,506.3,16.9,40.6,0.913
148,-1,411.5,524.3,24.3,73.2,0.908
148,-1,1233.2,537.0,22.8,79.5,0.895
148,-1,386.9,527.7,19.4,60.6,0.885
148,-1,1053.2,522.4,17.7,50.0,0.643
148,-1,1039.7,521.4,16.7,49.5,0.606
148,-1,1073.8,510.3,18.4,60.9,0.605
148,-1,671.5,505.4,13.8,31.2,0.446
148,-1,1059.7,496.2,21.5,63.9,0.439
148,-1,1349.2,526.9,18.3,60.4,0.436
148,-1,1173.2,521.2,19.0,54.0,0.414
148,-1,1682.2,560.6,36.3,109.4,0.412
148,-1,624.1,491.1,17.0,46.5,0.368
148,-1,731.5,468.3,11.5,32.2,0.339
148,-1,1330.5,527.3,13.6,43.2,0.309
148,-1,1308.9,530.5,16.9,61.4,0.277
148,-1,829.3,472.2,12.5,27.8,0.261
148,-1,1058.9,498.4,19.0,35.1,0.254
148,-1,952.7,508.2,10.8,24.7,0.231
148,-1,1264.9,517.4,14.9,59.6,0.208
148,-1,669.6,607.5,31.5,20.5,0.204
148,-1,1038.4,505.1,17.1,22.3,0.185
148,-1,1180.8,528.5,18.1,46.3,0.177
148,-1,1274.1,517.2,22.9,64.3,0.173
148,-1,1300.4,530.1,17.6,65.2,0.153
148,-1,1038.9,505.8,18.1,39.6,0.146
148,-1,1054.8,503.8,18.8,51.4,0.137
148,-1,406.6,528.2,19.1,59.9,0.114
148,-1,1188.8,527.2,15.6,46.1,0.113
148,-1,1678.1,580.8,25.9,85.8,0.112
148,-1,1897.3,782.6,22.7,106.2,0.109
148,-1,833.9,472.4,10.3,25.2,0.091
148,-1,985.6,737.9,46.3,39.8,0.067
148,-1,0.0,542.4,20.1,192.7,0.065
148,-1,930.7,506.4,10.9,22.7,0.059
149,-1,1517.7,555.8,54.7,112.9,0.998
149,-1,1687.5,579.5,36.7,100.7,0.994
149,-1,42.3,583.7,46.4,142.3,0.989
149,-1,451.1,530.1,27.1,73.7,0.987
149,-1,1355.4,527.5,29.0,63.2,0.969
149,-1,360.3,531.7,25.7,66.4,0.960
149,-1,1338.4,531.8,19.2,56.7,0.936
149,-1,1313.9,532.8,22.3,56.5,0.924
149,-1,973.6,507.5,17.2,41.1,0.866
149,-1,1035.4,513.8,23.2,59.8,0.853
149,-1,1230.7,531.5,28.2,84.8,0.827
149,-1,381.6,529.3,18.4,58.0,0.817
149,-1,403.9,527.5,18.8,60.4,0.798
149,-1,0.0,564.7,7.3,171.2,0.765
149,-1,408.3,527.4,20.8,73.2,0.622
149,-1,1070.1,510.4,18.2,61.5,0.582
149,-1,1049.1,521.7,18.7,50.3,0.453
149,-1,1167.0,515.9,21.3,58.6,0.413
149,-1,1056.9,497.6,22.3,69.3,0.389
149,-1,1293.5,537.3,15.8,59.2,0.363
149,-1,1327.7,525.8,13.6,44.8,0.313
149,-1,828.0,472.6,10.3,25.0,0.275
149,-1,1034.5,505.3,17.9,33.7,0.243
149,-1,1675.3,592.0,21.3,71.8,0.226
149,-1,621.0,492.3,13.1,44.7,0.217
149,-1,663.5,607.6,31.6,20.3,0.195
149,-1,665.2,506.9,14.5,28.6,0.191
149,-1,1054.2,503.2,17.3,52.9,0.190
149,-1,1183.3,525.0,16.5,48.6,0.184
149,-1,723.7,471.2,13.9,33.4,0.146
149,-1,1060.2,499.5,16.7,32.8,0.134
149,-1,1300.1,530.1,16.8,62.8,0.132
149,-1,838.0,726.1,63.1,67.7,0.105
149,-1,981.5,501.3,13.9,48.6,0.072
149,-1,393.7,529.3,16.7,59.7,0.061
149,-1,979.5,737.2,45.0,39.9,0.057
149,-1,1032.3,522.2,16.1,50.6,0.056
150,-1,1514.6,556.4,55.9,111.8,0.997
150,-1,445.1,526.7,26.1,76.0,0.991
150,-1,1680.0,574.1,43.8,106.0,0.986
150,-1,31.3,583.5,50.7,144.1,0.984
150,-1,1350.9,526.0,29.2,64.5,0.980
150,-1,1310.5,533.3,18.3,56.1,0.947
150,-1,354.7,528.7,26.1,69.3,0.946
150,-1,398.9,525.2,23.0,67.5,0.906
150,-1,1032.4,516.5,21.6,56.0,0.879
150,-1,970.3,507.0,16.9,41.3,0.873
150,-1,1337.1,526.5,21.2,62.5,0.851
150,-1,375.9,528.4,19.3,59.7,0.826
150,-1,1228.1,534.5,30.7,83.2,0.823
150,-1,1046.4,518.9,18.7,52.4,0.633
150,-1,1289.8,532.5,19.0,62.6,0.592
150,-1,1066.4,511.7,16.4,58.7,0.578
150,-1,1058.4,499.9,20.6,66.9,0.417
150,-1,1056.8,498.5,17.6,26.5,0.360
150,-1,1322.2,526.6,15.5,52.5,0.349
150,-1,824.1,472.7,11.5,23.1,0.239
150,-1,1299.1,529.4,18.2,63.1,0.221
150,-1,1030.8,503.3,17.3,24.6,0.208
150,-1,658.9,606.6,32.4,21.1,0.198
150,-1,1049.7,504.5,17.3,53.8,0.158
150,-1,1053.5,500.3,17.7,47.8,0.157
150,-1,394.4,527.8,17.9,60.7,0.139
150,-1,1049.8,502.9,17.2,28.5,0.125
150,-1,1330.5,524.8,42.2,66.9,0.099
150,-1,1032.7,507.1,35.9,67.7,0.097
150,-1,820.8,472.2,13.7,33.4,0.096
150,-1,722.4,468.3,11.3,32.2,0.090
150,-1,1254.4,449.7,59.6,135.2,0.085
150,-1,616.3,491.9,16.8,45.2,0.077
150,-1,974.1,739.1,43.4,37.9,0.077
150,-1,1032.3,504.8,18.8,43.6,0.073
150,-1,1672.6,584.6,28.1,82.9,0.059
150,-1,947.3,503.8,12.7,28.2,0.053
151,-1,1508.3,557.2,57.2,111.7,0.998
151,-1,440.1,529.3,25.5,76.9,0.987
151,-1,1342.9,526.4,32.4,64.5,0.967
151,-1,348.7,532.5,25.3,67.7,0.950
151,-1,1678.3,573.1,41.2,106.4,0.948
151,-1,21.7,586.4,53.1,145.1,0.936
151,-1,1306.1,536.4,17.4,54.5,0.915
151,-1,390.4,528.5,21.5,63.6,0.872
151,-1,965.6,507.8,18.1,41.8,0.863
151,-1,1331.4,526.2,23.0,61.9,0.832
151,-1,653.6,508.1,15.1,34.7,0.820
151,-1,368.9,530.3,19.0,61.5,0.774
151,-1,1028.4,517.6,20.2,56.6,0.735
151,-1,1041.7,525.1,16.7,49.1,0.702
151,-1,1225.1,533.9,30.8,85.9,0.492
151,-1,399.8,530.0,17.2,71.7,0.349
151,-1,1027.3,505.2,16.3,24.2,0.339
151,-1,1048.9,499.8,21.3,54.4,0.328
151,-1,1059.5,514.8,15.3,54.1,0.305
151,-1,1026.5,504.0,18.1,47.9,0.268
151,-1,1045.2,503.2,17.9,26.8,0.255
151,-1,1050.3,499.0,19.1,27.3,0.244
151,-1,1319.9,524.7,14.6,42.9,0.226
151,-1,820.5,473.6,10.2,23.8,0.172
151,-1,656.3,607.2,29.7,20.4,0.146
151,-1,1312.6,529.5,21.7,53.6,0.146
151,-1,817.1,472.9,10.6,26.9,0.117
151,-1,1045.0,513.9,19.1,55.6,0.116
151,-1,890.8,495.4,16.3,24.7,0.114
151,-1,1311.0,526.0,40.8,66.3,0.090
151,-1,1063.7,517.2,17.2,53.5,0.077
151,-1,1040.4,506.9,18.7,46.5,0.063
152,-1,1506.2,555.3,56.0,113.9,0.998
152,-1,1336.5,526.3,34.4,64.6,0.990
152,-1,433.0,529.9,28.1,77.5,0.986
152,-1,14.0,587.2,51.1,146.9,0.951
152,-1,342.2,533.4,26.7,68.6,0.942
152,-1,1300.9,534.5,18.9,54.2,0.921
152,-1,961.3,507.5,17.6,41.2,0.872
152,-1,389.6,529.1,22.5,74.5,0.867
152,-1,1671.2,561.2,46.4,113.9,0.848
152,-1,1324.8,529.8,23.1,58.7,0.809
152,-1,1024.1,517.6,21.3,57.2,0.778
152,-1,1056.6,518.3,15.0,51.9,0.738
152,-1,363.0,533.0,18.9,58.7,0.710
152,-1,384.7,528.1,18.7,65.0,0.589
152,-1,1283.2,536.1,15.9,60.2,0.473
152,-1,1045.7,500.4,20.4,56.3,0.437
152,-1,649.5,508.5,15.4,33.8,0.416
152,-1,1316.4,524.5,13.4,42.6,0.394
152,-1,1023.2,505.6,17.2,23.6,0.386
152,-1,1038.6,525.2,15.4,47.3,0.355
152,-1,351.6,533.9,24.2,65.6,0.348
152,-1,1322.0,531.5,16.8,45.7,0.303
152,-1,1681.0,574.4,34.5,69.9,0.285
152,-1,1223.6,530.0,29.0,90.7,0.272
152,-1,1049.0,497.7,16.4,27.4,0.263
152,-1,1039.0,505.0,18.1,29.8,0.201
152,-1,1039.9,507.8,19.2,57.2,0.184
152,-1,649.5,607.6,27.6,19.8,0.146
152,-1,816.0,473.6,9.8,25.0,0.123
152,-1,1147.0,518.3,21.0,49.7,0.095
152,-1,816.5,728.0,60.6,66.1,0.076
152,-1,968.5,506.6,13.3,43.6,0.074
152,-1,888.3,495.5,15.5,24.1,0.072
152,-1,812.3,473.3,12.5,35.1,0.068
152,-1,958.1,738.8,45.9,39.8,0.058
153,-1,1502.2,552.6,55.7,116.3,0.998
153,-1,428.2,529.5,25.9,78.0,0.989
153,-1,1331.1,526.9,32.1,63.6,0.982
153,-1,336.6,534.6,26.0,67.8,0.945
153,-1,5.8,589.1,47.3,144.9,0.926
153,-1,380.8,527.0,14.4,66.3,0.893
153,-1,1292.3,527.8,21.7,62.0,0.870
153,-1,1664.3,567.9,48.8,108.4,0.864
153,-1,643.1,507.8,16.3,34.1,0.843
153,-1,958.5,507.8,16.3,40.4,0.827
153,-1,1018.7,513.3,21.7,60.6,0.809
153,-1,1323.4,525.7,22.5,62.5,0.760
153,-1,1052.5,511.1,16.6,59.9,0.624
153,-1,1033.7,517.5,17.8,54.8,0.594
153,-1,383.3,528.0,21.8,75.1,0.552
153,-1,1017.5,503.5,16.4,26.2,0.421
153,-1,356.8,533.4,18.3,58.4,0.406
153,-1,1317.8,529.0,18.8,48.7,0.360
153,-1,1040.6,496.6,18.7,27.2,0.347
153,-1,1684.4,570.9,27.9,49.2,0.340
153,-1,1312.2,525.0,18.3,46.8,0.291
153,-1,1042.5,498.1,20.4,67.3,0.284
153,-1,600.9,494.9,14.6,44.8,0.246
153,-1,645.0,606.1,31.5,20.7,0.241
153,-1,1035.3,501.2,18.0,27.4,0.223
153,-1,796.1,472.3,10.3,39.6,0.194
153,-1,707.2,471.0,12.6,30.2,0.181
153,-1,1035.3,501.1,20.8,49.1,0.168
153,-1,1281.6,525.6,25.8,67.7,0.162
153,-1,811.4,471.7,9.5,24.8,0.153
153,-1,1060.2,522.6,14.8,47.3,0.108
153,-1,1049.4,499.5,15.7,49.2,0.106
153,-1,881.8,496.2,16.3,23.7,0.102
153,-1,1094.5,525.5,17.1,38.8,0.091
153,-1,807.3,471.1,11.8,36.3,0.084
153,-1,710.3,468.9,9.3,18.2,0.082
153,-1,821.2,722.8,88.1,66.8,0.072
153,-1,807.0,724.0,62.0,69.0,0.059
153,-1,950.7,731.7,48.3,48.3,0.052
154,-1,1498.6,552.0,51.6,117.9,0.998
154,-1,1323.1,523.3,33.0,68.3,0.992
154,-1,420.2,532.3,26.3,77.0,0.981
154,-1,1670.5,560.0,39.7,117.7,0.975
154,-1,327.7,534.3,26.2,69.0,0.946
154,-1,0.5,592.0,41.0,140.9,0.846
154,-1,952.7,507.5,19.1,42.2,0.787
154,-1,1013.7,515.0,21.8,59.2,0.783
154,-1,370.6,527.7,19.5,67.7,0.768
154,-1,379.3,530.4,17.8,77.4,0.732
154,-1,637.4,509.0,16.4,33.0,0.617
154,-1,351.6,534.7,17.3,58.1,0.545
154,-1,1028.8,525.6,15.5,47.0,0.512
154,-1,1034.7,496.9,21.0,69.8,0.434
154,-1,1314.3,527.2,19.1,55.7,0.414
154,-1,1306.3,523.4,15.4,43.4,0.346
154,-1,1036.3,496.2,19.4,29.6,0.324
154,-1,1013.3,505.4,15.9,25.3,0.308
154,-1,702.8,472.2,12.2,26.9,0.257
154,-1,1041.9,502.7,18.8,66.8,0.252
154,-1,0.4,594.5,17.6,141.5,0.245
154,-1,791.9,474.3,8.4,29.3,0.220
154,-1,595.0,495.2,13.6,43.9,0.190
154,-1,1023.7,510.7,23.5,58.4,0.163
154,-1,636.8,606.6,31.2,20.7,0.162
154,-1,1289.3,537.6,17.1,47.6,0.160
154,-1,1053.9,520.0,14.9,52.4,0.141
154,-1,1131.2,518.4,19.7,57.7,0.133
154,-1,338.6,535.5,23.7,65.4,0.121
154,-1,799.7,726.2,55.7,68.0,0.120
154,-1,1030.2,501.4,20.2,38.4,0.111
154,-1,807.7,473.5,9.9,23.5,0.100
154,-1,1682.0,571.7,25.1,62.0,0.089
154,-1,1289.4,458.4,38.4,77.3,0.065
154,-1,967.7,499.9,15.7,54.0,0.063
154,-1,960.1,501.0,14.9,50.7,0.062
154,-1,804.3,473.7,10.0,23.8,0.058
155,-1,1494.2,549.3,48.6,117.9,0.999
155,-1,414.6,536.2,25.5,71.6,0.975
155,-1,0.0,585.5,31.5,154.7,0.970
155,-1,1670.8,572.5,31.5,101.9,0.962
155,-1,1315.3,522.1,31.6,68.5,0.961
155,-1,321.3,534.8,25.5,68.9,0.935
155,-1,1008.7,516.4,19.8,57.3,0.852
155,-1,948.3,506.2,18.1,41.3,0.851
155,-1,1023.9,519.9,17.9,53.2,0.832
155,-1,369.6,527.9,15.2,66.6,0.701
155,-1,1030.3,497.2,21.8,60.0,0.677
155,-1,1031.6,495.2,18.2,28.9,0.515
155,-1,1312.1,526.0,16.7,53.7,0.493
155,-1,1039.6,504.2,18.1,66.7,0.480
155,-1,1007.9,504.0,16.9,43.1,0.472
155,-1,1048.2,521.0,17.8,51.1,0.389
155,-1,1025.8,499.7,19.9,47.5,0.372
155,-1,1004.1,502.9,11.8,37.1,0.359
155,-1,372.4,531.3,19.4,71.4,0.351
155,-1,1123.7,519.8,19.2,56.1,0.334
155,-1,344.8,537.1,15.9,56.3,0.304
155,-1,1084.7,524.7,17.1,37.5,0.266
155,-1,798.8,471.5,13.3,33.3,0.264
155,-1,629.9,508.9,19.5,33.4,0.181
155,-1,636.3,605.9,31.7,20.7,0.171
155,-1,1283.3,533.4,16.4,50.0,0.128
155,-1,802.7,473.3,9.2,21.1,0.127
155,-1,788.3,474.0,8.9,29.6,0.113
155,-1,792.2,726.2,69.8,67.0,0.086
155,-1,1022.1,503.3,16.3,27.5,0.071
155,-1,700.0,470.9,9.6,22.0,0.069
155,-1,935.4,730.2,45.3,45.8,0.059
155,-1,790.7,477.1,11.3,33.5,0.059
156,-1,1487.5,548.6,44.3,118.9,0.999
156,-1,407.4,535.7,27.2,75.1,0.985
156,-1,1310.3,521.3,29.7,70.7,0.983
156,-1,314.2,534.7,27.0,71.4,0.945
156,-1,944.0,506.9,17.2,42.2,0.889
156,-1,0.0,606.0,21.6,134.7,0.843
156,-1,1018.0,518.1,19.8,55.3,0.810
156,-1,1668.4,575.7,30.2,96.9,0.799
156,-1,1003.8,506.9,19.3,65.3,0.751
156,-1,1025.2,495.7,23.3,71.4,0.630
156,-1,1003.7,504.5,17.0,35.9,0.603
156,-1,1117.7,516.0,20.4,60.9,0.577
156,-1,361.7,533.0,15.2,61.9,0.525
156,-1,1025.5,495.4,20.5,29.2,0.487
156,-1,339.4,537.4,15.7,55.3,0.464
156,-1,1264.5,530.2,17.0,65.3,0.454
156,-1,1038.3,511.6,16.2,60.1,0.441
156,-1,365.3,532.4,20.9,71.2,0.395
156,-1,998.3,502.5,11.8,36.7,0.348
156,-1,1306.5,524.4,16.1,63.0,0.300
156,-1,1278.6,527.8,15.6,59.6,0.295
156,-1,1042.7,518.7,17.1,54.3,0.256
156,-1,795.9,472.0,10.7,26.5,0.224
156,-1,629.5,605.6,28.5,20.6,0.219
156,-1,693.5,471.5,11.3,23.8,0.203
156,-1,695.9,472.2,12.5,31.3,0.168
156,-1,324.7,539.0,21.2,64.1,0.159
156,-1,585.6,495.6,14.0,43.5,0.158
156,-1,1680.8,574.5,18.8,79.8,0.105
156,-1,1079.4,525.2,17.0,36.1,0.098
156,-1,927.0,736.0,47.2,42.0,0.085
156,-1,1647.3,601.8,49.0,71.1,0.078
156,-1,1211.5,522.6,28.1,95.3,0.066
156,-1,783.1,473.5,9.6,37.4,0.064
156,-1,784.2,724.0,59.9,69.6,0.060
156,-1,878.8,452.2,10.7,28.0,0.057
157,-1,1483.5,546.2,39.8,119.2,0.997
157,-1,400.2,536.7,27.8,75.3,0.983
157,-1,1307.8,521.6,23.5,66.9,0.943
157,-1,307.6,536.9,27.8,71.8,0.938
157,-1,1261.3,532.2,15.4,60.2,0.813
157,-1,1648.0,576.0,46.8,98.1,0.779
157,-1,1011.5,514.3,25.4,59.4,0.722
157,-1,1017.3,495.3,25.8,72.9,0.711
157,-1,999.1,505.4,16.5,24.6,0.525
157,-1,1112.9,521.6,19.2,53.8,0.488
157,-1,1000.8,514.3,19.1,58.6,0.463
157,-1,1031.8,509.2,16.7,63.2,0.456
157,-1,578.9,496.9,13.3,43.5,0.448
157,-1,1300.1,524.0,15.1,51.3,0.442
157,-1,354.5,531.3,15.5,67.9,0.429
157,-1,1018.4,495.4,23.4,34.6,0.423
157,-1,939.3,508.1,17.1,40.8,0.401
157,-1,1645.5,615.6,41.6,57.6,0.397
157,-1,328.2,536.5,18.8,57.1,0.253
157,-1,624.9,606.7,27.1,19.6,0.252
157,-1,1294.8,519.7,14.2,48.6,0.243
157,-1,617.1,512.0,16.9,31.2,0.233
157,-1,1074.8,525.6,18.7,37.7,0.202
157,-1,690.4,472.1,10.0,17.3,0.111
157,-1,996.1,504.8,13.7,40.4,0.107
157,-1,690.8,471.7,11.3,35.9,0.103
157,-1,1000.8,506.0,17.9,38.6,0.097
157,-1,790.9,475.1,9.8,23.9,0.082
157,-1,1225.8,534.3,20.2,43.7,0.069
157,-1,920.0,727.7,48.5,49.1,0.062
157,-1,1206.9,513.9,42.9,107.0,0.057
157,-1,1670.7,573.8,24.0,93.1,0.055
158,-1,1478.4,546.6,41.1,117.1,0.997
158,-1,395.6,540.0,26.7,74.0,0.989
158,-1,301.7,542.7,26.4,67.5,0.900
158,-1,1300.2,520.4,26.1,68.5,0.887
158,-1,1258.5,532.4,17.6,61.8,0.879
158,-1,1007.5,513.5,24.4,61.9,0.707
158,-1,1649.1,576.4,43.7,96.3,0.579
158,-1,936.6,507.5,17.1,42.3,0.571
158,-1,1653.0,616.4,35.8,57.9,0.539
158,-1,1110.8,520.7,21.2,55.9,0.497
158,-1,994.1,504.4,18.3,35.3,0.462
158,-1,1021.7,504.8,19.2,66.9,0.441
158,-1,996.1,506.9,20.0,66.7,0.429
158,-1,573.1,497.6,13.4,44.1,0.425
158,-1,314.0,546.1,18.5,61.4,0.420
158,-1,684.0,471.7,12.2,30.5,0.405
158,-1,1293.4,520.2,12.2,46.6,0.381
158,-1,1031.3,515.6,15.0,56.0,0.370
158,-1,1126.9,522.7,19.9,53.0,0.363
158,-1,1267.8,534.2,16.9,59.6,0.244
158,-1,1071.1,527.2,17.0,38.9,0.223
158,-1,1014.4,498.7,22.9,44.2,0.212
158,-1,611.5,513.2,18.5,30.2,0.158
158,-1,1021.7,496.9,18.3,36.8,0.155
158,-1,910.9,733.5,48.7,43.7,0.126
158,-1,1106.9,522.2,17.4,43.7,0.121
158,-1,620.0,607.2,27.0,19.8,0.102
158,-1,324.6,539.2,16.8,53.9,0.094
158,-1,1220.1,535.2,12.9,44.6,0.091
158,-1,870.5,453.3,11.3,29.4,0.081
158,-1,1001.7,505.3,23.9,62.6,0.074
158,-1,783.0,488.3,15.0,27.9,0.067
158,-1,1107.9,514.6,41.5,63.8,0.066
158,-1,773.7,723.8,80.0,68.1,0.066
158,-1,785.9,474.7,11.6,27.6,0.061
159,-1,1474.2,544.2,38.5,117.2,0.997
159,-1,389.8,541.3,27.3,73.4,0.980
159,-1,1296.3,519.7,25.1,65.8,0.919
159,-1,295.8,538.3,26.8,74.1,0.893
159,-1,1648.7,621.1,33.6,52.9,0.834
159,-1,1003.7,518.3,23.1,55.5,0.788
159,-1,606.4,512.1,16.6,32.1,0.750
159,-1,1254.1,529.5,17.1,61.9,0.734
159,-1,1023.6,515.6,15.2,54.0,0.731
159,-1,932.9,508.1,16.6,40.6,0.683
159,-1,1103.7,520.9,20.2,55.1,0.672
159,-1,994.0,517.0,18.6,56.9,0.577
159,-1,991.2,504.2,16.8,32.3,0.559
159,-1,344.6,531.8,18.2,73.7,0.476
159,-1,1646.7,505.8,44.6,161.3,0.436
159,-1,1109.2,521.3,26.8,54.5,0.432
159,-1,680.5,468.8,12.0,18.3,0.427
159,-1,571.6,501.9,13.4,40.8,0.412
159,-1,1013.6,498.1,20.5,30.2,0.392
159,-1,1119.7,522.1,24.2,52.5,0.343
159,-1,1015.5,499.2,20.1,67.0,0.285
159,-1,679.8,469.5,13.4,38.5,0.244
159,-1,617.6,606.2,25.5,20.6,0.242
159,-1,318.0,538.0,16.7,56.6,0.225
159,-1,905.2,733.6,47.5,41.8,0.201
159,-1,1065.1,524.5,21.0,38.3,0.134
159,-1,1289.9,520.9,12.8,46.1,0.122
159,-1,1008.8,502.1,20.3,36.5,0.118
159,-1,763.4,720.9,77.2,70.0,0.097
159,-1,866.6,452.3,10.8,29.1,0.084
159,-1,1264.8,532.1,15.7,59.4,0.083
159,-1,783.0,475.4,10.8,27.1,0.066
159,-1,1032.5,523.0,14.9,47.6,0.065
159,-1,779.5,486.2,13.5,28.4,0.064
159,-1,791.5,722.3,94.6,62.9,0.061
159,-1,1132.3,520.7,16.9,47.8,0.059
160,-1,1468.0,545.4,40.2,118.2,0.995
160,-1,383.2,543.8,26.1,72.8,0.973
160,-1,1289.0,519.6,28.6,69.0,0.912
160,-1,292.5,546.6,23.8,68.2,0.872
160,-1,1002.3,502.3,25.0,72.8,0.772
160,-1,335.2,536.2,14.8,68.3,0.714
160,-1,600.4,513.6,16.5,31.5,0.617
160,-1,986.5,507.4,20.6,66.6,0.579
160,-1,986.4,504.7,17.6,31.0,0.559
160,-1,1199.5,530.3,32.7,90.7,0.471
160,-1,1113.4,520.0,29.1,55.9,0.391
160,-1,1006.4,495.7,22.9,51.6,0.364
160,-1,928.8,508.9,17.3,40.1,0.341
160,-1,564.1,497.8,13.6,45.1,0.310
160,-1,1021.5,513.2,16.9,58.8,0.304
160,-1,1648.6,499.5,41.6,168.3,0.292
160,-1,1101.0,517.0,53.1,61.7,0.287
160,-1,1064.2,529.6,16.1,37.2,0.264
160,-1,302.5,550.0,19.3,60.5,0.256
160,-1,567.9,498.9,15.7,44.7,0.252
160,-1,1096.8,522.3,19.1,41.4,0.226
160,-1,677.0,471.7,10.7,25.8,0.206
160,-1,1102.6,522.0,18.9,53.0,0.178
160,-1,612.1,607.1,26.1,20.6,0.145
160,-1,765.3,723.2,100.1,70.0,0.122
160,-1,310.5,540.3,17.6,64.0,0.115
160,-1,897.5,726.8,47.8,50.5,0.114
160,-1,1259.7,533.2,17.6,61.0,0.097
160,-1,678.7,471.5,12.0,37.7,0.075
160,-1,557.0,497.3,15.1,44.5,0.070
160,-1,340.6,541.0,21.2,70.9,0.065
160,-1,775.5,488.4,15.1,31.3,0.061
160,-1,862.2,454.9,11.5,25.9,0.060
160,-1,316.4,537.4,21.2,53.0,0.053
160,-1,766.5,477.7,12.7,38.8,0.051
161,-1,1463.1,544.4,40.9,117.8,0.996
161,-1,379.5,542.7,25.5,74.6,0.962
161,-1,1283.7,520.2,28.5,66.7,0.953
161,-1,596.9,512.7,15.0,32.5,0.866
161,-1,286.6,546.0,25.6,68.7,0.840
161,-1,1001.8,520.2,17.5,54.3,0.808
161,-1,987.3,517.4,18.8,59.5,0.781
161,-1,925.7,507.1,17.8,42.5,0.781
161,-1,1115.1,516.3,22.9,57.6,0.721
161,-1,559.6,495.5,16.0,48.4,0.709
161,-1,983.8,504.6,16.7,29.0,0.675
161,-1,1093.9,519.8,21.2,50.8,0.531
161,-1,1650.9,618.2,31.1,54.5,0.503
161,-1,672.3,470.4,12.9,34.4,0.427
161,-1,1004.3,504.5,21.8,66.5,0.405
161,-1,1020.8,517.0,14.8,53.7,0.386
161,-1,1007.6,498.4,19.0,28.2,0.364
161,-1,674.5,469.4,10.3,20.3,0.284
161,-1,332.2,541.2,12.5,63.5,0.282
161,-1,984.5,506.2,16.3,53.2,0.279
161,-1,1013.1,505.7,16.9,66.0,0.227
161,-1,298.3,551.0,19.8,57.8,0.220
161,-1,604.6,606.8,24.2,18.7,0.188
161,-1,568.3,502.1,11.6,39.4,0.186
161,-1,1059.8,526.6,18.0,38.5,0.176
161,-1,890.9,730.5,39.8,40.8,0.171
161,-1,1206.9,530.2,17.3,69.3,0.144
161,-1,1258.7,529.4,16.9,58.7,0.139
161,-1,1001.1,501.1,19.4,32.9,0.136
161,-1,613.4,514.0,11.6,28.7,0.130
161,-1,957.4,501.9,10.9,32.1,0.126
161,-1,1194.5,522.8,40.1,101.1,0.096
161,-1,859.6,453.5,11.2,28.2,0.074
161,-1,1644.6,555.2,45.0,114.2,0.071
161,-1,763.2,476.9,11.6,37.9,0.067
161,-1,750.1,722.2,71.3,69.5,0.062
161,-1,776.3,721.5,96.2,69.4,0.053
162,-1,1457.0,548.3,44.8,115.0,0.998
162,-1,373.4,544.1,26.0,73.5,0.972
162,-1,280.8,548.4,25.8,66.4,0.872
162,-1,998.5,521.0,17.4,54.4,0.753
162,-1,556.6,494.3,15.5,50.0,0.717
162,-1,981.9,513.0,20.5,63.4,0.670
162,-1,923.7,510.2,16.5,39.4,0.667
162,-1,1278.2,519.3,33.6,69.3,0.638
162,-1,1097.5,522.9,19.4,51.6,0.616
162,-1,1112.9,521.3,20.6,53.7,0.542
162,-1,980.6,505.7,17.7,32.4,0.535
162,-1,1195.4,538.7,27.2,82.3,0.466
162,-1,1181.7,542.0,14.7,42.6,0.404
162,-1,1000.7,498.3,22.1,37.2,0.347
162,-1,1106.1,521.3,18.6,54.1,0.324
162,-1,669.1,471.2,12.2,33.9,0.298
162,-1,295.0,548.1,17.7,59.6,0.282
162,-1,326.0,540.1,13.0,65.2,0.226
162,-1,885.5,728.3,41.2,43.0,0.214
162,-1,1059.0,530.0,15.5,35.2,0.214
162,-1,1003.5,497.2,20.6,65.8,0.201
162,-1,1252.3,535.8,19.9,58.2,0.201
162,-1,591.1,514.0,15.9,29.5,0.197
162,-1,610.5,495.4,14.0,36.5,0.196
162,-1,999.0,504.8,17.8,44.1,0.163
162,-1,1015.6,514.4,15.5,56.9,0.162
162,-1,1090.7,522.4,19.7,46.1,0.147
162,-1,738.2,720.8,61.6,69.0,0.114
162,-1,753.7,719.9,77.8,70.8,0.091
162,-1,1625.6,619.6,58.1,54.1,0.091
162,-1,604.1,606.6,28.2,20.4,0.090
162,-1,776.3,723.3,82.0,62.9,0.085
162,-1,562.6,498.1,13.5,45.8,0.083
162,-1,609.0,510.6,13.4,30.9,0.080
162,-1,330.2,539.9,15.8,67.7,0.064
162,-1,996.1,502.5,18.2,29.3,0.053
163,-1,1452.0,549.9,42.0,111.2,0.998
163,-1,368.9,547.3,25.6,72.9,0.977
163,-1,281.6,551.2,20.0,66.2,0.910
163,-1,272.7,544.7,24.0,72.3,0.869
163,-1,585.3,515.0,15.6,33.6,0.842
163,-1,1274.9,519.1,32.3,68.8,0.831
163,-1,992.2,519.6,20.8,56.4,0.820
163,-1,919.8,508.7,16.4,43.8,0.738
163,-1,552.0,501.2,15.4,44.5,0.663
163,-1,318.9,539.7,15.8,70.0,0.663
163,-1,977.0,505.1,17.1,37.5,0.558
163,-1,1085.2,522.6,20.1,51.3,0.424
163,-1,1012.5,517.9,15.9,54.2,0.382
163,-1,976.9,509.3,20.3,65.8,0.358
163,-1,1001.8,498.8,19.3,73.9,0.303
163,-1,1096.2,524.3,17.0,51.2,0.287
163,-1,993.2,503.3,20.0,29.2,0.255
163,-1,1177.6,541.5,14.8,44.6,0.253
163,-1,325.0,544.4,18.9,70.5,0.232
163,-1,666.9,470.2,10.2,21.2,0.227
163,-1,1001.3,499.1,17.9,27.8,0.226
163,-1,1101.8,523.1,18.2,51.2,0.218
163,-1,1054.6,526.0,15.5,39.4,0.215
163,-1,1109.9,523.9,18.2,49.5,0.154
163,-1,599.1,607.0,26.7,19.5,0.142
163,-1,665.9,471.3,12.6,36.4,0.137
163,-1,734.7,722.3,71.2,69.7,0.136
163,-1,875.9,726.4,47.7,47.9,0.134
163,-1,764.9,723.4,84.4,61.0,0.130
163,-1,559.0,502.7,13.0,42.6,0.125
163,-1,590.1,517.3,15.6,30.6,0.111
163,-1,1249.1,537.2,20.7,56.7,0.106
163,-1,604.7,511.9,11.8,31.8,0.087
163,-1,1189.2,530.4,35.9,93.0,0.076
163,-1,605.3,491.5,12.5,47.7,0.070
163,-1,1262.1,562.5,17.2,31.0,0.066
163,-1,985.8,504.0,21.4,31.7,0.059
164,-1,1445.7,547.8,46.7,115.2,0.998
164,-1,363.2,544.4,26.5,74.5,0.979
164,-1,268.9,547.9,26.4,69.0,0.889
164,-1,916.0,507.2,18.0,43.3,0.861
164,-1,990.7,520.6,20.3,53.2,0.844
164,-1,314.7,545.5,13.0,62.1,0.752
164,-1,975.9,516.0,19.0,59.3,0.732
164,-1,545.8,492.7,18.6,51.5,0.711
164,-1,1269.4,517.8,34.9,71.7,0.705
164,-1,1082.2,522.8,22.3,51.3,0.698
164,-1,580.4,514.1,14.4,31.2,0.662
164,-1,972.4,504.7,18.1,34.1,0.636
164,-1,661.9,470.7,13.4,39.8,0.556
164,-1,1242.9,526.9,26.5,68.1,0.463
164,-1,317.1,540.2,21.3,69.1,0.419
164,-1,999.9,498.2,17.3,28.3,0.407
164,-1,1053.8,523.8,14.1,40.7,0.367
164,-1,983.5,516.2,22.2,59.7,0.319
164,-1,1173.9,539.6,16.6,44.9,0.306
164,-1,663.8,469.5,10.8,20.9,0.289
164,-1,1010.5,518.1,15.2,54.1,0.288
164,-1,1102.5,520.3,19.0,54.0,0.243
164,-1,990.3,502.6,17.6,26.3,0.226
164,-1,994.5,499.0,21.4,67.6,0.222
164,-1,1046.8,525.5,16.3,39.0,0.163
164,-1,601.2,490.7,14.1,52.4,0.149
164,-1,870.2,732.7,39.5,37.6,0.145
164,-1,684.2,485.4,10.3,29.6,0.119
164,-1,325.2,549.5,15.0,65.4,0.109
164,-1,1252.0,522.4,38.8,72.0,0.098
164,-1,595.4,605.9,26.9,19.7,0.087
164,-1,1187.7,528.1,32.9,92.8,0.072
164,-1,1198.9,533.8,18.8,67.0,0.059
164,-1,858.3,736.8,55.4,47.8,0.059
164,-1,763.6,720.4,86.3,63.2,0.055
165,-1,1440.5,548.3,47.6,114.1,0.998
165,-1,361.2,546.9,24.8,75.0,0.961
165,-1,261.3,545.1,23.7,74.0,0.947
165,-1,574.9,515.7,15.0,31.6,0.829
165,-1,542.1,496.6,19.1,49.3,0.795
165,-1,969.3,505.3,19.0,37.6,0.792
165,-1,1263.2,519.1,34.1,70.7,0.735
165,-1,911.9,510.2,16.2,41.0,0.730
165,-1,1078.1,522.0,19.9,51.9,0.704
165,-1,987.9,498.9,22.1,74.6,0.665
165,-1,970.2,509.8,20.7,65.5,0.660
165,-1,1005.5,517.1,14.9,54.2,0.646
165,-1,311.4,543.6,18.7,67.2,0.539
165,-1,1099.3,521.9,19.0,51.7,0.412
165,-1,1170.5,539.7,14.5,40.9,0.358
165,-1,989.2,495.5,21.7,33.1,0.350
165,-1,1050.0,526.0,13.1,38.5,0.296
165,-1,274.3,551.1,17.9,63.7,0.286
165,-1,660.3,470.4,10.4,24.4,0.280
165,-1,550.7,502.4,14.2,42.8,0.257
165,-1,745.2,719.1,91.4,66.2,0.253
165,-1,1089.9,520.0,22.8,56.3,0.242
165,-1,305.0,544.7,16.5,64.1,0.197
165,-1,659.3,470.7,12.9,38.8,0.181
165,-1,856.9,735.1,50.7,48.6,0.144
165,-1,597.9,489.2,12.7,44.2,0.103
165,-1,995.9,511.8,16.7,58.6,0.097
165,-1,591.5,605.2,21.5,19.5,0.095
165,-1,864.3,724.4,41.7,45.4,0.090
165,-1,720.4,719.9,67.1,69.4,0.090
165,-1,1040.3,527.3,13.2,39.3,0.088
165,-1,975.5,505.4,21.2,55.2,0.075
165,-1,923.2,491.7,15.9,62.4,0.065
166,-1,1436.9,547.1,45.1,115.4,0.998
166,-1,353.2,549.9,26.0,73.3,0.961
166,-1,256.1,544.8,24.0,74.5,0.936
166,-1,967.5,513.3,20.5,64.8,0.934
166,-1,1073.9,522.8,17.7,51.8,0.843
166,-1,1003.6,521.9,13.7,48.1,0.825
166,-1,984.8,521.2,19.0,57.4,0.806
166,-1,569.3,515.5,15.0,32.8,0.767
166,-1,909.5,509.2,16.7,42.8,0.729
166,-1,1259.4,521.4,30.8,68.5,0.660
166,-1,540.0,500.6,16.7,44.8,0.628
166,-1,966.1,505.1,17.9,33.0,0.572
166,-1,1093.4,520.5,22.0,54.1,0.558
166,-1,305.3,547.1,22.9,71.5,0.460
166,-1,1191.3,536.1,24.9,78.0,0.448
166,-1,303.8,546.2,14.4,64.6,0.400
166,-1,546.0,504.8,13.6,40.1,0.354
166,-1,1037.2,527.8,13.6,40.8,0.346
166,-1,1045.7,529.6,13.8,35.8,0.345
166,-1,988.3,497.0,21.4,31.4,0.335
166,-1,656.5,470.7,9.7,20.6,0.287
166,-1,986.7,498.7,22.0,64.0,0.274
166,-1,997.1,515.1,15.4,57.0,0.273
166,-1,1084.6,521.2,16.9,54.9,0.252
166,-1,656.0,472.3,11.6,34.4,0.219
166,-1,1167.4,538.1,13.7,38.7,0.186
166,-1,920.3,512.9,15.7,41.5,0.141
166,-1,1170.8,540.6,14.8,51.2,0.124
166,-1,856.6,723.4,42.7,45.3,0.112
166,-1,983.3,504.6,17.0,33.1,0.111
166,-1,732.9,719.5,92.6,65.7,0.091
166,-1,714.0,720.8,62.4,69.0,0.088
166,-1,974.0,510.9,19.3,56.8,0.081
166,-1,588.6,605.2,26.9,19.9,0.071
166,-1,593.9,495.1,11.9,46.3,0.057
167,-1,1435.4,545.5,42.7,116.6,0.998
167,-1,349.1,548.7,26.9,73.7,0.938
167,-1,251.0,544.8,26.7,75.4,0.926
167,-1,979.8,512.4,23.7,66.5,0.882
167,-1,565.9,515.8,13.8,31.1,0.833
167,-1,1192.8,535.2,23.8,87.9,0.767
167,-1,535.3,500.6,18.1,44.4,0.745
167,-1,906.6,510.0,16.8,41.3,0.737
167,-1,965.6,512.6,20.7,64.4,0.727
167,-1,1072.0,522.7,18.8,52.6,0.689
167,-1,299.6,542.2,12.9,67.7,0.656
167,-1,963.0,505.3,17.8,36.4,0.642
167,-1,303.7,547.2,19.7,73.1,0.626
167,-1,998.4,517.3,14.5,53.3,0.586
167,-1,1088.4,521.2,22.2,53.3,0.567
167,-1,983.4,495.8,22.9,32.6,0.533
167,-1,653.1,469.4,10.4,22.1,0.313
167,-1,1164.4,538.9,13.4,38.0,0.296
167,-1,1042.1,525.3,15.1,40.2,0.273
167,-1,1077.4,519.0,28.0,57.6,0.236
167,-1,984.9,496.4,22.0,69.0,0.235
167,-1,1254.9,526.7,28.0,65.3,0.228
167,-1,1065.8,525.0,18.3,50.9,0.227
167,-1,651.2,471.4,12.6,36.3,0.218
167,-1,1033.1,527.2,12.2,40.5,0.169
167,-1,1035.1,524.1,17.6,43.1,0.137
167,-1,1002.7,521.1,14.9,49.8,0.134
167,-1,850.2,723.4,44.0,46.0,0.107
167,-1,980.0,499.8,20.0,49.3,0.096
167,-1,703.9,721.7,59.4,67.2,0.081
167,-1,752.3,478.5,12.4,33.1,0.065
167,-1,920.2,511.2,13.5,43.3,0.064
167,-1,1255.4,553.7,19.5,38.7,0.062
167,-1,742.8,477.3,10.1,35.0,0.059
167,-1,647.1,477.9,10.7,31.8,0.051
168,-1,1432.9,542.7,39.8,116.0,0.998
168,-1,342.2,545.7,29.2,77.5,0.972
168,-1,245.7,543.4,26.8,76.6,0.923
168,-1,961.9,513.8,21.0,61.6,0.850
168,-1,531.1,488.2,18.8,55.9,0.827
168,-1,903.4,507.5,15.9,43.7,0.822
168,-1,560.6,515.3,11.9,26.9,0.765
168,-1,978.9,505.3,22.4,70.4,0.765
168,-1,296.3,543.8,22.2,76.7,0.741
168,-1,1237.2,493.7,43.7,100.6,0.609
168,-1,1088.1,522.3,19.6,50.2,0.571
168,-1,1248.4,523.2,29.1,66.6,0.551
168,-1,1066.2,521.7,19.2,55.1,0.538
168,-1,991.0,505.4,15.8,67.9,0.519
168,-1,1246.4,447.2,42.2,146.9,0.516
168,-1,979.3,498.1,17.2,30.7,0.494
168,-1,996.7,512.6,14.1,60.0,0.448
168,-1,292.9,540.3,14.0,69.4,0.447
168,-1,1186.6,533.4,32.6,90.7,0.447
168,-1,960.6,504.3,17.2,32.4,0.439
168,-1,984.5,495.6,20.6,32.8,0.398
168,-1,586.2,482.4,12.5,21.9,0.382
168,-1,538.0,502.5,14.5,42.3,0.300
168,-1,648.6,473.1,12.5,39.4,0.277
168,-1,650.8,470.5,10.0,20.2,0.193
168,-1,584.5,487.8,13.4,46.6,0.167
168,-1,1041.9,528.9,13.5,34.2,0.157
168,-1,1078.1,518.0,21.4,55.9,0.121
168,-1,1033.7,528.3,13.3,37.8,0.117
168,-1,1029.5,527.8,12.6,38.1,0.113
168,-1,911.7,510.7,16.6,42.9,0.112
168,-1,583.8,507.5,14.6,35.5,0.100
168,-1,750.6,485.6,13.8,32.4,0.081
168,-1,738.8,476.4,9.5,32.3,0.078
168,-1,701.3,720.3,67.8,67.1,0.078
168,-1,1037.7,532.1,13.0,33.8,0.072
168,-1,587.7,486.5,13.5,32.8,0.059
168,-1,971.9,504.3,20.1,64.0,0.055
168,-1,836.6,452.9,11.9,28.9,0.054
168,-1,499.9,488.4,24.2,60.2,0.050
169,-1,1426.9,541.0,39.6,119.7,0.998
169,-1,337.0,545.6,29.4,78.2,0.967
169,-1,241.6,542.8,25.2,77.5,0.921
169,-1,526.4,484.6,20.5,60.2,0.885
169,-1,900.9,508.5,16.9,42.1,0.823
169,-1,976.0,494.9,24.3,76.4,0.758
169,-1,1064.5,522.7,18.0,52.6,0.757
169,-1,1182.2,534.0,38.0,91.4,0.734
169,-1,958.4,505.6,17.1,32.5,0.684
169,-1,555.9,516.0,13.4,29.1,0.671
169,-1,1083.6,520.7,21.2,52.1,0.643
169,-1,959.9,512.5,22.2,63.5,0.605
169,-1,976.9,494.8,23.8,36.0,0.502
169,-1,290.8,544.6,22.8,71.9,0.474
169,-1,289.2,543.4,13.7,65.2,0.454
169,-1,645.1,470.8,13.7,41.6,0.412
169,-1,987.7,506.8,17.7,68.4,0.412
169,-1,647.5,469.2,10.8,22.2,0.298
169,-1,1037.0,528.0,15.3,36.6,0.156
169,-1,496.2,485.9,20.8,63.4,0.151
169,-1,1032.3,527.4,15.1,39.2,0.141
169,-1,582.1,488.1,13.7,51.5,0.121
169,-1,1158.8,532.9,14.3,42.4,0.118
169,-1,748.2,476.1,12.2,39.0,0.108
169,-1,1060.6,526.6,13.4,46.0,0.088
169,-1,1027.5,529.5,13.1,37.2,0.088
169,-1,489.9,494.7,13.7,53.1,0.084
169,-1,993.6,514.5,16.6,60.9,0.083
169,-1,835.9,720.7,43.4,47.2,0.079
169,-1,586.1,486.4,12.1,26.5,0.074
169,-1,724.3,720.3,81.5,62.0,0.068
169,-1,514.4,492.2,13.9,51.7,0.066
169,-1,974.5,499.2,18.7,49.4,0.066
169,-1,967.6,502.8,21.9,64.3,0.060
170,-1,1422.3,538.7,39.1,120.6,0.998
170,-1,338.5,546.1,22.3,76.4,0.976
170,-1,1060.0,520.7,18.8,53.6,0.910
170,-1,235.7,546.3,25.0,72.9,0.897
170,-1,988.4,508.1,14.5,65.9,0.887
170,-1,525.6,497.0,17.1,46.7,0.883
170,-1,898.0,503.3,17.1,48.0,0.857
170,-1,1079.6,518.9,22.3,55.6,0.814
170,-1,1180.0,527.9,41.7,99.4,0.769
170,-1,974.2,494.9,23.2,56.5,0.703
170,-1,958.6,518.5,21.6,56.1,0.660
170,-1,955.6,503.0,15.9,32.2,0.637
170,-1,1034.4,530.8,14.9,34.6,0.611
170,-1,973.5,494.2,21.0,32.5,0.556
170,-1,280.2,541.6,14.8,66.8,0.395
170,-1,974.3,515.6,19.6,59.0,0.388
170,-1,644.0,469.4,11.6,36.1,0.258
170,-1,644.8,467.7,9.7,21.2,0.249
170,-1,1246.9,525.8,21.8,62.4,0.226
170,-1,549.2,515.2,15.6,30.0,0.216
170,-1,285.3,544.2,14.5,65.4,0.212
170,-1,1156.6,531.0,15.8,43.6,0.195
170,-1,271.6,542.9,18.8,65.7,0.181
170,-1,1073.6,518.2,19.7,55.7,0.135
170,-1,744.0,488.2,12.0,27.2,0.108
170,-1,290.2,545.6,15.8,68.8,0.105
170,-1,971.7,500.1,17.1,45.4,0.098
170,-1,1233.6,517.2,31.0,75.6,0.084
170,-1,953.0,502.2,10.9,38.4,0.080
170,-1,828.7,722.9,45.5,46.3,0.071
170,-1,903.9,500.0,17.2,53.3,0.062
170,-1,733.9,477.1,9.4,31.2,0.051
171,-1,1415.9,535.6,41.0,125.4,0.998
171,-1,328.3,545.5,27.0,78.2,0.970
171,-1,238.0,550.1,20.8,68.8,0.922
171,-1,229.8,538.3,21.7,79.5,0.904
171,-1,895.7,506.2,17.0,44.9,0.902
171,-1,1181.5,527.9,37.0,100.3,0.897
171,-1,520.4,488.1,19.2,56.5,0.893
171,-1,1057.3,522.1,19.7,52.8,0.846
171,-1,984.0,507.9,15.1,66.4,0.738
171,-1,276.9,542.5,14.0,64.8,0.720
171,-1,969.4,498.3,24.8,77.8,0.677
171,-1,952.0,503.7,18.4,36.2,0.672
171,-1,955.2,508.9,24.2,67.6,0.594
171,-1,1246.9,522.7,19.6,67.2,0.510
171,-1,971.2,494.4,22.4,34.4,0.508
171,-1,544.6,513.8,17.0,30.6,0.457
171,-1,1231.8,523.6,21.4,70.2,0.452
171,-1,641.3,466.8,11.0,26.7,0.435
171,-1,1075.6,519.7,23.8,53.3,0.431
171,-1,1030.9,528.9,14.9,36.7,0.400
171,-1,280.5,544.4,17.1,65.4,0.380
171,-1,974.6,494.6,21.9,56.2,0.298
171,-1,730.7,475.7,10.3,29.0,0.249
171,-1,268.5,543.5,19.2,65.0,0.195
171,-1,1021.2,530.0,13.9,36.1,0.165
171,-1,527.5,497.8,15.5,46.4,0.144
171,-1,575.7,485.0,14.2,57.2,0.105
171,-1,740.6,483.6,12.5,31.1,0.105
171,-1,967.7,500.8,17.9,28.5,0.095
171,-1,279.1,543.5,11.7,35.8,0.066
171,-1,955.5,503.0,23.0,27.6,0.063
171,-1,684.9,716.8,79.0,66.9,0.054
172,-1,1413.7,535.8,41.6,122.2,0.998
172,-1,331.1,545.8,21.4,76.1,0.974
172,-1,224.7,541.1,23.8,77.1,0.935
172,-1,892.3,501.6,18.2,49.4,0.932
172,-1,234.0,545.4,20.5,72.6,0.930
172,-1,271.3,542.5,15.7,65.6,0.852
172,-1,969.5,494.3,23.8,77.6,0.817
172,-1,1180.6,526.4,36.4,100.1,0.803
172,-1,520.3,490.2,16.8,53.3,0.800
172,-1,1054.1,521.5,20.9,52.5,0.744
172,-1,949.5,507.7,27.5,67.0,0.727
172,-1,983.2,510.4,16.9,63.7,0.677
172,-1,969.5,493.7,23.2,38.0,0.600
172,-1,1071.9,517.7,23.3,56.6,0.548
172,-1,542.1,512.9,14.6,28.1,0.444
172,-1,950.0,502.0,18.8,35.7,0.358
172,-1,640.2,466.7,9.6,23.1,0.299
172,-1,1245.4,537.4,18.0,46.7,0.257
172,-1,276.5,545.0,21.0,67.3,0.236
172,-1,1019.3,528.1,13.4,37.7,0.229
172,-1,1028.7,526.8,16.2,37.9,0.217
172,-1,260.9,543.5,20.3,65.5,0.215
172,-1,729.1,475.7,11.3,31.7,0.204
172,-1,637.7,469.0,12.2,32.8,0.169
172,-1,273.6,542.7,13.3,36.6,0.162
172,-1,740.2,477.1,12.5,37.4,0.150
172,-1,1153.3,534.2,12.5,40.0,0.116
172,-1,1235.5,528.5,20.2,54.3,0.094
172,-1,965.3,498.6,19.4,29.2,0.052
173,-1,1411.1,536.6,40.4,123.7,0.998
173,-1,327.7,545.4,21.8,76.0,0.975
173,-1,318.6,544.8,22.2,76.0,0.970
173,-1,221.9,539.3,20.3,80.6,0.963
173,-1,890.4,504.5,17.5,47.0,0.928
173,-1,1177.9,523.4,39.1,104.7,0.919
173,-1,1240.0,521.3,22.5,64.9,0.813
173,-1,1067.9,518.6,20.6,53.5,0.790
173,-1,968.7,513.9,21.2,62.2,0.721
173,-1,948.8,510.6,26.5,65.5,0.694
173,-1,515.7,486.9,17.4,56.7,0.598
173,-1,966.6,495.1,23.1,57.9,0.581
173,-1,1051.1,522.6,18.8,51.5,0.577
173,-1,230.7,550.7,20.8,67.0,0.537
173,-1,947.9,504.4,17.6,36.1,0.502
173,-1,960.3,518.2,23.6,58.7,0.366
173,-1,635.2,466.0,12.8,40.9,0.355
173,-1,1193.8,535.8,26.4,92.4,0.317
173,-1,725.6,474.8,10.7,29.6,0.295
173,-1,976.8,512.7,16.5,60.1,0.271
173,-1,1018.7,533.9,12.2,33.3,0.170
173,-1,737.5,484.2,12.8,30.9,0.170
173,-1,868.3,688.4,23.0,51.8,0.154
173,-1,273.5,545.7,19.7,71.9,0.118
173,-1,267.7,541.8,11.9,34.3,0.115
173,-1,1026.3,527.6,15.3,38.2,0.087
173,-1,255.1,544.5,17.1,60.4,0.082
173,-1,739.0,473.7,11.1,30.5,0.073
173,-1,265.0,542.7,14.8,58.1,0.071
173,-1,1605.6,531.7,54.2,141.3,0.065
173,-1,521.3,498.7,15.5,44.5,0.063
173,-1,741.1,489.8,11.4,27.4,0.060
174,-1,1403.5,537.6,45.7,121.9,0.998
174,-1,314.2,543.1,29.0,79.9,0.977
174,-1,215.6,540.5,24.7,78.4,0.967
174,-1,1175.8,525.6,41.8,104.3,0.954
174,-1,888.1,505.6,16.6,45.7,0.913
174,-1,964.3,496.7,23.5,78.7,0.776
174,-1,513.9,489.1,16.4,53.9,0.765
174,-1,1063.7,516.7,24.6,57.1,0.662
174,-1,226.8,546.5,19.5,72.0,0.624
174,-1,945.9,503.0,17.5,36.5,0.519
174,-1,947.6,510.2,24.3,65.4,0.517
174,-1,1049.3,522.5,20.3,51.9,0.507
174,-1,972.6,511.0,17.9,62.8,0.400
174,-1,260.4,542.1,16.4,69.2,0.387
174,-1,949.7,523.8,17.3,44.3,0.280
174,-1,734.5,489.9,10.6,24.5,0.271
174,-1,635.4,465.2,9.6,24.2,0.261
174,-1,737.0,489.4,13.4,26.5,0.239
174,-1,633.7,466.7,11.9,36.7,0.234
174,-1,723.7,474.8,10.7,32.0,0.227
174,-1,261.6,542.0,13.7,36.1,0.220
174,-1,266.9,545.2,20.3,68.7,0.184
174,-1,1233.2,525.9,21.7,59.3,0.174
174,-1,1603.8,621.2,52.9,53.3,0.145
174,-1,716.3,492.8,9.1,19.0,0.106
174,-1,1023.6,526.3,15.2,39.3,0.057
174,-1,953.7,499.6,22.6,64.2,0.054
175,-1,1390.9,538.0,56.7,123.9,0.998
175,-1,315.1,545.1,24.6,77.7,0.984
175,-1,211.1,544.5,27.6,75.0,0.966
175,-1,886.0,505.3,16.9,44.9,0.896
175,-1,510.5,484.4,17.4,58.0,0.770
175,-1,961.8,498.6,23.7,76.7,0.757
175,-1,1178.9,530.1,40.0,100.3,0.725
175,-1,1048.8,522.2,20.7,51.3,0.703
175,-1,1060.5,517.4,23.5,56.7,0.645
175,-1,965.2,490.2,22.3,57.7,0.600
175,-1,947.4,515.3,22.4,60.4,0.537
175,-1,944.4,503.3,16.9,35.2,0.481
175,-1,732.9,485.9,11.4,29.4,0.409
175,-1,632.3,464.9,10.3,34.0,0.305
175,-1,720.4,473.9,10.3,30.0,0.262
175,-1,1012.3,533.4,11.9,32.9,0.232
175,-1,1236.7,542.1,19.1,48.4,0.220
175,-1,846.9,513.3,17.4,51.7,0.179
175,-1,1022.5,528.7,15.2,35.5,0.175
175,-1,735.8,473.0,10.3,28.3,0.129
175,-1,257.4,541.7,15.2,64.6,0.126
175,-1,257.6,541.8,12.9,35.2,0.115
175,-1,1602.5,590.3,51.7,81.1,0.097
175,-1,266.1,551.6,17.0,64.2,0.081
175,-1,866.3,502.0,20.5,42.3,0.060
176,-1,1386.7,542.1,58.5,120.6,0.998
176,-1,310.8,545.4,23.2,76.6,0.978
176,-1,1043.1,522.1,20.4,53.2,0.966
176,-1,206.4,544.1,20.8,74.8,0.944
176,-1,215.7,548.7,20.1,70.0,0.936
176,-1,1182.0,531.3,31.3,96.2,0.913
176,-1,883.9,506.8,17.0,44.5,0.911
176,-1,509.0,489.2,16.2,54.1,0.868
176,-1,1059.9,517.9,21.4,56.8,0.752
176,-1,960.9,516.1,21.0,60.6,0.687
176,-1,1149.6,537.8,15.9,57.0,0.594
176,-1,248.9,541.4,19.1,68.2,0.568
176,-1,1011.0,535.6,11.0,33.0,0.563
176,-1,1225.2,522.8,28.7,68.4,0.523
176,-1,628.5,466.2,11.9,38.5,0.496
176,-1,950.6,514.3,25.9,62.5,0.457
176,-1,261.0,548.5,18.8,71.1,0.431
176,-1,943.9,513.2,19.5,55.2,0.409
176,-1,962.1,496.0,21.2,63.7,0.348
176,-1,942.2,505.0,16.5,33.5,0.313
176,-1,250.8,541.1,13.3,36.4,0.276
176,-1,732.6,473.9,10.5,25.1,0.268
176,-1,1021.5,528.3,14.7,36.2,0.243
176,-1,718.2,474.8,11.7,31.8,0.152
176,-1,569.9,481.7,19.4,33.5,0.150
176,-1,732.3,490.0,13.3,25.2,0.143
176,-1,1108.4,691.3,101.3,163.6,0.119
176,-1,728.9,479.1,12.8,33.8,0.118
176,-1,957.7,498.2,20.5,46.4,0.097
176,-1,949.5,502.4,21.6,44.4,0.077
176,-1,893.2,508.5,15.4,45.0,0.067
176,-1,1600.6,558.6,50.1,113.4,0.062
176,-1,1015.3,532.5,11.3,34.6,0.050
177,-1,1384.4,541.0,57.7,122.2,0.998
177,-1,307.1,544.9,23.0,75.9,0.981
177,-1,1179.1,528.3,29.7,100.4,0.967
177,-1,201.2,539.2,24.7,78.8,0.931
177,-1,881.7,505.9,17.0,45.5,0.924
177,-1,1218.8,522.2,30.7,69.1,0.875
177,-1,956.0,495.6,25.6,77.1,0.798
177,-1,943.5,518.6,17.7,56.7,0.793
177,-1,212.8,547.2,18.6,70.0,0.791
177,-1,506.4,489.5,16.9,52.2,0.697
177,-1,1150.3,535.6,14.5,57.6,0.652
177,-1,1039.8,521.4,18.8,52.0,0.639
177,-1,953.6,518.4,21.4,57.6,0.631
177,-1,1054.9,518.7,22.8,54.1,0.577
177,-1,244.7,537.5,17.5,69.9,0.574
177,-1,252.5,544.1,23.5,71.2,0.573
177,-1,958.1,493.9,22.6,39.0,0.486
177,-1,940.2,503.2,15.6,29.5,0.457
177,-1,1600.9,549.8,47.9,122.9,0.366
177,-1,939.2,503.6,17.9,52.3,0.269
177,-1,727.1,485.8,11.7,27.5,0.265
177,-1,1007.4,532.9,12.7,33.7,0.219
177,-1,892.0,511.2,14.8,41.8,0.178
177,-1,244.1,536.3,13.6,38.2,0.155
177,-1,842.1,513.0,15.9,46.3,0.106
177,-1,716.1,473.3,10.2,32.1,0.104
177,-1,955.2,499.5,17.6,30.7,0.098
177,-1,730.1,489.1,13.3,25.5,0.087
177,-1,731.9,472.3,9.2,23.4,0.071
177,-1,951.1,509.5,18.0,57.2,0.069
177,-1,708.2,491.9,10.0,18.4,0.064
178,-1,1383.2,540.3,55.4,124.1,0.999
178,-1,303.3,545.6,23.8,77.5,0.974
178,-1,1175.9,526.0,34.1,104.0,0.972
178,-1,199.2,546.2,25.2,73.5,0.947
178,-1,1216.1,516.0,32.6,78.1,0.905
178,-1,878.8,508.2,16.5,42.9,0.892
178,-1,941.9,521.3,18.3,54.9,0.807
178,-1,1599.8,540.4,46.4,136.7,0.784
178,-1,955.4,503.5,22.3,74.4,0.771
178,-1,504.3,488.9,17.8,54.8,0.686
178,-1,234.7,539.8,19.0,70.4,0.611
178,-1,949.3,516.9,20.8,60.8,0.611
178,-1,1148.5,537.5,14.6,55.6,0.565
178,-1,238.4,538.6,13.2,39.4,0.494
178,-1,1052.9,518.3,22.7,55.1,0.433
178,-1,1036.3,522.0,17.6,52.2,0.417
178,-1,957.6,492.8,20.2,54.0,0.346
178,-1,1006.0,536.2,12.2,32.2,0.322
178,-1,938.6,504.0,15.3,32.5,0.311
178,-1,955.0,497.6,16.3,31.9,0.275
178,-1,250.6,549.3,20.7,66.8,0.275
178,-1,625.8,465.7,9.7,24.1,0.251
178,-1,705.4,492.6,10.4,18.9,0.249
178,-1,564.8,485.4,18.7,34.3,0.163
178,-1,952.9,504.9,17.8,46.3,0.163
178,-1,541.2,591.6,22.9,21.4,0.161
178,-1,725.4,487.8,12.1,26.2,0.121
178,-1,713.8,474.5,10.3,27.7,0.117
178,-1,891.0,514.1,13.0,40.6,0.094
178,-1,508.3,489.1,23.3,57.3,0.073
178,-1,497.0,492.7,18.4,50.5,0.073
178,-1,942.0,506.7,23.7,50.4,0.072
178,-1,717.9,477.2,10.9,28.3,0.065
178,-1,1142.2,540.6,12.3,39.5,0.063
178,-1,514.9,505.7,18.6,40.1,0.059
179,-1,1382.4,540.9,54.5,123.6,0.998
179,-1,191.7,540.1,30.1,79.8,0.971
179,-1,292.8,543.4,27.9,80.7,0.958
179,-1,1175.1,531.5,35.1,99.7,0.954
179,-1,877.0,507.0,16.6,43.6,0.932
179,-1,1599.7,543.1,43.6,135.3,0.895
179,-1,953.8,496.2,23.3,81.8,0.842
179,-1,940.9,524.5,16.3,50.8,0.834
179,-1,501.5,493.6,16.5,50.1,0.788
179,-1,1216.8,523.1,29.0,71.5,0.685
179,-1,232.8,536.0,17.9,65.7,0.602
179,-1,1046.8,517.9,27.5,55.7,0.502
179,-1,937.3,503.9,16.4,27.4,0.479
179,-1,953.0,494.7,20.7,36.9,0.441
179,-1,230.9,536.1,15.8,44.5,0.405
179,-1,623.2,466.0,10.7,24.1,0.354
179,-1,1033.8,520.6,16.9,52.5,0.323
179,-1,563.8,483.3,16.2,35.7,0.280
179,-1,703.7,493.3,7.7,17.1,0.264
179,-1,514.4,509.9,15.6,36.1,0.228
179,-1,240.2,540.8,15.5,68.2,0.213
179,-1,948.5,498.2,21.8,58.0,0.158
179,-1,835.5,514.2,17.1,50.5,0.123
179,-1,1003.7,531.9,14.8,35.9,0.106
179,-1,935.8,504.7,15.2,55.0,0.102
179,-1,720.9,487.6,10.8,25.8,0.101
179,-1,942.1,504.1,21.8,45.1,0.097
179,-1,887.7,513.6,14.2,39.8,0.089
179,-1,943.3,502.5,19.4,24.9,0.068
179,-1,707.0,493.0,9.0,17.6,0.062
179,-1,1603.5,545.8,76.3,138.2,0.058
179,-1,249.3,550.4,18.4,69.4,0.057
180,-1,1381.9,539.2,51.9,126.5,0.999
180,-1,287.4,545.4,27.9,80.0,0.979
180,-1,187.3,548.0,27.7,72.5,0.932
180,-1,874.4,509.4,15.7,42.3,0.907
180,-1,1605.5,559.2,48.0,116.0,0.856
180,-1,1173.7,532.8,39.5,102.0,0.841
180,-1,950.2,509.1,24.9,72.4,0.798
180,-1,937.4,518.5,17.9,59.9,0.755
180,-1,242.9,553.4,20.6,68.4,0.639
180,-1,499.1,491.1,17.0,53.6,0.633
180,-1,1212.9,520.8,27.2,74.0,0.612
180,-1,225.5,537.4,17.4,59.0,0.490
180,-1,1049.2,520.2,19.0,50.0,0.456
180,-1,1030.0,522.0,20.0,54.6,0.453
180,-1,953.2,499.0,20.9,54.6,0.421
180,-1,929.8,503.9,11.4,36.1,0.361
180,-1,954.2,496.1,18.4,32.7,0.335
180,-1,933.4,506.0,16.6,30.7,0.285
180,-1,229.6,538.9,18.9,71.6,0.259
180,-1,712.5,483.2,11.9,30.2,0.245
180,-1,621.9,465.7,8.9,22.4,0.214
180,-1,557.3,488.0,17.8,32.4,0.139
180,-1,944.3,515.7,20.8,61.1,0.128
180,-1,885.7,512.8,14.8,42.6,0.127
180,-1,1175.0,528.3,22.2,51.9,0.123
180,-1,936.2,506.9,19.7,42.6,0.119
180,-1,949.3,501.3,18.9,29.6,0.115
180,-1,946.3,504.2,15.1,24.0,0.113
180,-1,236.1,543.8,17.3,68.6,0.092
180,-1,837.9,513.2,15.2,31.3,0.078
180,-1,719.0,486.8,12.6,26.2,0.071
180,-1,1606.6,535.7,81.6,144.5,0.063
180,-1,939.0,505.9,15.2,22.8,0.057
180,-1,661.2,707.7,92.7,61.6,0.053
180,-1,944.5,504.4,18.7,48.6,0.053
181,-1,1381.3,538.0,47.3,127.9,0.998
181,-1,291.5,545.4,24.3,80.7,0.985
181,-1,181.2,548.3,27.7,73.6,0.954
181,-1,1176.1,540.5,31.3,94.0,0.951
181,-1,1613.1,565.5,32.7,111.0,0.944
181,-1,872.6,510.7,16.5,42.7,0.838
181,-1,946.8,496.2,26.1,72.3,0.790
181,-1,930.9,506.1,18.0,46.0,0.721
181,-1,223.6,540.5,19.9,70.0,0.584
181,-1,497.6,491.3,16.2,52.9,0.578
181,-1,219.1,539.8,17.3,58.2,0.544
181,-1,1209.4,524.2,26.9,73.5,0.515
181,-1,934.4,508.5,20.7,71.1,0.503
181,-1,617.1,468.2,11.3,33.2,0.492
181,-1,1044.3,517.4,25.4,59.6,0.434
181,-1,1026.3,521.9,21.4,56.9,0.403
181,-1,193.6,550.9,18.6,69.5,0.391
181,-1,999.5,537.3,13.4,32.4,0.265
181,-1,949.2,496.2,20.8,42.1,0.256
181,-1,281.5,545.4,20.7,77.4,0.249
181,-1,1171.2,526.9,20.2,56.6,0.247
181,-1,237.1,548.4,20.9,74.0,0.211
181,-1,1141.2,542.4,14.1,54.4,0.185
181,-1,534.4,591.5,35.1,22.5,0.176
181,-1,928.2,504.6,14.2,41.4,0.170
181,-1,1111.6,518.3,21.8,56.6,0.147
181,-1,1010.2,530.0,13.9,36.8,0.140
181,-1,553.9,487.6,19.0,35.1,0.134
181,-1,934.5,504.8,17.3,28.1,0.070
181,-1,1025.5,512.1,45.5,67.0,0.052
181,-1,947.0,500.4,15.9,32.2,0.052
182,-1,1379.7,538.1,43.1,126.9,0.999
182,-1,278.8,547.4,30.6,78.7,0.966
182,-1,1614.1,566.2,33.7,110.0,0.965
182,-1,177.2,546.2,26.7,77.4,0.960
182,-1,1174.8,539.5,33.2,95.3,0.936
182,-1,944.1,496.0,25.5,79.9,0.844
182,-1,870.0,509.2,16.7,42.1,0.810
182,-1,1024.1,523.4,20.1,55.2,0.786
182,-1,214.1,537.4,17.7,53.3,0.595
182,-1,928.1,504.8,18.3,43.7,0.570
182,-1,232.1,551.1,22.0,72.3,0.531
182,-1,933.1,511.6,21.1,66.8,0.503
182,-1,1168.7,530.9,18.5,49.3,0.495
182,-1,998.2,538.2,11.4,31.5,0.464
182,-1,952.2,518.4,19.3,61.5,0.462
182,-1,1209.4,523.3,23.4,71.9,0.378
182,-1,493.7,491.8,18.3,54.7,0.366
182,-1,946.9,495.1,20.0,34.7,0.343
182,-1,1008.4,536.5,11.4,31.3,0.320
182,-1,220.3,537.8,18.9,74.8,0.317
182,-1,617.7,467.6,9.0,21.5,0.253
182,-1,924.3,504.0,10.3,37.8,0.187
182,-1,551.8,487.3,16.7,34.5,0.153
182,-1,1045.2,528.9,19.5,47.6,0.148
182,-1,616.7,470.5,12.0,29.8,0.110
182,-1,1186.5,526.5,39.6,88.1,0.098
182,-1,882.2,514.8,14.1,40.7,0.082
182,-1,1004.7,537.7,10.4,30.6,0.081
183,-1,1377.9,539.5,41.4,126.0,0.999
183,-1,1607.1,561.0,46.1,116.9,0.971
183,-1,278.3,549.3,26.9,79.4,0.965
183,-1,1173.9,540.9,34.3,94.8,0.954
183,-1,172.3,546.8,27.6,78.4,0.953
183,-1,1020.9,522.9,21.9,56.9,0.916
183,-1,940.8,497.9,24.7,76.2,0.773
183,-1,867.1,508.9,18.0,42.8,0.766
183,-1,944.8,492.0,28.3,63.2,0.757
183,-1,1165.5,530.5,19.3,46.9,0.663
183,-1,212.6,539.6,18.4,66.1,0.575
183,-1,1042.6,522.2,21.5,55.5,0.504
183,-1,1201.3,524.4,26.2,67.1,0.488
183,-1,1101.7,517.5,24.8,59.0,0.485
183,-1,933.2,524.2,18.6,56.0,0.485
183,-1,232.0,546.8,16.9,79.1,0.459
183,-1,946.0,491.7,20.1,43.9,0.389
183,-1,1007.6,533.6,14.0,35.2,0.353
183,-1,994.9,538.5,12.2,32.6,0.326
183,-1,548.4,487.5,16.9,35.4,0.280
183,-1,927.0,504.8,16.7,31.3,0.234
183,-1,1030.0,523.9,29.9,54.9,0.233
183,-1,217.4,541.8,20.0,71.2,0.186
183,-1,205.7,541.9,20.5,55.0,0.178
183,-1,927.9,506.2,20.1,62.6,0.175
183,-1,941.6,501.5,17.4,53.8,0.155
183,-1,703.8,478.2,10.8,35.1,0.138
183,-1,615.2,466.9,9.1,23.1,0.136
183,-1,714.8,488.4,10.6,25.7,0.132
183,-1,701.9,494.2,8.1,19.4,0.098
183,-1,802.6,452.4,13.3,28.9,0.089
183,-1,1195.4,528.1,21.2,69.5,0.057
184,-1,1376.0,537.8,39.6,127.5,0.999
184,-1,1173.9,541.0,33.8,95.3,0.991
184,-1,1608.5,560.5,48.3,116.9,0.982
184,-1,269.5,550.9,27.4,78.7,0.979
184,-1,166.5,550.5,27.7,76.5,0.962
184,-1,864.8,510.1,17.1,44.0,0.942
184,-1,1019.8,521.0,20.4,57.6,0.891
184,-1,939.0,494.6,23.2,81.9,0.787
184,-1,1038.4,521.3,22.6,56.3,0.722
184,-1,208.8,541.6,22.8,56.9,0.667
184,-1,941.1,494.9,19.6,36.6,0.535
184,-1,226.9,546.4,16.7,81.4,0.444
184,-1,925.9,507.0,15.9,41.6,0.387
184,-1,929.3,503.3,24.8,77.1,0.366
184,-1,612.9,467.3,8.9,24.0,0.295
184,-1,993.7,539.1,11.8,31.3,0.288
184,-1,546.3,486.5,14.8,33.7,0.277
184,-1,946.3,514.9,19.2,64.4,0.245
184,-1,212.1,544.4,28.5,72.9,0.227
184,-1,206.5,540.6,15.1,42.3,0.223
184,-1,800.9,453.5,14.6,29.2,0.114
184,-1,1002.3,531.4,13.8,38.2,0.109
184,-1,611.7,471.7,13.5,35.9,0.104
184,-1,880.3,518.7,11.9,37.7,0.098
184,-1,952.6,534.3,15.7,44.7,0.088
184,-1,933.3,498.6,23.5,56.4,0.063
184,-1,552.7,486.5,11.6,27.9,0.056
184,-1,1009.4,528.0,12.8,40.8,0.055
185,-1,1372.3,538.1,42.4,126.3,0.998
185,-1,1612.9,568.6,42.2,108.7,0.988
185,-1,1171.7,540.5,30.7,97.5,0.986
185,-1,265.7,550.0,32.5,81.8,0.973
185,-1,162.6,551.6,29.7,77.4,0.962
185,-1,862.6,509.2,16.2,44.5,0.928
185,-1,1163.5,538.2,14.7,53.8,0.910
185,-1,933.8,495.3,27.3,85.2,0.882
185,-1,1016.2,522.0,21.4,56.5,0.643
185,-1,1026.3,520.3,30.6,58.6,0.359
185,-1,203.6,544.1,17.6,56.8,0.303
185,-1,928.9,524.9,15.6,53.5,0.302
185,-1,925.0,505.0,16.4,43.7,0.289
185,-1,608.0,469.5,12.1,40.7,0.279
185,-1,928.7,503.1,22.4,76.5,0.268
185,-1,798.5,452.8,16.5,33.9,0.226
185,-1,952.7,542.9,15.5,36.7,0.216
185,-1,609.6,469.4,9.3,24.6,0.198
185,-1,713.4,492.0,10.6,23.6,0.166
185,-1,1002.2,532.3,14.4,36.5,0.144
185,-1,544.9,486.7,13.2,33.7,0.140
185,-1,876.1,516.3,13.1,41.4,0.100
185,-1,947.4,526.8,18.8,53.0,0.088
185,-1,708.5,490.2,11.2,26.7,0.084
185,-1,699.8,486.7,8.3,28.2,0.068
185,-1,697.7,495.2,8.4,20.3,0.063
186,-1,1369.3,537.3,41.5,127.1,0.997
186,-1,1612.4,566.3,45.2,111.3,0.994
186,-1,264.4,551.3,27.8,80.0,0.982
186,-1,1173.7,538.4,28.5,99.7,0.972
186,-1,156.8,552.5,29.8,77.8,0.972
186,-1,859.9,510.7,17.2,44.2,0.972
186,-1,1161.2,538.6,15.9,57.4,0.861
186,-1,1031.5,520.2,25.4,59.2,0.701
186,-1,933.7,496.6,22.7,84.7,0.683
186,-1,1011.7,522.4,22.5,57.0,0.635
186,-1,604.7,470.5,14.4,41.3,0.625
186,-1,198.6,545.5,13.3,56.0,0.609
186,-1,920.7,505.5,15.7,35.6,0.498
186,-1,941.7,490.5,17.9,41.7,0.393
186,-1,607.4,468.4,10.3,29.6,0.375
186,-1,937.1,495.5,19.0,51.4,0.327
186,-1,928.6,520.4,18.1,58.6,0.287
186,-1,483.1,500.2,18.8,46.8,0.214
186,-1,922.6,507.6,19.6,68.5,0.213
186,-1,988.4,538.4,13.3,33.8,0.158
186,-1,538.8,490.1,14.9,34.9,0.153
186,-1,875.0,518.1,12.5,40.3,0.130
186,-1,1124.1,537.0,19.3,61.1,0.097
186,-1,188.1,549.9,20.8,53.3,0.095
186,-1,697.6,479.0,10.8,34.9,0.092
186,-1,796.0,452.9,15.3,31.3,0.086
186,-1,561.4,482.7,11.1,31.4,0.078
186,-1,915.4,505.6,10.3,40.7,0.056
186,-1,944.1,521.0,18.8,60.1,0.053
187,-1,1365.8,538.0,44.0,126.7,0.998
187,-1,1609.2,564.4,46.1,112.0,0.984
187,-1,858.0,510.3,17.4,44.3,0.960
187,-1,152.1,553.1,29.8,78.7,0.938
187,-1,256.8,551.4,31.3,81.9,0.862
187,-1,1010.8,525.5,20.1,55.2,0.843
187,-1,1172.8,537.4,29.6,101.3,0.808
187,-1,1159.8,541.5,16.3,55.6,0.792
187,-1,1027.4,521.6,27.5,58.3,0.756
187,-1,931.4,494.4,22.1,70.9,0.683
187,-1,191.5,546.4,17.4,62.8,0.490
187,-1,604.9,470.7,12.2,38.8,0.440
187,-1,606.4,469.5,9.1,23.2,0.397
187,-1,918.8,506.9,15.6,39.5,0.376
187,-1,934.5,494.9,18.5,37.6,0.305
187,-1,986.9,538.9,13.7,32.6,0.275
187,-1,1089.1,513.9,25.5,65.5,0.270
187,-1,931.9,522.1,19.0,58.0,0.257
187,-1,925.7,522.2,16.1,57.7,0.243
187,-1,481.0,501.1,17.5,47.4,0.162
187,-1,681.8,496.9,7.8,15.3,0.143
187,-1,925.3,506.9,15.8,44.8,0.108
187,-1,537.1,490.0,13.9,35.8,0.091
187,-1,559.6,484.2,9.8,31.1,0.090
187,-1,999.4,535.1,12.5,34.4,0.087
187,-1,1176.6,533.9,18.8,51.8,0.083
187,-1,792.4,453.4,17.2,34.1,0.082
187,-1,545.0,487.4,10.6,25.5,0.081
187,-1,948.4,543.6,14.4,36.8,0.073
187,-1,594.2,703.2,63.2,65.7,0.069
187,-1,691.2,497.6,10.5,18.4,0.064
187,-1,1005.7,524.6,18.1,51.2,0.063
187,-1,1083.2,474.6,38.4,105.4,0.052
188,-1,1363.5,541.4,45.5,124.1,0.998
188,-1,1607.4,564.3,48.7,113.3,0.991
188,-1,148.1,560.0,29.0,72.0,0.969
188,-1,253.0,554.8,30.0,80.0,0.960
188,-1,856.8,510.8,17.4,44.6,0.929
188,-1,1084.8,520.2,24.2,61.3,0.841
188,-1,1028.2,523.1,25.0,54.6,0.814
188,-1,1009.7,522.4,19.1,56.0,0.796
188,-1,186.5,548.2,20.5,74.0,0.781
188,-1,930.2,498.4,22.6,83.8,0.654
188,-1,1172.6,539.4,29.1,100.3,0.548
188,-1,916.0,507.5,15.6,40.1,0.505
188,-1,602.3,471.0,11.7,38.7,0.467
188,-1,931.2,496.1,19.4,43.2,0.453
188,-1,1157.6,541.2,15.6,54.6,0.305
188,-1,186.3,552.0,38.5,75.8,0.287
188,-1,603.0,468.8,10.2,24.6,0.270
188,-1,480.0,500.5,15.3,49.9,0.267
188,-1,914.4,505.4,11.7,35.4,0.236
188,-1,910.7,507.6,10.4,41.1,0.172
188,-1,693.0,480.7,10.7,35.6,0.171
188,-1,680.3,497.8,7.4,16.7,0.158
188,-1,602.4,704.7,76.8,61.5,0.107
188,-1,1000.2,528.4,12.8,41.5,0.080
188,-1,765.8,502.0,16.7,21.0,0.074
188,-1,544.7,488.9,11.2,25.8,0.072
188,-1,749.7,502.7,16.3,23.4,0.064
188,-1,926.6,503.8,16.8,52.2,0.053
188,-1,774.3,500.4,15.1,23.1,0.053
188,-1,163.1,549.3,36.1,81.7,0.052
188,-1,1639.6,572.5,18.7,52.4,0.051
189,-1,1361.1,547.8,47.7,117.8,0.999
189,-1,1609.7,563.2,48.1,113.4,0.992
189,-1,854.6,509.1,17.9,47.1,0.962
189,-1,248.2,555.1,31.4,81.3,0.958
189,-1,143.8,558.3,27.9,76.6,0.922
189,-1,1007.4,522.5,22.0,56.5,0.852
189,-1,1026.0,523.0,23.4,55.4,0.815
189,-1,1081.9,519.4,25.5,61.2,0.805
189,-1,181.3,549.3,18.7,73.1,0.765
189,-1,927.8,498.2,21.1,85.8,0.759
189,-1,1171.1,537.1,31.0,103.3,0.714
189,-1,914.1,508.1,15.9,41.6,0.557
189,-1,1155.5,540.4,17.2,55.7,0.433
189,-1,930.7,498.3,16.9,39.8,0.399
189,-1,600.8,470.5,11.5,22.6,0.379
189,-1,186.0,555.3,30.2,71.3,0.303
189,-1,477.0,500.4,16.5,53.7,0.290
189,-1,909.9,507.7,11.5,43.6,0.194
189,-1,917.4,503.8,19.5,51.9,0.185
189,-1,553.9,486.5,10.3,29.0,0.173
189,-1,599.3,471.5,14.0,37.8,0.159
189,-1,935.9,524.0,21.6,60.6,0.141
189,-1,557.2,485.4,10.6,31.1,0.130
189,-1,923.2,518.0,14.8,63.1,0.106
189,-1,536.9,488.9,10.9,19.4,0.100
189,-1,677.4,498.1,8.9,15.6,0.097
189,-1,532.6,489.8,16.1,30.9,0.093
189,-1,813.6,518.3,15.3,58.4,0.092
189,-1,923.3,502.2,18.8,59.0,0.089
189,-1,762.3,502.3,14.5,20.8,0.075
189,-1,1628.2,566.6,30.3,84.4,0.072
189,-1,548.3,488.0,11.6,29.1,0.063
189,-1,693.8,484.3,9.9,31.6,0.061
189,-1,888.1,504.3,13.8,46.4,0.050
190,-1,1358.1,549.6,44.4,116.7,0.999
190,-1,1611.4,557.4,47.6,118.7,0.987
190,-1,249.3,556.9,25.8,79.3,0.985
190,-1,853.0,511.1,17.7,46.1,0.976
190,-1,1079.8,522.1,22.1,59.3,0.970
190,-1,139.0,554.0,30.7,82.4,0.936
190,-1,173.9,550.4,22.7,76.2,0.911
190,-1,1024.3,524.7,24.0,53.0,0.740
190,-1,1003.9,523.4,21.6,55.9,0.609
190,-1,1100.9,514.8,27.7,64.2,0.595
190,-1,1167.7,531.9,36.3,109.6,0.558
190,-1,912.4,508.2,15.2,37.8,0.477
190,-1,470.1,506.5,21.3,47.9,0.409
190,-1,926.1,519.8,20.3,64.1,0.347
190,-1,600.2,470.1,9.6,22.3,0.309
190,-1,675.0,498.2,7.8,17.2,0.298
190,-1,865.6,519.6,14.2,40.4,0.278
190,-1,1153.6,539.0,16.4,57.6,0.263
190,-1,1085.8,517.2,32.5,65.4,0.262
190,-1,180.9,555.6,34.8,78.7,0.196
190,-1,930.1,498.9,14.9,33.3,0.146
190,-1,530.2,491.0,15.0,34.9,0.138
190,-1,920.6,507.0,14.5,46.1,0.130
190,-1,531.9,488.8,11.5,19.4,0.126
190,-1,597.9,473.0,14.5,40.9,0.125
190,-1,1630.9,562.2,28.9,58.7,0.103
190,-1,0.0,526.2,5.6,164.0,0.091
190,-1,534.9,489.4,14.3,26.9,0.087
190,-1,526.1,491.7,15.1,51.3,0.085
190,-1,1613.1,547.0,44.2,52.0,0.081
190,-1,1009.1,524.0,29.2,55.8,0.080
190,-1,1388.3,550.2,20.0,76.8,0.080
190,-1,464.3,500.6,14.9,48.9,0.075
190,-1,551.5,487.0,10.3,28.8,0.074
191,-1,1356.5,549.2,42.8,118.2,0.997
191,-1,1608.6,560.4,51.1,115.9,0.991
191,-1,247.0,557.7,26.4,81.0,0.988
191,-1,850.6,509.7,17.7,47.3,0.980
191,-1,1078.0,516.9,23.1,65.6,0.977
191,-1,133.7,556.5,30.8,81.9,0.943
191,-1,1165.7,532.1,39.0,110.2,0.930
191,-1,1099.6,516.1,26.5,64.9,0.773
191,-1,910.4,508.5,14.8,41.6,0.759
191,-1,1021.2,525.3,23.5,53.4,0.707
191,-1,170.0,551.1,18.7,70.3,0.672
191,-1,1002.2,525.3,23.6,55.4,0.642
191,-1,924.1,523.8,20.4,61.6,0.492
191,-1,174.0,552.9,38.3,80.6,0.462
191,-1,465.2,510.9,22.2,47.5,0.429
191,-1,597.8,471.7,9.9,22.5,0.405
191,-1,921.0,499.1,22.4,53.5,0.390
191,-1,927.1,499.6,15.5,37.3,0.316
191,-1,686.4,479.8,10.3,37.3,0.273
191,-1,1632.1,557.5,28.9,62.2,0.220
191,-1,673.3,498.4,8.1,19.3,0.168
191,-1,1166.1,523.5,18.8,64.3,0.167
191,-1,906.2,508.6,10.1,39.8,0.166
191,-1,595.8,472.5,13.1,38.4,0.161
191,-1,864.5,520.9,13.9,40.3,0.160
191,-1,939.9,540.7,14.8,42.7,0.154
191,-1,1116.7,522.7,16.4,57.6,0.152
191,-1,919.8,506.9,14.6,41.7,0.147
191,-1,761.9,502.8,15.8,21.0,0.136
191,-1,1613.5,548.6,46.1,56.8,0.083
191,-1,530.6,489.6,11.8,21.2,0.073
191,-1,858.0,514.3,14.9,44.9,0.069
191,-1,699.4,494.1,10.9,24.6,0.059
192,-1,1355.0,549.5,40.8,116.4,0.997
192,-1,1608.5,561.9,52.6,114.4,0.995
192,-1,848.9,509.0,17.7,48.7,0.985
192,-1,236.2,556.6,26.5,81.4,0.981
192,-1,129.4,555.7,30.6,83.2,0.962
192,-1,1077.1,517.8,19.8,61.9,0.943
192,-1,1018.9,521.6,23.5,56.9,0.892
192,-1,1164.8,534.4,36.1,108.7,0.830
192,-1,1099.4,519.0,24.8,59.2,0.725
192,-1,167.2,549.8,19.2,79.0,0.705
192,-1,908.4,507.5,15.4,39.3,0.689
192,-1,996.3,523.0,24.7,59.2,0.675
192,-1,169.2,552.5,14.6,40.3,0.551
192,-1,595.2,471.8,11.0,21.4,0.523
192,-1,924.3,527.2,18.3,57.1,0.432
192,-1,462.8,510.5,22.0,49.5,0.362
192,-1,1088.4,510.2,36.6,125.9,0.348
192,-1,671.3,498.1,7.3,18.9,0.343
192,-1,1633.7,560.6,28.0,55.8,0.334
192,-1,1080.3,518.5,28.8,63.5,0.267
192,-1,168.0,552.0,40.4,84.1,0.256
192,-1,920.3,503.1,21.4,65.9,0.247
192,-1,1611.4,551.9,52.5,74.1,0.179
192,-1,1109.1,519.6,20.1,57.1,0.148
192,-1,757.2,502.3,14.6,21.2,0.141
192,-1,915.3,503.9,19.7,47.8,0.140
192,-1,926.1,498.5,14.3,38.9,0.135
192,-1,863.4,519.1,12.4,40.7,0.135
192,-1,685.0,480.0,10.0,35.3,0.135
192,-1,595.0,472.3,13.7,34.7,0.122
192,-1,910.2,508.5,17.6,55.1,0.088
192,-1,873.2,501.6,15.8,40.5,0.086
192,-1,1088.0,519.4,31.1,71.1,0.081
193,-1,1353.3,549.0,41.4,118.9,0.997
193,-1,1609.0,558.0,53.4,120.5,0.995
193,-1,847.7,513.0,16.9,46.0,0.986
193,-1,125.6,558.7,28.7,81.8,0.966
193,-1,233.2,559.8,23.4,78.2,0.883
193,-1,1075.3,521.4,23.6,61.8,0.840
193,-1,1164.9,539.3,33.0,104.3,0.787
193,-1,161.0,553.3,19.2,74.3,0.686
193,-1,917.1,525.3,25.6,62.8,0.663
193,-1,1018.4,523.7,23.7,55.8,0.644
193,-1,907.2,508.0,15.2,42.8,0.627
193,-1,163.5,552.9,16.2,43.2,0.554
193,-1,997.0,524.9,20.3,57.9,0.505
193,-1,916.4,496.1,23.5,63.2,0.451
193,-1,595.0,473.3,9.5,20.8,0.391
193,-1,1164.1,545.2,23.5,72.9,0.352
193,-1,862.3,523.2,11.3,38.5,0.311
193,-1,1094.8,516.6,21.6,55.8,0.281
193,-1,669.8,499.6,6.7,18.1,0.211
193,-1,1616.7,551.2,47.2,64.9,0.180
193,-1,921.2,501.4,16.0,44.1,0.133
193,-1,974.1,546.2,12.4,29.5,0.131
193,-1,900.1,510.4,10.0,38.2,0.122
193,-1,915.1,506.7,16.4,46.4,0.084
193,-1,939.4,544.1,13.8,39.0,0.080
193,-1,913.0,512.9,21.0,58.4,0.079
193,-1,682.5,480.0,8.8,35.1,0.075
193,-1,594.3,475.9,12.6,38.1,0.054
194,-1,1351.5,546.0,41.4,124.5,0.998
194,-1,1616.1,550.5,47.0,128.4,0.995
194,-1,120.7,560.3,32.3,84.5,0.983
194,-1,845.5,510.8,17.7,49.0,0.963
194,-1,227.1,562.0,32.4,83.1,0.960
194,-1,1012.8,527.4,24.7,54.6,0.957
194,-1,1069.6,521.8,21.9,60.7,0.910
194,-1,993.4,525.3,23.3,58.7,0.892
194,-1,156.2,553.3,17.9,70.1,0.573
194,-1,1000.5,524.3,25.8,59.9,0.546
194,-1,905.0,509.5,17.2,46.4,0.451
194,-1,591.9,473.0,10.5,23.9,0.437
194,-1,1091.8,518.0,20.3,53.5,0.399
194,-1,453.8,511.8,21.2,47.3,0.392
194,-1,914.2,525.2,32.5,65.2,0.383
194,-1,157.6,554.2,14.1,42.6,0.307
194,-1,666.3,502.7,8.4,17.9,0.247
194,-1,1168.0,544.3,28.7,101.0,0.245
194,-1,1619.6,552.0,45.0,63.8,0.204
194,-1,680.5,481.2,10.5,34.5,0.172
194,-1,905.9,509.7,15.0,26.1,0.144
194,-1,1082.1,525.8,14.6,55.3,0.110
194,-1,672.5,499.4,7.7,20.4,0.103
194,-1,909.4,508.7,21.1,53.4,0.103
194,-1,855.0,515.9,15.6,46.1,0.098
194,-1,1091.2,538.6,20.4,56.2,0.091
194,-1,670.1,501.4,7.7,18.1,0.084
194,-1,692.1,496.4,13.6,23.7,0.075
194,-1,900.0,512.0,10.4,37.9,0.061
195,-1,1348.7,544.4,42.9,127.3,0.998
195,-1,1616.5,550.6,49.1,128.4,0.995
195,-1,116.8,561.7,31.0,82.7,0.983
195,-1,1065.8,518.7,20.3,63.6,0.974
195,-1,843.9,512.9,17.0,45.9,0.967
195,-1,222.0,561.6,30.7,81.9,0.965
195,-1,1010.0,525.4,22.5,55.7,0.948
195,-1,990.5,524.3,22.4,58.4,0.897
195,-1,1089.0,515.4,22.1,60.5,0.738
195,-1,149.5,555.6,24.1,76.2,0.682
195,-1,902.8,509.5,17.4,49.8,0.605
195,-1,914.5,531.5,22.7,56.3,0.533
195,-1,589.4,473.1,11.2,24.8,0.430
195,-1,666.0,501.7,7.5,18.0,0.311
195,-1,1163.7,534.6,37.6,109.5,0.294
195,-1,904.9,515.1,26.5,67.1,0.242
195,-1,971.3,544.9,12.0,32.7,0.231
195,-1,678.7,481.8,9.7,32.4,0.224
195,-1,588.3,474.6,13.8,42.8,0.131
195,-1,820.9,505.8,19.7,27.8,0.126
195,-1,153.2,554.4,14.2,41.8,0.115
195,-1,1619.6,552.3,44.8,48.7,0.109
195,-1,691.6,497.8,15.7,24.5,0.089
195,-1,923.6,536.0,22.5,48.1,0.082
195,-1,853.0,517.3,16.0,44.2,0.053
196,-1,1348.0,543.5,42.6,127.4,0.998
196,-1,1618.1,551.1,48.0,126.7,0.994
196,-1,111.1,564.2,31.9,80.1,0.986
196,-1,842.7,513.3,16.9,45.9,0.976
196,-1,1009.3,525.5,21.7,56.9,0.972
196,-1,219.7,562.4,35.3,84.4,0.968
196,-1,989.3,525.0,21.9,58.3,0.943
196,-1,1064.7,518.3,18.5,64.3,0.923
196,-1,142.7,557.4,25.3,72.8,0.712
196,-1,1088.0,516.2,19.1,58.2,0.646
196,-1,1623.2,551.8,41.9,47.3,0.552
196,-1,969.4,541.9,13.5,34.6,0.542
196,-1,588.5,473.2,10.2,23.1,0.520
196,-1,902.4,510.5,15.5,51.2,0.481
196,-1,908.7,525.1,25.2,63.8,0.481
196,-1,664.1,502.4,7.3,16.5,0.419
196,-1,1161.9,538.7,40.5,108.7,0.399
196,-1,916.3,529.8,25.3,58.2,0.380
196,-1,452.8,508.6,20.3,52.1,0.162
196,-1,1098.1,524.8,14.4,50.8,0.148
196,-1,1111.3,528.3,13.2,43.3,0.146
196,-1,818.3,506.0,18.6,26.1,0.134
196,-1,671.1,502.6,8.4,17.4,0.092
196,-1,668.9,501.0,8.4,17.3,0.056
196,-1,678.0,482.1,9.9,32.6,0.055
196,-1,537.8,490.7,12.5,25.5,0.052
197,-1,1346.9,541.8,43.0,125.5,0.998
197,-1,1618.9,551.4,48.1,127.3,0.992
197,-1,1008.2,525.8,21.3,55.5,0.979
197,-1,106.9,567.2,30.7,79.0,0.974
197,-1,842.0,513.1,15.6,47.1,0.957
197,-1,985.7,525.5,23.1,58.3,0.942
197,-1,215.4,561.6,30.8,80.4,0.940
197,-1,1062.5,520.4,17.3,61.6,0.902
197,-1,587.3,474.1,10.2,21.4,0.556
197,-1,904.2,528.2,27.2,61.1,0.505
197,-1,900.2,509.9,15.9,49.5,0.489
197,-1,1084.4,515.8,20.5,62.9,0.366
197,-1,142.4,559.1,21.3,64.4,0.345
197,-1,1623.8,551.6,41.9,47.1,0.331
197,-1,662.2,502.4,8.0,18.2,0.318
197,-1,1097.7,525.7,13.2,50.7,0.263
197,-1,665.4,503.0,8.0,19.0,0.200
197,-1,1168.2,555.5,22.8,89.5,0.188
197,-1,523.6,492.0,10.6,20.4,0.181
197,-1,967.4,542.6,13.5,34.1,0.179
197,-1,535.4,490.3,10.7,22.6,0.170
197,-1,675.9,481.5,9.1,33.8,0.125
197,-1,585.3,475.0,12.2,35.2,0.102
197,-1,1148.6,562.4,20.1,38.4,0.094
197,-1,143.5,556.0,13.6,44.1,0.081
197,-1,1158.2,538.6,38.2,107.2,0.080
197,-1,1169.5,582.3,16.3,62.6,0.075
197,-1,667.5,502.1,8.4,17.4,0.065
197,-1,149.6,568.5,16.2,34.1,0.062
197,-1,1072.4,521.6,15.8,54.0,0.055
197,-1,687.4,497.2,11.6,23.3,0.050
198,-1,1346.3,541.8,41.6,123.8,0.997
198,-1,1618.2,549.9,49.8,127.7,0.995
198,-1,103.0,566.5,27.8,80.6,0.968
198,-1,211.6,565.2,24.5,78.3,0.964
198,-1,839.4,513.7,16.0,46.5,0.944
198,-1,1007.3,526.9,19.8,54.4,0.938
198,-1,1059.0,520.6,19.4,62.2,0.894
198,-1,985.8,526.3,20.6,56.4,0.861
198,-1,899.0,511.7,15.9,47.3,0.655
198,-1,138.0,559.2,19.5,61.6,0.585
198,-1,583.5,474.0,11.7,24.7,0.505
198,-1,906.0,515.6,26.6,74.0,0.390
198,-1,1084.3,515.4,19.2,59.5,0.352
198,-1,660.0,502.5,8.9,18.4,0.321
198,-1,581.9,476.8,14.5,44.1,0.299
198,-1,1167.6,582.0,20.2,64.7,0.298
198,-1,674.0,482.6,9.8,32.5,0.284
198,-1,900.8,521.1,22.1,61.0,0.214
198,-1,536.1,490.2,10.8,22.5,0.187
198,-1,894.4,510.8,11.0,40.3,0.171
198,-1,968.9,542.3,12.5,34.3,0.127
198,-1,687.3,497.3,12.4,24.6,0.116
198,-1,446.6,506.5,17.0,54.2,0.106
198,-1,519.7,492.8,11.0,20.2,0.102
198,-1,1071.7,523.5,15.4,53.5,0.070
198,-1,815.0,505.2,20.7,29.5,0.070
198,-1,915.9,532.7,21.8,56.9,0.069
198,-1,530.7,699.0,57.4,62.5,0.068
198,-1,524.8,493.0,10.8,19.5,0.051
199,-1,1345.3,540.9,41.8,126.4,0.998
199,-1,1622.2,550.4,46.2,129.1,0.997
199,-1,1055.2,520.8,21.1,63.6,0.990
199,-1,97.4,562.9,32.8,85.8,0.983
199,-1,208.1,566.2,25.4,81.6,0.980
199,-1,838.8,514.6,14.9,45.8,0.967
199,-1,1003.2,525.5,21.2,55.9,0.953
199,-1,131.9,558.5,23.8,80.7,0.852
199,-1,983.2,526.6,20.5,57.5,0.814
199,-1,657.7,501.9,6.9,20.3,0.772
199,-1,898.7,512.3,15.1,48.5,0.654
199,-1,1081.4,517.0,19.0,61.8,0.600
199,-1,583.2,474.7,10.7,23.1,0.548
199,-1,661.8,504.7,7.2,17.4,0.539
199,-1,1155.7,532.4,45.5,116.5,0.280
199,-1,904.9,534.8,26.0,56.9,0.268
199,-1,899.7,513.2,13.3,24.2,0.244
199,-1,673.1,483.5,10.5,33.7,0.219
199,-1,901.2,522.0,22.6,60.4,0.214
199,-1,964.9,543.7,12.4,35.9,0.206
199,-1,1624.0,553.2,44.1,65.3,0.134
199,-1,687.1,497.6,11.5,25.0,0.134
199,-1,678.3,501.0,8.5,21.9,0.120
199,-1,916.5,545.4,20.9,45.2,0.106
199,-1,522.9,698.4,63.0,61.2,0.105
199,-1,676.5,489.0,11.2,30.9,0.095
199,-1,1074.2,521.5,18.4,56.7,0.081
199,-1,664.6,503.3,9.2,19.0,0.076
199,-1,680.6,500.9,10.4,21.9,0.070
199,-1,1096.3,518.4,12.5,58.1,0.069
199,-1,520.0,493.6,11.3,20.1,0.066
199,-1,533.8,490.2,11.3,26.5,0.055
200,-1,1343.2,541.4,43.3,127.9,0.999
200,-1,1051.3,519.8,22.6,65.7,0.995
200,-1,1623.1,549.5,47.2,126.4,0.993
200,-1,207.2,567.0,26.9,83.0,0.968
200,-1,838.0,514.3,14.6,46.2,0.953
200,-1,93.6,570.0,32.0,79.8,0.944
200,-1,999.5,523.6,22.4,58.2,0.932
200,-1,1077.5,517.7,22.6,60.7,0.882
200,-1,980.6,526.1,21.1,57.4,0.741
200,-1,1627.4,549.4,42.5,44.8,0.638
200,-1,126.4,560.2,22.2,78.8,0.592
200,-1,582.2,475.6,10.2,20.4,0.572
200,-1,897.3,511.7,16.3,53.7,0.484
200,-1,898.2,511.4,13.0,27.7,0.423
200,-1,899.7,517.7,26.0,73.4,0.406
200,-1,519.1,493.0,10.6,19.7,0.331
200,-1,659.2,502.9,8.7,20.6,0.321
200,-1,1093.5,518.4,13.9,57.8,0.251
200,-1,963.0,543.4,13.2,36.1,0.235
200,-1,662.4,498.8,8.7,22.7,0.233
200,-1,910.8,539.3,25.8,52.9,0.172
200,-1,989.8,486.8,37.6,97.0,0.142
200,-1,534.7,489.6,10.0,23.9,0.123
200,-1,654.9,503.1,9.4,18.9,0.105
200,-1,1163.0,545.3,42.7,100.9,0.083
200,-1,675.4,489.7,10.3,30.7,0.074
200,-1,127.7,559.5,16.9,50.7,0.067
200,-1,678.0,493.9,11.1,27.4,0.058
200,-1,682.2,496.8,12.1,25.7,0.058
201,-1,1341.6,542.3,43.7,126.8,0.998
201,-1,1625.1,546.5,47.7,128.0,0.997
201,-1,1047.0,519.3,27.1,66.6,0.995
201,-1,199.2,568.2,27.9,82.4,0.966
201,-1,86.5,566.7,33.9,84.3,0.965
201,-1,999.8,527.7,22.2,55.0,0.955
201,-1,837.3,514.8,14.5,45.8,0.938
201,-1,209.9,568.3,30.4,80.4,0.938
201,-1,120.8,560.0,22.3,82.9,0.858
201,-1,977.9,525.9,21.2,57.7,0.829
201,-1,900.5,521.2,22.2,65.6,0.626
201,-1,580.5,476.2,10.7,20.2,0.514
201,-1,517.7,492.5,11.0,20.9,0.487
201,-1,895.4,512.2,18.6,63.6,0.418
201,-1,655.8,502.7,8.6,19.6,0.245
201,-1,123.1,560.0,16.8,42.1,0.230
201,-1,1164.8,546.6,43.1,100.7,0.188
201,-1,807.0,506.0,22.2,26.4,0.176
201,-1,1626.5,547.3,45.4,56.7,0.165
201,-1,909.7,531.2,22.7,56.7,0.158
201,-1,917.5,542.7,19.4,45.5,0.147
201,-1,682.0,498.0,12.1,26.2,0.131
201,-1,1075.4,520.4,22.3,55.8,0.130
201,-1,896.4,510.9,14.4,26.9,0.125
201,-1,578.5,478.3,12.5,41.0,0.118
201,-1,533.8,489.3,10.3,26.3,0.117
201,-1,1093.7,523.1,14.3,52.1,0.113
201,-1,670.7,483.2,8.8,27.6,0.102
201,-1,1188.1,549.3,20.3,74.5,0.096
201,-1,1103.3,529.4,13.4,44.5,0.073
201,-1,960.6,542.5,15.0,36.5,0.067
201,-1,1166.2,555.9,21.1,91.9,0.067
201,-1,686.2,483.0,9.2,25.4,0.062
201,-1,677.8,493.8,11.9,27.5,0.056
202,-1,1340.7,545.9,43.7,124.7,0.999
202,-1,1626.7,545.8,48.0,130.7,0.998
202,-1,81.6,566.7,31.9,85.0,0.980
202,-1,205.8,568.0,30.2,83.2,0.979
202,-1,195.2,569.0,27.4,83.4,0.966
202,-1,996.9,528.5,21.6,54.8,0.944
202,-1,836.0,515.7,14.9,46.6,0.933
202,-1,1047.5,523.5,25.8,61.0,0.903
202,-1,116.5,561.9,23.2,82.0,0.788
202,-1,896.6,523.9,23.2,63.9,0.749
202,-1,976.2,525.0,19.6,58.9,0.724
202,-1,917.1,546.8,18.1,43.0,0.496
202,-1,577.6,475.8,11.6,24.0,0.454
202,-1,1629.3,547.3,45.3,49.7,0.271
202,-1,667.7,483.1,11.5,36.3,0.254
202,-1,651.1,503.4,13.8,20.2,0.249
202,-1,92.3,567.1,33.9,82.5,0.230
202,-1,806.9,507.3,21.0,25.6,0.119
202,-1,1145.0,526.6,19.5,47.7,0.112
202,-1,576.6,477.3,13.4,38.2,0.101
202,-1,959.8,544.7,14.5,34.5,0.097
202,-1,444.3,518.2,15.6,43.3,0.097
202,-1,895.1,510.3,17.8,36.7,0.092
202,-1,436.0,525.6,14.9,37.5,0.088
202,-1,1164.1,547.7,45.0,100.7,0.086
202,-1,681.0,498.0,12.3,26.9,0.080
203,-1,1337.8,545.8,46.0,126.1,0.998
203,-1,1628.6,546.9,48.6,129.2,0.996
203,-1,205.3,568.3,27.7,87.7,0.990
203,-1,190.9,570.0,25.3,85.7,0.975
203,-1,80.1,568.5,33.2,84.1,0.967
203,-1,834.1,514.6,15.3,47.5,0.932
203,-1,995.9,528.7,19.9,54.4,0.914
203,-1,974.2,524.3,20.8,60.3,0.822
203,-1,1044.4,527.5,27.3,57.2,0.816
203,-1,895.7,527.8,21.7,57.8,0.789
203,-1,109.4,563.0,26.1,83.6,0.711
203,-1,577.3,476.6,11.1,20.7,0.461
203,-1,1629.4,546.4,47.8,52.8,0.392
203,-1,916.1,548.0,16.5,43.0,0.370
203,-1,651.5,503.0,7.8,19.6,0.290
203,-1,1165.5,536.7,43.9,111.1,0.283
203,-1,110.5,561.6,18.3,44.0,0.260
203,-1,667.3,484.6,10.7,36.3,0.221
203,-1,1148.5,558.9,18.5,44.6,0.171
203,-1,1004.6,532.6,14.0,50.0,0.160
203,-1,682.2,496.4,12.5,28.7,0.125
203,-1,116.6,564.6,48.3,85.5,0.110
203,-1,675.3,497.6,9.9,26.6,0.103
203,-1,959.1,543.8,14.7,36.1,0.100
203,-1,654.9,503.5,9.1,19.2,0.086
203,-1,985.5,526.2,23.8,57.9,0.081
203,-1,1162.2,551.8,18.2,52.6,0.078
203,-1,892.5,514.2,16.8,47.3,0.064
203,-1,1109.6,573.3,19.8,35.9,0.064
203,-1,671.1,489.6,11.3,33.4,0.064
203,-1,1072.8,535.0,18.7,43.4,0.063
203,-1,805.5,509.2,24.2,32.6,0.063
203,-1,432.9,524.3,15.7,39.3,0.062
204,-1,1337.6,545.7,45.6,126.3,0.998
204,-1,1633.9,546.3,45.0,131.1,0.996
204,-1,185.6,570.4,29.9,87.8,0.983
204,-1,990.9,528.0,23.4,56.8,0.980
204,-1,75.5,572.8,33.1,81.6,0.960
204,-1,198.2,569.6,31.6,87.4,0.959
204,-1,972.7,527.1,21.9,58.7,0.930
204,-1,833.4,516.2,15.2,45.9,0.897
204,-1,1040.8,521.9,26.9,64.0,0.890
204,-1,895.4,531.7,21.4,54.8,0.819
204,-1,1054.7,530.7,16.8,54.2,0.664
204,-1,104.8,565.2,26.3,82.6,0.647
204,-1,914.5,549.8,16.5,41.0,0.598
204,-1,1086.0,529.3,17.7,53.8,0.410
204,-1,576.6,478.3,9.3,21.1,0.360
204,-1,1070.6,520.6,23.1,58.0,0.214
204,-1,648.9,504.1,10.2,19.2,0.209
204,-1,665.8,485.4,10.6,35.0,0.182
204,-1,1076.3,529.6,26.3,69.6,0.157
204,-1,87.5,567.9,36.1,83.6,0.143
204,-1,437.1,515.1,18.1,47.8,0.139
204,-1,676.0,496.1,13.3,28.6,0.123
204,-1,681.4,498.0,13.3,27.5,0.123
204,-1,499.9,697.4,59.2,60.1,0.114
204,-1,1106.8,569.6,20.7,39.7,0.105
204,-1,670.6,489.9,11.7,31.8,0.092
204,-1,432.1,523.3,16.8,40.5,0.089
204,-1,807.1,508.3,18.2,26.5,0.075
204,-1,1145.9,560.4,16.2,42.7,0.070
204,-1,1163.2,544.2,44.8,107.5,0.060
204,-1,957.7,538.0,17.2,41.5,0.059
205,-1,1635.7,546.9,45.5,129.5,0.998
205,-1,1337.4,547.0,44.9,125.0,0.998
205,-1,181.8,571.3,29.8,86.0,0.984
205,-1,991.1,529.8,22.6,54.5,0.966
205,-1,68.6,573.6,33.0,82.0,0.964
205,-1,1039.6,522.6,27.5,64.2,0.944
205,-1,196.8,570.1,29.6,85.3,0.940
205,-1,971.8,526.3,19.7,58.2,0.913
205,-1,100.8,565.2,23.6,83.9,0.746
205,-1,832.3,517.0,14.0,45.7,0.742
205,-1,893.4,530.2,16.5,55.8,0.656
205,-1,913.3,549.4,16.1,44.6,0.449
205,-1,575.1,479.2,10.1,20.7,0.403
205,-1,979.5,527.8,20.7,57.7,0.302
205,-1,1080.7,526.0,23.0,58.2,0.223
205,-1,664.1,483.7,11.1,36.4,0.192
205,-1,1068.3,522.9,27.8,56.5,0.184
205,-1,1146.4,561.0,18.3,42.7,0.151
205,-1,648.8,503.8,9.2,19.3,0.148
205,-1,964.6,521.6,17.6,59.6,0.110
205,-1,1169.9,533.8,38.2,114.4,0.106
205,-1,909.6,551.2,12.9,40.3,0.077
205,-1,676.1,496.6,13.8,28.7,0.068
205,-1,1636.7,548.2,45.0,49.3,0.066
205,-1,1820.1,2.8,95.5,154.1,0.061
205,-1,1103.8,557.4,21.9,52.9,0.060
205,-1,440.1,522.4,14.7,40.2,0.054
206,-1,1336.7,546.1,45.1,126.5,0.998
206,-1,1639.5,549.1,46.3,127.8,0.996
206,-1,176.3,574.6,27.2,85.3,0.985
206,-1,64.1,572.8,33.6,82.5,0.971
206,-1,185.9,570.2,29.0,87.0,0.943
206,-1,1039.0,523.2,28.9,64.9,0.893
206,-1,993.9,532.4,18.3,52.1,0.860
206,-1,59.8,575.5,19.9,74.7,0.754
206,-1,889.4,526.3,20.1,60.9,0.721
206,-1,968.9,525.1,19.3,58.9,0.712
206,-1,94.7,567.6,26.7,82.6,0.660
206,-1,831.3,516.9,13.1,45.8,0.433
206,-1,573.0,478.0,9.9,21.4,0.412
206,-1,78.7,572.4,26.2,81.7,0.390
206,-1,647.2,502.6,8.8,20.6,0.331
206,-1,436.6,514.2,16.7,48.0,0.202
206,-1,662.8,484.0,11.6,37.8,0.198
206,-1,94.9,563.6,15.9,74.7,0.185
206,-1,1101.4,555.0,22.6,55.8,0.117
206,-1,1823.1,8.4,95.9,144.8,0.079
206,-1,908.0,552.0,14.3,37.2,0.077
206,-1,1080.2,529.9,23.8,50.4,0.067
206,-1,889.1,514.7,18.1,51.0,0.058
206,-1,128.3,573.9,22.2,80.3,0.055
206,-1,740.1,506.1,14.3,24.3,0.053
207,-1,1335.7,546.9,43.7,127.6,0.998
207,-1,1641.8,551.6,45.9,123.4,0.995
207,-1,174.6,573.3,26.8,85.8,0.988
207,-1,59.4,572.7,32.6,84.9,0.957
207,-1,1035.5,523.9,25.4,63.9,0.949
207,-1,186.3,573.0,31.7,85.3,0.938
207,-1,985.0,532.2,24.7,54.6,0.906
207,-1,886.6,525.4,20.4,62.7,0.898
207,-1,55.1,572.6,22.5,81.0,0.804
207,-1,829.1,515.2,14.1,48.9,0.785
207,-1,91.5,568.5,24.6,83.9,0.755
207,-1,967.0,525.2,18.7,60.5,0.670
207,-1,74.9,569.2,28.0,86.0,0.414
207,-1,1065.0,528.8,15.6,48.9,0.353
207,-1,571.9,480.2,9.4,22.3,0.321
207,-1,973.2,535.0,17.0,52.2,0.286
207,-1,437.3,526.1,15.2,37.0,0.213
207,-1,738.7,508.7,16.3,23.3,0.192
207,-1,1052.4,528.6,15.2,54.2,0.182
207,-1,1642.9,551.8,44.4,49.2,0.178
207,-1,1073.0,529.8,28.1,60.2,0.176
207,-1,426.0,529.8,16.9,34.9,0.126
207,-1,647.2,504.7,8.5,21.4,0.125
207,-1,1099.0,542.8,21.5,68.4,0.116
207,-1,662.5,486.4,11.1,37.1,0.101
207,-1,907.1,556.6,14.9,37.2,0.081
207,-1,1072.9,526.4,29.8,121.2,0.073
207,-1,1824.6,4.3,94.9,148.2,0.071
207,-1,1872.3,5.8,47.7,143.0,0.066
207,-1,801.3,510.8,23.4,33.1,0.062
207,-1,1177.4,539.7,33.4,108.2,0.050
208,-1,1334.0,542.2,44.8,133.8,0.999
208,-1,1644.0,552.1,45.4,128.2,0.995
208,-1,1032.5,522.7,24.0,66.1,0.981
208,-1,170.9,573.9,25.8,85.6,0.979
208,-1,185.4,572.5,29.9,86.3,0.967
208,-1,55.9,574.6,34.1,84.4,0.938
208,-1,827.9,516.7,14.4,48.4,0.926
208,-1,883.8,525.2,21.2,64.6,0.919
208,-1,985.2,532.0,23.1,55.1,0.891
208,-1,47.4,575.1,18.9,77.3,0.848
208,-1,1096.0,545.3,24.1,66.7,0.690
208,-1,1061.7,528.8,18.9,49.7,0.674
208,-1,967.1,527.6,18.5,60.4,0.574
208,-1,433.4,509.1,19.1,54.0,0.555
208,-1,85.9,567.1,23.9,86.3,0.491
208,-1,1049.9,528.6,14.6,53.2,0.367
208,-1,972.6,531.8,23.4,56.0,0.257
208,-1,797.4,509.4,19.0,24.9,0.246
208,-1,571.2,480.1,9.5,21.5,0.245
208,-1,907.5,557.6,13.5,37.9,0.215
208,-1,1086.5,532.5,13.8,48.3,0.212
208,-1,801.4,510.3,21.8,27.7,0.205
208,-1,1072.1,527.8,18.7,46.6,0.180
208,-1,71.5,567.5,25.1,90.2,0.177
208,-1,1118.2,523.9,19.6,76.3,0.129
208,-1,646.0,505.6,7.8,19.9,0.079
208,-1,1119.1,525.1,16.1,39.7,0.078
208,-1,485.0,695.4,61.8,59.9,0.066
209,-1,1332.3,541.6,44.9,134.6,0.998
209,-1,1647.6,552.9,47.4,132.3,0.996
209,-1,1031.6,522.6,22.0,68.1,0.995
209,-1,167.4,573.7,26.1,86.6,0.971
209,-1,826.5,516.0,15.5,49.6,0.947
209,-1,882.8,527.0,20.7,62.8,0.945
209,-1,177.6,572.3,33.7,86.9,0.929
209,-1,49.2,574.9,28.7,83.1,0.927
209,-1,985.4,531.0,20.5,56.1,0.914
209,-1,79.4,569.8,28.1,82.9,0.812
209,-1,66.8,572.7,23.7,84.4,0.796
209,-1,42.2,577.5,16.7,75.2,0.775
209,-1,1058.1,524.8,20.3,56.4,0.742
209,-1,966.4,529.7,20.2,59.9,0.695
209,-1,570.5,480.1,9.2,21.9,0.408
209,-1,800.4,511.2,21.4,27.1,0.358
209,-1,642.2,506.7,8.3,19.4,0.269
209,-1,482.3,697.4,53.9,56.4,0.228
209,-1,905.8,558.7,14.0,37.1,0.199
209,-1,1051.3,528.2,13.7,52.0,0.193
209,-1,431.6,509.5,19.1,54.2,0.167
209,-1,1117.4,528.7,16.0,44.7,0.134
209,-1,569.1,482.1,12.1,29.2,0.124
209,-1,648.1,505.2,7.0,18.8,0.118
209,-1,656.5,505.4,10.3,21.5,0.088
209,-1,645.4,505.6,7.5,20.0,0.088
209,-1,1071.7,525.4,20.1,54.2,0.077
209,-1,651.2,504.3,7.3,21.0,0.055
210,-1,1331.3,541.7,44.9,135.5,0.999
210,-1,1651.5,552.7,46.7,132.0,0.995
210,-1,1091.6,542.6,22.1,70.5,0.988
210,-1,1028.9,524.8,20.4,65.0,0.981
210,-1,826.8,520.0,14.1,46.9,0.971
210,-1,985.2,534.1,20.0,54.2,0.960
210,-1,163.6,575.0,28.5,88.8,0.959
210,-1,174.8,574.6,34.6,85.3,0.953
210,-1,879.4,527.7,22.1,63.9,0.952
210,-1,53.6,572.1,31.4,88.1,0.936
210,-1,40.6,577.1,15.4,74.9,0.919
210,-1,75.3,569.9,25.0,86.5,0.910
210,-1,43.7,576.2,29.3,82.5,0.879
210,-1,965.1,531.2,21.2,59.0,0.561
210,-1,568.0,480.0,10.8,21.3,0.469
210,-1,797.6,511.4,23.1,26.1,0.308
210,-1,903.9,558.8,14.7,37.2,0.286
210,-1,1654.9,554.6,43.7,58.5,0.220
210,-1,1056.0,527.6,21.2,54.3,0.211
210,-1,567.3,482.2,12.5,36.1,0.200
210,-1,648.0,505.2,6.9,19.2,0.184
210,-1,820.6,515.8,16.6,45.9,0.156
210,-1,643.6,506.6,7.1,19.9,0.144
210,-1,957.9,528.4,18.9,55.6,0.131
210,-1,794.2,511.6,30.8,44.5,0.090
210,-1,1144.9,567.0,16.5,43.6,0.063
211,-1,1330.9,543.4,45.7,137.2,1.000
211,-1,1653.9,555.7,48.6,129.7,0.999
211,-1,1025.2,525.9,20.8,66.2,0.984
211,-1,979.2,530.4,25.1,60.8,0.959
211,-1,165.2,576.7,32.4,86.4,0.946
211,-1,879.3,531.1,19.8,62.6,0.927
211,-1,824.5,519.7,15.3,48.3,0.923
211,-1,34.7,579.4,26.7,77.4,0.918
211,-1,61.0,571.5,28.6,89.0,0.881
211,-1,45.9,578.0,33.7,85.1,0.837
211,-1,1054.3,526.6,23.0,60.0,0.630
211,-1,71.8,574.5,25.1,84.0,0.625
211,-1,966.3,532.4,23.5,60.6,0.556
211,-1,567.9,480.6,10.7,23.0,0.518
211,-1,1090.9,547.7,24.5,66.7,0.457
211,-1,1182.9,561.4,27.1,88.8,0.441
211,-1,472.1,697.5,60.4,58.6,0.430
211,-1,904.4,562.0,13.4,36.0,0.406
211,-1,641.6,508.5,7.3,19.1,0.400
211,-1,961.3,527.6,18.4,63.6,0.295
211,-1,644.5,507.7,6.8,18.3,0.201
211,-1,646.9,507.8,7.3,19.8,0.175
211,-1,651.5,507.1,8.1,20.7,0.086
211,-1,1146.0,570.1,15.3,41.9,0.061
211,-1,656.5,506.9,8.2,21.6,0.056
212,-1,1331.0,543.5,46.0,137.0,0.999
212,-1,1658.4,552.5,50.4,131.4,0.997
212,-1,1022.7,523.2,22.1,67.6,0.971
212,-1,157.3,578.1,26.9,85.0,0.966
212,-1,1090.9,545.1,26.3,72.0,0.965
212,-1,28.2,579.8,33.1,81.8,0.921
212,-1,878.6,529.6,19.9,65.0,0.915
212,-1,823.3,518.9,16.1,47.8,0.911
212,-1,168.1,576.1,32.2,86.9,0.903
212,-1,56.9,572.1,28.0,89.1,0.879
212,-1,979.1,534.6,24.8,56.0,0.830
212,-1,38.5,577.6,37.5,85.1,0.790
212,-1,28.4,579.5,17.6,72.0,0.723
212,-1,961.3,528.1,20.8,65.8,0.667
212,-1,567.2,480.1,11.6,24.1,0.494
212,-1,643.8,508.0,8.2,20.8,0.479
212,-1,640.0,507.5,7.8,20.5,0.474
212,-1,1184.6,554.4,27.0,99.4,0.450
212,-1,424.9,508.2,18.7,54.9,0.441
212,-1,67.1,576.1,26.9,82.0,0.365
212,-1,565.7,482.7,13.6,34.8,0.349
212,-1,470.0,697.5,58.8,58.4,0.302
212,-1,1112.9,529.2,22.5,80.7,0.302
212,-1,904.7,561.9,13.2,36.1,0.152
212,-1,647.4,506.7,7.8,20.6,0.129
212,-1,653.5,507.6,8.1,20.3,0.116
212,-1,880.8,516.4,17.0,54.6,0.116
212,-1,1052.6,528.5,23.7,58.1,0.101
213,-1,1331.0,545.7,45.7,136.8,0.999
213,-1,1657.8,554.9,55.4,132.1,0.999
213,-1,155.5,577.2,29.6,88.0,0.963
213,-1,1022.3,528.1,21.2,64.6,0.960
213,-1,821.8,519.2,16.9,49.8,0.937
213,-1,39.2,582.2,29.7,82.1,0.936
213,-1,877.7,532.3,20.9,63.7,0.931
213,-1,1084.7,542.4,31.7,76.7,0.913
213,-1,167.2,577.4,30.1,85.4,0.872
213,-1,27.9,583.6,30.6,80.9,0.859
213,-1,23.1,581.9,18.1,76.7,0.833
213,-1,638.1,508.4,7.1,20.4,0.759
213,-1,1174.5,549.9,39.3,109.4,0.742
213,-1,644.6,506.7,7.5,21.0,0.721
213,-1,50.8,578.5,24.1,84.4,0.677
213,-1,959.5,530.4,19.8,64.2,0.588
213,-1,979.9,535.2,22.7,58.3,0.585
213,-1,58.3,574.5,27.3,85.8,0.579
213,-1,1051.6,527.2,24.8,60.4,0.540
213,-1,640.7,508.5,7.6,20.0,0.438
213,-1,566.7,481.5,11.1,25.6,0.432
213,-1,421.7,515.7,19.3,49.8,0.315
213,-1,964.9,534.0,25.6,60.5,0.290
213,-1,1071.6,531.4,14.6,45.8,0.285
213,-1,1087.4,545.0,23.0,40.0,0.202
213,-1,59.3,574.1,19.0,44.4,0.156
213,-1,1104.8,540.8,24.1,74.7,0.140
213,-1,651.9,510.3,9.9,18.9,0.131
213,-1,574.4,694.8,59.4,51.3,0.127
213,-1,905.0,565.2,12.6,34.2,0.126
213,-1,647.1,506.7,8.0,21.0,0.104
213,-1,1114.5,534.4,22.0,64.4,0.099
213,-1,657.7,490.5,12.0,38.1,0.096
213,-1,69.1,586.3,20.7,70.0,0.066
213,-1,795.5,515.6,28.0,41.7,0.064
213,-1,667.3,510.1,12.2,22.9,0.054
213,-1,466.3,698.2,75.4,58.0,0.054
214,-1,1330.4,546.5,46.5,137.1,0.999
214,-1,1662.8,549.5,55.8,138.4,0.998
214,-1,150.8,581.2,32.9,89.1,0.974
214,-1,1177.3,545.5,40.0,116.9,0.950
214,-1,822.0,520.0,16.2,49.5,0.933
214,-1,1021.3,529.4,22.5,65.3,0.928
214,-1,877.5,532.1,20.3,64.3,0.912
214,-1,162.0,579.9,34.1,85.3,0.884
214,-1,48.9,576.3,28.0,89.4,0.884
214,-1,1079.1,541.4,32.7,75.5,0.853
214,-1,19.9,584.1,27.9,79.6,0.822
214,-1,28.6,584.3,34.0,81.6,0.815
214,-1,16.6,581.8,17.9,79.7,0.646
214,-1,1104.6,541.4,26.4,76.4,0.605
214,-1,978.1,535.1,25.0,58.2,0.599
214,-1,466.4,701.9,47.9,52.0,0.565
214,-1,960.4,533.9,26.2,61.6,0.532
214,-1,566.4,482.6,11.0,22.7,0.519
214,-1,638.1,510.2,7.2,18.8,0.468
214,-1,644.0,508.7,7.9,21.2,0.439
214,-1,1115.2,538.2,18.4,71.1,0.364
214,-1,1051.4,526.8,21.5,63.1,0.312
214,-1,53.7,574.8,23.0,46.8,0.274
214,-1,640.3,508.8,8.0,20.2,0.254
214,-1,1109.1,538.9,43.3,80.1,0.161
214,-1,791.7,515.8,30.1,39.3,0.148
214,-1,651.2,509.3,9.7,20.7,0.143
214,-1,1074.0,541.6,34.5,123.3,0.126
214,-1,1091.4,548.4,25.4,68.4,0.096
214,-1,648.0,508.6,7.7,19.3,0.077
214,-1,1143.3,549.3,17.0,66.7,0.066
214,-1,658.2,492.4,11.2,36.1,0.065
214,-1,656.6,509.1,7.6,21.6,0.053
215,-1,1331.4,547.6,47.3,138.1,0.999
215,-1,1667.6,550.6,56.3,140.0,0.999
215,-1,149.8,576.3,35.3,89.3,0.959
215,-1,821.9,519.0,16.7,49.0,0.944
215,-1,12.4,580.7,19.4,75.5,0.928
215,-1,36.9,570.5,39.2,93.2,0.918
215,-1,877.7,528.5,19.5,66.5,0.901
215,-1,1020.8,532.0,22.7,62.2,0.898
215,-1,1179.1,548.0,40.2,115.3,0.863
215,-1,1193.7,562.7,23.2,97.4,0.762
215,-1,24.0,582.2,31.5,80.8,0.740
215,-1,1076.9,547.8,33.4,78.9,0.575
215,-1,1110.0,541.4,22.1,71.5,0.554
215,-1,566.1,480.3,11.4,22.3,0.520
215,-1,642.5,506.9,7.1,17.7,0.353
215,-1,978.1,532.8,24.4,60.4,0.332
215,-1,644.3,507.8,8.0,20.2,0.313
215,-1,960.7,533.6,23.4,60.6,0.272
215,-1,638.5,507.9,7.4,18.7,0.261
215,-1,461.2,695.7,62.4,59.9,0.224
215,-1,657.6,490.1,12.1,37.6,0.168
215,-1,649.8,508.1,9.6,19.8,0.157
215,-1,1091.1,562.0,23.6,57.4,0.134
215,-1,1051.1,527.2,20.4,62.9,0.128
215,-1,1116.7,539.1,39.6,80.0,0.119
215,-1,1100.2,552.1,21.2,63.9,0.083
215,-1,1069.2,546.5,36.9,120.4,0.081
215,-1,798.5,516.7,23.2,29.8,0.080
215,-1,656.6,488.6,9.2,30.8,0.057
215,-1,1174.3,575.4,16.7,50.1,0.050
216,-1,1333.4,550.1,47.5,136.0,0.999
216,-1,1677.0,554.1,52.1,133.6,0.999
216,-1,1018.7,530.0,26.7,66.5,0.982
216,-1,144.9,578.4,35.2,91.4,0.964
216,-1,821.8,520.5,17.1,51.2,0.928
216,-1,6.5,583.5,21.7,76.9,0.906
216,-1,34.1,575.7,38.0,91.6,0.895
216,-1,1077.7,547.9,31.9,81.1,0.797
216,-1,12.0,584.8,36.4,78.6,0.779
216,-1,1104.1,541.0,27.6,79.6,0.761
216,-1,878.3,526.1,17.5,67.2,0.743
216,-1,25.4,583.8,32.7,82.4,0.710
216,-1,565.9,481.6,11.5,22.9,0.474
216,-1,459.3,701.2,55.0,53.6,0.459
216,-1,644.5,508.8,8.1,21.0,0.273
216,-1,792.3,513.9,27.2,40.7,0.262
216,-1,1068.8,533.5,14.2,49.8,0.251
216,-1,1178.5,562.5,42.0,101.9,0.248
216,-1,959.0,534.8,21.2,61.4,0.233
216,-1,636.5,508.7,11.4,17.3,0.230
216,-1,1051.6,527.5,18.8,60.9,0.198
216,-1,979.1,533.9,21.2,60.3,0.180
216,-1,649.6,509.4,10.4,21.0,0.177
216,-1,634.7,510.9,10.0,18.5,0.162
216,-1,1196.6,570.8,24.2,90.2,0.151
216,-1,641.2,509.0,8.3,20.7,0.122
216,-1,1116.2,526.6,43.7,94.2,0.121
216,-1,657.3,491.2,11.2,36.7,0.098
216,-1,1116.3,557.9,15.5,61.7,0.075
216,-1,563.0,695.4,60.8,52.0,0.067
216,-1,648.1,508.9,7.7,19.9,0.062
217,-1,1335.3,550.0,47.0,137.2,0.999
217,-1,1682.6,553.2,54.3,134.0,0.997
217,-1,144.2,578.0,36.0,91.1,0.973
217,-1,1.2,583.2,22.6,77.6,0.941
217,-1,1016.8,532.4,26.9,63.3,0.933
217,-1,821.7,519.5,16.9,51.1,0.919
217,-1,37.6,575.8,28.4,88.4,0.906
217,-1,23.2,588.6,26.5,77.5,0.901
217,-1,877.2,528.0,19.0,67.5,0.881
217,-1,1104.1,535.7,26.8,83.0,0.863
217,-1,1077.5,545.4,24.8,82.1,0.637
217,-1,565.7,482.2,12.2,29.3,0.500
217,-1,658.0,490.1,11.5,38.2,0.395
217,-1,1049.8,526.6,21.1,64.9,0.337
217,-1,644.4,505.7,9.0,23.8,0.319
217,-1,961.3,533.7,20.3,59.0,0.316
217,-1,640.7,507.0,8.9,20.6,0.226
217,-1,456.2,696.2,59.9,60.6,0.211
217,-1,796.8,514.5,19.6,27.4,0.189
217,-1,637.2,509.5,7.8,18.3,0.178
217,-1,1069.0,533.6,13.2,48.7,0.168
217,-1,649.6,508.1,10.7,20.6,0.114
217,-1,1114.8,547.2,18.3,68.3,0.100
217,-1,1178.6,550.8,43.9,114.7,0.080
218,-1,1336.3,549.3,47.4,138.3,0.999
218,-1,1688.2,551.8,55.8,138.6,0.998
218,-1,146.8,577.0,38.3,90.7,0.970
218,-1,139.3,580.1,25.7,89.9,0.949
218,-1,1100.8,540.4,27.3,80.9,0.909
218,-1,0.0,584.2,22.5,76.9,0.902
218,-1,29.3,576.9,32.5,88.7,0.895
218,-1,821.8,519.6,15.8,50.0,0.893
218,-1,1016.0,531.2,26.9,64.8,0.849
218,-1,877.6,532.1,17.0,61.3,0.825
218,-1,1074.3,543.7,27.7,77.9,0.679
218,-1,19.6,583.5,29.0,81.9,0.664
218,-1,1177.7,567.6,47.1,99.2,0.557
218,-1,43.2,582.0,22.7,80.4,0.523
218,-1,795.5,513.6,21.4,27.3,0.446
218,-1,565.3,479.9,12.0,22.9,0.409
218,-1,1115.8,570.3,16.7,50.1,0.337
218,-1,641.9,507.1,7.9,19.1,0.324
218,-1,656.7,489.2,11.2,39.0,0.281
218,-1,960.5,533.3,21.3,59.2,0.271
218,-1,1117.0,534.0,19.7,83.8,0.223
218,-1,633.8,509.2,10.7,15.5,0.169
218,-1,645.3,506.4,8.2,21.7,0.166
218,-1,452.8,694.7,59.0,61.5,0.145
218,-1,648.5,509.0,9.2,18.9,0.143
218,-1,639.1,508.0,7.7,18.9,0.138
218,-1,1076.8,542.7,21.9,39.3,0.093
218,-1,1025.0,533.4,22.5,54.5,0.071
219,-1,1338.4,549.6,47.3,136.7,0.999
219,-1,1696.0,555.6,54.1,133.7,0.997
219,-1,138.6,577.6,37.0,92.5,0.978
219,-1,29.9,577.5,29.9,87.6,0.899
219,-1,822.0,518.5,16.0,51.8,0.887
219,-1,0.1,584.4,18.4,77.3,0.851
219,-1,1015.4,530.5,27.0,65.5,0.850
219,-1,877.8,529.1,16.6,64.5,0.839
219,-1,1072.6,542.8,30.0,116.0,0.767
219,-1,16.4,582.9,30.9,83.3,0.696
219,-1,1102.6,541.4,23.0,75.7,0.463
219,-1,957.3,533.5,23.7,59.4,0.404
219,-1,565.6,479.5,12.7,22.8,0.403
219,-1,641.6,507.3,7.5,18.1,0.313
219,-1,796.5,513.4,21.8,28.5,0.302
219,-1,1183.4,559.6,44.5,107.4,0.212
219,-1,633.4,509.4,10.5,15.1,0.211
219,-1,649.5,508.6,9.1,19.0,0.182
219,-1,657.0,489.5,11.2,38.9,0.165
219,-1,638.5,508.4,6.4,15.6,0.144
219,-1,645.7,509.5,7.4,18.4,0.111
219,-1,1028.6,526.5,19.0,61.1,0.076
219,-1,654.7,508.3,7.5,20.5,0.065
219,-1,643.8,507.0,6.9,15.2,0.063
219,-1,451.6,694.8,58.5,60.2,0.055
220,-1,1341.5,549.0,47.0,137.7,1.000
220,-1,1701.2,555.1,53.7,136.1,0.999
220,-1,138.3,580.5,37.0,90.6,0.951
220,-1,877.1,531.3,17.5,63.4,0.913
220,-1,24.5,578.5,30.3,91.2,0.903
220,-1,1069.9,542.0,29.0,79.6,0.902
220,-1,822.2,519.7,17.0,51.2,0.886
220,-1,0.0,585.8,13.6,80.3,0.841
220,-1,14.8,584.9,29.8,86.1,0.815
220,-1,1032.1,523.1,16.0,47.0,0.623
220,-1,1119.0,526.9,18.9,87.8,0.451
220,-1,139.3,581.5,26.5,51.3,0.413
220,-1,955.9,532.2,25.3,61.5,0.390
220,-1,1104.1,544.7,17.9,65.5,0.358
220,-1,1014.2,532.2,23.2,62.8,0.335
220,-1,565.4,480.6,12.1,23.6,0.328
220,-1,642.1,508.7,6.8,18.4,0.316
220,-1,795.8,513.5,22.0,29.1,0.256
220,-1,656.8,491.3,11.8,38.8,0.256
220,-1,635.2,510.0,7.7,17.5,0.249
220,-1,639.4,507.7,7.2,19.8,0.217
220,-1,1071.8,537.1,34.4,124.8,0.174
220,-1,978.1,532.8,20.7,59.7,0.152
220,-1,1703.9,557.0,51.0,66.8,0.134
220,-1,646.6,508.3,7.3,20.6,0.133
220,-1,648.5,508.9,10.0,20.0,0.085
220,-1,450.5,695.6,57.0,60.1,0.078
220,-1,816.7,521.2,11.4,37.7,0.066
220,-1,1183.6,564.6,47.2,104.7,0.064
221,-1,1342.1,549.2,48.1,137.9,0.999
221,-1,1706.3,557.7,54.2,134.1,0.999
221,-1,135.8,579.8,37.9,90.2,0.965
221,-1,1068.2,541.4,28.2,82.5,0.943
221,-1,21.6,576.1,30.4,94.3,0.933
221,-1,821.3,518.5,18.3,51.5,0.922
221,-1,1122.9,530.8,22.1,89.7,0.831
221,-1,10.0,580.5,32.4,88.5,0.817
221,-1,1104.2,534.7,21.6,85.3,0.809
221,-1,877.0,525.0,17.5,69.5,0.795
221,-1,1188.7,567.7,45.0,104.1,0.711
221,-1,1013.6,533.1,22.6,62.0,0.557
221,-1,0.0,594.5,10.1,68.4,0.549
221,-1,657.0,489.0,12.5,39.4,0.488
221,-1,564.8,481.8,13.1,33.5,0.417
221,-1,962.0,531.1,19.4,60.2,0.377
221,-1,565.7,480.0,13.1,21.4,0.353
221,-1,979.8,531.3,21.2,60.7,0.324
221,-1,634.9,509.0,8.7,17.5,0.279
221,-1,641.4,506.9,8.0,19.4,0.260
221,-1,1.0,590.4,22.7,73.0,0.204
221,-1,639.0,507.9,7.4,18.9,0.198
221,-1,417.4,517.2,17.3,50.2,0.188
221,-1,1046.6,530.4,24.3,59.4,0.160
221,-1,645.8,507.8,7.3,20.0,0.144
221,-1,649.9,509.0,9.3,19.0,0.130
221,-1,1087.6,535.8,34.7,85.8,0.126
221,-1,1206.7,571.1,26.6,61.3,0.097
221,-1,502.7,498.9,12.8,25.8,0.091
221,-1,795.6,514.1,24.1,27.8,0.091
221,-1,445.8,694.0,59.5,61.0,0.083
221,-1,874.6,517.1,15.5,58.2,0.054
222,-1,1344.6,547.7,47.6,136.5,0.999
222,-1,1711.1,551.0,54.1,139.0,0.999
222,-1,132.9,580.7,36.8,88.2,0.978
222,-1,1013.6,529.9,22.0,63.4,0.934
222,-1,1102.6,534.7,23.3,83.8,0.928
222,-1,822.1,517.4,19.1,50.9,0.927
222,-1,1121.4,528.1,26.5,91.9,0.919
222,-1,1068.0,539.0,27.2,81.5,0.916
222,-1,12.5,582.7,32.1,87.4,0.891
222,-1,878.0,516.8,16.6,76.2,0.712
222,-1,961.9,529.4,22.1,63.1,0.666
222,-1,978.9,529.9,23.4,62.2,0.607
222,-1,1191.0,562.9,47.1,107.0,0.548
222,-1,1047.5,526.4,21.3,55.6,0.545
222,-1,416.2,516.8,18.6,49.9,0.502
222,-1,634.6,508.4,8.6,18.0,0.420
222,-1,1084.7,533.1,35.8,87.7,0.412
222,-1,0.0,593.1,10.4,72.0,0.390
222,-1,657.6,488.4,11.3,38.9,0.352
222,-1,4.6,588.8,24.1,77.0,0.296
222,-1,566.4,480.6,12.5,19.3,0.295
222,-1,967.6,531.3,27.6,62.3,0.292
222,-1,1107.5,527.8,32.2,92.9,0.279
222,-1,565.1,482.3,13.0,38.2,0.246
222,-1,385.5,527.0,17.1,44.3,0.232
222,-1,651.4,507.1,6.7,20.2,0.217
222,-1,640.8,507.9,7.5,19.2,0.214
222,-1,644.6,507.6,6.9,19.3,0.214
222,-1,638.0,507.4,7.6,19.2,0.163
222,-1,793.2,512.2,30.3,42.8,0.135
222,-1,1090.1,531.1,18.2,49.9,0.128
222,-1,1072.5,536.9,24.4,52.1,0.123
222,-1,648.5,507.0,7.6,20.0,0.072
223,-1,1346.9,548.8,47.4,137.9,0.999
223,-1,1716.9,554.9,57.7,133.5,0.992
223,-1,130.0,579.6,38.2,90.4,0.961
223,-1,10.1,577.4,35.1,92.9,0.961
223,-1,1192.4,558.2,49.3,112.6,0.951
223,-1,1064.4,541.0,29.2,82.2,0.929
223,-1,1013.3,530.4,22.3,63.9,0.884
223,-1,822.4,517.9,20.7,51.5,0.880
223,-1,878.1,520.8,16.3,74.4,0.815
223,-1,977.4,530.9,26.0,61.0,0.806
223,-1,1123.2,530.7,25.4,90.4,0.788
223,-1,961.6,530.5,22.4,63.6,0.767
223,-1,1104.1,534.2,24.7,85.9,0.572
223,-1,416.1,517.8,19.8,49.0,0.537
223,-1,641.7,506.9,7.2,17.9,0.428
223,-1,636.7,508.5,8.5,17.7,0.278
223,-1,1072.4,542.8,22.0,52.2,0.270
223,-1,567.2,481.1,10.8,21.7,0.254
223,-1,386.2,527.8,16.4,43.1,0.233
223,-1,651.1,509.3,6.7,18.0,0.212
223,-1,1090.0,537.4,14.8,41.9,0.194
223,-1,566.1,483.2,11.6,33.5,0.188
223,-1,1047.1,528.1,22.7,40.0,0.183
223,-1,1722.1,556.1,50.6,67.9,0.133
223,-1,644.7,507.3,7.0,17.8,0.132
223,-1,655.8,508.5,6.9,18.4,0.121
223,-1,1088.6,547.7,22.1,72.7,0.092
223,-1,648.2,508.2,7.2,18.3,0.087
223,-1,1076.7,543.7,30.0,78.6,0.087
223,-1,1714.4,569.3,40.1,101.5,0.082
223,-1,502.8,499.2,13.0,21.6,0.081
223,-1,1102.5,536.5,21.3,38.8,0.078
223,-1,796.2,513.1,28.6,42.4,0.074
223,-1,1744.6,570.4,29.0,49.7,0.072
223,-1,659.1,490.4,10.3,36.2,0.066
223,-1,3.2,587.3,24.7,78.9,0.065
224,-1,1727.5,553.1,51.6,132.4,0.999
224,-1,1347.5,547.3,49.3,138.1,0.998
224,-1,1062.8,543.5,31.3,80.1,0.985
224,-1,4.0,580.9,36.5,93.8,0.970
224,-1,129.2,582.7,31.1,88.7,0.946
224,-1,822.9,518.5,19.5,51.0,0.901
224,-1,1013.3,527.3,22.5,68.4,0.871
224,-1,140.4,581.2,34.7,86.7,0.832
224,-1,1119.9,530.1,25.1,92.6,0.826
224,-1,1200.1,559.8,44.2,113.0,0.818
224,-1,962.0,529.4,21.8,65.4,0.745
224,-1,978.3,530.6,25.9,61.6,0.698
224,-1,1096.5,534.4,29.5,85.1,0.695
224,-1,1048.4,527.3,21.5,52.6,0.604
224,-1,878.2,521.7,16.5,70.9,0.591
224,-1,1107.5,530.1,30.0,92.7,0.439
224,-1,416.6,518.9,20.2,50.0,0.409
224,-1,641.8,506.7,7.6,18.4,0.401
224,-1,565.4,483.1,12.9,42.5,0.344
224,-1,567.6,481.3,11.0,22.1,0.284
224,-1,635.8,508.9,8.6,17.8,0.260
224,-1,659.0,489.6,12.0,38.8,0.197
224,-1,1088.7,534.7,19.1,45.9,0.157
224,-1,650.3,508.3,9.4,19.3,0.151
224,-1,1729.6,566.7,32.1,96.0,0.111
224,-1,509.7,500.3,10.9,25.5,0.105
224,-1,1038.0,521.2,13.4,36.2,0.104
224,-1,638.8,508.5,7.8,18.4,0.103
224,-1,385.2,528.8,17.2,42.6,0.100
224,-1,645.7,507.6,7.8,19.6,0.095
224,-1,1091.5,536.2,25.7,60.9,0.084
224,-1,1059.3,534.7,17.0,37.7,0.072
224,-1,1069.3,541.8,23.5,53.5,0.067
224,-1,795.2,512.7,31.0,45.1,0.065
224,-1,648.6,508.5,7.2,18.0,0.063
224,-1,1099.0,537.5,22.9,45.0,0.060
224,-1,673.2,497.9,10.8,31.9,0.059
225,-1,1350.9,547.7,47.2,137.5,0.999
225,-1,1732.4,545.2,52.2,138.9,0.997
225,-1,1061.0,545.4,33.3,78.1,0.984
225,-1,3.4,584.0,35.8,90.3,0.967
225,-1,127.3,582.7,33.1,91.2,0.965
225,-1,824.3,518.9,18.0,51.0,0.894
225,-1,1198.3,556.3,50.0,112.6,0.890
225,-1,1121.3,530.7,29.2,93.1,0.880
225,-1,1013.0,527.5,22.1,67.8,0.856
225,-1,979.4,530.1,23.7,61.5,0.674
225,-1,137.9,581.9,34.1,86.7,0.659
225,-1,1093.9,533.9,26.5,87.0,0.651
225,-1,962.7,532.5,20.0,61.5,0.637
225,-1,877.8,517.2,15.5,72.1,0.476
225,-1,2.9,591.6,16.4,81.6,0.472
225,-1,1047.8,528.8,18.2,46.0,0.446
225,-1,643.6,508.8,7.8,18.7,0.407
225,-1,1100.6,531.5,31.8,90.7,0.395
225,-1,636.2,508.5,8.2,17.0,0.354
225,-1,565.5,482.9,13.7,45.4,0.353
225,-1,568.0,482.3,10.8,22.7,0.250
225,-1,798.5,513.1,23.6,29.7,0.238
225,-1,659.9,490.3,12.2,38.5,0.234
225,-1,1055.4,534.3,19.2,46.8,0.200
225,-1,383.4,528.5,18.3,44.1,0.198
225,-1,646.0,507.4,7.2,18.0,0.179
225,-1,640.5,507.0,7.7,18.0,0.156
225,-1,512.2,499.8,10.4,25.7,0.141
225,-1,649.3,508.3,9.5,19.0,0.111
225,-1,1096.0,534.8,20.5,48.5,0.110
225,-1,416.7,517.5,18.1,49.6,0.109
225,-1,505.8,500.3,12.5,22.8,0.106
225,-1,832.8,514.1,21.0,59.8,0.098
225,-1,672.7,498.5,10.4,32.0,0.087
225,-1,666.5,494.9,10.2,33.7,0.083
225,-1,782.9,511.5,20.5,37.0,0.074
225,-1,1086.8,535.6,18.8,48.6,0.074
225,-1,648.7,507.5,7.0,15.8,0.061
225,-1,1074.0,543.2,21.8,44.7,0.056
225,-1,444.4,702.8,48.0,52.9,0.055
226,-1,1353.3,547.0,46.8,138.9,0.999
226,-1,1741.5,544.4,52.2,138.6,0.998
226,-1,124.5,584.8,38.2,95.2,0.981
226,-1,1059.8,545.4,34.5,80.2,0.970
226,-1,1203.8,556.6,46.9,115.6,0.962
226,-1,0.8,588.5,33.3,90.8,0.958
226,-1,824.6,520.8,16.6,50.1,0.927
226,-1,1011.3,529.8,22.9,68.0,0.909
226,-1,1120.2,532.0,31.7,94.5,0.887
226,-1,1046.0,526.3,21.5,54.7,0.680
226,-1,1096.4,532.5,30.1,87.9,0.632
226,-1,977.1,532.6,25.3,61.6,0.611
226,-1,963.3,534.3,19.1,62.0,0.575
226,-1,416.8,521.7,18.2,48.7,0.492
226,-1,877.9,520.2,14.5,66.5,0.488
226,-1,659.1,491.4,12.3,39.1,0.452
226,-1,565.7,484.4,13.8,42.9,0.418
226,-1,832.6,515.1,20.2,59.2,0.384
226,-1,1039.1,521.2,13.4,30.7,0.267
226,-1,644.4,506.8,8.1,22.2,0.253
226,-1,510.1,502.8,10.7,26.4,0.251
226,-1,382.6,533.6,16.5,41.8,0.222
226,-1,636.8,509.7,12.5,18.8,0.194
226,-1,1054.3,550.6,26.7,73.8,0.190
226,-1,673.8,491.3,11.7,41.8,0.180
226,-1,1072.7,535.9,37.0,89.0,0.136
226,-1,664.4,493.0,11.6,38.1,0.115
226,-1,796.0,515.7,30.0,42.4,0.106
226,-1,1085.4,530.3,36.8,128.9,0.075
226,-1,1059.1,534.6,15.3,36.5,0.072
226,-1,145.5,587.4,27.8,72.5,0.062
226,-1,1069.8,538.5,18.0,29.3,0.052
227,-1,1354.0,547.0,47.5,140.5,0.999
227,-1,1748.6,549.2,50.9,137.5,0.999
227,-1,123.0,586.8,36.1,93.6,0.977
227,-1,1204.2,556.5,48.4,118.9,0.957
227,-1,1058.4,544.2,37.1,82.5,0.908
227,-1,0.9,589.5,32.5,89.1,0.899
227,-1,1119.2,531.6,35.5,93.3,0.873
227,-1,825.2,520.4,16.8,50.8,0.844
227,-1,1094.7,530.9,32.3,91.4,0.825
227,-1,1012.4,530.4,24.1,67.3,0.820
227,-1,978.2,533.8,24.2,61.7,0.710
227,-1,964.5,533.9,17.8,62.5,0.554
227,-1,1046.1,525.8,21.6,58.4,0.529
227,-1,643.1,509.7,7.5,20.2,0.431
227,-1,663.0,493.5,11.5,36.7,0.417
227,-1,1048.0,533.9,29.5,92.1,0.390
227,-1,1043.9,522.6,19.9,38.3,0.390
227,-1,639.4,507.0,10.8,18.6,0.384
227,-1,1096.3,531.9,19.7,63.0,0.333
227,-1,637.0,508.6,10.4,21.3,0.284
227,-1,382.5,534.8,16.8,40.2,0.277
227,-1,1104.6,532.8,36.0,92.8,0.234
227,-1,510.6,501.9,9.7,23.4,0.229
227,-1,645.4,509.4,8.4,18.8,0.211
227,-1,568.1,488.1,11.2,35.8,0.173
227,-1,671.4,496.8,10.4,35.4,0.118
227,-1,506.0,501.6,11.4,24.4,0.117
227,-1,569.0,483.9,10.9,19.5,0.090
227,-1,660.1,489.8,8.7,36.1,0.089
227,-1,830.3,522.1,21.7,52.4,0.087
227,-1,442.2,698.8,56.6,59.1,0.073
227,-1,649.2,509.7,7.3,17.9,0.066
227,-1,683.1,506.7,13.8,26.2,0.057
227,-1,667.5,495.6,10.7,35.5,0.055
228,-1,1755.7,542.0,53.2,146.1,0.999
228,-1,1357.1,547.0,47.0,141.5,0.999
228,-1,120.1,589.2,36.4,92.6,0.976
228,-1,1058.2,544.6,37.7,83.8,0.968
228,-1,1206.3,554.0,50.1,120.3,0.948
228,-1,1.5,587.7,32.0,92.5,0.928
228,-1,825.7,521.5,16.9,49.6,0.856
228,-1,1095.1,534.3,33.2,88.8,0.837
228,-1,1011.9,530.9,25.8,66.4,0.833
228,-1,1121.4,532.3,34.8,92.2,0.832
228,-1,1046.0,524.5,24.6,63.3,0.611
228,-1,965.9,536.4,17.2,60.1,0.581
228,-1,663.4,493.4,11.5,37.6,0.546
228,-1,643.6,509.8,7.4,20.5,0.524
228,-1,1048.6,536.4,32.2,90.4,0.514
228,-1,978.4,533.2,24.0,62.4,0.495
228,-1,837.5,526.7,14.9,46.0,0.471
228,-1,1045.4,523.5,21.6,37.6,0.437
228,-1,569.4,490.2,10.6,30.9,0.337
228,-1,381.6,534.6,17.4,42.0,0.265
228,-1,637.4,506.3,12.4,19.3,0.252
228,-1,672.6,495.9,11.0,36.9,0.245
228,-1,636.4,509.9,8.4,20.4,0.184
228,-1,570.1,486.2,10.1,21.4,0.162
228,-1,681.9,504.5,13.8,28.6,0.147
228,-1,507.9,503.1,10.9,21.7,0.131
228,-1,659.9,492.6,10.9,37.8,0.108
228,-1,134.9,588.9,34.1,83.6,0.089
228,-1,678.8,497.9,12.2,35.3,0.086
228,-1,540.1,700.2,57.6,52.7,0.073
228,-1,1227.0,562.0,26.8,88.9,0.058
229,-1,1762.3,545.5,50.6,143.5,0.999
229,-1,1359.2,550.5,47.3,137.5,0.999
229,-1,120.2,587.5,36.7,95.4,0.967
229,-1,1123.1,533.3,30.8,93.5,0.959
229,-1,1227.0,560.1,29.2,120.4,0.943
229,-1,1062.0,544.4,32.2,83.3,0.943
229,-1,1091.0,532.7,32.2,92.0,0.918
229,-1,1007.8,533.4,31.2,64.8,0.893
229,-1,826.2,520.8,18.0,50.1,0.879
229,-1,0.7,585.5,20.1,95.8,0.852
229,-1,1045.4,523.3,24.5,73.9,0.836
229,-1,978.3,533.8,24.1,61.6,0.819
229,-1,966.0,536.6,18.1,60.1,0.627
229,-1,569.1,485.8,12.3,44.6,0.603
229,-1,1043.7,521.3,21.8,39.3,0.470
229,-1,661.9,491.4,12.4,39.5,0.461
229,-1,381.7,535.0,17.0,41.3,0.432
229,-1,833.6,517.7,20.3,57.5,0.426
229,-1,1115.4,535.5,22.1,89.3,0.391
229,-1,641.2,507.4,10.3,22.0,0.355
229,-1,1048.8,533.5,28.2,87.6,0.323
229,-1,570.3,483.9,10.5,22.7,0.199
229,-1,1066.0,547.5,22.0,59.7,0.195
229,-1,1104.7,535.4,26.3,87.3,0.191
229,-1,509.5,502.9,11.5,21.8,0.167
229,-1,1073.6,535.9,24.4,59.1,0.131
229,-1,1056.2,535.4,23.9,61.8,0.121
229,-1,1910.2,538.5,9.8,31.7,0.108
229,-1,670.8,495.1,10.2,36.9,0.107
229,-1,418.1,517.1,18.0,52.6,0.087
229,-1,682.0,504.4,13.4,28.2,0.084
229,-1,540.9,698.8,57.3,52.5,0.076
229,-1,679.1,495.0,11.9,37.0,0.070
229,-1,646.4,508.4,8.1,19.8,0.060
229,-1,1066.0,541.7,19.3,38.1,0.056
230,-1,1362.0,550.1,48.9,137.0,0.999
230,-1,1772.6,545.1,49.2,138.9,0.998
230,-1,120.3,589.2,36.2,95.7,0.979
230,-1,1062.9,544.6,32.2,83.1,0.970
230,-1,1213.2,555.4,48.9,121.0,0.937
230,-1,0.7,591.5,26.9,92.3,0.929
230,-1,1046.3,524.5,23.1,69.4,0.915
230,-1,1091.7,534.5,29.8,90.8,0.908
230,-1,1007.2,534.4,33.5,63.9,0.892
230,-1,1129.6,531.0,27.6,92.2,0.890
230,-1,827.4,521.6,18.4,49.2,0.867
230,-1,978.3,532.6,24.9,63.6,0.741
230,-1,569.9,486.9,12.5,43.1,0.661
230,-1,834.2,518.7,21.6,55.8,0.590
230,-1,662.4,490.9,12.6,40.8,0.480
230,-1,1118.2,537.4,23.9,86.8,0.471
230,-1,117.1,593.3,24.4,72.1,0.464
230,-1,1110.4,535.6,21.3,83.1,0.404
230,-1,419.1,510.8,20.4,60.3,0.326
230,-1,970.1,531.0,22.3,66.2,0.287
230,-1,967.4,535.0,16.0,64.0,0.287
230,-1,380.8,534.2,18.5,42.7,0.278
230,-1,570.5,483.9,10.7,22.1,0.224
230,-1,679.0,491.0,13.3,41.4,0.194
230,-1,1046.6,521.8,16.9,42.5,0.184
230,-1,1134.2,529.9,38.7,104.6,0.158
230,-1,1049.6,530.1,34.3,94.8,0.148
230,-1,1081.5,536.6,19.5,69.9,0.141
230,-1,131.7,590.9,35.0,82.3,0.120
230,-1,644.9,508.3,9.9,19.8,0.092
230,-1,948.1,573.2,17.4,41.1,0.074
230,-1,675.1,493.4,11.2,40.0,0.072
230,-1,640.4,508.9,10.9,20.0,0.065
230,-1,683.1,502.4,17.1,31.4,0.055
230,-1,1068.9,545.9,21.4,59.6,0.053
231,-1,1362.7,553.7,50.3,135.5,0.999
231,-1,1779.4,551.4,51.5,136.4,0.994
231,-1,1062.4,545.8,32.3,82.2,0.984
231,-1,114.1,588.9,39.1,94.4,0.973
231,-1,1090.5,532.9,30.3,92.6,0.962
231,-1,828.3,521.5,17.9,49.0,0.922
231,-1,1005.7,533.1,35.3,67.2,0.918
231,-1,1129.4,530.9,30.3,94.3,0.903
231,-1,978.0,529.7,23.8,66.8,0.871
231,-1,570.5,486.4,13.1,43.7,0.865
231,-1,1.0,592.2,24.5,89.0,0.863
231,-1,1213.2,566.5,50.0,113.9,0.787
231,-1,838.1,514.8,18.9,59.1,0.775
231,-1,1046.5,524.6,22.8,70.4,0.753
231,-1,1119.6,541.8,23.8,83.6,0.599
231,-1,969.7,533.6,19.9,65.6,0.572
231,-1,1046.5,521.1,18.4,41.0,0.545
231,-1,1106.7,530.0,24.0,87.0,0.498
231,-1,572.3,483.5,11.3,21.9,0.418
231,-1,663.0,490.2,12.1,40.8,0.347
231,-1,679.6,489.9,13.1,42.3,0.306
231,-1,1054.0,540.4,27.9,85.5,0.167
231,-1,1074.1,536.1,27.1,85.5,0.152
231,-1,645.3,507.3,9.7,19.9,0.119
231,-1,522.5,499.9,10.7,28.3,0.105
231,-1,511.9,502.6,10.0,21.6,0.095
231,-1,129.6,590.1,35.5,79.0,0.090
231,-1,1801.0,554.9,30.9,94.6,0.086
231,-1,864.5,519.9,19.5,48.2,0.079
231,-1,1064.8,533.6,16.2,33.6,0.056
231,-1,641.1,507.3,10.7,20.8,0.055
231,-1,672.9,494.7,11.0,37.4,0.055
232,-1,1364.6,553.4,49.7,135.5,0.999
232,-1,1788.7,549.9,51.0,140.1,0.997
232,-1,1061.4,546.2,29.6,81.3,0.980
232,-1,116.9,589.3,36.8,95.5,0.954
232,-1,1008.8,532.5,33.4,67.7,0.950
232,-1,1089.7,533.6,34.3,91.5,0.929
232,-1,980.8,531.5,21.9,65.3,0.904
232,-1,1133.7,530.4,28.3,91.6,0.903
232,-1,0.6,591.3,23.9,92.8,0.901
232,-1,1215.7,560.6,51.2,111.6,0.882
232,-1,829.5,522.8,16.7,47.5,0.871
232,-1,1047.8,521.0,20.4,67.7,0.770
232,-1,1121.8,536.1,30.9,90.2,0.720
232,-1,971.2,532.5,21.5,65.1,0.646
232,-1,571.8,486.2,12.5,41.5,0.586
232,-1,664.3,489.1,11.6,41.3,0.497
232,-1,1069.9,542.3,35.8,85.9,0.421
232,-1,418.7,513.1,20.4,56.8,0.407
232,-1,1109.5,529.8,23.6,84.5,0.393
232,-1,1048.6,521.5,16.7,38.1,0.390
232,-1,573.3,484.6,10.1,21.0,0.367
232,-1,839.3,520.0,19.2,54.5,0.350
232,-1,680.1,490.7,12.8,41.5,0.296
232,-1,1004.3,534.1,21.4,64.8,0.288
232,-1,645.5,505.5,9.5,19.9,0.201
232,-1,511.8,503.4,9.6,20.7,0.191
232,-1,1241.5,568.0,24.8,88.8,0.150
232,-1,1078.9,534.1,22.7,57.6,0.147
232,-1,668.5,492.2,12.6,38.4,0.128
232,-1,110.9,594.3,26.0,86.1,0.117
232,-1,522.5,500.8,10.9,28.5,0.114
232,-1,1773.8,567.3,35.5,94.7,0.089
232,-1,374.1,531.6,23.4,45.0,0.078
232,-1,519.1,502.0,10.2,26.9,0.064
232,-1,1145.5,532.8,21.9,80.8,0.060
232,-1,508.6,502.3,9.1,20.5,0.058
232,-1,685.3,502.9,14.2,30.1,0.052
232,-1,1066.9,537.0,16.8,29.1,0.050
233,-1,1368.5,553.4,48.9,135.4,0.999
233,-1,1796.3,546.5,53.0,144.2,0.997
233,-1,115.5,588.4,33.3,95.1,0.976
233,-1,1008.6,529.8,33.2,70.1,0.963
233,-1,1089.2,530.3,33.6,95.4,0.938
233,-1,1061.3,545.0,28.0,78.8,0.935
233,-1,831.1,522.6,16.3,47.6,0.911
233,-1,1222.7,558.4,46.7,115.7,0.906
233,-1,1125.0,531.6,32.9,93.2,0.898
233,-1,0.0,600.5,20.7,82.2,0.891
233,-1,979.6,532.5,24.3,63.0,0.890
233,-1,1049.2,520.7,18.2,59.9,0.877
233,-1,845.1,521.7,13.6,49.9,0.806
233,-1,1138.7,527.9,22.2,83.7,0.689
233,-1,970.5,531.5,20.4,65.7,0.504
233,-1,572.9,485.8,13.3,41.6,0.485
233,-1,419.4,515.8,21.1,53.5,0.465
233,-1,1108.8,528.8,22.0,84.2,0.364
233,-1,665.3,488.7,13.0,41.2,0.273
233,-1,374.8,533.8,20.5,42.0,0.219
233,-1,128.7,587.9,33.5,78.2,0.210
233,-1,1115.6,532.4,26.0,92.6,0.186
233,-1,647.8,506.3,8.5,18.9,0.176
233,-1,1247.1,566.8,21.8,54.7,0.136
233,-1,1068.1,534.6,15.6,31.2,0.101
233,-1,524.6,497.7,12.1,30.6,0.098
233,-1,882.8,525.8,12.5,56.2,0.081
233,-1,866.9,521.4,21.1,57.8,0.080
233,-1,788.9,523.2,18.5,36.3,0.074
233,-1,1818.5,546.9,32.8,97.6,0.069
233,-1,1052.3,540.6,26.8,66.6,0.066
233,-1,1086.2,532.1,21.6,55.2,0.066
233,-1,1076.2,535.8,24.9,86.3,0.064
233,-1,1170.9,541.3,13.8,55.3,0.057
233,-1,679.5,491.5,11.2,40.3,0.055
233,-1,1067.4,542.1,19.7,52.6,0.052
234,-1,1371.7,553.5,48.0,134.5,0.999
234,-1,1804.7,546.5,56.2,142.4,0.998
234,-1,1009.1,531.7,32.1,67.5,0.985
234,-1,1060.9,546.1,37.1,80.1,0.977
234,-1,114.5,587.9,34.4,97.0,0.966
234,-1,985.2,531.7,20.4,63.0,0.961
234,-1,1227.0,563.5,47.3,113.1,0.960
234,-1,1090.1,530.4,33.6,94.2,0.949
234,-1,831.7,522.1,17.2,47.6,0.942
234,-1,1049.2,520.2,18.8,71.7,0.881
234,-1,0.0,595.2,19.5,87.9,0.844
234,-1,845.7,521.9,14.3,50.7,0.829
234,-1,1130.6,536.6,29.5,87.8,0.803
234,-1,1141.5,531.2,22.4,84.8,0.696
234,-1,1103.1,528.1,29.3,96.5,0.450
234,-1,1119.6,532.5,28.2,91.1,0.434
234,-1,108.0,592.0,27.7,80.4,0.418
234,-1,1250.3,566.7,24.1,99.0,0.366
234,-1,573.3,484.3,13.7,45.2,0.361
234,-1,665.6,489.4,13.9,40.3,0.291
234,-1,421.3,510.9,20.1,58.3,0.280
234,-1,648.2,505.8,8.6,17.5,0.200
234,-1,1405.8,558.9,17.0,88.0,0.085
234,-1,538.6,685.9,55.1,57.1,0.083
234,-1,653.5,507.1,8.6,17.6,0.080
234,-1,1113.1,531.1,20.7,52.4,0.071
234,-1,138.1,590.4,25.7,70.2,0.071
234,-1,1170.5,561.9,13.2,39.5,0.069
234,-1,787.2,526.0,23.3,34.0,0.059
235,-1,1375.1,552.4,47.9,135.4,0.999
235,-1,1816.7,547.8,55.4,139.4,0.998
235,-1,1068.4,543.7,34.6,83.2,0.992
235,-1,1009.6,532.5,30.7,64.7,0.985
235,-1,114.7,588.2,33.4,95.7,0.982
235,-1,1225.5,554.6,54.5,123.3,0.969
235,-1,1093.6,528.3,33.6,95.8,0.968
235,-1,833.0,521.7,16.4,43.9,0.940
235,-1,980.5,527.3,25.2,66.5,0.928
235,-1,1051.1,519.4,17.8,68.3,0.860
235,-1,1129.9,531.9,26.0,93.4,0.825
235,-1,0.2,597.5,17.1,83.5,0.823
235,-1,847.6,519.5,15.8,53.0,0.758
235,-1,1118.6,529.1,21.3,91.8,0.673
235,-1,1147.1,528.4,19.0,78.8,0.571
235,-1,124.4,586.3,34.6,85.3,0.424
235,-1,667.6,487.3,12.5,40.1,0.322
235,-1,1058.3,545.9,27.3,81.5,0.312
235,-1,137.4,588.0,25.0,71.2,0.151
235,-1,1410.6,557.6,16.3,89.6,0.112
235,-1,1252.4,563.4,26.8,112.3,0.097
235,-1,840.9,522.5,15.6,48.6,0.084
235,-1,677.1,492.4,9.8,33.5,0.079
235,-1,653.8,504.3,8.3,18.0,0.051
236,-1,1376.7,550.0,50.6,139.8,0.999
236,-1,1827.2,541.5,55.4,140.2,0.995
236,-1,1065.9,547.2,36.3,80.8,0.989
236,-1,1010.6,531.3,30.1,65.2,0.986
236,-1,107.3,590.7,36.8,93.6,0.964
236,-1,835.9,521.3,15.8,44.6,0.940
236,-1,1095.4,531.2,33.9,94.8,0.928
236,-1,982.0,526.0,26.1,68.8,0.925
236,-1,1052.9,519.7,16.9,66.6,0.883
236,-1,849.3,519.8,16.1,53.7,0.862
236,-1,1121.4,529.1,30.7,90.9,0.783
236,-1,1106.9,529.6,33.2,95.4,0.710
236,-1,0.0,601.5,15.9,80.8,0.576
236,-1,1148.7,528.9,21.3,76.7,0.480
236,-1,1229.9,558.8,53.8,89.4,0.448
236,-1,1120.3,528.6,22.6,65.1,0.304
236,-1,124.5,587.0,36.8,79.5,0.280
236,-1,1414.6,548.8,16.8,97.1,0.204
236,-1,376.3,534.9,18.6,38.6,0.203
236,-1,870.5,514.9,21.1,62.4,0.172
236,-1,576.7,483.6,13.1,45.0,0.118
236,-1,1137.1,529.1,28.1,86.6,0.100
236,-1,550.3,681.9,43.1,51.7,0.096
236,-1,1831.7,543.5,49.9,67.5,0.090
236,-1,678.2,493.8,10.4,33.4,0.088
236,-1,672.3,490.0,12.5,36.4,0.082
236,-1,524.2,499.7,10.1,26.5,0.051
237,-1,1379.8,547.7,52.4,142.4,1.000
237,-1,1836.7,542.8,59.2,140.9,0.992
237,-1,1066.1,548.2,36.2,79.2,0.991
237,-1,108.3,584.8,37.4,99.0,0.976
237,-1,1012.3,530.0,28.2,66.3,0.965
237,-1,837.3,520.5,15.8,43.2,0.943
237,-1,1093.5,532.8,28.8,92.8,0.941
237,-1,982.8,521.6,26.9,63.6,0.893
237,-1,1124.3,529.3,22.7,89.3,0.805
237,-1,852.3,517.9,15.1,52.8,0.805
237,-1,1055.1,517.2,15.2,43.8,0.720
237,-1,1053.6,515.8,17.8,75.3,0.557
237,-1,1127.1,528.5,19.1,51.7,0.539
237,-1,1861.5,543.4,34.9,74.9,0.531
237,-1,0.0,598.1,15.0,82.6,0.513
237,-1,1104.0,528.7,32.3,95.4,0.467
237,-1,119.3,583.8,38.7,89.3,0.416
237,-1,378.0,532.7,17.4,39.1,0.357
237,-1,655.0,504.2,7.6,16.4,0.261
237,-1,426.0,522.0,16.0,44.5,0.211
237,-1,1149.8,527.3,23.9,76.1,0.208
237,-1,673.3,488.8,13.2,36.1,0.193
237,-1,1095.4,531.3,19.4,60.5,0.174
237,-1,134.8,585.3,27.5,74.6,0.142
237,-1,581.3,479.3,10.4,21.7,0.127
237,-1,537.4,677.7,56.5,52.5,0.109
237,-1,1822.0,554.0,59.2,110.5,0.107
237,-1,1087.9,530.4,16.6,53.2,0.094
237,-1,1080.3,532.1,19.6,50.1,0.089
237,-1,521.4,500.4,10.9,24.6,0.082
237,-1,794.6,520.3,19.6,37.7,0.075
237,-1,1232.5,547.4,55.4,86.0,0.074
237,-1,679.3,490.6,9.7,29.2,0.059
237,-1,1071.2,543.3,23.5,50.2,0.054
237,-1,658.4,504.0,7.9,16.8,0.052
237,-1,1054.0,533.0,24.6,87.9,0.050
238,-1,1384.6,549.0,49.7,141.0,1.000
238,-1,1849.3,539.9,56.4,146.7,0.997
238,-1,1067.4,543.6,32.1,81.1,0.969
238,-1,107.7,585.2,37.7,98.8,0.966
238,-1,1013.5,525.8,25.8,73.5,0.959
238,-1,838.8,520.5,15.6,42.5,0.932
238,-1,985.9,522.3,24.8,58.8,0.919
238,-1,1244.9,551.2,54.7,134.1,0.910
238,-1,1095.8,531.1,27.2,94.1,0.889
238,-1,1054.2,517.9,19.3,67.2,0.818
238,-1,853.4,516.3,16.8,56.5,0.754
238,-1,1126.1,526.7,23.5,91.6,0.687
238,-1,1151.8,528.1,23.8,78.2,0.604
238,-1,1266.1,559.2,28.9,126.5,0.580
238,-1,1105.5,526.9,33.3,97.6,0.506
238,-1,0.1,597.0,13.5,83.1,0.466
238,-1,376.7,530.8,19.2,41.6,0.290
238,-1,123.8,584.2,34.1,83.9,0.279
238,-1,1121.0,524.6,22.2,68.7,0.262
238,-1,583.2,478.3,10.1,21.8,0.220
238,-1,548.4,677.7,46.1,51.4,0.153
238,-1,430.6,686.2,36.6,51.2,0.124
238,-1,137.0,584.9,26.0,74.1,0.097
238,-1,521.9,500.4,10.9,23.9,0.085
238,-1,535.7,494.7,9.6,29.8,0.081
238,-1,1059.1,543.0,30.4,69.5,0.076
238,-1,1153.0,529.9,20.4,44.6,0.074
238,-1,876.8,519.8,16.2,42.5,0.069
238,-1,674.6,489.6,12.3,36.5,0.056
238,-1,529.3,496.9,10.4,27.9,0.051
239,-1,1388.0,547.1,47.4,141.7,0.999
239,-1,1864.1,540.9,54.8,146.3,0.996
239,-1,106.9,583.1,41.6,99.7,0.984
239,-1,1069.5,546.6,29.6,73.6,0.964
239,-1,840.8,519.3,15.9,45.7,0.951
239,-1,1096.2,533.0,29.6,92.6,0.936
239,-1,990.3,523.5,21.6,53.1,0.826
239,-1,1155.8,528.2,22.4,73.1,0.823
239,-1,1055.1,517.9,21.1,76.6,0.815
239,-1,1016.8,527.6,20.3,55.0,0.753
239,-1,1130.8,527.5,21.6,91.3,0.681
239,-1,1261.3,554.8,46.9,142.2,0.661
239,-1,585.1,476.9,12.8,20.8,0.496
239,-1,0.2,593.9,13.4,84.8,0.488
239,-1,583.0,478.1,14.2,46.3,0.477
239,-1,1110.8,530.6,24.9,93.5,0.449
239,-1,673.9,483.3,12.3,41.7,0.418
239,-1,378.4,529.7,19.3,41.6,0.401
239,-1,1130.6,527.9,17.9,51.2,0.336
239,-1,857.3,515.2,14.7,55.2,0.293
239,-1,1124.6,522.6,15.4,56.3,0.221
239,-1,1099.6,532.2,22.4,54.7,0.185
239,-1,464.1,489.7,18.1,18.2,0.181
239,-1,682.4,486.9,12.0,37.9,0.176
239,-1,658.2,501.1,10.0,18.2,0.166
239,-1,526.9,497.1,11.4,28.7,0.163
239,-1,537.7,490.8,11.0,32.9,0.141
239,-1,505.9,496.2,13.7,22.1,0.137
239,-1,1117.9,529.6,18.2,54.1,0.137
239,-1,891.3,519.3,14.5,55.9,0.116
239,-1,1114.7,527.2,42.2,97.8,0.115
239,-1,1862.4,563.3,35.2,114.3,0.115
239,-1,447.5,677.0,52.2,57.9,0.113
239,-1,1844.4,574.4,35.5,79.9,0.107
239,-1,553.1,676.3,43.6,53.1,0.106
239,-1,1872.6,540.8,46.3,84.6,0.100
239,-1,103.9,586.1,26.0,87.1,0.094
239,-1,1077.7,543.1,37.3,82.7,0.088
239,-1,691.2,481.9,11.9,42.5,0.075
239,-1,1138.4,533.6,19.2,89.6,0.071
239,-1,137.4,583.2,25.3,76.2,0.060
239,-1,582.0,478.6,11.7,21.3,0.060
239,-1,799.6,517.3,18.8,27.0,0.058
239,-1,835.8,522.0,14.3,37.1,0.055
239,-1,1079.7,536.5,23.3,49.2,0.053
240,-1,1391.6,544.8,47.5,145.2,0.999
240,-1,1872.8,537.1,47.2,147.5,0.990
240,-1,1100.5,530.9,31.7,94.3,0.987
240,-1,106.9,582.6,38.4,100.7,0.980
240,-1,1070.3,543.7,26.7,63.4,0.966
240,-1,843.1,517.7,16.7,47.1,0.966
240,-1,1127.5,531.0,26.6,93.8,0.912
240,-1,1280.3,574.7,34.6,126.2,0.697
240,-1,1159.7,526.5,23.0,75.7,0.681
240,-1,1056.4,517.3,20.7,64.0,0.610
240,-1,585.3,478.0,13.2,41.5,0.475
240,-1,585.8,475.2,13.1,22.5,0.418
240,-1,1261.3,555.5,50.5,139.5,0.414
240,-1,0.2,600.7,10.4,79.8,0.344
240,-1,1018.9,525.8,21.5,52.2,0.328
240,-1,993.6,523.2,19.1,51.6,0.328
240,-1,1074.5,539.6,38.0,81.9,0.289
240,-1,1856.4,549.3,52.0,107.9,0.274
240,-1,676.7,484.0,14.8,40.2,0.206
240,-1,804.0,518.5,16.5,25.3,0.170
240,-1,1061.4,536.1,28.1,63.6,0.169
240,-1,892.8,520.5,15.3,60.9,0.160
240,-1,859.2,516.4,17.0,53.8,0.144
240,-1,1140.1,529.4,32.9,93.5,0.141
240,-1,102.1,582.9,26.7,87.9,0.133
240,-1,430.8,521.0,16.5,45.6,0.131
240,-1,554.5,678.2,43.4,45.7,0.130
240,-1,526.4,496.0,11.8,28.8,0.128
240,-1,1874.3,537.7,45.7,59.8,0.081
240,-1,659.2,500.7,11.0,18.3,0.078
240,-1,1856.1,590.7,33.1,63.1,0.065
240,-1,1868.3,569.1,32.1,87.2,0.062
240,-1,122.3,583.7,36.0,84.8,0.060
240,-1,539.7,491.0,10.4,30.7,0.060
240,-1,1094.7,530.5,26.8,82.7,0.052
240,-1,851.9,517.4,17.4,51.7,0.052
241,-1,1395.0,545.2,47.5,144.6,0.998
241,-1,107.0,582.4,37.8,101.2,0.974
241,-1,844.9,517.7,17.0,47.0,0.963
241,-1,1068.2,542.6,30.1,55.7,0.961
241,-1,1883.3,542.9,36.7,145.8,0.941
241,-1,1131.3,528.3,26.9,92.8,0.918
241,-1,1102.2,530.7,25.7,85.5,0.913
241,-1,1268.8,570.7,50.4,127.2,0.705
241,-1,1163.7,527.1,22.4,77.8,0.678
241,-1,1869.2,553.0,45.7,104.6,0.658
241,-1,1059.0,520.2,20.2,52.2,0.587
241,-1,587.9,477.0,13.7,46.5,0.584
241,-1,895.9,527.0,15.7,56.9,0.527
241,-1,881.6,510.8,21.8,68.2,0.476
241,-1,1906.6,543.3,13.4,148.0,0.456
241,-1,860.3,511.8,16.8,59.1,0.429
241,-1,1021.4,526.3,20.1,49.0,0.422
241,-1,435.3,676.5,46.4,53.5,0.401
241,-1,1070.3,541.4,51.0,80.3,0.340
241,-1,997.9,523.3,17.8,52.6,0.336
241,-1,1119.5,524.4,32.2,98.9,0.325
241,-1,1287.3,574.9,29.4,98.4,0.307
241,-1,588.8,475.7,11.5,22.0,0.295
241,-1,1062.2,536.7,26.6,55.7,0.272
241,-1,0.0,598.1,8.6,82.8,0.227
241,-1,1899.9,541.7,20.1,67.9,0.196
241,-1,543.0,488.4,10.5,34.1,0.139
241,-1,553.9,674.5,45.7,49.2,0.133
241,-1,867.4,517.1,14.6,51.0,0.128
241,-1,679.1,484.6,14.6,39.3,0.120
241,-1,1108.9,526.2,30.1,90.3,0.110
241,-1,1290.8,580.3,27.1,56.1,0.102
241,-1,1141.7,534.3,22.6,87.5,0.091
241,-1,803.9,517.5,18.3,28.1,0.076
241,-1,120.1,583.6,36.1,87.2,0.076
241,-1,1149.8,548.4,22.2,74.5,0.062
241,-1,1089.9,535.9,21.0,53.5,0.059
241,-1,877.7,517.0,18.2,57.6,0.054
241,-1,528.8,496.5,11.2,29.0,0.050
242,-1,1400.7,546.8,47.5,144.8,0.999
242,-1,107.0,581.7,39.4,102.2,0.987
242,-1,849.0,518.3,15.3,46.7,0.975
242,-1,1065.0,543.5,46.1,61.6,0.967
242,-1,1132.1,526.7,29.0,95.7,0.940
242,-1,1104.7,528.7,25.7,75.4,0.934
242,-1,1276.1,569.5,49.2,133.4,0.881
242,-1,1893.9,564.5,26.1,91.8,0.866
242,-1,1169.1,526.8,20.1,75.7,0.719
242,-1,1114.2,535.8,23.6,82.2,0.700
242,-1,861.6,514.4,18.9,57.1,0.608
242,-1,1059.9,527.0,28.0,63.3,0.564
242,-1,662.8,500.7,9.8,17.9,0.561
242,-1,437.3,675.7,48.5,53.4,0.544
242,-1,590.1,476.7,13.0,45.6,0.494
242,-1,591.5,475.7,11.7,22.0,0.481
242,-1,0.1,593.7,9.9,85.2,0.449
242,-1,1022.4,521.8,20.3,50.8,0.349
242,-1,883.4,519.0,20.2,57.0,0.241
242,-1,1059.8,521.3,21.0,41.5,0.227
242,-1,680.3,482.6,11.9,39.9,0.209
242,-1,531.7,494.4,12.9,30.4,0.203
242,-1,1096.0,531.7,20.6,56.9,0.172
242,-1,567.3,677.0,34.6,48.0,0.164
242,-1,1295.8,578.9,27.2,94.7,0.113
242,-1,796.3,499.7,24.5,34.6,0.106
242,-1,102.2,582.6,27.8,89.9,0.099
242,-1,545.5,490.4,10.9,32.3,0.092
242,-1,683.0,484.8,16.2,37.5,0.089
242,-1,1269.5,584.0,13.2,43.1,0.085
242,-1,870.3,518.4,14.7,50.0,0.067
243,-1,1405.6,546.5,47.8,146.2,0.998
243,-1,1136.4,530.3,30.1,93.0,0.989
243,-1,107.1,582.1,38.4,103.0,0.985
243,-1,1105.5,529.1,26.2,71.0,0.963
243,-1,849.4,516.6,16.9,46.6,0.945
243,-1,1275.4,575.8,58.2,126.7,0.920
243,-1,1066.4,539.7,44.7,59.5,0.895
243,-1,1895.5,570.2,24.5,91.0,0.751
243,-1,1061.6,520.3,23.0,55.6,0.674
243,-1,1172.3,526.1,24.0,76.3,0.665
243,-1,440.4,673.5,50.4,54.9,0.557
243,-1,437.0,515.9,18.3,48.6,0.551
243,-1,592.7,474.9,13.3,48.1,0.550
243,-1,0.2,591.5,10.8,87.4,0.525
243,-1,593.9,474.1,13.1,19.3,0.424
243,-1,888.5,510.6,19.5,66.6,0.292
243,-1,383.4,526.8,20.9,43.4,0.253
243,-1,867.0,513.8,16.6,54.4,0.200
243,-1,1275.0,568.7,57.9,74.6,0.177
243,-1,898.5,522.8,17.6,56.4,0.112
243,-1,545.0,491.3,11.0,30.0,0.109
243,-1,534.7,494.8,11.4,27.2,0.099
243,-1,683.8,482.7,13.8,38.5,0.091
243,-1,551.8,489.4,9.4,33.2,0.091
243,-1,1098.6,530.9,20.8,58.4,0.088
243,-1,875.1,514.2,13.1,48.5,0.086
243,-1,1165.0,527.4,25.0,92.8,0.085
243,-1,560.3,675.2,44.0,48.5,0.072
243,-1,532.0,494.8,11.2,21.7,0.071
243,-1,1301.4,579.9,29.9,56.3,0.060
243,-1,474.0,487.9,18.6,20.7,0.053
243,-1,1021.1,519.6,26.6,53.3,0.053
244,-1,1411.9,548.8,46.3,142.9,0.999
244,-1,107.4,581.9,38.3,103.3,0.985
244,-1,853.7,518.3,16.3,45.7,0.963
244,-1,1136.0,523.6,31.7,90.4,0.960
244,-1,1288.7,574.7,53.7,131.1,0.906
244,-1,1102.7,529.1,31.0,67.8,0.864
244,-1,1065.0,518.9,21.6,54.8,0.842
244,-1,594.2,477.4,14.2,43.7,0.789
244,-1,0.0,598.7,6.6,83.7,0.567
244,-1,889.8,512.7,21.1,66.6,0.551
244,-1,442.8,671.9,49.6,54.3,0.539
244,-1,1077.7,540.0,22.9,41.7,0.480
244,-1,901.4,531.4,19.5,55.4,0.459
244,-1,864.7,507.9,18.8,60.6,0.394
244,-1,1174.9,524.6,23.5,78.7,0.336
244,-1,595.9,474.3,13.9,20.7,0.282
244,-1,1075.1,517.0,19.8,51.0,0.216
244,-1,1283.2,569.8,56.6,68.0,0.198
244,-1,669.8,499.4,11.3,17.8,0.183
244,-1,876.6,512.3,13.3,53.4,0.163
244,-1,549.3,488.1,11.5,32.2,0.156
244,-1,574.6,678.8,31.1,43.5,0.115
244,-1,688.3,483.0,14.3,38.3,0.101
244,-1,537.1,494.3,9.9,24.0,0.098
244,-1,101.9,584.9,25.7,89.8,0.097
244,-1,1120.1,526.8,22.6,65.2,0.086
244,-1,1129.3,520.5,26.2,71.8,0.072
244,-1,1307.9,572.7,32.2,76.7,0.064
244,-1,544.4,676.0,60.5,49.9,0.057
244,-1,556.6,486.0,11.4,37.0,0.056
244,-1,704.1,480.4,10.2,31.4,0.054
244,-1,699.3,489.9,10.4,34.3,0.054
244,-1,1287.9,579.4,27.5,121.1,0.052
245,-1,1416.6,550.7,45.6,143.3,0.998
245,-1,1137.8,524.5,29.4,77.7,0.978
245,-1,107.8,582.2,38.0,103.0,0.977
245,-1,855.8,518.1,17.3,47.0,0.966
245,-1,1292.4,567.3,56.8,141.0,0.964
245,-1,1108.1,530.0,30.7,60.9,0.908
245,-1,1180.7,525.5,22.5,77.4,0.822
245,-1,1067.5,519.7,20.0,52.9,0.712
245,-1,894.9,514.9,19.6,62.5,0.624
245,-1,597.1,474.4,14.9,49.4,0.601
245,-1,446.0,672.0,51.7,55.2,0.590
245,-1,870.5,511.5,16.7,59.3,0.574
245,-1,905.2,529.3,19.2,59.9,0.558
245,-1,0.0,596.7,7.5,86.8,0.433
245,-1,881.3,515.3,13.5,47.3,0.342
245,-1,1121.1,530.8,22.9,60.8,0.274
245,-1,598.4,473.2,15.2,19.7,0.263
245,-1,384.6,527.3,24.1,42.6,0.145
245,-1,1079.1,541.8,22.5,33.0,0.140
245,-1,557.4,488.5,10.7,33.5,0.124
245,-1,1316.6,571.4,30.7,130.6,0.123
245,-1,1155.7,528.0,18.2,59.0,0.117
245,-1,540.0,494.3,11.0,28.6,0.114
245,-1,816.2,518.5,19.5,25.0,0.114
245,-1,692.4,483.4,13.7,37.9,0.099
245,-1,829.5,507.2,10.6,15.2,0.094
245,-1,579.0,674.8,29.4,47.6,0.092
245,-1,893.5,521.1,14.1,49.0,0.091
245,-1,553.7,490.4,10.3,30.2,0.076
245,-1,549.6,490.9,11.3,30.8,0.073
245,-1,699.4,485.9,11.3,35.8,0.070
245,-1,1282.6,582.4,21.1,46.9,0.058
245,-1,550.0,674.6,57.2,50.0,0.055
246,-1,1423.2,551.4,44.5,148.3,0.999
246,-1,1297.5,566.3,60.5,145.6,0.991
246,-1,108.3,582.6,37.9,103.0,0.977
246,-1,859.7,518.2,16.2,47.1,0.957
246,-1,1138.5,526.7,29.1,70.4,0.956
246,-1,872.6,512.5,16.7,58.5,0.779
246,-1,1184.8,527.1,22.2,77.1,0.738
246,-1,600.1,475.5,14.3,46.8,0.734
246,-1,675.2,497.6,8.4,17.0,0.720
246,-1,907.9,529.3,21.7,63.9,0.713
246,-1,1115.3,532.7,28.8,52.5,0.589
246,-1,449.3,671.4,56.3,55.1,0.422
246,-1,884.5,515.7,12.3,49.6,0.412
246,-1,0.3,593.5,8.6,86.6,0.400
246,-1,601.3,474.6,13.6,20.2,0.350
246,-1,1127.2,529.1,22.6,60.9,0.323
246,-1,1081.5,543.6,19.5,29.8,0.288
246,-1,1031.0,527.8,23.9,47.2,0.278
246,-1,896.4,516.9,18.8,55.7,0.268
246,-1,560.2,487.2,11.3,34.7,0.233
246,-1,542.7,494.1,10.7,25.4,0.176
246,-1,694.2,483.1,10.9,33.1,0.153
246,-1,555.1,489.6,10.7,30.9,0.127
246,-1,904.2,522.9,18.2,51.1,0.118
246,-1,676.3,499.0,11.5,18.6,0.109
246,-1,384.4,526.5,21.6,43.4,0.102
246,-1,704.4,489.0,9.4,33.1,0.102
246,-1,1071.2,527.3,18.5,47.7,0.091
246,-1,1848.7,487.4,30.7,73.3,0.089
246,-1,697.6,484.6,12.8,35.7,0.086
246,-1,104.6,585.5,25.1,84.1,0.068
246,-1,545.9,493.4,11.7,27.7,0.059
246,-1,1827.4,489.8,40.8,78.0,0.057
246,-1,710.5,479.5,10.6,35.4,0.052
247,-1,1429.0,550.5,46.4,148.1,0.999
247,-1,1304.1,572.0,64.7,142.3,0.980
247,-1,108.6,583.4,36.8,101.4,0.966
247,-1,861.4,518.3,17.9,46.5,0.942
247,-1,876.8,519.9,15.4,50.0,0.767
247,-1,911.4,530.3,21.3,62.4,0.756
247,-1,603.7,475.1,13.6,47.6,0.656
247,-1,899.8,518.3,16.1,50.5,0.621
247,-1,1187.8,527.4,23.4,73.8,0.557
247,-1,0.3,594.9,9.8,89.7,0.455
247,-1,604.8,474.2,12.8,18.4,0.387
247,-1,1834.2,493.1,30.9,75.2,0.358
247,-1,455.4,671.6,57.5,52.7,0.336
247,-1,888.7,514.8,12.0,49.2,0.330
247,-1,1079.3,539.9,26.9,34.1,0.276
247,-1,1140.7,523.8,31.8,58.3,0.266
247,-1,1032.5,530.3,32.7,47.2,0.187
247,-1,1125.3,518.7,49.7,80.4,0.147
247,-1,561.0,488.9,10.6,32.4,0.139
247,-1,500.1,486.0,13.7,27.3,0.101
247,-1,386.3,526.5,18.9,44.1,0.080
247,-1,834.4,507.1,10.9,16.2,0.077
247,-1,823.5,515.3,17.9,29.0,0.072
247,-1,1329.8,581.7,36.4,123.9,0.070
247,-1,1133.0,527.3,21.8,53.0,0.068
247,-1,485.3,487.5,17.1,21.2,0.058
247,-1,828.5,507.7,17.3,30.9,0.056
248,-1,1434.7,550.3,47.7,148.7,0.999
248,-1,1312.8,565.7,67.3,149.6,0.988
248,-1,113.1,585.5,35.4,100.7,0.976
248,-1,864.7,517.6,18.0,46.7,0.953
248,-1,880.2,520.4,17.7,50.8,0.797
248,-1,916.4,527.6,20.1,65.5,0.788
248,-1,605.9,476.9,14.2,43.0,0.602
248,-1,902.2,518.0,17.1,50.7,0.563
248,-1,0.3,597.1,9.8,87.6,0.423
248,-1,893.4,516.0,12.3,47.8,0.388
248,-1,1192.7,526.5,22.7,69.4,0.302
248,-1,608.5,474.4,13.9,20.4,0.291
248,-1,104.5,588.2,27.6,82.4,0.281
248,-1,550.0,493.9,12.7,28.1,0.216
248,-1,461.6,670.7,56.4,53.5,0.181
248,-1,1075.0,520.5,20.5,53.7,0.171
248,-1,1085.9,539.9,22.9,32.1,0.154
248,-1,606.1,476.0,12.7,23.5,0.142
248,-1,566.5,486.8,10.6,36.1,0.132
248,-1,695.7,503.2,8.9,14.7,0.106
248,-1,1140.8,524.6,27.0,57.3,0.104
248,-1,504.3,486.2,12.0,23.9,0.095
248,-1,825.1,506.3,21.0,32.0,0.088
248,-1,1246.2,526.5,13.8,52.9,0.088
248,-1,569.8,485.0,13.4,38.4,0.076
248,-1,826.3,517.5,17.0,26.0,0.063
248,-1,387.3,525.9,17.0,43.7,0.060
248,-1,915.5,511.2,16.9,43.3,0.055
248,-1,820.1,498.6,19.7,31.0,0.051
249,-1,1441.0,550.7,46.2,148.3,0.999
249,-1,1322.1,561.0,63.8,158.3,0.993
249,-1,111.8,587.9,38.0,102.5,0.983
249,-1,869.1,517.8,17.1,45.2,0.950
249,-1,920.8,531.0,18.5,61.5,0.900
249,-1,1084.1,542.1,32.2,32.0,0.708
249,-1,611.3,476.2,12.4,43.8,0.589
249,-1,884.0,516.1,16.3,54.9,0.571
249,-1,896.7,513.3,11.8,37.3,0.440
249,-1,0.5,600.9,10.7,86.0,0.420
249,-1,1197.5,527.5,23.1,65.5,0.357
249,-1,830.2,513.3,16.9,29.9,0.347
249,-1,612.0,474.8,11.2,22.0,0.345
249,-1,1041.8,527.4,22.8,46.5,0.343
249,-1,1078.2,516.8,18.4,56.6,0.256
249,-1,456.8,515.9,15.6,47.7,0.247
249,-1,906.9,521.2,15.3,48.8,0.198
249,-1,833.3,505.7,19.1,29.8,0.191
249,-1,839.7,507.0,12.3,15.9,0.189
249,-1,389.8,528.1,17.5,43.7,0.172
249,-1,470.4,670.7,57.2,52.5,0.172
249,-1,491.7,488.1,16.2,21.7,0.132
249,-1,899.2,516.9,14.3,48.7,0.128
249,-1,892.7,518.9,13.0,49.3,0.108
249,-1,506.7,485.7,11.8,22.8,0.101
249,-1,565.3,490.2,12.1,31.8,0.101
249,-1,105.2,591.8,28.8,78.4,0.096
249,-1,126.3,585.9,22.1,61.7,0.093
249,-1,508.7,487.9,14.5,24.5,0.077
249,-1,916.6,512.4,18.2,51.4,0.074
249,-1,460.1,494.1,16.2,33.7,0.065
250,-1,1447.1,547.4,47.4,152.2,0.999
250,-1,1331.4,563.8,64.9,155.0,0.988
250,-1,112.1,588.3,38.5,103.1,0.979
250,-1,1088.4,540.8,34.0,32.5,0.942
250,-1,871.6,517.1,17.8,48.4,0.941
250,-1,922.9,530.3,21.7,62.9,0.924
250,-1,910.5,519.1,15.8,50.5,0.700
250,-1,1199.6,522.4,25.3,72.2,0.681
250,-1,613.5,478.1,13.2,40.0,0.538
250,-1,0.5,600.6,11.4,87.2,0.455
250,-1,900.7,513.8,12.0,42.7,0.442
250,-1,615.1,475.0,12.1,25.2,0.432
250,-1,1046.8,527.2,20.6,49.9,0.417
250,-1,887.4,517.2,17.3,53.4,0.410
250,-1,1081.9,520.3,19.1,52.5,0.321
250,-1,1150.3,524.3,25.4,44.5,0.300
250,-1,459.1,523.3,14.7,42.0,0.267
250,-1,473.3,671.7,43.1,53.7,0.256
250,-1,392.1,527.8,17.5,44.0,0.187
250,-1,921.8,517.2,19.6,51.9,0.147
250,-1,895.4,517.8,15.5,49.5,0.142
250,-1,554.6,495.3,13.4,27.2,0.132
250,-1,495.2,488.7,15.1,21.8,0.131
250,-1,914.2,513.7,18.5,57.3,0.124
250,-1,105.1,594.1,28.1,82.0,0.123
250,-1,836.0,511.4,16.9,29.6,0.108
250,-1,707.3,482.8,12.2,37.6,0.105
250,-1,569.3,491.0,11.0,31.8,0.099
250,-1,937.7,511.4,9.2,33.2,0.090
250,-1,511.1,490.8,16.7,24.0,0.083
250,-1,903.9,515.1,14.2,45.3,0.074
250,-1,1495.9,563.3,11.2,28.5,0.072
250,-1,509.2,486.7,13.0,22.3,0.064
250,-1,925.2,510.4,16.0,30.9,0.063
251,-1,1453.4,545.9,47.9,154.2,0.999
251,-1,1338.1,565.6,63.0,150.2,0.981
251,-1,875.4,518.4,18.2,46.7,0.977
251,-1,110.2,590.2,39.2,101.0,0.972
251,-1,926.5,530.8,21.2,62.9,0.969
251,-1,1092.6,543.1,32.3,32.0,0.836
251,-1,904.8,515.9,13.9,47.3,0.809
251,-1,891.0,517.1,17.1,54.9,0.781
251,-1,1209.3,525.7,23.7,67.6,0.757
251,-1,914.5,517.3,15.6,54.5,0.659
251,-1,0.4,606.0,12.4,85.4,0.633
251,-1,1151.4,529.4,23.2,41.4,0.543
251,-1,942.6,511.3,10.8,72.2,0.534
251,-1,617.2,477.3,13.4,43.2,0.424
251,-1,461.5,519.0,16.4,47.7,0.417
251,-1,1127.7,536.9,23.0,33.5,0.370
251,-1,828.6,500.2,19.4,37.1,0.310
251,-1,912.4,516.0,13.5,35.2,0.290
251,-1,396.6,528.5,16.6,43.3,0.248
251,-1,573.7,491.0,11.8,33.9,0.242
251,-1,106.3,594.6,27.5,86.4,0.212
251,-1,617.9,475.9,13.7,22.4,0.193
251,-1,837.6,516.8,18.6,29.7,0.181
251,-1,1051.4,526.8,19.8,54.4,0.147
251,-1,711.5,482.8,11.6,37.3,0.143
251,-1,483.2,670.6,54.4,52.2,0.137
251,-1,563.6,494.3,12.3,30.9,0.110
251,-1,919.7,511.6,17.2,53.1,0.107
251,-1,721.6,489.3,10.2,35.3,0.097
251,-1,499.2,490.5,15.7,18.7,0.094
251,-1,1085.0,527.9,21.0,46.8,0.082
251,-1,559.7,496.4,12.2,29.4,0.078
251,-1,569.3,492.0,12.3,32.9,0.072
251,-1,929.0,511.0,14.6,34.6,0.068
251,-1,939.6,509.4,11.3,33.9,0.067
251,-1,842.9,508.9,17.7,30.5,0.060
251,-1,882.9,516.2,17.5,53.0,0.059
251,-1,513.0,487.6,13.6,25.2,0.059
252,-1,1460.7,544.7,45.6,153.2,0.999
252,-1,930.2,531.8,22.8,62.7,0.976
252,-1,879.9,519.5,17.0,45.6,0.968
252,-1,111.5,591.5,40.1,100.5,0.967
252,-1,894.8,514.0,18.8,58.8,0.899
252,-1,1345.1,570.1,64.5,152.3,0.892
252,-1,908.0,517.0,12.8,50.3,0.869
252,-1,1097.2,543.2,31.2,31.9,0.825
252,-1,947.0,510.6,12.2,65.7,0.746
252,-1,1127.9,530.6,25.0,41.8,0.696
252,-1,1155.5,527.7,24.1,43.5,0.646
252,-1,621.3,476.7,13.7,44.4,0.554
252,-1,916.5,517.1,18.5,59.8,0.500
252,-1,466.6,522.1,15.9,44.8,0.430
252,-1,0.0,600.9,14.2,89.1,0.399
252,-1,1213.7,527.1,23.9,53.3,0.392
252,-1,622.6,475.3,13.5,21.5,0.316
252,-1,833.5,497.9,19.8,42.2,0.301
252,-1,1346.4,557.6,61.0,96.8,0.289
252,-1,1087.1,512.8,21.6,49.7,0.245
252,-1,489.5,671.1,53.5,52.9,0.137
252,-1,576.3,491.7,12.4,33.5,0.124
252,-1,848.1,507.4,15.0,30.5,0.118
252,-1,732.2,479.8,13.4,45.1,0.107
252,-1,844.7,514.1,16.2,30.1,0.106
252,-1,938.2,511.4,18.4,75.1,0.103
252,-1,841.0,505.8,16.5,36.7,0.094
252,-1,725.4,485.7,11.0,36.4,0.094
252,-1,1068.4,559.1,25.5,21.0,0.093
252,-1,515.3,489.3,14.9,27.1,0.092
252,-1,929.5,511.8,18.2,58.0,0.081
252,-1,564.8,496.4,11.6,29.3,0.075
252,-1,399.6,528.3,17.7,44.4,0.073
252,-1,850.8,507.0,11.0,18.2,0.068
252,-1,1203.7,519.8,40.2,69.4,0.066
252,-1,728.5,483.0,12.0,40.2,0.056
252,-1,887.3,515.1,19.9,55.5,0.052
253,-1,1467.6,543.3,44.4,156.4,0.999
253,-1,884.2,520.9,17.2,45.1,0.974
253,-1,935.3,529.7,22.4,63.9,0.970
253,-1,119.7,593.6,38.2,102.5,0.943
253,-1,1356.3,579.5,60.8,138.6,0.924
253,-1,1158.6,528.0,19.7,42.8,0.854
253,-1,109.3,596.9,32.6,93.1,0.787
253,-1,1101.2,542.6,34.3,35.2,0.742
253,-1,912.7,516.6,13.0,51.4,0.696
253,-1,0.5,602.4,16.6,94.0,0.669
253,-1,899.4,514.6,18.8,56.7,0.661
253,-1,469.4,520.2,17.4,47.7,0.530
253,-1,627.1,477.0,11.6,23.3,0.519
253,-1,581.6,490.7,12.2,35.5,0.506
253,-1,922.3,518.4,15.6,56.6,0.455
253,-1,951.7,512.1,12.4,59.1,0.445
253,-1,520.1,490.9,15.3,28.2,0.341
253,-1,506.6,490.1,14.5,22.6,0.336
253,-1,1355.0,592.1,20.8,68.4,0.332
253,-1,1131.8,532.0,24.7,39.6,0.281
253,-1,491.6,677.3,39.9,49.0,0.214
253,-1,1074.3,559.1,21.0,22.6,0.201
253,-1,567.7,496.5,12.6,29.4,0.195
253,-1,1219.8,527.3,23.7,47.1,0.186
253,-1,928.3,514.1,19.5,66.0,0.179
253,-1,1091.1,509.4,20.8,53.3,0.166
253,-1,626.2,478.0,14.3,39.8,0.165
253,-1,838.8,499.1,17.5,41.2,0.139
253,-1,497.3,672.7,60.8,49.8,0.134
253,-1,577.8,492.5,11.8,33.5,0.126
253,-1,401.8,528.7,18.5,44.8,0.117
253,-1,915.7,514.3,15.7,51.0,0.113
253,-1,850.7,508.3,14.8,32.7,0.096
253,-1,880.1,520.6,15.8,39.4,0.090
253,-1,476.4,498.0,14.8,35.3,0.087
253,-1,892.1,517.2,16.6,52.2,0.061
253,-1,712.2,504.6,9.2,15.4,0.060
253,-1,927.7,511.7,35.0,82.3,0.054
254,-1,1474.5,541.2,46.8,155.4,0.999
254,-1,889.1,520.2,18.1,46.2,0.975
254,-1,939.4,527.1,24.2,65.9,0.973
254,-1,1365.2,578.6,60.9,132.2,0.962
254,-1,124.0,593.5,36.4,102.2,0.951
254,-1,1106.2,544.9,31.9,34.9,0.929
254,-1,918.8,516.5,12.2,49.0,0.749
254,-1,926.7,517.7,16.4,55.2,0.740
254,-1,472.1,518.2,17.8,49.2,0.725
254,-1,111.4,597.3,33.2,88.9,0.655
254,-1,510.4,489.4,15.3,23.3,0.639
254,-1,523.6,489.2,15.8,30.5,0.509
254,-1,629.4,478.2,13.8,40.5,0.462
254,-1,958.0,510.5,12.2,50.7,0.443
254,-1,0.5,602.3,17.5,95.0,0.443
254,-1,904.5,514.9,19.2,56.2,0.440
254,-1,585.9,491.3,12.5,35.7,0.359
254,-1,630.5,476.7,13.2,22.3,0.331
254,-1,495.6,677.3,36.3,47.9,0.330
254,-1,1226.0,526.4,21.8,39.0,0.293
254,-1,573.7,494.9,13.1,31.6,0.279
254,-1,949.5,523.3,18.5,69.7,0.256
254,-1,1140.0,537.1,21.7,35.6,0.245
254,-1,1163.1,527.3,24.0,44.7,0.225
254,-1,507.6,671.9,59.7,49.6,0.189
254,-1,406.8,532.1,17.7,42.1,0.170
254,-1,1366.6,565.6,60.1,87.4,0.167
254,-1,498.1,495.1,14.5,20.9,0.125
254,-1,842.7,498.1,19.1,36.2,0.116
254,-1,932.7,515.4,19.4,57.5,0.109
254,-1,850.4,514.1,16.8,29.9,0.096
254,-1,502.2,491.6,13.4,21.8,0.095
254,-1,480.1,498.0,14.4,34.1,0.091
254,-1,415.7,483.9,43.2,91.7,0.089
254,-1,1401.1,590.1,23.9,47.4,0.062
254,-1,1177.2,526.8,19.3,41.2,0.054
255,-1,1479.8,540.0,47.2,153.3,0.999
255,-1,944.8,534.0,23.9,60.0,0.988
255,-1,893.9,520.8,16.9,45.6,0.981
255,-1,119.7,594.9,45.0,106.2,0.976
255,-1,910.9,519.6,16.2,54.1,0.683
255,-1,0.0,610.1,20.4,89.8,0.660
255,-1,1109.9,542.0,32.9,38.3,0.627
255,-1,921.2,516.4,16.6,53.3,0.571
255,-1,119.0,597.1,28.8,81.8,0.546
255,-1,933.3,519.2,16.6,57.2,0.413
255,-1,479.2,520.7,16.5,48.7,0.396
255,-1,506.1,673.9,54.8,49.4,0.393
255,-1,1102.7,521.0,17.7,50.6,0.363
255,-1,1146.5,533.9,24.5,39.8,0.277
255,-1,1380.8,587.3,55.3,123.9,0.245
255,-1,527.6,493.8,15.6,36.5,0.180
255,-1,963.0,511.6,13.8,46.3,0.171
255,-1,1170.0,530.1,21.7,43.2,0.151
255,-1,407.6,532.0,20.9,44.3,0.149
255,-1,515.3,493.0,13.3,22.1,0.109
255,-1,939.3,528.2,22.1,58.3,0.108
255,-1,528.0,675.1,42.5,32.2,0.101
255,-1,1380.9,544.3,52.4,118.0,0.101
255,-1,957.9,530.7,17.5,63.3,0.096
255,-1,1233.1,526.3,20.9,39.0,0.089
255,-1,576.6,498.9,12.0,29.2,0.080
255,-1,857.1,516.8,15.5,28.1,0.064
255,-1,1124.0,539.7,18.3,36.1,0.062
255,-1,1104.0,535.6,23.4,44.2,0.062
255,-1,939.6,513.2,15.8,46.8,0.061
255,-1,1138.7,539.5,19.8,33.7,0.060
255,-1,580.7,497.7,11.7,30.7,0.056
255,-1,1129.1,538.1,20.2,36.4,0.053
255,-1,901.3,519.9,18.0,51.8,0.051
256,-1,1488.0,540.4,46.2,155.6,0.999
256,-1,129.5,597.7,37.1,105.2,0.958
256,-1,949.0,528.4,25.6,66.4,0.955
256,-1,897.0,522.7,18.9,43.6,0.942
256,-1,1114.2,545.5,30.8,70.0,0.705
256,-1,1386.9,576.7,58.0,139.7,0.641
256,-1,121.3,597.5,31.4,98.2,0.605
256,-1,1139.1,536.5,32.0,39.9,0.580
256,-1,939.0,520.6,15.6,55.9,0.564
256,-1,1151.0,534.3,28.2,41.4,0.541
256,-1,1174.2,529.8,22.9,44.6,0.536
256,-1,929.7,517.6,12.6,46.5,0.513
256,-1,914.9,519.2,18.0,55.7,0.511
256,-1,0.0,609.8,22.7,94.0,0.491
256,-1,1106.0,516.9,18.5,60.6,0.473
256,-1,532.8,493.3,16.7,35.6,0.440
256,-1,485.0,501.5,17.9,65.6,0.372
256,-1,520.3,493.3,13.4,21.8,0.223
256,-1,521.4,673.5,67.2,49.3,0.196
256,-1,513.6,677.7,46.0,49.1,0.177
256,-1,433.2,504.4,29.5,73.0,0.154
256,-1,1129.1,539.4,24.9,38.7,0.136
256,-1,1136.3,537.0,19.3,29.1,0.132
256,-1,1348.8,589.0,82.9,107.3,0.101
256,-1,1125.7,539.3,20.1,30.9,0.082
256,-1,1109.3,538.7,19.4,48.9,0.078
256,-1,487.7,502.1,13.7,31.7,0.070
256,-1,586.5,498.1,10.5,30.5,0.066
256,-1,1196.7,520.4,17.9,50.9,0.063
256,-1,410.9,531.3,20.3,46.1,0.061
257,-1,1497.0,541.1,43.5,152.8,0.999
257,-1,902.4,520.5,18.6,45.5,0.960
257,-1,1405.4,571.1,51.4,135.7,0.947
257,-1,1112.9,544.6,35.1,90.8,0.941
257,-1,955.1,525.8,24.3,68.8,0.919
257,-1,0.0,606.6,25.5,96.2,0.888
257,-1,128.0,598.0,43.5,105.6,0.877
257,-1,920.1,517.9,17.4,54.6,0.825
257,-1,935.3,515.2,14.0,49.3,0.736
257,-1,1158.7,533.3,22.8,41.6,0.684
257,-1,942.7,518.3,15.9,54.7,0.535
257,-1,1177.3,529.8,22.0,41.3,0.476
257,-1,1110.2,517.1,20.0,66.8,0.472
257,-1,537.5,493.0,15.5,31.3,0.423
257,-1,488.4,497.7,18.9,72.2,0.418
257,-1,120.4,602.5,32.5,95.8,0.414
257,-1,643.2,482.7,11.8,32.4,0.321
257,-1,1128.7,542.0,25.1,70.7,0.199
257,-1,538.6,672.8,57.5,47.2,0.197
257,-1,125.2,600.0,25.3,63.0,0.184
257,-1,1142.5,534.7,17.3,31.7,0.176
257,-1,542.5,536.8,18.1,35.6,0.148
257,-1,729.9,504.4,10.1,16.1,0.138
257,-1,1145.1,536.8,18.3,41.8,0.137
257,-1,585.0,498.8,12.8,27.7,0.126
257,-1,1167.2,531.6,21.2,40.6,0.120
257,-1,599.3,492.5,11.1,33.7,0.115
257,-1,974.1,514.7,16.7,40.7,0.109
257,-1,645.3,479.8,11.5,21.0,0.107
257,-1,1402.9,571.2,55.7,69.7,0.103
257,-1,492.6,498.7,13.4,33.0,0.101
257,-1,949.0,512.3,17.7,55.5,0.100
257,-1,865.5,505.2,17.4,37.5,0.094
257,-1,613.9,674.9,50.9,48.7,0.080
257,-1,524.9,492.6,12.7,22.2,0.080
257,-1,857.5,497.0,18.7,43.4,0.078
257,-1,964.9,519.8,24.9,73.4,0.077
257,-1,1434.1,590.2,23.8,70.2,0.075
257,-1,870.1,516.0,14.2,28.6,0.071
257,-1,1196.7,527.4,19.0,41.3,0.069
257,-1,415.8,531.7,20.9,44.1,0.069
257,-1,435.0,487.7,45.4,91.1,0.067
257,-1,1403.2,577.1,19.8,73.5,0.055
257,-1,958.0,513.5,18.7,49.6,0.053
257,-1,1134.1,539.5,22.5,48.8,0.052
258,-1,1498.3,549.3,53.7,146.6,0.998
258,-1,1129.1,546.5,30.3,91.0,0.977
258,-1,960.7,526.3,23.3,67.3,0.965
258,-1,907.4,520.0,17.9,44.6,0.953
258,-1,924.5,515.3,18.5,57.5,0.935
258,-1,1116.3,543.4,28.3,89.9,0.918
258,-1,133.8,599.4,39.9,105.5,0.913
258,-1,0.0,607.4,27.7,97.1,0.909
258,-1,1414.8,569.9,54.9,152.5,0.895
258,-1,940.8,515.9,14.2,47.0,0.737
258,-1,123.2,603.2,32.3,97.0,0.620
258,-1,948.5,520.3,15.7,52.2,0.607
258,-1,1151.4,542.7,25.0,56.2,0.601
258,-1,603.2,493.3,11.2,33.9,0.443
258,-1,649.2,479.8,11.9,20.2,0.328
258,-1,544.0,493.8,15.3,32.8,0.287
258,-1,873.4,515.4,13.9,27.4,0.268
258,-1,592.3,498.7,11.9,28.5,0.247
258,-1,493.2,518.5,15.1,51.5,0.240
258,-1,979.2,514.3,18.4,43.9,0.218
258,-1,545.2,673.0,59.9,45.5,0.216
258,-1,1113.0,502.8,21.7,109.3,0.214
258,-1,1143.0,538.9,22.5,60.5,0.170
258,-1,1166.8,533.3,17.9,43.8,0.168
258,-1,1160.8,541.0,20.8,46.2,0.158
258,-1,1416.9,570.7,52.4,78.3,0.157
258,-1,529.8,494.1,13.9,21.4,0.129
258,-1,546.7,535.6,18.9,37.1,0.107
258,-1,647.5,482.9,13.0,30.6,0.097
258,-1,494.5,498.4,15.1,36.0,0.089
258,-1,934.4,514.6,15.7,52.3,0.084
258,-1,616.2,674.0,54.4,51.2,0.079
258,-1,1115.1,550.6,17.0,82.0,0.073
258,-1,862.0,498.7,18.9,40.5,0.072
258,-1,953.4,520.4,15.7,48.3,0.071
258,-1,598.4,496.3,11.6,31.2,0.070
258,-1,608.0,491.8,11.4,36.0,0.065
258,-1,736.1,504.5,8.7,15.2,0.062
258,-1,900.6,521.9,14.2,38.0,0.054
258,-1,959.3,521.8,18.8,46.0,0.051
259,-1,1501.9,549.4,61.5,146.4,0.998
259,-1,963.0,527.1,25.3,66.5,0.979
259,-1,912.8,519.2,18.7,48.2,0.969
259,-1,1128.5,545.3,33.8,90.4,0.966
259,-1,0.3,605.6,30.0,99.4,0.917
259,-1,134.0,599.2,41.7,105.7,0.910
259,-1,1431.3,571.9,49.5,118.2,0.892
259,-1,1155.6,541.0,27.9,93.6,0.890
259,-1,930.5,514.8,18.8,57.7,0.876
259,-1,1123.3,557.9,19.7,75.7,0.873
259,-1,946.8,516.4,14.3,50.1,0.757
259,-1,984.1,513.7,16.5,43.8,0.696
259,-1,126.1,602.7,32.0,98.7,0.409
259,-1,535.3,492.7,13.6,22.7,0.356
259,-1,654.1,478.8,13.1,21.4,0.326
259,-1,954.5,517.8,16.2,57.3,0.317
259,-1,548.0,492.0,15.6,31.6,0.294
259,-1,875.5,506.4,17.5,36.4,0.234
259,-1,653.3,482.3,12.6,29.2,0.233
259,-1,863.6,497.0,19.6,41.4,0.174
259,-1,496.5,509.2,16.6,59.9,0.166
259,-1,594.3,497.6,14.6,28.6,0.154
259,-1,1149.2,541.3,23.8,94.2,0.123
259,-1,550.7,669.3,70.1,57.0,0.104
259,-1,525.3,496.6,12.0,19.7,0.102
259,-1,615.3,672.4,61.3,51.4,0.084
259,-1,530.8,492.0,13.8,23.2,0.083
259,-1,649.4,484.3,12.8,29.1,0.081
259,-1,968.2,513.3,18.3,42.6,0.074
259,-1,959.3,512.4,15.7,42.2,0.071
259,-1,963.5,520.3,20.7,50.7,0.060
260,-1,1503.0,556.4,70.1,140.3,0.998
260,-1,1131.2,545.4,37.2,90.9,0.986
260,-1,968.9,530.8,23.7,63.6,0.983
260,-1,1160.4,540.6,37.1,93.0,0.958
260,-1,918.0,520.3,17.8,48.1,0.958
260,-1,133.5,599.0,46.7,107.1,0.938
260,-1,0.6,605.8,31.1,100.0,0.893
260,-1,935.0,519.0,18.8,53.6,0.888
260,-1,989.1,514.7,16.7,42.1,0.721
260,-1,951.5,515.7,14.6,48.9,0.555
260,-1,128.6,604.4,29.7,96.9,0.531
260,-1,955.9,515.0,16.7,53.8,0.523
260,-1,1183.1,533.5,37.6,92.9,0.378
260,-1,659.8,479.7,10.3,20.3,0.334
260,-1,501.9,526.5,16.7,43.1,0.274
260,-1,960.2,520.1,15.3,60.5,0.247
260,-1,552.8,493.8,15.8,36.3,0.232
260,-1,643.7,674.9,46.6,48.0,0.148
260,-1,539.5,493.1,12.9,22.2,0.128
260,-1,502.7,501.9,16.3,58.4,0.119
260,-1,555.8,536.1,19.2,36.4,0.113
260,-1,881.7,506.6,16.5,34.1,0.107
260,-1,529.2,497.9,11.5,19.0,0.106
260,-1,1450.2,552.2,43.1,161.0,0.074
260,-1,556.2,670.2,67.8,54.7,0.072
260,-1,504.6,498.1,14.1,32.7,0.070
260,-1,517.7,355.3,11.5,20.0,0.069
260,-1,151.7,599.0,24.5,49.1,0.053
260,-1,965.8,526.6,20.2,49.2,0.051
261,-1,1508.7,555.5,77.7,142.2,0.998
261,-1,1134.2,540.9,38.6,95.7,0.994
261,-1,974.0,530.2,24.8,63.6,0.985
261,-1,1160.0,535.0,43.8,99.1,0.965
261,-1,1189.9,530.7,31.6,100.5,0.962
261,-1,0.0,607.5,33.2,101.5,0.948
261,-1,923.2,518.3,18.2,50.7,0.943
261,-1,135.8,600.4,45.6,106.8,0.921
261,-1,992.8,512.3,17.8,45.5,0.707
261,-1,0.1,604.6,15.6,105.7,0.682
261,-1,958.0,515.0,14.3,47.5,0.540
261,-1,940.7,516.5,18.4,54.0,0.369
261,-1,664.2,480.2,11.5,25.9,0.344
261,-1,133.6,602.2,29.9,79.3,0.326
261,-1,964.2,513.1,14.6,50.5,0.297
261,-1,1467.3,558.9,43.2,164.7,0.290
261,-1,508.2,522.9,15.2,46.5,0.285
261,-1,962.9,524.2,13.4,52.7,0.230
261,-1,556.7,493.5,16.5,34.8,0.225
261,-1,995.1,510.8,16.8,28.7,0.189
261,-1,985.2,511.9,13.4,35.5,0.184
261,-1,665.4,477.2,12.1,20.4,0.172
261,-1,544.4,493.1,14.0,21.7,0.150
261,-1,1003.6,534.1,21.1,53.8,0.136
261,-1,950.2,518.1,13.9,51.6,0.122
261,-1,572.6,670.0,56.2,44.6,0.115
261,-1,977.2,512.3,14.6,28.7,0.103
261,-1,615.8,492.6,12.2,33.5,0.090
261,-1,885.4,508.7,17.6,33.8,0.076
261,-1,610.7,496.2,10.1,30.2,0.063
261,-1,988.1,515.7,17.0,65.2,0.063
261,-1,152.4,601.1,25.7,79.3,0.059
261,-1,990.9,511.6,13.0,32.6,0.051
262,-1,1518.3,559.9,78.9,139.6,0.993
262,-1,1138.7,540.6,39.5,96.5,0.993
262,-1,1192.8,525.3,39.4,110.2,0.985
262,-1,980.0,530.7,23.7,63.2,0.982
262,-1,1162.3,533.1,42.0,101.7,0.968
262,-1,142.3,600.9,38.8,105.8,0.931
262,-1,928.5,519.3,17.9,48.2,0.928
262,-1,0.6,605.9,33.1,102.5,0.910
262,-1,999.4,512.7,18.0,44.6,0.841
262,-1,962.8,507.5,14.1,48.3,0.573
262,-1,945.1,516.9,19.9,54.3,0.548
262,-1,510.8,496.6,19.1,72.3,0.546
262,-1,970.6,517.3,14.8,58.5,0.490
262,-1,965.5,513.4,17.4,51.0,0.395
262,-1,668.7,478.6,10.7,26.0,0.324
262,-1,985.5,512.1,13.6,28.4,0.291
262,-1,514.1,497.2,14.5,33.3,0.275
262,-1,559.1,492.9,18.3,31.8,0.226
262,-1,137.0,604.0,28.1,76.0,0.202
262,-1,954.2,515.3,14.9,55.9,0.192
262,-1,670.1,476.5,11.1,19.0,0.182
262,-1,550.0,492.7,14.0,22.9,0.138
262,-1,990.5,513.1,11.5,28.1,0.129
262,-1,462.2,507.7,30.4,69.9,0.129
262,-1,622.0,492.7,12.6,34.8,0.119
262,-1,575.3,668.3,69.6,56.5,0.094
262,-1,1010.5,530.7,20.7,59.7,0.086
262,-1,539.0,491.8,13.3,23.3,0.085
262,-1,662.6,671.1,48.7,54.9,0.069
262,-1,1002.5,529.1,22.6,62.7,0.062
262,-1,612.4,498.8,10.4,28.0,0.059
262,-1,890.1,505.1,17.5,29.2,0.059
262,-1,723.9,505.7,9.1,19.4,0.058
263,-1,1529.1,561.6,79.1,139.6,0.989
263,-1,985.5,529.3,24.4,64.7,0.986
263,-1,140.7,600.2,47.2,107.8,0.981
263,-1,1199.2,530.9,44.4,106.9,0.976
263,-1,931.8,517.9,19.5,51.8,0.947
263,-1,1164.1,537.6,43.2,100.9,0.938
263,-1,0.5,608.0,33.5,100.6,0.924
263,-1,1150.5,543.0,35.3,95.4,0.889
263,-1,1021.8,523.1,21.0,69.8,0.823
263,-1,1005.1,513.0,16.0,39.9,0.724
263,-1,968.2,510.2,16.0,54.9,0.690
263,-1,542.9,489.0,13.1,25.8,0.596
263,-1,140.2,602.3,27.2,91.3,0.530
263,-1,628.1,491.0,11.7,36.3,0.506
263,-1,973.7,516.0,16.7,63.2,0.436
263,-1,674.8,477.1,10.4,24.3,0.410
263,-1,515.2,497.6,16.9,61.6,0.401
263,-1,566.7,491.6,16.0,33.6,0.358
263,-1,554.2,491.9,15.0,23.3,0.297
263,-1,991.5,511.6,13.3,29.2,0.246
263,-1,463.9,506.4,30.3,70.7,0.202
263,-1,978.4,522.1,18.0,61.0,0.192
263,-1,517.9,498.2,15.1,36.4,0.141
263,-1,954.5,516.5,17.1,55.3,0.141
263,-1,547.1,490.5,14.5,24.4,0.129
263,-1,895.4,507.1,17.2,33.2,0.125
263,-1,973.3,511.4,12.4,33.5,0.117
263,-1,1004.2,517.1,17.3,62.9,0.114
263,-1,728.4,507.2,8.3,17.4,0.108
263,-1,1021.5,513.2,19.5,52.6,0.092
263,-1,160.2,599.8,22.1,56.6,0.082
263,-1,675.5,670.3,45.3,54.7,0.074
263,-1,987.3,520.2,37.2,75.5,0.072
263,-1,1000.1,512.3,14.5,38.4,0.060
263,-1,1015.1,521.3,17.2,47.4,0.058
263,-1,616.5,499.1,11.2,27.9,0.052
264,-1,1538.1,562.7,80.9,141.5,0.996
264,-1,990.6,533.0,23.0,62.3,0.988
264,-1,146.1,599.6,46.9,109.5,0.982
264,-1,0.3,609.3,33.5,101.3,0.937
264,-1,938.2,518.0,18.8,51.4,0.849
264,-1,1030.5,517.2,22.9,77.1,0.834
264,-1,1207.0,576.9,30.1,59.8,0.792
264,-1,1158.2,551.6,32.4,87.2,0.763
264,-1,971.9,506.1,16.4,59.2,0.718
264,-1,143.3,602.6,28.3,100.3,0.698
264,-1,1164.9,544.8,44.3,94.8,0.659
264,-1,570.2,491.0,16.8,34.7,0.650
264,-1,1011.0,512.2,14.6,37.8,0.543
264,-1,979.1,514.5,15.3,57.2,0.479
264,-1,676.7,480.7,12.0,33.7,0.475
264,-1,558.4,491.6,13.4,22.6,0.452
264,-1,549.1,489.6,12.9,24.7,0.422
264,-1,678.5,476.3,12.4,22.4,0.396
264,-1,1174.4,541.3,27.3,52.4,0.323
264,-1,981.6,534.0,13.2,47.7,0.322
264,-1,955.1,518.3,17.7,52.9,0.265
264,-1,520.2,496.7,17.4,69.9,0.265
264,-1,1179.8,564.4,31.7,72.3,0.203
264,-1,522.5,497.4,14.5,34.7,0.199
264,-1,985.2,528.4,21.7,59.5,0.182
264,-1,619.7,495.4,12.7,28.7,0.141
264,-1,978.6,509.7,11.2,34.3,0.133
264,-1,634.2,487.6,11.8,38.1,0.130
264,-1,1012.1,513.5,17.1,57.7,0.114
264,-1,997.6,511.2,13.4,30.5,0.107
264,-1,962.5,513.5,17.0,56.3,0.090
264,-1,1151.5,608.7,19.5,28.7,0.090
264,-1,1028.8,505.7,21.0,44.4,0.081
264,-1,1447.9,565.9,28.2,19.5,0.075
264,-1,1175.1,547.6,57.0,90.8,0.073
264,-1,525.8,494.1,13.0,28.3,0.071
264,-1,161.3,599.6,23.5,70.6,0.068
264,-1,1023.7,515.5,20.3,67.3,0.062
264,-1,997.3,518.8,16.9,55.4,0.061
264,-1,1001.6,527.3,23.0,66.6,0.059
264,-1,927.4,519.7,26.1,51.1,0.050
265,-1,154.6,601.5,36.4,108.3,0.990
265,-1,1211.9,534.6,28.7,106.2,0.985
265,-1,1551.0,565.5,79.0,140.9,0.979
265,-1,996.0,530.9,22.5,64.5,0.973
265,-1,0.4,610.1,32.7,100.5,0.901
265,-1,1030.4,506.6,33.8,92.1,0.888
265,-1,942.1,517.0,19.9,52.9,0.879
265,-1,143.4,603.9,29.2,94.7,0.792
265,-1,978.4,507.5,16.3,57.1,0.787
265,-1,1015.4,510.6,16.3,47.2,0.724
265,-1,960.3,512.4,19.4,59.1,0.724
265,-1,983.5,509.1,17.6,63.6,0.521
265,-1,1187.9,542.3,21.7,69.4,0.515
265,-1,985.9,511.7,12.7,34.1,0.448
265,-1,684.0,475.6,12.8,22.8,0.303
265,-1,525.0,500.2,17.9,65.8,0.241
265,-1,575.9,489.8,16.5,36.1,0.221
265,-1,683.0,479.0,12.4,36.8,0.203
265,-1,1182.0,571.5,30.5,67.9,0.199
265,-1,637.0,489.9,11.5,35.3,0.193
265,-1,1003.4,511.2,13.9,33.2,0.188
265,-1,1002.7,512.8,17.7,73.0,0.153
265,-1,1491.9,587.0,65.7,131.1,0.140
265,-1,561.7,492.2,14.6,21.9,0.124
265,-1,1034.2,507.7,22.0,37.5,0.106
265,-1,641.2,489.7,12.5,37.6,0.081
265,-1,997.1,511.2,14.6,31.3,0.077
265,-1,527.3,499.5,14.7,32.6,0.074
265,-1,1172.1,481.4,39.5,159.9,0.073
265,-1,1174.6,598.2,36.3,43.2,0.068
265,-1,968.7,508.4,17.9,60.2,0.066
265,-1,597.0,670.5,81.0,56.6,0.062
265,-1,928.7,518.7,29.8,54.0,0.061
265,-1,680.0,481.1,10.8,30.9,0.058
265,-1,1012.7,514.7,19.1,70.4,0.056
265,-1,552.8,489.9,13.5,24.3,0.052
266,-1,1213.9,575.7,38.4,64.9,0.985
266,-1,156.3,601.7,38.6,106.1,0.979
266,-1,1001.6,533.0,22.0,62.8,0.977
266,-1,1566.2,554.3,74.1,157.0,0.905
266,-1,0.6,610.8,36.7,100.9,0.877
266,-1,1041.1,529.4,28.5,72.0,0.867
266,-1,15.0,614.6,28.7,94.2,0.806
266,-1,1022.4,512.2,16.4,42.9,0.793
266,-1,948.2,520.1,18.9,45.4,0.774
266,-1,147.3,602.5,28.5,103.9,0.669
266,-1,1201.4,547.3,13.9,45.4,0.660
266,-1,986.9,518.7,16.2,49.2,0.583
266,-1,1039.8,498.6,27.0,72.1,0.458
266,-1,529.8,502.1,18.2,65.5,0.371
266,-1,1506.0,583.0,74.5,176.2,0.364
266,-1,991.1,520.2,15.3,62.2,0.358
266,-1,689.1,476.8,13.3,20.4,0.328
266,-1,686.3,479.2,13.7,40.6,0.271
266,-1,985.0,514.1,15.1,36.9,0.263
266,-1,1039.8,501.4,21.6,41.0,0.239
266,-1,991.4,514.4,14.5,32.9,0.228
266,-1,1166.6,612.0,41.2,35.0,0.219
266,-1,580.9,490.5,16.7,37.2,0.212
266,-1,967.6,522.9,17.3,50.4,0.187
266,-1,1167.1,538.2,45.1,108.0,0.163
266,-1,1518.1,515.0,110.8,201.0,0.154
266,-1,1035.8,513.3,22.0,72.4,0.147
266,-1,1556.0,523.1,21.2,38.7,0.144
266,-1,1019.6,513.4,20.2,76.6,0.144
266,-1,1011.3,512.4,13.3,34.0,0.128
266,-1,568.2,492.2,15.4,22.1,0.124
266,-1,1047.1,501.9,21.6,34.7,0.120
266,-1,954.4,524.0,15.9,48.4,0.107
266,-1,1008.2,517.6,17.7,66.9,0.083
266,-1,1209.8,562.9,27.5,75.4,0.082
266,-1,638.9,492.0,12.2,33.9,0.080
266,-1,1199.8,542.5,15.9,86.9,0.070
266,-1,977.1,520.4,13.5,45.7,0.070
266,-1,906.8,500.0,20.4,38.2,0.069
266,-1,1203.5,531.3,39.8,110.5,0.065
266,-1,633.4,495.3,11.7,30.9,0.062
266,-1,994.6,521.1,18.3,54.8,0.054
266,-1,481.4,510.3,27.2,66.9,0.053
266,-1,534.7,500.8,13.6,29.1,0.053
267,-1,1217.8,536.1,42.2,108.2,0.990
267,-1,161.0,601.3,34.6,107.2,0.984
267,-1,1008.0,529.6,22.4,68.6,0.961
267,-1,951.4,520.5,20.6,44.0,0.939
267,-1,7.5,610.3,35.2,101.2,0.921
267,-1,1579.4,538.9,70.7,172.7,0.878
267,-1,1046.7,510.3,28.6,92.2,0.873
267,-1,1522.0,587.1,74.9,176.5,0.865
267,-1,1027.0,511.5,16.7,46.4,0.845
267,-1,146.0,602.5,32.1,104.7,0.796
267,-1,1527.6,526.2,120.8,210.6,0.754
267,-1,989.5,512.1,19.3,55.6,0.638
267,-1,971.1,517.4,17.8,56.7,0.577
267,-1,1520.7,585.0,35.0,177.8,0.527
267,-1,693.4,477.8,11.7,22.5,0.448
267,-1,1311.6,523.5,29.1,94.2,0.443
267,-1,1050.1,502.7,23.8,36.6,0.407
267,-1,1.4,611.8,24.7,99.7,0.344
267,-1,995.0,513.5,17.8,67.3,0.336
267,-1,533.9,501.8,18.4,66.4,0.255
267,-1,1025.2,510.8,20.5,79.3,0.249
267,-1,1015.7,512.1,14.8,41.6,0.228
267,-1,1045.6,509.2,23.1,35.4,0.131
267,-1,999.6,524.5,19.0,58.0,0.122
267,-1,745.9,504.7,9.5,18.8,0.091
267,-1,914.4,499.1,17.4,23.5,0.069
267,-1,1040.0,515.4,19.0,66.3,0.068
267,-1,622.1,671.9,76.0,50.3,0.067
267,-1,978.5,515.1,17.2,55.9,0.066
267,-1,432.6,487.5,38.4,107.9,0.064
267,-1,633.9,498.2,10.8,27.1,0.062
267,-1,538.2,497.5,14.9,30.2,0.055
268,-1,159.0,602.1,38.7,107.4,0.981
268,-1,1012.2,533.4,23.1,65.1,0.964
268,-1,1050.4,530.8,29.3,73.6,0.952
268,-1,1531.8,583.3,124.1,182.9,0.927
268,-1,1.0,611.3,43.6,101.8,0.916
268,-1,956.9,522.5,20.8,44.2,0.912
268,-1,1228.9,584.8,36.5,60.0,0.895
268,-1,1033.1,513.6,15.1,41.1,0.865
268,-1,1534.8,590.6,38.3,171.9,0.861
268,-1,151.5,604.2,29.4,106.0,0.745
268,-1,997.8,511.3,17.0,55.6,0.701
268,-1,1056.4,506.0,21.0,34.4,0.580
268,-1,1071.7,525.6,20.5,77.9,0.557
268,-1,976.1,514.2,20.0,61.4,0.530
268,-1,1584.3,548.8,72.6,161.6,0.483
268,-1,1320.6,524.2,29.5,96.3,0.404
268,-1,699.3,479.7,9.6,21.2,0.379
268,-1,1004.0,523.4,15.1,62.6,0.349
268,-1,1592.6,546.4,41.3,124.6,0.281
268,-1,539.7,519.4,15.8,49.6,0.277
268,-1,1022.2,515.8,13.8,46.6,0.261
268,-1,166.8,600.5,50.2,101.1,0.254
268,-1,1594.1,548.1,29.4,27.5,0.253
268,-1,650.2,493.7,11.4,33.8,0.252
268,-1,698.6,482.6,11.5,33.7,0.220
268,-1,1029.7,512.5,19.6,83.4,0.206
268,-1,1051.1,512.5,17.2,33.1,0.189
268,-1,0.1,613.1,20.2,95.9,0.184
268,-1,1021.6,516.5,21.6,81.9,0.182
268,-1,919.9,509.0,18.2,36.9,0.181
268,-1,751.3,505.5,9.2,19.1,0.156
268,-1,1223.8,473.8,42.1,169.0,0.126
268,-1,577.5,494.2,13.0,21.4,0.102
268,-1,1046.6,514.4,20.4,52.4,0.098
268,-1,1570.1,547.1,58.2,92.2,0.079
268,-1,1070.1,508.6,16.6,34.1,0.079
268,-1,590.7,493.5,16.3,24.2,0.077
268,-1,1015.7,520.6,18.1,52.8,0.071
268,-1,984.3,509.2,17.9,58.3,0.068
268,-1,1017.9,513.9,14.9,38.8,0.068
268,-1,1040.4,513.6,18.8,48.0,0.062
268,-1,540.6,502.8,15.3,47.0,0.051
269,-1,1017.6,532.4,23.7,66.9,0.979
269,-1,157.7,599.2,44.9,111.1,0.978
269,-1,1054.5,531.4,34.4,74.4,0.975
269,-1,1552.8,591.6,46.7,178.0,0.950
269,-1,9.7,609.0,36.0,101.9,0.946
269,-1,1039.1,513.9,15.9,43.0,0.927
269,-1,962.0,522.9,19.8,38.2,0.916
269,-1,1554.1,570.9,109.9,195.4,0.852
269,-1,1003.8,512.5,16.8,56.7,0.820
269,-1,982.2,515.5,19.7,60.6,0.731
269,-1,1065.7,507.0,20.6,33.5,0.555
269,-1,1329.0,527.5,28.1,95.6,0.550
269,-1,1076.0,516.5,21.7,87.4,0.515
269,-1,1088.4,528.5,18.8,71.9,0.491
269,-1,704.5,477.8,11.0,24.9,0.424
269,-1,1027.2,515.1,13.2,31.8,0.376
269,-1,702.5,479.3,14.3,42.8,0.353
269,-1,1035.5,513.9,19.6,82.2,0.335
269,-1,1244.3,586.2,25.5,59.4,0.332
269,-1,543.7,517.1,17.0,51.6,0.325
269,-1,1024.3,517.9,23.2,79.7,0.295
269,-1,1057.5,513.3,19.2,29.7,0.269
269,-1,1007.8,514.4,14.7,37.9,0.267
269,-1,545.4,496.9,17.1,59.7,0.248
269,-1,1590.0,544.3,75.0,173.4,0.239
269,-1,672.6,671.5,31.0,31.3,0.209
269,-1,988.7,514.5,19.6,61.2,0.163
269,-1,676.0,670.2,43.1,39.3,0.114
269,-1,1066.4,514.1,23.9,70.2,0.112
269,-1,0.5,612.0,25.7,97.0,0.101
269,-1,151.0,601.5,30.2,96.3,0.099
269,-1,1020.0,517.9,19.1,52.4,0.095
269,-1,925.4,506.8,18.3,37.3,0.091
269,-1,756.8,504.6,10.4,19.4,0.085
269,-1,1053.3,517.0,21.8,47.1,0.072
269,-1,1047.6,512.0,16.4,35.1,0.067
269,-1,1032.9,513.0,14.9,47.9,0.067
269,-1,1060.1,510.2,25.8,49.2,0.063
269,-1,654.7,493.1,11.7,32.2,0.063
269,-1,1050.6,526.9,23.5,71.0,0.061
270,-1,1565.3,583.0,105.2,199.8,0.981
270,-1,1023.2,528.9,24.0,67.0,0.978
270,-1,164.3,596.9,43.9,111.2,0.971
270,-1,1062.3,527.5,29.1,75.5,0.959
270,-1,7.5,606.8,38.9,101.7,0.927
270,-1,157.0,598.9,32.7,109.5,0.918
270,-1,969.3,518.5,18.7,39.4,0.858
270,-1,1045.9,512.5,15.5,38.0,0.791
270,-1,1566.7,591.8,50.8,183.5,0.722
270,-1,1010.8,514.6,15.2,51.6,0.650
270,-1,1094.5,524.2,19.8,75.3,0.641
270,-1,1073.0,505.8,19.4,29.1,0.636
270,-1,1082.4,521.1,21.2,80.1,0.598
270,-1,24.4,607.2,28.6,98.1,0.578
270,-1,496.3,495.8,33.6,80.4,0.482
270,-1,680.1,666.0,40.0,39.1,0.424
270,-1,1014.1,517.1,15.6,63.9,0.412
270,-1,989.7,525.8,16.3,47.3,0.404
270,-1,1032.2,512.5,15.5,59.2,0.377
270,-1,602.6,488.5,15.3,32.8,0.322
270,-1,549.4,514.6,16.8,52.0,0.305
270,-1,1336.7,526.2,30.0,96.2,0.289
270,-1,1061.8,510.5,15.9,32.4,0.281
270,-1,469.7,496.0,26.8,79.2,0.195
270,-1,1067.0,506.6,20.3,34.7,0.186
270,-1,709.9,475.2,11.2,27.3,0.184
270,-1,973.6,522.7,20.1,49.0,0.154
270,-1,1060.2,523.5,21.6,65.8,0.133
270,-1,762.1,501.2,9.7,19.5,0.128
270,-1,1044.1,514.5,20.7,68.1,0.125
270,-1,181.2,597.7,22.9,94.2,0.105
270,-1,1078.9,516.2,18.8,34.2,0.097
270,-1,1035.8,513.5,12.3,36.9,0.097
270,-1,701.0,667.0,46.7,43.9,0.093
270,-1,1055.0,517.3,16.8,57.7,0.091
270,-1,660.7,490.3,12.1,31.9,0.089
270,-1,524.0,523.1,19.5,46.9,0.087
270,-1,1062.6,515.6,20.9,50.4,0.064
270,-1,669.3,664.2,77.8,51.7,0.061
270,-1,1070.4,512.1,24.1,54.2,0.056
270,-1,589.4,491.2,13.2,19.6,0.056
270,-1,1055.9,510.4,15.6,35.9,0.053
271,-1,1585.0,587.3,49.0,190.9,0.989
271,-1,164.4,595.8,50.0,111.9,0.976
271,-1,1029.2,522.0,24.9,72.9,0.972
271,-1,1067.4,527.2,29.9,77.1,0.957
271,-1,8.7,603.8,36.7,103.9,0.925
271,-1,975.1,520.2,19.7,40.3,0.909
271,-1,25.2,606.3,31.1,99.3,0.908
271,-1,155.0,598.2,36.4,108.4,0.853
271,-1,1078.7,504.1,19.0,30.7,0.795
271,-1,1016.3,515.4,16.3,53.3,0.769
271,-1,1050.2,511.2,16.3,52.7,0.766
271,-1,1080.1,521.4,24.7,80.4,0.648
271,-1,554.8,507.8,17.5,56.9,0.514
271,-1,1097.9,530.4,21.3,70.0,0.486
271,-1,1343.1,525.6,31.0,96.5,0.453
271,-1,1068.7,507.1,18.7,33.0,0.389
271,-1,994.5,519.5,17.8,53.0,0.382
271,-1,1020.2,515.3,16.9,66.9,0.346
271,-1,1038.8,512.7,14.9,34.4,0.316
271,-1,603.7,487.0,18.5,38.7,0.266
271,-1,1713.7,590.2,47.8,95.1,0.262
271,-1,590.5,486.8,15.1,23.4,0.215
271,-1,1041.3,512.1,23.0,80.6,0.214
271,-1,1064.8,508.8,18.7,47.4,0.192
271,-1,1085.5,520.8,16.2,24.8,0.166
271,-1,697.9,664.7,40.1,39.2,0.151
271,-1,712.2,475.7,13.8,45.9,0.137
271,-1,492.7,484.3,40.3,89.8,0.114
271,-1,1098.0,524.0,36.5,83.0,0.109
271,-1,654.6,492.8,11.3,27.5,0.104
271,-1,180.1,596.4,27.4,97.5,0.095
271,-1,585.1,486.3,12.2,24.5,0.090
271,-1,1081.5,511.1,19.4,51.2,0.084
271,-1,1584.0,590.4,96.3,199.8,0.084
271,-1,1061.0,510.0,16.1,41.6,0.084
271,-1,668.9,489.0,10.8,33.0,0.076
271,-1,714.5,474.2,10.9,26.6,0.070
271,-1,1072.7,505.2,23.6,50.9,0.067
271,-1,1054.5,515.7,20.9,73.5,0.061
271,-1,558.9,496.2,14.4,32.6,0.060
271,-1,528.6,512.9,20.3,54.0,0.059
271,-1,596.1,488.6,18.4,22.8,0.054
271,-1,562.4,489.3,13.5,29.4,0.053
271,-1,702.5,662.1,59.3,52.8,0.053
272,-1,1598.9,589.5,52.7,200.2,0.988
272,-1,168.4,592.6,47.5,114.4,0.984
272,-1,1072.8,525.5,29.2,79.5,0.982
272,-1,1033.2,522.9,25.7,73.9,0.971
272,-1,28.4,606.4,30.9,96.8,0.951
272,-1,8.2,605.0,34.0,100.6,0.942
272,-1,1105.6,529.0,21.5,74.8,0.816
272,-1,1124.0,530.5,20.2,80.6,0.804
272,-1,1085.2,506.5,19.3,29.1,0.793
272,-1,159.5,597.3,32.7,109.5,0.790
272,-1,1056.9,513.3,15.6,38.9,0.771
272,-1,1022.5,508.7,17.5,59.4,0.679
272,-1,978.5,518.3,20.2,36.1,0.652
272,-1,1094.7,528.0,22.4,74.5,0.617
272,-1,1351.5,529.3,30.6,95.0,0.566
272,-1,504.6,486.4,31.5,84.2,0.381
272,-1,165.4,597.7,25.3,62.7,0.342
272,-1,1054.4,513.2,19.2,80.6,0.308
272,-1,562.0,516.2,14.0,47.4,0.286
272,-1,999.0,523.2,19.8,49.9,0.258
272,-1,719.9,473.7,13.1,18.7,0.235
272,-1,512.3,480.7,21.9,29.7,0.234
272,-1,1074.0,510.5,16.5,27.0,0.193
272,-1,553.6,509.8,16.6,54.5,0.186
272,-1,1043.4,511.5,16.6,75.9,0.183
272,-1,718.1,474.7,13.8,40.7,0.172
272,-1,478.8,493.5,22.9,78.5,0.169
272,-1,597.2,486.9,13.9,23.2,0.132
272,-1,1066.7,515.4,16.4,56.5,0.121
272,-1,1090.3,518.0,18.6,45.4,0.120
272,-1,1408.2,532.9,12.5,53.3,0.116
272,-1,1017.1,513.4,15.0,53.1,0.099
272,-1,611.5,484.6,14.7,30.0,0.092
272,-1,187.1,596.0,20.9,54.0,0.089
272,-1,673.8,489.1,11.2,32.5,0.089
272,-1,532.7,510.7,21.6,56.7,0.085
272,-1,1065.0,511.0,14.5,32.1,0.084
272,-1,1068.3,520.7,23.2,73.8,0.071
272,-1,718.7,663.8,50.0,41.0,0.069
272,-1,729.3,664.1,59.5,56.2,0.068
273,-1,1612.2,590.4,63.0,203.5,0.992
273,-1,1040.3,514.8,26.1,81.9,0.982
273,-1,1077.3,526.0,31.8,78.6,0.982
273,-1,170.0,595.4,51.0,112.6,0.981
273,-1,11.7,605.0,34.9,102.5,0.966
273,-1,28.2,605.4,31.0,100.4,0.955
273,-1,164.0,599.3,34.5,108.4,0.909
273,-1,1108.1,531.3,24.7,73.4,0.877
273,-1,1061.3,510.5,17.4,64.4,0.784
273,-1,1091.3,506.7,18.1,30.1,0.755
273,-1,985.5,518.7,19.0,37.3,0.684
273,-1,1131.6,531.6,18.6,78.0,0.639
273,-1,1029.2,514.4,17.2,66.8,0.632
273,-1,1100.6,526.6,23.8,75.6,0.575
273,-1,1004.3,518.4,19.8,55.7,0.434
273,-1,1080.1,510.2,18.2,28.8,0.421
273,-1,723.1,476.1,12.6,35.7,0.413
273,-1,724.8,664.8,38.0,38.5,0.394
273,-1,1138.9,533.0,18.2,84.2,0.393
273,-1,724.7,474.4,13.3,18.3,0.387
273,-1,1638.9,545.8,31.9,79.8,0.366
273,-1,1640.2,547.6,24.4,49.5,0.342
273,-1,1639.0,545.2,20.6,27.9,0.312
273,-1,511.5,494.8,30.5,77.5,0.283
273,-1,1108.2,524.1,41.1,90.0,0.281
273,-1,563.2,507.9,17.0,56.5,0.250
273,-1,614.8,485.5,17.1,39.4,0.242
273,-1,1026.5,507.5,14.9,53.5,0.225
273,-1,1075.1,517.1,21.4,54.7,0.157
273,-1,601.9,486.1,14.2,24.4,0.144
273,-1,1098.3,522.0,19.9,49.7,0.129
273,-1,1094.0,521.8,20.1,72.6,0.118
273,-1,537.4,510.8,21.5,57.2,0.109
273,-1,731.7,662.6,53.9,51.2,0.108
273,-1,553.7,510.0,18.3,53.7,0.093
273,-1,1070.8,509.9,16.8,41.8,0.086
273,-1,186.7,595.6,27.5,101.2,0.081
273,-1,1359.0,529.5,30.3,98.0,0.078
273,-1,1641.4,550.8,78.7,122.6,0.077
273,-1,160.9,603.4,25.4,71.3,0.060
273,-1,1096.4,514.3,17.4,30.6,0.054
273,-1,1618.9,568.6,53.6,149.1,0.053
274,-1,1624.9,592.1,67.1,201.9,0.992
274,-1,1083.7,523.8,30.7,78.4,0.981
274,-1,173.6,592.3,46.6,112.5,0.975
274,-1,1047.4,518.4,23.9,78.3,0.969
274,-1,13.2,600.2,35.0,103.8,0.967
274,-1,33.9,603.2,30.5,98.3,0.961
274,-1,165.3,594.7,35.6,109.0,0.942
274,-1,1110.2,527.9,24.7,74.3,0.902
274,-1,1649.9,548.8,36.9,72.6,0.841
274,-1,1096.2,505.4,18.6,30.9,0.719
274,-1,989.5,517.6,20.1,34.1,0.684
274,-1,1137.1,532.3,17.6,73.8,0.670
274,-1,1069.2,510.4,16.6,37.1,0.636
274,-1,1152.2,527.6,21.4,86.0,0.622
274,-1,1143.4,528.3,23.2,88.3,0.564
274,-1,1036.2,516.5,15.4,59.5,0.550
274,-1,1367.5,527.1,30.4,97.6,0.422
274,-1,1095.3,525.8,26.9,75.0,0.419
274,-1,729.2,470.7,13.7,22.2,0.379
274,-1,1650.2,548.0,22.4,28.3,0.272
274,-1,621.2,483.4,16.2,28.9,0.219
274,-1,1090.6,506.8,17.8,27.3,0.194
274,-1,570.3,512.6,14.2,49.0,0.192
274,-1,1083.8,508.5,17.1,28.4,0.187
274,-1,1078.5,510.0,19.9,47.3,0.180
274,-1,1031.8,508.7,16.7,54.6,0.179
274,-1,741.6,659.3,51.7,40.3,0.156
274,-1,1633.7,554.7,59.9,142.8,0.155
274,-1,672.3,490.0,11.3,27.8,0.154
274,-1,193.5,593.1,23.1,63.6,0.152
274,-1,1074.0,510.9,16.6,54.1,0.132
274,-1,1066.0,511.2,20.8,79.9,0.123
274,-1,727.4,473.1,12.2,27.8,0.113
274,-1,516.2,499.2,29.1,69.9,0.104
274,-1,681.9,485.6,10.5,31.0,0.091
274,-1,1055.9,509.7,18.0,75.3,0.080
274,-1,668.6,490.3,10.5,22.5,0.069
274,-1,1079.5,518.6,22.8,60.5,0.068
275,-1,1638.8,586.2,76.0,216.2,0.997
275,-1,14.6,604.3,34.7,103.1,0.980
275,-1,1054.5,516.3,22.8,79.5,0.980
275,-1,176.2,593.4,49.8,114.1,0.979
275,-1,1087.8,525.8,29.6,76.0,0.971
275,-1,36.8,605.6,27.8,98.7,0.968
275,-1,1041.9,518.3,15.8,65.0,0.914
275,-1,1114.9,520.6,27.2,80.1,0.891
275,-1,168.1,596.8,33.2,107.3,0.873
275,-1,1164.0,520.4,23.7,87.3,0.754
275,-1,993.8,517.3,20.4,33.5,0.642
275,-1,1102.8,503.3,18.6,27.4,0.613
275,-1,1374.7,526.4,30.9,99.2,0.572
275,-1,1147.3,529.5,17.1,82.3,0.545
275,-1,1660.0,547.0,23.9,28.4,0.522
275,-1,1656.1,546.9,44.7,63.0,0.491
275,-1,1074.6,511.6,16.1,35.7,0.369
275,-1,734.6,471.1,11.6,22.2,0.349
275,-1,520.1,497.5,31.7,73.0,0.291
275,-1,1589.3,545.1,112.8,47.2,0.263
275,-1,1136.5,514.0,33.0,99.6,0.239
275,-1,1118.4,517.4,40.5,93.4,0.239
275,-1,1073.5,517.4,17.1,75.2,0.239
275,-1,751.0,660.0,41.5,39.7,0.230
275,-1,1631.6,546.0,68.7,141.8,0.220
275,-1,1089.0,509.5,18.5,27.8,0.204
275,-1,732.2,473.9,12.9,34.3,0.186
275,-1,1097.9,520.7,29.6,77.8,0.159
275,-1,1152.3,532.4,19.3,78.3,0.145
275,-1,677.8,489.4,11.0,26.6,0.128
275,-1,1163.3,511.5,22.9,44.2,0.127
275,-1,614.4,485.5,12.4,21.8,0.120
275,-1,626.4,484.9,14.5,26.2,0.103
275,-1,1087.5,513.6,18.6,39.5,0.092
275,-1,196.7,594.1,24.8,76.3,0.092
275,-1,1086.8,524.9,23.2,51.4,0.091
275,-1,1082.5,519.2,14.2,52.7,0.089
275,-1,762.9,659.2,54.3,53.9,0.064
275,-1,1101.7,504.8,22.0,53.7,0.059
275,-1,673.8,490.6,11.3,25.5,0.057
275,-1,1110.5,517.5,23.5,58.9,0.051
276,-1,1655.0,600.9,74.3,212.7,0.997
276,-1,1094.1,524.8,31.0,78.3,0.986
276,-1,179.6,592.7,48.6,113.6,0.980
276,-1,17.2,602.3,34.6,105.0,0.975
276,-1,1060.1,517.6,22.6,78.9,0.974
276,-1,31.9,602.5,30.6,104.3,0.969
276,-1,1117.4,522.4,26.8,79.9,0.947
276,-1,1165.7,526.1,28.4,86.1,0.932
276,-1,1382.5,529.1,32.5,96.2,0.793
276,-1,170.7,595.8,33.6,110.3,0.766
276,-1,1669.0,546.9,47.7,88.6,0.729
276,-1,1108.6,505.1,19.0,32.2,0.726
276,-1,999.5,516.4,19.9,36.3,0.725
276,-1,1048.1,514.3,16.3,71.4,0.670
276,-1,739.8,471.2,14.0,21.5,0.476
276,-1,1150.2,533.7,17.6,72.4,0.472
276,-1,1079.9,512.5,16.6,37.2,0.440
276,-1,1630.9,546.4,78.6,131.5,0.332
276,-1,683.6,490.8,10.9,27.0,0.279
276,-1,1096.5,508.9,17.8,27.2,0.277
276,-1,1130.9,522.0,18.9,80.0,0.270
276,-1,737.8,473.4,14.3,36.7,0.264
276,-1,768.5,658.1,55.7,44.4,0.249
276,-1,1045.0,510.7,15.1,54.0,0.229
276,-1,1161.0,534.2,18.2,77.8,0.227
276,-1,680.8,491.6,9.7,21.9,0.149
276,-1,1142.8,531.9,17.3,69.7,0.127
276,-1,1179.9,526.4,18.6,81.9,0.123
276,-1,1076.1,512.9,20.1,73.1,0.116
276,-1,694.6,485.8,9.9,30.5,0.101
276,-1,1634.9,548.7,80.3,69.7,0.087
276,-1,1102.9,507.9,17.0,28.4,0.078
276,-1,1071.6,511.5,16.7,48.2,0.065
276,-1,1088.7,509.5,15.8,33.2,0.061
276,-1,783.6,659.0,54.8,55.6,0.057
276,-1,677.7,491.1,9.6,21.7,0.055
277,-1,1669.9,603.2,81.8,217.0,0.998
277,-1,1097.6,523.7,33.8,78.3,0.986
277,-1,18.1,601.5,34.3,105.6,0.983
277,-1,1065.7,519.4,23.1,75.6,0.977
277,-1,41.6,605.4,28.5,100.4,0.973
277,-1,180.0,591.7,54.9,116.8,0.972
277,-1,1122.1,523.2,28.2,77.4,0.953
277,-1,1173.6,524.6,30.3,83.5,0.951
277,-1,1674.1,548.2,53.9,92.5,0.906
277,-1,1390.8,525.3,31.4,100.4,0.791
277,-1,1114.2,502.5,20.8,32.7,0.764
277,-1,1134.8,521.1,19.8,71.2,0.633
277,-1,173.6,596.4,32.9,109.6,0.629
277,-1,1055.1,515.7,19.9,70.6,0.447
277,-1,1004.9,514.3,19.6,36.0,0.433
277,-1,745.2,470.3,10.8,21.2,0.390
277,-1,1656.4,545.0,84.9,131.4,0.321
277,-1,1086.6,509.8,16.6,38.5,0.304
277,-1,1103.3,506.9,19.4,27.4,0.270
277,-1,743.2,472.3,16.5,45.6,0.189
277,-1,582.8,513.4,14.6,45.8,0.181
277,-1,699.4,486.2,10.7,31.2,0.163
277,-1,688.5,489.4,11.3,27.0,0.141
277,-1,1161.4,528.8,20.4,79.0,0.137
277,-1,1052.3,506.9,16.5,55.6,0.134
277,-1,1155.6,531.0,19.4,70.7,0.111
277,-1,685.6,489.4,10.6,22.2,0.102
277,-1,576.4,519.6,13.2,39.8,0.100
277,-1,1084.2,512.3,19.3,79.2,0.092
277,-1,783.9,657.5,51.3,46.4,0.085
277,-1,1116.6,510.4,21.3,53.5,0.085
277,-1,1667.8,562.3,105.1,156.3,0.065
277,-1,1097.9,508.8,22.0,40.0,0.054
278,-1,1680.0,608.3,88.0,214.8,0.994
278,-1,1102.2,522.9,31.6,79.1,0.984
278,-1,19.6,605.1,31.2,103.1,0.980
278,-1,42.6,604.6,28.3,100.0,0.973
278,-1,182.0,593.2,55.0,113.8,0.973
278,-1,1174.8,527.0,27.3,87.1,0.962
278,-1,1073.0,521.5,20.5,74.3,0.959
278,-1,1127.5,520.4,28.2,80.2,0.896
278,-1,1212.3,530.8,20.7,90.6,0.776
278,-1,178.1,598.0,31.8,109.8,0.761
278,-1,1192.3,527.0,18.4,60.0,0.690
278,-1,1685.8,549.7,74.0,98.9,0.688
278,-1,1113.3,524.0,30.9,78.2,0.595
278,-1,1058.9,506.9,19.4,81.0,0.570
278,-1,1008.6,515.1,22.2,38.7,0.450
278,-1,1143.7,521.1,17.2,75.6,0.433
278,-1,1062.8,518.6,22.8,75.5,0.380
278,-1,1399.9,521.8,28.9,106.4,0.345
278,-1,1120.4,504.2,19.3,29.2,0.333
278,-1,1152.1,528.9,24.9,74.2,0.315
278,-1,749.4,469.9,12.5,23.6,0.295
278,-1,1046.6,538.1,18.1,39.4,0.261
278,-1,1213.8,530.3,18.5,47.0,0.257
278,-1,1144.6,522.6,14.7,40.0,0.224
278,-1,1113.4,507.7,20.4,26.5,0.218
278,-1,1089.8,508.2,18.7,39.9,0.204
278,-1,1217.7,526.9,18.8,129.7,0.193
278,-1,747.5,473.6,14.2,36.0,0.169
278,-1,703.4,483.4,11.5,35.3,0.155
278,-1,589.2,503.6,14.4,56.2,0.129
278,-1,1682.0,562.0,65.6,134.0,0.110
278,-1,1099.4,522.9,23.2,65.5,0.101
278,-1,179.2,598.5,26.4,63.8,0.100
278,-1,688.9,489.0,12.7,25.1,0.098
278,-1,1185.6,521.3,18.8,34.0,0.080
278,-1,1105.7,509.7,23.9,29.0,0.073
278,-1,1094.7,518.9,16.4,72.0,0.067
278,-1,1094.1,508.2,20.0,31.8,0.065
278,-1,1177.5,527.2,23.3,35.4,0.062
278,-1,1746.6,603.8,53.7,108.0,0.053
278,-1,1123.6,516.7,24.4,57.0,0.051
279,-1,1696.0,611.9,94.2,216.1,0.988
279,-1,1106.7,523.4,33.2,78.6,0.978
279,-1,42.2,605.6,30.0,100.6,0.976
279,-1,1077.1,522.0,23.3,73.9,0.969
279,-1,23.1,603.4,32.9,105.7,0.968
279,-1,1183.0,526.0,25.5,86.8,0.967
279,-1,185.7,594.3,50.6,114.2,0.956
279,-1,178.4,597.6,33.0,110.4,0.895
279,-1,1133.9,519.6,28.5,82.5,0.889
279,-1,1222.6,540.1,30.4,120.8,0.882
279,-1,1699.5,547.9,54.8,117.3,0.853
279,-1,1157.7,528.2,23.4,74.4,0.802
279,-1,1150.3,520.9,22.5,81.6,0.680
279,-1,1198.7,529.8,18.2,63.2,0.655
279,-1,1125.3,504.3,19.7,25.7,0.645
279,-1,1831.1,551.3,37.4,147.7,0.509
279,-1,1015.0,516.2,20.7,37.0,0.474
279,-1,1068.2,516.3,15.8,63.6,0.454
279,-1,1120.3,524.2,29.7,77.8,0.397
279,-1,1228.2,536.4,20.9,42.6,0.357
279,-1,1114.2,507.9,19.8,26.7,0.309
279,-1,1225.4,535.6,23.7,76.9,0.286
279,-1,1095.3,508.5,20.1,35.3,0.258
279,-1,1698.3,559.7,92.8,180.7,0.244
279,-1,1218.4,533.4,17.8,52.8,0.234
279,-1,754.8,470.0,12.4,25.6,0.228
279,-1,711.0,483.7,11.9,35.0,0.193
279,-1,593.2,500.5,15.8,59.6,0.179
279,-1,695.0,488.8,11.1,22.9,0.143
279,-1,706.8,485.8,11.8,32.1,0.138
279,-1,1095.8,514.5,17.3,72.0,0.128
279,-1,850.7,660.5,42.4,51.5,0.122
279,-1,588.3,505.4,13.4,53.6,0.113
279,-1,1129.2,518.3,22.8,63.6,0.106
279,-1,1172.1,529.2,19.6,79.5,0.101
279,-1,753.4,472.0,15.1,37.3,0.091
279,-1,1087.7,519.2,19.8,74.8,0.086
279,-1,583.7,514.1,13.8,45.4,0.073
279,-1,1190.5,516.7,19.2,24.9,0.069
279,-1,1703.1,545.9,112.5,133.4,0.069
279,-1,820.0,495.4,9.2,17.7,0.067
279,-1,804.3,496.0,8.7,19.9,0.062
279,-1,1704.0,602.5,76.4,90.8,0.050
280,-1,1713.1,616.9,93.3,224.3,0.997
280,-1,24.0,607.0,35.3,104.7,0.980
280,-1,195.1,597.9,47.1,112.5,0.977
280,-1,1112.2,525.2,34.3,77.1,0.967
280,-1,1227.5,542.7,40.2,120.4,0.959
280,-1,1713.7,549.6,48.7,135.3,0.956
280,-1,1084.6,528.8,21.1,67.8,0.943
280,-1,43.4,606.9,31.5,103.1,0.942
280,-1,1187.9,529.9,27.2,79.4,0.903
280,-1,177.4,597.5,38.8,117.0,0.885
280,-1,1160.3,530.3,25.5,74.4,0.823
280,-1,1139.9,522.7,24.6,78.9,0.770
280,-1,1131.8,505.0,19.6,28.0,0.663
280,-1,1156.6,521.6,17.6,80.8,0.576
280,-1,1207.6,531.7,16.5,57.9,0.538
280,-1,1224.5,524.6,18.2,63.7,0.516
280,-1,1706.0,562.2,64.7,204.3,0.464
280,-1,1119.7,508.7,17.5,25.2,0.384
280,-1,1074.6,518.1,14.6,55.5,0.353
280,-1,1102.0,510.4,19.1,37.8,0.353
280,-1,1229.3,533.9,34.0,45.3,0.339
280,-1,758.6,471.8,12.7,20.3,0.321
280,-1,649.7,482.7,17.6,31.0,0.306
280,-1,184.2,599.8,26.5,60.1,0.239
280,-1,1233.4,538.8,29.6,81.1,0.237
280,-1,1020.2,517.3,19.7,36.8,0.232
280,-1,698.3,490.8,13.8,28.1,0.161
280,-1,1100.1,515.7,21.3,78.2,0.147
280,-1,1182.8,535.0,17.6,77.6,0.105
280,-1,758.5,475.7,11.4,29.8,0.099
280,-1,853.7,660.1,40.9,55.4,0.092
280,-1,808.4,498.3,8.0,19.2,0.090
280,-1,1111.9,509.4,16.0,30.0,0.086
280,-1,714.1,481.4,11.8,38.3,0.082
280,-1,1068.0,508.5,14.0,41.8,0.081
280,-1,1096.7,512.3,14.0,38.8,0.080
280,-1,1088.3,512.3,17.9,43.2,0.079
280,-1,1228.2,539.5,25.8,57.9,0.073
280,-1,949.3,562.1,17.8,60.5,0.072
280,-1,1094.3,521.1,20.2,73.9,0.062
280,-1,0.0,656.7,5.0,45.4,0.060
280,-1,1714.3,597.6,83.4,139.8,0.059
280,-1,1105.3,516.7,20.3,41.9,0.051
280,-1,823.4,497.0,10.0,19.6,0.051
280,-1,1133.7,518.5,23.5,48.5,0.051
281,-1,1724.4,606.1,109.8,233.8,0.997
281,-1,1722.8,547.5,52.9,162.0,0.989
281,-1,191.9,599.2,51.5,115.0,0.985
281,-1,26.5,609.6,33.1,106.5,0.979
281,-1,48.0,611.7,28.9,101.8,0.964
281,-1,1117.2,526.1,35.1,75.6,0.944
281,-1,1234.3,547.7,43.6,113.9,0.937
281,-1,1191.1,527.5,28.4,83.4,0.897
281,-1,1087.9,527.9,24.0,68.4,0.896
281,-1,1146.9,525.7,22.7,75.9,0.766
281,-1,1161.5,521.1,21.0,82.1,0.765
281,-1,184.5,602.0,32.3,112.5,0.720
281,-1,1137.1,504.2,20.4,30.7,0.615
281,-1,1851.6,602.8,43.3,95.1,0.539
281,-1,1251.7,543.1,31.1,106.9,0.520
281,-1,1209.3,528.3,21.7,62.2,0.514
281,-1,1108.3,508.6,18.7,36.5,0.460
281,-1,1123.5,509.4,20.3,27.3,0.404
281,-1,1718.9,574.3,85.3,204.9,0.307
281,-1,1230.4,528.1,18.1,58.0,0.295
281,-1,1161.6,522.5,16.9,43.2,0.290
281,-1,1025.5,516.7,19.9,37.8,0.262
281,-1,703.0,490.4,11.3,23.1,0.249
281,-1,1080.2,522.5,15.1,51.8,0.248
281,-1,1098.0,520.2,23.1,74.4,0.234
281,-1,603.9,515.5,14.6,48.6,0.224
281,-1,1171.5,526.0,21.1,76.6,0.207
281,-1,209.9,599.5,27.4,94.4,0.195
281,-1,764.1,471.0,12.5,22.3,0.183
281,-1,811.9,498.5,7.7,19.4,0.164
281,-1,718.0,482.4,11.6,36.0,0.163
281,-1,595.3,521.2,13.1,41.1,0.125
281,-1,705.7,490.3,12.9,27.5,0.118
281,-1,1238.4,535.3,27.5,45.9,0.117
281,-1,1073.3,508.2,14.9,41.7,0.105
281,-1,1106.8,519.3,25.7,73.4,0.097
281,-1,1129.9,506.3,22.3,31.7,0.092
281,-1,1730.0,607.1,100.4,124.8,0.088
281,-1,1197.0,501.8,22.9,35.3,0.088
281,-1,1078.0,511.0,15.6,43.5,0.083
281,-1,1091.2,516.1,20.9,40.8,0.079
281,-1,1232.1,531.2,49.0,76.3,0.079
281,-1,1167.4,524.4,41.0,82.0,0.071
281,-1,1138.4,519.9,23.0,72.9,0.062
282,-1,1744.4,613.7,110.4,232.1,0.998
282,-1,1722.7,546.6,63.6,180.9,0.995
282,-1,28.3,608.5,31.3,107.2,0.974
282,-1,47.5,609.6,31.6,103.0,0.970
282,-1,193.4,597.4,51.6,116.4,0.968
282,-1,1276.4,543.5,23.0,115.7,0.956
282,-1,1123.8,523.3,33.7,78.8,0.928
282,-1,1242.3,555.1,40.2,107.1,0.910
282,-1,1198.7,529.2,26.5,79.7,0.901
282,-1,1094.2,524.7,24.4,67.1,0.830
282,-1,1167.8,522.1,22.5,81.7,0.795
282,-1,1217.2,526.5,22.3,66.5,0.751
282,-1,190.4,601.8,31.1,113.8,0.716
282,-1,1152.7,525.7,23.9,77.5,0.669
282,-1,1142.4,501.9,21.0,30.5,0.611
282,-1,1236.8,523.4,19.1,39.7,0.554
282,-1,1248.5,535.5,20.3,41.2,0.491
282,-1,1030.7,516.3,19.7,37.3,0.431
282,-1,1240.4,531.8,24.7,56.5,0.398
282,-1,1113.0,508.3,18.7,38.0,0.386
282,-1,189.4,602.2,26.4,60.8,0.372
282,-1,1167.6,523.5,17.1,41.0,0.352
282,-1,1234.0,524.3,20.1,63.6,0.343
282,-1,1241.4,547.3,28.5,85.0,0.340
282,-1,1175.2,527.8,21.8,68.4,0.319
282,-1,1275.2,542.3,22.4,53.3,0.294
282,-1,1086.2,525.5,15.1,48.8,0.285
282,-1,769.0,470.4,12.9,22.5,0.261
282,-1,1262.9,542.4,32.6,109.1,0.260
282,-1,870.8,661.7,43.2,48.4,0.206
282,-1,1130.8,508.1,21.1,26.3,0.188
282,-1,1740.1,549.1,46.2,102.6,0.185
282,-1,1254.2,538.5,26.7,51.2,0.181
282,-1,1097.6,514.2,20.7,37.9,0.154
282,-1,1078.9,507.6,14.4,41.3,0.154
282,-1,1106.9,523.6,24.7,69.7,0.148
282,-1,0.0,580.8,5.4,119.8,0.145
282,-1,724.0,481.6,12.1,38.1,0.138
282,-1,1263.0,542.8,22.7,58.8,0.117
282,-1,1087.1,511.1,14.6,41.2,0.095
282,-1,1212.5,517.4,19.3,25.4,0.086
282,-1,1106.8,511.9,15.1,35.6,0.084
282,-1,709.0,490.0,13.0,26.4,0.076
282,-1,1144.5,519.0,22.2,51.7,0.065
282,-1,718.9,486.8,12.5,32.6,0.057
282,-1,959.7,561.0,19.0,59.1,0.052
283,-1,1770.8,610.3,108.1,235.6,0.997
283,-1,1740.0,550.0,61.2,180.2,0.995
283,-1,28.4,610.2,35.9,110.0,0.977
283,-1,208.2,598.7,43.9,115.1,0.966
283,-1,48.8,612.2,31.0,102.6,0.961
283,-1,1284.8,538.2,33.9,116.8,0.961
283,-1,192.3,603.8,43.6,112.9,0.957
283,-1,1243.6,548.0,44.2,114.9,0.944
283,-1,1130.1,519.4,32.2,83.7,0.941
283,-1,1204.1,526.3,26.1,85.5,0.865
283,-1,1173.5,519.5,25.2,85.7,0.841
283,-1,1160.1,520.5,24.3,84.9,0.781
283,-1,1100.7,524.1,21.9,61.5,0.772
283,-1,1036.7,517.1,19.9,39.7,0.636
283,-1,1205.7,519.1,39.1,105.4,0.613
283,-1,1148.8,502.5,19.8,33.2,0.476
283,-1,1220.5,525.1,24.7,81.1,0.467
283,-1,1273.5,541.9,33.6,116.5,0.462
283,-1,773.9,471.4,14.3,21.4,0.381
283,-1,1262.1,540.2,24.9,53.7,0.350
283,-1,1091.7,516.3,15.5,58.1,0.349
283,-1,1121.2,509.3,16.5,36.3,0.343
283,-1,1111.8,519.7,25.3,74.9,0.277
283,-1,1141.1,521.2,34.6,84.2,0.262
283,-1,1280.9,544.8,21.0,45.4,0.262
283,-1,820.8,497.5,11.0,21.1,0.243
283,-1,1262.7,543.4,29.2,102.7,0.188
283,-1,1206.5,525.7,25.4,49.4,0.187
283,-1,1241.8,523.4,19.6,42.0,0.184
283,-1,1084.9,507.1,14.1,43.6,0.182
283,-1,1208.9,504.6,27.5,36.7,0.181
283,-1,1283.5,539.9,26.1,59.4,0.180
283,-1,885.9,660.6,46.3,54.6,0.141
283,-1,1230.3,545.5,24.5,67.6,0.129
283,-1,1241.2,541.3,31.4,58.7,0.125
283,-1,1269.8,543.6,26.7,72.8,0.123
283,-1,188.0,604.6,31.2,98.8,0.116
283,-1,717.2,490.8,12.6,28.8,0.102
283,-1,1102.9,511.8,20.0,38.2,0.101
283,-1,216.7,598.5,22.8,61.1,0.084
283,-1,1135.8,508.9,17.5,25.5,0.083
283,-1,1251.7,531.7,22.2,36.5,0.083
283,-1,1248.4,537.6,28.7,45.6,0.083
283,-1,1116.8,515.6,19.5,49.4,0.077
283,-1,728.8,483.0,11.3,36.2,0.073
283,-1,1217.4,525.9,24.0,40.5,0.057
283,-1,1113.0,510.6,16.8,36.5,0.055
283,-1,772.1,474.9,12.2,27.6,0.052
284,-1,1751.5,550.3,61.7,182.9,0.998
284,-1,1793.7,605.4,104.0,246.4,0.994
284,-1,53.2,616.4,30.8,99.9,0.981
284,-1,206.0,600.9,40.4,117.1,0.978
284,-1,32.6,615.7,32.7,104.6,0.976
284,-1,1250.3,546.8,49.0,116.6,0.973
284,-1,194.0,604.6,35.5,113.1,0.960
284,-1,1297.7,536.0,39.2,118.6,0.947
284,-1,1135.7,521.6,30.7,81.5,0.882
284,-1,1286.2,545.2,24.3,105.5,0.866
284,-1,1209.7,526.4,26.8,85.4,0.811
284,-1,1042.8,517.5,19.2,38.8,0.694
284,-1,1180.2,523.3,22.9,81.1,0.653
284,-1,779.4,473.6,11.9,22.0,0.562
284,-1,193.7,605.7,27.4,69.2,0.473
284,-1,1154.4,500.7,19.7,33.6,0.471
284,-1,1105.7,526.4,23.8,51.7,0.471
284,-1,1244.7,523.4,22.9,38.3,0.468
284,-1,1165.8,524.6,23.7,79.9,0.465
284,-1,1274.0,541.0,30.7,107.9,0.424
284,-1,1126.1,509.3,16.7,35.9,0.370
284,-1,1214.0,501.9,29.0,41.1,0.324
284,-1,1272.9,539.2,22.3,60.4,0.285
284,-1,1123.4,522.6,24.3,77.0,0.278
284,-1,1212.4,527.1,22.6,50.6,0.275
284,-1,1090.9,507.1,14.2,41.9,0.234
284,-1,1147.6,519.5,26.5,79.7,0.224
284,-1,731.0,487.5,12.1,32.8,0.212
284,-1,1228.8,527.4,23.7,79.4,0.208
284,-1,1238.1,524.5,26.2,68.6,0.202
284,-1,1157.3,513.7,22.3,80.8,0.184
284,-1,1108.8,516.0,20.4,38.4,0.176
284,-1,1216.1,526.3,28.9,66.8,0.173
284,-1,1286.9,545.8,20.6,60.6,0.159
284,-1,922.5,657.2,42.8,57.5,0.144
284,-1,1098.2,518.8,18.5,49.5,0.142
284,-1,1072.2,504.7,14.3,50.1,0.131
284,-1,1142.1,508.7,16.5,24.1,0.128
284,-1,974.2,563.6,16.1,58.3,0.111
284,-1,1250.3,526.0,29.9,45.7,0.107
284,-1,898.2,659.5,51.5,54.4,0.105
284,-1,719.0,490.7,12.5,29.1,0.104
284,-1,843.0,496.9,9.4,16.4,0.098
284,-1,827.8,497.8,8.6,19.7,0.091
284,-1,1260.0,533.7,31.3,59.2,0.089
284,-1,1115.5,530.3,23.3,64.8,0.085
284,-1,1224.6,524.9,22.5,45.8,0.083
284,-1,1118.6,509.8,14.2,37.2,0.068
284,-1,776.6,476.8,12.3,27.9,0.067
284,-1,1164.5,517.7,18.0,48.2,0.065
284,-1,1156.0,506.6,21.1,56.5,0.054
284,-1,724.2,491.0,12.2,29.7,0.053
285,-1,1761.6,550.4,70.5,189.3,0.997
285,-1,1824.9,611.1,95.0,245.2,0.997
285,-1,53.5,616.5,31.0,103.1,0.986
285,-1,35.1,616.9,31.8,105.8,0.981
285,-1,1297.6,538.6,61.3,120.3,0.975
285,-1,210.5,601.3,43.8,115.9,0.973
285,-1,1253.7,556.2,46.7,106.7,0.970
285,-1,195.2,606.9,38.0,111.8,0.970
285,-1,1137.6,528.0,33.3,75.5,0.834
285,-1,1292.6,538.7,36.0,120.1,0.808
285,-1,1048.8,517.5,18.6,37.2,0.686
285,-1,1279.6,541.8,30.8,115.0,0.671
285,-1,1187.0,527.1,22.1,75.5,0.636
285,-1,1322.8,539.3,31.3,107.1,0.630
285,-1,1217.6,526.5,22.7,49.9,0.626
285,-1,1243.9,522.9,28.2,70.8,0.549
285,-1,1110.2,528.9,25.5,49.5,0.520
285,-1,783.2,472.7,11.4,21.6,0.513
285,-1,1159.5,495.5,22.2,37.2,0.417
285,-1,1171.6,525.8,22.3,77.2,0.381
285,-1,1220.3,502.5,29.4,39.2,0.349
285,-1,1131.4,508.6,16.0,36.4,0.321
285,-1,1160.1,527.3,20.7,75.9,0.298
285,-1,1325.9,538.5,22.1,61.5,0.289
285,-1,725.7,490.9,10.9,27.4,0.253
285,-1,1247.5,523.1,25.2,37.8,0.248
285,-1,1219.0,521.8,30.1,79.2,0.247
285,-1,1276.0,540.6,25.3,65.3,0.245
285,-1,736.6,486.6,11.5,33.4,0.224
285,-1,782.6,474.9,13.3,34.0,0.221
285,-1,193.1,609.0,28.5,74.1,0.196
285,-1,1097.3,506.4,14.5,41.1,0.171
285,-1,1245.7,524.4,54.0,80.6,0.168
285,-1,623.8,514.9,14.1,49.3,0.164
285,-1,916.4,657.5,47.6,55.8,0.163
285,-1,672.7,484.5,19.3,42.8,0.144
285,-1,1076.7,503.6,14.8,50.7,0.132
285,-1,1125.9,522.0,25.0,73.5,0.127
285,-1,1265.5,532.5,31.4,55.7,0.126
285,-1,1160.8,499.7,20.0,59.5,0.116
285,-1,1229.4,521.8,26.8,67.2,0.109
285,-1,1186.3,522.2,18.1,38.7,0.109
285,-1,1260.5,530.3,26.7,47.6,0.106
285,-1,1112.6,516.2,22.2,47.3,0.093
285,-1,1104.5,517.3,18.6,54.2,0.087
285,-1,1123.2,509.1,13.8,28.9,0.078
285,-1,729.7,491.8,11.2,29.2,0.074
285,-1,719.4,490.6,10.8,24.4,0.074
285,-1,1115.8,510.9,18.2,36.2,0.068
285,-1,1104.1,509.9,14.7,38.1,0.066
285,-1,619.2,525.0,12.9,37.7,0.060
285,-1,33.9,615.9,20.5,87.0,0.057
285,-1,979.6,564.9,16.0,56.1,0.054
285,-1,1090.8,504.3,13.7,44.4,0.054
285,-1,674.4,484.5,15.6,25.9,0.052
286,-1,1775.0,549.2,73.4,188.5,0.999
286,-1,1844.1,613.4,75.9,249.8,0.999
286,-1,1259.8,554.8,41.5,109.5,0.983
286,-1,41.8,616.1,36.5,107.7,0.980
286,-1,197.2,607.3,43.4,113.8,0.972
286,-1,1301.1,537.8,38.2,119.6,0.969
286,-1,1323.9,539.6,37.9,117.3,0.950
286,-1,54.5,618.0,34.2,103.3,0.941
286,-1,1140.5,523.8,34.3,79.0,0.926
286,-1,1054.0,516.2,19.7,38.0,0.881
286,-1,1281.4,543.6,29.1,113.8,0.841
286,-1,1192.3,527.9,24.9,73.6,0.776
286,-1,213.7,602.5,38.9,112.9,0.711
286,-1,1112.5,526.9,26.8,52.7,0.707
286,-1,1224.8,518.0,26.4,92.1,0.613
286,-1,1165.1,528.7,20.7,70.8,0.600
286,-1,1167.2,498.0,18.8,32.8,0.518
286,-1,931.9,660.5,44.9,48.3,0.515
286,-1,788.1,471.8,12.5,22.7,0.486
286,-1,1177.1,528.1,23.7,72.4,0.400
286,-1,1290.6,540.7,31.2,115.7,0.359
286,-1,1227.2,500.5,31.1,83.5,0.356
286,-1,1136.9,507.7,16.7,35.7,0.337
286,-1,985.0,563.9,17.9,59.1,0.319
286,-1,742.7,487.4,10.6,32.3,0.258
286,-1,1124.3,526.6,42.4,74.2,0.243
286,-1,731.2,492.2,9.9,23.0,0.233
286,-1,1118.3,520.6,21.8,43.3,0.204
286,-1,1227.9,498.9,27.6,43.0,0.201
286,-1,1102.5,503.7,14.2,43.3,0.166
286,-1,787.0,473.2,14.4,36.6,0.165
286,-1,1177.6,518.3,17.6,56.5,0.157
286,-1,1132.4,526.3,25.2,57.8,0.125
286,-1,1083.0,505.0,14.9,49.0,0.122
286,-1,1154.6,505.9,17.2,26.6,0.103
286,-1,1131.7,508.5,12.0,37.4,0.101
286,-1,1111.1,510.1,14.7,40.4,0.097
286,-1,1164.5,510.3,20.6,60.9,0.076
286,-1,35.6,616.7,23.9,104.4,0.068
286,-1,1226.4,505.9,36.7,140.2,0.065
286,-1,1108.9,522.2,15.3,41.7,0.056
286,-1,734.9,491.0,10.8,28.4,0.053
286,-1,1149.0,506.8,15.9,25.0,0.051
286,-1,1121.7,508.8,14.3,31.3,0.051
286,-1,711.4,493.5,12.3,21.8,0.050
287,-1,1788.2,549.1,76.0,191.9,0.998
287,-1,1869.9,611.3,50.1,252.9,0.998
287,-1,1265.4,555.2,40.3,109.4,0.988
287,-1,1329.5,539.0,40.9,114.7,0.985
287,-1,36.1,617.0,35.5,110.3,0.974
287,-1,197.6,609.6,39.0,115.4,0.973
287,-1,58.0,621.4,31.7,101.5,0.949
287,-1,1306.9,538.2,39.0,119.2,0.938
287,-1,1151.6,526.0,33.5,76.6,0.923
287,-1,224.0,605.1,36.5,113.0,0.900
287,-1,1196.7,528.1,27.7,75.0,0.826
287,-1,1058.0,515.4,20.5,39.6,0.768
287,-1,1301.4,544.1,27.1,112.9,0.756
287,-1,1291.8,542.9,27.0,111.8,0.714
287,-1,794.2,472.6,10.6,22.1,0.609
287,-1,1123.2,524.8,23.2,48.8,0.605
287,-1,1228.3,513.8,28.2,94.8,0.538
287,-1,1169.3,529.1,22.2,73.0,0.528
287,-1,1142.7,508.6,17.5,36.7,0.379
287,-1,1173.5,498.9,16.9,29.2,0.353
287,-1,1233.6,500.4,29.6,71.7,0.279
287,-1,1285.7,542.0,21.1,53.0,0.253
287,-1,1182.3,523.6,19.2,66.2,0.249
287,-1,1125.3,513.2,21.5,42.9,0.211
287,-1,1108.7,502.7,14.1,42.7,0.190
287,-1,1138.9,507.4,15.6,32.2,0.178
287,-1,791.2,477.3,18.3,36.0,0.173
287,-1,1136.9,508.0,12.1,38.0,0.170
287,-1,1284.3,542.8,26.4,96.3,0.149
287,-1,951.2,656.0,48.7,57.5,0.146
287,-1,734.4,491.9,11.4,26.3,0.139
287,-1,1117.4,509.5,14.7,41.9,0.131
287,-1,1126.3,508.1,16.4,31.2,0.120
287,-1,1088.5,504.3,14.8,50.6,0.116
287,-1,991.2,565.2,17.5,55.8,0.104
287,-1,1161.7,505.8,17.7,25.4,0.094
287,-1,1154.9,520.2,27.0,55.9,0.086
287,-1,1127.7,536.2,24.1,42.8,0.076
287,-1,1169.7,506.4,18.3,26.9,0.075
287,-1,738.6,490.8,11.0,28.0,0.071
287,-1,1166.7,521.2,20.5,22.5,0.068
287,-1,1233.9,508.9,36.0,128.3,0.063
287,-1,1240.7,518.2,26.7,74.6,0.060
287,-1,1101.5,502.9,13.7,44.6,0.058
287,-1,1154.5,507.9,17.9,32.6,0.057
287,-1,1152.7,507.0,15.0,24.5,0.054
287,-1,1201.1,521.0,37.6,85.7,0.051
288,-1,1804.3,547.4,75.2,191.4,0.999
288,-1,1270.2,555.5,37.2,111.0,0.989
288,-1,1339.7,539.3,34.1,112.0,0.971
288,-1,1306.8,535.2,41.9,122.8,0.970
288,-1,193.2,607.2,38.1,121.5,0.969
288,-1,36.9,611.7,42.5,116.8,0.962
288,-1,1889.7,655.8,30.3,209.7,0.933
288,-1,1152.0,522.1,36.4,80.5,0.922
288,-1,218.6,604.3,39.7,115.8,0.916
288,-1,58.7,619.1,32.3,105.8,0.882
288,-1,1202.7,529.2,26.9,70.2,0.835
288,-1,1063.5,514.8,19.7,41.8,0.778
288,-1,1291.3,538.8,21.1,52.5,0.653
288,-1,1276.4,548.0,55.7,116.7,0.593
288,-1,1175.1,527.2,22.2,72.6,0.530
288,-1,1128.2,522.1,24.3,49.0,0.481
288,-1,798.5,471.2,11.0,23.3,0.455
288,-1,1177.6,496.0,18.8,33.2,0.411
288,-1,1235.9,525.8,26.0,86.0,0.365
288,-1,1191.8,524.1,30.6,75.7,0.330
288,-1,1148.1,506.0,17.3,35.8,0.329
288,-1,1320.2,536.9,43.6,117.7,0.303
288,-1,1142.8,506.0,12.8,35.9,0.239
288,-1,1122.7,508.3,14.3,38.4,0.232
288,-1,1112.7,502.3,13.9,42.0,0.231
288,-1,964.3,655.1,48.6,55.9,0.196
288,-1,796.6,471.7,14.6,34.9,0.194
288,-1,1187.0,519.0,23.3,75.6,0.171
288,-1,1240.0,494.7,22.8,43.8,0.158
288,-1,845.8,498.5,7.3,18.7,0.158
288,-1,742.0,489.8,10.2,25.5,0.157
288,-1,1238.8,497.3,33.9,97.9,0.144
288,-1,1134.2,505.6,14.9,31.9,0.113
288,-1,1094.3,503.2,15.4,49.8,0.107
288,-1,752.3,484.3,10.2,32.0,0.105
288,-1,861.5,495.8,8.0,18.2,0.093
288,-1,995.3,562.3,18.3,60.4,0.083
288,-1,1108.1,502.2,13.8,43.3,0.077
288,-1,875.6,497.9,11.8,16.6,0.068
288,-1,1168.3,504.9,18.9,28.0,0.064
288,-1,1103.8,502.9,12.6,43.8,0.055
288,-1,1127.5,511.1,20.0,44.6,0.055
288,-1,737.6,490.9,10.2,22.9,0.053
289,-1,1818.5,548.3,75.3,192.6,0.999
289,-1,1323.5,535.7,38.7,126.7,0.990
289,-1,1276.3,553.9,37.6,115.7,0.986
289,-1,39.4,618.4,35.4,111.7,0.984
289,-1,200.6,610.1,41.1,116.9,0.977
289,-1,58.7,621.6,33.4,105.4,0.976
289,-1,1342.8,537.1,36.4,115.0,0.969
289,-1,222.1,609.4,42.2,115.2,0.967
289,-1,1296.2,539.7,21.1,64.8,0.898
289,-1,1157.2,524.7,33.5,72.3,0.868
289,-1,1280.8,546.7,59.6,113.9,0.836
289,-1,1204.3,522.4,30.8,79.0,0.826
289,-1,1181.2,523.9,23.0,76.9,0.743
289,-1,1069.0,516.1,20.0,40.0,0.684
289,-1,1134.2,519.5,23.3,49.6,0.671
289,-1,802.2,470.0,13.9,23.6,0.573
289,-1,849.3,498.6,9.4,20.7,0.564
289,-1,1184.6,497.9,17.1,33.2,0.416
289,-1,1154.2,506.3,16.1,34.7,0.401
289,-1,1246.0,501.4,39.0,152.4,0.316
289,-1,1149.0,505.3,14.1,34.3,0.312
289,-1,1246.1,498.1,29.4,63.0,0.294
289,-1,800.7,471.8,15.4,38.0,0.275
289,-1,1193.7,522.7,26.6,78.2,0.226
289,-1,1304.3,539.1,32.6,107.2,0.175
289,-1,1242.2,511.5,27.0,98.6,0.166
289,-1,1120.0,505.4,13.5,37.6,0.145
289,-1,1305.1,533.8,76.7,126.3,0.134
289,-1,1129.1,508.2,13.6,35.3,0.126
289,-1,746.8,490.5,10.1,26.5,0.126
289,-1,1247.2,496.5,46.3,76.9,0.119
289,-1,1104.1,503.5,11.2,42.6,0.111
289,-1,632.8,523.6,13.8,42.4,0.109
289,-1,865.8,497.6,9.6,16.9,0.108
289,-1,1149.9,512.0,20.6,56.5,0.103
289,-1,1308.5,536.2,25.5,72.2,0.103
289,-1,1142.3,506.3,16.9,42.6,0.103
289,-1,981.9,655.6,49.0,55.1,0.089
289,-1,1145.8,531.3,22.2,49.5,0.089
289,-1,1171.2,505.8,17.0,27.5,0.089
289,-1,1109.0,503.7,12.0,42.2,0.075
289,-1,1133.1,508.2,20.2,37.3,0.063
289,-1,806.4,472.9,13.1,17.6,0.060
289,-1,1260.1,523.1,41.8,136.0,0.059
289,-1,1166.4,505.8,15.7,26.7,0.053
290,-1,1831.9,544.0,74.0,197.9,0.999
290,-1,1323.0,533.3,43.1,126.9,0.987
290,-1,41.2,619.6,36.9,110.3,0.983
290,-1,208.0,609.5,40.7,117.4,0.982
290,-1,1280.9,551.8,37.3,116.3,0.980
290,-1,61.0,622.4,32.4,103.8,0.969
290,-1,1351.2,536.9,35.1,116.2,0.945
290,-1,223.7,606.7,38.8,114.5,0.942
290,-1,1074.0,512.4,20.6,41.5,0.817
290,-1,1164.7,521.8,33.1,75.4,0.811
290,-1,1210.7,520.7,29.9,80.5,0.759
290,-1,1244.8,520.7,26.7,89.5,0.587
290,-1,1140.7,525.1,23.2,33.2,0.452
290,-1,1187.3,527.4,23.3,71.9,0.452
290,-1,1154.9,504.7,13.1,36.0,0.415
290,-1,1163.6,504.8,13.6,34.6,0.341
290,-1,1251.7,497.9,24.5,65.7,0.334
290,-1,807.8,467.8,11.9,23.8,0.332
290,-1,996.4,652.8,50.5,56.8,0.312
290,-1,1193.9,525.8,28.3,74.6,0.279
290,-1,1190.4,494.4,19.5,33.8,0.268
290,-1,1292.5,552.1,50.8,103.5,0.260
290,-1,1253.1,498.1,40.4,100.9,0.174
290,-1,853.0,497.0,9.8,21.5,0.170
290,-1,750.0,490.3,10.2,25.3,0.160
290,-1,1258.3,502.5,58.6,82.6,0.149
290,-1,1263.5,518.2,36.2,133.6,0.143
290,-1,645.5,525.5,12.8,37.7,0.142
290,-1,635.8,531.0,11.7,33.5,0.119
290,-1,1310.4,533.6,24.6,73.8,0.118
290,-1,201.8,613.5,30.9,106.0,0.108
290,-1,1109.0,501.9,13.1,46.5,0.106
290,-1,870.5,496.4,10.1,17.1,0.102
290,-1,806.4,473.4,15.3,36.3,0.102
290,-1,1171.0,504.9,16.0,30.6,0.093
290,-1,640.3,529.5,12.2,33.9,0.091
290,-1,1124.6,501.1,13.4,41.5,0.084
290,-1,1152.1,504.7,11.6,29.2,0.080
290,-1,1153.3,536.8,20.7,39.3,0.074
290,-1,1417.9,489.7,38.9,95.3,0.070
290,-1,1135.8,506.3,13.2,37.5,0.069
290,-1,1305.4,536.2,20.9,53.5,0.067
290,-1,756.9,488.1,10.4,28.2,0.060
290,-1,1145.1,525.6,24.5,46.9,0.055
290,-1,1145.8,507.4,18.3,40.5,0.052
290,-1,1003.1,563.0,20.4,60.0,0.051
290,-1,1273.8,535.8,61.5,105.0,0.051
291,-1,1850.2,543.6,69.8,201.2,0.999
291,-1,42.9,619.5,35.1,114.0,0.981
291,-1,208.0,611.4,39.2,117.8,0.975
291,-1,1283.4,551.7,55.3,117.6,0.970
291,-1,64.5,623.0,33.9,106.4,0.965
291,-1,1330.8,535.5,41.2,126.1,0.931
291,-1,1353.4,540.9,36.8,113.7,0.928
291,-1,1079.9,514.0,20.1,42.2,0.870
291,-1,219.5,608.4,42.5,118.8,0.759
291,-1,1217.8,523.6,29.7,80.1,0.729
291,-1,1169.2,523.7,34.6,71.9,0.698
291,-1,1146.8,511.5,24.5,47.8,0.683
291,-1,208.3,612.4,29.2,70.4,0.600
291,-1,1158.7,505.6,15.3,33.6,0.569
291,-1,811.7,471.0,12.9,22.7,0.562
291,-1,1193.4,525.2,23.2,75.7,0.561
291,-1,810.0,472.0,15.5,36.5,0.455
291,-1,1315.5,541.0,21.8,70.2,0.443
291,-1,1315.3,540.0,37.2,120.2,0.354
291,-1,1254.0,521.9,27.3,92.6,0.344
291,-1,1197.0,494.7,18.2,32.3,0.291
291,-1,1157.5,507.4,23.3,46.5,0.258
291,-1,1016.1,655.1,49.3,56.3,0.234
291,-1,1332.5,533.3,27.9,64.1,0.229
291,-1,1167.8,505.7,15.6,29.4,0.228
291,-1,689.6,485.8,11.3,22.4,0.207
291,-1,1116.4,501.6,11.6,48.2,0.193
291,-1,1317.1,537.1,22.3,37.8,0.184
291,-1,1138.6,508.0,13.9,37.5,0.184
291,-1,763.5,488.8,10.3,29.9,0.152
291,-1,1176.6,505.3,17.4,31.9,0.134
291,-1,767.8,485.9,11.2,33.4,0.114
291,-1,1122.8,504.9,13.3,41.5,0.107
291,-1,1256.9,499.6,34.3,90.5,0.097
291,-1,754.0,491.9,10.9,26.8,0.097
291,-1,1240.2,525.7,18.6,80.9,0.088
291,-1,1261.4,494.4,49.2,83.3,0.088
291,-1,1160.2,520.6,23.1,47.6,0.085
291,-1,1109.8,502.6,15.2,53.6,0.083
291,-1,701.4,481.1,19.1,40.1,0.079
291,-1,1320.9,533.3,25.8,51.5,0.076
291,-1,1144.2,508.5,16.8,39.9,0.074
291,-1,1181.7,504.8,18.0,28.0,0.071
291,-1,750.0,491.1,11.2,23.5,0.065
291,-1,1131.6,501.7,13.7,42.7,0.064
291,-1,888.7,498.0,11.3,18.4,0.064
291,-1,857.4,499.2,9.1,18.1,0.054
291,-1,1266.2,511.5,37.2,149.0,0.050
292,-1,1861.1,540.9,58.9,206.4,0.999
292,-1,64.2,623.1,33.1,108.6,0.985
292,-1,43.6,621.3,34.3,114.2,0.983
292,-1,1287.6,553.9,51.3,119.0,0.982
292,-1,1335.8,539.2,47.8,122.6,0.981
292,-1,208.3,612.3,38.2,117.8,0.980
292,-1,236.0,609.6,32.4,116.1,0.970
292,-1,1366.3,537.6,34.0,115.5,0.870
292,-1,1509.3,517.3,22.3,98.0,0.867
292,-1,1084.9,512.2,20.1,43.9,0.865
292,-1,1176.0,524.5,29.9,65.4,0.699
292,-1,1223.9,524.9,27.7,74.5,0.692
292,-1,1199.2,526.8,28.2,72.7,0.575
292,-1,1153.4,513.6,23.7,44.1,0.517
292,-1,816.3,470.8,12.6,22.5,0.487
292,-1,1164.7,504.7,16.9,34.8,0.401
292,-1,1321.5,537.4,22.7,68.7,0.339
292,-1,1202.8,493.0,18.9,31.4,0.326
292,-1,1252.4,492.5,39.7,118.6,0.306
292,-1,1117.7,500.8,15.7,52.8,0.295
292,-1,815.5,475.0,14.9,30.0,0.295
292,-1,758.7,490.3,10.9,24.7,0.273
292,-1,1139.7,501.9,12.5,43.4,0.263
292,-1,996.1,498.6,10.7,23.9,0.204
292,-1,1249.4,532.1,17.2,80.8,0.193
292,-1,692.1,486.2,14.3,23.3,0.172
292,-1,1267.6,498.7,40.9,110.9,0.169
292,-1,1033.7,654.6,51.3,56.8,0.165
292,-1,1282.3,519.3,28.3,61.7,0.153
292,-1,1144.3,506.9,14.1,42.5,0.140
292,-1,1279.0,523.5,35.6,144.8,0.134
292,-1,1311.9,532.7,18.2,46.3,0.118
292,-1,1173.0,505.5,16.2,28.7,0.116
292,-1,1262.1,518.8,25.1,97.7,0.113
292,-1,1128.0,502.3,13.7,44.5,0.111
292,-1,1165.2,515.5,22.6,49.9,0.109
292,-1,1323.3,555.4,22.5,75.2,0.107
292,-1,771.8,484.5,11.1,33.9,0.104
292,-1,707.6,483.0,16.5,28.7,0.100
292,-1,1181.7,504.3,15.8,28.4,0.092
292,-1,1306.8,547.7,34.0,88.9,0.075
292,-1,1237.5,526.4,20.7,73.7,0.066
292,-1,1200.3,498.7,18.9,38.0,0.062
292,-1,1151.5,506.7,15.6,40.7,0.060
292,-1,1324.8,536.5,21.9,37.6,0.058
292,-1,1186.8,503.7,17.9,28.1,0.057
292,-1,1123.3,503.1,13.4,44.6,0.057
292,-1,1429.5,486.1,43.7,102.2,0.051
293,-1,1875.8,545.0,43.6,200.1,0.998
293,-1,214.3,615.1,36.0,116.1,0.985
293,-1,44.2,622.1,37.2,115.2,0.984
293,-1,57.3,623.9,35.4,111.6,0.978
293,-1,227.5,613.5,39.4,118.3,0.977
293,-1,1293.9,553.8,47.7,118.8,0.971
293,-1,1332.7,538.9,56.3,125.5,0.937
293,-1,1090.3,513.4,20.5,43.3,0.871
293,-1,1369.2,539.5,30.2,115.5,0.855
293,-1,1229.3,521.6,28.2,80.5,0.819
293,-1,1175.5,525.9,38.1,60.0,0.802
293,-1,1327.7,536.2,22.3,81.8,0.625
293,-1,1159.5,515.4,22.6,41.7,0.558
293,-1,822.4,471.3,11.0,23.9,0.492
293,-1,1210.1,530.3,23.9,71.4,0.479
293,-1,764.7,490.1,10.5,25.8,0.396
293,-1,1272.9,497.1,37.9,111.7,0.380
293,-1,1170.7,505.3,14.3,31.7,0.354
293,-1,665.1,495.5,12.7,35.3,0.347
293,-1,1208.6,494.5,18.3,34.6,0.315
293,-1,1049.9,657.1,44.9,46.7,0.275
293,-1,697.9,488.5,13.2,21.8,0.251
293,-1,776.5,484.4,10.4,33.0,0.210
293,-1,1282.6,508.3,27.3,54.8,0.199
293,-1,773.2,486.5,10.6,29.8,0.157
293,-1,1433.7,487.9,44.3,99.5,0.152
293,-1,1145.8,502.9,12.1,42.0,0.142
293,-1,1381.4,537.8,21.7,74.0,0.134
293,-1,1253.4,505.0,40.3,113.3,0.129
293,-1,664.1,504.1,12.6,57.6,0.128
293,-1,1169.6,511.8,21.9,48.3,0.127
293,-1,1151.4,507.6,13.0,39.2,0.109
293,-1,1517.2,517.8,44.8,138.7,0.107
293,-1,1240.5,529.5,21.7,70.5,0.104
293,-1,758.9,490.1,12.4,25.6,0.100
293,-1,240.7,610.6,40.1,114.5,0.094
293,-1,673.9,491.1,13.0,23.7,0.089
293,-1,899.9,498.2,10.4,17.1,0.089
293,-1,820.4,475.1,12.2,28.9,0.080
293,-1,210.6,617.8,30.0,75.2,0.079
293,-1,1171.5,525.2,29.1,44.6,0.076
293,-1,1178.2,504.8,14.8,28.4,0.074
293,-1,768.7,489.6,10.7,28.7,0.072
293,-1,1189.1,504.1,14.2,26.3,0.070
293,-1,1311.5,542.7,34.5,101.8,0.070
293,-1,1126.8,501.9,11.9,42.5,0.069
293,-1,668.2,494.3,14.2,29.2,0.068
293,-1,1184.5,505.2,13.8,26.1,0.065
293,-1,1292.7,541.2,88.1,132.2,0.063
293,-1,1251.7,531.3,16.1,71.4,0.062
293,-1,1197.0,503.5,16.2,25.6,0.057
293,-1,691.6,488.4,12.8,21.9,0.055
294,-1,1891.0,544.5,29.0,201.2,0.991
294,-1,66.9,625.9,36.0,107.8,0.988
294,-1,44.7,622.6,36.4,115.2,0.986
294,-1,213.2,614.9,35.8,118.4,0.973
294,-1,236.6,610.6,38.3,116.4,0.952
294,-1,1299.5,553.2,48.9,119.1,0.951
294,-1,1369.1,540.9,35.7,120.3,0.932
294,-1,1335.9,541.1,53.2,126.0,0.924
294,-1,1381.1,538.9,33.7,117.2,0.836
294,-1,1094.3,512.7,21.4,45.3,0.750
294,-1,1230.2,522.0,30.3,81.2,0.739
294,-1,1165.4,514.4,22.9,41.6,0.609
294,-1,1183.8,522.5,31.8,58.9,0.582
294,-1,1211.8,492.0,22.3,43.7,0.424
294,-1,1330.1,534.2,22.2,71.6,0.421
294,-1,826.2,470.6,12.3,24.6,0.410
294,-1,1208.2,521.6,29.4,74.3,0.353
294,-1,1262.9,525.8,18.2,86.2,0.346
294,-1,1277.3,497.9,35.9,117.8,0.327
294,-1,1174.2,504.6,15.9,32.5,0.297
294,-1,702.0,486.0,11.2,23.2,0.295
294,-1,1068.3,655.3,48.4,56.6,0.294
294,-1,1214.4,519.3,39.5,82.0,0.255
294,-1,768.7,491.5,9.5,22.6,0.235
294,-1,1149.8,502.4,11.6,37.7,0.228
294,-1,1186.0,518.4,45.1,77.3,0.207
294,-1,678.3,491.0,13.4,21.2,0.207
294,-1,1156.4,508.5,13.0,41.4,0.183
294,-1,872.3,497.1,7.6,16.2,0.178
294,-1,782.1,483.1,9.7,32.4,0.173
294,-1,1186.9,504.3,15.6,31.0,0.168
294,-1,1282.8,502.0,25.2,68.7,0.140
294,-1,1525.0,518.3,29.7,99.8,0.114
294,-1,904.7,498.5,8.7,16.3,0.108
294,-1,1192.4,503.4,18.5,30.5,0.101
294,-1,824.7,472.9,16.1,33.8,0.098
294,-1,778.9,485.7,9.9,29.5,0.098
294,-1,719.8,484.3,13.5,26.6,0.088
294,-1,1209.8,499.2,23.9,63.3,0.082
294,-1,671.3,493.3,13.0,22.4,0.079
294,-1,1178.2,521.8,22.8,42.1,0.078
294,-1,772.1,489.3,9.9,25.2,0.075
294,-1,1141.8,504.3,12.5,41.2,0.070
294,-1,1137.4,504.8,12.4,42.3,0.064
294,-1,1285.6,500.6,41.3,87.5,0.059
294,-1,764.8,489.7,10.1,24.7,0.053
295,-1,67.6,627.0,35.3,110.1,0.987
295,-1,44.6,624.3,38.0,114.8,0.980
295,-1,215.8,614.9,34.6,120.6,0.978
295,-1,229.9,611.2,41.8,121.4,0.968
295,-1,1341.9,541.6,58.1,127.1,0.957
295,-1,1309.1,561.8,41.2,105.6,0.950
295,-1,1237.6,525.2,27.4,79.3,0.874
295,-1,1374.6,549.9,35.5,107.2,0.825
295,-1,1098.9,513.2,21.4,50.2,0.795
295,-1,1183.5,526.2,40.9,53.2,0.758
295,-1,1169.2,516.0,24.5,42.1,0.677
295,-1,1214.4,519.9,27.5,72.2,0.575
295,-1,1532.3,518.5,29.5,98.5,0.490
295,-1,1218.3,493.4,20.0,43.3,0.464
295,-1,1269.7,526.9,18.0,84.7,0.442
295,-1,830.0,471.4,11.6,21.4,0.380
295,-1,1090.5,660.0,39.2,43.4,0.332
295,-1,1254.4,521.8,23.1,80.6,0.332
295,-1,780.8,488.4,10.3,31.7,0.277
295,-1,1372.1,549.2,24.3,92.4,0.255
295,-1,1181.5,506.4,13.8,35.5,0.250
295,-1,771.7,491.8,10.5,25.7,0.249
295,-1,1128.9,504.7,17.7,53.3,0.237
295,-1,1155.6,502.1,12.6,45.3,0.235
295,-1,1162.0,506.6,14.4,48.0,0.225
295,-1,906.3,497.9,8.7,16.7,0.222
295,-1,704.6,487.1,14.0,22.4,0.221
295,-1,784.0,481.7,12.1,38.3,0.207
295,-1,1221.6,518.9,34.6,81.1,0.197
295,-1,670.4,508.9,14.2,53.9,0.187
295,-1,1275.2,501.2,38.8,122.1,0.185
295,-1,1336.2,535.8,22.0,72.1,0.178
295,-1,1193.4,521.6,42.0,69.1,0.169
295,-1,1192.6,504.9,16.5,27.6,0.167
295,-1,611.4,502.9,32.4,73.7,0.159
295,-1,875.8,497.1,8.1,16.4,0.143
295,-1,753.8,492.3,11.7,21.0,0.139
295,-1,828.8,472.6,14.1,38.9,0.132
295,-1,788.7,474.9,10.8,46.3,0.120
295,-1,673.8,496.1,12.9,28.8,0.119
295,-1,682.0,491.9,13.7,21.1,0.116
295,-1,767.9,491.3,9.6,23.4,0.113
295,-1,721.3,483.2,15.5,28.6,0.110
295,-1,908.6,498.0,9.9,18.8,0.109
295,-1,1181.9,518.5,24.8,45.2,0.102
295,-1,1302.5,523.1,41.1,70.3,0.069
295,-1,677.0,493.9,14.4,21.8,0.069
295,-1,777.8,490.4,10.4,25.2,0.064
295,-1,1146.1,504.8,13.8,42.5,0.064
295,-1,1202.4,503.6,18.5,30.1,0.060
295,-1,764.8,491.3,9.5,22.2,0.059
295,-1,759.0,492.4,9.0,21.2,0.058
295,-1,686.0,493.0,14.0,19.0,0.055
295,-1,893.1,496.0,7.9,16.4,0.053
296,-1,68.2,627.0,35.7,111.0,0.984
296,-1,45.2,626.2,35.7,115.4,0.973
296,-1,215.0,616.3,38.9,119.2,0.972
296,-1,229.7,612.7,45.4,122.1,0.961
296,-1,1314.3,560.7,41.1,110.6,0.944
296,-1,1345.2,543.7,49.2,128.1,0.939
296,-1,1377.7,550.9,33.5,112.1,0.893
296,-1,1391.7,547.7,32.9,112.5,0.863
296,-1,1103.6,514.4,20.5,51.8,0.832
296,-1,1243.0,531.4,27.2,72.9,0.786
296,-1,1541.2,524.7,28.8,95.2,0.662
296,-1,1275.2,529.8,19.8,82.5,0.590
296,-1,1108.4,660.0,39.6,42.6,0.550
296,-1,1196.8,526.9,31.0,51.9,0.476
296,-1,833.1,471.4,13.3,23.8,0.454
296,-1,1376.5,552.9,25.2,53.0,0.427
296,-1,1267.7,529.6,21.4,76.7,0.382
296,-1,1174.4,522.4,23.6,37.0,0.336
296,-1,1223.6,496.2,20.2,44.7,0.315
296,-1,775.9,490.6,10.8,26.5,0.290
296,-1,911.4,497.7,9.0,17.4,0.283
296,-1,1340.5,537.8,19.9,65.0,0.271
296,-1,675.5,500.0,14.3,64.8,0.266
296,-1,1145.1,503.1,11.8,46.7,0.261
296,-1,1277.9,528.8,33.3,91.0,0.248
296,-1,1224.0,532.6,24.6,61.5,0.246
296,-1,710.3,490.0,11.8,19.7,0.224
296,-1,1340.6,539.4,28.3,124.6,0.195
296,-1,780.4,489.5,10.6,28.9,0.184
296,-1,1161.9,503.2,14.2,45.2,0.179
296,-1,662.0,506.3,17.9,60.8,0.173
296,-1,1186.6,506.5,15.5,26.9,0.143
296,-1,1217.0,527.8,24.5,52.4,0.139
296,-1,896.7,496.8,8.7,15.9,0.135
296,-1,770.0,489.7,11.3,25.2,0.133
296,-1,788.2,485.7,10.8,31.4,0.127
296,-1,1166.2,507.8,14.3,44.5,0.122
296,-1,1309.1,530.9,45.7,67.3,0.118
296,-1,1179.9,506.0,14.0,28.4,0.091
296,-1,244.3,613.3,47.7,117.6,0.083
296,-1,1192.9,516.0,51.4,76.2,0.080
296,-1,877.1,499.2,10.2,22.0,0.079
296,-1,1456.7,489.8,40.9,101.1,0.078
296,-1,1223.5,640.0,61.8,67.0,0.051
296,-1,614.4,495.6,35.7,80.1,0.050
297,-1,216.8,616.5,46.5,123.2,0.981
297,-1,1317.8,562.1,39.7,95.8,0.967
297,-1,46.5,626.7,33.3,116.4,0.960
297,-1,1399.1,547.7,35.2,112.9,0.957
297,-1,68.6,627.5,35.6,111.3,0.955
297,-1,1109.1,514.0,20.7,53.5,0.941
297,-1,1349.7,538.6,51.5,131.6,0.932
297,-1,1548.1,523.2,27.5,98.9,0.845
297,-1,1382.3,550.1,28.3,107.2,0.845
297,-1,244.8,613.2,33.4,115.8,0.832
297,-1,1249.8,526.0,26.1,78.7,0.768
297,-1,1199.1,528.5,35.9,48.8,0.723
297,-1,838.6,471.3,12.6,21.5,0.670
297,-1,1179.8,517.8,25.1,41.1,0.630
297,-1,1382.5,552.2,23.4,55.9,0.561
297,-1,837.1,473.9,15.4,34.9,0.508
297,-1,1275.1,526.5,20.2,81.2,0.488
297,-1,1285.6,526.4,33.3,100.9,0.484
297,-1,1283.6,528.7,18.7,84.7,0.474
297,-1,1229.2,529.6,26.0,61.8,0.365
297,-1,780.3,489.7,11.7,27.1,0.336
297,-1,1259.8,517.1,20.2,48.7,0.326
297,-1,1326.4,534.2,31.6,88.1,0.302
297,-1,1149.9,503.1,11.5,48.3,0.301
297,-1,1228.8,521.2,43.9,86.3,0.274
297,-1,1230.6,495.6,18.3,43.4,0.268
297,-1,1166.6,502.8,14.2,45.7,0.249
297,-1,1190.8,506.3,16.7,27.1,0.210
297,-1,713.5,486.5,11.5,22.7,0.182
297,-1,915.7,498.7,10.4,16.6,0.119
297,-1,835.7,474.1,10.3,19.4,0.117
297,-1,1304.6,512.8,52.0,93.0,0.116
297,-1,1220.3,528.5,21.9,49.4,0.107
297,-1,1121.3,659.7,49.3,54.9,0.098
297,-1,1209.3,526.7,42.6,68.6,0.089
297,-1,1192.2,522.8,21.9,38.8,0.084
297,-1,1171.0,506.2,14.4,41.0,0.082
297,-1,785.5,488.3,11.1,29.0,0.081
297,-1,794.1,483.2,10.4,32.8,0.075
297,-1,1200.6,506.4,15.5,26.3,0.069
297,-1,774.2,490.5,10.9,23.8,0.067
297,-1,1463.3,491.4,44.9,101.1,0.065
297,-1,1345.1,540.2,19.5,76.0,0.064
297,-1,246.3,615.0,60.3,96.2,0.056
297,-1,1306.9,557.6,24.4,84.0,0.056
298,-1,218.0,615.1,44.4,121.6,0.981
298,-1,46.0,624.3,35.9,118.2,0.979
298,-1,68.6,626.3,35.1,111.6,0.975
298,-1,1323.5,562.4,36.1,86.1,0.947
298,-1,1113.7,514.3,21.3,51.3,0.943
298,-1,248.0,612.4,36.7,116.2,0.926
298,-1,1394.1,562.5,41.1,99.4,0.900
298,-1,1356.8,537.1,42.0,130.7,0.896
298,-1,1557.1,523.4,29.3,97.2,0.878
298,-1,1254.3,528.8,26.7,75.5,0.861
298,-1,1386.6,549.8,27.4,102.3,0.819
298,-1,1203.8,526.7,41.5,52.9,0.723
298,-1,1278.3,529.2,24.7,80.7,0.695
298,-1,1185.9,518.2,25.0,40.4,0.690
298,-1,1387.9,552.1,24.6,54.7,0.587
298,-1,786.6,489.3,11.0,27.3,0.515
298,-1,1264.7,518.4,22.0,68.6,0.475
298,-1,843.1,469.2,12.9,24.3,0.457
298,-1,1233.5,529.2,24.3,57.8,0.369
298,-1,1170.8,500.3,14.5,48.8,0.360
298,-1,1287.3,531.2,23.4,86.9,0.298
298,-1,1357.0,534.1,31.6,73.6,0.277
298,-1,1148.5,501.7,13.4,55.2,0.265
298,-1,1145.3,660.6,42.8,46.3,0.264
298,-1,1333.5,533.0,28.6,60.4,0.258
298,-1,798.8,480.2,11.5,37.8,0.253
298,-1,1233.9,490.3,21.5,52.2,0.253
298,-1,1194.4,505.8,16.7,26.7,0.205
298,-1,839.7,474.0,17.6,31.5,0.203
298,-1,1203.9,505.4,17.9,28.0,0.190
298,-1,1330.3,551.6,52.7,113.5,0.167
298,-1,1403.7,545.7,36.5,64.3,0.165
298,-1,795.8,483.7,11.1,31.9,0.157
298,-1,1342.4,541.2,23.5,83.9,0.122
298,-1,779.3,490.6,10.2,22.8,0.122
298,-1,1154.8,501.1,13.2,49.6,0.118
298,-1,1350.6,534.9,22.0,58.7,0.115
298,-1,1216.8,504.5,17.6,29.1,0.105
298,-1,1178.7,505.6,15.8,49.4,0.104
298,-1,1160.8,506.8,15.9,41.1,0.103
298,-1,1186.4,504.4,17.2,32.3,0.100
298,-1,1211.6,505.8,15.5,27.1,0.093
298,-1,1196.9,520.7,24.7,40.0,0.091
298,-1,1373.3,547.3,32.0,100.2,0.091
298,-1,1291.9,526.3,40.5,101.7,0.086
298,-1,1233.5,508.9,36.6,84.0,0.083
298,-1,1574.8,526.8,19.9,85.1,0.070
298,-1,840.1,472.8,11.0,20.4,0.068
298,-1,1369.5,543.0,53.7,124.9,0.062
298,-1,792.1,487.7,10.1,29.3,0.060
299,-1,45.6,624.8,37.2,118.6,0.981
299,-1,69.1,627.4,35.1,110.8,0.981
299,-1,219.0,616.7,41.5,121.6,0.980
299,-1,243.6,614.2,38.3,119.3,0.958
299,-1,1393.7,554.0,41.3,114.3,0.939
299,-1,1206.1,529.1,43.3,48.1,0.923
299,-1,1564.1,525.0,28.9,98.3,0.919
299,-1,1117.4,516.0,21.3,51.4,0.910
299,-1,1359.4,536.9,43.1,130.2,0.868
299,-1,1255.9,528.7,27.8,75.4,0.862
299,-1,1282.3,528.5,27.4,82.9,0.814
299,-1,846.7,471.1,13.4,21.9,0.728
299,-1,1326.7,538.7,34.4,92.9,0.681
299,-1,1271.5,523.8,22.0,80.7,0.606
299,-1,1391.7,552.4,28.2,63.2,0.500
299,-1,1397.6,594.4,32.8,70.3,0.493
299,-1,1320.6,534.1,24.7,91.5,0.483
299,-1,1191.7,515.8,24.4,44.9,0.480
299,-1,1294.2,532.2,24.8,87.8,0.472
299,-1,844.9,473.2,15.0,37.1,0.403
299,-1,674.4,504.9,19.3,61.7,0.394
299,-1,1342.2,536.6,23.9,73.4,0.367
299,-1,1238.1,523.0,23.8,61.6,0.306
299,-1,1149.1,505.0,18.5,58.3,0.250
299,-1,1201.7,508.8,15.2,33.4,0.228
299,-1,1573.5,526.6,29.3,99.4,0.224
299,-1,722.9,487.5,11.2,21.7,0.224
299,-1,1163.2,664.9,43.9,48.0,0.195
299,-1,1302.1,529.8,26.8,92.9,0.185
299,-1,786.9,491.5,11.0,25.3,0.184
299,-1,1176.5,503.8,13.8,45.9,0.182
299,-1,801.4,483.9,11.7,35.4,0.174
299,-1,685.2,502.1,16.5,63.5,0.166
299,-1,1156.4,502.6,15.5,54.5,0.162
299,-1,923.9,497.4,11.1,18.6,0.156
299,-1,624.5,489.6,41.7,87.6,0.143
299,-1,945.0,477.4,9.0,29.0,0.143
299,-1,797.7,486.3,11.5,30.8,0.132
299,-1,1201.5,514.9,24.9,45.4,0.123
299,-1,1350.6,534.8,39.9,99.0,0.120
299,-1,1241.6,499.9,18.4,35.8,0.115
299,-1,1210.7,508.1,15.0,26.7,0.107
299,-1,869.4,478.1,10.4,24.1,0.096
299,-1,1388.4,551.7,26.8,107.7,0.082
299,-1,1183.1,507.8,16.7,49.9,0.078
299,-1,780.2,489.7,11.9,24.7,0.077
299,-1,1322.8,532.8,23.2,45.7,0.071
299,-1,1166.6,505.4,14.9,44.3,0.065
299,-1,253.1,611.8,25.3,58.2,0.057
299,-1,772.9,492.3,11.2,21.4,0.050
300,-1,45.7,626.8,35.8,119.4,0.986
300,-1,219.1,618.1,46.0,123.7,0.985
300,-1,69.5,627.6,34.6,112.4,0.970
300,-1,1397.2,555.0,41.6,114.9,0.961
300,-1,1573.1,526.2,30.3,102.0,0.937
300,-1,244.3,613.6,39.3,120.8,0.928
300,-1,1121.7,516.7,21.4,51.5,0.916
300,-1,1210.2,530.3,43.2,46.0,0.908
300,-1,1287.0,529.9,30.0,84.7,0.904
300,-1,1361.9,543.9,36.4,96.0,0.866
300,-1,1261.8,527.7,26.7,71.1,0.747
300,-1,1348.3,531.1,24.4,69.0,0.713
300,-1,1313.6,523.0,37.1,100.9,0.679
300,-1,1373.9,534.7,25.5,85.0,0.652
300,-1,1196.4,523.1,25.5,39.3,0.579
300,-1,1276.2,522.2,20.4,33.8,0.543
300,-1,852.1,470.5,11.9,23.7,0.494
300,-1,1326.6,526.4,23.7,58.8,0.492
300,-1,1271.4,524.1,25.0,78.2,0.461
300,-1,678.2,500.0,21.0,67.5,0.448
300,-1,1348.9,538.2,31.6,88.1,0.388
300,-1,792.3,490.0,10.4,27.4,0.366
300,-1,1189.9,662.7,36.8,46.0,0.327
300,-1,805.8,485.9,9.6,28.7,0.326
300,-1,1182.1,502.4,14.6,47.8,0.310
300,-1,1244.5,528.7,22.7,55.5,0.279
300,-1,848.8,475.7,16.3,33.9,0.255
300,-1,1329.4,543.8,22.0,81.8,0.244
300,-1,1343.1,573.7,24.0,54.4,0.231
300,-1,1348.9,529.6,20.9,27.1,0.223
300,-1,1336.4,541.4,30.7,85.7,0.200
300,-1,725.4,488.1,12.7,21.6,0.187
300,-1,1214.1,506.5,16.9,28.9,0.145
300,-1,1303.7,530.6,21.5,87.0,0.136
300,-1,689.9,502.6,14.4,63.2,0.125
300,-1,797.8,489.9,10.5,27.6,0.123
300,-1,1167.5,504.8,15.9,44.6,0.110
300,-1,1205.0,508.9,15.8,31.6,0.103
300,-1,1194.0,507.7,18.1,42.6,0.080
300,-1,1190.3,511.7,16.9,48.0,0.076
300,-1,927.7,498.8,9.5,18.9,0.076
300,-1,252.4,614.5,28.1,80.4,0.071
300,-1,1202.2,511.1,22.5,45.2,0.070
300,-1,787.1,490.8,10.2,24.1,0.060
300,-1,774.2,492.9,12.8,20.5,0.060
300,-1,740.3,535.1,19.2,33.4,0.056
301,-1,218.7,619.2,45.0,124.0,0.975
301,-1,69.4,628.6,34.4,112.7,0.971
301,-1,46.1,627.1,34.6,118.7,0.970
301,-1,1578.8,526.5,31.0,100.8,0.963
301,-1,1401.1,553.3,52.0,119.6,0.953
301,-1,1221.2,529.5,39.1,45.1,0.924
301,-1,1126.4,519.4,20.6,51.7,0.919
301,-1,242.3,615.7,40.9,121.0,0.914
301,-1,1292.3,531.2,30.4,83.9,0.901
301,-1,1353.3,530.9,28.0,94.5,0.884
301,-1,1266.0,529.9,28.2,69.2,0.820
301,-1,1366.9,541.5,36.1,89.5,0.805
301,-1,855.0,471.0,13.9,22.7,0.774
301,-1,1328.1,524.1,27.5,95.1,0.758
301,-1,1202.2,514.5,25.1,49.1,0.664
301,-1,1281.6,521.9,20.8,40.5,0.482
301,-1,931.9,499.4,8.9,18.3,0.413
301,-1,1186.5,503.7,15.1,45.1,0.402
301,-1,1284.6,526.5,22.3,81.1,0.380
301,-1,1384.0,536.9,23.5,71.7,0.337
301,-1,1305.7,532.3,25.2,86.6,0.312
301,-1,1199.4,508.5,18.0,51.8,0.283
301,-1,810.1,482.5,11.3,33.6,0.278
301,-1,1213.1,508.7,14.1,29.6,0.263
301,-1,1247.4,529.4,24.7,54.5,0.246
301,-1,1253.4,495.7,17.4,29.3,0.237
301,-1,1331.4,525.7,23.2,54.4,0.211
301,-1,1169.6,504.5,14.4,45.0,0.204
301,-1,1218.8,509.1,17.6,28.3,0.146
301,-1,797.8,492.5,9.9,27.0,0.137
301,-1,1203.6,508.6,18.1,31.4,0.117
301,-1,1637.7,526.2,16.3,69.7,0.112
301,-1,1230.3,509.3,16.2,24.6,0.108
301,-1,1593.5,530.6,29.8,94.8,0.100
301,-1,253.9,612.1,27.2,68.5,0.093
301,-1,1225.5,518.3,27.2,48.8,0.080
301,-1,692.6,509.7,14.7,57.6,0.080
301,-1,1250.1,508.9,18.9,40.9,0.078
301,-1,1197.6,507.5,15.4,36.0,0.067
301,-1,1372.4,543.8,45.6,114.4,0.063
301,-1,1606.9,545.3,19.0,81.9,0.053
302,-1,45.1,630.2,39.7,117.6,0.985
302,-1,1409.6,551.0,45.9,122.3,0.967
302,-1,239.2,614.2,48.9,125.2,0.967
302,-1,69.8,628.9,33.6,112.1,0.966
302,-1,1367.6,543.5,41.1,83.3,0.963
302,-1,221.0,619.0,41.8,124.1,0.960
302,-1,1587.5,527.1,28.8,101.1,0.959
302,-1,1129.9,516.2,22.6,53.5,0.923
302,-1,1221.2,533.7,35.6,35.0,0.879
302,-1,1297.2,532.6,32.1,80.9,0.865
302,-1,859.8,470.7,13.0,22.4,0.817
302,-1,1271.8,531.1,27.6,66.2,0.590
302,-1,1192.2,502.3,15.3,44.6,0.553
302,-1,1286.2,526.1,22.4,71.6,0.546
302,-1,1207.3,524.1,24.4,39.5,0.527
302,-1,934.0,496.7,12.6,21.5,0.479
302,-1,1287.0,524.1,20.7,34.3,0.467
302,-1,1176.3,504.2,14.3,45.0,0.453
302,-1,1392.6,543.5,22.1,59.1,0.444
302,-1,1402.9,552.5,37.9,82.3,0.396
302,-1,1218.1,508.7,14.8,29.5,0.372
302,-1,1205.6,508.2,17.9,47.3,0.361
302,-1,1291.8,528.3,25.4,79.5,0.356
302,-1,1358.1,531.7,25.5,67.2,0.354
302,-1,1251.6,531.4,25.2,51.4,0.320
302,-1,1040.5,500.1,11.6,24.9,0.285
302,-1,1315.7,531.6,24.6,88.8,0.277
302,-1,1223.8,508.9,16.6,28.9,0.235
302,-1,1213.4,526.5,35.3,38.4,0.226
302,-1,1338.6,527.3,23.5,90.9,0.206
302,-1,731.7,485.9,11.7,23.8,0.205
302,-1,1259.3,502.8,16.6,27.3,0.204
302,-1,1212.1,508.1,16.3,31.1,0.179
302,-1,1597.8,527.6,34.1,103.1,0.178
302,-1,1341.9,527.9,19.7,44.2,0.174
302,-1,1324.6,531.3,26.5,87.4,0.172
302,-1,801.0,490.8,9.5,28.8,0.160
302,-1,814.2,483.1,11.1,34.2,0.149
302,-1,690.8,532.9,14.1,33.6,0.137
302,-1,1212.2,518.2,53.3,70.0,0.127
302,-1,1235.9,509.5,14.5,25.4,0.105
302,-1,1356.7,533.0,40.1,88.4,0.101
302,-1,1216.5,510.6,21.0,41.5,0.096
302,-1,805.2,487.3,10.2,29.7,0.082
302,-1,1613.8,536.0,20.4,91.1,0.078
302,-1,1230.1,509.9,17.3,29.4,0.076
302,-1,1254.4,521.8,42.7,72.9,0.074
302,-1,809.7,487.2,10.0,30.9,0.071
302,-1,1247.7,525.7,18.9,42.3,0.066
302,-1,1257.7,506.9,19.0,37.3,0.064
302,-1,1233.9,513.6,19.6,36.2,0.061
302,-1,1258.2,518.6,21.1,38.6,0.054
303,-1,46.4,631.5,39.9,120.3,0.982
303,-1,220.6,620.7,37.5,129.3,0.979
303,-1,70.7,635.7,34.0,110.6,0.961
303,-1,244.7,617.8,42.9,124.3,0.950
303,-1,1417.3,555.8,44.2,85.5,0.899
303,-1,1133.7,518.1,22.5,51.7,0.886
303,-1,1595.7,529.1,30.3,101.8,0.886
303,-1,1371.5,537.8,34.5,82.8,0.839
303,-1,1301.1,533.1,31.5,78.5,0.830
303,-1,1222.3,533.2,36.7,35.7,0.785
303,-1,1396.9,539.3,24.0,80.4,0.652
303,-1,862.0,472.1,13.3,22.4,0.612
303,-1,1209.5,520.3,34.8,45.4,0.528
303,-1,1273.2,528.1,29.1,67.2,0.458
303,-1,1293.1,524.2,19.2,33.0,0.416
303,-1,1324.7,520.3,38.7,101.9,0.390
303,-1,1292.4,525.5,20.4,70.0,0.372
303,-1,1198.2,506.3,13.7,42.9,0.360
303,-1,1219.9,516.8,50.8,58.2,0.348
303,-1,1312.0,525.8,33.5,95.5,0.319
303,-1,1332.1,525.6,26.6,58.3,0.253
303,-1,1179.8,508.3,12.7,44.9,0.229
303,-1,1369.3,531.4,20.1,37.2,0.224
303,-1,1254.7,514.1,49.2,87.4,0.223
303,-1,1223.0,510.7,18.5,28.9,0.208
303,-1,1209.1,512.2,19.0,48.5,0.185
303,-1,1398.1,548.7,41.9,81.6,0.174
303,-1,1256.7,524.5,31.2,62.6,0.166
303,-1,938.3,499.8,10.7,21.6,0.156
303,-1,1606.9,528.9,30.9,102.1,0.144
303,-1,1363.7,532.0,24.8,68.2,0.139
303,-1,1183.7,510.4,14.5,40.3,0.131
303,-1,1260.0,496.7,20.0,36.4,0.117
303,-1,1208.8,508.9,14.4,34.3,0.112
303,-1,802.7,492.1,11.8,28.9,0.109
303,-1,1652.2,531.0,16.8,65.9,0.097
303,-1,1214.4,510.0,14.6,31.1,0.092
303,-1,816.7,486.8,10.7,33.1,0.085
303,-1,1229.9,511.0,19.2,27.6,0.076
303,-1,808.5,490.3,10.2,29.8,0.076
303,-1,1226.9,521.7,65.6,72.9,0.068
303,-1,1346.0,525.8,18.3,44.6,0.063
303,-1,1412.9,545.0,71.4,150.4,0.058
303,-1,1203.8,507.7,14.8,45.2,0.058
303,-1,1251.9,522.7,24.8,48.4,0.057
303,-1,1341.6,528.4,43.7,93.6,0.053
303,-1,1248.1,510.0,19.3,24.5,0.052
303,-1,1255.6,512.9,24.8,41.3,0.051
304,-1,219.6,619.8,39.0,129.8,0.986
304,-1,46.3,629.3,38.9,121.8,0.972
304,-1,254.6,615.5,32.7,120.1,0.971
304,-1,70.2,631.8,32.9,112.3,0.964
304,-1,1427.0,560.4,43.4,75.7,0.955
304,-1,1603.5,533.9,30.3,105.4,0.955
304,-1,1139.5,522.4,21.8,50.6,0.949
304,-1,1378.0,539.9,33.3,83.3,0.934
304,-1,1305.9,536.5,36.4,82.4,0.901
304,-1,239.9,622.8,39.2,123.2,0.826
304,-1,1405.9,548.5,23.1,74.8,0.740
304,-1,1229.0,538.6,36.8,34.2,0.732
304,-1,1623.9,535.7,24.7,103.0,0.601
304,-1,866.5,475.5,12.4,24.3,0.596
304,-1,1299.2,531.7,18.6,30.0,0.567
304,-1,1282.4,540.6,27.4,57.5,0.553
304,-1,1217.2,518.8,20.1,48.5,0.465
304,-1,1219.5,522.8,51.5,51.5,0.418
304,-1,1431.9,591.9,38.0,43.0,0.397
304,-1,1204.1,507.9,13.8,45.8,0.390
304,-1,1298.4,532.7,20.7,67.4,0.359
304,-1,868.6,474.2,14.0,17.6,0.340
304,-1,1324.9,536.2,37.2,91.6,0.326
304,-1,1219.6,530.5,30.4,39.1,0.326
304,-1,1187.7,512.5,14.3,41.7,0.283
304,-1,1216.3,514.7,15.4,39.1,0.267
304,-1,1262.0,541.9,25.9,44.5,0.262
304,-1,1230.0,514.6,13.5,27.0,0.164
304,-1,943.6,502.7,10.6,19.3,0.156
304,-1,823.6,483.7,11.5,41.5,0.153
304,-1,809.0,493.4,12.6,31.7,0.148
304,-1,1235.2,515.2,16.9,25.2,0.145
304,-1,1410.8,557.9,34.0,71.5,0.128
304,-1,1262.5,528.7,44.4,69.5,0.127
304,-1,1355.0,534.5,17.8,42.1,0.125
304,-1,1222.3,513.4,15.3,29.8,0.107
304,-1,1268.6,505.3,19.0,30.3,0.093
304,-1,1272.1,495.5,15.2,26.0,0.089
304,-1,1260.0,535.2,19.7,40.2,0.088
304,-1,1394.3,652.5,59.3,67.2,0.086
304,-1,1662.4,531.5,16.9,79.0,0.070
304,-1,1263.7,527.4,23.4,39.6,0.058
304,-1,1192.7,513.8,16.5,41.3,0.051
305,-1,220.9,626.5,38.4,129.5,0.989
305,-1,69.8,640.3,34.2,111.4,0.975
305,-1,45.3,636.6,36.4,120.5,0.973
305,-1,256.2,624.0,30.7,115.8,0.965
305,-1,1610.2,533.4,32.1,104.7,0.957
305,-1,1142.8,523.2,21.6,52.1,0.933
305,-1,1430.8,562.8,44.6,69.3,0.929
305,-1,240.9,629.7,35.1,120.7,0.904
305,-1,1383.3,539.3,32.4,86.0,0.901
305,-1,1310.1,538.6,32.0,76.5,0.879
305,-1,1410.3,546.0,26.2,78.2,0.857
305,-1,870.4,478.8,11.4,20.1,0.603
305,-1,1339.0,532.1,40.3,98.5,0.542
305,-1,1304.3,530.6,18.2,44.2,0.526
305,-1,1442.3,588.2,33.9,44.5,0.409
305,-1,1286.4,539.6,26.4,56.3,0.381
305,-1,1235.2,516.0,20.3,27.7,0.305
305,-1,998.9,505.1,10.1,22.9,0.284
305,-1,1632.4,535.7,22.9,103.2,0.283
305,-1,1234.6,540.5,34.4,33.3,0.282
305,-1,824.1,491.4,12.0,34.4,0.233
305,-1,1053.6,507.5,9.8,24.9,0.231
305,-1,1208.0,510.3,13.7,42.9,0.230
305,-1,1270.3,500.4,21.5,40.8,0.218
305,-1,1265.0,523.5,28.2,52.6,0.216
305,-1,1191.7,514.6,13.6,40.6,0.211
305,-1,1414.4,554.3,44.2,75.3,0.194
305,-1,1228.6,517.1,60.8,62.0,0.183
305,-1,1219.5,514.4,15.3,34.8,0.147
305,-1,819.6,494.0,11.5,31.0,0.144
305,-1,1267.3,516.8,43.7,79.1,0.130
305,-1,945.8,504.8,10.8,20.0,0.130
305,-1,1196.5,513.4,15.0,41.4,0.129
305,-1,1319.7,533.8,41.1,90.5,0.110
305,-1,1340.1,551.0,23.7,77.1,0.110
305,-1,1220.2,519.2,16.6,47.4,0.086
305,-1,1243.7,516.1,18.5,27.2,0.085
305,-1,1271.0,512.7,22.9,44.0,0.080
305,-1,812.7,497.7,11.3,27.7,0.077
305,-1,1228.7,515.9,14.6,29.6,0.077
305,-1,1010.4,503.9,13.3,23.9,0.076
305,-1,1256.0,515.8,20.4,28.9,0.076
305,-1,1230.1,517.2,22.7,43.1,0.072
305,-1,1006.2,506.8,8.9,19.7,0.071
305,-1,1355.9,540.4,28.0,88.8,0.070
305,-1,1226.0,535.2,23.6,35.1,0.066
305,-1,1224.3,515.8,14.4,31.2,0.064
305,-1,1202.7,513.2,14.9,41.8,0.064
305,-1,1230.5,530.6,78.4,64.5,0.058
305,-1,1212.3,513.3,15.0,39.6,0.054
306,-1,227.0,624.2,45.0,128.0,0.989
306,-1,44.7,634.8,38.7,120.7,0.985
306,-1,66.3,634.4,38.5,117.9,0.984
306,-1,1148.7,527.5,21.0,51.3,0.966
306,-1,1620.3,540.3,32.4,106.0,0.959
306,-1,1436.9,569.1,43.1,65.2,0.957
306,-1,257.5,621.3,30.0,116.3,0.941
306,-1,1413.3,550.8,29.7,76.8,0.892
306,-1,1314.8,542.1,31.2,77.3,0.884
306,-1,1231.3,528.8,45.5,49.1,0.819
306,-1,1389.8,546.1,31.4,81.4,0.816
306,-1,1340.6,547.1,29.3,87.9,0.640
306,-1,1347.2,540.1,37.8,96.2,0.623
306,-1,1056.1,510.4,13.1,24.3,0.529
306,-1,1309.0,537.1,18.9,52.5,0.407
306,-1,1399.9,550.5,35.5,81.5,0.366
306,-1,1637.6,544.8,26.5,100.2,0.362
306,-1,1241.3,519.6,20.7,27.9,0.335
306,-1,1214.4,515.7,14.2,43.6,0.319
306,-1,1277.1,503.2,21.8,38.8,0.316
306,-1,1006.2,507.7,10.5,20.9,0.304
306,-1,1293.8,540.6,25.0,58.1,0.301
306,-1,1455.3,571.2,33.6,65.2,0.286
306,-1,1271.4,527.1,29.7,60.3,0.259
306,-1,1421.6,562.9,41.6,69.6,0.231
306,-1,1273.8,528.0,43.7,72.6,0.181
306,-1,816.4,499.9,10.5,28.9,0.177
306,-1,1227.7,523.9,22.7,49.0,0.175
306,-1,1460.6,601.2,23.6,36.9,0.169
306,-1,875.1,480.8,10.5,19.6,0.139
306,-1,1281.9,500.5,16.2,24.7,0.137
306,-1,828.9,496.3,9.7,32.3,0.122
306,-1,1198.2,521.2,14.3,38.5,0.118
306,-1,1677.2,538.3,17.6,65.7,0.116
306,-1,1367.4,545.0,37.3,88.4,0.112
306,-1,833.8,495.7,9.4,33.7,0.110
306,-1,1019.3,506.3,10.1,19.1,0.104
306,-1,1273.3,518.1,25.6,41.7,0.102
306,-1,949.3,506.1,12.0,20.9,0.094
306,-1,820.4,499.8,9.3,28.9,0.092
306,-1,1313.7,669.4,49.2,56.3,0.073
306,-1,1431.8,660.4,65.1,63.6,0.068
306,-1,1253.5,518.3,53.4,72.0,0.065
306,-1,1374.4,558.6,22.8,71.4,0.064
306,-1,812.0,499.2,10.7,26.4,0.057
306,-1,1395.8,666.8,56.2,64.8,0.052
307,-1,229.1,625.3,40.4,132.1,0.992
307,-1,261.4,619.4,27.6,120.3,0.984
307,-1,41.4,634.9,37.2,123.9,0.983
307,-1,68.9,636.7,35.5,116.8,0.970
307,-1,1627.8,541.8,34.0,105.2,0.939
307,-1,1438.9,570.6,47.2,61.8,0.936
307,-1,1231.9,525.4,47.9,52.4,0.901
307,-1,1152.2,526.8,22.0,51.3,0.882
307,-1,1414.9,552.3,30.5,81.9,0.848
307,-1,1342.2,580.5,31.5,54.9,0.834
307,-1,1319.0,543.0,28.6,64.7,0.810
307,-1,1387.4,555.7,35.7,77.0,0.726
307,-1,1339.9,530.2,29.9,62.4,0.534
307,-1,1339.7,542.4,39.2,91.1,0.531
307,-1,1648.3,544.7,22.0,101.3,0.436
307,-1,875.9,488.8,13.9,39.6,0.399
307,-1,1422.1,551.5,24.1,46.3,0.392
307,-1,1314.9,536.0,18.3,52.9,0.368
307,-1,877.3,479.3,13.2,20.4,0.368
307,-1,1062.2,509.9,10.3,25.3,0.360
307,-1,1187.3,526.4,17.4,60.1,0.341
307,-1,1274.3,526.8,30.7,53.6,0.302
307,-1,1434.2,570.8,27.0,60.5,0.284
307,-1,1282.5,512.4,20.3,26.6,0.283
307,-1,953.5,506.2,10.4,20.5,0.276
307,-1,1218.5,516.9,16.4,58.9,0.254
307,-1,1075.6,507.9,11.5,30.6,0.245
307,-1,1324.4,527.3,43.9,85.6,0.229
307,-1,1295.4,541.2,27.1,55.6,0.222
307,-1,1242.3,519.8,22.5,29.7,0.181
307,-1,238.5,621.0,51.8,127.8,0.179
307,-1,834.7,492.1,10.7,35.9,0.172
307,-1,1200.1,518.8,14.6,42.3,0.150
307,-1,1326.9,668.8,53.8,58.3,0.148
307,-1,1276.1,523.8,42.1,71.6,0.126
307,-1,1269.5,519.7,21.1,25.3,0.122
307,-1,1356.8,544.6,42.8,89.5,0.117
307,-1,701.5,538.3,13.0,35.8,0.093
307,-1,1377.5,561.3,29.0,73.0,0.088
307,-1,1416.9,667.0,59.0,63.8,0.085
307,-1,820.3,500.2,10.3,27.8,0.084
307,-1,1281.1,517.8,23.6,35.5,0.081
307,-1,1225.0,518.3,17.4,45.9,0.075
307,-1,1208.2,517.8,14.7,43.4,0.073
307,-1,1403.3,550.3,24.8,48.0,0.070
307,-1,1260.9,519.2,16.6,28.5,0.060
307,-1,1454.9,584.4,31.7,45.5,0.060
307,-1,823.3,498.3,10.6,28.7,0.056
308,-1,229.2,627.0,41.3,135.8,0.995
308,-1,42.5,638.4,41.9,125.6,0.985
308,-1,261.1,627.5,29.0,117.6,0.972
308,-1,1634.7,541.5,44.0,106.7,0.968
308,-1,66.5,642.5,41.8,116.4,0.965
308,-1,1235.5,524.4,47.8,54.8,0.897
308,-1,1444.6,571.0,39.8,61.2,0.883
308,-1,1155.5,526.8,21.7,51.3,0.814
308,-1,1324.2,542.1,27.0,66.1,0.749
308,-1,1393.3,558.1,31.4,74.7,0.728
308,-1,1421.6,549.9,29.1,77.7,0.701
308,-1,1344.8,585.3,38.9,52.7,0.650
308,-1,1656.7,543.7,22.4,100.5,0.528
308,-1,1345.2,549.7,45.5,87.8,0.491
308,-1,1193.4,523.0,16.7,64.4,0.412
308,-1,879.7,496.6,12.7,35.2,0.355
308,-1,1231.2,520.7,23.6,58.7,0.332
308,-1,1286.7,511.7,21.3,26.8,0.310
308,-1,1302.5,538.8,23.8,49.5,0.280
308,-1,1320.1,535.4,19.0,53.0,0.269
308,-1,1222.7,515.9,16.6,60.8,0.256
308,-1,1335.9,534.8,36.5,75.6,0.248
308,-1,1345.3,531.8,28.8,54.8,0.237
308,-1,1081.2,510.3,11.5,29.8,0.204
308,-1,823.0,501.3,10.2,27.2,0.185
308,-1,1249.5,520.2,23.6,31.2,0.185
308,-1,1010.4,508.8,9.7,21.4,0.176
308,-1,1205.3,518.3,15.2,46.1,0.170
308,-1,1438.3,565.1,27.9,67.7,0.168
308,-1,881.0,481.0,12.3,23.6,0.167
308,-1,1282.9,533.6,42.3,62.4,0.167
308,-1,1377.7,546.3,37.2,87.7,0.166
308,-1,1693.1,541.5,15.5,68.6,0.153
308,-1,1279.7,529.1,30.9,48.3,0.148
308,-1,1256.7,525.0,29.4,51.5,0.145
308,-1,880.4,483.0,12.4,38.7,0.114
308,-1,1441.5,665.6,59.4,62.9,0.108
308,-1,1284.1,524.6,27.1,33.7,0.096
308,-1,956.3,508.4,11.2,19.6,0.093
308,-1,826.5,500.2,10.0,27.8,0.093
308,-1,1223.3,514.4,12.4,30.4,0.091
308,-1,1239.4,518.9,18.8,32.8,0.089
308,-1,1310.9,537.5,20.0,56.4,0.088
308,-1,1370.5,547.5,25.7,83.3,0.079
308,-1,1409.1,550.0,23.7,59.5,0.075
308,-1,1361.4,547.4,25.3,77.9,0.074
308,-1,1263.0,519.6,19.1,28.7,0.073
308,-1,834.8,496.9,10.1,34.2,0.072
308,-1,1274.7,519.4,22.3,26.4,0.066
308,-1,1213.4,519.3,14.7,45.1,0.062
308,-1,1291.8,500.4,15.9,25.5,0.062
308,-1,1277.5,533.2,19.3,43.0,0.057
309,-1,229.3,626.1,42.5,136.1,0.996
309,-1,41.0,638.3,40.2,123.4,0.985
309,-1,66.1,640.8,40.6,117.7,0.974
309,-1,1644.4,540.6,31.9,108.5,0.969
309,-1,259.7,625.6,32.0,121.4,0.964
309,-1,1446.9,573.8,54.6,61.4,0.919
309,-1,1330.2,544.1,33.2,66.7,0.869
309,-1,1160.8,526.8,22.6,51.1,0.843
309,-1,1349.7,579.1,39.0,63.6,0.835
309,-1,1240.9,525.9,43.6,54.4,0.805
309,-1,1446.9,571.5,24.9,61.3,0.764
309,-1,1197.3,523.2,18.8,66.9,0.758
309,-1,1426.6,553.1,30.6,75.4,0.687
309,-1,1284.3,541.8,32.7,40.6,0.562
309,-1,1664.5,545.2,23.8,103.7,0.554
309,-1,1238.3,521.4,19.7,55.3,0.491
309,-1,1408.1,554.0,29.7,79.6,0.466
309,-1,1307.2,544.6,24.3,46.8,0.292
309,-1,1228.8,517.1,16.0,47.4,0.284
309,-1,1253.2,521.0,21.0,29.4,0.266
309,-1,884.8,482.4,12.6,47.8,0.252
309,-1,1351.7,537.2,32.7,63.0,0.239
309,-1,1293.3,516.7,20.8,25.0,0.229
309,-1,885.0,481.6,11.3,23.1,0.201
309,-1,827.4,499.8,10.2,26.7,0.199
309,-1,1326.5,540.9,20.9,51.0,0.191
309,-1,1278.5,521.7,22.5,28.5,0.186
309,-1,1325.3,538.3,17.0,38.2,0.175
309,-1,1295.1,541.6,32.0,46.5,0.173
309,-1,1209.8,519.9,17.7,45.2,0.158
309,-1,1236.7,519.3,16.6,39.4,0.152
309,-1,1288.9,527.9,27.2,35.8,0.150
309,-1,1270.2,521.9,20.6,29.1,0.137
309,-1,1352.4,534.5,23.4,38.9,0.135
309,-1,1283.3,529.2,45.9,65.9,0.116
309,-1,1360.2,546.6,29.5,65.5,0.111
309,-1,1398.2,562.9,26.7,71.2,0.111
309,-1,1217.4,521.4,16.6,44.1,0.094
309,-1,959.9,507.6,12.1,19.7,0.086
309,-1,1247.3,524.5,62.0,60.4,0.072
309,-1,1373.2,670.2,53.7,58.5,0.066
309,-1,1462.1,671.1,45.5,56.4,0.063
309,-1,261.6,623.2,26.0,60.6,0.057
309,-1,1317.5,538.9,18.5,43.1,0.057
309,-1,263.7,622.3,21.0,33.3,0.050
310,-1,229.2,628.4,41.5,135.3,0.997
310,-1,38.3,640.8,36.5,124.3,0.991
310,-1,261.2,627.4,30.0,123.9,0.982
310,-1,65.5,643.9,40.5,117.6,0.978
310,-1,1651.3,541.8,35.6,110.2,0.952
310,-1,1469.9,575.4,38.0,58.5,0.919
310,-1,1667.5,544.4,30.7,105.8,0.899
310,-1,1164.5,529.9,22.1,48.9,0.819
310,-1,1458.8,573.3,34.5,62.6,0.799
310,-1,1333.0,542.4,30.2,60.1,0.779
310,-1,1259.4,545.2,34.4,34.7,0.740
310,-1,1430.4,553.0,33.2,81.8,0.684
310,-1,1250.0,520.8,31.8,57.0,0.629
310,-1,1366.2,591.4,33.2,50.4,0.588
310,-1,1257.0,521.9,23.1,32.4,0.574
310,-1,1353.9,539.6,40.7,98.8,0.525
310,-1,1287.2,548.5,30.6,32.6,0.486
310,-1,1231.2,519.7,17.0,60.1,0.348
310,-1,1356.7,533.5,21.5,38.1,0.320
310,-1,1311.2,544.1,27.3,48.4,0.307
310,-1,1212.7,521.8,15.1,43.1,0.296
310,-1,1447.6,568.1,31.4,67.9,0.281
310,-1,1415.0,555.4,39.6,80.5,0.277
310,-1,1241.7,522.0,19.1,52.6,0.268
310,-1,1377.3,677.5,38.3,35.9,0.265
310,-1,1202.6,525.1,17.1,65.9,0.263
310,-1,964.2,508.1,9.5,19.8,0.226
310,-1,1678.4,546.9,17.2,84.9,0.225
310,-1,1368.1,536.8,25.1,53.3,0.210
310,-1,830.6,501.1,9.5,29.0,0.200
310,-1,833.8,499.5,9.4,27.0,0.181
310,-1,1293.2,542.4,40.4,49.2,0.180
310,-1,888.9,481.4,12.1,23.1,0.178
310,-1,1247.1,532.8,23.9,46.2,0.173
310,-1,1282.8,521.4,21.2,27.9,0.172
310,-1,1399.4,554.8,42.4,81.7,0.159
310,-1,1328.8,537.1,18.9,39.3,0.157
310,-1,1339.2,675.2,74.2,49.9,0.152
310,-1,1252.7,521.2,17.3,29.1,0.152
310,-1,1297.7,515.3,20.9,26.0,0.151
310,-1,1433.0,555.1,28.3,48.1,0.129
310,-1,1353.9,534.5,30.7,56.3,0.127
310,-1,1277.4,521.4,18.2,33.3,0.101
310,-1,1292.9,523.4,27.7,34.9,0.097
310,-1,1258.8,525.6,65.2,60.0,0.091
310,-1,262.6,623.4,24.9,48.0,0.087
310,-1,1227.3,518.3,14.9,43.8,0.083
310,-1,1335.5,540.4,44.9,100.7,0.083
310,-1,1221.7,521.4,15.9,45.3,0.082
310,-1,1270.8,521.1,19.2,29.6,0.062
310,-1,1304.1,540.4,45.5,62.7,0.062
310,-1,888.2,484.0,12.8,46.2,0.059
310,-1,1390.4,670.2,58.9,58.0,0.056
311,-1,229.1,631.4,41.4,134.5,0.989
311,-1,40.3,642.5,41.1,127.6,0.986
311,-1,261.3,629.2,29.9,123.9,0.983
311,-1,1659.3,541.9,32.5,111.0,0.974
311,-1,64.1,650.0,44.0,115.7,0.974
311,-1,1467.7,576.5,43.5,59.8,0.942
311,-1,1168.6,529.1,22.2,48.2,0.919
311,-1,244.5,636.5,37.3,121.6,0.918
311,-1,1439.9,553.5,29.7,82.6,0.892
311,-1,1424.4,546.0,23.2,90.6,0.830
311,-1,1358.0,533.4,38.0,113.7,0.764
311,-1,1371.9,592.1,32.4,57.0,0.740
311,-1,890.7,495.3,13.5,36.7,0.724
311,-1,1459.1,573.4,25.8,62.6,0.706
311,-1,1256.4,522.1,35.3,59.0,0.606
311,-1,1206.5,524.8,18.6,66.6,0.530
311,-1,1370.7,534.9,26.5,59.7,0.464
311,-1,1245.9,519.7,19.8,60.7,0.440
311,-1,1091.5,512.0,12.5,29.9,0.426
311,-1,1238.0,516.7,15.5,44.1,0.416
311,-1,1358.3,533.7,30.9,56.0,0.408
311,-1,1293.7,541.0,27.9,39.2,0.408
311,-1,1337.1,543.2,26.6,61.9,0.396
311,-1,1681.2,548.1,20.6,98.0,0.364
311,-1,1262.6,520.8,21.3,32.8,0.342
311,-1,965.9,508.2,11.4,19.4,0.308
311,-1,1239.5,517.5,18.7,63.7,0.294
311,-1,1075.4,513.6,18.2,28.0,0.245
311,-1,223.3,636.7,29.7,126.4,0.221
311,-1,1222.2,521.4,16.9,45.6,0.220
311,-1,832.6,500.8,10.2,28.4,0.196
311,-1,891.9,479.8,13.2,23.2,0.175
311,-1,835.9,501.3,8.8,22.1,0.143
311,-1,1094.3,510.4,15.7,32.0,0.137
311,-1,1243.7,516.2,37.1,66.9,0.130
311,-1,1332.4,537.4,19.3,59.0,0.123
311,-1,1320.3,541.4,24.1,50.5,0.107
311,-1,1300.6,540.0,40.7,53.0,0.099
311,-1,1410.6,560.5,22.7,77.3,0.097
311,-1,1282.7,521.9,20.1,29.4,0.084
311,-1,1303.0,517.0,21.0,26.0,0.081
311,-1,1294.0,522.4,22.0,27.7,0.080
311,-1,1214.5,520.6,16.9,52.8,0.080
311,-1,838.0,500.3,9.9,27.2,0.077
311,-1,1298.5,523.2,26.4,30.9,0.070
311,-1,1227.8,520.3,17.5,47.7,0.065
311,-1,662.5,504.8,39.2,82.4,0.055
312,-1,229.0,630.3,41.5,135.8,0.992
312,-1,37.8,641.5,39.3,124.8,0.990
312,-1,261.7,628.0,29.2,124.8,0.983
312,-1,1664.9,543.0,32.8,108.9,0.968
312,-1,61.2,641.8,39.3,121.5,0.967
312,-1,1172.9,529.8,21.1,47.7,0.935
312,-1,1373.2,589.7,39.2,85.3,0.927
312,-1,245.7,633.1,38.8,123.7,0.912
312,-1,1475.5,575.0,43.8,62.2,0.899
312,-1,1463.3,574.6,30.3,62.9,0.836
312,-1,1446.2,554.2,27.1,77.7,0.819
312,-1,1257.4,526.8,45.0,54.5,0.730
312,-1,1209.7,523.8,18.0,65.3,0.717
312,-1,1431.8,547.3,23.5,82.4,0.700
312,-1,1342.0,542.3,34.0,59.8,0.651
312,-1,1377.8,536.8,25.5,56.6,0.628
312,-1,1679.8,545.5,32.1,106.8,0.614
312,-1,1360.2,583.2,38.0,97.1,0.612
312,-1,1249.7,519.2,20.5,61.4,0.487
312,-1,1366.6,535.6,21.2,37.9,0.462
312,-1,1367.4,534.2,28.9,53.3,0.441
312,-1,1396.3,534.3,41.9,111.1,0.419
312,-1,1241.8,518.1,17.7,65.7,0.413
312,-1,1267.0,521.5,22.6,33.0,0.347
312,-1,1296.6,540.1,28.4,39.5,0.337
312,-1,896.1,480.2,12.3,24.3,0.323
312,-1,1267.8,547.8,35.9,33.7,0.319
312,-1,1224.6,521.4,16.6,45.1,0.317
312,-1,1361.7,533.8,43.0,119.6,0.311
312,-1,1259.7,520.8,24.5,54.6,0.268
312,-1,1191.2,507.7,10.5,38.4,0.233
312,-1,1338.9,539.2,20.7,52.0,0.208
312,-1,1305.1,518.3,22.1,27.6,0.203
312,-1,839.3,499.4,9.1,25.7,0.198
312,-1,1450.6,669.4,53.8,62.8,0.197
312,-1,894.4,481.4,14.5,49.0,0.190
312,-1,1439.8,552.1,22.9,61.5,0.182
312,-1,1295.3,522.4,23.6,28.6,0.169
312,-1,1286.5,521.5,21.8,30.0,0.161
312,-1,1691.0,549.4,19.1,86.0,0.159
312,-1,1317.1,542.4,25.5,40.9,0.152
312,-1,1096.4,511.0,13.2,30.1,0.129
312,-1,1239.5,517.0,39.4,66.9,0.120
312,-1,1238.6,518.0,15.7,45.4,0.118
312,-1,844.5,497.6,9.4,28.2,0.116
312,-1,260.7,626.7,27.7,58.6,0.101
312,-1,836.3,500.4,9.1,27.5,0.099
312,-1,1303.9,526.1,27.1,33.5,0.096
312,-1,1080.0,511.1,10.3,24.8,0.091
312,-1,1305.1,538.3,41.6,51.8,0.076
312,-1,1359.3,539.4,27.4,53.4,0.066
312,-1,1379.2,535.0,38.6,102.5,0.064
312,-1,718.7,532.4,14.3,43.7,0.062
312,-1,1293.2,526.6,23.1,45.9,0.059
312,-1,1327.1,543.7,22.4,44.7,0.058
312,-1,764.6,492.9,12.3,25.1,0.056
312,-1,1101.7,508.8,12.3,32.5,0.056
312,-1,1309.0,508.7,19.6,31.5,0.051
313,-1,229.7,635.1,40.8,136.1,0.990
313,-1,37.3,643.1,41.6,129.1,0.989
313,-1,64.2,648.5,32.9,117.8,0.982
313,-1,1672.3,543.0,35.9,106.8,0.973
313,-1,259.8,633.1,32.7,123.7,0.971
313,-1,1177.2,531.0,22.4,47.1,0.957
313,-1,1481.6,577.9,41.3,62.2,0.914
313,-1,1359.9,578.0,37.2,139.4,0.913
313,-1,1374.2,595.6,43.9,121.7,0.912
313,-1,1695.9,548.1,24.4,102.6,0.803
313,-1,242.0,639.3,43.9,126.2,0.795
313,-1,1451.7,555.4,28.5,88.4,0.787
313,-1,1380.3,540.6,27.5,56.3,0.713
313,-1,1084.6,513.2,9.8,23.7,0.705
313,-1,1469.0,577.3,23.8,64.2,0.701
313,-1,1104.0,511.6,10.8,31.5,0.543
313,-1,1271.3,522.2,21.3,33.5,0.540
313,-1,1267.8,539.9,37.9,44.0,0.502
313,-1,1229.2,522.3,16.3,46.7,0.452
313,-1,1348.4,545.2,30.8,48.6,0.428
313,-1,1297.7,523.5,16.7,29.0,0.412
313,-1,1099.1,512.8,11.1,29.6,0.408
313,-1,1247.9,519.5,19.3,66.8,0.368
313,-1,1108.4,514.9,10.4,27.8,0.343
313,-1,1271.3,554.4,47.3,29.1,0.342
313,-1,1302.7,543.6,28.2,36.9,0.337
313,-1,1370.5,534.2,20.8,44.0,0.299
313,-1,1253.5,519.8,21.1,57.8,0.281
313,-1,1291.1,522.0,13.4,31.2,0.271
313,-1,1215.8,520.2,17.9,71.2,0.258
313,-1,1342.9,538.5,18.4,24.8,0.250
313,-1,1112.0,512.4,11.2,30.4,0.189
313,-1,1369.7,537.9,30.1,55.8,0.185
313,-1,1459.1,560.3,22.0,43.8,0.180
313,-1,1503.3,579.1,29.9,58.2,0.178
313,-1,1458.5,572.4,50.1,71.7,0.162
313,-1,1266.5,521.9,17.3,32.3,0.153
313,-1,1306.5,541.7,38.1,45.0,0.139
313,-1,1342.5,539.8,21.0,46.0,0.137
313,-1,221.0,637.8,33.8,130.0,0.137
313,-1,1307.7,521.8,18.6,21.7,0.129
313,-1,1362.9,542.6,25.5,45.3,0.126
313,-1,1401.8,550.6,18.2,62.9,0.120
313,-1,839.2,502.0,9.7,26.7,0.118
313,-1,1267.5,524.8,24.4,50.6,0.116
313,-1,1440.8,554.7,22.1,75.2,0.108
313,-1,262.1,630.1,26.2,49.8,0.107
313,-1,1335.4,540.6,22.1,27.5,0.099
313,-1,1283.0,522.0,17.3,30.6,0.090
313,-1,1402.2,531.7,17.8,30.9,0.087
313,-1,1395.2,536.5,39.1,113.1,0.079
313,-1,1361.0,570.9,26.8,80.6,0.077
313,-1,1393.5,538.9,24.6,51.6,0.073
313,-1,1314.0,522.2,19.1,26.8,0.068
313,-1,1196.3,511.9,13.8,42.4,0.063
313,-1,1302.9,532.5,25.2,36.5,0.063
313,-1,1293.4,552.2,43.1,33.7,0.059
313,-1,1353.1,540.7,42.3,66.2,0.058
313,-1,1470.6,671.6,57.6,61.0,0.057
313,-1,1703.8,551.8,15.0,60.9,0.056
313,-1,1301.5,523.9,20.1,32.7,0.055
313,-1,1359.9,570.0,25.6,44.7,0.055
313,-1,1307.4,523.7,22.4,32.0,0.054
313,-1,1363.9,537.4,45.5,82.2,0.054
313,-1,1317.5,530.9,19.2,29.5,0.051
313,-1,900.2,479.9,10.4,24.0,0.050
314,-1,36.0,645.0,44.9,128.8,0.986
314,-1,57.7,648.1,38.5,119.8,0.983
314,-1,226.5,638.6,32.7,135.2,0.981
314,-1,1682.7,543.0,34.1,97.6,0.976
314,-1,1385.4,596.4,39.9,133.6,0.968
314,-1,248.3,635.7,42.2,129.1,0.965
314,-1,1180.5,530.6,22.3,46.4,0.937
314,-1,240.5,643.5,34.3,125.7,0.898
314,-1,1355.9,570.9,35.2,146.8,0.896
314,-1,1490.0,577.8,40.2,64.2,0.805
314,-1,1217.5,517.5,21.9,75.9,0.675
314,-1,1460.2,561.4,26.5,86.1,0.582
314,-1,1383.9,539.6,29.6,60.7,0.555
314,-1,1277.0,522.2,20.2,33.8,0.538
314,-1,1476.7,576.9,23.6,69.0,0.526
314,-1,1269.7,537.7,42.7,47.0,0.453
314,-1,1087.7,513.3,10.5,24.5,0.439
314,-1,1107.4,511.1,12.3,32.4,0.416
314,-1,1348.9,541.0,28.8,51.0,0.402
314,-1,1232.6,521.9,18.2,46.3,0.366
314,-1,1251.9,517.2,15.2,46.4,0.344
314,-1,1367.5,584.0,45.7,135.4,0.326
314,-1,1112.2,511.2,12.4,32.5,0.316
314,-1,1307.5,546.4,25.9,35.7,0.311
314,-1,1271.1,522.1,21.6,45.0,0.308
314,-1,1255.9,518.4,21.4,57.1,0.304
314,-1,843.6,501.0,9.4,26.9,0.287
314,-1,1300.8,523.3,17.8,28.6,0.262
314,-1,1375.3,535.5,22.5,46.4,0.258
314,-1,1270.4,522.2,17.0,29.9,0.233
314,-1,847.5,500.8,9.3,28.3,0.223
314,-1,1460.6,555.8,25.4,49.3,0.200
314,-1,1104.4,510.1,10.9,31.0,0.198
314,-1,1706.0,549.7,19.8,85.6,0.189
314,-1,903.2,481.3,10.8,24.5,0.173
314,-1,1310.7,521.2,18.2,26.5,0.158
314,-1,1499.4,670.6,54.5,60.9,0.147
314,-1,1512.1,577.2,25.8,60.1,0.143
314,-1,1199.3,509.0,11.2,39.6,0.128
314,-1,1403.6,553.5,20.8,51.2,0.118
314,-1,1296.0,522.5,13.2,30.6,0.114
314,-1,1399.9,545.2,41.0,116.8,0.112
314,-1,1240.9,523.0,16.2,42.1,0.080
314,-1,1284.2,524.2,20.7,31.4,0.073
314,-1,1314.6,520.7,21.9,22.6,0.070
314,-1,1442.6,552.1,30.6,92.7,0.069
314,-1,1355.9,564.7,32.9,63.9,0.064
314,-1,1312.0,523.8,23.4,33.0,0.060
314,-1,1380.8,531.9,42.0,86.8,0.053
314,-1,1359.6,543.2,28.3,46.0,0.052
315,-1,34.8,644.6,46.2,130.0,0.988
315,-1,1689.2,544.7,34.5,93.0,0.983
315,-1,59.1,647.8,37.3,120.2,0.981
315,-1,243.7,633.9,47.1,134.0,0.978
315,-1,225.3,639.0,38.5,131.4,0.966
315,-1,1388.2,594.0,43.9,134.8,0.966
315,-1,1184.9,531.7,21.5,49.0,0.912
315,-1,1353.7,566.7,48.6,150.9,0.883
315,-1,1463.4,555.4,29.1,97.6,0.861
315,-1,1713.7,548.9,20.4,90.7,0.858
315,-1,1493.3,579.7,42.9,72.8,0.847
315,-1,1275.0,537.6,40.0,46.7,0.676
315,-1,1284.4,522.3,21.3,31.3,0.639
315,-1,1092.4,513.1,9.5,23.5,0.543
315,-1,1236.8,521.9,15.8,45.6,0.535
315,-1,261.8,631.7,36.8,126.1,0.444
315,-1,1110.5,512.3,10.9,30.3,0.412
315,-1,1255.0,518.0,15.9,45.5,0.375
315,-1,1306.3,523.2,18.2,29.4,0.368
315,-1,1118.6,512.5,11.6,30.4,0.358
315,-1,1276.2,523.7,26.8,45.5,0.355
315,-1,1387.3,538.8,29.2,52.9,0.320
315,-1,1276.2,521.9,16.5,31.8,0.310
315,-1,1353.9,544.6,30.2,44.1,0.275
315,-1,1257.3,518.3,19.3,66.9,0.266
315,-1,1471.8,677.1,60.0,52.0,0.264
315,-1,1355.3,538.8,17.9,22.6,0.255
315,-1,1380.9,520.1,49.5,88.8,0.249
315,-1,1223.0,523.2,20.2,69.3,0.245
315,-1,1484.3,574.4,22.4,76.6,0.229
315,-1,905.8,481.1,10.4,22.9,0.228
315,-1,1298.2,522.4,18.0,29.3,0.220
315,-1,1448.4,549.5,24.4,87.2,0.216
315,-1,1315.0,521.4,19.5,30.5,0.202
315,-1,1262.7,520.3,20.4,53.4,0.183
315,-1,1311.1,538.5,26.6,29.1,0.180
315,-1,1268.9,524.0,22.7,55.4,0.177
315,-1,1408.9,551.6,40.5,144.2,0.172
315,-1,1377.7,552.9,51.5,148.6,0.165
315,-1,1047.5,513.0,12.9,21.9,0.150
315,-1,1379.7,535.1,23.4,43.8,0.141
315,-1,1517.6,581.4,28.2,62.5,0.135
315,-1,846.6,502.2,10.3,28.9,0.130
315,-1,775.0,495.0,11.5,24.4,0.116
315,-1,1308.0,527.9,23.5,31.7,0.111
315,-1,1446.8,674.2,71.9,59.6,0.089
315,-1,1106.0,511.6,10.2,30.5,0.083
315,-1,1298.6,526.8,23.6,35.8,0.062
315,-1,1231.6,520.6,17.3,57.9,0.059
316,-1,229.7,635.2,43.0,137.9,0.992
316,-1,34.5,643.3,41.6,132.0,0.988
316,-1,246.9,633.4,44.1,133.8,0.977
316,-1,59.8,648.7,37.3,121.7,0.976
316,-1,1391.9,589.0,51.6,146.8,0.973
316,-1,1346.8,569.1,58.7,148.4,0.967
316,-1,1698.1,544.1,35.0,89.0,0.960
316,-1,1188.2,531.3,22.6,52.0,0.862
316,-1,1499.7,578.5,38.8,76.2,0.822
316,-1,1469.4,558.8,28.2,95.3,0.803
316,-1,1486.3,578.0,27.5,81.8,0.740
316,-1,1721.3,550.6,22.0,85.7,0.601
316,-1,1287.7,522.3,20.3,30.7,0.600
316,-1,1502.8,679.3,40.6,38.9,0.532
316,-1,224.9,639.5,29.5,132.1,0.494
316,-1,1393.3,542.4,26.7,46.5,0.447
316,-1,1520.7,578.3,35.6,73.1,0.415
316,-1,1117.5,512.1,10.6,31.8,0.395
316,-1,1095.5,512.7,9.2,23.4,0.376
316,-1,907.8,483.9,12.7,48.1,0.367
316,-1,1262.6,517.6,25.0,70.3,0.354
316,-1,1240.3,522.3,16.7,46.1,0.345
316,-1,1122.0,514.1,9.7,29.3,0.342
316,-1,1126.0,511.9,9.3,30.4,0.310
316,-1,1228.2,523.0,19.7,71.2,0.298
316,-1,1409.0,561.9,43.3,157.6,0.292
316,-1,1310.8,523.8,16.6,28.0,0.282
316,-1,1110.3,511.7,11.1,30.6,0.270
316,-1,1487.3,675.7,64.3,53.7,0.255
316,-1,908.4,480.8,11.4,24.1,0.250
316,-1,1316.4,543.6,26.8,37.8,0.212
316,-1,1303.5,522.8,17.2,29.1,0.194
316,-1,850.1,501.3,9.4,26.9,0.191
316,-1,1471.3,555.3,26.5,53.0,0.158
316,-1,1259.5,522.1,17.6,66.8,0.152
316,-1,1356.4,538.3,18.4,22.9,0.141
316,-1,1270.1,521.3,21.2,33.4,0.141
316,-1,1447.6,552.3,32.3,145.4,0.138
316,-1,1411.4,563.0,26.0,63.3,0.118
316,-1,1423.0,557.5,45.0,164.8,0.115
316,-1,1453.6,547.5,32.3,106.7,0.110
316,-1,1636.2,674.2,49.3,58.4,0.107
316,-1,1296.0,521.7,15.5,31.4,0.106
316,-1,1403.9,556.6,43.4,87.7,0.095
316,-1,1317.4,523.1,19.1,28.1,0.083
316,-1,1330.1,534.8,18.6,23.7,0.078
316,-1,1317.8,537.6,24.4,25.9,0.075
316,-1,858.1,503.0,10.5,26.9,0.073
316,-1,33.1,648.4,27.2,100.4,0.071
316,-1,1383.3,540.9,18.8,40.8,0.060
317,-1,31.7,645.1,42.9,132.6,0.995
317,-1,243.2,633.4,48.7,137.6,0.985
317,-1,1705.9,545.1,36.1,84.7,0.976
317,-1,229.9,635.3,43.5,138.8,0.975
317,-1,58.2,648.6,37.0,122.5,0.973
317,-1,1341.7,584.0,64.6,138.1,0.967
317,-1,1394.5,591.4,51.7,141.8,0.961
317,-1,1502.1,581.7,43.3,83.0,0.942
317,-1,1192.5,530.6,22.1,53.0,0.796
317,-1,1474.8,557.7,29.8,94.1,0.761
317,-1,1281.3,540.8,47.1,45.5,0.670
317,-1,1119.1,512.0,11.9,31.8,0.633
317,-1,1268.3,519.9,22.4,68.8,0.600
317,-1,1396.0,543.2,28.7,55.4,0.593
317,-1,1291.5,522.6,20.8,29.3,0.568
317,-1,1098.4,512.5,10.4,25.2,0.558
317,-1,224.5,639.0,27.8,139.7,0.501
317,-1,1123.6,514.4,10.3,27.3,0.500
317,-1,1487.5,579.2,28.5,86.3,0.480
317,-1,1128.5,512.1,9.4,29.9,0.439
317,-1,1244.4,520.6,13.2,46.7,0.387
317,-1,1312.0,523.8,20.3,28.3,0.368
317,-1,1416.4,563.0,30.5,81.1,0.350
317,-1,1727.0,551.3,22.3,76.5,0.303
317,-1,1116.1,511.3,9.9,30.6,0.279
317,-1,1360.1,542.7,26.5,45.2,0.255
317,-1,1480.2,559.5,23.6,57.7,0.255
317,-1,912.5,480.6,11.0,23.9,0.243
317,-1,1389.0,541.9,17.0,54.6,0.242
317,-1,1525.3,580.5,36.2,70.9,0.233
317,-1,781.6,494.3,11.7,25.3,0.225
317,-1,1417.4,562.1,38.2,147.1,0.213
317,-1,1284.2,528.0,28.9,50.8,0.199
317,-1,1265.0,522.6,15.0,68.0,0.167
317,-1,1663.6,673.7,49.0,58.8,0.156
317,-1,1281.9,522.1,15.8,43.5,0.139
317,-1,1286.4,552.1,62.0,35.1,0.129
317,-1,1318.9,546.4,36.7,38.4,0.125
317,-1,851.0,501.6,10.8,27.9,0.125
317,-1,1306.7,522.8,18.0,29.8,0.121
317,-1,1426.6,558.3,19.3,44.7,0.115
317,-1,260.5,634.3,30.7,101.0,0.095
317,-1,984.9,509.1,8.7,18.7,0.089
317,-1,1325.0,523.2,19.9,29.1,0.087
317,-1,1250.6,522.1,16.3,44.7,0.079
317,-1,1043.7,511.1,12.1,22.0,0.079
317,-1,855.9,500.5,8.9,25.5,0.077
317,-1,262.0,633.0,26.7,48.2,0.070
317,-1,1371.2,578.2,30.3,97.9,0.068
317,-1,1112.7,512.4,9.5,28.8,0.063
317,-1,945.7,511.2,10.8,23.6,0.061
317,-1,1108.9,512.9,10.9,30.1,0.061
317,-1,1121.0,458.6,13.6,28.2,0.059
317,-1,1458.6,561.4,22.9,86.5,0.056
317,-1,1396.6,549.4,42.6,85.6,0.056
317,-1,1315.2,526.3,26.1,36.6,0.055
317,-1,1373.5,545.9,19.4,45.3,0.053
318,-1,30.8,647.0,44.9,132.5,0.993
318,-1,245.4,633.0,49.1,138.4,0.991
318,-1,47.4,648.2,40.2,127.3,0.989
318,-1,1399.9,592.6,51.1,145.8,0.984
318,-1,222.2,638.2,38.0,138.0,0.981
318,-1,1345.6,581.6,67.5,142.0,0.967
318,-1,1714.3,544.7,33.7,86.7,0.923
318,-1,1502.9,578.8,52.7,126.0,0.923
318,-1,1495.0,580.7,33.7,122.7,0.606
318,-1,1739.0,551.3,18.4,74.3,0.546
318,-1,1269.3,514.7,23.4,76.3,0.524
318,-1,236.9,642.7,37.1,130.7,0.520
318,-1,1481.5,555.2,23.7,100.3,0.517
318,-1,1399.8,540.9,28.0,63.1,0.490
318,-1,1365.8,542.8,30.8,52.9,0.469
318,-1,1297.0,521.2,18.5,30.6,0.454
318,-1,1418.1,572.6,34.4,86.3,0.430
318,-1,915.3,479.7,12.1,24.7,0.428
318,-1,1552.0,677.7,40.7,38.1,0.402
318,-1,1121.6,512.4,12.3,30.4,0.392
318,-1,913.9,484.7,12.9,46.5,0.366
318,-1,1248.9,518.5,14.5,47.3,0.355
318,-1,1013.2,487.2,9.7,31.6,0.334
318,-1,1214.0,508.2,11.3,41.3,0.321
318,-1,1324.6,545.6,25.0,35.6,0.298
318,-1,1460.6,585.1,25.0,119.2,0.294
318,-1,1291.2,551.9,52.9,34.1,0.285
318,-1,1529.5,578.1,36.9,80.2,0.256
318,-1,1289.3,519.6,18.9,47.2,0.247
318,-1,1431.2,558.7,20.7,48.2,0.244
318,-1,1488.3,570.5,30.9,97.2,0.231
318,-1,1427.2,560.2,26.6,78.2,0.225
318,-1,1196.5,532.0,21.5,46.9,0.223
318,-1,856.2,500.5,9.9,27.5,0.219
318,-1,1286.5,520.6,16.2,36.4,0.182
318,-1,1129.2,512.8,10.2,29.7,0.178
318,-1,1312.3,521.4,17.2,31.0,0.168
318,-1,1268.0,515.9,16.6,52.6,0.167
318,-1,1320.0,521.8,19.1,30.8,0.152
318,-1,1279.6,518.4,18.9,47.6,0.138
318,-1,753.0,503.1,15.9,20.6,0.132
318,-1,1422.6,566.7,34.9,153.1,0.128
318,-1,1483.6,556.2,25.1,51.2,0.126
318,-1,1417.7,537.5,22.9,39.2,0.117
318,-1,1027.3,486.3,11.3,30.9,0.103
318,-1,1124.1,457.2,14.4,29.6,0.097
318,-1,1691.2,673.2,50.1,58.1,0.088
318,-1,862.2,499.1,9.7,28.2,0.084
318,-1,1499.3,576.5,21.8,48.7,0.084
318,-1,1406.6,547.7,44.9,98.3,0.077
318,-1,58.2,657.0,45.6,117.5,0.077
318,-1,1331.9,541.8,27.1,38.2,0.077
318,-1,1289.8,525.9,25.8,52.6,0.074
318,-1,1426.6,535.4,20.4,34.9,0.073
318,-1,1535.2,674.1,72.8,51.1,0.066
318,-1,1319.2,533.9,25.7,42.2,0.066
318,-1,1340.2,518.8,16.3,26.3,0.065
318,-1,1364.8,539.3,22.7,38.3,0.064
318,-1,1329.9,521.5,18.1,21.3,0.063
318,-1,1341.1,536.6,19.3,26.5,0.063
318,-1,1286.5,534.4,20.8,50.5,0.059
318,-1,1332.9,521.6,18.5,30.9,0.058
318,-1,29.7,650.5,26.6,97.6,0.057
319,-1,27.0,649.5,42.4,132.1,0.995
319,-1,247.5,636.2,45.2,136.3,0.987
319,-1,54.1,652.0,39.0,124.4,0.984
319,-1,1346.1,574.7,67.5,151.8,0.981
319,-1,221.5,638.4,37.9,138.9,0.980
319,-1,1402.7,598.7,52.3,142.3,0.970
319,-1,1515.0,583.8,51.9,140.0,0.962
319,-1,1721.7,546.0,37.3,87.2,0.961
319,-1,1501.0,581.8,45.6,134.4,0.865
319,-1,1293.1,553.0,49.1,33.7,0.822
319,-1,1200.2,530.8,20.8,51.8,0.777
319,-1,1485.0,559.4,29.3,94.1,0.773
319,-1,231.5,637.3,46.3,135.7,0.714
319,-1,1409.0,543.8,21.4,45.7,0.678
319,-1,1425.1,565.1,33.2,78.1,0.641
319,-1,1745.0,549.9,21.7,81.0,0.585
319,-1,866.4,499.8,10.2,29.8,0.558
319,-1,1489.2,558.7,24.5,50.9,0.451
319,-1,1346.2,546.1,23.5,37.8,0.418
319,-1,1368.6,542.9,28.8,50.8,0.413
319,-1,1252.7,519.4,15.4,48.3,0.399
319,-1,1330.2,547.5,25.3,36.6,0.399
319,-1,1437.2,559.2,23.6,70.9,0.389
319,-1,1497.4,583.1,29.8,124.1,0.369
319,-1,1297.4,523.2,23.1,36.1,0.369
319,-1,1275.6,516.6,17.9,48.6,0.315
319,-1,1419.7,581.1,42.9,136.5,0.312
319,-1,859.8,501.7,10.9,28.4,0.265
319,-1,1289.9,521.8,15.1,44.9,0.210
319,-1,1473.9,556.6,22.7,76.8,0.189
319,-1,684.9,503.0,39.2,87.8,0.181
319,-1,1398.8,542.2,17.9,49.0,0.169
319,-1,1126.3,512.6,12.0,30.7,0.157
319,-1,786.3,493.7,12.1,25.5,0.153
319,-1,1325.2,525.5,21.3,28.9,0.145
319,-1,917.8,481.0,12.7,27.3,0.140
319,-1,1294.9,533.1,32.9,44.8,0.135
319,-1,1278.4,523.3,19.8,58.6,0.126
319,-1,1384.5,542.4,17.6,35.9,0.125
319,-1,1128.1,458.0,13.9,29.2,0.121
319,-1,1405.2,588.4,49.0,85.0,0.115
319,-1,1286.4,528.2,52.5,68.0,0.114
319,-1,1464.2,574.0,32.7,131.4,0.112
319,-1,1286.4,534.8,22.9,48.3,0.103
319,-1,990.0,508.9,10.4,20.2,0.096
319,-1,1322.7,538.7,21.0,38.4,0.086
319,-1,856.3,502.0,10.3,27.4,0.075
319,-1,1719.6,674.8,49.7,58.6,0.075
319,-1,755.8,502.9,15.9,33.6,0.061
319,-1,1280.7,546.0,22.2,43.4,0.061
319,-1,1436.2,567.6,32.5,156.9,0.060
319,-1,1318.3,524.1,19.2,30.1,0.059
319,-1,1105.0,512.9,12.7,26.5,0.052
320,-1,24.7,648.5,42.6,133.6,0.993
320,-1,245.9,634.4,46.6,136.9,0.989
320,-1,220.7,639.2,40.7,138.0,0.988
320,-1,1347.6,578.8,69.1,150.2,0.981
320,-1,50.4,651.1,39.0,127.6,0.980
320,-1,1518.4,582.0,54.5,142.0,0.976
320,-1,1731.4,544.7,36.8,88.1,0.970
320,-1,1402.6,598.8,54.8,144.1,0.965
320,-1,1749.2,547.6,24.2,83.9,0.898
320,-1,1295.6,539.2,41.7,45.7,0.852
320,-1,1503.5,584.5,35.2,128.4,0.830
320,-1,1409.0,542.7,26.0,70.8,0.813
320,-1,1203.0,529.9,22.2,50.5,0.753
320,-1,1493.5,557.1,25.0,93.6,0.748
320,-1,1415.3,538.6,41.7,112.7,0.707
320,-1,1372.0,541.7,31.1,55.2,0.640
320,-1,1333.5,540.9,37.1,43.3,0.587
320,-1,1443.5,557.3,25.3,87.7,0.529
320,-1,1294.5,520.4,14.8,49.4,0.519
320,-1,1305.3,522.0,18.7,34.8,0.488
320,-1,1280.7,516.6,20.6,59.7,0.476
320,-1,1483.0,555.0,22.3,88.3,0.423
320,-1,1256.8,518.9,14.7,45.5,0.337
320,-1,1434.2,545.1,29.6,106.2,0.328
320,-1,1424.7,538.4,24.9,49.0,0.249
320,-1,1402.7,540.2,22.9,56.4,0.246
320,-1,1299.3,523.7,27.0,49.4,0.201
320,-1,1388.9,541.0,20.7,49.4,0.196
320,-1,1497.3,559.3,22.2,54.3,0.194
320,-1,1129.7,457.0,14.7,27.8,0.191
320,-1,1293.4,535.3,20.0,49.3,0.188
320,-1,1297.4,521.3,16.9,36.0,0.182
320,-1,862.0,502.8,10.5,26.1,0.171
320,-1,920.4,492.5,11.8,40.0,0.154
320,-1,1329.2,542.1,22.8,38.9,0.153
320,-1,921.4,479.4,11.1,24.2,0.142
320,-1,1286.8,518.9,18.5,48.1,0.133
320,-1,1479.0,554.7,18.7,68.0,0.122
320,-1,1433.6,576.5,39.3,148.5,0.119
320,-1,1483.5,554.8,19.4,50.8,0.118
320,-1,1340.5,537.7,23.6,29.2,0.114
320,-1,1747.9,673.5,50.9,58.6,0.104
320,-1,1327.9,529.5,19.4,33.0,0.100
320,-1,1129.2,511.1,13.1,31.8,0.095
320,-1,1277.2,518.6,14.8,45.5,0.088
320,-1,1396.5,541.8,19.5,52.3,0.086
320,-1,869.8,501.8,10.9,26.7,0.079
320,-1,1410.4,582.2,48.7,83.1,0.077
320,-1,1351.7,537.4,19.0,28.0,0.071
320,-1,1474.5,559.0,29.3,144.2,0.065
320,-1,787.2,492.1,11.0,26.5,0.064
321,-1,23.1,648.7,41.8,135.1,0.991
321,-1,48.4,651.3,39.0,127.9,0.985
321,-1,247.4,633.7,45.1,137.0,0.985
321,-1,1529.1,586.0,56.5,141.9,0.984
321,-1,1402.9,600.5,59.1,143.1,0.983
321,-1,219.8,638.4,40.6,140.2,0.983
321,-1,1352.4,577.8,67.1,153.1,0.976
321,-1,1738.3,544.4,37.6,87.8,0.955
321,-1,1510.3,586.5,31.6,129.0,0.935
321,-1,1301.9,545.9,43.8,41.2,0.808
321,-1,1375.6,542.5,27.9,49.8,0.788
321,-1,1414.4,542.0,24.5,66.8,0.776
321,-1,1757.0,547.2,24.6,85.1,0.758
321,-1,1340.3,547.6,37.3,37.6,0.727
321,-1,1206.4,530.1,22.5,51.9,0.702
321,-1,1501.7,558.1,25.2,95.0,0.699
321,-1,236.9,642.6,36.1,134.5,0.641
321,-1,1394.0,541.0,19.6,43.1,0.628
321,-1,1488.3,551.7,21.5,100.8,0.553
321,-1,1286.2,516.6,20.4,60.5,0.485
321,-1,1298.9,520.2,15.4,49.1,0.452
321,-1,1434.0,547.0,34.0,100.7,0.444
321,-1,1428.5,537.8,26.9,54.5,0.400
321,-1,1308.2,522.4,19.0,36.0,0.390
321,-1,1400.8,541.3,19.6,48.0,0.308
321,-1,1524.9,589.1,29.7,121.6,0.275
321,-1,1437.3,566.1,38.5,160.9,0.274
321,-1,1418.8,534.2,43.5,106.3,0.260
321,-1,754.1,515.6,16.6,64.2,0.256
321,-1,1485.5,554.3,27.9,151.6,0.248
321,-1,794.9,495.0,10.4,23.5,0.224
321,-1,1298.4,541.1,21.7,43.5,0.217
321,-1,1447.3,559.6,29.7,91.9,0.215
321,-1,1260.2,518.3,15.2,48.5,0.213
321,-1,1445.7,534.7,16.0,30.7,0.193
321,-1,924.3,479.7,11.1,23.3,0.176
321,-1,1133.1,457.0,14.8,28.8,0.167
321,-1,1301.5,535.0,25.8,42.0,0.147
321,-1,1282.0,517.8,15.9,47.1,0.136
321,-1,1505.7,561.3,20.2,47.8,0.132
321,-1,1305.5,529.6,58.8,58.4,0.129
321,-1,1497.0,565.3,39.4,136.5,0.125
321,-1,1330.0,523.1,18.5,29.5,0.121
321,-1,1353.5,543.3,26.1,35.9,0.116
321,-1,1776.7,671.9,51.1,60.6,0.115
321,-1,1134.0,512.3,11.7,30.2,0.108
321,-1,863.8,503.3,10.5,24.7,0.100
321,-1,1336.1,545.7,25.0,37.1,0.091
321,-1,1371.3,571.6,83.5,170.7,0.086
321,-1,790.7,493.9,11.3,25.6,0.080
321,-1,1342.5,538.8,22.7,28.7,0.077
321,-1,1332.5,526.7,21.0,35.3,0.072
321,-1,261.3,632.8,22.2,33.3,0.070
321,-1,1377.5,541.6,21.1,32.7,0.070
321,-1,257.5,633.9,27.6,52.2,0.064
321,-1,870.3,502.2,10.9,25.3,0.059
321,-1,1330.7,536.8,21.8,44.5,0.055
322,-1,20.7,648.3,41.3,135.4,0.992
322,-1,49.4,650.8,37.2,129.4,0.992
322,-1,218.8,638.6,40.9,141.6,0.985
322,-1,247.2,634.5,44.6,136.2,0.985
322,-1,1524.9,582.5,64.7,144.6,0.981
322,-1,1406.8,607.1,64.0,138.6,0.978
322,-1,1360.8,581.4,63.3,147.5,0.964
322,-1,1744.9,544.8,35.7,87.8,0.956
322,-1,232.6,638.1,41.7,139.0,0.943
322,-1,1304.1,544.7,43.6,42.8,0.907
322,-1,1767.9,547.4,22.2,84.6,0.846
322,-1,1505.0,551.7,28.0,99.3,0.845
322,-1,1379.9,544.2,29.4,47.4,0.824
322,-1,1423.0,546.8,39.7,102.8,0.689
322,-1,1345.8,546.6,35.1,38.9,0.676
322,-1,1513.0,586.8,32.4,122.3,0.655
322,-1,1414.4,541.3,27.3,47.7,0.587
322,-1,1290.3,516.8,20.9,59.1,0.529
322,-1,1209.9,530.5,22.3,50.0,0.526
322,-1,1397.3,539.9,22.2,42.9,0.489
322,-1,1287.2,515.7,16.4,49.1,0.439
322,-1,1432.5,535.9,29.5,63.9,0.439
322,-1,1265.4,518.5,15.8,48.9,0.304
322,-1,1024.9,485.8,9.8,33.8,0.268
322,-1,1306.6,525.4,24.3,44.6,0.221
322,-1,1134.4,511.6,12.3,30.4,0.218
322,-1,926.0,478.2,11.9,23.3,0.207
322,-1,1346.6,540.0,23.6,31.3,0.207
322,-1,867.6,499.2,10.1,26.7,0.205
322,-1,1448.8,533.4,18.5,33.0,0.201
322,-1,1261.8,520.0,12.7,46.8,0.172
322,-1,1806.0,671.2,51.3,58.6,0.129
322,-1,1296.8,523.6,20.1,54.5,0.128
322,-1,1136.1,455.5,13.9,29.8,0.127
322,-1,1147.5,508.3,11.9,38.3,0.126
322,-1,1300.0,540.7,22.3,47.6,0.113
322,-1,1142.3,510.0,11.7,33.5,0.107
322,-1,1453.9,557.2,29.1,88.1,0.102
322,-1,926.0,488.3,12.6,42.9,0.097
322,-1,1409.4,541.4,37.7,87.0,0.092
322,-1,792.5,491.7,11.7,27.1,0.085
322,-1,1306.3,521.6,17.9,29.2,0.084
322,-1,1338.3,541.4,25.6,41.7,0.078
322,-1,1273.4,522.3,17.3,44.0,0.077
322,-1,1304.7,543.2,77.9,50.6,0.065
322,-1,1434.9,544.0,44.1,125.1,0.065
322,-1,1312.1,523.2,19.5,26.9,0.063
322,-1,1350.2,539.0,52.3,52.7,0.055
322,-1,1334.8,523.1,19.4,29.3,0.055
322,-1,1378.8,544.9,31.0,112.2,0.053
322,-1,863.1,500.2,10.0,22.5,0.053
323,-1,1407.2,604.9,66.3,143.9,0.994
323,-1,17.2,646.6,45.7,139.6,0.990
323,-1,220.2,637.6,40.2,146.7,0.990
323,-1,43.9,652.4,42.2,127.5,0.989
323,-1,1536.3,583.3,60.7,144.9,0.989
323,-1,246.8,634.7,45.0,138.4,0.982
323,-1,1753.1,544.3,38.3,88.4,0.979
323,-1,1359.9,567.8,54.4,160.5,0.952
323,-1,235.3,640.6,39.5,137.3,0.949
323,-1,1307.9,542.0,44.2,48.4,0.887
323,-1,1384.2,540.6,29.3,50.6,0.841
323,-1,1212.0,528.8,23.4,50.1,0.781
323,-1,1437.7,537.3,29.8,77.9,0.753
323,-1,1514.0,583.5,38.1,129.5,0.736
323,-1,1504.8,551.0,32.6,101.2,0.699
323,-1,1420.0,542.0,25.9,62.4,0.676
323,-1,1350.3,543.5,34.5,42.5,0.581
323,-1,1292.4,514.9,21.6,51.3,0.548
323,-1,1773.4,549.1,22.2,82.9,0.532
323,-1,929.2,477.3,12.8,23.9,0.497
323,-1,1420.4,551.1,37.6,82.2,0.440
323,-1,1501.5,553.3,45.0,142.7,0.438
323,-1,1401.4,539.6,22.8,45.2,0.437
323,-1,1441.8,542.1,37.2,96.8,0.326
323,-1,1304.0,520.5,16.7,41.7,0.280
323,-1,868.4,502.3,11.8,27.8,0.262
323,-1,1315.9,521.9,18.8,28.3,0.253
323,-1,878.1,498.1,12.0,26.9,0.252
323,-1,1499.9,551.2,22.0,42.8,0.237
323,-1,1117.4,510.2,10.3,26.2,0.224
323,-1,1268.5,517.4,14.4,44.9,0.195
323,-1,1136.8,509.8,12.4,30.2,0.174
323,-1,1345.7,540.6,24.7,43.9,0.171
323,-1,1275.1,519.7,16.0,45.0,0.163
323,-1,1141.0,509.9,12.0,32.2,0.155
323,-1,1458.3,555.4,29.0,76.3,0.153
323,-1,1149.7,505.4,12.3,38.4,0.152
323,-1,258.1,634.4,26.6,48.4,0.142
323,-1,1287.0,515.9,16.2,45.9,0.134
323,-1,1804.5,546.3,22.1,78.5,0.133
323,-1,1453.3,559.8,38.8,110.5,0.129
323,-1,1833.0,670.1,57.6,63.7,0.110
323,-1,1514.1,558.1,22.9,53.7,0.104
323,-1,256.3,634.4,32.0,84.9,0.096
323,-1,1139.4,455.3,14.0,29.3,0.091
323,-1,1460.6,555.1,20.4,45.8,0.085
323,-1,1312.8,526.3,27.0,46.4,0.076
323,-1,1305.5,534.6,27.9,47.2,0.071
323,-1,1362.0,536.1,48.2,55.0,0.066
323,-1,1338.7,532.0,23.9,50.5,0.062
323,-1,1493.6,550.1,28.6,114.6,0.059
323,-1,1295.0,543.6,18.8,48.1,0.057
323,-1,1684.9,674.4,68.6,53.0,0.055
324,-1,14.4,646.8,39.4,136.0,0.996
324,-1,1541.0,585.0,58.2,145.8,0.990
324,-1,42.2,648.8,39.7,130.2,0.990
324,-1,1411.1,604.6,63.7,143.6,0.989
324,-1,218.7,638.8,41.5,143.1,0.987
324,-1,246.5,632.5,44.5,137.9,0.980
324,-1,1366.0,570.7,51.6,157.5,0.978
324,-1,233.0,636.6,43.1,138.0,0.950
324,-1,1759.5,544.2,33.0,93.9,0.948
324,-1,1311.9,542.0,45.0,48.5,0.862
324,-1,1405.2,537.5,23.7,46.0,0.737
324,-1,1508.7,551.4,46.0,158.5,0.728
324,-1,1442.2,535.1,30.0,69.8,0.717
324,-1,1782.3,547.2,21.3,86.7,0.714
324,-1,1506.8,550.7,32.9,106.1,0.702
324,-1,1215.2,527.6,23.1,50.8,0.697
324,-1,1385.4,545.1,30.4,43.3,0.695
324,-1,1353.9,541.8,32.3,42.8,0.654
324,-1,1416.0,537.1,27.5,47.7,0.584
324,-1,1519.7,577.8,59.4,143.4,0.442
324,-1,1144.6,510.5,13.5,31.4,0.440
324,-1,1422.7,541.5,26.7,55.4,0.394
324,-1,1423.0,558.4,33.4,67.3,0.376
324,-1,1295.7,514.0,21.1,51.6,0.370
324,-1,1258.9,519.6,18.5,71.8,0.353
324,-1,930.7,475.5,13.1,26.8,0.353
324,-1,1456.2,557.1,27.3,66.7,0.282
324,-1,871.3,498.2,10.2,29.8,0.213
324,-1,1156.7,509.1,10.4,38.4,0.180
324,-1,1120.4,510.4,10.6,24.2,0.178
324,-1,1273.2,517.3,15.7,46.5,0.168
324,-1,880.9,494.9,12.9,33.4,0.122
324,-1,933.6,473.2,14.5,20.9,0.106
324,-1,1310.4,519.4,15.2,28.6,0.102
324,-1,1418.3,549.9,50.2,100.6,0.101
324,-1,586.5,476.0,25.4,122.8,0.100
324,-1,1315.3,524.8,32.5,49.7,0.099
324,-1,1364.6,533.0,21.5,31.0,0.095
324,-1,1140.5,507.6,11.7,30.7,0.094
324,-1,1313.3,520.0,20.4,45.4,0.080
324,-1,1418.6,558.6,63.6,144.4,0.078
324,-1,1373.3,560.3,87.3,184.1,0.074
324,-1,1267.1,520.3,14.8,52.7,0.063
324,-1,1281.2,522.0,16.9,43.1,0.058
324,-1,1290.7,516.3,16.3,49.9,0.054
325,-1,218.3,641.2,39.5,143.5,0.994
325,-1,42.4,650.9,32.5,126.2,0.994
325,-1,12.4,647.5,42.4,136.6,0.994
325,-1,1548.6,589.1,55.1,142.2,0.993
325,-1,1420.3,604.8,62.8,145.8,0.983
325,-1,244.4,632.4,45.1,139.2,0.981
325,-1,1375.0,578.4,51.5,153.8,0.979
325,-1,1771.9,544.5,38.5,99.5,0.959
325,-1,1509.0,550.9,46.1,168.2,0.926
325,-1,1317.2,542.4,41.8,48.2,0.885
325,-1,233.0,645.1,33.8,134.4,0.843
325,-1,1446.7,534.6,30.3,78.0,0.821
325,-1,1392.1,540.3,26.9,44.9,0.712
325,-1,1355.6,542.5,31.6,42.8,0.700
325,-1,1524.0,596.4,31.7,117.1,0.679
325,-1,1410.7,539.8,21.5,43.8,0.642
325,-1,1425.1,537.5,29.2,67.9,0.629
325,-1,933.9,475.3,13.4,24.2,0.540
325,-1,1819.1,550.5,21.9,73.7,0.507
325,-1,1298.9,514.0,23.0,53.0,0.480
325,-1,1512.8,550.5,31.2,95.8,0.427
325,-1,1275.9,516.8,16.0,48.1,0.426
325,-1,873.7,500.3,10.7,27.0,0.333
325,-1,1219.3,529.2,23.2,46.7,0.322
325,-1,1463.4,533.4,21.3,41.5,0.299
325,-1,1464.3,550.5,29.5,66.4,0.290
325,-1,1146.4,509.5,12.0,31.4,0.287
325,-1,1272.4,518.5,13.6,47.0,0.284
325,-1,886.2,493.0,11.4,27.2,0.259
325,-1,1543.4,589.4,32.0,122.6,0.241
325,-1,1160.9,510.9,11.0,36.5,0.219
325,-1,1791.1,550.9,22.7,90.4,0.213
325,-1,1312.0,520.0,16.9,46.3,0.181
325,-1,1473.4,559.1,26.6,54.8,0.169
325,-1,1157.6,508.5,10.3,37.0,0.164
325,-1,933.7,483.7,13.4,44.7,0.164
325,-1,1365.4,551.9,27.4,33.3,0.143
325,-1,1150.9,509.0,11.8,33.2,0.128
325,-1,1123.7,510.9,10.2,23.7,0.123
325,-1,1142.5,508.0,11.4,32.0,0.122
325,-1,882.0,494.8,14.2,32.3,0.113
325,-1,1360.1,540.0,57.5,47.7,0.112
325,-1,875.1,497.5,14.6,33.0,0.092
325,-1,1382.9,595.6,71.4,142.0,0.084
325,-1,1305.5,532.0,53.9,100.1,0.074
325,-1,1368.8,532.6,20.2,30.3,0.073
325,-1,1537.5,578.8,20.8,46.8,0.063
325,-1,1306.7,561.0,18.8,36.4,0.063
325,-1,1318.7,520.2,21.6,33.5,0.060
325,-1,871.2,496.1,10.4,23.3,0.060
325,-1,1373.0,554.3,40.8,31.7,0.059
325,-1,1317.0,525.7,30.9,47.8,0.058
325,-1,1302.0,530.0,21.8,56.9,0.053
325,-1,1415.5,545.6,43.5,98.3,0.052
326,-1,1550.9,585.8,56.1,147.3,0.993
326,-1,33.1,650.5,43.2,131.7,0.992
326,-1,7.2,649.3,39.6,134.9,0.988
326,-1,1378.1,580.4,49.7,151.8,0.987
326,-1,1423.1,605.3,58.6,144.9,0.984
326,-1,211.9,642.1,39.7,143.0,0.975
326,-1,243.9,632.0,45.1,137.2,0.971
326,-1,1772.9,543.9,35.6,100.5,0.957
326,-1,225.6,643.0,44.5,137.2,0.926
326,-1,1450.0,531.8,29.5,85.9,0.913
326,-1,1518.2,550.5,41.4,165.8,0.853
326,-1,1320.1,538.7,41.2,53.4,0.845
326,-1,1796.0,547.9,24.3,90.5,0.814
326,-1,1413.4,539.2,20.1,44.2,0.740
326,-1,1357.1,543.6,30.1,41.1,0.630
326,-1,1425.5,536.7,27.8,48.9,0.583
326,-1,1221.0,529.1,22.2,47.0,0.556
326,-1,1277.1,516.7,16.4,48.2,0.434
326,-1,1300.8,512.4,22.8,50.4,0.426
326,-1,1400.2,538.7,21.9,45.9,0.416
326,-1,876.0,498.1,11.5,31.7,0.388
326,-1,1150.3,511.1,11.9,30.9,0.338
326,-1,935.5,474.7,12.0,25.5,0.331
326,-1,1424.3,551.1,33.5,68.5,0.330
326,-1,1523.1,553.1,28.2,100.7,0.280
326,-1,1464.2,532.9,29.0,82.4,0.279
326,-1,1753.7,665.5,68.6,60.1,0.271
326,-1,1309.4,533.0,52.7,85.1,0.232
326,-1,885.2,494.6,11.7,28.5,0.228
326,-1,1478.9,554.4,26.1,58.6,0.195
326,-1,1824.5,540.1,23.1,86.4,0.178
326,-1,1466.7,532.2,22.0,50.5,0.175
326,-1,1536.9,578.8,26.3,125.0,0.131
326,-1,1147.1,511.1,10.6,29.2,0.127
326,-1,1519.3,549.9,27.1,65.6,0.108
326,-1,1155.7,510.3,9.8,31.5,0.108
326,-1,878.9,496.8,12.4,29.4,0.103
326,-1,1370.9,531.6,21.4,33.2,0.065
326,-1,697.7,502.4,42.4,83.5,0.064
326,-1,879.7,497.8,18.3,35.8,0.053
326,-1,935.0,480.6,12.3,45.5,0.052
326,-1,212.3,649.6,24.4,82.2,0.051
327,-1,1552.8,583.9,56.6,150.8,0.993
327,-1,3.9,644.9,48.0,139.4,0.989
327,-1,1424.8,606.2,55.1,144.3,0.988
327,-1,32.4,649.5,39.2,130.8,0.988
327,-1,229.3,637.1,49.7,147.2,0.981
327,-1,208.1,640.8,41.2,144.8,0.980
327,-1,1378.9,575.8,47.0,155.9,0.980
327,-1,1779.3,543.8,34.9,109.3,0.980
327,-1,250.4,631.4,33.4,134.3,0.953
327,-1,1524.3,549.4,40.1,166.4,0.886
327,-1,1453.5,530.9,31.8,84.0,0.870
327,-1,1322.0,540.2,43.5,52.9,0.822
327,-1,1801.7,548.2,21.5,99.3,0.723
327,-1,1417.1,536.6,22.1,47.3,0.678
327,-1,1360.8,541.6,29.9,42.8,0.669
327,-1,1423.1,533.5,33.2,54.0,0.490
327,-1,1224.1,529.0,21.5,45.9,0.434
327,-1,1305.2,512.2,21.2,51.6,0.421
327,-1,935.5,478.8,14.3,46.4,0.419
327,-1,1150.9,508.9,11.3,30.4,0.418
327,-1,1154.8,508.3,12.0,31.0,0.379
327,-1,937.3,475.5,12.7,24.1,0.374
327,-1,1426.1,553.9,36.5,66.3,0.372
327,-1,1282.4,516.5,16.7,46.8,0.372
327,-1,1524.8,548.8,31.9,98.1,0.361
327,-1,1127.4,506.2,10.0,26.4,0.304
327,-1,1463.4,533.2,35.5,82.0,0.282
327,-1,937.0,495.1,11.1,33.4,0.253
327,-1,876.5,498.6,11.4,34.6,0.246
327,-1,1479.1,553.8,29.8,68.6,0.199
327,-1,1404.7,540.0,20.2,44.0,0.173
327,-1,1536.8,572.8,43.4,143.9,0.151
327,-1,1313.0,516.2,17.2,47.6,0.149
327,-1,889.9,492.8,11.7,27.7,0.143
327,-1,210.2,641.2,25.8,86.2,0.140
327,-1,880.0,496.1,12.2,27.6,0.126
327,-1,1538.0,562.3,26.7,125.0,0.120
327,-1,884.7,494.6,11.3,26.6,0.106
327,-1,1322.2,517.5,23.6,27.5,0.103
327,-1,1375.9,532.6,20.5,29.6,0.095
327,-1,1778.1,670.3,67.2,54.1,0.090
327,-1,874.5,494.4,9.5,22.0,0.090
327,-1,803.3,489.6,11.6,23.8,0.087
327,-1,1310.3,527.9,57.6,105.5,0.071
327,-1,1164.3,505.0,11.7,43.2,0.066
327,-1,798.5,488.9,11.4,25.3,0.061
327,-1,1158.4,505.6,11.0,37.9,0.058
327,-1,1130.3,507.4,10.5,26.8,0.054
328,-1,1556.5,585.5,54.3,149.9,0.992
328,-1,1377.3,574.9,51.4,159.3,0.990
328,-1,1424.1,602.5,57.7,150.0,0.989
328,-1,1.1,650.1,48.3,138.6,0.986
328,-1,210.4,640.4,38.4,146.3,0.982
328,-1,26.6,653.2,40.5,129.8,0.981
328,-1,244.4,635.0,37.7,133.7,0.973
328,-1,1785.9,543.6,35.5,116.4,0.969
328,-1,223.9,645.0,40.4,136.8,0.967
328,-1,1457.8,532.8,30.7,83.6,0.893
328,-1,1534.7,551.6,33.9,167.2,0.855
328,-1,1325.7,540.1,42.4,52.4,0.824
328,-1,1420.3,536.5,21.0,48.7,0.661
328,-1,1363.2,539.9,28.9,44.1,0.649
328,-1,936.2,476.0,15.2,51.0,0.631
328,-1,1810.9,546.9,21.6,100.7,0.543
328,-1,1430.8,534.2,30.2,62.8,0.530
328,-1,208.5,640.3,31.1,99.4,0.467
328,-1,1472.2,530.7,24.5,69.8,0.458
328,-1,1154.7,509.1,11.4,30.1,0.418
328,-1,1150.7,506.6,11.4,33.0,0.389
328,-1,877.0,502.0,13.5,35.2,0.365
328,-1,1308.4,511.9,18.8,37.7,0.347
328,-1,1531.9,550.5,28.0,93.8,0.336
328,-1,1282.7,517.2,16.9,46.4,0.329
328,-1,1228.9,530.2,19.6,42.9,0.308
328,-1,1158.6,506.8,10.3,32.0,0.303
328,-1,938.5,475.0,12.2,23.3,0.289
328,-1,1475.1,534.2,30.9,85.0,0.221
328,-1,1487.8,556.5,30.6,63.5,0.220
328,-1,1377.2,539.0,24.1,43.3,0.198
328,-1,1530.2,548.6,22.8,50.0,0.196
328,-1,876.6,496.5,11.7,28.5,0.166
328,-1,1442.3,533.6,39.1,85.1,0.163
328,-1,886.5,493.2,12.3,30.2,0.148
328,-1,1376.0,531.8,23.1,31.7,0.135
328,-1,879.3,495.1,18.7,37.5,0.114
328,-1,1411.8,538.8,17.5,46.2,0.102
328,-1,1166.0,508.4,11.1,38.2,0.095
328,-1,1329.6,518.6,21.0,27.4,0.091
328,-1,1289.3,516.1,18.4,49.0,0.086
328,-1,880.6,495.4,10.9,23.9,0.079
328,-1,1128.5,506.5,10.0,27.1,0.077
328,-1,1163.0,505.6,9.5,37.6,0.075
328,-1,196.4,638.5,77.0,150.4,0.068
328,-1,1837.7,543.6,21.6,68.0,0.066
328,-1,1544.4,570.4,25.1,64.7,0.064
328,-1,1315.8,529.3,53.4,93.9,0.055
329,-1,0.7,645.8,36.8,140.2,0.989
329,-1,24.6,649.3,41.6,130.1,0.988
329,-1,1561.8,584.9,53.4,153.6,0.988
329,-1,248.6,630.7,29.6,135.0,0.987
329,-1,1377.4,573.4,48.5,159.1,0.987
329,-1,1425.2,597.2,53.3,151.8,0.985
329,-1,1792.9,541.2,32.0,118.7,0.973
329,-1,207.6,634.6,42.9,149.3,0.971
329,-1,230.0,635.0,43.2,142.9,0.968
329,-1,1805.5,540.7,37.1,120.8,0.902
329,-1,1534.6,567.7,38.4,154.5,0.893
329,-1,1324.6,535.6,46.7,56.7,0.871
329,-1,1460.8,530.1,32.2,83.0,0.856
329,-1,938.2,471.8,15.5,51.0,0.790
329,-1,1423.4,533.0,19.5,48.2,0.641
329,-1,1819.7,546.2,20.3,107.2,0.540
329,-1,940.7,471.4,13.1,22.1,0.537
329,-1,1365.8,544.9,23.8,36.9,0.516
329,-1,1433.6,532.1,29.4,57.6,0.489
329,-1,1311.5,510.8,19.5,48.7,0.463
329,-1,1153.8,504.7,12.6,32.6,0.425
329,-1,1286.1,513.5,16.0,48.2,0.379
329,-1,1160.3,505.6,11.0,33.3,0.375
329,-1,1539.7,551.5,33.5,57.4,0.361
329,-1,1546.6,578.3,29.4,110.2,0.355
329,-1,1231.0,523.8,20.9,45.1,0.338
329,-1,1383.3,532.6,21.0,47.9,0.254
329,-1,1544.0,558.4,31.3,81.0,0.202
329,-1,1493.8,556.1,27.2,67.0,0.182
329,-1,890.7,488.2,11.3,25.5,0.180
329,-1,775.4,492.3,17.8,19.4,0.177
329,-1,1333.1,516.5,19.5,26.8,0.146
329,-1,1428.9,532.7,44.8,82.3,0.137
329,-1,204.2,634.4,33.8,87.4,0.118
329,-1,1843.4,536.0,22.3,78.1,0.109
329,-1,887.0,488.5,17.7,33.8,0.105
329,-1,878.4,492.1,12.5,25.7,0.104
329,-1,894.0,483.0,12.4,32.9,0.102
329,-1,1320.2,513.0,15.5,46.0,0.102
329,-1,1483.0,545.2,32.2,71.4,0.099
329,-1,879.4,492.0,20.3,34.5,0.097
329,-1,1413.5,537.2,16.6,44.3,0.079
329,-1,1384.4,529.9,18.7,30.1,0.079
329,-1,792.3,479.8,16.7,33.5,0.062
329,-1,1131.3,504.7,10.4,26.1,0.061
329,-1,1299.9,517.5,15.4,42.8,0.059
330,-1,201.0,638.6,39.3,147.4,0.990
330,-1,242.4,629.9,33.5,128.8,0.990
330,-1,1423.1,601.1,57.9,149.8,0.988
330,-1,1561.6,587.4,57.8,152.1,0.987
330,-1,21.9,650.1,41.5,129.1,0.983
330,-1,1376.2,572.9,50.5,160.7,0.983
330,-1,0.0,649.5,40.4,135.6,0.978
330,-1,215.5,636.8,40.9,143.0,0.960
330,-1,1797.5,540.4,36.1,121.0,0.928
330,-1,1807.9,540.1,40.7,123.1,0.909
330,-1,1329.7,535.2,46.5,56.9,0.856
330,-1,1464.6,527.5,33.3,83.2,0.773
330,-1,939.3,471.4,15.5,50.7,0.769
330,-1,1431.2,531.8,33.3,50.7,0.686
330,-1,1541.9,558.8,35.2,161.2,0.643
330,-1,1426.0,533.3,18.7,47.6,0.596
330,-1,1544.9,552.3,33.0,56.4,0.463
330,-1,1153.2,503.7,13.3,33.1,0.458
330,-1,1159.2,506.1,11.2,31.0,0.377
330,-1,1551.0,578.9,27.3,96.1,0.368
330,-1,1312.8,509.8,21.0,51.9,0.367
330,-1,941.6,473.8,11.1,21.7,0.334
330,-1,1287.3,514.7,16.0,47.9,0.310
330,-1,1368.9,537.2,31.1,43.4,0.264
330,-1,1471.8,528.1,29.8,57.0,0.217
330,-1,1489.2,552.4,35.2,63.0,0.207
330,-1,891.3,487.9,11.7,25.3,0.179
330,-1,1041.3,478.8,13.3,41.5,0.177
330,-1,198.1,639.9,28.7,105.2,0.175
330,-1,1425.5,561.2,61.4,60.1,0.155
330,-1,1429.7,527.6,45.0,80.4,0.152
330,-1,1334.8,515.6,20.5,28.1,0.145
330,-1,1163.8,503.3,10.1,35.2,0.142
330,-1,1389.0,528.4,17.9,34.1,0.142
330,-1,1825.9,547.9,21.6,91.9,0.128
330,-1,1295.8,515.1,18.9,45.3,0.122
330,-1,1329.6,514.7,17.4,28.6,0.112
330,-1,1523.8,549.2,45.5,165.8,0.104
330,-1,1382.5,532.3,23.0,45.2,0.104
330,-1,894.6,484.5,12.2,29.3,0.095
330,-1,943.4,469.9,14.4,23.3,0.095
330,-1,1233.3,529.8,19.9,42.0,0.086
330,-1,879.1,494.5,17.2,35.6,0.075
330,-1,217.2,634.7,20.3,30.8,0.069
330,-1,1406.6,536.5,22.3,45.2,0.066
330,-1,884.7,488.3,21.4,35.1,0.063
330,-1,1153.8,449.0,12.2,28.1,0.053
331,-1,1425.3,601.7,56.5,148.6,0.995
331,-1,1567.8,585.0,60.7,153.4,0.989
331,-1,12.4,649.2,45.9,131.3,0.986
331,-1,234.4,627.9,41.1,141.0,0.984
331,-1,0.5,650.6,36.9,135.3,0.978
331,-1,211.2,633.7,39.4,148.0,0.974
331,-1,1804.3,539.1,32.2,118.7,0.974
331,-1,1367.7,567.7,67.0,164.1,0.970
331,-1,195.3,635.0,39.0,149.6,0.961
331,-1,1813.2,536.4,39.0,124.7,0.833
331,-1,1465.7,525.3,34.0,86.5,0.828
331,-1,1429.5,526.6,36.7,61.9,0.821
331,-1,1326.6,516.6,53.6,76.4,0.819
331,-1,940.1,469.5,15.1,50.7,0.783
331,-1,1550.6,547.7,32.8,56.3,0.667
331,-1,1546.8,580.7,35.1,141.3,0.654
331,-1,1830.3,542.0,23.7,110.6,0.510
331,-1,1371.0,533.2,34.9,44.6,0.441
331,-1,1154.7,500.9,14.5,32.7,0.339
331,-1,1042.1,474.8,11.9,35.6,0.335
331,-1,1551.9,568.8,30.7,64.2,0.304
331,-1,1391.9,569.1,78.6,173.0,0.279
331,-1,1427.0,527.1,20.8,50.7,0.210
331,-1,1386.6,513.1,22.0,36.2,0.198
331,-1,1294.5,508.3,16.0,47.7,0.190
331,-1,941.1,468.1,13.7,27.7,0.188
331,-1,1404.2,532.1,30.1,46.8,0.187
331,-1,1316.5,505.3,18.2,43.3,0.182
331,-1,1288.9,507.7,15.8,48.7,0.173
331,-1,1327.4,510.9,16.4,47.9,0.167
331,-1,1472.1,524.5,50.3,89.5,0.160
331,-1,1366.4,512.3,22.3,31.3,0.135
331,-1,1385.8,523.2,23.9,45.0,0.121
331,-1,672.6,494.2,19.3,80.3,0.118
331,-1,1369.5,524.6,27.9,42.4,0.115
331,-1,1321.0,506.8,18.8,55.7,0.115
331,-1,196.3,642.2,25.3,79.9,0.110
331,-1,1350.7,515.4,50.0,70.6,0.087
331,-1,1236.1,525.4,18.3,40.6,0.085
331,-1,1377.6,512.0,23.9,26.2,0.065
331,-1,1299.6,510.4,18.1,45.3,0.059
331,-1,679.5,494.6,18.6,83.0,0.056
331,-1,877.3,491.2,16.7,29.0,0.056
331,-1,1430.4,530.7,52.6,81.9,0.055
332,-1,235.1,626.2,39.6,138.6,0.992
332,-1,1419.8,595.6,66.7,156.7,0.992
332,-1,187.0,633.6,43.0,150.8,0.990
332,-1,7.9,647.0,41.8,131.1,0.985
332,-1,1571.0,584.8,61.0,152.0,0.984
332,-1,1359.0,565.1,74.0,166.9,0.980
332,-1,1809.1,534.1,35.8,122.7,0.961
332,-1,204.7,632.1,42.0,150.1,0.956
332,-1,0.2,645.1,30.7,139.3,0.918
332,-1,1332.3,518.0,45.4,72.1,0.846
332,-1,1826.8,535.7,34.2,121.1,0.771
332,-1,1428.3,519.4,39.4,55.4,0.757
332,-1,0.2,652.9,16.3,130.8,0.740
332,-1,1372.1,530.8,40.5,46.9,0.739
332,-1,1471.6,521.9,35.8,80.2,0.682
332,-1,1548.9,551.0,41.7,168.9,0.594
332,-1,1556.5,546.6,32.7,61.0,0.465
332,-1,941.3,467.7,14.1,49.6,0.437
332,-1,1238.6,519.6,18.3,44.7,0.429
332,-1,1287.7,508.7,11.8,47.9,0.373
332,-1,1042.7,472.5,11.0,32.7,0.278
332,-1,1556.3,554.4,29.0,100.5,0.269
332,-1,1298.4,506.6,17.3,47.5,0.257
332,-1,942.7,466.7,12.5,27.2,0.251
332,-1,889.5,482.2,16.6,29.7,0.238
332,-1,1318.3,502.4,20.8,56.3,0.216
332,-1,1410.0,527.6,29.5,48.6,0.198
332,-1,1157.7,498.4,13.8,32.0,0.180
332,-1,1427.8,525.5,20.2,49.2,0.167
332,-1,1390.3,512.8,21.1,35.1,0.108
332,-1,1859.4,530.1,23.4,81.3,0.101
332,-1,881.6,486.6,22.8,29.3,0.100
332,-1,1473.4,520.6,56.9,94.3,0.100
332,-1,1325.6,504.4,15.5,35.8,0.088
332,-1,1839.7,541.3,19.4,105.2,0.086
332,-1,1428.3,529.7,50.8,82.3,0.078
332,-1,882.3,485.6,14.1,23.9,0.075
332,-1,1336.5,509.1,22.8,37.4,0.055
332,-1,1359.8,516.0,49.2,68.7,0.052
333,-1,1574.3,583.1,61.2,156.1,0.987
333,-1,2.1,647.3,42.6,132.7,0.985
333,-1,1420.3,593.2,70.1,161.3,0.984
333,-1,201.9,632.2,49.9,145.9,0.979
333,-1,1349.4,562.6,84.3,167.3,0.979
333,-1,231.1,623.4,37.2,141.1,0.966
333,-1,1813.5,531.7,39.8,124.1,0.964
333,-1,186.8,632.3,44.8,151.2,0.961
333,-1,1333.6,511.9,47.1,76.8,0.889
333,-1,1435.8,520.6,33.9,56.9,0.698
333,-1,1473.1,518.5,35.1,89.6,0.593
333,-1,942.6,463.5,13.0,51.8,0.552
333,-1,1562.3,546.1,31.3,56.8,0.542
333,-1,1832.4,534.2,31.9,120.1,0.470
333,-1,1375.9,526.6,36.2,49.7,0.413
333,-1,1556.6,536.8,36.4,142.5,0.386
333,-1,1410.7,563.6,47.7,148.6,0.375
333,-1,1430.3,525.2,19.6,43.0,0.315
333,-1,811.1,478.5,11.5,23.5,0.285
333,-1,1241.8,518.3,17.3,43.2,0.276
333,-1,1505.9,545.8,29.8,67.1,0.252
333,-1,0.8,648.3,18.9,135.9,0.252
333,-1,1319.9,500.4,19.5,48.6,0.218
333,-1,779.5,484.9,19.0,19.8,0.213
333,-1,1416.2,527.3,23.8,45.9,0.197
333,-1,943.7,463.5,12.1,25.4,0.191
333,-1,1298.6,504.3,17.3,47.7,0.174
333,-1,651.3,483.9,27.6,102.5,0.133
333,-1,1389.1,508.7,23.0,37.1,0.132
333,-1,1291.0,507.6,12.1,44.6,0.127
333,-1,682.0,487.4,16.9,78.6,0.120
333,-1,1559.5,571.6,24.5,37.1,0.113
333,-1,1339.7,506.5,21.4,29.1,0.107
333,-1,1158.5,497.7,12.1,30.9,0.093
333,-1,672.3,485.9,20.3,84.3,0.089
333,-1,1416.5,559.3,61.9,61.1,0.087
333,-1,1336.3,506.5,28.3,49.4,0.084
333,-1,1551.1,553.4,36.2,181.3,0.082
333,-1,887.3,482.2,18.7,31.8,0.079
333,-1,892.9,477.6,12.6,28.8,0.070
333,-1,1478.4,531.5,54.5,85.3,0.069
333,-1,881.8,485.6,13.4,24.2,0.067
333,-1,777.9,486.7,24.7,27.0,0.067
333,-1,684.1,489.1,11.3,35.9,0.066
333,-1,1559.5,570.6,24.4,90.7,0.051
334,-1,1.1,645.6,40.4,135.2,0.994
334,-1,1582.5,579.1,58.2,157.5,0.989
334,-1,220.1,622.6,46.5,142.8,0.985
334,-1,185.0,629.4,42.2,151.8,0.985
334,-1,1819.6,528.3,35.5,122.5,0.984
334,-1,1418.7,591.9,78.2,161.6,0.979
334,-1,198.7,628.4,43.6,148.6,0.957
334,-1,1351.5,557.6,95.9,170.1,0.935
334,-1,1333.2,512.3,49.1,72.8,0.898
334,-1,1833.7,528.1,38.6,123.6,0.784
334,-1,1478.0,516.4,31.0,72.0,0.693
334,-1,1439.7,514.8,33.5,53.7,0.686
334,-1,1377.2,531.5,36.2,41.3,0.659
334,-1,1511.7,541.9,30.1,56.6,0.515
334,-1,1570.7,544.2,28.0,45.8,0.476
334,-1,1420.5,559.8,56.3,52.6,0.414
334,-1,778.7,480.8,20.8,22.5,0.402
334,-1,944.4,463.4,11.5,48.4,0.366
334,-1,1492.3,514.8,23.9,45.6,0.311
334,-1,1435.6,510.5,47.5,86.3,0.287
334,-1,1419.4,522.5,26.1,47.1,0.258
334,-1,1300.8,500.4,15.7,48.6,0.254
334,-1,1850.0,533.5,20.8,106.5,0.211
334,-1,1244.5,517.5,16.1,42.4,0.199
334,-1,1379.1,515.1,47.5,58.4,0.191
334,-1,1404.2,519.5,34.4,51.2,0.166
334,-1,1291.7,501.3,13.0,48.4,0.165
334,-1,1411.7,569.9,50.1,154.3,0.161
334,-1,1375.4,503.5,23.6,32.8,0.158
334,-1,944.3,460.5,12.2,23.4,0.144
334,-1,1323.9,500.2,19.4,58.2,0.132
334,-1,1158.5,492.2,15.1,33.1,0.125
334,-1,1430.1,523.1,19.7,41.2,0.123
334,-1,681.9,485.6,18.6,80.5,0.122
334,-1,1391.6,505.4,21.0,34.1,0.118
334,-1,1549.5,536.4,47.4,166.6,0.114
334,-1,185.7,641.2,25.1,102.7,0.109
334,-1,1390.2,515.5,26.5,50.3,0.102
334,-1,649.8,478.4,29.0,106.4,0.099
334,-1,685.1,487.4,10.9,27.6,0.091
334,-1,1543.4,537.4,53.5,66.4,0.085
334,-1,884.5,479.8,20.8,28.4,0.082
334,-1,1565.5,567.5,21.3,36.7,0.081
334,-1,1157.4,438.2,14.1,30.2,0.073
334,-1,684.8,486.9,12.9,46.6,0.072
334,-1,1295.8,502.3,14.2,47.8,0.071
334,-1,1418.4,559.0,63.1,120.1,0.053
335,-1,0.7,645.1,37.9,136.6,0.992
335,-1,1825.2,524.1,41.9,126.6,0.984
335,-1,220.8,620.6,43.7,142.5,0.977
335,-1,1349.6,548.2,88.2,179.7,0.975
335,-1,190.1,627.5,46.1,157.4,0.971
335,-1,175.2,630.1,42.2,154.9,0.967
335,-1,1425.7,592.0,72.7,163.8,0.965
335,-1,1588.2,574.0,59.2,164.4,0.961
335,-1,1336.4,522.1,45.0,65.2,0.890
335,-1,1439.7,513.9,34.6,56.1,0.738
335,-1,1478.8,516.5,31.0,71.4,0.718
335,-1,1415.4,563.0,48.7,168.0,0.646
335,-1,1575.5,542.7,27.8,46.5,0.533
335,-1,1845.1,526.6,30.9,124.1,0.503
335,-1,1580.0,582.1,49.9,92.2,0.475
335,-1,1326.1,496.0,18.4,53.8,0.453
335,-1,1159.0,489.4,15.5,34.3,0.443
335,-1,1422.4,558.7,39.5,61.7,0.391
335,-1,1392.6,558.5,91.7,182.0,0.386
335,-1,945.7,458.8,11.8,22.4,0.314
335,-1,944.5,471.9,12.4,37.6,0.306
335,-1,1381.7,521.2,40.9,50.8,0.285
335,-1,1246.4,514.2,16.6,45.6,0.258
335,-1,779.4,480.9,21.5,21.4,0.256
335,-1,1376.9,501.5,23.9,41.0,0.240
335,-1,1547.6,527.9,42.7,136.9,0.216
335,-1,1046.9,465.8,13.1,35.4,0.213
335,-1,1395.3,503.3,21.5,35.0,0.202
335,-1,1138.2,489.6,10.5,26.8,0.188
335,-1,881.6,479.8,14.7,23.5,0.188
335,-1,1496.6,517.3,25.4,55.6,0.170
335,-1,1416.9,558.3,63.2,80.6,0.157
335,-1,1561.6,573.3,50.9,89.1,0.143
335,-1,1302.2,498.9,16.2,50.0,0.137
335,-1,1516.0,539.5,29.7,68.4,0.133
335,-1,1552.4,532.9,50.5,69.3,0.129
335,-1,1081.1,486.8,12.6,25.9,0.127
335,-1,1091.1,486.0,12.4,26.3,0.110
335,-1,880.3,479.2,22.2,34.6,0.103
335,-1,1425.2,545.3,58.6,61.1,0.095
335,-1,1330.5,497.0,21.8,62.3,0.089
335,-1,1569.7,555.2,24.4,46.3,0.085
335,-1,1342.5,500.5,22.4,32.4,0.085
335,-1,1400.3,506.1,51.6,65.5,0.081
335,-1,671.4,482.2,19.5,82.4,0.075
335,-1,649.9,478.9,28.5,101.4,0.073
335,-1,1567.8,538.4,40.5,100.9,0.072
335,-1,1337.8,499.1,28.3,52.8,0.071
335,-1,169.2,652.4,35.3,118.2,0.066
335,-1,685.2,483.9,18.1,76.2,0.066
335,-1,1293.7,501.4,13.9,46.4,0.063
335,-1,685.0,485.4,12.6,34.9,0.061
335,-1,1439.4,510.6,50.3,78.9,0.060
335,-1,775.3,406.2,16.1,47.2,0.056
336,-1,1426.6,591.0,76.1,164.7,0.988
336,-1,1584.9,577.0,57.1,161.2,0.981
336,-1,218.8,622.6,38.3,141.1,0.981
336,-1,0.0,647.4,34.9,135.8,0.979
336,-1,192.0,630.7,48.6,148.5,0.975
336,-1,1350.0,551.5,83.6,173.8,0.972
336,-1,1831.7,516.1,41.6,130.3,0.962
336,-1,174.9,629.8,43.4,153.7,0.962
336,-1,1337.3,513.5,45.3,70.8,0.898
336,-1,1416.5,553.0,48.4,179.3,0.762
336,-1,1442.4,510.0,40.5,55.2,0.751
336,-1,1482.6,510.4,33.4,84.3,0.659
336,-1,1386.0,508.6,47.6,60.5,0.494
336,-1,1579.3,537.2,31.8,51.9,0.458
336,-1,1327.9,492.5,18.7,60.2,0.370
336,-1,945.5,464.0,12.2,43.3,0.351
336,-1,1577.1,565.3,50.0,137.2,0.328
336,-1,1857.1,524.6,24.4,121.6,0.323
336,-1,945.8,457.0,11.9,23.6,0.312
336,-1,1425.5,554.7,30.6,45.5,0.284
336,-1,880.8,478.7,19.1,28.1,0.281
336,-1,1248.0,510.3,16.4,47.7,0.268
336,-1,1553.3,529.9,37.0,146.9,0.267
336,-1,1577.4,534.2,45.1,78.7,0.236
336,-1,1382.8,499.7,36.5,42.6,0.223
336,-1,1140.1,488.0,10.1,26.7,0.211
336,-1,1383.1,557.3,124.2,178.3,0.201
336,-1,1494.3,509.1,29.4,52.2,0.190
336,-1,1564.7,535.9,43.6,155.1,0.169
336,-1,1162.2,488.9,14.9,31.6,0.164
336,-1,1419.9,555.6,40.2,83.1,0.141
336,-1,871.8,476.9,34.4,42.3,0.124
336,-1,175.0,635.7,28.8,96.5,0.123
336,-1,1340.4,497.2,29.6,49.8,0.111
336,-1,1377.8,497.4,23.9,42.6,0.087
336,-1,1581.6,572.2,50.9,77.6,0.085
336,-1,1517.1,542.1,29.6,58.4,0.077
336,-1,1304.2,495.5,16.2,49.2,0.074
336,-1,1487.1,509.9,57.4,90.8,0.067
336,-1,1295.7,495.6,13.4,46.8,0.066
336,-1,1346.4,498.0,21.4,29.9,0.057
337,-1,1432.2,596.0,77.4,165.5,0.995
337,-1,212.2,622.5,42.9,147.7,0.990
337,-1,173.3,630.3,45.7,155.9,0.984
337,-1,1352.4,563.2,82.5,166.4,0.978
337,-1,1836.2,524.4,40.7,126.3,0.977
337,-1,0.2,646.9,29.2,138.1,0.961
337,-1,186.8,631.2,52.7,153.3,0.943
337,-1,1587.1,586.8,50.8,156.6,0.905
337,-1,1420.7,563.3,39.6,169.8,0.776
337,-1,1485.9,513.1,34.1,76.7,0.763
337,-1,1445.8,513.2,34.3,57.8,0.739
337,-1,1339.9,514.4,46.1,80.9,0.689
337,-1,1329.5,492.4,21.5,72.2,0.651
337,-1,1560.9,529.2,39.4,135.5,0.424
337,-1,1389.7,509.9,45.2,61.5,0.417
337,-1,1141.2,490.7,10.1,25.9,0.416
337,-1,1531.3,544.6,27.6,69.2,0.397
337,-1,1348.1,499.5,21.6,30.0,0.320
337,-1,1589.7,540.4,32.5,60.8,0.296
337,-1,1162.9,488.8,13.4,34.4,0.285
337,-1,882.1,479.1,21.2,31.9,0.280
337,-1,1580.9,539.2,41.1,125.4,0.269
337,-1,1501.4,513.8,26.7,63.6,0.253
337,-1,1375.8,553.7,95.1,181.2,0.250
337,-1,1866.7,529.7,22.1,117.6,0.242
337,-1,1342.9,500.1,26.3,52.8,0.239
337,-1,1048.7,464.7,12.4,45.4,0.231
337,-1,1423.2,557.0,35.3,88.5,0.216
337,-1,1375.9,502.8,45.3,70.7,0.209
337,-1,1398.8,506.1,22.5,32.3,0.193
337,-1,947.3,478.0,10.9,31.9,0.159
337,-1,1379.3,501.6,22.6,36.9,0.157
337,-1,1169.4,489.7,10.6,31.5,0.153
337,-1,947.4,455.7,12.4,25.5,0.151
337,-1,1560.1,535.3,68.4,187.2,0.146
337,-1,781.0,479.8,20.0,22.0,0.140
337,-1,685.8,485.8,11.6,26.4,0.139
337,-1,687.0,483.8,14.6,68.2,0.135
337,-1,1431.6,520.7,23.1,40.0,0.134
337,-1,1379.9,529.1,32.8,43.1,0.131
337,-1,1428.0,554.3,26.6,31.3,0.117
337,-1,1406.0,520.3,33.7,49.4,0.113
337,-1,1306.6,498.3,16.8,49.9,0.110
337,-1,1250.1,513.0,16.4,42.6,0.106
337,-1,1887.0,519.6,23.4,89.7,0.101
337,-1,676.2,484.5,19.7,80.2,0.096
337,-1,684.3,484.8,13.5,47.0,0.093
337,-1,1427.6,561.8,63.4,166.2,0.072
337,-1,1523.1,549.5,26.2,55.3,0.071
337,-1,1298.4,497.4,13.7,47.5,0.067
337,-1,776.3,406.9,15.4,44.0,0.063
337,-1,980.2,485.6,7.5,18.2,0.059
337,-1,903.7,465.6,10.3,43.3,0.055
337,-1,171.1,637.7,28.2,115.3,0.054
338,-1,1435.2,597.6,75.0,162.4,0.995
338,-1,1844.0,521.2,33.5,124.7,0.992
338,-1,209.7,625.4,44.9,150.8,0.992
338,-1,1357.5,564.1,76.7,168.1,0.990
338,-1,174.8,635.5,44.1,160.8,0.987
338,-1,1591.5,573.0,48.7,169.6,0.963
338,-1,167.6,645.0,32.7,147.3,0.867
338,-1,1420.0,557.1,39.5,174.0,0.865
338,-1,189.9,633.9,46.3,150.8,0.845
338,-1,0.0,648.2,20.8,144.3,0.824
338,-1,1490.3,509.6,34.3,88.3,0.817
338,-1,1340.8,511.2,47.1,108.2,0.816
338,-1,1388.7,508.4,48.4,61.9,0.798
338,-1,1445.5,512.5,36.2,56.2,0.724
338,-1,1862.8,521.8,31.2,126.8,0.523
338,-1,1329.8,490.8,23.5,71.6,0.450
338,-1,1445.8,506.7,50.2,85.0,0.375
338,-1,948.5,456.7,10.8,23.6,0.361
338,-1,1592.0,531.7,39.2,68.7,0.358
338,-1,1398.5,509.4,28.7,40.5,0.292
338,-1,1892.1,517.0,24.9,87.2,0.287
338,-1,1461.3,512.2,31.8,55.6,0.272
338,-1,1530.5,543.9,34.5,67.2,0.266
338,-1,1566.2,534.1,45.0,173.9,0.259
338,-1,1382.0,520.4,35.8,48.3,0.246
338,-1,881.5,478.1,22.5,33.7,0.233
338,-1,1425.2,559.2,32.1,85.3,0.226
338,-1,1432.6,517.2,22.8,41.7,0.225
338,-1,1381.3,498.4,24.9,43.1,0.198
338,-1,1504.0,506.6,25.4,53.7,0.195
338,-1,1163.2,487.7,11.2,30.6,0.185
338,-1,1559.0,523.5,42.6,132.0,0.179
338,-1,1349.6,496.8,21.8,31.5,0.172
338,-1,1529.5,550.8,23.3,48.2,0.119
338,-1,947.5,468.6,11.5,38.6,0.107
338,-1,1386.6,505.1,30.9,42.8,0.105
338,-1,1389.8,512.7,50.0,120.0,0.101
338,-1,1497.6,501.7,61.6,98.6,0.098
338,-1,979.7,484.0,7.2,19.1,0.096
338,-1,1396.6,563.5,112.4,180.7,0.091
338,-1,1341.6,517.8,79.8,190.0,0.073
338,-1,1562.6,578.6,67.5,105.6,0.073
338,-1,1344.0,497.4,28.7,50.5,0.069
338,-1,1402.4,539.6,47.8,104.9,0.063
338,-1,681.9,482.3,17.0,78.6,0.063
338,-1,1875.0,528.6,19.0,75.8,0.061
338,-1,902.0,463.7,11.1,43.4,0.061
338,-1,775.9,406.2,15.6,39.2,0.057
338,-1,1408.4,506.8,52.9,63.1,0.056
339,-1,1361.2,568.3,73.4,166.0,0.990
339,-1,1436.6,600.1,74.1,167.3,0.988
339,-1,1845.8,522.1,43.3,128.1,0.985
339,-1,180.5,639.3,42.9,152.2,0.983
339,-1,1420.4,560.4,43.3,175.1,0.976
339,-1,207.0,630.1,45.3,144.4,0.976
339,-1,161.4,658.6,33.1,138.0,0.951
339,-1,1592.0,574.8,49.4,171.8,0.943
339,-1,1491.5,512.3,31.1,81.8,0.906
339,-1,1403.6,513.1,23.5,28.3,0.768
339,-1,1332.6,493.9,21.2,61.6,0.748
339,-1,1341.5,518.9,49.9,108.4,0.742
339,-1,1444.0,521.1,35.2,49.8,0.667
339,-1,1534.3,542.0,35.5,74.3,0.629
339,-1,1596.8,537.0,34.0,68.0,0.569
339,-1,1350.8,499.6,20.3,29.0,0.526
339,-1,1169.9,492.0,11.3,30.0,0.487
339,-1,1163.9,489.5,10.7,30.8,0.446
339,-1,1141.7,490.6,10.7,25.6,0.427
339,-1,1462.7,516.5,31.0,54.6,0.376
339,-1,0.0,662.1,10.8,135.3,0.375
339,-1,1861.1,519.9,42.3,131.7,0.358
339,-1,1401.3,514.2,28.7,44.4,0.346
339,-1,1562.0,572.0,22.2,101.7,0.340
339,-1,1383.3,528.9,26.8,42.2,0.296
339,-1,781.4,481.9,19.1,19.5,0.292
339,-1,1434.0,522.2,25.0,43.1,0.263
339,-1,948.3,458.0,11.3,23.7,0.251
339,-1,1383.7,502.5,24.9,34.0,0.232
339,-1,1508.1,513.7,25.8,78.2,0.228
339,-1,1388.7,518.1,23.1,28.1,0.210
339,-1,1565.2,535.6,44.1,176.6,0.209
339,-1,947.2,479.5,11.5,30.5,0.204
339,-1,900.8,467.1,12.2,41.7,0.179
339,-1,1389.7,513.3,53.6,60.3,0.176
339,-1,977.0,482.3,8.5,28.6,0.159
339,-1,0.1,667.9,9.1,66.4,0.156
339,-1,1514.4,516.0,17.3,44.2,0.148
339,-1,1571.8,537.5,63.3,85.7,0.143
339,-1,1061.2,465.2,11.8,29.5,0.109
339,-1,1381.5,509.0,22.4,37.0,0.102
339,-1,1400.0,553.8,89.1,188.2,0.097
339,-1,1342.0,514.2,77.7,203.1,0.090
339,-1,880.9,480.9,22.3,35.3,0.087
339,-1,1056.6,469.0,12.6,31.2,0.083
339,-1,1306.8,498.0,22.6,50.9,0.082
339,-1,1350.0,544.5,53.5,138.8,0.081
339,-1,1391.1,521.5,30.6,48.3,0.081
339,-1,1424.7,561.7,32.0,97.4,0.068
339,-1,1879.4,530.9,20.6,109.6,0.066
339,-1,1568.1,578.9,67.8,121.1,0.065
339,-1,1152.2,492.2,10.6,28.2,0.065
339,-1,1051.7,467.4,12.3,38.0,0.064
339,-1,1352.7,514.6,58.6,76.8,0.056
339,-1,1412.9,517.2,58.8,55.0,0.056
339,-1,1896.6,515.5,23.4,93.8,0.055
339,-1,780.0,482.5,23.6,36.6,0.055
339,-1,993.8,487.7,13.6,25.4,0.054
340,-1,1435.3,599.0,82.9,170.1,0.989
340,-1,1852.3,519.8,43.8,129.9,0.988
340,-1,197.5,631.1,49.4,155.3,0.988
340,-1,1362.6,568.9,71.2,166.1,0.987
340,-1,1571.4,572.7,71.3,177.0,0.981
340,-1,155.4,649.0,38.9,151.2,0.978
340,-1,165.7,638.6,52.2,160.1,0.975
340,-1,1420.8,557.7,44.0,174.1,0.967
340,-1,1494.3,511.1,31.3,80.6,0.894
340,-1,1344.2,511.6,47.3,125.8,0.806
340,-1,1446.8,518.6,32.6,50.4,0.754
340,-1,1536.7,540.4,38.7,68.5,0.752
340,-1,1872.2,521.7,34.6,130.4,0.680
340,-1,1602.2,538.1,32.1,63.5,0.671
340,-1,1406.3,511.2,23.6,28.0,0.535
340,-1,1607.5,583.1,36.6,159.8,0.504
340,-1,1167.8,488.5,12.7,31.3,0.468
340,-1,949.0,457.0,11.1,23.6,0.404
340,-1,1469.1,516.2,27.7,54.3,0.400
340,-1,1564.7,569.0,26.4,102.6,0.353
340,-1,1513.1,511.4,22.2,52.2,0.319
340,-1,1389.1,500.0,23.6,34.8,0.312
340,-1,1163.8,487.9,12.1,30.7,0.283
340,-1,1516.6,513.6,20.7,81.3,0.271
340,-1,1390.2,522.0,45.4,49.1,0.257
340,-1,949.5,484.1,10.0,26.0,0.239
340,-1,1566.3,563.5,48.5,156.9,0.209
340,-1,883.4,478.8,18.5,32.4,0.192
340,-1,1336.0,491.9,19.4,38.6,0.174
340,-1,1395.9,515.4,25.8,26.8,0.144
340,-1,1439.4,519.4,23.1,42.8,0.127
340,-1,776.6,405.0,16.0,41.5,0.126
340,-1,1353.5,497.2,20.8,29.2,0.117
340,-1,1384.8,528.6,29.5,41.1,0.116
340,-1,1404.2,513.4,27.6,50.4,0.113
340,-1,902.6,467.0,10.5,37.9,0.093
340,-1,1308.7,497.3,20.1,49.2,0.092
340,-1,1387.6,513.2,25.6,33.8,0.084
340,-1,1406.2,580.1,27.8,79.9,0.083
340,-1,873.4,482.5,27.6,37.0,0.072
340,-1,1431.6,604.1,63.6,113.9,0.072
340,-1,867.1,477.6,23.2,25.0,0.070
340,-1,1548.2,541.4,26.7,38.4,0.069
340,-1,1405.7,579.3,25.1,29.5,0.068
340,-1,1903.3,524.8,16.7,81.5,0.055
340,-1,978.6,482.4,8.0,23.7,0.055
340,-1,947.3,464.4,12.0,40.3,0.053
341,-1,159.3,643.0,49.1,155.3,0.995
341,-1,1430.1,604.5,87.3,170.7,0.993
341,-1,1855.0,522.7,45.2,131.3,0.986
341,-1,194.9,638.9,42.8,142.0,0.983
341,-1,1366.4,570.2,66.4,169.3,0.983
341,-1,1602.8,581.1,46.3,173.1,0.969
341,-1,1417.6,565.2,41.8,180.8,0.937
341,-1,1498.6,515.8,31.3,88.4,0.873
341,-1,1542.8,544.5,37.3,69.5,0.870
341,-1,1565.0,576.2,38.9,156.7,0.804
341,-1,1342.9,510.9,50.0,96.3,0.787
341,-1,1444.7,524.6,36.7,47.0,0.771
341,-1,1607.6,543.9,32.3,64.1,0.696
341,-1,1388.5,504.2,25.6,42.7,0.466
341,-1,1881.2,533.7,29.6,115.2,0.460
341,-1,1404.8,520.9,34.7,53.3,0.428
341,-1,1572.8,580.0,61.9,157.8,0.416
341,-1,1387.5,527.4,41.6,46.0,0.369
341,-1,1336.6,495.6,19.6,38.4,0.365
341,-1,1167.5,491.0,13.8,32.5,0.364
341,-1,153.3,661.2,29.4,138.3,0.331
341,-1,1406.3,515.2,22.8,28.5,0.331
341,-1,1468.3,519.6,30.6,54.0,0.321
341,-1,1515.7,517.5,23.7,80.7,0.309
341,-1,1394.6,503.6,20.4,27.1,0.274
341,-1,1604.9,543.6,39.0,118.3,0.255
341,-1,1380.4,562.1,83.4,185.4,0.236
341,-1,1508.1,513.8,28.4,57.5,0.233
341,-1,1407.0,504.5,20.6,26.8,0.171
341,-1,1164.8,490.5,11.1,30.8,0.157
341,-1,1394.7,515.8,26.5,31.5,0.156
341,-1,1355.3,501.6,19.9,29.5,0.155
341,-1,1422.9,576.8,57.3,143.8,0.136
341,-1,980.5,487.9,7.5,24.5,0.134
341,-1,1400.7,504.9,24.1,35.8,0.128
341,-1,1143.2,490.8,11.6,27.3,0.116
341,-1,1563.8,583.2,30.8,93.7,0.108
341,-1,1310.0,500.3,20.9,50.7,0.105
341,-1,153.9,658.3,26.2,71.6,0.102
341,-1,1334.1,502.2,22.9,72.3,0.091
341,-1,1397.8,514.1,43.4,88.1,0.075
341,-1,950.2,459.8,10.2,22.3,0.068
341,-1,1392.9,522.1,75.6,52.8,0.059
341,-1,1604.3,583.5,33.8,109.6,0.057
342,-1,1431.6,607.3,83.4,174.4,0.994
342,-1,1862.8,523.4,44.1,133.9,0.989
342,-1,189.3,637.8,47.8,149.5,0.986
342,-1,156.2,644.2,42.5,160.8,0.975
342,-1,1367.7,568.7,60.8,175.7,0.944
342,-1,140.2,656.4,47.1,151.7,0.937
342,-1,1415.8,562.7,43.3,144.0,0.921
342,-1,1573.6,579.7,77.2,175.4,0.918
342,-1,1500.6,516.6,30.2,86.0,0.865
342,-1,1565.2,570.8,42.0,170.8,0.860
342,-1,1547.7,545.6,36.9,65.3,0.774
342,-1,1445.2,524.0,38.2,50.4,0.770
342,-1,1609.1,544.1,36.3,65.0,0.749
342,-1,1344.3,513.3,50.3,98.3,0.672
342,-1,1515.8,513.4,26.1,79.8,0.627
342,-1,1168.4,492.0,13.3,32.6,0.601
342,-1,1889.3,530.0,27.4,126.6,0.584
342,-1,1475.1,518.2,28.9,57.4,0.523
342,-1,1144.2,491.8,10.8,26.5,0.468
342,-1,1408.7,516.0,21.5,29.5,0.464
342,-1,164.6,641.2,59.0,155.4,0.430
342,-1,1406.2,520.1,37.0,54.3,0.396
342,-1,1610.7,577.1,43.9,167.8,0.297
342,-1,1608.6,553.6,40.1,128.0,0.297
342,-1,1338.6,496.0,20.1,38.3,0.277
342,-1,1396.3,504.1,20.0,29.6,0.270
342,-1,1390.3,529.3,24.9,43.8,0.266
342,-1,949.8,459.6,11.6,22.8,0.234
342,-1,1389.9,506.2,22.6,41.2,0.227
342,-1,1357.1,502.4,20.4,29.5,0.191
342,-1,1388.2,559.7,81.7,191.8,0.183
342,-1,948.6,461.9,13.0,49.3,0.172
342,-1,1395.7,522.7,23.3,27.2,0.135
342,-1,979.9,483.5,8.4,28.1,0.128
342,-1,1178.7,490.5,11.5,38.1,0.103
342,-1,1898.7,535.9,18.1,87.3,0.100
342,-1,1437.3,599.1,57.3,116.4,0.092
342,-1,1311.7,501.4,20.4,50.1,0.091
342,-1,1152.3,494.1,13.7,29.1,0.090
342,-1,150.9,660.9,24.4,86.5,0.086
342,-1,684.9,490.5,11.3,24.8,0.079
342,-1,1613.6,601.5,32.7,88.8,0.078
342,-1,1415.0,520.1,54.5,56.3,0.077
342,-1,152.5,641.9,47.4,84.0,0.068
342,-1,903.0,469.4,11.9,42.7,0.067
342,-1,1374.0,504.3,21.0,27.6,0.067
342,-1,1412.5,651.8,48.3,97.0,0.059
342,-1,1351.1,549.8,42.5,124.0,0.059
342,-1,684.8,488.0,12.5,58.4,0.058
342,-1,1409.2,505.0,17.8,29.3,0.057
342,-1,1303.8,504.2,12.9,47.2,0.057
342,-1,995.3,485.8,15.5,24.1,0.056
342,-1,1400.1,522.5,25.0,44.8,0.051
343,-1,1440.4,612.0,71.0,174.4,0.998
343,-1,187.6,641.7,45.6,155.0,0.990
343,-1,141.4,652.6,46.1,162.3,0.984
343,-1,1867.1,528.3,40.6,133.7,0.983
343,-1,1412.5,567.4,49.5,188.7,0.973
343,-1,158.3,647.9,45.9,160.9,0.957
343,-1,1612.2,541.5,44.2,220.2,0.943
343,-1,1368.7,574.8,52.9,174.4,0.942
343,-1,1501.2,521.5,31.9,90.4,0.890
343,-1,1574.3,571.7,85.9,195.8,0.861
343,-1,1569.3,581.1,40.1,178.8,0.857
343,-1,1443.6,527.2,41.6,53.9,0.714
343,-1,1551.0,548.9,35.7,64.3,0.706
343,-1,1344.1,518.2,54.0,156.0,0.701
343,-1,1519.7,520.1,24.0,86.9,0.677
343,-1,1616.3,549.4,34.0,89.8,0.571
343,-1,1403.4,521.1,41.0,59.9,0.485
343,-1,948.3,465.5,14.2,49.5,0.465
343,-1,1338.4,498.7,22.4,50.6,0.405
343,-1,1345.9,521.7,53.5,73.4,0.385
343,-1,1474.9,521.7,31.2,58.8,0.368
343,-1,1896.5,536.5,23.5,127.2,0.337
343,-1,950.1,464.6,11.9,22.1,0.325
343,-1,1372.3,563.3,112.1,193.9,0.284
343,-1,1410.6,517.4,24.3,34.0,0.262
343,-1,1394.5,508.0,23.6,39.6,0.228
343,-1,1414.4,652.3,39.0,102.9,0.188
343,-1,1391.2,528.0,28.2,49.0,0.170
343,-1,1313.0,501.7,21.1,53.4,0.156
343,-1,903.8,470.6,11.7,44.6,0.152
343,-1,996.1,490.0,13.9,24.9,0.149
343,-1,1168.1,496.0,15.5,36.3,0.136
343,-1,1358.6,506.9,20.6,26.4,0.133
343,-1,781.8,487.9,20.2,33.6,0.100
343,-1,1403.4,523.7,51.0,119.6,0.097
343,-1,889.0,485.4,12.5,27.5,0.096
343,-1,1306.0,508.0,12.6,46.5,0.082
343,-1,685.6,494.4,9.5,25.4,0.078
343,-1,1450.9,522.7,50.5,66.0,0.059
343,-1,978.0,484.4,9.5,30.9,0.059
343,-1,1410.4,523.5,58.6,59.3,0.056
343,-1,1309.5,504.5,16.2,50.2,0.056
343,-1,1356.7,583.8,26.4,91.7,0.051
344,-1,1441.3,616.0,68.4,177.2,0.995
344,-1,150.5,654.7,43.6,162.4,0.990
344,-1,183.1,645.2,45.6,152.9,0.990
344,-1,1871.4,531.6,44.9,135.7,0.987
344,-1,133.2,665.4,40.8,154.8,0.950
344,-1,1368.8,578.3,48.6,176.5,0.927
344,-1,1504.4,523.6,30.6,85.6,0.907
344,-1,1576.6,561.1,86.0,215.6,0.900
344,-1,1410.7,574.0,47.1,188.6,0.882
344,-1,1570.8,588.0,41.4,173.6,0.845
344,-1,1446.7,532.1,41.0,51.6,0.844
344,-1,1345.3,524.8,52.5,141.0,0.841
344,-1,1414.9,535.4,29.7,49.3,0.724
344,-1,1392.1,539.1,36.2,47.3,0.627
344,-1,948.8,471.7,13.1,45.6,0.524
344,-1,1620.2,550.0,31.0,69.7,0.519
344,-1,1567.0,551.7,24.4,56.1,0.519
344,-1,1519.2,522.1,27.2,84.3,0.503
344,-1,1475.0,524.9,32.2,59.3,0.457
344,-1,1340.4,501.1,20.5,44.8,0.414
344,-1,1346.1,529.0,49.8,70.9,0.413
344,-1,950.2,467.1,11.2,21.5,0.368
344,-1,1619.2,549.9,40.1,197.3,0.326
344,-1,1394.9,509.8,25.0,31.5,0.312
344,-1,1089.6,492.9,11.5,24.1,0.268
344,-1,1348.2,547.8,57.0,185.3,0.264
344,-1,1415.5,577.7,43.5,97.0,0.233
344,-1,996.7,492.9,11.7,22.5,0.214
344,-1,1097.5,494.2,11.4,24.6,0.201
344,-1,1527.3,525.7,19.2,59.3,0.195
344,-1,977.3,488.8,9.5,30.6,0.185
344,-1,1412.1,512.2,20.3,30.8,0.136
344,-1,903.3,474.8,11.8,43.1,0.136
344,-1,1167.3,496.4,18.3,37.7,0.117
344,-1,1898.6,536.4,21.3,132.9,0.106
344,-1,1409.3,519.8,24.0,34.6,0.105
344,-1,1405.3,528.2,40.5,95.2,0.101
344,-1,1311.1,504.1,20.9,53.3,0.093
344,-1,1549.2,550.7,42.3,69.2,0.090
344,-1,1163.5,442.1,13.7,30.7,0.080
344,-1,160.4,649.7,51.4,138.7,0.078
344,-1,890.3,488.2,12.9,28.9,0.069
344,-1,1359.9,508.8,20.5,29.0,0.066
344,-1,1356.9,585.1,30.6,91.9,0.065
344,-1,1339.2,533.0,22.2,42.7,0.064
344,-1,1391.9,513.2,23.8,44.9,0.062
344,-1,1411.4,523.1,28.7,50.9,0.060
344,-1,1414.7,610.9,73.9,161.0,0.051
345,-1,1445.1,623.8,60.6,174.3,0.996
345,-1,1876.1,536.9,40.3,136.0,0.990
345,-1,174.3,655.6,49.2,154.1,0.989
345,-1,128.4,671.7,47.5,155.6,0.974
345,-1,1575.5,566.7,94.5,220.6,0.968
345,-1,143.0,659.2,50.4,161.6,0.941
345,-1,1406.2,582.0,54.5,186.4,0.930
345,-1,1506.0,526.9,31.6,85.2,0.886
345,-1,1447.4,536.8,43.0,52.5,0.874
345,-1,1573.1,595.6,43.5,182.3,0.872
345,-1,947.8,470.6,16.2,52.3,0.859
345,-1,1100.9,499.8,11.0,25.3,0.781
345,-1,1407.1,539.1,39.8,51.1,0.749
345,-1,1367.0,583.4,51.3,179.5,0.749
345,-1,1346.8,524.4,52.6,151.7,0.746
345,-1,1169.1,502.9,14.1,33.2,0.590
345,-1,1521.1,527.0,26.5,74.6,0.564
345,-1,950.1,470.3,14.1,23.7,0.562
345,-1,1622.5,560.3,46.7,220.9,0.542
345,-1,1088.8,498.6,12.5,24.1,0.514
345,-1,1626.5,557.4,28.1,68.2,0.472
345,-1,1564.3,557.7,31.2,57.4,0.437
345,-1,1394.2,544.6,37.0,46.1,0.400
345,-1,1339.3,506.2,23.3,52.5,0.396
345,-1,1478.8,530.5,31.9,60.0,0.383
345,-1,1577.0,557.4,17.8,40.1,0.311
345,-1,903.5,480.6,12.0,43.8,0.274
345,-1,1396.1,514.8,24.0,30.2,0.239
345,-1,1145.3,503.3,10.6,26.9,0.225
345,-1,1579.0,678.9,87.4,103.8,0.220
345,-1,1361.0,512.5,21.2,31.0,0.177
345,-1,1412.5,517.6,21.0,33.5,0.174
345,-1,974.7,479.4,10.4,34.9,0.170
345,-1,183.5,656.2,33.6,109.5,0.162
345,-1,1411.3,580.4,46.7,106.9,0.156
345,-1,1362.9,566.2,95.6,201.4,0.125
345,-1,1349.1,527.0,51.6,80.1,0.124
345,-1,1393.1,529.6,51.8,93.7,0.119
345,-1,1372.5,514.8,20.9,28.5,0.107
345,-1,1391.5,532.4,25.7,54.0,0.099
345,-1,1392.3,518.1,22.5,49.3,0.093
345,-1,887.8,494.1,15.5,35.7,0.088
345,-1,995.8,498.7,13.2,24.6,0.079
345,-1,1164.6,446.0,12.2,29.9,0.079
345,-1,1605.2,552.2,49.9,146.7,0.076
345,-1,1339.3,537.9,22.3,50.5,0.072
345,-1,1626.0,555.6,35.2,124.2,0.067
345,-1,1166.6,503.2,11.1,31.3,0.063
345,-1,1399.0,543.2,47.2,144.3,0.054
345,-1,1317.4,514.4,18.2,48.2,0.052
346,-1,1445.8,628.5,59.7,175.1,0.996
346,-1,139.9,670.4,43.8,158.3,0.992
346,-1,176.5,659.6,43.7,154.4,0.989
346,-1,1880.7,540.1,38.7,135.2,0.980
346,-1,1573.8,596.8,47.1,185.9,0.961
346,-1,1402.9,588.2,55.5,184.4,0.954
346,-1,1361.5,577.7,58.9,187.7,0.952
346,-1,116.0,682.6,45.5,151.9,0.951
346,-1,1588.7,596.4,85.2,196.9,0.949
346,-1,1507.4,531.4,31.2,70.6,0.884
346,-1,1448.1,539.0,42.8,53.7,0.878
346,-1,1412.3,540.3,34.8,54.2,0.764
346,-1,947.8,474.8,15.3,51.3,0.759
346,-1,1349.5,532.9,49.8,83.6,0.703
346,-1,1631.5,560.8,26.3,77.3,0.665
346,-1,151.5,660.9,57.4,160.5,0.574
346,-1,1525.9,532.7,25.0,80.9,0.539
346,-1,950.5,473.7,12.5,23.4,0.513
346,-1,1394.0,548.3,30.0,49.0,0.433
346,-1,1361.4,516.3,20.7,28.5,0.365
346,-1,1625.0,572.6,46.2,215.8,0.299
346,-1,1350.2,521.5,54.0,163.3,0.282
346,-1,1167.9,507.9,11.7,31.0,0.243
346,-1,1576.4,560.0,26.7,51.9,0.225
346,-1,1311.0,534.0,12.5,33.4,0.224
346,-1,1343.9,509.1,17.0,39.2,0.219
346,-1,1483.1,535.0,28.5,58.8,0.214
346,-1,1401.7,517.6,20.5,27.2,0.182
346,-1,1340.1,541.9,23.3,56.0,0.168
346,-1,1411.2,580.8,48.1,113.7,0.156
346,-1,780.6,495.2,20.3,24.2,0.153
346,-1,1381.4,518.0,20.1,27.1,0.144
346,-1,902.9,483.8,11.9,43.1,0.102
346,-1,1394.7,533.8,24.0,35.8,0.101
346,-1,1394.5,533.7,49.8,91.9,0.089
346,-1,1327.3,519.6,14.7,44.7,0.089
346,-1,1163.9,449.0,12.6,30.5,0.080
346,-1,1418.4,532.1,22.1,31.0,0.079
346,-1,887.2,499.0,16.0,32.4,0.070
346,-1,975.0,488.6,11.7,37.5,0.068
346,-1,132.2,666.3,47.3,96.3,0.068
346,-1,1470.0,537.8,27.5,51.3,0.057
346,-1,1402.5,527.4,28.3,37.2,0.054
347,-1,1446.8,631.8,60.7,185.0,0.997
347,-1,165.3,662.4,47.5,158.1,0.991
347,-1,1884.2,543.3,34.6,136.7,0.985
347,-1,115.9,673.7,50.6,167.0,0.980
347,-1,1577.0,603.8,51.7,185.9,0.945
347,-1,136.8,669.7,43.6,161.7,0.941
347,-1,1357.1,592.2,60.3,176.3,0.940
347,-1,1574.4,597.7,102.4,198.5,0.939
347,-1,1510.2,533.3,32.1,90.5,0.892
347,-1,1397.6,594.8,62.1,175.6,0.887
347,-1,1448.3,542.6,41.9,53.9,0.850
347,-1,947.4,477.0,15.4,51.5,0.764
347,-1,1634.6,566.8,25.1,74.6,0.722
347,-1,1167.4,508.6,13.3,32.3,0.692
347,-1,1355.6,532.2,45.8,90.7,0.690
347,-1,1408.8,538.2,41.2,62.2,0.670
347,-1,1391.0,551.5,35.4,49.5,0.566
347,-1,1355.3,528.7,50.7,185.8,0.501
347,-1,1528.7,534.4,24.3,86.8,0.489
347,-1,1344.2,512.2,20.2,44.8,0.486
347,-1,948.9,474.8,13.3,24.4,0.447
347,-1,1392.2,535.6,54.1,86.8,0.371
347,-1,1394.9,519.7,17.6,32.0,0.338
347,-1,1400.6,519.3,22.6,31.2,0.336
347,-1,779.9,497.1,21.4,25.8,0.244
347,-1,1362.7,517.1,21.6,38.2,0.241
347,-1,1145.7,506.6,10.8,28.0,0.239
347,-1,1632.7,562.9,31.3,120.8,0.234
347,-1,1577.1,564.0,28.8,52.3,0.225
347,-1,1576.0,606.4,32.0,154.8,0.209
347,-1,1485.1,538.4,27.5,57.6,0.193
347,-1,1568.6,577.2,22.7,46.1,0.184
347,-1,903.0,486.1,12.0,42.4,0.163
347,-1,1416.8,532.2,27.2,37.3,0.151
347,-1,993.8,501.8,13.8,28.0,0.146
347,-1,1382.3,520.5,20.3,27.0,0.142
347,-1,1605.3,563.7,52.7,77.1,0.119
347,-1,977.5,498.9,10.6,31.5,0.107
347,-1,1342.6,541.4,24.5,47.4,0.087
347,-1,1414.7,527.2,22.2,30.7,0.079
347,-1,1392.7,530.9,20.3,41.9,0.074
347,-1,1312.0,533.4,14.1,35.4,0.072
347,-1,1395.1,522.2,24.0,43.6,0.068
347,-1,1323.1,523.9,15.9,43.1,0.068
347,-1,1473.2,540.2,22.8,49.5,0.059
347,-1,1406.5,605.5,91.6,196.4,0.057
347,-1,1164.8,451.0,13.1,29.9,0.051
348,-1,1886.7,546.7,33.2,133.4,0.994
348,-1,1445.6,632.5,62.6,186.8,0.993
348,-1,128.4,673.8,45.3,163.6,0.990
348,-1,162.6,662.4,46.9,158.7,0.990
348,-1,111.8,677.0,46.4,164.7,0.969
348,-1,1343.8,528.6,74.0,244.7,0.958
348,-1,1583.4,608.4,53.5,186.2,0.925
348,-1,1509.1,532.1,47.3,102.2,0.921
348,-1,1389.4,596.0,71.3,185.8,0.914
348,-1,1449.2,542.8,41.6,53.9,0.875
348,-1,1575.7,606.8,37.9,179.9,0.846
348,-1,1395.7,540.7,55.6,61.3,0.727
348,-1,1167.7,508.5,15.4,34.7,0.716
348,-1,947.8,477.9,14.6,51.3,0.678
348,-1,1351.0,522.9,52.7,162.9,0.613
348,-1,950.0,475.7,13.9,22.3,0.611
348,-1,1530.7,533.3,25.8,93.2,0.604
348,-1,1573.5,566.2,38.8,58.0,0.600
348,-1,1587.3,593.9,88.4,206.5,0.592
348,-1,1639.0,564.6,23.1,75.7,0.533
348,-1,1344.5,513.1,20.3,41.4,0.471
348,-1,1384.1,520.7,21.7,29.3,0.367
348,-1,1400.2,521.4,24.0,32.6,0.283
348,-1,901.2,485.6,13.2,43.7,0.277
348,-1,1614.3,562.3,46.3,85.0,0.241
348,-1,1397.8,554.7,58.1,171.8,0.232
348,-1,1490.4,541.1,29.2,57.1,0.207
348,-1,779.4,496.8,21.5,25.0,0.179
348,-1,1405.3,536.3,49.7,117.1,0.173
348,-1,1398.6,531.7,24.5,39.2,0.171
348,-1,1418.4,528.8,24.3,36.2,0.170
348,-1,1473.4,539.3,25.2,50.9,0.170
348,-1,1378.2,521.8,18.5,25.6,0.168
348,-1,1363.3,518.2,21.4,36.4,0.164
348,-1,1394.3,554.9,27.9,44.1,0.160
348,-1,1348.7,599.8,65.3,138.3,0.156
348,-1,1614.5,564.2,50.7,200.6,0.154
348,-1,1342.1,545.0,22.4,40.3,0.140
348,-1,1418.5,537.2,31.6,58.3,0.119
348,-1,1396.9,521.5,16.5,32.2,0.107
348,-1,678.7,509.3,20.2,81.7,0.104
348,-1,1355.5,532.6,44.2,91.3,0.104
348,-1,1319.4,513.4,22.7,56.1,0.102
348,-1,1098.5,499.2,14.4,29.2,0.098
348,-1,737.4,515.5,24.1,69.4,0.097
348,-1,1636.5,565.3,29.9,155.0,0.094
348,-1,115.8,672.6,46.7,83.4,0.076
348,-1,1403.1,603.6,91.4,201.5,0.069
348,-1,884.9,497.8,14.7,31.8,0.069
348,-1,1166.1,508.1,10.5,33.4,0.060
348,-1,1312.3,525.1,15.4,44.3,0.054
348,-1,1163.9,451.6,13.0,30.0,0.051
349,-1,1441.6,635.9,69.4,190.4,0.994
349,-1,116.7,674.7,47.6,167.6,0.990
349,-1,154.3,665.2,47.7,161.2,0.987
349,-1,1591.2,611.8,51.9,188.0,0.972
349,-1,1894.5,546.8,25.5,133.0,0.970
349,-1,1350.9,527.9,60.8,241.7,0.959
349,-1,1515.3,536.1,33.4,81.8,0.924
349,-1,1456.9,543.0,33.5,55.0,0.914
349,-1,1386.6,586.1,70.6,200.0,0.853
349,-1,1579.5,607.8,44.8,180.9,0.832
349,-1,1166.7,509.4,15.2,33.5,0.807
349,-1,1578.8,567.3,37.1,61.7,0.715
349,-1,949.5,475.4,14.1,23.2,0.687
349,-1,1643.6,565.4,23.6,79.8,0.687
349,-1,947.7,476.0,16.4,53.5,0.642
349,-1,99.8,676.8,49.4,167.4,0.634
349,-1,1345.0,512.8,21.1,43.6,0.616
349,-1,1406.0,541.4,48.1,60.7,0.517
349,-1,1488.1,538.6,30.0,59.9,0.486
349,-1,1578.6,620.2,29.3,117.1,0.457
349,-1,1533.0,534.6,24.4,73.8,0.431
349,-1,1405.5,533.7,49.3,148.9,0.421
349,-1,1404.1,522.2,21.8,30.4,0.327
349,-1,974.7,488.6,11.5,40.3,0.318
349,-1,1381.5,521.8,21.3,28.6,0.263
349,-1,901.2,484.7,13.7,45.4,0.256
349,-1,1594.4,586.9,80.2,221.2,0.215
349,-1,1364.9,519.1,21.6,39.3,0.213
349,-1,1398.1,549.0,30.5,52.6,0.167
349,-1,1091.1,503.8,12.7,26.6,0.149
349,-1,1575.7,568.9,46.1,106.4,0.145
349,-1,1355.8,536.5,48.4,99.7,0.140
349,-1,1171.6,508.2,17.3,35.2,0.137
349,-1,1145.8,507.8,10.7,26.3,0.128
349,-1,1618.2,564.4,48.6,84.0,0.127
349,-1,1375.2,525.5,63.1,175.7,0.110
349,-1,1099.5,502.1,13.0,27.0,0.105
349,-1,1420.7,528.1,21.4,34.3,0.099
349,-1,1319.5,513.8,22.9,54.6,0.096
349,-1,681.1,511.7,10.8,23.5,0.095
349,-1,1344.0,538.6,25.7,47.0,0.092
349,-1,1396.1,590.8,61.7,109.7,0.078
349,-1,1401.4,536.1,24.4,36.3,0.076
349,-1,993.7,503.4,15.6,28.1,0.066
349,-1,109.7,672.7,47.8,81.7,0.056
349,-1,106.8,694.4,27.8,133.3,0.056
349,-1,971.6,485.0,10.8,34.1,0.055
349,-1,737.4,516.8,24.1,68.8,0.055
349,-1,677.0,514.1,18.3,74.5,0.054
349,-1,1313.3,520.2,17.2,48.5,0.051
350,-1,152.1,665.7,44.6,160.8,0.993
350,-1,1438.8,639.7,77.0,192.0,0.993
350,-1,118.7,673.9,43.8,164.2,0.986
350,-1,1588.2,614.6,57.1,188.1,0.982
350,-1,1342.6,528.4,69.9,244.7,0.962
350,-1,95.7,675.7,54.6,169.0,0.957
350,-1,1517.0,537.1,32.9,81.8,0.940
350,-1,1457.1,544.3,32.7,55.2,0.929
350,-1,1391.7,595.1,65.5,192.9,0.919
350,-1,1582.9,569.3,41.1,74.5,0.855
350,-1,1167.7,508.3,17.6,36.8,0.842
350,-1,129.7,670.3,52.0,160.1,0.807
350,-1,1900.0,550.2,20.0,125.6,0.739
350,-1,948.4,476.9,14.8,53.1,0.632
350,-1,1409.9,541.7,43.8,61.0,0.553
350,-1,1580.1,613.5,38.6,147.6,0.536
350,-1,1491.3,542.5,30.2,59.9,0.514
350,-1,1422.1,534.4,24.6,34.3,0.494
350,-1,950.6,477.1,11.4,23.4,0.413
350,-1,1349.7,514.4,19.1,36.7,0.403
350,-1,1534.4,538.3,26.2,76.4,0.402
350,-1,1355.3,534.7,50.7,139.8,0.389
350,-1,1400.0,610.6,87.9,206.7,0.278
350,-1,1403.8,524.6,22.3,31.8,0.254
350,-1,1166.2,509.5,11.2,34.3,0.250
350,-1,1174.5,508.2,16.5,37.9,0.233
350,-1,1649.5,573.2,22.2,64.8,0.213
350,-1,1146.4,508.1,11.0,27.2,0.204
350,-1,1476.8,544.1,24.8,52.4,0.201
350,-1,903.6,485.7,13.0,44.3,0.185
350,-1,1389.1,523.6,19.7,28.2,0.181
350,-1,1367.6,521.1,19.2,30.8,0.171
350,-1,1396.8,582.2,57.6,117.4,0.158
350,-1,1403.4,540.7,24.9,29.9,0.158
350,-1,1102.8,505.5,10.9,24.2,0.148
350,-1,1402.0,552.2,34.1,49.8,0.144
350,-1,1421.6,526.7,19.6,28.6,0.111
350,-1,976.9,500.7,10.2,32.3,0.107
350,-1,1351.3,527.8,43.7,93.0,0.095
350,-1,1346.4,541.2,26.4,66.2,0.094
350,-1,1596.7,568.7,67.4,79.4,0.087
350,-1,900.2,490.4,12.5,39.9,0.080
350,-1,1318.5,516.0,25.2,54.9,0.072
350,-1,1150.7,509.8,12.7,29.7,0.063
350,-1,1347.4,533.7,26.2,43.4,0.062
350,-1,1602.5,575.4,65.8,209.8,0.058
350,-1,1430.3,538.7,42.8,63.1,0.056
350,-1,1155.3,510.5,11.4,30.1,0.054
350,-1,0.1,673.9,5.6,127.2,0.053
351,-1,143.0,669.8,48.0,160.3,0.996
351,-1,113.9,674.9,43.6,168.9,0.993
351,-1,1435.6,643.2,81.5,191.6,0.992
351,-1,1593.3,613.3,62.8,194.0,0.991
351,-1,96.3,685.3,41.5,163.7,0.972
351,-1,1349.5,583.3,66.6,196.7,0.967
351,-1,1393.8,597.1,54.2,190.0,0.961
351,-1,1521.0,536.4,32.3,78.0,0.941
351,-1,1457.8,545.5,32.6,54.4,0.834
351,-1,1589.0,567.8,36.7,64.1,0.788
351,-1,1168.9,509.1,15.6,34.0,0.776
351,-1,1357.0,534.6,49.7,88.9,0.719
351,-1,1494.1,542.2,30.9,61.7,0.685
351,-1,950.1,476.0,12.9,23.7,0.538
351,-1,1582.4,610.8,49.1,161.3,0.489
351,-1,1422.4,534.6,25.9,32.9,0.432
351,-1,1350.0,515.2,21.8,42.7,0.411
351,-1,948.4,476.3,15.5,53.8,0.376
351,-1,1413.8,536.4,41.6,66.6,0.324
351,-1,1537.3,536.5,25.0,65.6,0.313
351,-1,1146.5,507.9,11.5,25.1,0.299
351,-1,1368.3,519.6,20.7,34.0,0.275
351,-1,1102.3,508.2,10.7,21.5,0.225
351,-1,1603.9,569.8,23.6,44.3,0.215
351,-1,1318.7,514.4,25.7,55.6,0.195
351,-1,1655.1,572.0,21.0,69.5,0.193
351,-1,1477.6,544.9,25.5,53.6,0.191
351,-1,1404.1,524.2,22.0,36.3,0.176
351,-1,1330.9,517.3,18.2,53.5,0.154
351,-1,977.5,496.3,10.4,34.5,0.149
351,-1,98.7,673.4,48.7,94.9,0.129
351,-1,1176.2,507.6,14.7,34.9,0.122
351,-1,903.7,487.1,12.0,43.1,0.122
351,-1,891.6,496.2,11.5,33.4,0.119
351,-1,1581.4,618.1,30.2,130.5,0.110
351,-1,1593.5,567.3,51.3,90.7,0.109
351,-1,994.9,504.9,12.8,27.1,0.095
351,-1,1420.6,527.8,21.6,29.9,0.091
351,-1,98.2,698.6,25.3,76.1,0.081
351,-1,1359.1,548.3,70.9,59.9,0.078
351,-1,1154.0,508.7,13.4,33.6,0.076
351,-1,1626.0,568.6,45.4,90.5,0.074
351,-1,1347.2,530.1,26.3,44.5,0.071
351,-1,1401.5,554.9,24.2,45.2,0.070
351,-1,1390.5,600.8,104.3,205.1,0.066
351,-1,90.7,704.4,31.7,118.0,0.063
351,-1,1409.8,524.5,21.1,25.4,0.060
351,-1,1403.9,542.8,23.6,34.8,0.060
351,-1,1167.1,508.7,11.1,32.5,0.053
351,-1,1621.6,572.5,50.4,165.9,0.050
352,-1,140.6,668.9,47.9,161.8,0.996
352,-1,105.6,676.0,46.5,173.5,0.996
352,-1,1431.5,646.4,83.2,197.5,0.995
352,-1,1590.7,618.7,69.0,195.4,0.994
352,-1,1396.9,605.0,57.0,190.4,0.980
352,-1,1350.7,598.0,63.5,180.4,0.945
352,-1,86.6,676.3,50.4,172.3,0.935
352,-1,1523.1,538.4,32.3,88.8,0.908
352,-1,1458.3,549.0,32.1,54.9,0.901
352,-1,1168.8,511.0,12.5,33.9,0.814
352,-1,1591.6,572.2,42.6,54.5,0.787
352,-1,1496.0,545.7,29.5,59.3,0.742
352,-1,1171.0,508.4,18.3,38.2,0.717
352,-1,1358.5,538.4,49.0,88.9,0.691
352,-1,1581.9,611.5,49.6,166.0,0.671
352,-1,1480.9,546.4,27.2,56.2,0.653
352,-1,1419.7,530.8,32.8,38.1,0.610
352,-1,1417.0,539.1,41.4,67.0,0.528
352,-1,1539.8,535.9,27.7,87.4,0.519
352,-1,949.4,485.9,14.0,46.2,0.474
352,-1,951.9,478.7,12.1,22.2,0.361
352,-1,1405.7,526.3,16.5,34.4,0.296
352,-1,1353.1,518.1,19.3,39.6,0.282
352,-1,977.5,500.2,9.9,34.0,0.241
352,-1,1370.2,523.2,20.5,31.5,0.209
352,-1,1336.9,538.8,15.1,38.9,0.200
352,-1,1405.0,533.3,22.9,37.1,0.163
352,-1,1364.7,549.4,77.9,59.9,0.162
352,-1,1398.6,603.3,50.9,105.9,0.162
352,-1,1406.5,614.3,79.4,190.2,0.136
352,-1,1393.1,526.4,22.5,27.6,0.099
352,-1,1433.9,553.3,25.3,50.9,0.096
352,-1,1424.3,530.1,21.3,26.6,0.096
352,-1,1317.6,533.1,18.2,39.6,0.090
352,-1,903.8,491.5,11.6,39.5,0.078
352,-1,1352.4,526.9,23.1,51.2,0.071
352,-1,93.8,675.9,50.8,106.0,0.068
352,-1,1404.2,544.0,23.9,52.8,0.066
352,-1,1633.1,566.0,46.2,130.7,0.061
353,-1,102.3,677.4,45.1,173.7,0.997
353,-1,137.1,669.3,48.4,164.6,0.996
353,-1,1429.6,646.5,94.4,199.9,0.994
353,-1,1397.9,609.1,53.1,188.5,0.988
353,-1,1581.5,594.7,80.3,220.1,0.974
353,-1,1352.6,598.8,62.7,187.3,0.963
353,-1,83.0,684.1,51.8,170.1,0.959
353,-1,1459.1,548.3,31.6,55.8,0.917
353,-1,1526.1,540.2,31.3,85.1,0.883
353,-1,1169.3,510.8,13.0,34.0,0.830
353,-1,1482.4,546.0,27.2,57.0,0.780
353,-1,1418.6,529.0,35.0,40.7,0.673
353,-1,1500.0,547.4,30.2,58.2,0.646
353,-1,1541.0,536.6,28.4,85.8,0.583
353,-1,1358.5,533.8,50.4,103.4,0.548
353,-1,951.3,479.6,11.6,22.2,0.382
353,-1,1173.4,509.7,17.2,36.7,0.378
353,-1,1409.0,540.8,50.6,65.9,0.342
353,-1,950.1,484.9,13.5,46.6,0.279
353,-1,1425.4,534.3,24.2,28.3,0.267
353,-1,977.5,496.9,10.2,37.2,0.263
353,-1,1371.3,523.7,21.1,29.6,0.260
353,-1,1354.4,518.3,17.9,33.6,0.253
353,-1,1335.7,532.9,16.5,44.2,0.209
353,-1,1406.0,529.1,18.1,37.3,0.179
353,-1,1613.6,573.9,21.7,30.7,0.170
353,-1,1425.7,528.7,20.3,22.7,0.146
353,-1,85.3,678.0,52.4,100.1,0.137
353,-1,1593.5,573.9,51.0,74.7,0.132
353,-1,995.3,506.2,12.8,26.0,0.132
353,-1,1353.0,535.6,24.8,45.8,0.127
353,-1,1425.8,539.2,30.9,42.2,0.122
353,-1,1411.0,528.4,20.8,31.7,0.120
353,-1,1180.7,511.0,14.5,36.6,0.099
353,-1,1151.8,511.6,11.4,29.6,0.099
353,-1,1154.5,511.6,13.1,33.5,0.082
353,-1,82.6,701.5,30.1,125.8,0.075
353,-1,86.2,699.9,27.7,70.2,0.074
353,-1,1321.4,526.4,19.9,46.8,0.068
353,-1,1385.5,609.1,113.0,215.1,0.067
353,-1,1415.2,546.4,33.1,24.3,0.066
353,-1,1433.2,541.9,28.1,63.0,0.063
353,-1,1326.5,518.4,23.3,55.9,0.062
353,-1,1407.3,540.2,24.4,30.8,0.056
354,-1,1448.2,656.3,73.1,197.9,0.998
354,-1,130.1,672.7,45.8,161.3,0.997
354,-1,1587.6,620.9,71.1,196.6,0.996
354,-1,1397.3,609.2,54.5,196.1,0.993
354,-1,94.7,685.6,43.7,166.4,0.981
354,-1,1347.8,600.2,67.1,187.2,0.939
354,-1,74.8,694.8,50.9,161.0,0.929
354,-1,1459.3,550.7,31.9,56.4,0.914
354,-1,1526.9,540.2,34.1,87.1,0.872
354,-1,1601.0,573.8,42.1,72.9,0.842
354,-1,1169.9,513.0,12.5,34.1,0.784
354,-1,1484.0,548.9,28.3,57.6,0.758
354,-1,949.3,480.2,15.8,53.9,0.672
354,-1,1544.3,537.9,26.6,81.3,0.664
354,-1,1424.6,533.9,29.6,36.0,0.616
354,-1,1357.7,535.8,53.8,162.5,0.605
354,-1,1501.5,547.8,29.2,60.3,0.478
354,-1,976.8,499.2,10.4,35.6,0.473
354,-1,1469.4,550.9,35.1,56.0,0.465
354,-1,1359.5,538.1,51.1,84.1,0.438
354,-1,951.4,479.6,11.9,23.9,0.429
354,-1,1641.4,561.7,50.6,107.6,0.399
354,-1,1173.0,512.6,15.9,35.7,0.395
354,-1,1413.8,543.6,46.6,65.5,0.301
354,-1,1673.6,583.3,19.0,70.2,0.230
354,-1,1399.6,624.2,98.3,201.6,0.215
354,-1,1372.8,526.4,20.7,29.1,0.188
354,-1,1150.4,513.0,10.4,27.2,0.176
354,-1,1596.9,584.3,52.4,106.1,0.169
354,-1,1181.8,512.6,12.9,35.2,0.151
354,-1,775.8,421.7,18.6,48.6,0.147
354,-1,996.6,507.0,10.7,25.9,0.144
354,-1,1440.8,565.0,21.0,40.7,0.123
354,-1,1356.8,519.4,19.2,37.0,0.113
354,-1,1506.1,540.4,43.3,81.1,0.108
354,-1,1411.9,529.5,21.2,30.8,0.107
354,-1,1156.4,514.1,11.9,31.7,0.099
354,-1,1355.3,523.4,22.6,53.0,0.090
354,-1,1321.7,531.4,17.8,42.9,0.087
354,-1,1597.2,622.9,55.8,120.6,0.082
354,-1,1387.1,607.1,23.7,64.0,0.075
354,-1,1581.9,619.8,44.6,168.4,0.069
354,-1,1416.8,547.7,28.8,25.5,0.068
354,-1,1410.2,544.4,23.0,29.9,0.067
354,-1,1419.4,529.7,23.3,26.7,0.060
354,-1,78.3,707.0,27.9,88.1,0.058
354,-1,1407.5,550.7,26.6,56.8,0.053
354,-1,905.2,489.6,11.8,41.8,0.053
355,-1,123.4,671.1,48.2,163.5,0.997
355,-1,1430.3,657.3,98.9,198.1,0.994
355,-1,1590.6,621.7,64.5,201.7,0.991
355,-1,1390.3,604.1,61.4,200.7,0.988
355,-1,86.9,687.5,45.1,168.7,0.987
355,-1,67.2,702.0,45.4,156.6,0.975
355,-1,1346.6,597.2,69.9,193.7,0.954
355,-1,1484.7,548.6,28.2,60.8,0.886
355,-1,1529.3,543.1,34.4,81.8,0.848
355,-1,1171.5,512.9,15.1,34.5,0.774
355,-1,1360.5,538.8,50.7,108.3,0.755
355,-1,1609.3,576.5,46.2,110.3,0.733
355,-1,1501.9,548.2,31.7,64.2,0.650
355,-1,1548.3,539.4,27.9,84.4,0.635
355,-1,948.9,480.8,15.8,52.4,0.546
355,-1,951.4,479.1,12.3,24.0,0.461
355,-1,1422.8,535.4,34.4,39.6,0.410
355,-1,1581.6,622.1,45.3,177.7,0.350
355,-1,1355.4,519.9,19.9,40.6,0.287
355,-1,995.9,508.4,11.3,24.9,0.278
355,-1,1414.0,537.5,47.9,73.6,0.259
355,-1,69.4,708.6,31.3,80.5,0.210
355,-1,1392.4,634.0,105.3,201.2,0.207
355,-1,59.5,709.1,38.7,120.0,0.200
355,-1,1093.6,508.2,14.1,24.5,0.180
355,-1,1623.3,576.9,23.6,35.2,0.168
355,-1,1617.3,577.1,29.8,56.9,0.150
355,-1,1344.2,523.9,16.2,46.1,0.147
355,-1,1372.6,527.0,18.2,34.1,0.143
355,-1,891.6,499.1,10.9,32.4,0.139
355,-1,1465.1,553.0,23.3,54.8,0.125
355,-1,1334.8,522.4,16.4,51.8,0.106
355,-1,1425.2,531.9,24.8,31.4,0.099
355,-1,1411.7,531.1,19.4,37.5,0.083
355,-1,1157.5,515.4,11.7,30.3,0.071
355,-1,1407.1,560.0,21.2,46.2,0.059
355,-1,86.9,680.3,45.2,84.4,0.056
356,-1,118.6,674.2,47.8,163.0,0.997
356,-1,84.2,688.2,45.1,169.5,0.997
356,-1,1445.6,659.8,87.9,202.1,0.991
356,-1,1588.6,630.2,71.2,199.4,0.989
356,-1,1382.7,605.6,66.3,203.1,0.984
356,-1,54.1,705.5,46.3,157.6,0.980
356,-1,1351.1,597.8,57.0,193.7,0.928
356,-1,1609.0,578.0,47.4,107.7,0.893
356,-1,1488.0,551.5,28.3,60.0,0.863
356,-1,1370.0,542.1,45.0,109.7,0.845
356,-1,1532.1,544.4,32.0,81.5,0.835
356,-1,1575.6,637.2,59.9,168.9,0.819
356,-1,1549.8,541.2,28.5,87.1,0.771
356,-1,1169.6,513.1,16.2,36.4,0.751
356,-1,1506.2,550.9,30.2,62.8,0.658
356,-1,950.2,496.0,14.0,37.8,0.600
356,-1,951.3,479.4,12.2,23.6,0.477
356,-1,1426.2,533.8,31.2,39.9,0.379
356,-1,1359.5,562.1,53.0,157.3,0.356
356,-1,1647.1,566.5,41.5,120.7,0.314
356,-1,995.7,508.2,10.9,25.2,0.258
356,-1,1611.8,576.6,39.2,62.2,0.188
356,-1,1356.0,520.2,20.0,41.6,0.185
356,-1,1383.8,634.0,128.0,220.6,0.176
356,-1,1343.1,524.0,16.3,48.2,0.131
356,-1,1627.3,573.5,47.2,97.4,0.130
356,-1,976.4,506.1,10.1,29.0,0.122
356,-1,1428.3,531.3,23.2,30.3,0.121
356,-1,1438.6,543.7,23.7,68.0,0.118
356,-1,1414.9,542.6,47.9,69.9,0.114
356,-1,1596.5,720.1,62.4,108.9,0.100
356,-1,1374.6,527.6,18.8,30.1,0.099
356,-1,1334.3,521.8,18.4,55.3,0.098
356,-1,892.3,498.9,10.7,32.5,0.096
356,-1,1094.1,507.7,14.1,25.1,0.088
356,-1,1407.7,559.0,21.0,48.8,0.083
356,-1,1426.0,549.8,25.2,24.8,0.081
356,-1,1157.6,515.0,11.5,30.2,0.072
356,-1,1407.1,530.0,14.8,36.6,0.069
356,-1,63.7,712.0,29.4,86.3,0.061
356,-1,1599.1,612.1,55.0,104.9,0.061
356,-1,1152.3,514.1,11.0,29.1,0.060
356,-1,775.7,422.7,17.8,46.2,0.053
356,-1,1414.2,530.8,21.7,40.7,0.050
357,-1,1452.1,663.7,81.8,202.7,0.996
357,-1,112.2,672.2,50.2,168.2,0.995
357,-1,1585.1,636.8,79.0,198.3,0.995
357,-1,1382.6,613.9,66.3,200.2,0.989
357,-1,77.4,684.8,46.6,169.9,0.982
357,-1,47.3,706.0,47.1,159.0,0.967
357,-1,1351.2,608.2,54.0,186.0,0.945
357,-1,1567.2,636.4,66.7,174.2,0.896
357,-1,1533.1,547.8,33.9,83.0,0.858
357,-1,1168.4,514.8,14.0,33.1,0.856
357,-1,1366.1,548.7,47.7,101.9,0.845
357,-1,1611.6,580.4,48.5,103.7,0.824
357,-1,1423.0,532.8,33.7,34.5,0.723
357,-1,1487.6,552.9,31.7,60.8,0.658
357,-1,1543.0,543.0,34.6,92.6,0.607
357,-1,948.6,483.1,16.1,50.3,0.570
357,-1,1504.3,552.3,32.8,63.4,0.511
357,-1,1628.2,577.8,48.6,113.5,0.459
357,-1,1423.6,539.2,39.9,74.8,0.341
357,-1,951.0,481.5,12.3,21.4,0.328
357,-1,995.5,511.0,10.8,23.7,0.297
357,-1,1427.6,542.5,34.0,35.8,0.251
357,-1,1356.3,521.5,20.8,46.3,0.238
357,-1,1375.0,528.8,18.9,31.5,0.176
357,-1,1171.7,514.2,19.0,35.5,0.167
357,-1,1630.2,579.6,24.6,36.1,0.138
357,-1,1053.0,488.5,10.9,33.8,0.134
357,-1,1337.5,523.7,20.5,57.3,0.128
357,-1,1601.2,609.6,53.5,128.9,0.121
357,-1,1417.5,532.7,21.0,30.0,0.115
357,-1,1152.1,515.2,12.3,30.6,0.092
357,-1,1352.8,546.1,68.2,217.1,0.087
357,-1,1461.2,553.5,32.1,60.0,0.086
357,-1,892.0,499.5,10.8,33.1,0.081
357,-1,86.5,681.4,57.1,141.2,0.068
357,-1,1651.8,575.2,41.5,123.9,0.064
357,-1,1105.2,508.3,13.6,27.2,0.064
357,-1,1157.0,516.0,12.8,31.8,0.057
357,-1,904.3,489.0,12.0,43.3,0.055
358,-1,105.4,674.4,48.6,166.6,0.996
358,-1,1571.4,638.4,96.3,196.6,0.995
358,-1,1446.2,663.8,80.6,202.7,0.994
358,-1,72.2,687.5,44.8,169.8,0.991
358,-1,1380.9,611.2,70.1,205.7,0.984
358,-1,46.4,708.1,42.6,158.7,0.978
358,-1,1168.7,515.1,13.1,33.1,0.943
358,-1,1342.9,600.8,60.6,199.3,0.937
358,-1,1534.0,547.8,34.5,83.6,0.835
358,-1,1568.7,638.1,57.8,175.0,0.824
358,-1,1370.1,551.8,44.3,96.5,0.821
358,-1,1619.8,579.2,45.5,111.4,0.743
358,-1,947.6,480.7,17.0,53.0,0.682
358,-1,1553.9,539.2,27.9,78.1,0.653
358,-1,1495.2,551.7,32.7,62.4,0.590
358,-1,1425.8,534.8,34.1,42.6,0.535
358,-1,84.6,680.0,52.2,170.5,0.517
358,-1,1508.2,551.0,28.8,59.1,0.453
358,-1,1652.3,572.8,35.4,120.8,0.380
358,-1,949.7,479.9,13.6,24.4,0.370
358,-1,1425.4,540.2,39.3,74.0,0.362
358,-1,1172.8,515.0,17.1,35.0,0.283
358,-1,1427.3,534.4,25.3,28.0,0.175
358,-1,773.3,415.3,24.4,60.7,0.165
358,-1,1442.9,557.1,23.3,57.0,0.162
358,-1,1157.7,516.9,11.9,31.0,0.146
358,-1,36.2,687.0,85.5,179.0,0.139
358,-1,1374.3,528.0,19.2,31.9,0.130
358,-1,1052.3,487.1,11.5,37.9,0.126
358,-1,1460.1,556.6,32.6,56.3,0.123
358,-1,1417.7,533.1,19.9,34.6,0.106
358,-1,1357.3,521.7,19.7,42.7,0.100
358,-1,1152.8,514.7,12.0,30.4,0.088
358,-1,771.5,410.0,34.6,105.7,0.079
358,-1,50.9,712.1,29.1,75.2,0.074
358,-1,1343.6,525.6,16.6,53.8,0.067
358,-1,744.6,537.0,17.4,53.2,0.055
358,-1,1392.0,544.5,53.5,79.9,0.050
359,-1,100.2,677.4,48.4,167.7,0.998
359,-1,1576.1,643.1,95.2,199.2,0.998
359,-1,64.1,686.6,46.3,177.0,0.997
359,-1,1452.1,670.1,66.2,203.4,0.996
359,-1,1368.6,613.2,85.2,207.6,0.991
359,-1,1345.3,608.1,52.4,187.6,0.961
359,-1,36.6,714.5,44.3,157.6,0.958
359,-1,1575.0,649.9,43.8,166.3,0.948
359,-1,1171.3,517.8,13.2,33.3,0.906
359,-1,1367.8,556.6,46.4,91.3,0.852
359,-1,1536.0,550.2,33.9,83.6,0.819
359,-1,1621.7,584.8,47.6,117.2,0.787
359,-1,948.3,487.3,14.3,47.9,0.723
359,-1,1554.7,544.7,28.4,81.9,0.706
359,-1,1491.7,553.4,36.1,62.8,0.661
359,-1,1658.6,576.0,33.8,128.4,0.597
359,-1,1427.1,535.0,32.9,40.1,0.448
359,-1,1509.4,551.9,26.3,55.1,0.427
359,-1,949.4,481.9,11.7,22.7,0.370
359,-1,1425.3,540.6,37.1,75.6,0.271
359,-1,1427.7,536.2,23.9,27.0,0.271
359,-1,994.2,510.6,10.4,25.2,0.269
359,-1,1051.3,487.3,13.5,46.5,0.198
359,-1,1458.7,555.9,36.1,59.2,0.191
359,-1,1511.7,548.9,38.9,73.8,0.162
359,-1,1174.6,515.8,16.2,34.8,0.158
359,-1,1157.9,518.9,11.5,31.2,0.139
359,-1,43.8,718.2,28.7,106.5,0.136
359,-1,772.5,422.2,20.2,50.7,0.133
359,-1,1620.5,590.1,36.5,67.2,0.128
359,-1,1360.5,589.2,55.4,196.8,0.122
359,-1,1663.0,575.3,54.0,115.5,0.093
359,-1,1702.8,599.7,17.1,66.3,0.092
359,-1,1375.1,528.8,21.2,33.2,0.089
359,-1,771.6,414.2,27.4,82.3,0.084
359,-1,901.2,495.5,12.4,38.9,0.080
359,-1,1583.2,643.8,66.0,121.8,0.076
359,-1,1360.1,523.3,19.7,40.7,0.075
359,-1,1353.2,562.0,54.3,128.8,0.071
359,-1,71.0,687.2,33.6,65.0,0.060
359,-1,1628.5,579.3,58.2,91.1,0.060
359,-1,1152.1,519.6,11.8,31.1,0.058
359,-1,1103.6,508.5,13.7,27.5,0.051
359,-1,1402.6,546.3,51.8,75.7,0.050
360,-1,92.5,677.3,50.5,168.6,0.998
360,-1,1574.4,651.3,97.1,197.3,0.998
360,-1,54.5,687.8,48.2,180.8,0.997
360,-1,1450.9,676.2,68.9,202.4,0.997
360,-1,1363.9,617.8,91.2,206.5,0.991
360,-1,1343.4,614.7,53.0,183.4,0.971
360,-1,27.1,714.6,44.4,158.0,0.955
360,-1,1573.8,658.3,43.5,167.3,0.887
360,-1,1537.6,553.9,36.3,80.0,0.852
360,-1,1368.7,558.2,43.0,94.7,0.822
360,-1,947.5,485.5,14.6,50.2,0.716
360,-1,1624.7,594.4,50.8,122.4,0.709
360,-1,1171.4,520.6,13.4,34.2,0.695
360,-1,1492.5,559.5,30.9,61.6,0.652
360,-1,1418.9,554.3,42.9,70.3,0.599
360,-1,1458.3,559.6,34.1,60.0,0.556
360,-1,1652.7,576.5,42.8,126.8,0.531
360,-1,1512.9,556.1,27.4,66.3,0.431
360,-1,1562.7,555.6,23.8,81.5,0.409
360,-1,35.6,719.4,28.6,106.5,0.286
360,-1,949.1,484.1,12.5,22.7,0.284
360,-1,1107.4,512.3,12.1,26.2,0.243
360,-1,1424.7,541.1,31.3,40.2,0.240
360,-1,993.0,511.4,10.9,27.4,0.219
360,-1,1168.0,520.6,11.5,32.7,0.215
360,-1,772.2,421.5,22.3,54.4,0.169
360,-1,1661.4,582.9,52.5,132.6,0.161
360,-1,751.2,542.4,14.4,47.9,0.145
360,-1,1152.3,524.0,11.6,29.3,0.128
360,-1,1374.3,531.6,21.4,34.5,0.127
360,-1,1406.0,565.4,23.3,57.2,0.125
360,-1,1100.8,512.8,12.6,25.6,0.102
360,-1,1431.9,550.6,28.6,37.6,0.091
360,-1,1417.4,538.5,21.0,36.6,0.089
360,-1,1449.9,555.8,27.0,63.6,0.088
360,-1,1158.4,522.1,11.3,29.8,0.084
360,-1,1444.6,563.5,22.1,55.9,0.069
361,-1,1452.3,675.4,72.3,208.5,0.996
361,-1,86.3,679.5,52.3,172.8,0.996
361,-1,1363.2,618.6,92.5,208.7,0.995
361,-1,1576.8,653.6,95.2,204.4,0.991
361,-1,48.9,696.0,46.0,171.0,0.989
361,-1,22.2,715.5,43.9,158.7,0.979
361,-1,1341.6,615.6,53.7,189.8,0.976
361,-1,1631.0,585.7,50.8,134.2,0.888
361,-1,1538.9,549.8,36.1,83.7,0.872
361,-1,1416.0,550.0,47.6,75.9,0.866
361,-1,1370.9,557.1,43.1,100.4,0.848
361,-1,947.4,491.1,13.3,45.5,0.713
361,-1,1653.5,578.1,47.3,137.2,0.682
361,-1,1491.5,558.6,32.9,63.0,0.595
361,-1,1172.4,519.0,16.5,34.8,0.540
361,-1,1513.3,556.1,28.0,66.4,0.539
361,-1,750.8,548.1,13.5,43.2,0.478
361,-1,1558.7,548.5,29.1,85.2,0.399
361,-1,1579.2,654.5,42.8,178.5,0.353
361,-1,1711.9,590.4,24.6,92.3,0.329
361,-1,1458.5,561.3,33.6,58.4,0.284
361,-1,948.8,483.8,12.4,22.4,0.278
361,-1,993.1,512.9,10.1,24.4,0.244
361,-1,1106.8,512.4,12.0,26.4,0.222
361,-1,1696.5,586.0,40.9,116.0,0.210
361,-1,771.0,418.5,22.3,57.5,0.188
361,-1,1167.8,521.8,11.9,31.5,0.151
361,-1,1593.2,653.4,56.8,131.7,0.138
361,-1,728.2,541.5,16.9,53.6,0.126
361,-1,1666.6,578.5,64.7,117.0,0.121
361,-1,1100.6,513.0,12.6,25.5,0.117
361,-1,1374.1,530.4,20.8,33.4,0.111
361,-1,1665.2,577.8,35.3,71.2,0.103
361,-1,1360.7,526.4,20.3,41.1,0.087
361,-1,1152.0,523.5,11.9,29.4,0.082
361,-1,1481.1,561.1,21.9,58.7,0.080
361,-1,19.0,688.5,90.8,185.4,0.078
361,-1,743.7,543.9,15.4,49.6,0.078
361,-1,1156.6,523.1,11.3,29.3,0.070
361,-1,1585.4,657.5,35.7,88.1,0.056
361,-1,900.9,488.7,12.4,45.5,0.053
362,-1,1452.8,683.3,71.5,210.3,0.998
362,-1,78.3,679.3,52.1,174.3,0.995
362,-1,1578.9,660.0,93.2,203.6,0.995
362,-1,1362.5,626.0,96.0,209.6,0.993
362,-1,39.1,702.1,46.9,170.8,0.984
362,-1,1340.8,615.4,52.8,198.8,0.967
362,-1,14.7,717.1,44.5,162.5,0.951
362,-1,1369.7,566.8,43.8,86.4,0.862
362,-1,1542.0,556.6,34.1,83.3,0.840
362,-1,1635.0,602.5,53.5,125.1,0.791
362,-1,1559.8,552.3,29.6,84.2,0.755
362,-1,1517.6,560.6,28.7,69.2,0.736
362,-1,1495.5,565.2,27.3,60.5,0.714
362,-1,1417.6,556.7,44.2,73.5,0.688
362,-1,1655.2,583.2,52.7,138.6,0.647
362,-1,1169.9,524.4,14.1,33.1,0.615
362,-1,1458.0,565.1,34.2,60.8,0.441
362,-1,747.7,546.4,15.4,48.1,0.367
362,-1,992.0,516.1,9.8,23.9,0.357
362,-1,948.7,499.0,12.2,39.5,0.309
362,-1,1716.8,593.6,27.4,92.9,0.263
362,-1,948.7,486.8,10.9,23.8,0.238
362,-1,52.7,691.5,32.0,62.6,0.223
362,-1,1698.1,586.9,45.2,110.8,0.214
362,-1,1672.8,583.8,50.5,132.9,0.179
362,-1,1669.1,581.4,36.9,71.4,0.174
362,-1,1431.1,551.3,24.7,37.3,0.169
362,-1,1606.7,653.9,50.9,95.7,0.167
362,-1,1482.7,566.1,17.9,60.3,0.142
362,-1,1151.5,527.0,10.6,25.6,0.121
362,-1,772.3,425.6,18.8,48.0,0.117
362,-1,1175.9,522.4,13.0,32.5,0.115
362,-1,1376.0,535.2,21.1,32.2,0.112
362,-1,1158.0,526.8,10.6,28.2,0.108
362,-1,1359.7,529.7,22.9,51.1,0.093
362,-1,1423.6,556.4,31.7,45.7,0.092
362,-1,1103.4,513.6,15.7,27.3,0.074
362,-1,1583.5,664.3,68.8,127.2,0.074
362,-1,726.5,540.7,20.0,56.6,0.060
362,-1,1167.7,524.4,9.9,29.9,0.057
362,-1,999.2,518.2,10.2,20.3,0.056
362,-1,1354.2,598.6,32.8,53.9,0.051
363,-1,1453.8,680.2,77.7,216.9,0.998
363,-1,72.0,687.0,48.8,169.1,0.997
363,-1,1580.8,657.1,88.2,209.2,0.996
363,-1,1360.2,627.4,98.8,210.2,0.991
363,-1,36.5,701.1,45.4,176.0,0.990
363,-1,3.3,723.8,49.6,163.1,0.976
363,-1,1340.5,621.1,53.0,185.8,0.961
363,-1,1642.5,593.4,47.4,135.3,0.928
363,-1,1543.7,557.8,33.7,82.4,0.896
363,-1,1369.7,565.4,45.6,75.2,0.833
363,-1,1417.9,558.1,43.2,72.4,0.830
363,-1,1666.4,580.7,49.7,122.1,0.806
363,-1,1517.8,560.3,28.7,68.8,0.749
363,-1,1496.5,564.9,31.3,61.7,0.656
363,-1,1566.9,558.6,25.3,84.8,0.635
363,-1,946.5,498.6,13.3,42.0,0.553
363,-1,1506.5,562.5,31.3,65.2,0.491
363,-1,1457.1,565.0,36.8,60.5,0.472
363,-1,746.9,550.0,13.0,45.8,0.356
363,-1,1168.6,525.4,13.1,30.6,0.354
363,-1,990.7,518.2,9.5,21.4,0.338
363,-1,947.7,486.4,12.6,23.6,0.287
363,-1,1671.7,581.1,72.8,141.7,0.241
363,-1,771.0,431.0,18.8,45.7,0.239
363,-1,1517.0,562.1,21.6,43.9,0.218
363,-1,1375.8,535.8,21.1,32.1,0.157
363,-1,1706.1,580.6,41.6,122.0,0.143
363,-1,1479.9,565.7,22.7,58.2,0.135
363,-1,15.7,702.4,89.5,181.5,0.106
363,-1,724.9,546.6,17.6,51.0,0.083
363,-1,900.3,495.2,11.8,40.2,0.074
363,-1,1172.6,522.6,15.2,34.9,0.066
363,-1,1360.3,529.5,20.1,45.8,0.052
363,-1,1354.9,564.8,21.4,60.8,0.050
364,-1,1451.7,690.6,74.4,214.9,0.998
364,-1,65.9,685.1,51.4,177.6,0.996
364,-1,1580.0,658.6,80.3,218.3,0.995
364,-1,1358.4,631.6,97.2,215.1,0.994
364,-1,28.4,695.4,47.5,180.5,0.986
364,-1,1.6,723.9,41.4,162.5,0.973
364,-1,1647.8,594.5,47.8,142.0,0.958
364,-1,1336.0,631.5,54.0,171.1,0.947
364,-1,1545.7,563.1,33.1,82.1,0.930
364,-1,1518.3,565.2,29.9,69.3,0.860
364,-1,1369.1,569.6,47.7,74.3,0.790
364,-1,1418.7,562.3,42.9,73.1,0.705
364,-1,1498.4,570.8,30.8,61.2,0.635
364,-1,1563.7,562.5,30.3,85.4,0.627
364,-1,946.7,496.1,12.5,45.5,0.569
364,-1,1169.8,525.6,15.7,32.8,0.551
364,-1,748.3,554.6,12.0,40.8,0.513
364,-1,990.2,519.8,9.6,21.3,0.417
364,-1,1664.8,588.7,49.3,141.2,0.414
364,-1,1457.4,569.5,34.3,61.4,0.346
364,-1,1678.5,585.9,43.8,110.6,0.275
364,-1,947.7,488.0,12.1,24.1,0.244
364,-1,1431.9,547.0,22.7,25.7,0.243
364,-1,1484.5,570.6,21.0,59.3,0.213
364,-1,771.3,431.1,18.5,45.3,0.209
364,-1,1377.1,537.6,20.9,36.3,0.171
364,-1,1431.4,559.2,30.2,51.4,0.159
364,-1,1005.7,519.8,11.6,19.3,0.135
364,-1,1392.5,567.9,51.7,69.6,0.129
364,-1,1405.1,568.4,22.7,63.8,0.096
364,-1,725.8,547.9,19.2,50.9,0.094
364,-1,1585.1,656.1,56.1,128.4,0.090
364,-1,1157.5,529.4,11.8,27.9,0.089
364,-1,994.1,519.9,8.7,22.4,0.079
364,-1,1165.3,526.7,14.6,33.1,0.078
364,-1,1688.4,602.8,59.0,96.3,0.070
364,-1,886.5,510.6,10.4,28.7,0.068
364,-1,1664.3,593.9,31.0,110.1,0.066
364,-1,900.2,496.8,12.0,41.1,0.066
364,-1,1383.0,481.3,23.8,42.0,0.066
364,-1,1358.2,533.8,24.2,51.0,0.058
365,-1,1447.4,696.3,82.2,218.4,0.999
365,-1,1580.5,655.1,78.1,223.9,0.996
365,-1,57.7,692.4,52.9,176.3,0.995
365,-1,21.5,707.7,46.7,176.6,0.992
365,-1,1365.8,634.5,91.5,214.9,0.986
365,-1,0.8,730.3,36.9,165.3,0.978
365,-1,1650.2,597.0,56.2,143.2,0.964
365,-1,1335.2,633.2,53.4,165.8,0.952
365,-1,1548.4,563.9,33.7,83.9,0.918
365,-1,1370.1,570.1,47.1,74.3,0.820
365,-1,1517.9,566.1,31.6,70.6,0.763
365,-1,1457.9,575.2,34.2,59.1,0.700
365,-1,1565.6,563.5,30.2,85.4,0.624
365,-1,1500.1,573.6,34.4,60.2,0.604
365,-1,1421.4,564.7,42.8,73.4,0.561
365,-1,1683.9,594.3,42.6,116.3,0.559
365,-1,746.6,554.2,13.5,44.0,0.472
365,-1,989.5,520.7,9.3,20.0,0.422
365,-1,947.5,491.5,12.1,22.6,0.418
365,-1,1704.7,602.1,46.8,109.1,0.371
365,-1,946.5,503.6,13.6,41.9,0.262
365,-1,1680.6,592.7,29.3,55.0,0.257
365,-1,1159.2,530.5,10.8,28.1,0.192
365,-1,1433.6,549.0,24.8,26.5,0.178
365,-1,1693.9,597.3,34.2,76.5,0.163
365,-1,1379.3,541.1,19.5,33.3,0.155
365,-1,1169.8,526.7,15.1,33.8,0.131
365,-1,1484.4,571.7,25.4,61.5,0.128
365,-1,1166.8,528.7,11.7,30.2,0.110
365,-1,887.3,511.0,10.1,30.7,0.102
365,-1,726.0,551.6,17.9,50.7,0.100
365,-1,1704.2,605.0,22.9,56.7,0.097
365,-1,997.3,523.2,8.7,20.9,0.088
365,-1,1006.3,520.9,12.1,21.7,0.081
365,-1,900.2,499.2,11.0,39.2,0.074
365,-1,1432.5,561.2,30.0,51.4,0.067
365,-1,993.2,522.1,9.1,23.2,0.059
365,-1,770.6,432.2,19.0,46.3,0.059
365,-1,1573.2,567.6,23.5,51.7,0.058
365,-1,892.5,510.6,10.8,31.8,0.050
366,-1,1447.7,699.1,85.0,222.4,0.999
366,-1,1579.8,662.2,71.9,224.2,0.996
366,-1,51.8,694.2,51.2,175.0,0.994
366,-1,9.8,707.7,51.8,187.2,0.984
366,-1,1373.9,640.2,73.2,214.8,0.979
366,-1,0.1,729.9,32.0,168.2,0.974
366,-1,1337.2,636.0,55.4,195.0,0.974
366,-1,1655.1,600.4,51.5,139.1,0.971
366,-1,1549.5,565.6,35.7,83.0,0.935
366,-1,1371.3,571.5,45.3,81.3,0.859
366,-1,1522.4,568.9,31.2,70.1,0.749
366,-1,988.3,522.4,11.5,25.7,0.741
366,-1,1710.5,605.6,49.4,102.3,0.718
366,-1,1419.2,564.5,45.5,76.2,0.714
366,-1,1457.9,573.9,34.4,62.3,0.680
366,-1,1500.9,575.0,32.0,58.9,0.605
366,-1,1160.0,531.7,10.6,27.8,0.453
366,-1,1569.7,565.7,28.7,81.9,0.452
366,-1,745.8,555.0,13.1,43.4,0.416
366,-1,1708.5,608.9,27.2,63.3,0.284
366,-1,1007.0,523.2,10.2,19.5,0.273
366,-1,1002.6,524.2,8.7,19.0,0.269
366,-1,1171.2,529.1,14.5,33.8,0.249
366,-1,947.0,491.4,12.9,24.4,0.237
366,-1,1165.8,530.6,12.4,31.2,0.232
366,-1,1484.8,573.1,26.1,62.0,0.201
366,-1,29.5,698.4,56.9,182.1,0.170
366,-1,1151.3,529.8,10.1,26.6,0.167
366,-1,1108.8,525.7,10.4,22.1,0.154
366,-1,1687.7,601.6,42.8,118.8,0.137
366,-1,886.2,513.4,9.6,28.5,0.136
366,-1,946.1,506.8,12.9,39.3,0.118
366,-1,1101.8,524.5,12.3,24.0,0.101
366,-1,1378.9,543.1,19.8,34.2,0.092
366,-1,1434.9,557.7,26.4,31.7,0.086
366,-1,770.0,435.1,19.2,46.2,0.068
366,-1,1575.4,571.9,22.3,49.8,0.061
366,-1,1377.2,483.7,32.9,68.6,0.052
367,-1,1449.2,708.4,86.5,222.1,0.998
367,-1,1578.0,664.4,68.6,227.6,0.998
367,-1,5.3,710.1,48.4,187.8,0.996
367,-1,46.4,700.9,50.6,176.0,0.995
367,-1,1376.0,648.6,75.3,212.6,0.987
367,-1,1661.6,603.0,49.3,139.5,0.982
367,-1,1333.0,643.8,53.5,190.8,0.963
367,-1,1550.7,567.0,34.9,85.3,0.907
367,-1,1369.7,577.7,48.4,68.5,0.792
367,-1,1419.6,570.3,42.6,73.7,0.773
367,-1,1523.5,570.9,30.4,70.1,0.750
367,-1,988.4,525.6,10.3,23.2,0.743
367,-1,0.1,733.5,10.4,164.6,0.727
367,-1,1.0,722.2,27.9,182.9,0.724
367,-1,24.6,701.9,55.4,186.0,0.690
367,-1,1713.4,612.0,47.5,113.4,0.686
367,-1,1712.8,610.6,24.9,57.6,0.663
367,-1,1457.7,576.3,34.8,61.5,0.658
367,-1,1504.0,576.6,35.4,61.5,0.647
367,-1,1103.7,525.9,10.3,24.0,0.565
367,-1,1569.7,566.4,30.1,79.8,0.556
367,-1,745.0,560.4,13.9,43.4,0.555
367,-1,1169.0,530.6,12.9,33.5,0.534
367,-1,1003.4,525.9,9.0,19.6,0.411
367,-1,769.0,436.9,18.9,46.9,0.395
367,-1,1005.7,524.4,10.1,20.8,0.358
367,-1,946.0,494.0,14.7,23.7,0.279
367,-1,945.4,505.6,12.8,43.6,0.267
367,-1,1708.5,609.5,30.6,112.9,0.245
367,-1,1341.4,644.7,80.4,207.4,0.232
367,-1,721.1,554.2,16.8,52.4,0.192
367,-1,1107.3,525.8,11.4,24.5,0.182
367,-1,1159.2,534.6,11.4,28.8,0.180
367,-1,1173.5,532.4,12.8,31.9,0.174
367,-1,1433.8,554.3,27.5,38.5,0.170
367,-1,1485.5,576.2,28.3,59.0,0.155
367,-1,993.3,525.8,7.9,22.3,0.147
367,-1,1369.8,645.5,58.3,154.7,0.098
367,-1,728.6,559.2,17.0,48.9,0.097
367,-1,1689.2,611.5,58.2,122.8,0.094
367,-1,1380.5,547.2,18.0,32.2,0.092
367,-1,1356.3,541.7,26.8,67.4,0.085
367,-1,998.4,526.3,9.5,20.1,0.082
367,-1,1156.0,532.4,9.9,26.7,0.082
367,-1,1163.8,533.1,10.6,30.9,0.080
367,-1,1692.0,601.3,24.7,92.2,0.069
367,-1,1406.5,574.0,20.9,72.7,0.060
367,-1,1379.0,485.1,29.5,62.1,0.056
368,-1,1451.9,713.3,86.8,223.5,0.997
368,-1,35.6,704.0,51.9,179.2,0.995
368,-1,1577.2,676.9,71.8,219.4,0.993
368,-1,1375.7,648.9,55.0,195.0,0.983
368,-1,1332.8,642.8,71.7,199.0,0.971
368,-1,1665.7,604.6,53.8,142.4,0.969
368,-1,2.5,718.4,39.0,187.0,0.966
368,-1,1370.8,578.1,47.5,78.7,0.879
368,-1,1420.5,576.4,38.4,72.4,0.868
368,-1,1102.4,528.7,9.0,23.7,0.849
368,-1,1552.0,572.6,33.1,81.7,0.840
368,-1,1457.4,581.8,36.1,60.7,0.795
368,-1,0.0,736.0,25.7,164.6,0.763
368,-1,945.2,513.3,14.1,37.7,0.741
368,-1,1503.8,578.6,36.0,62.1,0.726
368,-1,987.0,525.8,11.2,25.7,0.714
368,-1,1717.1,619.2,26.3,52.9,0.666
368,-1,1524.3,573.0,30.9,70.0,0.596
368,-1,744.1,560.8,14.8,45.7,0.570
368,-1,1571.6,568.0,29.0,81.6,0.522
368,-1,946.0,497.4,11.2,22.8,0.397
368,-1,1406.1,575.4,22.9,77.6,0.357
368,-1,1437.8,554.8,23.0,29.1,0.290
368,-1,1167.9,533.3,17.2,34.6,0.283
368,-1,1104.6,526.1,11.4,26.9,0.277
368,-1,6.5,714.5,35.0,106.4,0.232
368,-1,1717.7,613.5,28.0,118.3,0.183
368,-1,768.1,436.6,19.8,46.5,0.172
368,-1,1437.1,563.6,26.6,46.0,0.163
368,-1,994.9,527.3,8.6,22.4,0.161
368,-1,1438.1,569.3,28.5,73.0,0.151
368,-1,1485.8,578.9,27.2,60.8,0.147
368,-1,720.1,557.0,18.4,52.7,0.145
368,-1,1001.2,527.8,8.9,19.2,0.144
368,-1,1356.6,542.9,27.0,59.1,0.117
368,-1,899.8,503.1,11.8,43.4,0.116
368,-1,1381.1,548.3,18.6,32.7,0.114
368,-1,1719.0,618.0,51.8,83.1,0.101
368,-1,1160.6,536.7,11.2,30.2,0.098
368,-1,1004.5,527.6,10.9,20.5,0.097
368,-1,1690.1,613.0,48.9,130.1,0.090
368,-1,887.6,516.6,10.9,30.1,0.070
368,-1,728.3,556.9,17.9,53.4,0.052
369,-1,1457.0,716.6,83.6,225.0,0.998
369,-1,1568.0,671.1,90.9,231.3,0.996
369,-1,31.1,709.6,51.0,183.2,0.995
369,-1,0.7,717.8,39.3,192.5,0.988
369,-1,1668.0,600.5,56.3,151.1,0.983
369,-1,1370.8,643.4,56.7,209.8,0.974
369,-1,1328.2,645.3,73.1,195.4,0.934
369,-1,1554.8,568.9,34.4,86.5,0.851
369,-1,1420.4,576.7,37.8,75.1,0.849
369,-1,1373.4,578.2,46.2,79.7,0.802
369,-1,1457.5,583.3,45.5,59.9,0.748
369,-1,987.9,527.0,8.0,21.2,0.743
369,-1,1510.8,575.8,35.7,66.7,0.688
369,-1,945.3,514.0,13.1,38.1,0.650
369,-1,1724.3,615.7,25.0,57.2,0.647
369,-1,1528.0,573.3,30.1,69.5,0.645
369,-1,1571.3,565.8,32.5,91.5,0.565
369,-1,742.4,561.5,16.1,46.2,0.524
369,-1,1002.4,527.3,9.3,19.4,0.488
369,-1,9.1,713.8,59.4,187.1,0.460
369,-1,1405.4,573.9,24.3,81.4,0.363
369,-1,945.2,498.3,11.6,22.9,0.309
369,-1,767.3,440.0,19.3,43.1,0.306
369,-1,1103.0,526.7,11.6,27.1,0.278
369,-1,1722.5,611.9,32.5,117.3,0.246
369,-1,989.7,527.0,9.4,24.1,0.245
369,-1,1438.3,556.5,23.8,33.0,0.218
369,-1,1724.6,603.7,49.5,105.5,0.216
369,-1,993.8,528.2,8.3,23.0,0.183
369,-1,0.2,727.1,16.7,187.4,0.181
369,-1,999.9,528.9,8.3,19.3,0.172
369,-1,1407.2,574.2,20.2,42.9,0.161
369,-1,886.2,517.7,10.9,30.8,0.154
369,-1,1381.6,547.8,19.3,32.8,0.150
369,-1,1358.5,544.7,25.6,59.1,0.134
369,-1,1163.6,535.8,13.2,33.8,0.122
369,-1,1167.5,532.4,18.3,34.7,0.107
369,-1,1160.4,537.8,11.8,30.2,0.097
369,-1,996.4,528.8,8.1,20.1,0.084
369,-1,1444.8,582.3,24.5,62.3,0.082
369,-1,1096.5,526.9,12.7,26.2,0.075
369,-1,966.0,521.7,11.9,32.7,0.071
369,-1,1592.2,669.6,59.9,167.0,0.063
369,-1,1491.0,579.1,24.8,61.1,0.061
370,-1,1457.8,719.3,85.9,226.6,0.998
370,-1,22.5,713.3,51.5,175.2,0.998
370,-1,1555.3,684.4,105.8,222.4,0.995
370,-1,1368.8,649.1,54.8,221.0,0.995
370,-1,1674.8,603.1,57.0,151.1,0.985
370,-1,1324.7,646.9,63.0,191.5,0.971
370,-1,1555.8,570.0,35.4,86.1,0.936
370,-1,1421.4,577.0,38.8,75.9,0.908
370,-1,1374.6,579.5,46.4,85.1,0.891
370,-1,0.7,721.7,33.1,167.1,0.845
370,-1,1529.0,575.4,31.1,71.4,0.824
370,-1,1457.1,586.7,38.1,59.6,0.821
370,-1,1507.4,578.9,36.8,67.1,0.797
370,-1,743.0,564.2,15.1,46.4,0.774
370,-1,986.8,528.0,8.8,23.4,0.754
370,-1,1001.1,529.7,10.0,20.9,0.603
370,-1,966.3,524.4,12.1,32.1,0.579
370,-1,944.1,512.2,13.6,41.3,0.574
370,-1,766.5,441.5,20.5,44.3,0.568
370,-1,1578.2,570.0,27.7,86.9,0.455
370,-1,1004.1,528.1,10.5,20.8,0.448
370,-1,1434.7,556.4,33.5,42.8,0.438
370,-1,717.6,558.8,17.0,54.3,0.388
370,-1,1408.6,575.2,26.8,79.5,0.379
370,-1,1168.9,534.6,17.3,35.3,0.348
370,-1,945.7,498.3,12.1,26.4,0.277
370,-1,994.5,529.5,8.7,22.5,0.271
370,-1,1164.5,535.8,12.6,35.5,0.262
370,-1,1727.8,621.8,28.3,53.3,0.246
370,-1,1433.1,566.0,33.8,77.2,0.229
370,-1,0.8,723.2,26.7,87.4,0.224
370,-1,1407.5,577.3,20.9,48.6,0.216
370,-1,1161.0,538.3,11.9,33.8,0.212
370,-1,1495.6,582.0,23.9,63.4,0.196
370,-1,998.6,529.2,8.5,20.5,0.159
370,-1,1727.1,615.2,29.9,119.1,0.121
370,-1,955.2,521.0,11.5,31.1,0.105
370,-1,1155.3,535.6,11.0,29.3,0.094
370,-1,1380.2,548.5,19.4,33.4,0.087
370,-1,1700.1,604.2,29.7,84.3,0.086
370,-1,1358.6,546.2,25.7,62.0,0.083
370,-1,0.1,725.0,15.0,118.8,0.082
370,-1,1170.1,532.2,12.0,18.4,0.075
370,-1,1694.7,601.6,52.2,142.6,0.071
370,-1,1729.3,610.5,54.7,130.2,0.064
371,-1,1455.5,723.6,87.7,228.0,0.997
371,-1,1546.3,683.9,123.1,226.5,0.996
371,-1,1366.0,647.5,57.1,220.0,0.993
371,-1,13.7,716.8,56.9,180.9,0.989
371,-1,1680.9,601.8,50.2,152.4,0.984
371,-1,1324.0,649.5,52.7,167.4,0.975
371,-1,1557.0,571.8,34.0,83.5,0.948
371,-1,0.5,724.6,23.1,187.9,0.902
371,-1,1529.7,575.2,30.7,71.6,0.884
371,-1,1421.7,576.8,39.2,79.2,0.877
371,-1,1376.0,579.2,45.3,92.9,0.877
371,-1,741.8,564.9,15.4,46.9,0.868
371,-1,1508.5,579.3,36.2,66.4,0.838
371,-1,1457.0,586.1,35.8,61.4,0.838
371,-1,985.6,528.4,8.9,23.4,0.798
371,-1,966.0,527.8,11.3,29.4,0.715
371,-1,1582.8,570.8,24.4,88.5,0.675
371,-1,1000.5,530.1,9.3,22.1,0.612
371,-1,1003.5,529.4,9.7,21.2,0.610
371,-1,1734.6,621.7,27.3,111.5,0.548
371,-1,1.9,724.8,43.4,181.6,0.545
371,-1,1735.1,612.3,60.4,126.4,0.481
371,-1,1408.2,575.5,25.9,81.9,0.412
371,-1,1433.4,556.7,33.7,41.8,0.386
371,-1,989.2,528.5,9.5,26.5,0.340
371,-1,998.1,529.9,8.3,22.8,0.332
371,-1,1495.2,583.0,23.6,63.9,0.326
371,-1,765.5,443.3,20.5,45.4,0.258
371,-1,1777.7,614.0,26.6,66.7,0.256
371,-1,1735.3,624.1,25.3,54.2,0.250
371,-1,1167.8,535.6,17.9,34.6,0.244
371,-1,945.3,501.2,10.6,24.4,0.217
371,-1,1164.3,535.8,14.0,36.1,0.205
371,-1,993.1,532.1,9.2,22.7,0.196
371,-1,1407.6,577.0,19.9,44.4,0.190
371,-1,1704.6,605.3,28.5,72.0,0.163
371,-1,1466.4,583.0,42.1,65.4,0.162
371,-1,1435.0,570.1,32.7,76.9,0.160
371,-1,885.1,520.4,10.5,28.8,0.154
371,-1,1159.6,538.2,12.8,32.5,0.145
371,-1,944.4,516.2,12.0,38.3,0.118
371,-1,1353.5,543.0,35.6,109.8,0.099
371,-1,1358.4,546.6,25.8,67.4,0.091
371,-1,1731.1,608.7,68.2,73.0,0.063
371,-1,0.6,727.8,18.5,82.5,0.060
371,-1,1451.6,587.0,24.8,59.7,0.058
371,-1,880.5,520.7,10.9,25.4,0.055
371,-1,1689.2,602.6,39.5,91.1,0.052
372,-1,1545.6,686.4,125.7,228.8,0.996
372,-1,1455.6,725.3,89.7,230.4,0.995
372,-1,1363.0,651.3,61.7,221.1,0.995
372,-1,5.0,718.4,56.6,186.0,0.990
372,-1,1323.5,648.7,50.8,164.9,0.977
372,-1,1686.8,603.9,49.2,149.5,0.968
372,-1,1558.6,571.1,35.3,84.6,0.941
372,-1,1532.4,575.3,32.3,72.1,0.894
372,-1,1375.0,581.8,50.0,96.7,0.882
372,-1,0.0,728.6,14.1,175.4,0.847
372,-1,1509.6,579.8,36.0,65.3,0.830
372,-1,965.1,528.1,11.8,30.0,0.817
372,-1,1460.9,584.5,37.2,63.3,0.800
372,-1,1421.5,576.8,40.3,81.2,0.774
372,-1,739.6,565.2,16.4,46.5,0.762
372,-1,1575.7,568.2,32.3,91.9,0.706
372,-1,984.5,529.3,8.6,22.0,0.680
372,-1,1.1,727.2,33.2,172.5,0.530
372,-1,999.8,530.4,12.5,21.0,0.517
372,-1,1740.8,617.8,61.6,119.9,0.491
372,-1,1732.7,611.0,33.5,124.5,0.457
372,-1,942.0,503.0,13.5,52.6,0.424
372,-1,989.5,529.8,10.3,25.3,0.412
372,-1,1433.9,555.9,34.5,43.7,0.403
372,-1,1167.5,536.4,16.6,34.4,0.399
372,-1,1496.1,582.8,22.7,63.2,0.335
372,-1,1736.4,614.9,29.8,59.6,0.273
372,-1,1162.6,535.7,15.0,36.6,0.272
372,-1,943.8,503.0,11.2,21.5,0.259
372,-1,1157.5,537.3,14.2,34.1,0.214
372,-1,1736.0,612.8,66.9,67.7,0.192
372,-1,1100.4,531.1,11.4,24.5,0.178
372,-1,1435.1,566.0,34.2,82.0,0.175
372,-1,1358.0,547.3,26.7,80.0,0.157
372,-1,1150.1,535.5,9.4,27.1,0.147
372,-1,1781.4,622.3,23.5,58.3,0.133
372,-1,996.5,529.8,8.7,23.3,0.122
372,-1,763.4,443.7,20.9,42.9,0.091
372,-1,1154.7,534.5,10.9,31.4,0.088
372,-1,1333.0,656.5,75.6,215.4,0.084
372,-1,1096.0,528.5,11.8,27.3,0.067
372,-1,1712.4,617.8,24.3,63.7,0.064
372,-1,882.9,521.7,10.7,29.2,0.063
372,-1,1379.8,548.2,19.8,37.1,0.062
372,-1,1707.2,614.1,29.3,114.4,0.057
372,-1,1163.3,536.5,9.6,25.8,0.055
372,-1,1168.9,536.2,12.3,21.6,0.052
372,-1,1687.6,613.0,33.8,104.3,0.052
372,-1,897.0,509.5,10.0,30.0,0.051
373,-1,1544.9,686.2,130.3,230.4,0.996
373,-1,0.7,725.4,52.5,185.9,0.996
373,-1,1454.5,724.4,88.2,232.6,0.996
373,-1,1360.7,656.5,64.7,216.3,0.988
373,-1,1690.8,604.1,50.5,148.2,0.966
373,-1,1322.7,651.5,49.7,161.4,0.961
373,-1,1559.3,570.7,36.9,84.4,0.952
373,-1,1532.5,574.4,32.4,71.9,0.925
373,-1,1378.2,581.8,45.7,100.7,0.879
373,-1,1461.1,584.2,37.0,63.4,0.857
373,-1,1511.2,579.3,34.4,64.6,0.839
373,-1,739.0,567.1,14.8,48.1,0.827
373,-1,1422.6,576.3,41.5,81.6,0.824
373,-1,965.1,528.7,10.9,30.7,0.816
373,-1,983.3,530.7,8.8,21.6,0.691
373,-1,999.9,530.4,9.5,22.1,0.581
373,-1,1162.9,536.3,17.9,35.6,0.542
373,-1,988.6,530.4,10.3,24.7,0.507
373,-1,1495.9,582.1,23.7,63.7,0.496
373,-1,1581.4,568.2,28.2,87.4,0.477
373,-1,1743.9,617.6,62.4,117.3,0.403
373,-1,713.6,563.8,16.9,50.2,0.398
373,-1,943.0,504.5,10.5,22.0,0.368
373,-1,943.0,519.1,11.5,36.4,0.364
373,-1,1095.2,530.6,12.2,27.0,0.356
373,-1,996.5,530.0,9.1,23.7,0.350
373,-1,895.2,510.8,10.3,30.7,0.288
373,-1,1742.7,616.5,28.5,89.5,0.273
373,-1,1440.6,555.5,22.3,32.1,0.225
373,-1,1357.8,547.0,27.2,87.8,0.201
373,-1,761.8,444.9,21.4,45.4,0.169
373,-1,992.7,531.3,9.4,22.0,0.157
373,-1,1167.6,535.7,12.5,20.2,0.139
373,-1,1438.0,562.7,26.5,37.5,0.136
373,-1,1157.1,536.9,17.5,36.6,0.133
373,-1,1155.0,537.0,12.4,32.5,0.129
373,-1,1440.4,572.2,27.1,76.2,0.124
373,-1,883.1,524.7,11.2,30.6,0.102
373,-1,1715.6,614.7,26.8,69.3,0.095
373,-1,962.1,524.2,11.0,30.5,0.091
373,-1,0.2,743.3,11.2,161.5,0.075
373,-1,1581.1,683.0,83.0,128.3,0.061
373,-1,937.3,508.0,9.6,18.7,0.060
373,-1,679.3,532.2,9.9,22.2,0.056
373,-1,1379.4,548.3,20.0,36.8,0.056
373,-1,942.3,509.1,11.5,31.4,0.055
373,-1,886.9,521.0,11.0,27.7,0.053
373,-1,1368.4,613.6,28.2,69.0,0.052
374,-1,0.0,728.0,48.3,182.6,0.998
374,-1,1454.7,725.3,84.2,235.5,0.997
374,-1,1546.9,687.8,127.8,233.0,0.996
374,-1,1356.0,651.6,75.3,225.5,0.988
374,-1,1696.6,602.4,54.7,150.1,0.953
374,-1,1324.2,651.3,43.9,167.5,0.945
374,-1,1559.4,569.8,37.8,84.3,0.943
374,-1,1533.0,574.0,31.9,71.8,0.895
374,-1,1456.2,580.6,42.7,67.3,0.890
374,-1,1378.4,578.3,43.3,97.8,0.886
374,-1,1511.6,579.1,32.0,65.0,0.873
374,-1,962.2,526.6,11.5,32.4,0.847
374,-1,1417.9,580.7,41.9,80.9,0.834
374,-1,736.9,567.6,15.2,46.4,0.824
374,-1,998.4,530.1,9.4,21.2,0.565
374,-1,1496.4,581.3,24.0,63.8,0.560
374,-1,1581.1,567.3,29.3,88.0,0.554
374,-1,981.5,529.4,8.8,23.2,0.521
374,-1,988.4,532.2,9.6,23.2,0.467
374,-1,941.3,520.6,12.0,34.7,0.413
374,-1,1748.7,618.2,57.5,125.9,0.331
374,-1,1160.1,536.3,17.5,37.6,0.330
374,-1,941.1,506.2,9.9,19.7,0.311
374,-1,994.0,530.2,9.5,22.4,0.308
374,-1,1436.5,555.4,30.0,42.4,0.305
374,-1,1094.2,530.0,12.7,26.9,0.297
374,-1,760.5,445.6,21.5,44.0,0.296
374,-1,1747.5,621.7,29.6,111.7,0.292
374,-1,1358.0,547.5,26.5,86.6,0.243
374,-1,1432.5,568.6,35.0,83.6,0.202
374,-1,880.0,524.1,10.7,25.1,0.192
374,-1,1165.5,536.1,16.4,32.7,0.165
374,-1,1729.0,605.6,41.3,133.6,0.146
374,-1,0.3,732.9,19.3,173.3,0.142
374,-1,1166.7,535.2,12.9,21.2,0.141
374,-1,1748.4,624.6,61.2,54.5,0.116
374,-1,1748.5,624.5,27.7,55.6,0.113
374,-1,887.7,520.5,10.0,24.6,0.113
374,-1,1438.0,569.3,27.1,50.5,0.095
374,-1,950.2,524.8,10.8,32.4,0.091
374,-1,1556.2,694.9,77.3,172.2,0.091
374,-1,944.6,504.3,10.6,20.6,0.088
374,-1,983.9,531.1,12.2,26.4,0.079
374,-1,1449.3,583.3,32.3,64.2,0.067
374,-1,1160.3,537.4,11.5,25.1,0.067
374,-1,1268.1,534.7,11.4,36.6,0.064
374,-1,890.5,518.7,9.6,22.7,0.062
374,-1,1579.0,684.5,82.5,126.4,0.062
374,-1,894.6,511.4,10.4,28.3,0.057
374,-1,1360.5,550.6,36.6,118.7,0.057
375,-1,1551.1,690.7,117.0,230.2,0.997
375,-1,1455.0,725.0,82.1,238.1,0.996
375,-1,1350.9,651.8,79.0,227.9,0.991
375,-1,0.7,733.6,39.1,186.6,0.987
375,-1,1559.0,569.1,39.1,84.4,0.960
375,-1,1700.8,599.8,47.7,151.3,0.955
375,-1,1532.5,571.1,31.0,72.4,0.936
375,-1,1321.0,651.9,45.7,168.5,0.928
375,-1,1512.5,576.3,36.5,65.4,0.914
375,-1,1378.3,576.3,43.5,98.3,0.887
375,-1,1453.9,583.7,43.8,62.7,0.875
375,-1,960.1,526.3,11.6,32.4,0.869
375,-1,735.3,567.5,15.9,48.0,0.760
375,-1,939.1,520.7,12.1,34.8,0.746
375,-1,1580.5,564.6,29.6,91.0,0.629
375,-1,1162.9,535.5,16.6,34.4,0.608
375,-1,1496.2,580.4,24.7,63.7,0.554
375,-1,996.9,529.6,10.1,21.6,0.543
375,-1,939.1,504.5,10.9,21.1,0.514
375,-1,1420.6,573.5,43.8,86.6,0.498
375,-1,986.4,531.7,9.3,22.2,0.483
375,-1,980.5,528.4,9.1,23.0,0.419
375,-1,1439.8,555.6,22.9,35.3,0.354
375,-1,1713.8,604.0,53.3,138.1,0.294
375,-1,1754.6,617.9,57.1,103.5,0.287
375,-1,991.3,531.1,9.1,21.8,0.274
375,-1,1438.2,567.1,30.5,79.7,0.251
375,-1,1155.2,537.6,12.5,31.0,0.243
375,-1,1723.2,610.8,27.4,92.6,0.206
375,-1,880.5,523.1,10.7,30.3,0.198
375,-1,1357.4,541.9,41.2,113.9,0.175
375,-1,1357.3,544.1,26.2,65.8,0.142
375,-1,1699.6,616.3,33.3,103.2,0.107
375,-1,1561.8,695.4,73.0,158.4,0.084
375,-1,1577.2,681.6,80.1,133.0,0.081
375,-1,1164.1,535.4,12.1,21.2,0.070
375,-1,959.5,519.8,9.4,29.0,0.060
375,-1,949.4,521.8,10.2,32.7,0.056
375,-1,978.4,527.6,8.1,20.2,0.054
375,-1,1739.7,611.2,35.9,123.7,0.054
375,-1,1323.7,657.0,70.4,228.4,0.053
376,-1,1454.7,727.2,83.0,241.8,0.997
376,-1,1551.0,694.0,111.7,229.4,0.996
376,-1,1349.8,655.8,81.2,223.7,0.993
376,-1,1705.5,597.8,45.6,153.6,0.965
376,-1,0.2,731.2,30.7,191.1,0.961
376,-1,1559.6,567.4,39.0,84.4,0.956
376,-1,1513.0,574.6,37.7,67.2,0.912
376,-1,1318.5,649.6,44.4,163.8,0.892
376,-1,1533.1,569.5,29.3,70.7,0.878
376,-1,1377.8,575.2,46.6,104.1,0.851
376,-1,1458.9,579.5,37.6,65.3,0.819
376,-1,733.8,568.0,16.1,46.3,0.764
376,-1,958.4,526.5,12.9,31.8,0.749
376,-1,936.1,510.3,15.3,44.3,0.730
376,-1,1578.8,562.1,31.2,93.5,0.712
376,-1,1163.7,532.9,14.9,35.8,0.616
376,-1,1497.6,577.8,22.3,64.3,0.553
376,-1,937.8,502.3,13.0,24.1,0.493
376,-1,1435.1,570.2,30.7,29.8,0.488
376,-1,995.5,530.0,10.5,21.4,0.459
376,-1,1435.9,566.0,31.2,81.3,0.458
376,-1,1761.1,620.7,25.8,49.6,0.444
376,-1,1724.5,604.3,46.9,133.4,0.432
376,-1,984.3,533.5,10.4,21.1,0.426
376,-1,978.9,529.7,11.3,25.4,0.415
376,-1,1165.2,531.2,12.1,23.6,0.367
376,-1,1436.2,553.5,27.1,35.4,0.319
376,-1,1585.1,678.1,67.3,127.6,0.246
376,-1,1356.1,542.5,42.5,113.5,0.229
376,-1,1728.5,611.3,28.8,107.4,0.225
376,-1,1419.7,578.2,44.1,76.8,0.210
376,-1,891.9,507.9,14.0,47.1,0.196
376,-1,1760.1,618.4,26.5,98.5,0.192
376,-1,1705.1,601.1,35.8,85.8,0.178
376,-1,1143.2,532.4,8.7,27.7,0.172
376,-1,877.1,522.4,11.7,32.2,0.168
376,-1,756.7,445.2,22.0,42.1,0.166
376,-1,1153.8,535.7,13.4,35.1,0.158
376,-1,990.6,531.4,9.2,21.3,0.157
376,-1,1759.9,617.9,52.0,60.7,0.145
376,-1,976.9,527.5,8.9,20.9,0.111
376,-1,1564.7,690.9,61.4,129.5,0.107
376,-1,1742.3,611.1,24.6,62.6,0.097
376,-1,1355.8,542.3,28.1,70.2,0.094
376,-1,1265.0,531.9,13.5,38.4,0.093
376,-1,948.8,522.6,12.6,34.3,0.062
376,-1,1152.1,536.2,8.4,23.8,0.055
377,-1,1453.0,727.0,86.2,244.7,0.996
377,-1,1549.1,692.8,107.0,228.3,0.996
377,-1,1346.8,653.7,81.4,225.8,0.995
377,-1,1559.1,565.8,39.6,83.5,0.954
377,-1,1511.9,573.1,37.6,68.6,0.950
377,-1,1710.2,596.3,42.2,153.4,0.919
377,-1,0.0,724.1,18.5,198.8,0.866
377,-1,1531.0,568.2,29.4,72.9,0.852
377,-1,1380.3,575.4,40.0,102.1,0.841
377,-1,1163.2,532.8,14.3,34.1,0.834
377,-1,1458.3,574.6,38.8,68.0,0.827
377,-1,731.7,567.4,15.1,44.6,0.809
377,-1,1314.8,648.7,43.9,178.7,0.763
377,-1,1721.2,601.2,59.3,143.2,0.673
377,-1,1497.3,574.8,24.0,65.3,0.604
377,-1,935.8,509.0,13.1,43.4,0.599
377,-1,1151.5,535.1,13.5,33.1,0.572
377,-1,1436.3,565.3,30.7,78.3,0.537
377,-1,1581.5,560.9,29.5,91.7,0.510
377,-1,982.5,529.9,10.8,23.4,0.503
377,-1,991.7,527.3,10.4,22.2,0.465
377,-1,936.3,500.5,11.9,22.6,0.425
377,-1,1420.5,572.5,42.6,83.9,0.424
377,-1,978.1,528.4,10.4,25.7,0.389
377,-1,1434.6,560.6,32.3,38.0,0.372
377,-1,1143.6,532.0,9.5,27.1,0.338
377,-1,1162.9,529.9,11.9,22.2,0.292
377,-1,1707.6,601.0,33.1,93.4,0.275
377,-1,957.4,523.5,10.8,31.6,0.263
377,-1,1436.0,552.3,24.8,36.8,0.244
377,-1,1446.3,568.1,39.2,77.4,0.236
377,-1,1764.4,614.9,26.9,111.4,0.195
377,-1,1765.2,614.9,24.8,59.9,0.193
377,-1,1355.2,539.2,30.7,107.5,0.168
377,-1,1581.0,679.0,65.4,129.6,0.143
377,-1,1731.4,607.8,29.6,112.5,0.126
377,-1,1563.0,688.9,57.7,116.8,0.101
377,-1,1730.7,600.2,50.0,79.3,0.101
377,-1,939.4,497.8,12.2,21.9,0.096
377,-1,890.0,507.6,10.7,35.8,0.090
377,-1,753.7,443.3,23.4,45.1,0.090
377,-1,0.0,571.6,23.9,361.4,0.070
377,-1,875.1,521.8,11.1,30.1,0.067
377,-1,974.5,527.0,10.4,27.4,0.062
377,-1,1102.3,526.8,10.1,26.2,0.059
377,-1,1158.9,532.3,10.1,25.3,0.058
377,-1,1265.2,531.2,12.3,34.1,0.052
378,-1,1547.5,689.1,104.2,239.1,0.999
378,-1,1451.8,729.5,85.8,248.1,0.998
378,-1,1345.0,653.2,82.6,227.9,0.993
378,-1,1558.8,566.2,39.8,83.0,0.966
378,-1,1511.7,572.1,38.6,69.8,0.964
378,-1,1711.7,597.5,41.0,142.6,0.928
378,-1,1530.4,567.4,30.0,73.9,0.863
378,-1,1454.1,573.7,40.0,69.1,0.842
378,-1,1724.8,601.2,53.4,142.6,0.830
378,-1,1382.2,572.9,37.4,103.6,0.818
378,-1,1162.1,529.3,14.5,34.9,0.809
378,-1,1497.1,574.7,25.5,65.7,0.685
378,-1,978.2,529.7,10.6,22.0,0.661
378,-1,729.4,565.7,16.2,44.8,0.607
378,-1,933.9,511.0,13.7,40.9,0.584
378,-1,1582.6,561.5,28.6,90.0,0.559
378,-1,1149.6,532.1,14.5,34.9,0.508
378,-1,1434.2,563.6,29.7,81.6,0.504
378,-1,1433.9,557.8,32.9,39.7,0.488
378,-1,1710.4,609.5,30.1,80.7,0.486
378,-1,991.6,527.5,9.8,21.1,0.463
378,-1,974.6,526.5,10.8,25.3,0.421
378,-1,1315.9,652.5,41.3,176.9,0.386
378,-1,934.3,498.3,11.8,23.9,0.324
378,-1,1576.5,678.6,61.1,138.3,0.321
378,-1,1768.0,615.6,26.7,70.9,0.308
378,-1,1739.2,606.1,32.0,56.4,0.277
378,-1,1141.7,529.4,10.3,29.1,0.264
378,-1,1351.3,536.8,35.2,119.0,0.264
378,-1,751.8,441.4,23.4,45.2,0.251
378,-1,1731.7,612.2,32.5,109.0,0.213
378,-1,1722.2,592.6,44.2,93.9,0.208
378,-1,953.7,518.2,11.9,35.2,0.204
378,-1,1733.7,601.6,47.1,77.1,0.194
378,-1,981.3,528.6,11.0,22.5,0.167
378,-1,1155.8,530.5,11.4,34.9,0.162
378,-1,1414.8,571.2,45.0,91.6,0.107
378,-1,873.3,518.7,10.5,25.0,0.106
378,-1,1263.6,529.5,12.8,35.2,0.088
378,-1,1310.8,644.3,83.0,243.3,0.084
378,-1,888.1,505.1,11.8,40.6,0.082
378,-1,1762.5,608.3,31.4,117.1,0.070
378,-1,1356.6,514.4,42.2,130.3,0.067
378,-1,1433.5,550.9,24.3,33.6,0.067
378,-1,986.9,528.0,9.6,20.9,0.060
379,-1,1541.2,689.7,101.1,237.5,0.998
379,-1,1451.3,728.4,87.9,255.3,0.998
379,-1,1337.0,652.1,87.4,228.6,0.994
379,-1,1559.1,566.7,39.1,82.8,0.967
379,-1,1714.5,601.1,44.9,146.7,0.933
379,-1,1511.5,572.7,35.9,65.8,0.902
379,-1,1729.0,602.3,57.6,138.2,0.833
379,-1,1532.3,565.7,32.3,75.5,0.833
379,-1,1376.4,571.4,46.1,103.0,0.821
379,-1,1771.4,614.5,28.8,79.5,0.752
379,-1,1161.0,527.2,14.6,36.0,0.675
379,-1,1499.0,570.6,31.8,70.1,0.675
379,-1,1581.2,563.0,28.8,90.6,0.672
379,-1,1432.3,560.4,31.0,87.7,0.642
379,-1,1450.8,573.0,45.6,70.7,0.607
379,-1,977.9,525.9,10.2,22.6,0.582
379,-1,1298.9,644.8,52.3,182.5,0.555
379,-1,989.9,524.9,9.4,20.6,0.499
379,-1,750.1,438.8,23.6,48.0,0.461
379,-1,1434.0,555.5,29.2,38.1,0.430
379,-1,726.7,564.6,16.0,44.3,0.406
379,-1,1738.0,607.1,44.8,87.8,0.323
379,-1,1739.1,600.0,32.8,59.6,0.313
379,-1,972.5,524.7,9.7,24.8,0.287
379,-1,931.9,496.7,11.7,23.6,0.246
379,-1,1711.8,610.5,29.6,79.6,0.209
379,-1,1354.8,537.7,27.2,107.1,0.200
379,-1,933.3,511.6,11.7,37.8,0.180
379,-1,1583.6,694.1,61.9,204.0,0.168
379,-1,1553.4,682.7,72.5,168.5,0.163
379,-1,953.5,518.8,9.1,28.9,0.150
379,-1,1411.7,571.9,46.0,90.6,0.147
379,-1,1434.9,548.3,23.5,29.8,0.136
379,-1,1470.7,572.5,46.0,71.1,0.130
379,-1,1140.3,530.4,10.9,28.3,0.124
379,-1,1737.9,593.0,27.3,46.3,0.120
379,-1,1149.6,529.7,13.5,36.0,0.118
379,-1,1371.0,538.3,21.9,63.2,0.089
379,-1,872.3,517.1,10.6,26.5,0.083
379,-1,1457.9,562.5,22.3,27.3,0.077
379,-1,1147.9,534.0,10.7,30.1,0.077
379,-1,984.8,526.5,9.0,20.8,0.073
379,-1,934.4,492.0,11.7,16.2,0.069
379,-1,1157.1,529.3,11.7,33.9,0.068
379,-1,1261.8,526.8,12.5,37.4,0.059
379,-1,981.8,527.9,9.5,20.9,0.056
379,-1,929.1,501.1,9.3,18.1,0.055
379,-1,877.0,516.6,9.4,25.3,0.055
379,-1,925.0,503.6,9.1,15.2,0.050
380,-1,1450.5,727.8,88.4,262.5,0.997
380,-1,1536.0,688.3,88.8,238.0,0.993
380,-1,1334.2,650.0,79.2,216.9,0.967
380,-1,1558.7,564.3,39.6,82.6,0.963
380,-1,1510.2,569.5,40.3,71.3,0.930
380,-1,1716.1,603.4,43.8,144.4,0.927
380,-1,1775.8,611.7,29.3,123.0,0.905
380,-1,1529.7,565.3,30.5,74.1,0.872
380,-1,1773.5,610.2,28.6,57.2,0.864
380,-1,1379.1,568.3,38.9,105.1,0.810
380,-1,1494.4,572.3,28.6,68.2,0.796
380,-1,1294.0,641.7,51.4,198.4,0.785
380,-1,1581.4,559.3,28.7,90.7,0.708
380,-1,1158.5,527.7,13.4,33.2,0.691
380,-1,1430.2,556.3,32.5,88.6,0.588
380,-1,982.2,523.8,17.1,20.4,0.586
380,-1,746.1,437.6,22.8,43.4,0.563
380,-1,1450.1,569.0,41.1,72.6,0.546
380,-1,1733.3,601.2,60.4,136.7,0.503
380,-1,1145.6,528.6,12.2,32.8,0.482
380,-1,1739.5,598.9,32.2,49.2,0.482
380,-1,971.6,523.3,10.4,25.1,0.431
380,-1,1136.5,530.1,10.0,26.4,0.427
380,-1,929.2,503.4,13.3,44.2,0.410
380,-1,929.4,495.3,13.2,22.4,0.397
380,-1,1713.3,611.5,31.5,104.5,0.374
380,-1,1572.8,680.4,57.3,213.6,0.270
380,-1,1431.8,556.5,29.5,36.3,0.263
380,-1,1739.0,603.3,41.1,78.8,0.178
380,-1,1367.4,537.1,25.1,67.1,0.156
380,-1,1408.8,576.8,32.0,86.2,0.147
380,-1,949.3,509.6,8.8,33.4,0.143
380,-1,883.8,502.8,10.6,41.1,0.120
380,-1,1353.2,536.1,40.5,112.8,0.113
380,-1,1563.8,676.2,57.5,128.3,0.100
380,-1,1145.1,531.1,8.0,25.5,0.096
380,-1,1365.5,480.5,34.5,73.1,0.085
380,-1,1356.7,481.3,44.2,130.6,0.079
380,-1,928.8,498.0,11.5,31.7,0.078
380,-1,1258.9,526.2,13.7,37.0,0.070
380,-1,1294.3,645.8,102.4,200.5,0.065
380,-1,1364.4,550.4,48.3,112.1,0.063
380,-1,1155.3,525.8,11.1,25.3,0.051
381,-1,1454.3,731.2,71.3,261.6,0.998
381,-1,1528.9,687.3,81.9,248.1,0.996
381,-1,1331.8,646.4,72.5,231.5,0.984
381,-1,1556.4,553.9,44.9,94.4,0.960
381,-1,1715.6,602.4,45.9,140.6,0.934
381,-1,1286.2,644.8,53.4,210.6,0.930
381,-1,1509.9,566.9,41.1,72.4,0.922
381,-1,1529.0,563.7,30.8,75.0,0.916
381,-1,1737.6,597.1,61.8,141.1,0.898
381,-1,1370.7,559.6,43.9,110.9,0.866
381,-1,1565.8,683.8,53.3,221.8,0.798
381,-1,1778.0,604.6,32.2,132.3,0.771
381,-1,744.0,434.8,23.5,42.2,0.678
381,-1,1494.2,569.7,27.5,68.5,0.676
381,-1,1154.7,524.9,13.9,34.7,0.674
381,-1,926.5,503.7,13.5,41.8,0.546
381,-1,1778.6,607.2,27.5,64.9,0.543
381,-1,1446.9,567.5,40.9,72.1,0.456
381,-1,1577.2,551.3,32.9,96.7,0.450
381,-1,1429.6,561.5,32.1,82.9,0.434
381,-1,926.3,491.7,13.3,23.8,0.390
381,-1,981.0,519.3,13.0,22.8,0.389
381,-1,1429.5,545.3,29.4,41.7,0.386
381,-1,1403.8,575.1,32.9,93.4,0.379
381,-1,968.6,520.9,14.4,25.6,0.325
381,-1,720.0,561.3,15.4,43.7,0.315
381,-1,1142.7,526.7,14.9,34.1,0.264
381,-1,1134.6,527.4,10.2,27.4,0.209
381,-1,1366.1,477.6,33.2,73.0,0.207
381,-1,1713.7,610.5,30.1,116.3,0.193
381,-1,880.8,498.3,12.2,43.7,0.187
381,-1,1713.3,613.5,18.0,72.6,0.165
381,-1,1741.7,599.7,45.8,89.0,0.160
381,-1,867.9,512.1,10.9,31.4,0.142
381,-1,1352.7,533.8,39.2,113.0,0.130
381,-1,1352.9,533.4,24.4,87.1,0.120
381,-1,1145.1,530.3,8.4,24.0,0.119
381,-1,1737.8,601.1,32.4,128.5,0.114
381,-1,1410.1,564.4,49.0,97.1,0.111
381,-1,1356.1,477.8,42.9,131.3,0.097
381,-1,948.6,503.1,11.5,40.7,0.074
381,-1,1151.2,524.7,11.2,33.6,0.069
381,-1,950.7,500.6,10.6,28.3,0.061
381,-1,1285.0,637.2,101.1,255.1,0.060
381,-1,1548.3,686.6,56.7,125.2,0.056
381,-1,944.8,509.7,12.7,36.9,0.052
382,-1,1448.1,734.0,89.1,265.2,0.998
382,-1,1529.6,690.6,71.3,247.2,0.996
382,-1,1325.0,649.4,67.3,213.5,0.984
382,-1,1272.4,642.0,62.6,218.3,0.983
382,-1,1556.0,555.9,42.9,89.5,0.974
382,-1,1508.0,567.7,36.6,68.9,0.946
382,-1,1716.1,610.0,36.0,122.7,0.903
382,-1,1556.3,675.3,57.0,242.1,0.879
382,-1,1527.1,563.1,32.3,75.2,0.879
382,-1,1740.9,591.9,59.3,144.1,0.852
382,-1,1372.9,567.0,41.1,103.7,0.815
382,-1,716.9,560.6,14.8,43.1,0.724
382,-1,1440.0,564.6,47.6,76.6,0.714
382,-1,1576.4,557.0,32.7,92.5,0.683
382,-1,1491.4,568.0,29.9,69.1,0.678
382,-1,739.6,432.4,23.7,46.4,0.675
382,-1,1781.9,608.5,32.3,127.7,0.649
382,-1,1152.4,522.7,13.6,35.6,0.619
382,-1,1140.0,525.4,12.2,32.5,0.612
382,-1,1401.5,573.9,33.4,90.7,0.508
382,-1,923.4,493.7,11.2,20.5,0.454
382,-1,1426.3,558.1,29.6,83.2,0.414
382,-1,978.0,518.7,11.4,22.3,0.387
382,-1,1743.3,588.4,22.1,41.8,0.367
382,-1,1712.7,615.8,19.9,71.3,0.327
382,-1,968.9,521.5,10.9,22.7,0.327
382,-1,1428.8,544.8,23.9,33.7,0.308
382,-1,1713.7,596.1,62.8,148.3,0.272
382,-1,1131.0,525.9,9.9,27.0,0.261
382,-1,1742.2,608.8,32.3,108.3,0.227
382,-1,864.0,512.5,10.7,29.3,0.220
382,-1,1743.5,599.3,35.0,71.4,0.195
382,-1,943.0,513.8,12.2,31.3,0.172
382,-1,1454.2,558.2,20.8,27.3,0.149
382,-1,1148.2,523.7,13.2,34.5,0.121
382,-1,1535.9,693.3,58.4,143.3,0.120
382,-1,1271.9,639.4,125.6,236.1,0.118
382,-1,1362.1,533.2,25.1,77.8,0.104
382,-1,926.6,493.4,12.6,20.3,0.103
382,-1,1781.5,610.0,29.5,56.7,0.102
382,-1,1351.7,532.5,24.6,86.6,0.097
382,-1,879.0,498.2,10.9,33.8,0.097
382,-1,1759.8,622.3,49.0,113.9,0.094
382,-1,965.1,521.9,10.2,23.1,0.087
382,-1,1427.6,560.4,24.3,46.0,0.079
382,-1,1135.1,525.4,12.1,31.4,0.064
382,-1,1367.3,477.0,29.9,72.0,0.051
383,-1,1445.2,735.2,88.4,270.4,0.999
383,-1,1519.8,687.5,86.6,252.8,0.998
383,-1,1322.4,646.6,52.5,191.6,0.989
383,-1,1553.6,554.3,42.6,91.6,0.973
383,-1,1265.1,641.7,65.4,216.1,0.958
383,-1,1720.7,602.0,49.3,135.4,0.943
383,-1,1506.1,565.6,37.8,67.4,0.924
383,-1,1369.2,565.3,39.1,101.1,0.899
383,-1,1561.2,668.6,50.4,241.1,0.860
383,-1,1527.0,560.8,31.9,75.3,0.819
383,-1,1735.8,601.5,68.1,133.4,0.788
383,-1,1574.3,552.4,31.6,94.2,0.785
383,-1,1436.0,560.7,50.1,79.8,0.746
383,-1,713.3,557.2,15.2,43.3,0.728
383,-1,1491.6,565.4,34.7,71.4,0.691
383,-1,1136.5,524.7,15.0,34.0,0.680
383,-1,1149.2,521.4,13.6,35.0,0.668
383,-1,1397.6,567.9,35.7,98.0,0.638
383,-1,1782.5,605.3,33.2,123.5,0.581
383,-1,975.0,512.8,11.1,24.5,0.480
383,-1,1713.8,599.8,35.5,98.2,0.464
383,-1,738.0,430.2,23.7,43.9,0.429
383,-1,920.6,488.5,13.3,22.7,0.416
383,-1,1712.0,608.3,23.4,78.6,0.357
383,-1,1423.1,564.8,27.7,78.7,0.338
383,-1,1559.5,668.8,48.2,124.0,0.321
383,-1,1426.5,550.2,25.5,37.6,0.216
383,-1,1743.5,589.2,25.6,37.7,0.208
383,-1,1145.6,522.1,12.6,33.2,0.208
383,-1,965.8,517.8,11.0,21.5,0.205
383,-1,1781.6,605.4,31.5,60.9,0.202
383,-1,875.1,493.5,11.6,33.9,0.167
383,-1,1538.9,689.3,55.8,151.6,0.152
383,-1,1132.9,523.5,13.1,30.9,0.145
383,-1,1578.7,555.3,43.7,103.3,0.132
383,-1,1129.4,526.0,11.0,29.1,0.113
383,-1,1744.5,603.1,35.6,78.1,0.096
383,-1,1789.7,650.5,25.6,79.3,0.096
383,-1,1291.4,649.3,72.8,192.7,0.086
383,-1,1405.5,562.8,42.8,95.9,0.086
383,-1,1361.4,473.8,32.8,76.3,0.074
383,-1,1441.4,557.3,22.1,28.5,0.064
383,-1,1528.2,693.4,52.1,115.1,0.063
383,-1,1354.2,477.3,41.3,128.2,0.063
383,-1,1361.8,531.5,23.6,69.2,0.062
383,-1,1318.5,652.8,71.6,286.5,0.057
383,-1,1456.7,564.1,51.2,75.4,0.055
384,-1,1444.1,738.0,86.3,276.0,0.999
384,-1,1318.9,646.7,51.3,192.3,0.995
384,-1,1509.2,688.6,97.0,252.7,0.995
384,-1,1552.7,556.6,41.9,87.0,0.977
384,-1,1253.6,640.1,75.8,223.7,0.975
384,-1,1558.6,678.6,52.1,237.2,0.950
384,-1,1505.0,564.2,39.6,73.1,0.933
384,-1,1572.9,556.3,32.2,92.3,0.872
384,-1,1722.4,600.3,65.8,134.9,0.861
384,-1,1365.4,568.9,42.3,98.8,0.829
384,-1,1524.0,559.4,30.7,74.6,0.785
384,-1,708.1,555.3,16.5,43.1,0.755
384,-1,1149.2,519.5,12.2,36.4,0.718
384,-1,1488.6,566.0,27.3,70.5,0.684
384,-1,1131.8,521.1,13.7,35.3,0.633
384,-1,1780.5,597.8,39.0,137.5,0.584
384,-1,1434.0,560.3,50.4,80.4,0.542
384,-1,1395.2,568.5,34.7,98.1,0.461
384,-1,1743.7,587.2,29.2,42.0,0.407
384,-1,1783.4,598.5,33.7,73.2,0.397
384,-1,1424.3,541.0,24.1,39.3,0.343
384,-1,1746.0,600.5,65.7,136.1,0.332
384,-1,1137.5,522.9,10.4,29.5,0.319
384,-1,1494.6,564.0,34.5,68.0,0.274
384,-1,971.0,511.4,12.5,25.2,0.260
384,-1,1721.8,606.4,38.9,116.1,0.241
384,-1,916.4,486.4,11.8,22.6,0.232
384,-1,963.7,515.8,10.1,20.4,0.201
384,-1,1579.8,557.6,25.0,58.1,0.196
384,-1,1421.0,557.8,27.2,81.7,0.193
384,-1,1125.4,522.3,10.7,28.1,0.176
384,-1,959.4,515.6,9.6,17.9,0.172
384,-1,1424.0,554.9,23.8,35.7,0.138
384,-1,1710.6,613.1,27.7,73.2,0.120
384,-1,1142.8,521.3,12.3,32.5,0.120
384,-1,1128.8,520.3,12.0,31.7,0.116
384,-1,1758.2,591.3,56.2,86.3,0.092
384,-1,1446.5,554.9,21.4,28.8,0.089
384,-1,1453.3,563.0,55.4,75.6,0.087
384,-1,918.3,485.0,16.0,20.9,0.080
384,-1,871.9,490.3,11.6,44.6,0.064
384,-1,858.0,507.5,11.3,30.8,0.064
384,-1,1357.2,530.8,24.0,68.2,0.059
384,-1,1153.7,521.4,12.2,31.3,0.051
385,-1,1439.1,739.3,87.0,277.1,0.998
385,-1,1496.5,700.5,106.8,248.8,0.989
385,-1,1249.3,651.0,61.7,217.2,0.983
385,-1,1550.1,554.4,42.0,89.7,0.980
385,-1,1314.6,645.7,49.4,196.8,0.967
385,-1,1502.1,564.4,39.5,72.0,0.952
385,-1,1550.6,686.0,58.4,231.1,0.935
385,-1,1786.7,608.6,32.6,124.5,0.923
385,-1,1721.5,590.7,52.7,146.3,0.904
385,-1,1574.7,556.4,28.8,96.6,0.874
385,-1,1736.4,593.7,71.7,150.8,0.840
385,-1,1390.6,569.5,32.4,95.8,0.814
385,-1,967.3,508.0,11.8,26.2,0.807
385,-1,1429.2,566.6,51.2,73.3,0.772
385,-1,1523.1,559.3,28.0,66.5,0.736
385,-1,1486.2,566.2,24.1,70.7,0.725
385,-1,1366.8,564.6,35.0,101.1,0.699
385,-1,1132.8,523.4,9.4,27.4,0.674
385,-1,1144.1,519.3,13.3,33.2,0.650
385,-1,1121.6,523.4,9.0,26.0,0.463
385,-1,914.1,495.7,13.2,41.6,0.390
385,-1,704.8,554.1,15.5,41.8,0.382
385,-1,1416.5,556.9,32.9,83.7,0.380
385,-1,913.1,485.4,14.0,20.1,0.253
385,-1,1129.0,523.9,8.4,26.1,0.225
385,-1,1419.9,547.5,31.0,39.0,0.199
385,-1,731.6,423.7,22.8,46.9,0.182
385,-1,1518.0,701.1,58.5,162.5,0.162
385,-1,1782.4,599.1,39.5,76.4,0.162
385,-1,1018.6,490.9,12.7,35.3,0.148
385,-1,1398.5,565.6,47.1,97.2,0.142
385,-1,1520.6,698.0,48.1,101.2,0.132
385,-1,1356.6,530.7,22.6,65.3,0.129
385,-1,1260.8,642.6,89.6,214.6,0.104
385,-1,1153.9,519.1,11.6,35.7,0.102
385,-1,1464.7,719.2,113.9,276.5,0.100
385,-1,1579.6,559.3,23.1,51.5,0.088
385,-1,1248.1,744.1,56.8,116.2,0.088
385,-1,1138.7,522.2,10.6,30.2,0.082
385,-1,867.4,491.4,11.2,42.5,0.075
385,-1,951.9,511.6,10.6,20.9,0.075
385,-1,1356.6,470.3,34.1,78.8,0.075
385,-1,1516.9,720.0,30.9,71.5,0.062
385,-1,1728.3,604.5,33.6,91.0,0.062
385,-1,1427.7,553.9,33.1,68.1,0.057
385,-1,1129.9,524.5,18.0,34.4,0.053
386,-1,1433.2,740.5,90.2,281.4,0.996
386,-1,1498.8,696.9,102.4,258.6,0.993
386,-1,1249.1,645.1,58.3,218.2,0.973
386,-1,1548.1,554.5,40.1,90.5,0.968
386,-1,1500.3,564.3,39.0,70.4,0.960
386,-1,1549.9,686.7,56.6,232.0,0.947
386,-1,1309.0,648.8,48.7,192.5,0.939
386,-1,1728.2,594.4,75.3,152.1,0.917
386,-1,1519.0,559.7,33.7,77.9,0.889
386,-1,1568.4,556.6,32.4,86.4,0.871
386,-1,1787.8,607.1,36.0,129.8,0.820
386,-1,1483.2,564.9,29.3,73.1,0.814
386,-1,1425.2,554.8,50.9,88.1,0.795
386,-1,1388.7,570.1,33.4,95.5,0.766
386,-1,1127.4,521.4,9.2,29.0,0.690
386,-1,1364.0,561.2,35.4,105.1,0.651
386,-1,1140.6,517.6,13.8,34.1,0.641
386,-1,964.6,508.7,10.1,23.9,0.602
386,-1,1131.0,520.6,10.9,30.6,0.484
386,-1,700.9,551.6,15.5,42.1,0.447
386,-1,953.2,511.9,9.5,18.2,0.378
386,-1,1119.0,519.9,9.4,27.2,0.364
386,-1,911.7,482.6,12.4,22.7,0.340
386,-1,1413.2,559.9,30.5,79.7,0.250
386,-1,1123.2,519.9,15.8,33.9,0.238
386,-1,1468.2,718.9,106.2,281.1,0.236
386,-1,912.2,495.9,12.9,40.4,0.213
386,-1,947.6,509.1,9.1,20.1,0.208
386,-1,1418.7,541.3,24.0,41.0,0.202
386,-1,1340.9,524.2,40.5,116.4,0.190
386,-1,1354.0,526.3,24.3,65.7,0.152
386,-1,864.3,485.7,11.2,39.8,0.140
386,-1,1513.2,723.3,26.0,70.3,0.133
386,-1,1123.9,520.8,9.5,28.0,0.125
386,-1,1137.3,519.6,11.1,31.3,0.121
386,-1,1572.7,554.7,48.1,105.3,0.115
386,-1,930.2,502.1,9.3,27.5,0.109
386,-1,1512.3,705.4,59.1,173.4,0.108
386,-1,728.3,420.6,22.9,46.5,0.101
386,-1,1243.4,758.4,55.2,103.8,0.070
386,-1,1015.7,488.1,11.1,36.0,0.069
386,-1,1351.6,469.1,38.1,84.4,0.066
386,-1,1756.5,645.5,62.3,97.0,0.066
386,-1,954.7,511.3,12.0,24.3,0.064
386,-1,1795.0,659.9,29.4,79.8,0.063
386,-1,1446.3,903.9,61.5,116.4,0.063
386,-1,1155.2,518.7,11.7,39.9,0.060
386,-1,1417.5,552.6,25.8,48.1,0.060
386,-1,1306.5,715.8,90.3,268.9,0.055
386,-1,1724.1,603.7,54.5,117.0,0.054
387,-1,1425.8,738.5,93.2,287.8,0.993
387,-1,1491.9,690.0,111.6,268.0,0.990
387,-1,1247.6,643.7,53.1,220.3,0.986
387,-1,1546.7,553.5,40.3,89.4,0.982
387,-1,1544.9,687.3,63.0,231.0,0.963
387,-1,1301.4,645.9,51.3,211.8,0.953
387,-1,1497.1,560.9,39.3,73.0,0.950
387,-1,1731.5,591.6,78.6,153.3,0.945
387,-1,1566.5,552.6,30.5,97.9,0.941
387,-1,1511.0,557.8,35.6,77.7,0.938
387,-1,1790.5,609.0,34.9,125.2,0.889
387,-1,1124.7,519.1,10.6,30.6,0.861
387,-1,1378.0,559.3,46.6,107.1,0.833
387,-1,1423.8,556.0,47.0,81.9,0.805
387,-1,1136.4,514.1,15.1,35.6,0.760
387,-1,1482.7,561.5,25.2,74.7,0.714
387,-1,1365.3,561.1,30.9,102.8,0.699
387,-1,959.7,507.4,11.5,24.1,0.626
387,-1,1113.1,515.3,11.0,26.5,0.602
387,-1,1121.3,517.8,9.8,29.1,0.443
387,-1,906.7,480.8,14.2,22.9,0.338
387,-1,1347.1,523.1,26.6,73.0,0.253
387,-1,1118.8,517.2,9.2,27.1,0.218
387,-1,1409.6,563.5,28.8,78.5,0.199
387,-1,1011.5,487.2,11.4,35.5,0.198
387,-1,1732.4,599.0,48.8,123.6,0.187
387,-1,1787.6,596.3,38.6,86.1,0.181
387,-1,1132.5,515.7,13.3,34.6,0.166
387,-1,1452.2,715.6,117.4,288.7,0.147
387,-1,1510.0,703.8,48.1,113.1,0.130
387,-1,1127.8,517.5,12.2,33.9,0.127
387,-1,724.0,419.3,23.7,47.9,0.125
387,-1,903.4,484.3,12.5,19.8,0.106
387,-1,1507.2,746.0,24.7,45.0,0.100
387,-1,1417.0,547.1,23.0,35.3,0.096
387,-1,1419.1,555.2,31.0,64.1,0.090
387,-1,1431.8,552.8,18.3,30.1,0.088
387,-1,906.2,488.3,13.8,42.2,0.081
387,-1,1240.3,743.1,62.2,119.4,0.078
387,-1,950.9,507.7,10.2,19.2,0.077
387,-1,1413.8,559.0,22.8,54.8,0.075
387,-1,948.0,508.1,8.9,17.6,0.071
387,-1,1230.6,641.8,100.2,238.8,0.067
387,-1,945.5,509.7,8.3,17.0,0.062
387,-1,859.0,486.5,12.5,40.1,0.060
387,-1,1304.0,702.3,93.1,282.4,0.058
387,-1,1237.1,513.8,12.0,41.4,0.054
388,-1,1429.0,748.6,83.0,276.7,0.990
388,-1,1484.1,687.4,115.6,275.3,0.990
388,-1,1543.6,555.5,41.0,90.6,0.990
388,-1,1236.6,645.5,55.9,225.2,0.985
388,-1,1737.8,599.6,68.2,149.8,0.967
388,-1,1495.9,562.3,36.1,71.5,0.966
388,-1,1513.7,558.3,30.9,76.9,0.931
388,-1,1531.7,685.1,70.4,237.3,0.928
388,-1,1298.3,650.0,47.7,213.8,0.923
388,-1,1417.0,556.1,51.2,86.2,0.910
388,-1,1564.0,552.0,31.0,93.7,0.879
388,-1,1376.7,564.1,35.7,101.0,0.876
388,-1,1787.8,610.1,39.9,132.9,0.851
388,-1,1480.1,562.8,23.7,76.7,0.821
388,-1,1357.6,561.5,34.2,101.4,0.811
388,-1,1120.8,519.5,10.7,30.4,0.783
388,-1,1134.0,514.5,14.8,36.3,0.742
388,-1,901.1,489.0,14.9,44.7,0.587
388,-1,1111.6,517.5,8.7,26.7,0.552
388,-1,1117.7,517.3,9.3,29.2,0.551
388,-1,690.6,549.7,17.0,44.1,0.482
388,-1,954.9,506.9,11.4,24.3,0.327
388,-1,1408.4,561.4,28.0,75.7,0.297
388,-1,1388.7,562.4,43.0,99.3,0.262
388,-1,1527.0,556.0,36.1,84.9,0.259
388,-1,901.2,479.3,15.6,23.2,0.257
388,-1,1007.6,486.6,12.2,35.8,0.232
388,-1,718.9,419.5,25.0,45.2,0.226
388,-1,925.5,508.1,12.3,29.5,0.216
388,-1,1568.8,550.0,44.4,108.2,0.199
388,-1,1413.9,553.2,20.9,34.4,0.188
388,-1,1499.2,708.9,55.5,130.4,0.185
388,-1,1441.6,914.8,60.3,116.1,0.165
388,-1,1129.1,516.1,12.6,33.9,0.155
388,-1,1232.2,764.3,65.4,101.3,0.146
388,-1,1346.0,528.1,22.6,63.3,0.124
388,-1,854.6,485.8,12.6,43.8,0.111
388,-1,1246.9,645.3,42.4,139.7,0.109
388,-1,1413.5,539.0,21.2,28.2,0.060
388,-1,1124.1,516.6,12.6,34.4,0.058
388,-1,946.7,508.0,12.5,23.1,0.056
388,-1,1498.7,754.3,23.0,36.7,0.051
389,-1,1424.8,750.1,84.8,285.3,0.989
389,-1,1539.6,553.2,46.2,95.7,0.989
389,-1,1735.4,598.9,55.2,153.3,0.979
389,-1,1512.3,686.1,92.2,246.2,0.978
389,-1,1232.6,645.8,51.1,224.6,0.975
389,-1,1490.4,563.7,37.4,72.7,0.960
389,-1,1413.8,555.4,51.1,88.3,0.934
389,-1,1511.3,559.8,31.7,76.6,0.894
389,-1,1271.2,649.6,67.7,259.0,0.878
389,-1,1483.4,704.9,98.6,261.3,0.863
389,-1,1371.6,565.8,39.7,101.9,0.809
389,-1,1476.1,564.5,23.8,74.7,0.808
389,-1,1785.4,602.8,41.5,137.4,0.803
389,-1,1117.3,521.1,8.9,27.6,0.774
389,-1,1296.5,650.3,43.4,204.9,0.773
389,-1,1562.3,554.1,30.5,95.0,0.762
389,-1,1355.9,563.1,30.0,98.7,0.756
389,-1,1113.4,516.2,14.2,35.2,0.669
389,-1,1128.7,512.9,15.4,36.8,0.615
389,-1,685.2,547.6,15.2,43.0,0.527
389,-1,897.3,490.6,13.8,42.8,0.470
389,-1,1108.2,518.3,9.7,27.8,0.450
389,-1,1408.2,560.0,28.6,82.0,0.416
389,-1,950.5,506.8,11.5,25.9,0.330
389,-1,1568.0,557.2,44.1,102.1,0.253
389,-1,897.8,479.7,14.4,24.4,0.237
389,-1,1492.1,714.8,52.6,182.6,0.227
389,-1,1229.7,514.8,12.5,39.6,0.203
389,-1,1407.2,540.9,23.1,34.1,0.179
389,-1,1343.8,525.1,22.0,71.1,0.155
389,-1,1568.6,558.3,23.6,58.4,0.148
389,-1,1230.2,764.0,60.4,109.5,0.143
389,-1,1408.2,550.7,23.8,38.6,0.134
389,-1,1400.8,540.6,16.1,38.5,0.104
389,-1,945.2,508.5,13.1,26.7,0.071
389,-1,1119.9,516.7,15.3,34.4,0.067
389,-1,1428.1,716.8,122.6,255.3,0.053
390,-1,1227.6,646.6,53.0,226.9,0.991
390,-1,1415.5,749.9,90.0,277.6,0.991
390,-1,1536.5,552.5,42.2,92.0,0.986
390,-1,1507.1,679.6,92.9,255.6,0.981
390,-1,1737.0,595.8,53.0,156.0,0.968
390,-1,1488.7,561.1,41.3,77.1,0.967
390,-1,1481.9,711.6,85.3,255.1,0.965
390,-1,1273.5,646.3,58.4,250.6,0.940
390,-1,1506.9,558.1,32.1,79.9,0.934
390,-1,1472.9,564.8,24.9,74.2,0.898
390,-1,1417.3,557.6,43.3,83.3,0.885
390,-1,1555.5,552.0,33.5,90.9,0.881
390,-1,1781.9,598.0,45.9,140.4,0.828
390,-1,1349.5,560.4,31.9,102.1,0.790
390,-1,1371.1,567.9,34.2,101.1,0.770
390,-1,944.5,506.8,11.8,23.3,0.662
390,-1,1121.8,512.8,18.1,36.7,0.599
390,-1,1401.7,557.6,30.8,85.4,0.599
390,-1,1107.9,516.9,14.3,34.1,0.590
390,-1,893.1,493.8,12.9,39.4,0.534
390,-1,679.2,549.4,16.1,43.3,0.479
390,-1,1101.7,517.0,10.1,27.2,0.318
390,-1,1747.0,599.6,72.1,141.2,0.251
390,-1,1224.9,513.8,12.6,38.9,0.225
390,-1,1337.7,524.7,23.9,74.3,0.194
390,-1,1485.5,710.8,53.8,178.1,0.177
390,-1,1404.7,538.9,23.4,28.0,0.165
390,-1,895.0,479.6,11.6,22.3,0.110
390,-1,1495.2,697.4,52.3,126.4,0.108
390,-1,1217.6,644.0,120.7,244.9,0.104
390,-1,1113.7,515.5,17.8,35.7,0.103
390,-1,1254.4,652.8,58.4,244.8,0.091
390,-1,1381.9,563.8,41.9,96.8,0.091
390,-1,1404.4,554.8,24.8,53.2,0.087
390,-1,1432.4,552.4,19.8,28.1,0.082
390,-1,1404.9,547.2,25.1,38.5,0.072
390,-1,832.4,501.3,11.8,32.0,0.070
390,-1,938.5,508.4,11.1,22.5,0.070
390,-1,911.5,502.0,10.4,30.0,0.065
390,-1,1224.6,747.6,62.2,123.3,0.061
390,-1,649.5,538.1,21.8,60.8,0.059
391,-1,1407.9,753.7,93.2,294.4,0.991
391,-1,1532.2,557.4,44.3,93.2,0.986
391,-1,1211.7,646.9,64.1,231.1,0.986
391,-1,1496.1,682.8,95.1,269.0,0.980
391,-1,1483.3,565.8,39.2,74.3,0.958
391,-1,1504.9,561.6,31.9,78.6,0.958
391,-1,1737.7,599.8,55.2,165.4,0.929
391,-1,1469.7,565.8,23.8,75.5,0.905
391,-1,1252.2,650.0,70.2,266.7,0.877
391,-1,1785.5,607.1,43.2,146.0,0.868
391,-1,1410.5,563.6,46.9,78.5,0.862
391,-1,1477.6,703.4,80.0,263.2,0.861
391,-1,1349.6,564.6,30.2,103.0,0.857
391,-1,1553.7,559.5,31.6,95.4,0.854
391,-1,1365.5,567.1,34.6,103.3,0.822
391,-1,1399.2,568.8,25.3,77.2,0.659
391,-1,1104.3,516.7,13.6,33.6,0.597
391,-1,1117.7,512.8,17.2,37.4,0.594
391,-1,940.2,504.8,12.5,24.9,0.477
391,-1,1097.6,516.8,9.5,26.4,0.359
391,-1,764.6,492.7,22.3,65.2,0.339
391,-1,1561.4,550.9,39.0,109.7,0.301
391,-1,1109.1,515.3,15.1,35.8,0.274
391,-1,1334.5,526.6,22.4,67.4,0.270
391,-1,1787.8,614.9,39.4,73.2,0.270
391,-1,888.4,478.7,13.0,22.0,0.263
391,-1,1733.7,592.8,47.8,112.4,0.239
391,-1,1220.9,514.5,11.3,37.1,0.218
391,-1,1475.8,715.2,53.1,196.9,0.204
391,-1,1562.8,562.5,22.9,54.2,0.192
391,-1,1401.1,542.0,21.6,31.0,0.167
391,-1,1331.2,468.2,37.2,101.9,0.125
391,-1,1402.7,559.7,21.6,31.7,0.078
391,-1,1740.9,609.4,78.0,72.4,0.068
391,-1,827.6,497.7,12.6,31.7,0.058
391,-1,1490.9,686.7,53.9,141.3,0.054
391,-1,1504.0,685.8,54.0,185.2,0.051
392,-1,1398.4,752.1,101.9,298.4,0.994
392,-1,1205.0,646.3,59.3,233.8,0.989
392,-1,1528.3,554.2,40.2,93.4,0.981
392,-1,1485.5,685.3,98.2,267.2,0.971
392,-1,1478.3,563.1,38.4,74.4,0.970
392,-1,1469.3,711.1,59.7,264.7,0.948
392,-1,1247.9,650.0,66.7,255.4,0.944
392,-1,1734.3,603.2,58.6,163.1,0.941
392,-1,1497.1,562.4,37.6,78.7,0.930
392,-1,1463.3,564.5,26.4,78.4,0.929
392,-1,1402.1,560.4,51.3,81.8,0.870
392,-1,1784.4,606.3,44.0,142.9,0.836
392,-1,1352.7,561.7,45.8,112.6,0.835
392,-1,1552.1,557.1,28.3,87.0,0.730
392,-1,1113.7,512.0,15.1,36.6,0.701
392,-1,933.5,505.7,12.6,24.3,0.555
392,-1,1338.7,560.4,34.7,105.0,0.547
392,-1,1097.3,517.0,14.1,32.9,0.531
392,-1,883.1,477.4,15.7,21.4,0.522
392,-1,1392.5,561.1,29.6,83.0,0.500
392,-1,1091.0,514.8,10.4,25.4,0.394
392,-1,1789.4,615.7,37.1,64.7,0.307
392,-1,1496.7,560.2,30.7,38.5,0.306
392,-1,1207.3,513.1,19.9,79.4,0.273
392,-1,1468.7,715.8,49.2,118.8,0.254
392,-1,1327.7,524.4,23.2,70.8,0.239
392,-1,1746.5,607.6,78.1,154.3,0.226
392,-1,667.2,547.6,13.4,39.5,0.214
392,-1,1094.0,516.0,12.4,30.2,0.205
392,-1,1105.0,512.6,20.2,38.0,0.185
392,-1,1391.6,539.4,28.6,35.2,0.174
392,-1,1489.2,686.5,55.2,143.5,0.149
392,-1,1445.2,714.5,110.9,282.6,0.144
392,-1,1386.7,543.3,19.3,51.1,0.093
392,-1,1732.3,608.0,51.3,78.1,0.078
392,-1,1396.8,550.9,24.6,39.5,0.075
392,-1,1214.2,513.7,12.1,39.2,0.058
392,-1,1322.5,467.6,42.4,111.5,0.057
392,-1,1256.1,656.1,56.2,128.7,0.055
392,-1,1560.6,559.9,37.3,99.5,0.054
392,-1,1377.0,557.1,42.0,104.4,0.051
393,-1,1391.3,756.4,103.9,309.0,0.997
393,-1,1194.0,646.5,63.1,236.4,0.986
393,-1,1522.9,553.8,40.9,97.2,0.986
393,-1,1471.7,565.5,39.4,75.9,0.973
393,-1,1466.1,692.1,106.5,282.3,0.969
393,-1,1735.1,604.3,56.7,160.6,0.952
393,-1,1494.8,560.0,30.3,80.7,0.949
393,-1,1234.4,648.9,69.3,267.8,0.933
393,-1,1458.3,564.4,25.2,77.6,0.930
393,-1,1396.4,562.4,52.3,81.9,0.896
393,-1,1780.5,608.0,47.1,145.5,0.891
393,-1,1544.2,557.5,30.6,96.7,0.877
393,-1,1338.5,562.6,28.4,106.3,0.857
393,-1,1345.9,565.6,45.4,114.1,0.839
393,-1,1460.7,713.9,50.6,272.5,0.835
393,-1,1105.5,512.1,16.7,36.9,0.631
393,-1,928.0,502.7,11.3,23.6,0.483
393,-1,1089.2,515.9,14.3,35.7,0.477
393,-1,1386.3,558.3,29.8,87.3,0.476
393,-1,1786.0,604.0,40.1,84.1,0.331
393,-1,1086.0,514.6,9.5,27.4,0.283
393,-1,1461.1,722.9,46.6,109.3,0.252
393,-1,1548.8,549.4,42.1,111.5,0.238
393,-1,1391.9,549.8,22.7,34.5,0.212
393,-1,877.0,476.0,13.1,22.1,0.206
393,-1,1322.7,522.3,23.0,73.6,0.205
393,-1,661.3,545.0,13.1,38.7,0.198
393,-1,1392.2,556.3,37.8,69.7,0.186
393,-1,878.7,481.0,10.7,25.3,0.174
393,-1,1251.2,650.0,52.5,169.7,0.138
393,-1,1551.0,560.7,24.2,57.3,0.126
393,-1,1094.0,514.9,14.9,35.9,0.124
393,-1,909.5,500.4,11.4,23.0,0.120
393,-1,1383.8,540.3,24.8,34.8,0.118
393,-1,1468.4,693.4,62.0,197.4,0.118
393,-1,1317.9,466.4,38.7,95.0,0.107
393,-1,1208.7,513.6,13.5,40.0,0.097
393,-1,892.7,501.5,10.4,25.9,0.088
393,-1,815.4,496.8,12.9,31.7,0.083
393,-1,1419.4,555.9,16.9,25.0,0.075
393,-1,1384.0,544.4,26.4,62.5,0.074
393,-1,1182.6,649.4,46.6,196.7,0.064
393,-1,1381.7,542.1,19.4,49.1,0.056
393,-1,1391.7,553.9,29.1,45.1,0.055
393,-1,1736.5,605.4,76.1,85.9,0.053
393,-1,1380.9,549.0,21.5,81.2,0.051
394,-1,1386.2,758.1,101.3,310.9,0.990
394,-1,1182.8,649.0,63.7,233.7,0.990
394,-1,1517.5,554.6,40.5,96.1,0.988
394,-1,1445.7,697.1,110.1,278.2,0.969
394,-1,1465.7,565.0,38.9,77.6,0.967
394,-1,1487.6,559.9,34.4,82.8,0.947
394,-1,1732.6,604.3,62.9,162.2,0.932
394,-1,1228.3,654.5,65.7,270.9,0.929
394,-1,1389.9,563.6,52.3,83.3,0.901
394,-1,1452.0,565.8,25.6,76.1,0.891
394,-1,1536.9,558.3,32.1,93.3,0.819
394,-1,1339.5,558.3,45.3,117.6,0.792
394,-1,1784.8,609.1,41.7,145.9,0.654
394,-1,1104.1,510.9,13.4,38.0,0.651
394,-1,1083.6,515.8,14.4,35.9,0.499
394,-1,1097.0,510.7,16.6,37.2,0.462
394,-1,920.5,503.0,12.6,23.3,0.432
394,-1,1381.6,541.7,30.6,45.7,0.379
394,-1,1381.2,550.6,30.1,89.9,0.356
394,-1,1415.3,737.4,111.4,283.3,0.339
394,-1,744.1,490.3,22.9,66.0,0.299
394,-1,870.4,476.1,12.2,22.5,0.299
394,-1,1080.0,513.2,9.5,29.0,0.293
394,-1,1787.7,612.3,36.4,70.6,0.289
394,-1,869.5,480.7,13.9,48.7,0.226
394,-1,1192.9,514.5,21.9,76.7,0.179
394,-1,1544.2,560.5,25.1,56.3,0.173
394,-1,1235.9,653.4,56.2,142.3,0.157
394,-1,975.4,482.4,11.3,37.0,0.153
394,-1,884.6,496.5,12.6,33.2,0.143
394,-1,1377.4,541.4,28.6,68.9,0.138
394,-1,902.6,499.1,10.6,22.8,0.121
394,-1,1314.9,525.4,24.7,73.6,0.118
394,-1,1379.1,539.1,26.7,30.9,0.108
394,-1,1455.4,699.5,71.4,132.8,0.108
394,-1,1547.3,553.6,41.8,108.4,0.104
394,-1,1487.9,877.4,68.1,69.2,0.077
394,-1,744.0,490.1,17.6,40.5,0.075
394,-1,1312.7,466.9,38.4,93.7,0.074
394,-1,1450.0,719.3,50.8,118.7,0.060
394,-1,1447.8,715.9,55.8,251.5,0.059
394,-1,1375.8,540.3,20.1,33.3,0.054
395,-1,1377.9,754.3,97.0,321.2,0.994
395,-1,1170.4,650.3,63.2,231.6,0.992
395,-1,1509.7,556.4,45.2,95.7,0.990
395,-1,1434.0,706.7,101.6,279.8,0.963
395,-1,1482.5,562.1,31.4,82.4,0.958
395,-1,1221.0,652.0,61.3,261.5,0.953
395,-1,1459.0,565.3,41.2,78.0,0.949
395,-1,1728.4,605.8,66.7,165.8,0.910
395,-1,1785.5,591.7,37.9,162.4,0.887
395,-1,1384.5,569.2,51.8,77.3,0.832
395,-1,1328.3,561.2,52.0,120.8,0.827
395,-1,1446.3,566.9,24.8,74.1,0.747
395,-1,1096.7,510.2,14.7,37.1,0.690
395,-1,1081.8,518.9,10.9,29.3,0.688
395,-1,1536.7,559.8,26.6,82.0,0.652
395,-1,914.3,500.7,11.8,23.7,0.646
395,-1,1072.8,513.7,10.5,24.1,0.550
395,-1,1375.9,552.1,28.1,91.8,0.526
395,-1,864.0,489.2,12.9,38.8,0.433
395,-1,645.3,543.5,12.0,39.9,0.426
395,-1,1074.0,514.5,15.0,35.7,0.385
395,-1,880.0,496.7,9.7,28.4,0.325
395,-1,1446.1,703.2,68.8,168.9,0.266
395,-1,1375.9,542.3,27.8,53.1,0.222
395,-1,1318.1,553.9,38.6,117.6,0.221
395,-1,896.2,497.9,10.3,23.1,0.192
395,-1,1186.1,515.0,22.7,75.4,0.179
395,-1,1086.3,513.5,14.4,35.6,0.139
395,-1,864.7,476.6,10.4,20.9,0.134
395,-1,1372.1,540.1,24.2,36.7,0.130
395,-1,804.9,492.2,11.5,33.8,0.111
395,-1,1437.8,719.5,56.6,239.3,0.107
395,-1,1306.7,467.5,37.6,105.1,0.102
395,-1,613.0,534.6,21.6,59.2,0.091
395,-1,1183.1,650.0,89.5,245.7,0.081
395,-1,1369.5,548.6,19.5,61.5,0.077
395,-1,1449.4,841.6,87.7,148.2,0.065
395,-1,1438.4,717.3,49.7,128.7,0.060
395,-1,890.5,492.5,14.1,27.7,0.056
395,-1,1309.1,522.9,24.3,69.5,0.054
396,-1,1368.8,757.0,106.5,316.4,0.996
396,-1,1162.2,652.8,67.4,239.5,0.991
396,-1,1504.5,554.4,40.0,95.1,0.988
396,-1,1422.4,698.4,99.8,268.7,0.966
396,-1,1475.3,559.2,32.6,84.3,0.960
396,-1,1209.8,653.4,62.1,277.5,0.957
396,-1,1781.9,601.3,37.9,156.5,0.950
396,-1,1452.0,564.1,41.1,76.8,0.944
396,-1,1380.5,561.7,47.5,83.5,0.919
396,-1,1320.5,558.7,49.2,119.5,0.904
396,-1,1724.2,609.7,84.8,159.4,0.903
396,-1,1531.1,559.5,25.5,87.1,0.850
396,-1,1439.8,566.9,27.3,77.0,0.703
396,-1,1067.9,515.6,15.5,35.8,0.615
396,-1,1369.0,567.1,26.5,77.9,0.523
396,-1,1722.4,613.9,47.3,134.7,0.522
396,-1,1307.6,554.0,37.6,113.9,0.468
396,-1,905.3,499.6,13.4,25.6,0.464
396,-1,731.3,488.1,22.5,65.2,0.431
396,-1,1091.6,511.5,13.7,35.7,0.425
396,-1,855.0,485.2,15.0,42.5,0.395
396,-1,855.7,477.6,13.1,20.7,0.381
396,-1,1074.9,516.9,9.8,31.2,0.363
396,-1,1473.7,560.2,30.5,43.4,0.358
396,-1,1085.3,511.1,16.0,35.4,0.342
396,-1,1067.9,513.3,9.6,27.9,0.341
396,-1,636.8,543.2,12.5,39.4,0.336
396,-1,1426.5,716.6,61.7,143.7,0.286
396,-1,641.8,543.4,13.4,39.0,0.238
396,-1,962.5,480.8,10.0,32.4,0.205
396,-1,1728.6,618.3,33.4,71.6,0.203
396,-1,888.5,496.9,10.2,26.2,0.165
396,-1,883.2,491.9,17.3,29.9,0.122
396,-1,730.9,486.8,16.9,32.1,0.109
396,-1,1078.5,515.4,12.8,32.2,0.104
396,-1,1300.5,522.1,27.2,73.1,0.077
396,-1,1744.1,613.0,46.2,122.3,0.073
396,-1,1367.0,540.4,24.2,29.7,0.070
396,-1,632.5,541.7,12.0,42.6,0.067
396,-1,1369.4,544.8,26.4,43.0,0.065
396,-1,871.5,493.4,11.6,32.1,0.063
396,-1,1188.4,511.7,11.5,42.8,0.063
396,-1,1422.0,739.7,61.6,256.0,0.058
396,-1,859.7,474.0,14.5,19.3,0.054
397,-1,1355.0,768.6,110.9,308.5,0.994
397,-1,1497.4,557.3,41.9,95.1,0.992
397,-1,1155.3,649.1,58.8,241.4,0.987
397,-1,1413.7,705.9,90.7,285.5,0.965
397,-1,1371.9,562.8,47.5,83.2,0.960
397,-1,1469.1,558.8,32.8,85.7,0.957
397,-1,1446.1,564.9,35.9,76.8,0.953
397,-1,1782.9,587.3,32.6,170.6,0.933
397,-1,1725.1,608.0,87.3,177.0,0.929
397,-1,1318.7,562.3,42.9,117.5,0.868
397,-1,1434.0,565.6,27.5,77.5,0.791
397,-1,1308.5,567.4,24.8,98.1,0.786
397,-1,1518.1,557.2,31.9,93.9,0.773
397,-1,1058.7,513.2,17.0,36.6,0.712
397,-1,1415.0,702.1,74.7,171.6,0.701
397,-1,1719.7,608.3,56.5,148.1,0.680
397,-1,1198.7,663.3,57.2,260.3,0.666
397,-1,1415.0,732.5,50.6,120.8,0.615
397,-1,1085.1,510.9,15.2,36.6,0.614
397,-1,721.7,485.0,22.4,68.5,0.602
397,-1,1363.7,567.9,24.7,77.5,0.570
397,-1,849.0,480.1,14.7,47.3,0.540
397,-1,1079.4,510.5,16.1,36.6,0.459
397,-1,899.0,497.6,13.0,24.9,0.457
397,-1,1525.3,560.4,24.6,57.4,0.404
397,-1,955.6,479.7,10.0,32.6,0.342
397,-1,1066.0,512.4,16.0,35.7,0.332
397,-1,848.9,477.0,10.7,20.3,0.311
397,-1,1524.3,556.4,40.6,105.2,0.234
397,-1,1072.6,510.5,15.4,36.9,0.220
397,-1,1202.7,657.5,32.4,68.8,0.215
397,-1,1355.2,554.4,22.8,64.0,0.177
397,-1,1298.6,525.1,20.7,68.3,0.174
397,-1,1359.4,538.7,21.9,29.4,0.152
397,-1,850.2,471.8,14.6,22.6,0.147
397,-1,874.7,490.9,15.5,38.7,0.135
397,-1,1731.7,604.3,72.7,106.7,0.104
397,-1,1286.6,525.5,19.6,69.5,0.103
397,-1,1365.6,556.7,22.3,45.4,0.096
397,-1,1354.7,540.1,18.5,32.1,0.086
397,-1,1727.0,615.2,46.0,80.4,0.079
397,-1,696.9,488.3,20.6,44.2,0.076
397,-1,1363.2,545.3,23.6,32.7,0.068
397,-1,864.4,497.2,10.6,27.2,0.065
397,-1,1430.5,813.6,60.0,180.1,0.058
397,-1,1385.5,757.3,69.5,143.3,0.051
398,-1,1348.3,770.1,113.7,308.0,0.993
398,-1,1490.1,555.3,43.0,96.3,0.992
398,-1,1144.4,649.0,63.9,253.1,0.983
398,-1,1431.9,564.3,45.1,78.9,0.975
398,-1,1461.3,559.1,31.9,85.6,0.950
398,-1,1778.3,597.3,33.4,162.0,0.948
398,-1,1362.1,559.8,50.6,88.1,0.933
398,-1,1399.8,730.9,55.8,128.8,0.919
398,-1,1417.4,702.2,61.7,276.0,0.916
398,-1,1427.3,566.0,26.4,76.4,0.898
398,-1,1725.1,604.1,79.6,181.8,0.876
398,-1,1303.0,550.4,48.2,128.6,0.873
398,-1,1510.8,555.2,31.7,94.7,0.834
398,-1,1723.8,597.5,47.0,124.4,0.585
398,-1,1188.6,687.2,43.0,227.5,0.544
398,-1,1357.9,561.9,26.9,84.4,0.519
398,-1,1054.9,511.1,16.9,38.5,0.495
398,-1,1074.0,509.9,15.1,38.0,0.487
398,-1,890.4,498.3,13.1,27.2,0.468
398,-1,1290.8,522.7,21.4,66.0,0.396
398,-1,842.0,473.3,13.0,21.4,0.292
398,-1,1388.3,743.8,72.0,203.6,0.273
398,-1,869.4,485.9,13.5,39.7,0.272
398,-1,1064.0,511.7,17.0,37.2,0.249
398,-1,1354.1,539.0,19.9,30.2,0.202
398,-1,619.8,543.3,11.9,39.7,0.191
398,-1,842.3,479.5,14.4,46.1,0.171
398,-1,1347.3,538.8,18.6,32.3,0.118
398,-1,1191.7,791.9,38.7,134.7,0.115
398,-1,1345.5,552.3,20.3,60.6,0.109
398,-1,1359.0,549.2,22.4,38.9,0.105
398,-1,1409.6,697.3,57.9,144.1,0.104
398,-1,846.0,471.3,14.2,21.2,0.089
398,-1,715.5,487.2,21.5,63.1,0.085
398,-1,1734.0,607.9,69.1,94.9,0.085
398,-1,1348.9,556.6,23.6,72.7,0.078
398,-1,1354.3,573.7,20.4,70.8,0.056
398,-1,1279.8,523.3,29.4,74.7,0.051
399,-1,1336.3,772.6,113.6,307.3,0.994
399,-1,1483.1,553.5,39.6,97.0,0.985
399,-1,1126.1,657.2,63.1,241.0,0.982
399,-1,1430.8,563.7,39.5,79.9,0.959
399,-1,1452.9,559.0,32.0,84.2,0.954
399,-1,1386.6,732.9,54.7,127.7,0.946
399,-1,1410.8,699.7,59.7,175.0,0.939
399,-1,1302.8,556.6,43.8,121.6,0.934
399,-1,1355.8,561.7,46.7,83.5,0.927
399,-1,1742.0,613.5,59.4,174.5,0.919
399,-1,1419.1,567.0,23.4,77.3,0.879
399,-1,1390.7,702.9,83.2,296.0,0.869
399,-1,1773.3,597.8,33.8,162.8,0.839
399,-1,1173.4,661.4,53.3,262.2,0.830
399,-1,1508.6,556.7,27.5,95.9,0.786
399,-1,1713.1,599.8,59.2,161.4,0.667
399,-1,1056.7,512.0,16.2,36.5,0.634
399,-1,1068.2,508.7,14.0,37.9,0.558
399,-1,1173.7,787.6,47.6,135.2,0.516
399,-1,1045.6,510.0,16.1,38.0,0.499
399,-1,776.5,489.0,12.1,35.2,0.463
399,-1,1345.6,563.7,28.9,80.7,0.405
399,-1,1450.8,559.2,31.5,37.9,0.382
399,-1,883.4,496.3,12.1,26.6,0.345
399,-1,1064.6,508.7,11.7,35.9,0.259
399,-1,1720.5,594.5,40.6,101.8,0.240
399,-1,1374.7,744.6,68.6,182.7,0.232
399,-1,612.9,541.4,12.5,41.6,0.182
399,-1,1180.6,655.4,35.0,123.1,0.177
399,-1,1044.5,510.2,10.1,29.1,0.165
399,-1,861.9,487.3,13.7,38.6,0.161
399,-1,833.6,473.4,11.7,20.4,0.155
399,-1,1732.4,612.5,55.5,117.8,0.149
399,-1,1773.3,588.8,62.7,176.2,0.144
399,-1,1284.0,521.9,20.8,66.0,0.143
399,-1,1352.1,547.5,21.5,36.7,0.130
399,-1,1774.9,615.2,30.8,70.3,0.123
399,-1,708.7,488.3,21.6,61.4,0.105
399,-1,1386.3,732.1,45.0,75.3,0.103
399,-1,1128.8,645.4,109.5,274.8,0.101
399,-1,1339.5,550.7,23.7,85.6,0.081
399,-1,1339.0,547.3,19.7,56.6,0.079
399,-1,835.7,486.2,11.8,38.9,0.074
399,-1,1514.4,552.3,39.0,108.0,0.066
399,-1,1409.0,691.1,44.4,72.1,0.063
399,-1,1343.4,537.9,19.2,32.3,0.062
399,-1,1409.5,761.1,49.5,242.9,0.057
399,-1,834.3,477.2,12.3,29.0,0.051
400,-1,1326.5,775.2,120.9,298.5,0.992
400,-1,1106.5,654.9,73.9,249.2,0.990
400,-1,1475.2,556.2,39.0,95.8,0.989
400,-1,1394.0,698.2,62.6,175.6,0.964
400,-1,1734.9,612.9,55.2,171.0,0.960
400,-1,1423.3,563.8,39.6,79.5,0.950
400,-1,1372.2,735.9,57.8,120.2,0.936
400,-1,1348.5,565.8,45.0,81.4,0.932
400,-1,1445.9,558.2,33.1,87.0,0.927
400,-1,1292.6,558.5,39.8,116.8,0.832
400,-1,1497.4,555.9,31.8,96.4,0.824
400,-1,1411.9,567.0,24.7,74.8,0.824
400,-1,1063.5,509.2,12.1,35.7,0.768
400,-1,1771.6,607.2,29.2,150.2,0.752
400,-1,1154.1,658.4,61.1,267.2,0.715
400,-1,1051.6,507.8,15.7,39.3,0.573
400,-1,1338.9,555.1,27.2,90.9,0.573
400,-1,1039.0,510.3,16.1,37.3,0.530
400,-1,1716.9,596.9,44.8,100.3,0.524
400,-1,1366.3,721.4,86.8,295.3,0.507
400,-1,1719.6,593.4,35.0,65.6,0.373
400,-1,1771.2,618.2,28.9,71.3,0.313
400,-1,1159.8,793.2,50.3,137.4,0.254
400,-1,1726.6,593.8,36.8,46.2,0.246
400,-1,1340.8,542.1,24.9,58.6,0.239
400,-1,1743.9,616.6,34.4,102.2,0.212
400,-1,1260.0,523.0,25.4,78.0,0.211
400,-1,1711.8,602.9,59.2,160.5,0.195
400,-1,1275.8,524.1,20.0,70.6,0.172
400,-1,1098.7,509.7,13.6,39.5,0.168
400,-1,854.1,486.1,13.9,40.8,0.151
400,-1,1332.7,546.8,26.9,74.9,0.133
400,-1,1771.4,590.0,50.0,178.4,0.103
400,-1,1396.1,691.4,45.8,74.9,0.103
400,-1,875.4,497.5,11.7,23.5,0.097
400,-1,1769.2,578.1,29.0,52.6,0.091
400,-1,1372.4,737.2,44.3,62.8,0.087
400,-1,1337.8,537.6,25.6,35.9,0.070
400,-1,825.4,472.0,15.1,21.8,0.064
400,-1,1267.4,462.1,39.0,85.5,0.064
400,-1,1728.7,598.2,59.7,89.9,0.058
400,-1,769.3,489.6,11.5,31.9,0.054
400,-1,1332.1,540.1,19.3,54.6,0.050
401,-1,1466.3,555.2,42.5,97.8,0.992
401,-1,1314.0,780.5,124.5,297.4,0.992
401,-1,1084.3,657.7,87.9,251.1,0.989
401,-1,1719.1,604.4,70.2,183.7,0.977
401,-1,1374.3,709.1,69.0,168.3,0.975
401,-1,1415.5,563.6,36.8,80.7,0.975
401,-1,1437.5,559.5,31.5,87.9,0.958
401,-1,1338.9,561.8,44.5,84.8,0.925
401,-1,1353.5,739.5,60.0,108.9,0.849
401,-1,1486.9,554.4,32.9,96.0,0.798
401,-1,1280.1,555.6,45.5,122.5,0.737
401,-1,1403.4,564.6,24.6,79.0,0.708
401,-1,1144.3,659.0,52.4,210.2,0.708
401,-1,1050.0,509.2,13.6,37.8,0.561
401,-1,1712.5,595.9,51.1,123.3,0.557
401,-1,1030.6,509.5,15.5,37.7,0.534
401,-1,1766.7,615.8,61.8,152.9,0.433
401,-1,1328.2,555.3,29.9,89.2,0.381
401,-1,1355.5,737.3,44.3,67.3,0.342
401,-1,1056.4,510.7,13.2,35.0,0.294
401,-1,866.6,497.1,12.4,27.5,0.285
401,-1,846.7,486.2,12.5,40.5,0.279
401,-1,1355.9,726.9,87.0,245.6,0.257
401,-1,1151.2,782.6,47.3,149.4,0.233
401,-1,759.7,489.9,10.9,31.4,0.196
401,-1,1028.7,511.4,10.0,33.6,0.187
401,-1,1329.8,547.9,27.6,52.1,0.164
401,-1,1768.0,620.2,26.2,122.0,0.160
401,-1,694.5,497.0,18.2,53.9,0.144
401,-1,833.6,496.7,8.9,23.3,0.120
401,-1,1322.9,562.1,23.5,65.3,0.105
401,-1,1761.0,591.7,40.1,170.0,0.102
401,-1,1050.7,508.3,10.2,24.2,0.088
401,-1,1761.6,577.9,21.2,30.8,0.088
401,-1,925.3,478.5,10.0,32.9,0.082
401,-1,845.1,500.1,10.4,27.6,0.066
401,-1,821.8,491.0,10.6,33.8,0.066
401,-1,1041.9,511.9,15.3,35.4,0.060
401,-1,1732.3,617.5,50.6,120.1,0.060
401,-1,819.0,472.6,14.0,20.3,0.056
401,-1,764.2,489.4,10.6,32.9,0.054
401,-1,684.6,504.6,14.2,45.9,0.053
402,-1,1456.5,556.0,41.0,94.8,0.990
402,-1,1062.9,658.9,79.5,250.8,0.990
402,-1,1301.0,781.3,127.2,292.7,0.990
402,-1,1404.9,563.3,38.7,80.3,0.982
402,-1,1429.2,558.4,31.4,87.6,0.969
402,-1,1361.3,713.7,69.2,165.9,0.966
402,-1,1123.9,663.4,57.6,271.2,0.965
402,-1,1329.7,562.2,47.6,85.4,0.959
402,-1,1707.4,606.9,69.9,176.9,0.951
402,-1,1335.7,738.8,64.6,113.1,0.894
402,-1,1480.1,557.0,31.4,92.6,0.893
402,-1,1272.1,558.4,41.0,117.8,0.831
402,-1,1761.7,605.1,84.4,162.4,0.775
402,-1,1395.1,565.6,25.6,78.2,0.747
402,-1,1320.6,554.2,27.5,93.0,0.579
402,-1,1336.5,738.5,49.3,72.4,0.503
402,-1,1044.8,507.6,12.7,35.1,0.439
402,-1,1321.9,730.9,106.9,240.7,0.392
402,-1,1022.1,509.4,15.0,37.1,0.384
402,-1,1038.6,508.0,14.5,37.4,0.358
402,-1,1032.7,509.0,15.9,38.4,0.351
402,-1,856.9,496.8,12.6,22.8,0.314
402,-1,1705.2,595.4,50.6,105.1,0.306
402,-1,1735.7,617.0,39.7,98.1,0.288
402,-1,1769.5,677.9,76.1,87.5,0.280
402,-1,1734.9,610.5,61.0,167.2,0.227
402,-1,808.1,470.4,14.5,22.5,0.214
402,-1,1323.7,547.7,23.7,48.7,0.213
402,-1,836.8,486.7,13.4,41.3,0.174
402,-1,1724.3,594.2,29.4,38.4,0.166
402,-1,1349.3,554.7,19.1,29.8,0.159
402,-1,679.9,486.3,22.7,65.3,0.152
402,-1,752.1,488.2,11.6,34.2,0.134
402,-1,809.6,479.2,13.4,44.9,0.119
402,-1,1255.8,531.0,21.6,59.4,0.111
402,-1,1312.6,558.7,21.3,67.7,0.095
402,-1,1764.5,621.0,23.9,67.1,0.091
402,-1,1322.1,537.9,22.8,31.1,0.089
402,-1,822.0,493.0,10.4,26.0,0.080
402,-1,1027.5,511.0,14.7,35.5,0.077
402,-1,1362.2,702.9,80.5,324.3,0.064
402,-1,1335.6,603.4,35.7,43.9,0.056
402,-1,757.2,487.7,9.7,35.6,0.055
402,-1,1312.2,548.1,19.0,52.2,0.053
403,-1,1286.9,781.3,133.8,293.9,0.995
403,-1,1447.9,555.3,45.0,97.3,0.994
403,-1,1050.1,657.3,108.0,277.6,0.990
403,-1,1396.7,562.2,37.7,80.9,0.973
403,-1,1419.4,556.8,33.9,89.2,0.961
403,-1,1733.4,604.1,106.7,162.0,0.948
403,-1,1321.4,563.4,45.2,82.9,0.932
403,-1,1353.1,715.6,62.6,164.2,0.916
403,-1,1707.3,610.0,66.6,174.2,0.900
403,-1,1112.7,658.3,62.7,276.8,0.889
403,-1,1317.6,739.4,62.3,100.6,0.850
403,-1,1264.9,555.4,38.3,119.4,0.823
403,-1,1469.5,553.0,33.3,98.7,0.794
403,-1,1386.6,563.3,30.4,81.0,0.737
403,-1,1700.2,592.2,45.3,108.5,0.698
403,-1,1035.6,506.9,13.0,37.9,0.688
403,-1,1314.0,561.7,24.8,84.7,0.563
403,-1,1012.7,507.6,14.6,37.2,0.455
403,-1,1727.1,614.7,46.7,122.0,0.373
403,-1,1301.7,748.3,111.4,204.9,0.319
403,-1,1041.2,508.5,12.2,33.5,0.274
403,-1,1313.3,546.2,25.1,54.5,0.271
403,-1,800.2,471.5,11.4,19.4,0.270
403,-1,1235.6,459.6,44.5,92.1,0.258
403,-1,742.0,488.4,10.4,31.6,0.240
403,-1,1028.8,504.3,16.2,41.5,0.228
403,-1,848.2,495.6,11.6,19.9,0.210
403,-1,1320.8,740.9,45.4,50.3,0.209
403,-1,1477.8,553.7,41.0,108.6,0.164
403,-1,827.5,481.9,14.5,42.5,0.127
403,-1,670.0,480.3,20.6,55.9,0.123
403,-1,1762.9,665.0,71.2,98.6,0.116
403,-1,1249.2,521.9,22.2,63.7,0.108
403,-1,1303.6,551.8,25.4,79.2,0.107
403,-1,745.1,488.1,11.8,32.6,0.104
403,-1,907.2,476.2,11.6,33.9,0.101
403,-1,1745.7,575.1,21.6,30.1,0.077
403,-1,1303.4,552.7,19.9,47.3,0.076
403,-1,830.5,488.5,11.0,27.1,0.054
403,-1,1714.1,605.5,57.4,89.7,0.053
404,-1,1275.2,790.6,133.3,289.4,0.996
404,-1,1438.0,553.3,49.8,99.7,0.992
404,-1,1091.6,660.3,67.8,280.3,0.987
404,-1,1386.4,563.6,39.1,81.7,0.977
404,-1,1033.6,661.5,101.5,270.7,0.963
404,-1,1409.3,559.2,32.2,87.5,0.962
404,-1,1711.5,608.8,57.2,178.1,0.951
404,-1,1308.1,558.3,50.8,90.0,0.931
404,-1,1721.8,600.0,112.3,176.3,0.916
404,-1,1305.0,744.5,60.4,95.4,0.857
404,-1,1252.6,557.1,45.0,121.1,0.834
404,-1,1694.7,593.6,45.5,109.9,0.823
404,-1,1460.1,554.1,33.6,97.7,0.809
404,-1,1336.1,709.0,59.1,165.9,0.789
404,-1,1696.6,596.5,51.9,181.2,0.570
404,-1,1376.1,562.9,27.9,82.1,0.543
404,-1,1102.8,665.1,55.5,148.6,0.458
404,-1,1002.9,505.6,16.3,39.7,0.433
404,-1,1300.4,555.0,28.7,91.0,0.388
404,-1,1230.8,459.7,41.7,78.4,0.387
404,-1,792.6,474.7,9.4,18.9,0.385
404,-1,1767.1,683.3,67.1,86.5,0.384
404,-1,1702.2,610.9,56.6,100.3,0.323
404,-1,1029.2,507.7,11.9,34.2,0.323
404,-1,1724.3,614.4,44.5,106.7,0.312
404,-1,1023.8,504.2,14.3,40.9,0.259
404,-1,1304.5,543.6,24.4,62.4,0.233
404,-1,1468.6,545.0,37.9,116.6,0.229
404,-1,1284.9,736.2,98.3,195.2,0.206
404,-1,837.8,497.1,13.7,22.5,0.174
404,-1,1017.0,507.2,15.4,37.9,0.121
404,-1,735.3,487.7,11.2,29.4,0.112
404,-1,491.6,497.3,37.5,100.4,0.110
404,-1,1304.2,743.5,45.9,58.8,0.108
404,-1,897.5,477.1,10.7,34.8,0.102
404,-1,1220.8,461.7,50.9,129.9,0.102
404,-1,1042.2,661.0,57.7,143.5,0.096
404,-1,1293.3,552.3,22.7,80.7,0.095
404,-1,1293.6,991.0,107.6,86.6,0.092
404,-1,819.4,482.5,11.8,33.8,0.092
404,-1,1307.7,543.1,20.6,28.9,0.083
404,-1,498.5,496.1,15.1,25.1,0.080
404,-1,791.1,469.4,15.2,21.1,0.077
404,-1,739.7,486.7,12.0,33.7,0.053
404,-1,1273.0,933.7,130.7,140.0,0.053
405,-1,1261.0,796.1,136.9,281.5,0.996
405,-1,1428.2,556.2,42.2,97.4,0.992
405,-1,1014.3,663.2,98.8,262.4,0.969
405,-1,1375.7,562.3,40.2,83.3,0.966
405,-1,1401.1,558.3,31.6,87.8,0.948
405,-1,1693.7,608.5,67.8,179.3,0.946
405,-1,1301.0,559.9,45.4,86.7,0.929
405,-1,1077.4,657.0,68.9,282.6,0.905
405,-1,1279.5,744.9,69.5,115.3,0.873
405,-1,1721.4,607.1,103.7,169.3,0.855
405,-1,1450.5,556.2,32.4,97.8,0.853
405,-1,1241.4,555.9,43.4,120.6,0.843
405,-1,1366.3,564.6,27.0,82.2,0.831
405,-1,1317.6,716.8,58.0,153.8,0.827
405,-1,1717.1,613.9,47.5,107.3,0.800
405,-1,1087.9,668.7,54.8,161.3,0.707
405,-1,1744.4,668.9,78.9,102.1,0.558
405,-1,992.8,510.0,17.1,37.6,0.510
405,-1,488.4,493.9,15.8,18.3,0.497
405,-1,1259.8,741.9,94.3,173.4,0.426
405,-1,1293.2,555.3,31.0,93.4,0.392
405,-1,1682.3,592.9,51.4,108.7,0.313
405,-1,1014.5,507.5,13.8,36.6,0.312
405,-1,1785.8,683.1,36.5,85.6,0.297
405,-1,1291.9,544.4,26.0,74.7,0.287
405,-1,1285.4,731.7,99.7,156.2,0.220
405,-1,727.1,490.8,11.8,31.8,0.196
405,-1,1031.4,664.8,53.0,146.9,0.187
405,-1,1223.0,460.2,37.6,86.0,0.143
405,-1,1280.3,798.2,77.4,202.0,0.134
405,-1,724.1,488.5,10.6,27.8,0.134
405,-1,1694.2,596.4,64.9,88.0,0.132
405,-1,1283.7,551.5,18.4,65.9,0.127
405,-1,999.3,512.0,17.5,34.9,0.125
405,-1,781.8,472.6,11.3,19.1,0.120
405,-1,1005.1,509.4,15.3,35.0,0.117
405,-1,1297.0,542.0,20.7,35.9,0.115
405,-1,1307.1,750.1,87.0,213.6,0.108
405,-1,487.1,495.8,16.5,29.8,0.103
405,-1,1274.5,992.8,110.2,85.9,0.098
405,-1,1230.1,523.5,22.5,60.7,0.085
405,-1,1688.3,608.2,39.9,61.0,0.069
405,-1,465.1,497.3,13.8,42.9,0.062
405,-1,1008.4,521.1,17.5,24.9,0.056
405,-1,1721.9,609.5,77.2,97.1,0.053
406,-1,1417.1,556.0,47.2,96.2,0.994
406,-1,1242.6,802.1,140.7,273.8,0.990
406,-1,1365.6,561.4,39.5,84.2,0.983
406,-1,1391.6,557.4,30.4,88.9,0.980
406,-1,997.6,669.5,89.6,256.9,0.979
406,-1,1048.9,663.1,83.1,283.9,0.969
406,-1,1685.3,605.8,64.5,185.2,0.942
406,-1,1289.8,558.3,44.1,89.2,0.927
406,-1,1229.2,552.5,43.8,124.4,0.878
406,-1,1441.4,554.8,31.6,94.3,0.827
406,-1,982.2,507.1,17.2,38.9,0.826
406,-1,1299.1,714.7,55.1,147.4,0.782
406,-1,1216.0,744.8,113.8,176.4,0.760
406,-1,1773.6,649.1,44.1,122.3,0.731
406,-1,1255.0,746.3,75.3,124.5,0.687
406,-1,1722.3,625.7,93.8,154.8,0.685
406,-1,818.8,495.7,13.0,25.9,0.623
406,-1,1007.1,505.4,13.6,36.9,0.623
406,-1,798.6,480.4,14.0,43.0,0.580
406,-1,1357.3,561.4,25.3,83.5,0.541
406,-1,1709.1,615.6,46.6,144.0,0.489
406,-1,999.6,506.1,16.8,37.4,0.456
406,-1,1671.7,590.8,53.8,125.8,0.454
406,-1,1281.5,550.6,25.4,97.1,0.435
406,-1,1285.4,543.9,21.8,58.4,0.337
406,-1,771.8,471.0,10.4,19.3,0.286
406,-1,1030.7,669.2,47.7,169.5,0.251
406,-1,1268.6,745.2,53.6,69.4,0.250
406,-1,1207.1,458.6,44.1,82.6,0.247
406,-1,723.4,477.5,12.2,32.0,0.215
406,-1,1011.9,505.5,13.2,35.9,0.163
406,-1,879.3,475.2,11.5,34.5,0.162
406,-1,1269.3,741.5,113.9,227.8,0.153
406,-1,799.9,478.6,10.6,28.1,0.128
406,-1,1218.4,531.7,23.5,55.1,0.120
406,-1,1693.9,609.0,56.7,95.4,0.120
406,-1,1257.4,778.1,79.6,178.1,0.119
406,-1,995.9,518.2,16.3,26.1,0.112
406,-1,1274.7,554.1,19.1,71.5,0.107
406,-1,769.7,467.6,16.8,21.2,0.098
406,-1,1702.9,683.8,53.8,107.0,0.092
406,-1,1213.7,797.6,158.3,163.6,0.088
406,-1,775.5,487.6,11.2,33.5,0.083
406,-1,1358.2,594.0,21.2,49.2,0.080
406,-1,1201.6,544.6,35.2,58.1,0.077
406,-1,987.6,508.9,16.5,33.2,0.076
406,-1,795.9,495.1,11.7,30.3,0.069
406,-1,981.5,506.0,11.4,33.4,0.068
406,-1,712.6,486.7,13.2,31.3,0.067
406,-1,476.3,493.9,15.4,22.2,0.064
406,-1,1296.0,603.5,35.5,44.6,0.059
406,-1,1258.3,999.8,109.8,78.3,0.059
407,-1,1407.3,555.4,44.9,99.0,0.993
407,-1,1032.2,672.9,87.7,274.9,0.985
407,-1,1226.2,800.0,138.8,275.0,0.981
407,-1,1380.0,556.6,34.7,90.7,0.980
407,-1,1357.4,562.1,36.5,83.7,0.978
407,-1,986.0,672.2,88.9,261.7,0.967
407,-1,1677.8,598.2,59.9,199.3,0.966
407,-1,1768.2,607.5,38.0,166.2,0.942
407,-1,1279.3,557.9,42.7,90.5,0.935
407,-1,1220.6,557.1,36.5,120.0,0.914
407,-1,1429.5,555.3,33.2,94.8,0.866
407,-1,1191.3,752.1,108.5,150.3,0.845
407,-1,1728.5,622.8,77.1,153.0,0.798
407,-1,1277.5,717.8,57.3,142.7,0.759
407,-1,974.5,507.0,14.1,36.0,0.741
407,-1,1700.9,615.5,47.0,169.8,0.710
407,-1,990.2,506.4,15.2,36.5,0.589
407,-1,1346.7,567.7,25.0,78.5,0.504
407,-1,808.2,496.2,12.3,24.1,0.445
407,-1,789.2,488.4,11.6,36.8,0.408
407,-1,1005.6,670.1,51.8,214.8,0.360
407,-1,1269.5,546.0,26.1,99.5,0.359
407,-1,1198.6,459.0,42.0,76.9,0.349
407,-1,464.8,494.0,16.5,18.8,0.347
407,-1,1001.4,504.4,12.4,39.1,0.340
407,-1,1705.9,619.0,40.8,93.4,0.318
407,-1,995.9,505.0,13.3,38.0,0.292
407,-1,1227.5,735.4,96.4,139.9,0.275
407,-1,760.4,472.5,11.4,18.2,0.258
407,-1,1241.9,748.5,59.9,90.9,0.227
407,-1,1210.3,527.9,24.6,58.0,0.215
407,-1,1275.9,540.6,20.3,59.8,0.187
407,-1,979.2,511.2,14.6,32.2,0.151
407,-1,1688.6,593.8,89.1,200.9,0.144
407,-1,1269.9,772.3,108.5,228.4,0.134
407,-1,1677.2,604.0,49.5,110.2,0.127
407,-1,789.0,476.4,7.9,15.4,0.116
407,-1,1191.9,545.6,32.1,71.7,0.112
407,-1,1206.9,782.7,141.4,183.9,0.112
407,-1,705.9,487.7,13.8,33.7,0.105
407,-1,775.9,496.4,10.0,21.2,0.098
407,-1,628.6,481.8,22.7,62.3,0.097
407,-1,761.2,468.5,16.8,21.2,0.094
407,-1,1192.5,462.8,49.5,126.0,0.085
407,-1,701.6,488.9,11.5,30.9,0.071
407,-1,1767.4,630.5,23.3,64.6,0.067
407,-1,1263.9,551.7,23.5,80.9,0.065
407,-1,984.0,507.2,16.0,34.7,0.063
407,-1,1266.7,726.3,88.7,181.3,0.061
407,-1,1725.4,701.8,22.8,72.4,0.059
407,-1,1671.4,604.9,41.0,173.9,0.052
408,-1,1394.4,554.4,51.6,99.2,0.995
408,-1,1668.7,588.6,60.8,209.3,0.987
408,-1,1217.9,804.1,136.6,270.5,0.987
408,-1,1009.0,669.9,105.2,284.6,0.982
408,-1,1346.6,561.9,43.4,85.2,0.981
408,-1,1368.1,557.1,35.7,90.8,0.971
408,-1,1759.5,611.0,32.0,158.6,0.971
408,-1,971.8,674.8,75.5,255.2,0.963
408,-1,1694.0,613.4,43.1,172.9,0.942
408,-1,1162.7,754.5,133.1,144.5,0.930
408,-1,1265.3,558.5,46.1,90.9,0.916
408,-1,1204.6,557.0,44.6,121.0,0.886
408,-1,1418.3,554.6,32.7,91.6,0.861
408,-1,1262.5,722.2,53.3,139.2,0.779
408,-1,963.5,506.8,14.1,36.0,0.743
408,-1,1336.8,561.0,24.7,85.4,0.604
408,-1,992.0,504.5,12.0,38.3,0.601
408,-1,777.2,486.3,14.2,37.9,0.559
408,-1,1723.6,613.6,70.0,161.6,0.479
408,-1,994.3,673.1,45.3,160.0,0.464
408,-1,1259.1,547.4,25.7,102.3,0.432
408,-1,977.4,506.1,14.2,34.7,0.426
408,-1,984.3,505.8,12.8,37.3,0.388
408,-1,1263.3,543.0,21.6,60.0,0.263
408,-1,750.7,471.5,10.9,19.8,0.262
408,-1,1198.1,460.0,30.1,70.6,0.218
408,-1,692.5,487.4,11.6,30.6,0.194
408,-1,1667.5,587.9,44.8,102.5,0.183
408,-1,778.4,476.3,8.2,12.9,0.181
408,-1,797.0,496.3,14.4,25.7,0.151
408,-1,1199.5,530.4,21.1,52.4,0.139
408,-1,1180.1,545.3,34.1,70.2,0.124
408,-1,970.8,507.6,16.3,35.8,0.111
408,-1,1208.8,773.0,91.3,104.8,0.099
408,-1,753.5,467.9,14.6,21.5,0.083
408,-1,1252.3,551.2,23.6,76.4,0.083
408,-1,1265.0,540.0,19.4,32.8,0.080
408,-1,1692.7,609.9,44.5,81.2,0.075
408,-1,1217.4,794.2,86.3,144.7,0.065
408,-1,1200.1,522.1,21.1,37.9,0.062
408,-1,1167.3,774.1,149.4,260.0,0.056
408,-1,752.2,480.8,14.4,41.6,0.054
408,-1,1230.5,738.6,90.8,170.4,0.051
409,-1,1197.3,808.4,140.2,265.3,0.993
409,-1,1384.1,554.6,45.3,99.4,0.993
409,-1,974.0,674.3,117.7,284.7,0.993
409,-1,1746.8,609.6,35.4,160.1,0.992
409,-1,1660.8,585.5,65.2,215.6,0.978
409,-1,1331.6,561.4,38.3,85.2,0.972
409,-1,1357.1,557.0,34.6,90.8,0.966
409,-1,949.7,676.3,75.4,258.8,0.962
409,-1,1255.7,559.6,43.9,88.5,0.937
409,-1,1406.0,553.4,33.1,101.5,0.935
409,-1,1138.3,763.2,126.4,120.7,0.880
409,-1,1689.1,618.6,36.6,137.0,0.841
409,-1,1192.8,550.4,45.0,127.6,0.826
409,-1,1238.8,725.2,58.2,137.0,0.717
409,-1,1324.9,562.4,23.2,83.4,0.658
409,-1,765.5,483.5,14.3,41.8,0.621
409,-1,1239.8,547.9,33.6,102.3,0.547
409,-1,952.3,505.8,16.6,36.7,0.469
409,-1,786.5,494.5,13.7,25.5,0.401
409,-1,1179.3,458.1,38.3,77.0,0.376
409,-1,1283.0,564.8,25.7,81.8,0.306
409,-1,972.8,506.3,13.4,35.5,0.295
409,-1,739.9,471.8,12.3,19.0,0.268
409,-1,1165.7,523.5,30.4,67.9,0.241
409,-1,1660.5,586.5,47.4,139.2,0.214
409,-1,767.2,475.4,9.2,12.8,0.173
409,-1,979.9,506.0,11.8,33.2,0.172
409,-1,1249.2,539.7,24.4,60.9,0.171
409,-1,1139.9,764.5,132.2,234.3,0.146
409,-1,1188.4,525.9,20.8,55.8,0.144
409,-1,1714.9,605.2,69.9,169.2,0.109
409,-1,978.4,672.6,40.1,180.4,0.103
409,-1,964.2,507.2,13.3,33.5,0.098
409,-1,1210.1,733.4,90.6,186.4,0.098
409,-1,1248.1,536.1,24.4,33.2,0.093
409,-1,743.5,468.5,15.5,19.4,0.092
409,-1,1694.0,609.4,56.7,186.0,0.091
409,-1,1197.7,801.8,74.4,176.8,0.090
409,-1,1168.8,538.2,32.0,77.2,0.087
409,-1,754.2,465.0,11.5,20.7,0.069
409,-1,1212.3,541.9,36.8,117.7,0.065
409,-1,1239.8,538.8,22.2,64.4,0.062
409,-1,768.1,478.0,10.7,24.1,0.060
409,-1,967.2,506.3,15.4,28.8,0.059
410,-1,1371.5,554.0,48.0,99.8,0.994
410,-1,1179.4,808.5,136.5,267.6,0.993
410,-1,964.2,679.7,102.5,281.3,0.988
410,-1,1319.4,560.4,43.3,87.1,0.986
410,-1,1735.5,606.9,36.1,165.1,0.981
410,-1,944.7,675.9,52.7,258.9,0.981
410,-1,1345.9,557.1,34.4,91.1,0.977
410,-1,1660.8,610.2,56.7,184.1,0.974
410,-1,1242.7,559.3,44.0,90.3,0.905
410,-1,1123.0,759.1,118.4,120.2,0.888
410,-1,1176.8,558.7,47.9,119.9,0.854
410,-1,1651.5,592.7,47.3,168.8,0.805
410,-1,1394.6,553.5,33.6,96.7,0.795
410,-1,1210.9,723.4,63.8,122.7,0.785
410,-1,1314.0,559.0,28.5,88.2,0.761
410,-1,941.9,505.9,15.9,36.7,0.594
410,-1,1311.8,562.8,18.1,85.0,0.575
410,-1,754.6,484.0,14.7,41.0,0.569
410,-1,1167.6,458.9,38.1,73.5,0.478
410,-1,1230.4,544.8,30.5,105.3,0.470
410,-1,1154.7,520.5,28.3,45.4,0.392
410,-1,1332.6,557.5,49.0,142.2,0.386
410,-1,725.7,471.9,13.9,17.3,0.356
410,-1,1124.2,754.9,116.4,239.9,0.355
410,-1,1268.1,560.6,28.6,86.4,0.325
410,-1,1179.3,802.4,82.2,197.1,0.314
410,-1,776.8,495.7,11.9,23.8,0.302
410,-1,961.6,503.9,12.3,37.1,0.271
410,-1,1154.8,525.3,29.1,87.3,0.237
410,-1,757.2,475.7,8.7,12.0,0.225
410,-1,1170.4,734.6,102.1,142.6,0.209
410,-1,971.7,501.4,12.1,27.2,0.201
410,-1,1178.0,525.0,21.0,60.9,0.195
410,-1,1348.6,557.3,24.3,54.4,0.168
410,-1,1238.8,541.0,22.5,55.8,0.168
410,-1,969.9,504.7,12.1,34.9,0.149
410,-1,1652.7,588.7,51.5,94.9,0.127
410,-1,1240.5,540.0,20.5,31.3,0.098
410,-1,1678.7,619.5,36.3,112.5,0.096
410,-1,950.8,504.6,22.6,39.6,0.093
410,-1,731.2,466.2,17.0,21.9,0.090
410,-1,928.7,681.2,100.3,266.3,0.088
410,-1,1161.2,769.7,132.4,201.0,0.071
410,-1,957.5,676.2,44.1,143.9,0.065
410,-1,671.9,486.5,12.3,32.6,0.052
410,-1,743.5,493.3,10.4,27.7,0.052
411,-1,1360.3,554.7,45.3,101.2,0.996
411,-1,1176.4,811.3,122.2,261.4,0.995
411,-1,1308.4,561.4,35.3,86.6,0.984
411,-1,1334.6,557.1,31.3,91.5,0.983
411,-1,1723.0,607.8,40.9,165.7,0.979
411,-1,915.7,676.3,69.7,269.4,0.977
411,-1,1647.4,604.4,56.3,191.5,0.976
411,-1,954.9,677.6,101.9,290.4,0.975
411,-1,1230.0,559.7,42.9,90.6,0.962
411,-1,1107.7,760.1,110.3,115.5,0.937
411,-1,1384.9,555.4,30.8,99.5,0.899
411,-1,1188.8,724.2,65.4,110.8,0.873
411,-1,1163.7,555.2,47.9,120.4,0.845
411,-1,1258.2,563.1,25.6,84.5,0.740
411,-1,742.6,482.8,14.7,42.8,0.621
411,-1,476.4,531.8,15.9,46.3,0.610
411,-1,930.1,505.5,15.6,36.7,0.601
411,-1,1669.1,619.9,34.6,151.6,0.567
411,-1,1301.3,560.7,22.3,85.9,0.566
411,-1,1156.4,457.7,37.5,77.5,0.539
411,-1,1216.4,545.8,32.7,105.1,0.486
411,-1,1893.3,637.5,26.4,64.0,0.463
411,-1,1165.8,524.3,19.6,58.0,0.394
411,-1,714.9,473.6,13.7,16.6,0.377
411,-1,765.2,495.5,11.9,23.5,0.376
411,-1,1142.5,520.2,28.4,46.9,0.372
411,-1,1222.0,539.1,27.0,69.6,0.339
411,-1,1157.1,857.8,46.4,152.2,0.304
411,-1,1103.6,762.1,117.2,246.0,0.297
411,-1,1645.8,599.5,38.8,133.9,0.278
411,-1,952.5,505.3,13.0,36.3,0.260
411,-1,1224.8,536.9,23.7,35.2,0.191
411,-1,1228.9,552.4,31.9,71.7,0.188
411,-1,1146.6,738.1,104.1,135.9,0.160
411,-1,744.3,474.1,10.5,16.2,0.159
411,-1,1152.3,758.5,81.0,179.8,0.159
411,-1,1143.0,525.3,28.5,76.3,0.150
411,-1,720.1,482.8,13.1,39.4,0.143
411,-1,937.4,504.8,21.5,38.4,0.133
411,-1,1131.0,842.0,85.6,205.7,0.132
411,-1,671.4,482.9,12.2,38.7,0.094
411,-1,1146.9,790.1,132.0,197.0,0.088
411,-1,948.7,505.5,12.5,32.7,0.080
411,-1,722.1,467.7,15.9,18.9,0.080
411,-1,659.7,487.6,14.5,33.7,0.076
411,-1,718.2,468.7,14.4,19.4,0.072
411,-1,1158.5,820.3,70.7,200.7,0.061
411,-1,744.8,476.3,10.8,23.7,0.056
411,-1,1661.9,599.6,88.3,190.7,0.053
411,-1,1189.7,538.6,38.8,112.9,0.053
412,-1,1155.6,813.4,124.3,260.5,0.997
412,-1,935.6,686.4,110.2,281.7,0.995
412,-1,1346.2,553.5,47.7,100.7,0.993
412,-1,1295.1,560.0,40.7,87.5,0.985
412,-1,1323.4,556.7,27.7,90.1,0.969
412,-1,1635.0,601.3,56.0,195.3,0.966
412,-1,1710.7,608.6,45.0,166.6,0.965
412,-1,1216.9,560.9,41.3,88.5,0.950
412,-1,1885.7,603.8,34.3,169.5,0.947
412,-1,1101.3,764.1,93.2,111.8,0.912
412,-1,1174.0,722.9,60.4,104.3,0.906
412,-1,906.2,668.2,63.7,287.9,0.895
412,-1,1150.3,557.7,48.8,119.7,0.886
412,-1,1375.3,553.0,27.3,102.5,0.854
412,-1,1100.0,761.8,98.0,254.4,0.718
412,-1,730.9,485.4,14.6,39.1,0.701
412,-1,1288.5,559.7,23.1,87.1,0.690
412,-1,1241.6,562.3,29.1,86.7,0.683
412,-1,1125.2,790.0,103.1,265.7,0.619
412,-1,1636.1,595.1,45.8,126.8,0.619
412,-1,917.5,505.2,16.6,38.1,0.587
412,-1,1153.5,523.3,19.7,61.0,0.498
412,-1,1201.3,548.3,34.5,100.7,0.498
412,-1,1131.1,519.1,27.0,50.3,0.432
412,-1,938.2,505.3,12.2,35.6,0.416
412,-1,1209.8,539.0,27.0,63.9,0.401
412,-1,704.4,472.8,11.8,16.3,0.369
412,-1,1142.4,726.1,88.3,251.0,0.358
412,-1,1103.9,524.5,17.3,58.5,0.347
412,-1,1662.0,626.1,26.5,95.5,0.298
412,-1,1315.4,557.2,40.4,128.8,0.287
412,-1,1212.5,535.1,23.6,30.6,0.216
412,-1,752.1,495.0,13.1,23.3,0.214
412,-1,932.5,506.7,15.0,35.5,0.213
412,-1,1124.6,742.9,99.8,129.6,0.200
412,-1,1146.7,457.9,35.4,73.9,0.191
412,-1,1331.5,556.8,15.5,31.0,0.180
412,-1,947.4,504.7,12.2,42.3,0.161
412,-1,1169.0,732.9,64.6,164.1,0.159
412,-1,1136.9,798.5,86.2,125.7,0.138
412,-1,942.6,503.6,13.2,38.9,0.136
412,-1,1133.4,835.2,53.7,181.8,0.119
412,-1,1642.9,597.6,86.3,193.8,0.105
412,-1,702.1,472.9,13.7,41.3,0.090
412,-1,648.6,485.5,13.3,33.8,0.087
412,-1,705.3,476.0,15.5,45.3,0.087
412,-1,1254.6,567.7,17.3,78.8,0.080
412,-1,1202.0,538.2,20.7,65.0,0.079
412,-1,709.9,467.4,14.4,19.5,0.073
412,-1,936.6,444.7,14.0,30.6,0.062
412,-1,654.5,484.3,11.8,36.3,0.061
412,-1,1668.1,611.2,76.9,144.2,0.056
412,-1,1261.5,579.4,10.9,61.1,0.053
413,-1,1133.7,822.3,128.1,250.3,0.996
413,-1,1874.2,591.4,45.8,179.0,0.994
413,-1,1334.5,553.3,42.2,102.3,0.993
413,-1,904.4,681.4,117.0,290.9,0.992
413,-1,1283.3,559.6,35.9,87.7,0.986
413,-1,1619.0,590.1,57.1,204.8,0.981
413,-1,1699.4,608.0,44.7,161.8,0.979
413,-1,1309.7,555.3,30.8,92.7,0.975
413,-1,1201.7,563.4,42.1,87.8,0.966
413,-1,881.2,672.7,63.6,290.6,0.966
413,-1,1355.0,552.1,34.6,102.1,0.917
413,-1,1084.0,764.4,91.9,115.0,0.879
413,-1,1135.3,553.1,48.9,124.1,0.852
413,-1,1157.0,721.0,57.2,113.8,0.842
413,-1,720.1,482.4,14.2,39.6,0.771
413,-1,1079.9,758.9,106.9,315.9,0.759
413,-1,1275.2,558.0,24.8,88.9,0.735
413,-1,1131.8,456.5,37.9,74.3,0.614
413,-1,742.0,492.6,10.8,23.2,0.514
413,-1,1093.5,733.1,116.5,177.4,0.508
413,-1,691.2,469.6,13.0,18.5,0.507
413,-1,1141.0,520.4,18.2,60.1,0.448
413,-1,1115.8,722.4,98.1,305.4,0.436
413,-1,1198.9,538.7,45.9,72.9,0.360
413,-1,1116.2,517.4,29.7,48.4,0.351
413,-1,906.0,502.3,20.5,37.9,0.293
413,-1,1652.7,628.7,23.1,91.9,0.284
413,-1,1225.3,560.1,25.6,87.7,0.253
413,-1,1076.8,872.8,87.8,96.1,0.240
413,-1,1200.1,534.6,24.9,26.6,0.221
413,-1,1656.6,600.0,81.2,189.3,0.220
413,-1,1089.6,523.6,18.6,58.0,0.211
413,-1,927.3,501.4,13.8,37.3,0.193
413,-1,1113.8,812.7,66.8,232.4,0.172
413,-1,1199.9,537.6,33.4,48.8,0.164
413,-1,557.7,478.2,22.9,67.1,0.164
413,-1,1626.3,584.9,91.4,213.0,0.163
413,-1,1192.2,555.1,36.3,93.2,0.146
413,-1,697.1,467.4,16.3,18.1,0.136
413,-1,925.0,442.9,15.1,30.9,0.104
413,-1,638.1,484.2,12.0,32.4,0.103
413,-1,701.4,490.2,11.4,29.0,0.101
413,-1,384.7,492.4,17.3,22.8,0.096
413,-1,889.3,674.8,49.3,162.9,0.096
413,-1,933.9,497.2,13.1,46.3,0.086
413,-1,642.5,484.6,10.9,35.3,0.086
413,-1,941.0,681.7,51.1,207.5,0.084
413,-1,647.8,485.2,11.2,35.6,0.079
413,-1,559.6,477.6,19.6,37.9,0.076
413,-1,1085.7,800.8,82.2,193.0,0.068
413,-1,691.2,471.8,12.4,35.7,0.066
413,-1,1124.8,810.9,81.9,166.6,0.064
413,-1,502.2,482.2,13.6,26.0,0.063
413,-1,1392.7,558.1,33.7,104.6,0.063
413,-1,917.5,503.9,18.8,36.9,0.059
414,-1,1115.5,820.6,124.2,249.3,0.995
414,-1,1320.3,551.4,42.8,104.1,0.995
414,-1,1860.4,584.9,58.9,185.8,0.992
414,-1,1296.8,554.3,31.5,94.3,0.989
414,-1,866.2,675.7,114.3,297.8,0.980
414,-1,1269.7,559.1,36.4,87.3,0.979
414,-1,1187.3,561.8,42.6,87.1,0.957
414,-1,1062.1,771.7,86.9,142.9,0.947
414,-1,1607.5,597.5,52.7,166.5,0.941
414,-1,1120.6,551.2,49.8,127.3,0.939
414,-1,1134.8,722.5,56.7,113.1,0.929
414,-1,1346.2,551.1,29.8,105.1,0.896
414,-1,1682.7,612.8,46.9,158.0,0.848
414,-1,1612.7,614.5,115.4,187.2,0.827
414,-1,1088.7,873.5,62.5,197.3,0.753
414,-1,892.6,506.4,13.9,34.7,0.678
414,-1,1064.8,776.6,90.0,294.8,0.670
414,-1,1105.9,517.8,29.6,49.0,0.590
414,-1,855.4,674.5,62.5,282.3,0.529
414,-1,707.8,483.6,12.3,38.0,0.527
414,-1,1127.2,520.9,19.8,57.5,0.513
414,-1,1109.5,719.6,80.2,163.2,0.420
414,-1,1260.1,559.3,22.8,85.8,0.411
414,-1,678.9,469.0,12.9,18.4,0.376
414,-1,1076.9,523.7,18.5,56.6,0.374
414,-1,1182.9,533.1,40.7,74.8,0.313
414,-1,1176.0,554.9,37.4,94.7,0.302
414,-1,728.3,493.8,11.3,23.1,0.284
414,-1,1307.2,554.9,15.9,34.1,0.226
414,-1,1184.4,534.5,31.0,40.2,0.215
414,-1,1122.8,457.0,33.6,71.2,0.190
414,-1,1269.5,558.9,51.9,136.4,0.175
414,-1,1105.7,527.6,31.1,82.8,0.172
414,-1,1094.0,728.6,100.8,263.0,0.172
414,-1,679.5,465.3,19.8,20.5,0.136
414,-1,689.9,492.5,9.9,26.3,0.093
414,-1,895.5,503.5,24.3,37.3,0.093
414,-1,912.5,683.4,71.7,253.6,0.085
414,-1,1617.8,602.7,35.0,82.2,0.083
414,-1,1169.6,561.7,27.6,85.7,0.062
414,-1,625.2,485.8,13.3,33.6,0.061
414,-1,915.0,503.3,11.8,36.9,0.054
415,-1,1094.7,820.8,121.2,251.4,0.996
415,-1,1847.2,583.4,60.4,192.6,0.994
415,-1,837.3,676.4,95.6,301.6,0.991
415,-1,1306.3,552.3,45.4,104.8,0.991
415,-1,1254.9,559.2,36.2,88.5,0.982
415,-1,1594.6,590.5,51.6,172.6,0.978
415,-1,1105.8,558.6,48.8,121.2,0.968
415,-1,1670.7,618.4,46.2,156.8,0.960
415,-1,1171.7,556.1,41.0,92.7,0.949
415,-1,1283.4,555.9,30.0,92.7,0.949
415,-1,1036.6,773.3,87.9,142.3,0.921
415,-1,1328.7,549.9,33.8,106.2,0.867
415,-1,1109.5,725.6,60.4,110.1,0.849
415,-1,827.1,669.2,68.1,280.0,0.784
415,-1,1062.0,880.4,68.8,191.1,0.772
415,-1,1105.4,456.2,38.6,71.1,0.666
415,-1,1110.9,518.8,19.9,59.9,0.661
415,-1,1245.6,557.3,27.0,89.1,0.619
415,-1,880.2,503.0,16.8,36.9,0.600
415,-1,715.1,493.4,10.2,22.0,0.548
415,-1,1062.9,523.4,19.4,56.3,0.535
415,-1,1036.5,772.4,92.7,303.8,0.516
415,-1,1339.5,550.6,24.7,80.0,0.487
415,-1,1091.6,517.5,33.6,73.2,0.442
415,-1,694.2,484.8,13.1,36.9,0.438
415,-1,1081.3,727.6,88.1,174.8,0.413
415,-1,1062.2,776.2,112.8,293.4,0.311
415,-1,1198.8,559.4,23.0,86.7,0.309
415,-1,1607.2,598.1,107.9,174.8,0.302
415,-1,873.7,671.2,84.0,261.7,0.251
415,-1,899.6,502.3,12.8,37.1,0.230
415,-1,668.0,483.8,16.1,35.5,0.218
415,-1,1346.6,541.8,40.0,122.9,0.218
415,-1,1170.2,534.2,39.1,74.1,0.216
415,-1,620.9,486.7,12.2,33.4,0.216
415,-1,1171.8,532.4,32.3,44.9,0.198
415,-1,1294.5,556.1,16.1,39.6,0.196
415,-1,1161.8,560.9,28.1,87.2,0.195
415,-1,889.6,502.2,20.7,37.8,0.132
415,-1,1665.4,613.9,52.2,88.3,0.125
415,-1,837.2,671.9,56.9,159.2,0.106
415,-1,1101.8,733.4,81.3,265.4,0.104
415,-1,1058.6,879.2,70.8,101.6,0.101
415,-1,1362.6,562.6,30.4,98.5,0.097
415,-1,1118.0,455.8,23.7,50.9,0.091
415,-1,665.7,472.6,13.5,38.7,0.090
415,-1,1140.1,552.8,28.1,101.0,0.074
415,-1,675.6,489.5,13.0,29.4,0.070
415,-1,615.9,486.7,13.2,33.4,0.060
415,-1,794.4,469.8,11.8,37.9,0.054
416,-1,803.5,679.2,110.1,301.1,0.995
416,-1,1070.6,822.1,123.5,252.7,0.994
416,-1,1832.2,581.5,63.1,195.1,0.994
416,-1,1290.7,550.5,47.9,105.3,0.990
416,-1,1239.9,558.1,35.9,89.0,0.983
416,-1,1652.6,615.8,55.8,159.3,0.966
416,-1,1011.5,771.4,98.3,186.2,0.951
416,-1,1081.9,731.0,60.0,98.3,0.950
416,-1,1156.2,556.2,41.1,92.5,0.929
416,-1,1583.5,597.9,47.8,163.5,0.893
416,-1,1029.9,798.8,79.6,276.4,0.863
416,-1,1310.1,546.7,42.5,111.3,0.838
416,-1,1268.2,556.4,29.5,91.5,0.827
416,-1,1594.3,594.7,35.1,92.1,0.798
416,-1,1093.7,552.5,48.7,122.9,0.756
416,-1,1584.5,603.9,95.1,159.1,0.642
416,-1,1049.5,521.1,18.9,58.9,0.538
416,-1,1076.2,516.7,32.7,70.6,0.489
416,-1,1232.9,555.4,22.9,88.7,0.488
416,-1,809.3,679.2,58.5,228.6,0.483
416,-1,1100.0,520.0,17.5,53.7,0.475
416,-1,867.4,503.8,17.6,34.9,0.448
416,-1,680.0,484.1,12.3,36.4,0.439
416,-1,1278.8,555.7,20.2,61.8,0.381
416,-1,1157.6,530.5,27.0,35.5,0.344
416,-1,1025.8,736.7,118.0,170.9,0.330
416,-1,1321.6,551.1,26.6,60.4,0.309
416,-1,1280.9,555.6,15.9,37.2,0.297
416,-1,654.2,483.9,14.8,35.0,0.288
416,-1,1116.4,532.3,39.7,115.2,0.280
416,-1,1151.7,528.7,43.4,79.0,0.239
416,-1,1185.4,560.4,22.2,85.8,0.233
416,-1,1033.6,887.6,74.1,146.0,0.232
416,-1,337.8,491.6,18.5,21.9,0.195
416,-1,1096.2,454.4,33.1,69.5,0.163
416,-1,652.4,470.1,12.0,19.7,0.152
416,-1,1081.6,733.3,72.2,164.2,0.127
416,-1,1075.1,523.6,40.1,128.3,0.127
416,-1,607.2,485.3,12.6,33.2,0.120
416,-1,701.0,491.9,11.1,22.3,0.119
416,-1,1078.2,751.2,92.4,255.6,0.102
416,-1,852.5,681.3,73.5,290.4,0.098
416,-1,649.9,469.3,13.9,44.9,0.097
416,-1,329.3,494.1,46.4,102.8,0.089
416,-1,682.9,480.7,12.8,34.7,0.088
416,-1,1344.3,561.9,31.2,99.4,0.079
416,-1,334.6,491.6,24.1,40.7,0.065
416,-1,652.0,465.1,21.0,19.6,0.059
417,-1,771.9,675.7,118.4,312.0,0.997
417,-1,1814.5,580.6,63.7,200.1,0.996
417,-1,1047.5,825.2,122.6,250.8,0.995
417,-1,1276.7,555.2,39.6,98.5,0.992
417,-1,1226.4,558.0,35.5,88.4,0.989
417,-1,1637.7,610.8,65.6,166.5,0.977
417,-1,1573.9,593.8,41.9,169.5,0.968
417,-1,1299.9,552.2,33.2,103.9,0.951
417,-1,984.0,782.9,95.8,141.6,0.922
417,-1,1058.4,737.8,62.9,96.6,0.898
417,-1,1005.1,830.2,84.0,246.2,0.857
417,-1,1036.0,522.6,18.6,58.5,0.840
417,-1,1076.0,557.9,46.4,120.1,0.834
417,-1,1065.1,515.6,32.7,74.3,0.829
417,-1,1138.7,545.3,45.3,100.8,0.825
417,-1,1252.3,555.1,31.5,89.7,0.806
417,-1,1215.6,556.7,24.9,87.8,0.754
417,-1,853.4,500.3,15.6,38.2,0.625
417,-1,1574.4,594.3,81.1,171.8,0.618
417,-1,1075.8,452.8,40.8,76.7,0.536
417,-1,1267.9,553.9,15.7,31.3,0.504
417,-1,1141.5,530.1,32.6,36.8,0.498
417,-1,666.8,476.4,13.1,44.8,0.462
417,-1,1085.5,520.7,18.4,56.1,0.405
417,-1,994.4,737.6,120.9,142.7,0.392
417,-1,643.8,480.4,14.7,36.4,0.383
417,-1,769.3,679.1,67.7,284.7,0.382
417,-1,834.4,682.3,38.7,41.3,0.325
417,-1,1262.7,554.2,23.5,56.7,0.307
417,-1,637.6,467.4,13.0,16.7,0.303
417,-1,636.9,474.5,15.8,43.1,0.238
417,-1,1089.4,452.6,24.8,55.1,0.196
417,-1,1266.4,553.5,25.4,95.5,0.147
417,-1,1100.5,534.8,40.7,120.2,0.132
417,-1,1310.3,554.3,34.6,107.4,0.125
417,-1,687.2,490.5,12.8,25.1,0.104
417,-1,1008.3,877.3,76.5,132.3,0.093
417,-1,1043.9,742.1,82.3,221.5,0.090
417,-1,1067.2,462.3,49.5,153.1,0.080
417,-1,0.0,515.6,9.5,152.1,0.074
417,-1,1334.4,562.9,28.6,98.5,0.071
417,-1,1639.4,612.7,50.3,85.6,0.070
417,-1,780.3,675.6,59.5,169.5,0.063
417,-1,1021.6,529.0,14.2,36.5,0.054
418,-1,744.3,680.4,122.5,309.4,0.999
418,-1,1801.8,577.8,62.8,198.3,0.996
418,-1,1259.5,551.5,50.5,105.3,0.993
418,-1,1028.2,825.0,116.2,251.6,0.989
418,-1,1211.6,557.3,34.7,89.0,0.988
418,-1,1625.8,611.6,70.8,164.3,0.981
418,-1,978.9,874.6,82.6,205.4,0.930
418,-1,958.3,783.9,94.2,151.5,0.925
418,-1,1029.2,740.6,62.2,93.6,0.919
418,-1,1560.4,576.1,37.9,191.1,0.913
418,-1,1059.9,557.2,47.7,122.4,0.911
418,-1,1123.1,546.3,44.6,100.6,0.895
418,-1,1280.6,548.3,38.9,109.3,0.895
418,-1,996.3,848.4,109.9,230.0,0.878
418,-1,1235.7,555.7,31.7,90.5,0.828
418,-1,1202.4,555.1,30.5,91.3,0.828
418,-1,1021.7,522.4,18.8,56.9,0.825
418,-1,1046.6,517.9,31.0,71.5,0.767
418,-1,1591.4,608.4,82.8,166.8,0.696
418,-1,1085.2,531.7,42.5,113.7,0.634
418,-1,652.4,475.6,13.3,43.2,0.599
418,-1,1071.7,518.8,17.3,55.4,0.510
418,-1,629.4,481.1,14.2,36.0,0.471
418,-1,745.8,677.3,61.3,191.8,0.467
418,-1,837.9,500.4,11.7,39.3,0.422
418,-1,1250.8,555.5,20.5,82.2,0.403
418,-1,1292.1,551.3,26.9,67.7,0.362
418,-1,763.4,676.3,44.9,127.5,0.290
418,-1,1127.0,534.5,40.9,52.7,0.287
418,-1,1253.8,553.7,16.2,28.6,0.278
418,-1,1128.3,533.1,29.8,32.5,0.274
418,-1,1295.5,551.7,39.2,110.2,0.251
418,-1,1312.1,561.5,24.5,99.7,0.247
418,-1,967.0,745.1,119.6,146.0,0.242
418,-1,1569.5,596.1,28.6,116.6,0.224
418,-1,1115.1,542.5,25.7,79.2,0.222
418,-1,760.1,676.5,66.4,289.3,0.209
418,-1,1047.4,525.2,41.6,122.4,0.180
418,-1,1315.9,545.9,36.3,113.1,0.146
418,-1,623.8,467.7,15.1,17.0,0.124
418,-1,654.4,476.1,18.1,35.1,0.096
418,-1,1023.4,746.3,70.8,166.7,0.094
418,-1,968.4,790.9,124.5,215.3,0.087
418,-1,1624.9,604.9,53.3,108.6,0.084
418,-1,1246.2,554.0,20.9,44.4,0.072
418,-1,977.4,514.6,18.2,43.7,0.071
418,-1,1007.3,527.9,15.4,34.0,0.068
418,-1,796.4,684.9,65.9,237.5,0.055
418,-1,672.5,491.2,12.6,21.7,0.053
419,-1,716.4,681.7,119.1,312.2,0.998
419,-1,1787.3,579.2,62.9,197.9,0.995
419,-1,1004.6,825.1,115.3,252.5,0.992
419,-1,1615.0,613.7,71.9,166.4,0.989
419,-1,1241.3,550.3,47.9,105.9,0.987
419,-1,1197.7,554.7,34.4,90.0,0.986
419,-1,951.5,889.0,80.5,190.7,0.962
419,-1,1269.3,547.4,35.0,117.2,0.952
419,-1,1108.0,551.8,43.6,94.0,0.929
419,-1,930.7,785.7,95.1,148.8,0.929
419,-1,1003.8,742.8,64.0,92.7,0.927
419,-1,1553.1,614.4,27.9,148.4,0.900
419,-1,1044.3,553.9,46.7,121.6,0.881
419,-1,1552.4,608.9,83.3,185.0,0.846
419,-1,1223.9,550.9,31.2,95.2,0.802
419,-1,1186.1,554.4,25.2,88.0,0.742
419,-1,1006.9,519.6,19.7,58.5,0.666
419,-1,1037.0,514.3,26.9,46.2,0.619
419,-1,959.3,744.0,106.3,164.5,0.612
419,-1,739.9,674.8,39.5,85.4,0.594
419,-1,1221.0,556.9,25.5,56.5,0.580
419,-1,1035.2,514.2,32.5,78.1,0.578
419,-1,1071.6,539.0,37.7,114.8,0.486
419,-1,719.6,673.9,61.7,168.5,0.472
419,-1,963.0,510.4,16.9,41.8,0.458
419,-1,1142.0,556.4,19.0,88.6,0.443
419,-1,638.5,481.4,12.6,34.7,0.439
419,-1,1603.1,613.4,41.4,170.0,0.418
419,-1,1239.5,550.2,16.4,26.5,0.412
419,-1,1303.2,555.1,28.4,105.8,0.361
419,-1,1057.0,518.5,19.9,53.5,0.289
419,-1,1112.6,528.2,27.9,31.4,0.289
419,-1,616.1,478.5,14.9,36.2,0.247
419,-1,1053.6,449.5,32.1,69.6,0.196
419,-1,611.1,472.6,14.8,43.3,0.170
419,-1,547.8,479.9,12.1,25.3,0.162
419,-1,1232.2,550.5,22.5,57.6,0.143
419,-1,1044.6,515.3,26.5,52.4,0.135
419,-1,611.4,466.3,12.0,16.1,0.124
419,-1,1098.0,539.5,21.0,80.5,0.121
419,-1,660.2,487.8,12.3,21.8,0.097
419,-1,942.4,790.1,131.2,210.1,0.071
419,-1,606.4,472.8,13.0,43.2,0.064
419,-1,563.2,479.3,12.1,35.1,0.063
419,-1,1605.2,612.0,27.4,69.2,0.062
419,-1,794.4,683.7,38.3,160.3,0.061
419,-1,740.9,676.9,60.3,105.7,0.059
419,-1,1647.9,617.8,31.1,81.9,0.050
420,-1,683.6,676.4,124.9,325.3,0.999
420,-1,1769.3,573.4,62.2,202.5,0.997
420,-1,1222.5,550.2,50.3,105.7,0.991
420,-1,970.1,826.6,122.7,250.9,0.991
420,-1,1182.4,555.2,35.4,89.6,0.986
420,-1,1597.3,613.1,78.2,167.2,0.986
420,-1,1536.3,611.9,93.7,199.9,0.984
420,-1,1091.7,546.6,45.9,99.4,0.952
420,-1,973.4,747.6,67.0,92.4,0.947
420,-1,922.7,890.0,85.0,189.5,0.944
420,-1,900.6,788.8,101.4,141.7,0.916
420,-1,1255.6,548.5,34.3,96.0,0.900
420,-1,1028.1,551.5,46.8,123.2,0.900
420,-1,1020.2,513.1,32.2,74.2,0.889
420,-1,992.8,518.2,20.3,58.9,0.867
420,-1,1169.8,553.0,27.9,91.6,0.847
420,-1,1584.7,635.8,47.9,179.3,0.809
420,-1,1208.4,551.5,32.1,95.2,0.798
420,-1,1124.8,554.2,18.6,89.0,0.551
420,-1,602.2,479.5,13.6,33.4,0.538
420,-1,1056.6,540.8,27.6,113.3,0.537
420,-1,624.5,474.5,12.4,41.1,0.413
420,-1,1265.1,564.4,27.4,98.6,0.359
420,-1,1225.6,550.3,16.3,25.4,0.357
420,-1,948.4,511.0,16.7,35.1,0.334
420,-1,1095.1,526.1,31.0,31.8,0.326
420,-1,549.9,477.0,13.6,36.1,0.254
420,-1,597.7,464.7,11.0,16.7,0.220
420,-1,1289.1,558.1,27.2,102.8,0.195
420,-1,1043.5,516.3,18.0,36.7,0.188
420,-1,451.7,496.5,15.3,45.1,0.187
420,-1,936.8,745.5,103.0,121.5,0.174
420,-1,1215.3,552.3,25.8,57.7,0.167
420,-1,1035.0,515.3,26.0,56.8,0.106
420,-1,533.7,478.7,13.7,31.1,0.105
420,-1,1486.0,606.0,26.7,68.8,0.094
420,-1,1531.8,613.0,33.3,169.4,0.090
420,-1,595.5,466.4,14.6,46.2,0.075
420,-1,901.6,791.3,143.6,282.3,0.062
420,-1,1096.8,531.0,36.3,40.6,0.058
420,-1,933.0,498.6,12.4,41.8,0.056
421,-1,655.4,683.9,128.7,319.3,0.998
421,-1,1753.8,577.0,62.0,202.8,0.996
421,-1,1208.8,551.6,47.4,106.2,0.991
421,-1,1582.5,611.2,79.3,172.1,0.989
421,-1,933.5,836.3,130.0,243.1,0.988
421,-1,1166.6,554.7,35.1,90.6,0.980
421,-1,1239.8,546.9,33.0,110.9,0.972
421,-1,1073.9,546.1,48.9,100.7,0.963
421,-1,1009.8,547.9,49.6,126.2,0.958
421,-1,867.8,791.1,108.6,121.4,0.942
421,-1,889.0,863.4,93.6,215.2,0.932
421,-1,932.2,749.3,81.1,101.5,0.931
421,-1,1152.9,553.6,29.9,92.2,0.865
421,-1,1194.2,560.0,26.9,90.0,0.834
421,-1,978.4,517.9,19.2,59.5,0.799
421,-1,1005.9,511.2,29.9,55.3,0.781
421,-1,1563.2,615.7,41.3,176.6,0.650
421,-1,1001.6,516.3,38.0,81.3,0.492
421,-1,664.1,682.4,55.0,153.0,0.476
421,-1,682.7,680.3,36.7,49.0,0.457
421,-1,1191.9,559.1,23.4,37.9,0.439
421,-1,872.9,792.5,114.1,228.2,0.420
421,-1,1038.2,538.6,34.8,119.4,0.414
421,-1,1523.4,611.7,78.1,197.4,0.394
421,-1,1264.9,556.9,25.0,102.1,0.365
421,-1,932.1,509.8,17.0,32.2,0.338
421,-1,892.7,753.8,121.6,147.4,0.291
421,-1,1075.3,526.4,32.6,31.3,0.262
421,-1,1104.5,556.5,22.7,88.9,0.219
421,-1,430.7,497.7,14.0,42.8,0.196
421,-1,1563.3,623.6,29.9,110.8,0.176
421,-1,610.1,474.6,12.3,39.9,0.171
421,-1,585.0,474.0,15.4,39.3,0.157
421,-1,436.2,497.3,14.7,44.0,0.133
421,-1,906.0,477.1,18.4,103.8,0.130
421,-1,961.1,526.5,18.1,30.9,0.111
421,-1,630.7,485.5,12.1,21.6,0.090
421,-1,1079.8,529.7,40.4,58.4,0.087
421,-1,1027.4,524.4,24.0,42.6,0.084
421,-1,1019.2,515.0,24.3,49.6,0.081
421,-1,1200.0,550.1,26.0,80.0,0.072
421,-1,426.4,497.1,13.9,40.4,0.070
421,-1,1001.3,547.5,36.1,83.9,0.062
421,-1,915.1,497.2,11.4,39.2,0.058
421,-1,581.0,467.8,16.2,39.3,0.053
422,-1,624.7,680.3,135.6,326.4,0.998
422,-1,1732.9,576.5,64.3,201.3,0.997
422,-1,1574.9,608.7,70.1,172.1,0.996
422,-1,911.5,841.7,126.3,235.4,0.991
422,-1,1149.8,553.1,36.5,91.5,0.990
422,-1,1191.4,550.2,45.7,105.0,0.988
422,-1,1058.7,551.9,45.3,93.7,0.973
422,-1,852.9,876.1,96.8,201.0,0.967
422,-1,1541.7,614.9,46.3,202.2,0.966
422,-1,831.1,796.1,103.1,158.9,0.961
422,-1,987.3,544.9,51.9,127.9,0.950
422,-1,1221.4,540.8,35.4,108.4,0.929
422,-1,905.7,751.7,76.5,99.2,0.928
422,-1,1136.5,551.1,28.3,91.7,0.839
422,-1,961.8,516.8,22.6,58.1,0.772
422,-1,651.7,679.8,34.0,67.4,0.677
422,-1,1023.8,523.4,36.6,127.3,0.600
422,-1,1175.3,552.5,27.8,92.3,0.595
422,-1,988.2,513.2,30.9,64.7,0.588
422,-1,1060.2,524.1,35.4,38.6,0.483
422,-1,1541.7,615.9,35.4,127.5,0.368
422,-1,944.6,524.0,19.9,26.3,0.334
422,-1,573.5,477.3,11.2,33.0,0.297
422,-1,397.5,476.5,14.5,36.1,0.269
422,-1,418.7,491.5,19.2,48.4,0.263
422,-1,991.6,512.2,26.2,36.2,0.248
422,-1,1498.6,609.5,95.4,209.1,0.241
422,-1,993.0,509.7,24.5,19.1,0.224
422,-1,982.1,511.5,39.2,108.3,0.211
422,-1,648.3,680.0,39.8,120.0,0.173
422,-1,1231.9,581.2,29.1,80.4,0.164
422,-1,915.9,508.3,15.8,31.8,0.154
422,-1,881.3,519.9,22.8,58.5,0.149
422,-1,851.7,818.4,141.7,225.4,0.145
422,-1,1241.7,531.7,39.0,129.9,0.139
422,-1,1046.9,541.5,19.6,65.8,0.129
422,-1,516.2,476.5,11.4,35.0,0.124
422,-1,501.3,476.5,14.3,26.3,0.105
422,-1,634.5,681.2,52.2,173.2,0.100
422,-1,1062.8,530.6,40.3,63.6,0.099
422,-1,1553.1,610.9,29.6,71.2,0.098
422,-1,872.1,755.7,110.5,133.1,0.092
422,-1,406.7,493.0,17.0,46.0,0.092
422,-1,511.7,477.8,12.3,33.4,0.086
422,-1,594.5,474.7,11.2,35.5,0.076
422,-1,1254.9,552.8,20.0,102.1,0.068
422,-1,566.4,459.8,13.4,18.0,0.063
422,-1,1256.5,535.9,34.2,124.1,0.055
422,-1,519.8,476.2,11.9,34.3,0.051
423,-1,592.2,683.9,141.7,326.1,0.999
423,-1,1718.4,576.9,61.4,202.0,0.997
423,-1,1552.9,609.3,71.6,172.9,0.995
423,-1,1169.6,552.5,48.0,104.1,0.991
423,-1,884.0,846.4,120.8,230.1,0.986
423,-1,1131.7,552.4,39.6,92.5,0.983
423,-1,1519.9,624.8,51.8,200.9,0.967
423,-1,877.5,757.9,73.5,102.5,0.944
423,-1,1201.2,542.0,33.3,112.1,0.940
423,-1,973.4,549.4,43.6,120.7,0.920
423,-1,1036.5,550.8,48.8,95.1,0.914
423,-1,820.6,885.3,97.9,191.8,0.904
423,-1,1117.5,552.2,31.3,91.1,0.900
423,-1,792.5,799.5,119.4,124.6,0.886
423,-1,1158.0,551.4,25.2,97.4,0.743
423,-1,1000.9,539.2,34.6,113.0,0.557
423,-1,946.0,516.8,20.4,56.6,0.498
423,-1,897.7,507.1,15.5,31.8,0.490
423,-1,976.0,510.2,23.2,15.1,0.405
423,-1,1526.3,619.1,72.7,173.6,0.355
423,-1,1047.4,524.1,33.4,38.8,0.306
423,-1,926.9,523.1,20.6,27.0,0.242
423,-1,970.5,511.9,29.5,55.2,0.226
423,-1,554.5,473.5,14.2,35.2,0.218
423,-1,1064.6,558.5,26.0,86.1,0.197
423,-1,1051.7,527.9,37.8,82.2,0.176
423,-1,377.7,475.9,15.4,37.1,0.174
423,-1,1519.5,629.1,40.8,122.6,0.153
423,-1,972.6,511.5,27.0,28.6,0.137
423,-1,1213.6,557.1,27.7,98.7,0.137
423,-1,849.4,761.0,97.9,162.2,0.110
423,-1,577.9,472.7,11.4,40.7,0.103
423,-1,1002.5,535.0,23.8,55.1,0.101
423,-1,1218.9,542.6,39.4,116.7,0.090
423,-1,1233.3,553.2,21.9,104.8,0.084
423,-1,1045.3,524.0,26.5,27.2,0.083
423,-1,968.4,543.1,31.3,77.3,0.079
423,-1,501.5,472.4,13.6,38.6,0.074
423,-1,1468.7,623.6,103.9,194.7,0.057
424,-1,558.5,685.0,142.0,328.7,0.999
424,-1,1696.6,571.4,62.8,208.6,0.995
424,-1,1152.8,552.1,47.9,102.9,0.990
424,-1,1536.0,610.9,66.9,167.9,0.989
424,-1,853.7,850.1,120.9,228.9,0.988
424,-1,1113.9,552.2,39.1,93.6,0.987
424,-1,1496.7,626.1,48.4,150.2,0.973
424,-1,1017.7,539.2,52.6,104.2,0.942
424,-1,956.9,551.3,35.6,115.4,0.933
424,-1,842.7,761.6,71.5,124.1,0.930
424,-1,1184.8,542.0,36.2,102.9,0.928
424,-1,787.0,899.3,98.5,178.1,0.906
424,-1,763.9,796.9,121.7,155.9,0.901
424,-1,1098.5,552.9,26.2,89.8,0.894
424,-1,1140.4,559.3,21.3,88.0,0.725
424,-1,956.3,508.4,33.4,38.1,0.697
424,-1,927.5,514.7,20.3,58.5,0.623
424,-1,982.9,530.6,35.3,121.1,0.469
424,-1,1027.8,533.3,42.1,66.4,0.457
424,-1,953.1,511.1,32.1,65.9,0.452
424,-1,908.0,522.1,20.8,27.6,0.414
424,-1,1485.4,625.4,74.3,197.2,0.377
424,-1,1009.8,540.3,20.8,70.3,0.292
424,-1,536.3,474.1,12.9,34.6,0.273
424,-1,198.9,481.8,13.0,16.5,0.252
424,-1,958.2,508.2,21.8,18.7,0.250
424,-1,1048.4,556.5,24.0,90.0,0.223
424,-1,879.4,507.8,17.4,30.8,0.213
424,-1,1030.6,524.7,26.1,31.6,0.197
424,-1,951.7,513.1,43.1,107.0,0.186
424,-1,536.0,453.2,18.1,20.7,0.176
424,-1,580.9,481.6,11.5,22.5,0.174
424,-1,787.7,764.7,122.7,140.4,0.172
424,-1,560.0,474.7,10.5,36.8,0.134
424,-1,684.8,696.4,28.2,146.3,0.116
424,-1,1197.1,551.3,33.0,104.3,0.105
424,-1,760.9,801.9,148.0,274.5,0.081
424,-1,1514.8,668.4,57.9,102.6,0.076
424,-1,1218.8,556.2,15.9,75.1,0.075
424,-1,533.0,454.7,14.0,19.5,0.074
424,-1,662.1,456.8,12.8,41.2,0.065
424,-1,935.3,519.2,19.9,52.9,0.051
425,-1,523.9,686.2,148.6,330.6,0.999
425,-1,1687.1,575.4,53.6,202.8,0.995
425,-1,1135.4,552.7,41.3,102.6,0.990
425,-1,1524.0,608.2,62.5,174.6,0.989
425,-1,817.6,857.0,123.6,221.6,0.983
425,-1,1096.4,552.0,33.9,93.7,0.978
425,-1,1476.2,620.9,63.7,204.6,0.976
425,-1,996.8,538.1,52.9,106.7,0.961
425,-1,933.4,542.7,45.7,124.1,0.957
425,-1,1163.5,541.0,36.2,101.1,0.954
425,-1,809.1,762.5,67.9,106.7,0.906
425,-1,717.7,801.9,130.6,150.8,0.895
425,-1,755.4,926.1,96.6,153.7,0.871
425,-1,1079.1,552.5,29.9,92.6,0.812
425,-1,1120.9,560.7,20.5,84.1,0.755
425,-1,910.3,512.6,20.8,59.7,0.666
425,-1,1005.7,528.2,44.8,74.9,0.619
425,-1,936.2,507.7,36.1,48.3,0.548
425,-1,1024.5,543.3,28.3,101.6,0.325
425,-1,989.1,537.0,21.7,73.4,0.325
425,-1,207.0,515.6,28.2,67.3,0.323
425,-1,519.7,474.5,11.0,34.0,0.320
425,-1,540.9,474.1,11.9,36.4,0.305
425,-1,966.4,532.7,22.6,120.4,0.300
425,-1,159.4,495.5,36.3,96.1,0.285
425,-1,1012.8,524.6,32.3,35.3,0.259
425,-1,251.9,517.3,16.9,49.3,0.247
425,-1,1080.9,553.5,23.5,55.9,0.244
425,-1,176.6,480.3,16.4,19.0,0.230
425,-1,252.3,482.4,21.9,83.8,0.229
425,-1,515.0,468.4,13.8,39.0,0.211
425,-1,564.1,481.3,9.9,22.7,0.196
425,-1,999.2,523.4,37.9,38.7,0.176
425,-1,939.6,507.9,24.7,29.1,0.153
425,-1,755.9,763.6,122.5,133.0,0.145
425,-1,740.7,828.4,139.3,223.3,0.115
425,-1,887.3,522.6,23.8,34.8,0.112
425,-1,1126.6,548.6,34.3,102.7,0.109
425,-1,1179.8,565.0,30.9,88.6,0.104
425,-1,544.4,472.1,12.4,34.6,0.096
425,-1,513.9,461.4,11.7,14.4,0.066
425,-1,531.3,477.5,12.5,31.1,0.065
426,-1,501.2,687.4,142.6,340.3,0.999
426,-1,1658.4,576.2,63.5,201.8,0.997
426,-1,1111.3,548.9,46.5,108.1,0.994
426,-1,1079.7,550.9,30.8,94.2,0.992
426,-1,1510.6,602.8,60.9,181.4,0.989
426,-1,1146.7,540.8,48.0,119.0,0.989
426,-1,749.1,861.6,160.8,217.0,0.984
426,-1,978.2,540.8,51.6,104.4,0.975
426,-1,919.8,547.4,35.7,120.2,0.970
426,-1,1452.6,633.1,53.8,168.5,0.959
426,-1,1059.0,552.0,29.5,93.2,0.954
426,-1,691.3,807.3,114.0,223.3,0.939
426,-1,770.1,767.5,71.9,121.0,0.854
426,-1,718.7,843.5,109.8,228.0,0.750
426,-1,1004.5,542.6,30.8,101.7,0.550
426,-1,946.5,526.6,35.6,122.2,0.528
426,-1,991.8,534.4,40.3,73.3,0.523
426,-1,1103.4,558.0,20.4,88.5,0.457
426,-1,893.2,511.6,18.9,59.1,0.426
426,-1,972.0,540.4,20.6,71.0,0.398
426,-1,524.2,475.7,10.1,34.6,0.367
426,-1,546.9,478.8,11.4,24.5,0.324
426,-1,231.6,469.9,25.3,92.0,0.314
426,-1,936.8,538.9,31.2,116.1,0.279
426,-1,737.2,770.4,102.9,164.6,0.269
426,-1,1446.4,599.4,31.1,207.0,0.236
426,-1,993.8,521.8,26.2,34.1,0.234
426,-1,497.1,455.5,12.4,17.1,0.232
426,-1,503.9,473.3,10.3,32.7,0.163
426,-1,870.8,520.7,22.8,35.0,0.152
426,-1,841.9,503.1,19.7,55.0,0.148
426,-1,498.4,449.9,21.4,20.5,0.137
426,-1,723.3,925.5,85.0,139.3,0.137
426,-1,518.0,449.0,15.2,21.7,0.115
426,-1,997.0,528.7,27.8,37.5,0.093
426,-1,0.0,472.8,6.0,181.2,0.084
426,-1,506.0,458.0,14.2,13.8,0.081
426,-1,832.9,499.9,42.3,109.0,0.066
426,-1,1551.3,605.2,20.2,57.6,0.060
426,-1,841.0,505.3,16.1,32.8,0.057
426,-1,770.2,793.0,73.0,195.5,0.056
426,-1,539.4,475.9,10.3,25.1,0.051
426,-1,136.0,482.0,43.8,106.7,0.051
427,-1,1635.8,576.8,66.2,204.0,0.998
427,-1,468.1,692.3,138.2,341.4,0.996
427,-1,1090.8,547.1,45.9,112.7,0.994
427,-1,1060.8,552.4,30.0,95.4,0.991
427,-1,1431.8,617.0,81.5,211.8,0.985
427,-1,1130.2,540.6,34.2,118.3,0.984
427,-1,958.4,541.7,51.4,105.8,0.978
427,-1,750.2,870.2,121.3,206.3,0.975
427,-1,1039.8,552.6,27.5,93.0,0.957
427,-1,895.4,550.2,44.8,117.2,0.952
427,-1,1502.0,605.5,55.8,181.7,0.943
427,-1,641.5,817.3,127.9,185.7,0.935
427,-1,730.0,769.6,76.7,121.1,0.923
427,-1,1048.9,550.5,30.3,97.9,0.904
427,-1,925.9,538.2,35.9,115.9,0.835
427,-1,683.1,938.9,98.7,139.7,0.822
427,-1,1082.0,553.8,23.9,96.9,0.668
427,-1,952.4,541.9,21.4,70.3,0.609
427,-1,875.5,511.9,21.3,60.4,0.540
427,-1,990.4,554.1,23.9,92.3,0.522
427,-1,529.9,479.7,10.0,23.4,0.504
427,-1,505.8,474.6,11.8,36.9,0.438
427,-1,980.0,529.3,33.4,70.7,0.289
427,-1,1527.6,606.2,28.9,136.0,0.247
427,-1,484.9,474.3,13.1,35.1,0.240
427,-1,703.1,899.2,134.4,177.7,0.213
427,-1,954.9,539.0,20.8,44.1,0.213
427,-1,1527.4,607.4,25.7,65.0,0.164
427,-1,729.8,785.0,76.1,199.2,0.152
427,-1,694.5,775.1,106.5,151.9,0.141
427,-1,924.7,532.8,22.6,81.2,0.135
427,-1,518.3,471.9,12.9,31.6,0.132
427,-1,273.8,373.6,42.3,51.2,0.117
427,-1,823.1,508.2,13.9,29.9,0.111
427,-1,978.2,527.8,22.7,29.6,0.094
427,-1,901.8,510.7,28.9,44.9,0.092
427,-1,486.1,454.0,17.1,17.7,0.087
427,-1,852.1,521.0,24.8,32.4,0.087
427,-1,525.5,479.3,10.8,23.3,0.085
427,-1,1434.1,605.7,55.5,123.9,0.084
427,-1,114.2,479.4,50.0,111.5,0.084
427,-1,1464.4,617.6,76.7,181.4,0.075
427,-1,1423.2,590.6,34.8,219.9,0.075
427,-1,1440.0,592.5,43.0,53.4,0.070
427,-1,947.4,541.3,19.4,87.8,0.064
427,-1,522.1,476.9,16.5,31.3,0.062
427,-1,959.4,542.9,27.4,60.8,0.055
428,-1,1612.7,578.5,67.7,204.3,0.996
428,-1,420.9,699.6,158.3,344.3,0.995
428,-1,1071.0,552.1,49.6,114.2,0.988
428,-1,1411.5,630.5,76.9,204.2,0.987
428,-1,1108.6,542.5,44.9,121.8,0.986
428,-1,1040.6,554.0,29.0,97.1,0.975
428,-1,939.2,542.2,53.0,107.1,0.960
428,-1,725.1,886.7,112.6,188.5,0.956
428,-1,876.3,555.4,36.0,114.0,0.943
428,-1,1474.9,608.3,64.0,181.4,0.933
428,-1,1019.6,555.3,26.9,96.1,0.925
428,-1,601.2,825.8,111.7,147.3,0.914
428,-1,687.6,775.2,84.1,133.5,0.888
428,-1,613.1,949.1,129.2,128.9,0.835
428,-1,908.4,545.6,25.1,108.4,0.652
428,-1,1409.0,601.6,43.7,112.7,0.631
428,-1,1060.7,559.2,22.6,93.8,0.573
428,-1,858.3,517.0,22.1,59.1,0.517
428,-1,929.9,545.1,20.0,69.1,0.458
428,-1,1500.9,607.4,42.0,161.8,0.328
428,-1,585.8,883.3,153.5,164.3,0.307
428,-1,284.5,474.3,23.9,39.3,0.300
428,-1,487.4,476.0,10.5,36.4,0.252
428,-1,468.3,479.8,9.7,28.4,0.232
428,-1,511.7,483.8,9.4,23.4,0.223
428,-1,595.1,745.5,107.3,133.5,0.190
428,-1,956.5,536.4,33.8,64.6,0.171
428,-1,277.2,470.2,15.1,28.4,0.157
428,-1,91.1,486.6,50.2,106.7,0.143
428,-1,1405.0,597.8,40.7,214.3,0.138
428,-1,884.7,510.8,19.1,37.6,0.132
428,-1,804.3,512.6,12.7,28.0,0.131
428,-1,878.5,521.6,16.4,50.2,0.127
428,-1,835.3,522.7,22.7,30.1,0.124
428,-1,657.1,758.8,46.1,79.7,0.113
428,-1,175.4,526.9,20.3,50.7,0.101
428,-1,401.4,483.9,17.8,25.7,0.100
428,-1,907.8,530.6,22.1,83.9,0.086
428,-1,626.3,848.5,95.2,176.1,0.081
428,-1,643.8,885.0,170.1,188.5,0.077
428,-1,660.4,763.1,88.3,99.8,0.071
428,-1,1460.9,608.3,58.0,149.5,0.067
428,-1,943.0,578.2,36.5,72.2,0.063
428,-1,1508.4,608.0,28.0,108.2,0.057
428,-1,1328.8,549.8,40.9,127.1,0.052
429,-1,380.2,708.3,153.7,339.9,0.997
429,-1,1587.2,585.4,72.1,200.4,0.995
429,-1,1390.3,639.4,75.2,197.2,0.994
429,-1,1044.0,550.8,59.8,123.6,0.993
429,-1,997.2,557.1,31.7,97.1,0.989
429,-1,1021.4,554.5,29.9,98.7,0.984
429,-1,1088.9,544.0,44.0,120.8,0.984
429,-1,1456.5,608.1,63.5,181.7,0.982
429,-1,682.4,892.8,114.8,183.2,0.964
429,-1,917.8,544.3,51.7,106.0,0.957
429,-1,649.6,781.5,77.8,128.6,0.891
429,-1,849.0,550.5,50.3,119.7,0.890
429,-1,563.2,842.5,137.6,164.2,0.886
429,-1,601.8,959.3,101.4,119.7,0.855
429,-1,882.3,543.3,31.1,111.1,0.635
429,-1,1493.5,612.2,30.5,156.6,0.362
429,-1,910.3,544.4,21.6,83.2,0.315
429,-1,1387.7,597.3,49.7,98.7,0.305
429,-1,913.9,539.1,24.2,68.4,0.266
429,-1,1402.8,600.6,41.8,54.2,0.260
429,-1,839.1,517.2,20.9,58.7,0.242
429,-1,1035.5,557.3,29.2,98.6,0.214
429,-1,863.4,515.4,36.9,40.0,0.208
429,-1,938.5,531.9,26.8,41.2,0.107
429,-1,469.0,476.8,11.9,35.7,0.107
429,-1,563.5,690.6,94.9,187.5,0.106
429,-1,913.1,542.5,18.6,38.6,0.095
429,-1,817.5,523.6,23.7,27.2,0.092
429,-1,1393.1,607.8,27.4,72.0,0.089
429,-1,1090.0,548.9,39.4,65.0,0.088
429,-1,876.5,536.1,29.6,74.9,0.087
429,-1,268.1,474.3,18.5,40.0,0.079
429,-1,784.1,515.2,17.2,23.8,0.074
429,-1,258.1,471.0,20.2,42.9,0.065
429,-1,918.7,587.8,38.4,65.7,0.060
429,-1,567.0,784.8,152.0,165.1,0.058
429,-1,478.7,472.3,12.5,32.8,0.056
429,-1,843.6,515.8,13.2,33.2,0.055
429,-1,1100.3,582.0,30.8,87.3,0.050
430,-1,345.6,714.3,138.9,343.5,0.997
430,-1,1370.4,642.1,71.9,198.0,0.996
430,-1,1025.9,555.1,55.2,120.1,0.994
430,-1,1563.3,587.6,71.7,202.2,0.994
430,-1,1443.1,613.7,61.3,180.0,0.987
430,-1,1067.6,550.6,43.1,115.6,0.982
430,-1,974.5,559.5,35.0,97.5,0.978
430,-1,639.1,907.1,124.4,171.4,0.974
430,-1,1002.5,557.3,28.0,100.7,0.968
430,-1,602.4,790.1,86.0,135.5,0.921
430,-1,514.4,853.8,146.6,190.3,0.887
430,-1,1371.1,603.3,45.4,105.7,0.844
430,-1,554.8,979.2,106.2,100.0,0.832
430,-1,895.1,553.6,51.7,75.2,0.782
430,-1,824.8,566.4,46.6,108.3,0.727
430,-1,822.0,517.6,21.1,62.2,0.596
430,-1,1472.5,617.1,35.1,162.5,0.417
430,-1,1367.2,609.7,47.6,179.8,0.309
430,-1,1015.9,558.0,30.0,109.3,0.261
430,-1,855.6,544.1,32.9,115.7,0.242
430,-1,236.7,472.0,23.0,44.5,0.232
430,-1,1076.4,610.1,34.5,62.3,0.218
430,-1,572.7,798.7,115.0,186.8,0.188
430,-1,1377.7,601.8,65.3,117.7,0.170
430,-1,899.9,597.2,37.4,59.9,0.155
430,-1,919.2,552.0,30.1,94.1,0.151
430,-1,914.2,537.1,34.0,74.2,0.147
430,-1,363.3,489.0,20.4,23.8,0.121
430,-1,857.4,550.6,25.5,66.3,0.116
430,-1,46.7,496.4,38.0,102.9,0.115
430,-1,499.1,934.2,159.4,138.5,0.104
430,-1,891.1,548.8,23.4,67.9,0.095
430,-1,245.9,476.3,22.8,40.7,0.077
430,-1,448.9,477.4,13.8,36.0,0.076
430,-1,842.1,523.1,18.5,51.5,0.075
430,-1,918.2,538.0,26.7,40.0,0.074
430,-1,359.2,879.1,134.2,177.3,0.068
430,-1,1439.6,613.3,57.2,104.8,0.063
430,-1,799.2,527.0,20.9,25.6,0.053
430,-1,909.2,527.8,27.8,23.1,0.051
431,-1,298.6,717.9,143.3,345.1,0.998
431,-1,1354.1,647.5,66.7,195.2,0.997
431,-1,1540.3,593.1,73.4,200.9,0.997
431,-1,1007.8,560.5,51.7,119.6,0.992
431,-1,1420.4,616.3,65.7,180.9,0.988
431,-1,614.5,916.2,102.9,157.7,0.980
431,-1,1048.2,552.5,44.6,118.4,0.979
431,-1,981.7,561.1,35.0,104.8,0.972
431,-1,568.0,798.7,80.7,137.8,0.958
431,-1,955.3,562.0,36.4,99.1,0.953
431,-1,482.0,854.4,142.7,204.5,0.947
431,-1,517.9,987.9,107.8,91.9,0.890
431,-1,1354.0,603.4,52.5,110.6,0.698
431,-1,809.7,564.7,41.5,110.1,0.632
431,-1,837.9,553.2,26.4,108.9,0.608
431,-1,882.0,547.1,45.3,109.8,0.586
431,-1,875.3,550.9,39.9,72.3,0.361
431,-1,947.0,685.6,53.4,46.8,0.328
431,-1,801.7,522.4,18.2,57.8,0.277
431,-1,430.3,479.9,14.8,38.2,0.246
431,-1,899.2,527.0,43.2,127.4,0.242
431,-1,869.2,548.0,24.0,67.2,0.241
431,-1,1364.4,601.6,66.1,142.2,0.240
431,-1,1050.1,557.5,38.9,65.2,0.216
431,-1,959.7,563.5,26.7,62.7,0.210
431,-1,899.8,538.1,29.5,88.4,0.208
431,-1,871.7,547.3,21.8,33.7,0.185
431,-1,1580.6,587.6,42.4,205.3,0.152
431,-1,879.4,590.3,34.9,69.2,0.140
431,-1,621.6,500.3,14.4,36.3,0.138
431,-1,1452.0,618.0,37.6,145.0,0.125
431,-1,1366.0,604.8,41.1,54.1,0.124
431,-1,825.2,521.6,29.2,55.0,0.096
431,-1,895.3,538.1,31.9,45.7,0.094
431,-1,567.0,866.0,112.0,205.6,0.091
431,-1,875.2,546.8,33.5,37.1,0.087
431,-1,1059.6,600.4,32.4,73.8,0.072
431,-1,521.5,812.2,135.3,212.9,0.070
431,-1,246.7,496.9,17.5,48.2,0.070
431,-1,1355.1,608.6,32.4,87.2,0.069
431,-1,204.4,380.0,36.3,55.6,0.055
431,-1,261.0,484.5,17.1,55.5,0.051
431,-1,1450.5,617.8,30.4,63.5,0.051
431,-1,345.0,484.9,18.3,28.9,0.051
432,-1,246.7,715.7,165.6,354.2,0.997
432,-1,1337.3,652.9,64.5,193.8,0.997
432,-1,987.9,560.3,51.5,120.8,0.996
432,-1,1518.4,594.1,73.1,201.8,0.995
432,-1,1400.4,619.9,87.6,184.4,0.990
432,-1,571.9,927.2,103.4,150.2,0.986
432,-1,963.4,560.5,29.5,105.5,0.984
432,-1,1027.0,550.6,44.2,122.5,0.981
432,-1,931.8,561.3,39.0,103.2,0.974
432,-1,425.7,863.5,160.0,210.4,0.938
432,-1,517.2,802.0,90.3,151.7,0.928
432,-1,946.2,560.7,36.8,103.2,0.858
432,-1,1337.6,606.4,64.7,117.1,0.790
432,-1,491.8,811.7,113.8,263.8,0.590
432,-1,786.8,566.9,41.8,107.1,0.537
432,-1,879.7,538.0,27.9,85.3,0.534
432,-1,852.2,545.1,37.4,74.7,0.511
432,-1,1337.1,608.2,43.0,88.2,0.485
432,-1,814.0,548.7,48.0,103.7,0.360
432,-1,802.1,552.1,44.0,118.3,0.294
432,-1,602.5,497.9,16.6,38.7,0.248
432,-1,814.7,550.4,29.4,78.5,0.173
432,-1,782.2,521.5,19.0,60.4,0.145
432,-1,880.1,540.3,24.6,39.3,0.141
432,-1,937.4,562.6,28.1,61.7,0.136
432,-1,1343.1,604.5,47.0,64.1,0.128
432,-1,479.8,1000.2,95.9,77.9,0.120
432,-1,392.9,485.1,10.5,27.9,0.115
432,-1,1350.1,637.2,115.7,196.2,0.108
432,-1,410.9,480.6,12.4,34.5,0.102
432,-1,947.2,561.2,19.6,29.8,0.095
432,-1,878.3,532.0,22.3,33.0,0.086
432,-1,864.2,531.6,37.9,46.4,0.084
432,-1,855.1,545.2,34.5,39.8,0.077
432,-1,1384.5,634.9,59.4,119.8,0.070
432,-1,760.3,530.2,19.7,26.0,0.060
433,-1,1385.8,622.7,88.1,187.0,0.997
433,-1,1496.0,596.7,72.5,203.2,0.996
433,-1,1319.0,655.4,60.0,199.3,0.995
433,-1,202.4,723.2,169.6,346.8,0.992
433,-1,941.3,563.6,29.7,106.5,0.991
433,-1,966.4,565.2,56.9,130.8,0.991
433,-1,526.6,936.5,104.1,143.0,0.983
433,-1,911.0,567.2,33.0,100.4,0.982
433,-1,1007.6,553.2,44.9,122.2,0.979
433,-1,383.6,871.6,148.4,201.4,0.970
433,-1,472.3,809.8,93.1,177.4,0.921
433,-1,1313.6,610.2,42.2,139.7,0.876
433,-1,856.8,538.2,31.7,124.9,0.472
433,-1,829.8,546.7,44.1,103.3,0.372
433,-1,791.9,553.3,28.6,110.4,0.370
433,-1,763.0,560.1,47.1,114.9,0.312
433,-1,182.0,477.0,24.1,45.7,0.272
433,-1,159.4,379.9,39.5,50.8,0.234
433,-1,894.5,692.5,50.2,46.3,0.234
433,-1,1544.1,574.3,42.3,110.8,0.158
433,-1,585.0,504.4,15.2,35.1,0.158
433,-1,455.1,845.2,91.1,227.7,0.151
433,-1,1316.3,612.7,59.5,91.4,0.104
433,-1,1381.8,626.1,65.6,126.6,0.100
433,-1,858.1,531.8,25.6,60.8,0.088
433,-1,794.4,544.6,52.2,110.6,0.083
433,-1,598.2,513.7,11.4,26.3,0.073
433,-1,1539.1,579.1,46.5,199.2,0.066
433,-1,763.5,522.1,17.4,45.8,0.062
433,-1,1307.2,632.8,108.0,222.5,0.062
433,-1,1002.0,564.7,33.1,105.2,0.051
434,-1,1295.7,655.9,64.3,199.8,0.998
434,-1,1474.5,594.8,71.0,206.0,0.997
434,-1,1363.3,624.8,94.3,184.9,0.996
434,-1,947.1,563.9,54.8,129.5,0.994
434,-1,919.0,563.6,30.9,109.8,0.994
434,-1,303.0,876.3,178.6,201.2,0.986
434,-1,159.9,729.7,123.7,338.4,0.984
434,-1,889.3,566.5,34.9,101.5,0.984
434,-1,986.6,553.8,44.2,123.9,0.981
434,-1,478.7,943.5,108.3,134.1,0.973
434,-1,430.5,816.0,98.1,169.2,0.964
434,-1,740.2,562.5,46.5,112.8,0.786
434,-1,809.8,553.3,46.3,113.4,0.783
434,-1,904.9,565.3,33.5,105.2,0.718
434,-1,1292.2,609.7,41.8,118.3,0.633
434,-1,1294.9,605.6,74.0,164.9,0.465
434,-1,970.3,562.7,49.7,123.5,0.369
434,-1,835.0,538.1,32.3,125.5,0.345
434,-1,140.1,379.7,38.7,56.7,0.293
434,-1,763.7,557.1,33.5,112.4,0.160
434,-1,565.6,505.8,13.5,33.5,0.129
434,-1,1523.1,575.9,42.4,108.6,0.125
434,-1,219.7,892.0,175.2,185.0,0.084
434,-1,424.1,831.7,81.0,237.9,0.065
434,-1,777.2,546.3,45.3,119.5,0.059
434,-1,160.1,858.5,171.5,210.8,0.054
434,-1,169.1,730.8,87.9,195.7,0.053
434,-1,1313.3,648.8,69.4,161.7,0.053
434,-1,1518.0,582.1,47.8,190.1,0.050
435,-1,1279.6,657.8,63.4,204.6,0.997
435,-1,898.2,567.6,34.9,109.9,0.996
435,-1,1344.8,628.0,94.8,184.0,0.994
435,-1,1453.5,598.9,69.2,208.2,0.994
435,-1,113.8,735.2,168.7,340.7,0.993
435,-1,260.8,883.5,177.7,193.9,0.984
435,-1,965.6,556.8,43.4,127.4,0.982
435,-1,923.5,563.7,53.5,130.1,0.980
435,-1,387.5,827.8,96.7,170.2,0.977
435,-1,869.3,567.8,35.1,103.0,0.968
435,-1,430.3,961.1,109.5,117.0,0.936
435,-1,717.7,559.4,46.5,116.3,0.891
435,-1,785.5,553.7,48.2,116.9,0.761
435,-1,1275.3,611.6,48.8,104.7,0.671
435,-1,792.3,600.2,34.7,70.9,0.548
435,-1,811.4,541.7,33.9,122.6,0.454
435,-1,1276.9,609.2,83.8,141.3,0.405
435,-1,139.0,478.2,25.3,44.8,0.338
435,-1,123.5,379.7,37.2,61.1,0.233
435,-1,546.3,503.5,16.0,37.0,0.220
435,-1,753.5,555.1,25.0,105.2,0.149
435,-1,1306.0,655.9,58.2,138.6,0.146
435,-1,351.0,850.6,120.0,220.1,0.125
435,-1,1300.3,645.1,97.3,194.5,0.120
435,-1,115.0,380.4,32.9,56.0,0.114
435,-1,757.1,542.4,40.1,121.0,0.095
435,-1,179.2,976.9,120.4,100.8,0.084
435,-1,126.6,475.4,16.6,40.0,0.083
435,-1,785.9,554.2,37.6,68.6,0.081
435,-1,1281.5,611.2,49.0,63.4,0.079
435,-1,815.6,533.0,25.9,37.9,0.077
435,-1,1321.1,666.4,42.5,86.6,0.074
435,-1,1192.6,604.7,26.1,92.4,0.072
435,-1,787.4,552.5,27.7,26.9,0.072
435,-1,1329.8,703.8,35.0,94.0,0.061
436,-1,874.7,566.4,36.7,112.3,0.997
436,-1,1255.6,651.6,64.0,216.4,0.996
436,-1,1430.9,600.3,68.4,206.8,0.996
436,-1,60.7,737.0,110.6,341.4,0.995
436,-1,1317.3,627.2,103.0,189.5,0.990
436,-1,905.2,561.1,51.5,133.8,0.990
436,-1,224.8,888.9,162.9,188.8,0.987
436,-1,946.9,553.7,41.2,127.4,0.987
436,-1,341.2,832.7,96.0,167.5,0.965
436,-1,848.6,568.4,32.7,102.0,0.963
436,-1,379.1,971.9,113.9,107.7,0.952
436,-1,695.3,560.5,47.1,114.5,0.826
436,-1,1254.3,616.2,53.9,92.9,0.633
436,-1,528.3,502.7,12.1,37.3,0.518
436,-1,761.0,556.5,51.4,111.2,0.514
436,-1,766.2,553.1,40.3,70.1,0.385
436,-1,1257.4,611.1,75.8,127.9,0.376
436,-1,769.0,599.7,38.2,70.9,0.214
436,-1,777.1,538.4,46.1,127.2,0.138
436,-1,857.4,564.9,24.5,59.2,0.097
436,-1,766.3,550.8,24.4,28.0,0.082
436,-1,99.1,378.5,40.2,48.6,0.074
436,-1,246.3,489.2,19.1,25.3,0.073
436,-1,863.7,565.8,17.9,33.8,0.073
436,-1,938.0,563.5,34.0,113.7,0.066
436,-1,1108.0,556.4,85.1,147.9,0.063
436,-1,1166.0,599.0,30.1,97.0,0.063
436,-1,680.7,531.5,19.0,25.7,0.053
436,-1,332.0,921.4,148.3,151.9,0.052
437,-1,1300.3,632.8,98.1,186.9,0.997
437,-1,1233.9,653.1,62.7,222.9,0.996
437,-1,4.9,738.4,126.0,339.2,0.996
437,-1,1406.9,601.9,69.2,207.0,0.995
437,-1,926.2,557.7,40.4,129.7,0.993
437,-1,850.3,568.6,38.8,114.5,0.993
437,-1,881.6,562.8,54.3,139.1,0.989
437,-1,291.8,844.2,98.8,175.1,0.971
437,-1,182.6,903.8,152.6,175.3,0.970
437,-1,825.6,568.9,33.4,105.5,0.944
437,-1,323.1,980.9,99.3,98.9,0.907
437,-1,673.8,563.8,48.2,113.4,0.899
437,-1,742.3,549.0,49.0,123.4,0.842
437,-1,836.2,569.3,38.1,110.5,0.590
437,-1,1236.8,614.4,54.6,96.6,0.478
437,-1,773.3,538.3,28.0,125.8,0.464
437,-1,740.2,602.5,46.1,70.9,0.419
437,-1,743.9,552.6,39.3,71.7,0.396
437,-1,709.3,540.9,39.6,124.9,0.359
437,-1,796.1,696.5,62.0,51.3,0.315
437,-1,507.2,503.5,18.2,37.2,0.237
437,-1,743.0,551.5,34.9,31.1,0.227
437,-1,1237.5,612.6,80.7,133.9,0.179
437,-1,702.5,556.1,28.8,104.1,0.110
437,-1,641.5,524.0,13.9,37.1,0.091
437,-1,1314.1,632.7,59.3,149.8,0.090
437,-1,0.1,461.1,11.9,135.7,0.069
437,-1,287.4,915.0,130.9,156.7,0.066
437,-1,76.8,379.2,42.4,50.4,0.066
437,-1,723.0,539.6,18.0,34.0,0.066
437,-1,907.2,565.4,34.3,122.9,0.065
437,-1,737.7,552.9,28.2,80.3,0.064
437,-1,771.0,546.5,28.4,64.2,0.063
437,-1,878.2,569.6,27.2,123.0,0.054
438,-1,857.9,562.2,60.3,142.9,0.996
438,-1,1383.5,601.2,70.0,209.1,0.995
438,-1,1209.7,647.7,68.8,234.6,0.995
438,-1,1276.1,633.1,100.1,189.2,0.993
438,-1,904.9,558.7,40.9,120.0,0.990
438,-1,827.3,568.3,39.1,117.4,0.989
438,-1,232.8,843.9,106.7,195.3,0.989
438,-1,126.5,911.4,148.3,165.5,0.976
438,-1,1.4,737.6,89.6,336.4,0.975
438,-1,721.3,548.0,33.5,126.1,0.969
438,-1,647.5,565.0,44.8,113.6,0.952
438,-1,808.1,570.8,30.1,105.8,0.899
438,-1,271.3,991.1,93.7,87.6,0.893
438,-1,686.3,540.0,39.6,124.5,0.663
438,-1,748.6,542.6,31.6,127.6,0.535
438,-1,1214.6,613.8,53.4,87.3,0.510
438,-1,718.5,554.3,44.0,74.2,0.413
438,-1,719.4,550.8,28.1,31.5,0.184
438,-1,488.0,500.1,21.6,38.1,0.166
438,-1,767.8,700.5,53.3,50.2,0.114
438,-1,814.9,568.2,24.4,49.5,0.100
438,-1,676.9,557.9,32.7,105.7,0.091
438,-1,752.6,544.3,25.2,73.3,0.085
438,-1,710.8,554.2,22.4,92.0,0.066
438,-1,890.4,567.5,28.8,100.8,0.060
438,-1,405.0,466.2,12.7,31.9,0.058
439,-1,1188.0,649.5,62.7,237.0,0.997
439,-1,1360.8,603.0,69.5,211.3,0.996
439,-1,883.0,558.1,42.7,131.0,0.994
439,-1,837.5,563.9,56.5,140.9,0.993
439,-1,804.8,568.7,38.7,119.2,0.986
439,-1,67.4,919.5,148.4,158.7,0.986
439,-1,1247.8,628.9,102.6,194.3,0.986
439,-1,185.5,850.4,99.0,189.9,0.963
439,-1,783.9,569.5,32.8,107.3,0.947
439,-1,629.6,566.9,41.7,114.0,0.927
439,-1,213.4,995.8,95.8,82.5,0.902
439,-1,692.3,553.0,52.1,122.6,0.901
439,-1,1197.1,614.6,53.2,65.3,0.670
439,-1,0.3,780.0,32.5,298.2,0.660
439,-1,665.4,542.0,39.6,127.6,0.509
439,-1,730.1,551.3,24.3,120.2,0.311
439,-1,0.0,560.3,40.1,519.7,0.290
439,-1,759.3,568.6,21.6,81.7,0.263
439,-1,1202.0,614.9,57.2,118.3,0.258
439,-1,644.4,553.4,48.1,120.3,0.250
439,-1,468.0,500.4,17.8,38.6,0.237
439,-1,0.5,763.3,66.0,314.4,0.199
439,-1,190.5,855.1,66.4,112.9,0.186
439,-1,0.0,783.3,17.1,190.9,0.182
439,-1,1267.7,634.6,69.2,113.0,0.167
439,-1,0.1,773.7,10.7,301.2,0.096
439,-1,207.9,907.1,79.0,117.6,0.086
439,-1,1195.2,638.1,114.5,234.8,0.079
439,-1,1188.3,636.1,57.3,128.9,0.076
439,-1,689.4,551.4,34.7,104.8,0.071
439,-1,684.1,553.9,26.2,112.7,0.057
439,-1,1234.9,655.9,60.3,147.3,0.056
439,-1,672.7,537.5,25.3,91.6,0.051
440,-1,1335.9,603.7,69.2,209.0,0.997
440,-1,1152.9,649.4,84.5,242.4,0.995
440,-1,816.5,562.6,52.5,145.5,0.990
440,-1,860.4,558.4,44.7,133.3,0.988
440,-1,784.0,569.7,40.8,127.3,0.984
440,-1,1244.5,635.2,82.7,189.6,0.981
440,-1,4.2,930.1,143.3,146.8,0.979
440,-1,602.8,563.4,48.2,115.4,0.978
440,-1,127.5,859.4,106.3,193.0,0.963
440,-1,761.0,569.0,33.8,110.9,0.944
440,-1,672.5,549.8,48.4,127.8,0.884
440,-1,155.6,1004.5,95.4,74.4,0.820
440,-1,641.6,541.3,39.7,123.3,0.643
440,-1,1176.2,618.0,52.1,70.9,0.637
440,-1,736.8,570.4,22.0,78.2,0.421
440,-1,691.8,541.5,38.3,95.9,0.274
440,-1,700.8,553.8,53.6,118.4,0.262
440,-1,447.6,499.3,18.9,39.0,0.232
440,-1,1178.8,620.8,57.6,145.2,0.218
440,-1,677.8,548.3,38.9,74.7,0.191
440,-1,132.2,859.4,73.0,131.2,0.156
440,-1,665.4,546.2,29.9,80.5,0.142
440,-1,649.8,538.2,23.7,37.6,0.139
440,-1,729.3,705.8,56.1,45.5,0.132
440,-1,249.0,475.4,15.5,44.6,0.130
440,-1,275.6,482.7,12.2,24.6,0.122
440,-1,1187.2,642.4,121.2,205.9,0.098
440,-1,574.8,518.9,19.0,35.5,0.082
440,-1,1248.0,636.2,66.1,117.1,0.081
440,-1,635.2,554.6,26.2,96.9,0.076
440,-1,1.6,476.5,29.4,105.4,0.063
440,-1,33.5,894.3,176.5,172.5,0.059
440,-1,0.0,984.8,6.3,95.2,0.056
440,-1,9.4,375.5,44.3,49.3,0.055
441,-1,1130.5,660.0,86.2,236.4,0.997
441,-1,1310.7,606.4,72.3,209.7,0.995
441,-1,1216.4,636.7,85.4,190.9,0.992
441,-1,794.0,563.1,53.1,145.8,0.989
441,-1,837.4,558.1,48.5,133.6,0.987
441,-1,760.9,570.0,42.0,129.6,0.982
441,-1,0.0,939.8,83.4,139.2,0.970
441,-1,76.8,867.7,112.4,207.7,0.961
441,-1,578.7,562.4,47.5,117.0,0.932
441,-1,738.3,570.6,33.9,113.4,0.923
441,-1,647.7,545.4,47.2,134.4,0.913
441,-1,615.9,537.4,41.1,124.1,0.735
441,-1,662.9,533.9,42.8,138.9,0.725
441,-1,1153.9,619.1,54.0,73.5,0.668
441,-1,228.6,476.0,14.5,39.7,0.629
441,-1,255.8,485.3,9.4,20.4,0.576
441,-1,1155.1,619.6,65.6,146.4,0.489
441,-1,89.4,1022.4,104.2,57.2,0.420
441,-1,213.8,474.1,15.3,37.4,0.374
441,-1,711.9,567.6,24.8,80.6,0.364
441,-1,637.7,550.7,24.7,121.8,0.314
441,-1,428.9,501.0,16.2,35.3,0.314
441,-1,677.2,534.2,51.1,134.9,0.264
441,-1,73.7,867.7,69.6,164.2,0.242
441,-1,675.6,532.4,31.9,91.8,0.188
441,-1,0.7,373.3,32.7,59.3,0.162
441,-1,94.0,966.7,97.2,108.2,0.137
441,-1,626.1,539.2,24.5,39.7,0.129
441,-1,476.7,500.2,30.4,30.0,0.091
441,-1,0.0,467.3,12.2,78.2,0.089
441,-1,203.6,468.8,13.9,46.3,0.089
441,-1,678.1,530.8,29.5,47.0,0.080
441,-1,224.0,475.6,13.8,36.5,0.076
441,-1,1163.7,659.0,57.5,164.8,0.069
441,-1,243.2,479.0,11.6,25.3,0.067
441,-1,1169.6,624.8,93.1,189.0,0.066
441,-1,551.9,517.0,20.6,39.0,0.064
441,-1,233.8,476.9,13.2,37.5,0.056
441,-1,646.2,549.9,23.3,45.0,0.056
442,-1,1286.3,604.2,71.8,212.7,0.997
442,-1,816.4,558.9,47.8,134.7,0.996
442,-1,1105.2,665.5,91.9,231.3,0.996
442,-1,3.3,876.3,124.4,203.5,0.993
442,-1,1204.5,635.5,73.4,195.5,0.991
442,-1,738.3,570.9,43.5,133.5,0.988
442,-1,770.8,564.8,51.2,143.5,0.974
442,-1,555.5,564.5,45.2,115.1,0.960
442,-1,715.3,570.8,32.5,113.5,0.945
442,-1,1135.5,618.6,60.7,162.9,0.917
442,-1,624.4,552.2,47.6,126.4,0.888
442,-1,688.2,569.8,25.0,82.5,0.620
442,-1,644.5,551.2,36.1,107.4,0.612
442,-1,658.3,560.8,52.6,104.8,0.558
442,-1,593.9,540.6,39.2,122.3,0.381
442,-1,616.5,552.6,22.8,114.1,0.340
442,-1,1133.0,621.2,52.2,82.9,0.334
442,-1,233.7,484.0,10.7,24.0,0.287
442,-1,207.1,475.5,14.4,40.1,0.253
442,-1,193.0,472.2,14.5,40.0,0.214
442,-1,407.3,502.3,14.4,35.4,0.191
442,-1,626.6,533.7,56.4,101.8,0.132
442,-1,621.6,549.5,20.0,37.2,0.125
442,-1,528.8,516.2,22.1,34.3,0.120
442,-1,188.7,482.3,12.6,30.7,0.098
442,-1,454.0,502.4,27.5,26.6,0.066
442,-1,198.3,473.9,13.1,39.3,0.064
443,-1,1080.6,669.9,97.4,228.2,0.997
443,-1,1255.5,607.3,72.6,210.0,0.997
443,-1,794.7,559.9,46.6,134.5,0.996
443,-1,1187.0,636.0,67.1,196.9,0.994
443,-1,714.7,571.9,46.3,132.9,0.976
443,-1,752.2,568.7,43.6,143.0,0.960
443,-1,692.3,573.5,32.7,117.0,0.948
443,-1,531.1,572.2,42.8,111.6,0.924
443,-1,1112.9,623.8,64.1,152.4,0.821
443,-1,609.0,518.9,49.6,146.0,0.799
443,-1,595.5,541.0,48.4,134.9,0.672
443,-1,1112.3,622.8,54.3,84.7,0.555
443,-1,505.3,514.5,24.2,39.4,0.427
443,-1,208.2,479.9,13.6,21.0,0.369
443,-1,646.7,555.9,41.7,114.2,0.340
443,-1,612.3,512.2,45.7,56.3,0.306
443,-1,184.8,476.0,14.4,39.7,0.303
443,-1,591.7,547.8,27.1,114.6,0.282
443,-1,169.6,473.5,16.6,36.1,0.237
443,-1,631.1,513.7,27.1,47.8,0.232
443,-1,343.5,493.6,12.9,28.7,0.230
443,-1,663.6,567.2,26.5,88.2,0.216
443,-1,386.2,500.6,13.6,38.9,0.206
443,-1,195.6,474.7,14.9,28.1,0.155
443,-1,621.6,545.3,62.4,119.3,0.146
443,-1,187.4,477.3,20.3,40.0,0.142
443,-1,0.0,877.2,29.7,179.5,0.135
443,-1,104.3,476.8,18.2,35.9,0.125
443,-1,728.6,541.3,73.2,168.0,0.112
443,-1,598.3,542.6,22.0,33.9,0.099
443,-1,391.2,500.9,18.1,36.3,0.096
443,-1,0.0,885.5,33.2,94.3,0.073
443,-1,571.8,538.1,39.1,124.5,0.072
443,-1,430.3,501.3,26.4,26.6,0.070
443,-1,634.4,512.3,19.8,22.1,0.065
443,-1,201.1,479.4,20.9,31.8,0.062
443,-1,775.4,564.5,48.2,134.8,0.061
443,-1,209.7,484.0,14.1,25.4,0.058
443,-1,554.5,572.6,26.0,97.2,0.054
443,-1,1094.8,638.8,94.9,179.8,0.050
444,-1,1054.2,673.0,96.0,235.5,0.998
444,-1,1231.0,608.3,73.9,210.2,0.997
444,-1,770.9,559.2,48.4,136.3,0.996
444,-1,1165.7,636.2,66.4,199.7,0.991
444,-1,689.6,570.2,46.8,137.8,0.980
444,-1,503.2,572.3,47.3,111.9,0.962
444,-1,724.2,565.3,50.7,146.9,0.953
444,-1,667.5,571.6,37.9,122.1,0.917
444,-1,1090.5,623.3,58.7,137.3,0.884
444,-1,574.1,528.3,56.9,142.2,0.810
444,-1,620.6,560.8,44.9,111.5,0.505
444,-1,482.2,515.0,25.1,36.1,0.439
444,-1,595.6,512.9,39.7,142.4,0.431
444,-1,147.1,472.9,16.9,37.8,0.390
444,-1,638.1,568.3,29.9,89.5,0.306
444,-1,559.4,554.1,25.3,113.6,0.257
444,-1,161.9,475.8,14.0,40.1,0.248
444,-1,584.2,512.4,50.8,79.4,0.233
444,-1,364.9,500.1,19.5,37.5,0.228
444,-1,567.9,550.5,34.0,118.9,0.223
444,-1,673.2,572.8,28.1,70.7,0.223
444,-1,187.6,479.5,12.6,23.0,0.203
444,-1,600.0,523.9,60.5,143.4,0.198
444,-1,318.0,490.1,17.3,31.5,0.193
444,-1,609.0,513.3,24.8,49.1,0.173
444,-1,80.8,478.3,16.4,33.4,0.148
444,-1,1091.1,624.9,47.0,81.2,0.140
444,-1,411.1,501.1,27.0,26.8,0.098
444,-1,157.5,474.4,12.8,37.1,0.090
444,-1,607.6,515.8,27.5,85.1,0.089
444,-1,801.5,593.8,26.5,96.2,0.082
444,-1,532.4,576.1,22.7,86.9,0.081
444,-1,70.7,472.5,15.2,38.2,0.072
444,-1,137.2,467.8,15.4,46.0,0.072
444,-1,1353.2,402.6,139.3,68.8,0.072
444,-1,173.5,475.8,13.9,27.6,0.072
444,-1,167.3,476.1,21.2,37.5,0.059
444,-1,610.8,511.4,20.2,22.2,0.056
444,-1,575.5,564.4,43.6,83.8,0.055
445,-1,1026.9,672.4,93.9,238.3,0.997
445,-1,1210.0,612.5,73.5,210.3,0.995
445,-1,1141.9,638.3,67.9,201.2,0.994
445,-1,663.7,571.9,45.2,145.1,0.993
445,-1,750.3,559.0,39.2,136.9,0.989
445,-1,1067.6,622.4,59.8,147.6,0.972
445,-1,479.7,573.8,41.2,111.9,0.960
445,-1,701.0,566.9,52.1,143.9,0.926
445,-1,643.1,572.0,38.0,124.7,0.921
445,-1,552.0,515.1,56.4,153.9,0.899
445,-1,674.3,541.5,73.5,173.9,0.625
445,-1,125.4,472.8,16.8,38.9,0.563
445,-1,139.5,475.8,14.0,37.9,0.512
445,-1,602.4,565.5,38.7,107.9,0.447
445,-1,27.9,477.6,20.0,27.7,0.441
445,-1,163.9,477.4,13.7,25.9,0.352
445,-1,457.3,515.5,27.1,36.5,0.304
445,-1,617.4,569.8,25.0,83.3,0.218
445,-1,1003.6,595.6,43.4,106.7,0.210
445,-1,573.8,544.1,61.5,128.5,0.201
445,-1,299.7,492.2,13.6,30.3,0.165
445,-1,342.8,500.2,22.3,37.4,0.163
445,-1,538.7,538.1,42.6,135.0,0.162
445,-1,957.9,629.8,30.3,79.3,0.158
445,-1,536.1,564.2,23.3,105.1,0.147
445,-1,391.6,503.4,26.1,25.9,0.145
445,-1,650.5,572.4,26.0,67.1,0.133
445,-1,144.0,476.1,20.4,35.9,0.129
445,-1,112.0,468.0,16.0,46.4,0.116
445,-1,151.7,474.7,14.6,28.8,0.113
445,-1,58.3,477.7,15.4,34.6,0.111
445,-1,133.2,473.5,13.3,35.4,0.110
445,-1,584.8,511.9,24.3,50.0,0.092
445,-1,47.6,472.3,15.8,38.3,0.088
445,-1,578.8,525.4,29.6,130.8,0.086
445,-1,157.1,475.2,16.2,28.4,0.082
445,-1,519.0,550.7,40.2,120.5,0.080
445,-1,1352.4,408.0,118.9,60.5,0.071
445,-1,506.6,574.9,24.5,86.8,0.067
445,-1,557.3,512.7,52.1,64.5,0.066
445,-1,1067.8,624.5,50.2,79.2,0.058
446,-1,1001.1,668.7,91.8,252.9,0.996
446,-1,1176.5,609.1,77.6,217.6,0.995
446,-1,635.4,573.9,50.8,144.2,0.991
446,-1,1118.0,639.4,67.8,201.6,0.989
446,-1,451.1,574.4,49.4,112.1,0.967
446,-1,672.9,569.0,48.9,146.0,0.959
446,-1,614.7,573.8,38.2,127.6,0.947
446,-1,1045.3,619.6,72.6,160.7,0.900
446,-1,536.3,514.8,47.5,157.0,0.838
446,-1,584.6,567.2,29.4,104.4,0.710
446,-1,517.4,552.5,40.7,128.3,0.597
446,-1,431.7,513.7,29.2,36.1,0.429
446,-1,575.3,534.1,43.5,142.0,0.360
446,-1,115.9,475.7,14.0,40.1,0.279
446,-1,103.5,473.8,15.3,39.8,0.272
446,-1,140.1,479.4,15.7,24.7,0.186
446,-1,560.5,513.4,24.4,42.8,0.179
446,-1,510.7,557.8,26.5,111.6,0.170
446,-1,1044.1,618.3,60.9,91.7,0.166
446,-1,275.6,490.3,15.1,32.3,0.162
446,-1,318.2,500.0,18.9,37.4,0.160
446,-1,35.3,477.9,12.8,36.4,0.138
446,-1,690.3,575.5,47.7,132.0,0.112
446,-1,89.7,471.0,14.9,44.3,0.102
446,-1,722.8,567.5,21.0,107.5,0.101
446,-1,25.8,471.9,14.4,39.7,0.101
446,-1,530.1,527.0,91.5,151.7,0.087
446,-1,486.5,576.4,21.7,85.9,0.086
446,-1,364.9,500.1,27.7,28.2,0.086
446,-1,111.0,474.4,12.4,34.8,0.084
446,-1,495.3,562.0,36.3,106.2,0.062
446,-1,88.1,462.5,11.3,17.6,0.059
446,-1,325.1,500.3,20.0,37.4,0.058
446,-1,633.0,547.2,102.9,170.4,0.055
446,-1,596.7,580.2,28.0,79.4,0.052
447,-1,1153.9,608.7,68.9,215.3,0.998
447,-1,1096.0,640.7,66.1,199.2,0.994
447,-1,970.0,663.7,89.0,264.2,0.993
447,-1,613.6,573.2,47.6,144.0,0.971
447,-1,1018.4,619.3,85.4,205.7,0.963
447,-1,424.7,572.1,51.2,117.1,0.961
447,-1,587.5,572.8,41.5,130.8,0.931
447,-1,653.7,568.9,39.3,145.4,0.887
447,-1,498.6,561.5,36.5,108.4,0.764
447,-1,514.8,518.0,46.3,150.8,0.758
447,-1,725.3,576.9,29.6,117.5,0.706
447,-1,523.9,563.0,30.3,105.2,0.601
447,-1,552.2,555.6,36.6,118.7,0.528
447,-1,407.1,513.9,33.1,36.0,0.421
447,-1,120.1,480.1,11.8,22.4,0.400
447,-1,91.7,476.8,14.6,37.9,0.301
447,-1,79.6,472.1,17.0,40.9,0.277
447,-1,528.1,549.4,51.4,124.9,0.259
447,-1,517.1,511.6,44.3,57.5,0.211
447,-1,535.9,513.4,24.4,34.6,0.171
447,-1,686.7,576.4,64.5,125.0,0.160
447,-1,725.1,579.7,26.2,62.1,0.141
447,-1,488.1,559.0,31.7,101.7,0.131
447,-1,253.8,491.7,13.7,31.2,0.108
447,-1,297.4,500.6,17.4,37.7,0.104
447,-1,1021.3,622.5,63.2,133.8,0.102
447,-1,116.2,482.2,18.6,30.0,0.101
447,-1,605.4,578.5,34.5,123.7,0.083
447,-1,644.5,542.4,72.8,174.8,0.081
447,-1,568.7,564.7,24.7,88.5,0.068
447,-1,500.2,517.8,95.7,159.8,0.067
447,-1,579.5,578.7,21.8,82.7,0.060
447,-1,64.8,467.9,15.1,45.3,0.060
447,-1,105.2,475.9,13.9,27.3,0.055
448,-1,1130.9,607.3,63.6,216.0,0.999
448,-1,1072.4,640.3,69.1,206.7,0.995
448,-1,942.5,666.0,89.7,268.4,0.995
448,-1,680.2,558.2,47.8,137.5,0.983
448,-1,399.2,572.8,47.6,116.3,0.947
448,-1,587.4,570.9,49.8,144.1,0.938
448,-1,994.7,618.0,84.7,212.6,0.924
448,-1,561.4,573.1,40.9,131.2,0.887
448,-1,490.2,503.7,52.6,168.1,0.845
448,-1,499.1,562.0,28.2,103.2,0.649
448,-1,382.2,513.5,32.7,53.8,0.574
448,-1,467.4,551.3,40.3,120.0,0.555
448,-1,1092.2,620.9,81.7,216.0,0.422
448,-1,55.4,473.3,14.1,39.0,0.414
448,-1,67.5,474.2,14.8,39.7,0.390
448,-1,89.9,476.0,19.2,22.4,0.374
448,-1,530.8,556.0,34.9,120.6,0.300
448,-1,996.9,617.8,65.2,84.3,0.278
448,-1,490.9,503.3,51.2,64.5,0.264
448,-1,39.4,463.9,14.8,48.9,0.260
448,-1,231.1,490.0,13.1,31.2,0.201
448,-1,511.1,532.1,50.1,142.9,0.173
448,-1,64.5,471.6,13.1,37.8,0.168
448,-1,1895.0,850.1,25.0,124.1,0.155
448,-1,454.8,556.9,29.7,102.1,0.106
448,-1,610.5,570.3,34.2,138.2,0.100
448,-1,273.4,499.2,16.9,39.3,0.079
448,-1,81.5,471.9,15.2,28.5,0.077
448,-1,547.3,574.4,18.5,73.7,0.070
448,-1,427.4,576.6,23.1,85.5,0.064
449,-1,909.9,667.2,94.3,266.7,0.995
449,-1,1044.6,641.5,74.3,210.0,0.993
449,-1,1103.4,603.1,60.4,221.4,0.990
449,-1,653.6,559.9,50.5,134.7,0.987
449,-1,1864.3,820.6,55.2,248.8,0.974
449,-1,369.0,567.9,54.0,121.5,0.972
449,-1,538.1,567.1,45.1,141.8,0.940
449,-1,971.2,622.0,61.9,161.1,0.928
449,-1,623.5,582.5,23.0,118.8,0.733
449,-1,465.4,511.5,52.7,161.2,0.727
449,-1,501.7,539.7,40.0,133.0,0.704
449,-1,563.2,575.8,31.2,130.2,0.642
449,-1,357.9,511.9,33.1,59.7,0.638
449,-1,443.6,554.6,40.2,128.6,0.616
449,-1,30.7,466.2,17.3,44.2,0.596
449,-1,571.3,582.3,22.1,89.6,0.592
449,-1,571.6,583.0,74.3,134.5,0.478
449,-1,468.4,550.7,34.7,116.4,0.478
449,-1,66.8,474.4,19.7,24.3,0.376
449,-1,43.9,473.8,15.8,39.5,0.373
449,-1,207.9,489.7,13.5,30.8,0.291
449,-1,623.9,579.6,20.1,68.0,0.285
449,-1,457.1,505.2,62.0,71.8,0.282
449,-1,429.2,554.4,33.1,107.1,0.225
449,-1,1104.8,607.1,27.9,126.5,0.171
449,-1,966.2,621.4,53.9,100.7,0.163
449,-1,624.2,580.0,17.8,34.7,0.125
449,-1,16.0,463.4,15.5,50.1,0.100
449,-1,411.5,548.2,46.4,127.1,0.096
449,-1,514.9,564.2,27.3,89.4,0.089
449,-1,40.4,470.5,13.4,39.7,0.087
449,-1,985.8,619.5,52.1,83.3,0.075
449,-1,475.3,504.2,38.1,57.2,0.058
450,-1,1834.4,781.0,85.5,295.7,0.998
450,-1,882.5,670.3,96.5,277.9,0.997
450,-1,1017.1,644.8,79.4,211.9,0.987
450,-1,1063.7,605.1,66.5,225.2,0.985
450,-1,630.2,556.7,49.9,137.8,0.979
450,-1,339.5,565.6,55.5,121.4,0.967
450,-1,944.0,617.2,72.0,217.3,0.960
450,-1,467.8,498.6,152.8,216.3,0.838
450,-1,406.8,556.8,47.4,124.8,0.803
450,-1,573.0,525.9,49.0,187.9,0.764
450,-1,331.3,509.1,34.7,58.6,0.629
450,-1,412.1,510.9,75.7,165.9,0.604
450,-1,439.2,558.6,33.0,106.0,0.476
450,-1,441.6,515.5,66.2,157.7,0.429
450,-1,505.3,566.1,37.3,147.8,0.275
450,-1,425.0,557.9,38.2,112.8,0.171
450,-1,445.5,514.7,44.8,50.9,0.171
450,-1,415.2,509.9,75.3,68.5,0.168
450,-1,40.8,473.8,18.9,25.0,0.164
450,-1,388.5,541.9,39.7,133.4,0.159
450,-1,12.1,467.9,14.6,41.9,0.146
450,-1,19.0,471.8,14.2,34.5,0.113
450,-1,946.3,616.0,64.1,113.0,0.098
450,-1,6.2,469.9,15.2,39.6,0.094
450,-1,963.5,617.1,55.8,84.3,0.071
450,-1,1066.8,603.6,55.4,130.2,0.064
451,-1,1803.0,777.8,117.0,295.6,0.999
451,-1,849.0,679.5,87.1,272.1,0.995
451,-1,607.8,558.4,47.4,138.5,0.994
451,-1,987.8,647.4,86.9,209.0,0.993
451,-1,1041.3,601.7,58.5,228.8,0.988
451,-1,521.7,568.6,28.9,148.5,0.987
451,-1,918.9,618.7,68.5,214.7,0.984
451,-1,310.8,566.5,54.6,123.6,0.957
451,-1,551.1,572.0,40.8,144.9,0.720
451,-1,304.6,508.2,34.8,50.6,0.659
451,-1,378.3,546.5,53.2,138.9,0.568
451,-1,416.3,561.5,27.7,97.0,0.545
451,-1,451.0,548.1,28.9,127.2,0.469
451,-1,425.1,513.3,54.5,162.8,0.381
451,-1,520.4,558.6,67.8,158.6,0.357
451,-1,394.4,558.3,52.0,123.6,0.339
451,-1,385.7,513.4,76.4,171.6,0.259
451,-1,949.0,626.2,89.6,219.2,0.248
451,-1,20.8,471.7,12.9,28.9,0.166
451,-1,365.3,543.9,36.1,134.0,0.166
451,-1,518.7,564.2,41.6,81.0,0.095
451,-1,555.1,569.4,30.5,87.1,0.072
451,-1,997.5,645.8,69.9,123.1,0.061
451,-1,243.0,498.0,23.5,27.4,0.057
451,-1,423.1,509.7,43.2,59.5,0.053
451,-1,529.9,526.7,54.7,127.7,0.050
452,-1,1771.3,780.2,146.9,294.4,0.999
452,-1,818.0,683.9,99.7,279.1,0.995
452,-1,967.0,648.1,79.3,208.2,0.991
452,-1,897.4,618.9,66.5,217.5,0.991
452,-1,581.3,557.8,46.0,137.6,0.986
452,-1,1006.4,602.1,64.3,229.8,0.980
452,-1,484.9,567.3,43.5,155.2,0.946
452,-1,281.9,564.6,53.9,125.3,0.897
452,-1,521.2,562.6,44.6,149.7,0.826
452,-1,458.8,570.4,33.4,131.2,0.811
452,-1,278.2,507.7,33.3,54.2,0.695
452,-1,345.4,535.2,57.3,148.3,0.507
452,-1,380.0,508.0,40.8,168.0,0.475
452,-1,379.6,503.9,39.6,64.1,0.204
452,-1,328.0,542.3,42.7,131.6,0.147
452,-1,506.4,522.1,54.5,129.2,0.121
452,-1,524.4,566.3,36.4,79.8,0.118
452,-1,1007.7,611.5,56.6,122.6,0.113
452,-1,473.5,578.6,34.0,135.2,0.109
452,-1,495.4,561.2,46.7,83.7,0.100
452,-1,1013.3,607.7,34.9,38.2,0.080
452,-1,539.9,562.6,25.1,80.3,0.078
452,-1,299.4,556.0,63.9,127.7,0.076
452,-1,974.6,644.3,69.4,116.4,0.073
452,-1,493.2,549.5,64.4,163.7,0.069
452,-1,771.5,585.3,37.9,126.2,0.067
452,-1,351.6,503.8,65.1,76.2,0.061
452,-1,774.6,634.8,31.1,74.6,0.060
452,-1,1175.6,398.2,118.5,66.8,0.051
453,-1,1741.5,774.0,178.5,299.2,0.999
453,-1,783.4,688.7,106.6,275.8,0.995
453,-1,941.4,638.6,79.5,222.7,0.993
453,-1,556.8,557.9,37.2,129.2,0.987
453,-1,871.4,628.3,78.5,200.2,0.981
453,-1,454.5,568.9,46.4,157.2,0.957
453,-1,984.5,611.4,55.6,221.0,0.935
453,-1,425.0,570.7,44.9,154.0,0.927
453,-1,256.3,568.4,47.0,121.7,0.905
453,-1,256.9,510.2,28.8,58.1,0.673
453,-1,494.1,564.0,42.5,152.2,0.571
453,-1,309.3,546.4,41.2,125.9,0.512
453,-1,397.6,556.1,25.3,115.9,0.404
453,-1,982.8,608.4,50.4,129.3,0.333
453,-1,511.0,563.8,37.8,147.0,0.293
453,-1,320.7,550.2,37.6,81.1,0.260
453,-1,516.3,562.0,22.3,70.1,0.182
453,-1,747.1,630.7,31.1,81.6,0.180
453,-1,474.4,565.5,34.1,157.1,0.176
453,-1,505.6,564.1,33.5,98.7,0.134
453,-1,393.5,511.5,21.4,44.8,0.125
453,-1,447.9,590.4,33.7,130.6,0.098
453,-1,1130.4,395.4,137.1,72.4,0.095
453,-1,401.4,561.4,31.5,77.7,0.075
453,-1,325.1,549.4,22.1,28.9,0.063
453,-1,469.6,563.1,48.1,84.1,0.061
453,-1,399.2,556.2,22.8,62.3,0.055
453,-1,573.2,574.6,34.9,120.8,0.054
453,-1,71.9,460.7,12.2,32.2,0.050
454,-1,1709.5,773.8,189.4,303.6,1.000
454,-1,750.6,694.2,97.3,272.1,0.997
454,-1,912.3,638.0,77.9,224.1,0.989
454,-1,528.0,557.8,51.2,144.5,0.988
454,-1,430.7,567.8,41.8,157.6,0.982
454,-1,839.9,631.1,84.4,187.8,0.972
454,-1,221.1,566.2,55.2,128.0,0.971
454,-1,393.5,571.0,45.4,157.1,0.961
454,-1,473.2,560.7,43.1,156.1,0.958
454,-1,949.7,609.8,66.1,211.4,0.911
454,-1,362.6,566.0,27.5,102.9,0.794
454,-1,404.4,567.7,56.5,163.0,0.742
454,-1,230.5,509.2,25.3,46.2,0.665
454,-1,482.2,562.0,29.4,83.0,0.494
454,-1,717.1,622.6,33.0,94.3,0.224
454,-1,332.3,561.0,25.6,111.2,0.209
454,-1,489.1,562.4,22.8,50.6,0.193
454,-1,407.5,573.7,29.9,94.4,0.116
454,-1,948.5,607.9,59.1,121.9,0.114
454,-1,424.8,589.1,33.9,129.5,0.084
454,-1,1102.8,395.0,136.6,70.5,0.065
454,-1,330.6,516.3,38.1,159.6,0.058
454,-1,345.1,550.7,52.8,121.4,0.057
454,-1,370.4,571.4,29.4,92.4,0.054
455,-1,1678.3,774.4,188.2,302.0,1.000
455,-1,714.3,696.3,87.0,280.4,0.997
455,-1,888.6,623.5,80.5,241.9,0.997
455,-1,501.1,558.3,56.1,147.7,0.995
455,-1,403.0,569.3,42.5,162.4,0.989
455,-1,810.0,631.8,89.7,219.2,0.988
455,-1,442.8,564.2,45.1,157.9,0.981
455,-1,366.9,575.1,43.9,154.7,0.964
455,-1,188.9,563.8,38.9,130.3,0.836
455,-1,331.7,567.4,29.7,105.4,0.712
455,-1,919.1,612.2,68.8,124.0,0.639
455,-1,915.3,617.4,69.6,222.2,0.549
455,-1,281.8,553.1,44.8,117.7,0.532
455,-1,377.1,570.9,60.2,166.4,0.515
455,-1,265.7,555.2,44.8,111.9,0.368
455,-1,321.5,523.4,41.5,151.9,0.346
455,-1,266.2,553.3,31.2,66.4,0.201
455,-1,736.7,600.0,44.6,111.9,0.182
455,-1,290.2,558.6,34.2,75.0,0.172
455,-1,528.6,572.3,29.2,119.6,0.126
455,-1,296.3,556.5,60.0,118.4,0.091
455,-1,271.7,566.9,43.5,65.3,0.090
455,-1,462.0,600.6,33.5,112.4,0.083
455,-1,423.2,576.1,28.7,145.1,0.081
455,-1,334.9,520.0,22.4,36.7,0.061
456,-1,1644.6,766.0,189.0,313.2,1.000
456,-1,680.3,692.7,88.5,304.9,0.998
456,-1,859.6,632.2,79.3,241.1,0.997
456,-1,372.1,568.1,45.2,168.9,0.994
456,-1,472.8,557.5,65.7,150.6,0.994
456,-1,410.7,563.6,61.2,156.6,0.989
456,-1,782.2,642.5,71.8,198.3,0.988
456,-1,338.2,575.2,54.6,157.3,0.969
456,-1,887.0,616.2,67.2,129.8,0.919
456,-1,223.5,551.2,53.6,123.6,0.856
456,-1,298.8,559.4,36.8,116.9,0.794
456,-1,262.5,560.5,29.4,111.6,0.598
456,-1,225.6,551.7,49.6,62.9,0.200
456,-1,659.1,625.4,31.8,94.4,0.159
456,-1,706.3,600.9,44.1,113.5,0.151
456,-1,306.2,518.1,22.5,37.6,0.145
456,-1,392.3,574.7,28.9,145.6,0.120
456,-1,892.5,655.7,41.3,69.9,0.110
456,-1,209.9,550.2,36.0,122.6,0.080
456,-1,1049.4,398.9,135.5,73.5,0.065
456,-1,261.0,558.0,29.9,43.6,0.053
457,-1,1608.0,767.2,193.0,310.3,0.999
457,-1,827.8,618.1,86.0,261.1,0.999
457,-1,640.2,690.0,90.6,321.4,0.996
457,-1,441.4,555.3,70.2,156.9,0.991
457,-1,753.5,636.6,85.2,208.0,0.983
457,-1,304.6,575.8,72.0,163.9,0.974
457,-1,383.2,568.1,62.5,152.8,0.970
457,-1,337.5,571.5,49.0,163.8,0.931
457,-1,124.0,568.1,52.0,132.9,0.930
457,-1,190.2,552.3,52.9,129.0,0.874
457,-1,232.5,561.1,28.7,111.2,0.681
457,-1,257.7,522.4,47.0,155.5,0.643
457,-1,853.1,620.9,60.0,106.6,0.615
457,-1,785.8,630.9,83.0,235.9,0.568
457,-1,268.4,562.6,31.6,113.3,0.545
457,-1,182.8,553.1,26.0,116.8,0.419
457,-1,267.1,521.9,39.9,57.3,0.283
457,-1,187.7,552.9,20.1,39.3,0.229
457,-1,191.8,552.2,47.1,71.9,0.213
457,-1,343.4,570.6,38.4,101.3,0.175
457,-1,274.3,519.1,28.2,44.5,0.164
457,-1,228.5,553.4,30.6,41.3,0.135
457,-1,229.4,544.5,30.0,33.9,0.060
457,-1,206.6,551.8,22.8,27.4,0.059
457,-1,228.9,554.5,60.5,119.0,0.051
458,-1,1573.4,764.3,193.2,312.4,0.999
458,-1,796.7,628.6,84.8,254.7,0.997
458,-1,599.5,693.3,94.5,326.9,0.993
458,-1,415.1,558.5,69.8,150.9,0.989
458,-1,723.4,640.3,72.2,212.7,0.986
458,-1,349.2,565.0,69.1,161.8,0.970
458,-1,273.3,577.7,73.3,160.5,0.969
458,-1,95.5,567.2,50.1,134.2,0.959
458,-1,312.6,570.0,44.9,167.3,0.929
458,-1,158.5,554.2,50.1,148.5,0.899
458,-1,235.2,561.8,31.8,111.0,0.837
458,-1,818.4,624.4,59.5,90.2,0.776
458,-1,197.4,557.6,32.5,119.1,0.705
458,-1,386.8,561.0,69.9,157.1,0.393
458,-1,250.0,519.2,19.8,38.1,0.211
458,-1,604.0,701.0,81.5,157.3,0.204
458,-1,334.8,576.2,27.8,148.5,0.170
458,-1,374.2,567.3,27.7,66.5,0.159
458,-1,204.6,556.0,56.5,122.9,0.120
458,-1,163.0,553.7,44.3,76.2,0.115
458,-1,288.3,578.4,30.0,80.5,0.091
458,-1,156.3,555.9,29.3,80.0,0.078
458,-1,646.1,705.9,45.1,132.1,0.077
458,-1,1006.7,400.5,122.1,69.3,0.069
458,-1,174.1,555.1,50.2,108.8,0.068
459,-1,1539.7,764.0,195.0,311.0,0.999
459,-1,560.5,700.1,93.8,331.4,0.998
459,-1,765.9,637.3,86.1,251.5,0.995
459,-1,318.9,568.4,75.5,163.3,0.986
459,-1,386.6,562.9,69.5,150.3,0.984
459,-1,691.6,650.8,66.4,202.5,0.979
459,-1,278.0,574.8,49.4,166.5,0.969
459,-1,239.7,580.9,49.3,161.1,0.956
459,-1,56.4,571.4,53.8,130.5,0.925
459,-1,785.4,626.7,58.7,91.9,0.893
459,-1,122.8,561.0,48.9,145.5,0.649
459,-1,197.9,553.0,45.8,125.8,0.607
459,-1,162.8,560.2,31.2,114.9,0.466
459,-1,125.7,555.1,47.2,85.5,0.357
459,-1,299.2,582.3,30.8,144.5,0.223
459,-1,213.5,522.6,33.8,45.5,0.195
459,-1,202.6,526.7,48.8,77.9,0.107
459,-1,218.9,521.3,20.7,38.6,0.102
459,-1,343.1,567.1,28.8,58.5,0.097
459,-1,228.4,579.0,96.0,166.2,0.081
459,-1,120.2,557.3,29.5,70.6,0.072
459,-1,280.1,578.9,39.5,100.1,0.064
459,-1,169.1,547.1,59.9,129.1,0.061
459,-1,165.6,539.5,27.8,43.9,0.056
459,-1,148.1,555.1,42.7,88.1,0.056
460,-1,1506.2,767.9,191.1,310.7,0.999
460,-1,514.0,711.0,96.9,338.7,0.999
460,-1,734.5,626.2,88.7,267.6,0.998
460,-1,286.9,574.4,76.6,157.2,0.990
460,-1,352.7,565.1,69.5,148.0,0.983
460,-1,205.4,581.7,80.6,162.0,0.974
460,-1,658.4,650.8,68.3,205.9,0.969
460,-1,19.0,570.5,54.5,136.0,0.958
460,-1,252.6,578.1,39.9,132.9,0.930
460,-1,750.5,631.3,60.1,88.0,0.560
460,-1,86.5,617.3,51.4,92.1,0.501
460,-1,162.8,542.6,49.3,138.6,0.328
460,-1,277.0,582.6,25.3,144.0,0.316
460,-1,85.7,558.6,55.1,119.5,0.267
460,-1,188.0,520.7,24.9,38.9,0.266
460,-1,180.8,522.8,36.9,49.9,0.176
460,-1,271.3,578.6,54.2,158.6,0.166
460,-1,91.7,556.1,44.4,66.7,0.088
460,-1,146.3,517.5,60.7,64.1,0.084
461,-1,1473.9,771.8,188.3,307.3,1.000
461,-1,468.8,726.3,102.3,330.8,0.999
461,-1,701.6,631.9,89.8,268.4,0.998
461,-1,321.9,566.4,67.9,152.3,0.986
461,-1,625.4,650.7,66.7,215.0,0.985
461,-1,252.9,574.5,76.7,160.7,0.982
461,-1,170.2,584.4,79.9,164.6,0.965
461,-1,0.0,570.2,38.3,140.2,0.949
461,-1,218.1,582.8,41.9,137.0,0.930
461,-1,715.5,634.2,55.7,64.1,0.673
461,-1,155.7,522.5,31.3,42.2,0.602
461,-1,129.7,565.4,43.0,118.4,0.518
461,-1,48.0,568.9,60.0,131.6,0.434
461,-1,54.4,557.9,49.5,82.7,0.366
461,-1,707.7,634.4,69.3,114.9,0.269
461,-1,101.0,573.7,27.2,104.2,0.250
461,-1,134.1,521.7,27.1,52.8,0.250
461,-1,53.4,619.9,48.3,88.6,0.243
461,-1,93.8,525.2,33.4,45.3,0.189
461,-1,213.9,576.7,82.1,168.0,0.173
461,-1,242.9,595.3,27.9,135.6,0.139
461,-1,500.1,644.5,37.0,94.1,0.114
461,-1,91.3,525.7,38.7,122.5,0.098
461,-1,102.0,553.5,41.7,128.3,0.074
461,-1,638.2,639.9,109.5,247.0,0.059
462,-1,1440.0,778.8,185.0,295.6,1.000
462,-1,422.6,730.4,110.2,338.0,0.999
462,-1,664.7,633.2,95.5,272.3,0.998
462,-1,592.2,651.9,66.8,217.4,0.991
462,-1,219.4,574.8,75.7,165.8,0.982
462,-1,136.8,586.7,64.1,162.0,0.969
462,-1,180.9,580.9,52.5,171.0,0.967
462,-1,286.3,571.1,73.4,148.6,0.965
462,-1,100.7,573.3,37.5,114.8,0.718
462,-1,12.3,561.7,62.8,144.6,0.645
462,-1,126.4,522.9,26.7,43.8,0.502
462,-1,66.1,569.6,28.2,112.5,0.465
462,-1,672.2,634.2,68.2,71.3,0.424
462,-1,518.8,617.5,43.4,115.0,0.274
462,-1,207.4,587.0,35.7,151.5,0.249
462,-1,0.0,545.2,14.5,136.6,0.221
462,-1,13.3,559.1,52.6,86.4,0.218
462,-1,471.1,638.6,33.2,100.6,0.212
462,-1,60.7,526.0,28.6,44.2,0.173
462,-1,105.0,521.5,25.7,54.2,0.146
462,-1,18.2,619.4,43.6,95.1,0.120
462,-1,662.8,648.1,58.1,203.3,0.098
462,-1,670.0,636.3,74.6,170.3,0.082
462,-1,69.8,549.5,41.0,136.6,0.066
462,-1,88.9,528.3,57.9,161.6,0.065
462,-1,895.3,406.1,73.9,70.4,0.051
463,-1,1402.9,789.7,189.6,283.2,0.999
463,-1,376.8,747.4,129.6,328.7,0.996
463,-1,635.4,659.2,105.7,253.3,0.996
463,-1,558.6,651.8,76.9,236.8,0.990
463,-1,191.6,576.0,72.0,164.1,0.983
463,-1,259.9,572.9,68.4,144.9,0.976
463,-1,97.7,588.7,61.3,163.2,0.966
463,-1,144.4,584.1,53.4,171.2,0.966
463,-1,93.1,523.3,32.5,41.5,0.762
463,-1,632.0,639.2,70.1,78.1,0.681
463,-1,62.5,574.9,48.3,121.0,0.653
463,-1,72.5,524.6,27.9,53.7,0.507
463,-1,151.5,586.2,39.2,112.0,0.459
463,-1,624.7,639.4,83.6,225.5,0.369
463,-1,0.3,560.4,38.0,105.1,0.282
463,-1,24.9,569.8,29.4,113.4,0.196
463,-1,62.7,525.3,28.1,51.9,0.182
463,-1,778.1,612.4,32.5,119.0,0.145
463,-1,0.1,548.1,32.2,36.3,0.136
463,-1,172.0,584.0,49.5,152.4,0.098
463,-1,31.1,526.9,22.5,43.1,0.090
463,-1,0.3,558.5,23.3,152.8,0.084
463,-1,2.6,543.3,48.2,48.1,0.084
463,-1,620.1,647.3,49.7,208.0,0.080
463,-1,33.9,574.8,21.2,43.9,0.076
463,-1,30.3,559.9,47.6,128.7,0.064
463,-1,97.9,526.1,32.9,59.1,0.062
463,-1,180.4,600.3,28.5,123.1,0.060
463,-1,297.9,589.7,32.5,127.8,0.060
464,-1,1372.4,803.2,176.9,272.7,0.999
464,-1,597.7,660.0,113.2,252.7,0.998
464,-1,328.0,757.5,143.2,292.0,0.995
464,-1,523.0,659.2,78.2,242.2,0.995
464,-1,160.2,577.2,55.7,158.6,0.980
464,-1,60.0,590.2,64.9,166.1,0.977
464,-1,110.4,586.1,52.8,172.4,0.971
464,-1,225.5,571.1,72.5,153.3,0.910
464,-1,594.9,641.3,72.7,84.1,0.751
464,-1,61.1,524.4,28.4,42.8,0.721
464,-1,24.4,571.3,46.2,120.4,0.434
464,-1,591.1,647.9,75.1,149.1,0.341
464,-1,39.5,523.6,27.5,48.0,0.313
464,-1,135.6,585.9,45.8,156.8,0.177
464,-1,0.0,573.1,17.4,116.2,0.148
464,-1,112.3,588.3,41.5,104.4,0.146
464,-1,449.2,621.1,44.8,121.4,0.143
464,-1,331.1,761.0,78.0,247.5,0.136
464,-1,28.7,525.1,23.2,40.7,0.090
464,-1,95.3,591.5,32.8,79.9,0.085
464,-1,259.6,592.8,42.0,128.5,0.062
465,-1,1334.4,814.1,188.2,262.0,1.000
465,-1,561.9,673.5,121.0,250.0,0.999
465,-1,486.3,658.3,86.7,250.3,0.997
465,-1,278.1,762.5,157.0,307.6,0.992
465,-1,121.6,577.1,62.6,159.1,0.976
465,-1,185.4,574.2,82.8,159.1,0.972
465,-1,69.7,586.2,60.6,176.6,0.950
465,-1,24.2,587.2,63.6,171.1,0.947
465,-1,552.3,644.9,69.6,90.0,0.849
465,-1,28.1,524.0,29.4,45.9,0.672
465,-1,0.0,577.5,32.0,117.2,0.606
465,-1,550.8,647.7,62.4,183.5,0.510
465,-1,81.3,588.2,39.6,98.7,0.467
465,-1,6.0,525.4,26.8,48.7,0.413
465,-1,55.0,587.9,37.1,87.6,0.210
465,-1,94.9,587.7,50.6,155.9,0.127
465,-1,280.4,765.1,84.5,274.5,0.115
465,-1,110.8,606.5,30.6,121.2,0.108
465,-1,37.1,524.6,26.7,39.1,0.087
465,-1,15.8,525.0,24.4,39.6,0.084
465,-1,0.0,535.8,16.3,40.2,0.083
465,-1,565.3,679.0,87.4,142.1,0.079
465,-1,46.0,527.7,19.1,49.2,0.075
465,-1,1.8,553.0,50.1,145.1,0.060
465,-1,119.8,594.9,40.7,129.4,0.057
466,-1,1298.1,829.4,182.4,246.2,0.999
466,-1,223.4,766.7,164.8,299.7,0.996
466,-1,525.0,673.8,121.1,255.6,0.995
466,-1,95.9,574.8,54.2,170.7,0.988
466,-1,451.7,661.2,91.1,236.0,0.988
466,-1,159.9,575.4,74.7,161.1,0.981
466,-1,11.9,587.6,68.8,178.0,0.942
466,-1,0.3,524.2,24.1,42.0,0.694
466,-1,43.8,591.4,41.9,103.0,0.677
466,-1,513.3,649.1,65.6,100.8,0.650
466,-1,508.3,654.0,70.8,191.4,0.592
466,-1,42.3,589.9,56.0,166.4,0.513
466,-1,0.6,593.5,51.9,167.0,0.487
466,-1,68.8,606.9,31.8,131.4,0.296
466,-1,2.2,527.2,28.9,59.8,0.194
466,-1,20.6,588.8,35.0,113.6,0.125
466,-1,475.0,664.6,38.6,74.1,0.083
466,-1,3.7,524.4,18.2,18.7,0.075
466,-1,532.3,680.2,84.2,118.2,0.072
466,-1,0.1,600.8,24.6,151.6,0.055
466,-1,573.7,685.4,40.6,77.4,0.051
466,-1,377.9,630.3,46.2,118.0,0.051
466,-1,0.0,584.5,30.1,256.3,0.051
467,-1,1267.1,842.4,182.0,232.4,0.999
467,-1,494.1,684.3,113.6,251.4,0.997
467,-1,171.4,762.8,107.7,312.0,0.992
467,-1,413.2,661.3,87.0,250.0,0.990
467,-1,55.9,575.0,56.1,175.0,0.988
467,-1,127.6,574.1,71.7,164.9,0.979
467,-1,3.0,588.8,47.1,170.2,0.894
467,-1,0.5,586.5,22.5,164.2,0.745
467,-1,470.0,651.5,71.9,116.5,0.690
467,-1,463.6,650.1,79.0,231.1,0.641
467,-1,214.8,770.8,124.0,166.5,0.634
467,-1,2.0,586.1,32.0,103.1,0.399
467,-1,0.2,587.8,20.3,89.6,0.337
467,-1,0.1,591.2,12.1,170.0,0.208
467,-1,26.1,593.6,44.4,145.3,0.199
467,-1,148.8,576.7,58.3,101.7,0.182
467,-1,0.0,589.0,20.7,43.2,0.116
467,-1,82.1,580.8,32.9,132.0,0.092
467,-1,15.7,590.2,34.3,111.9,0.089
467,-1,413.2,659.4,66.5,96.7,0.062
467,-1,293.1,646.5,33.9,105.8,0.052
468,-1,452.0,689.7,116.1,253.2,0.998
468,-1,1231.1,844.1,184.3,233.5,0.993
468,-1,111.4,764.9,179.8,311.1,0.986
468,-1,104.6,574.2,63.6,167.2,0.985
468,-1,374.9,677.2,74.0,208.0,0.984
468,-1,18.2,571.6,58.7,184.3,0.980
468,-1,411.4,655.1,92.9,258.5,0.897
468,-1,424.7,653.9,77.9,138.5,0.675
468,-1,1.2,517.3,44.2,230.3,0.367
468,-1,0.0,586.9,30.5,159.1,0.191
468,-1,0.3,543.4,7.5,188.7,0.154
468,-1,253.6,650.7,36.5,106.4,0.107
468,-1,393.8,652.5,58.2,124.0,0.072
468,-1,128.3,575.1,51.4,101.3,0.069
468,-1,460.7,694.6,88.8,157.7,0.063
469,-1,410.4,690.8,116.7,259.0,0.998
469,-1,1204.9,849.9,173.7,224.4,0.998
469,-1,47.0,773.9,191.8,301.6,0.991
469,-1,333.4,663.0,72.0,258.2,0.979
469,-1,73.8,570.7,62.7,171.8,0.973
469,-1,364.5,656.4,93.0,265.8,0.846
469,-1,388.5,654.6,70.7,145.4,0.842
469,-1,0.4,568.1,37.5,174.1,0.774
469,-1,0.9,572.2,40.3,68.8,0.379
469,-1,0.0,449.8,35.2,533.8,0.208
469,-1,0.2,550.5,12.6,204.1,0.201
469,-1,4.4,571.0,32.3,40.4,0.154
469,-1,76.5,570.9,57.9,92.3,0.117
469,-1,0.4,560.4,25.5,134.4,0.097
469,-1,362.5,655.3,62.9,102.0,0.087
469,-1,346.4,658.7,55.9,103.4,0.074
469,-1,216.1,659.0,37.1,100.1,0.073
469,-1,290.7,736.3,38.9,36.9,0.069
469,-1,407.9,681.9,80.6,133.2,0.060
469,-1,0.2,584.2,5.5,260.6,0.051
470,-1,365.3,690.3,121.3,262.3,0.998
470,-1,1169.1,857.0,170.5,220.5,0.997
470,-1,295.4,659.4,71.9,273.8,0.994
470,-1,0.0,774.0,184.4,297.2,0.989
470,-1,36.1,567.9,56.5,168.4,0.955
470,-1,323.4,656.7,90.8,268.6,0.883
470,-1,345.1,656.4,70.7,150.8,0.837
470,-1,39.2,567.8,72.0,103.3,0.511
470,-1,428.3,699.4,30.7,57.6,0.084
470,-1,47.3,781.5,134.1,124.0,0.075
470,-1,74.2,618.3,39.2,49.8,0.066
470,-1,366.1,669.7,50.6,72.2,0.060
470,-1,314.1,656.3,80.2,126.4,0.057
471,-1,1122.4,849.9,182.9,228.6,0.998
471,-1,334.1,690.9,113.6,266.0,0.998
471,-1,248.2,664.5,82.6,254.2,0.986
471,-1,0.0,786.1,129.4,284.9,0.928
471,-1,277.7,660.2,86.1,273.8,0.892
471,-1,5.2,566.6,65.5,110.0,0.883
471,-1,0.0,783.8,62.4,290.7,0.850
471,-1,298.8,657.9,75.1,159.8,0.822
471,-1,0.0,780.5,128.2,149.0,0.655
471,-1,310.1,661.2,65.8,92.2,0.250
471,-1,390.2,696.7,47.5,73.4,0.208
471,-1,1.5,553.9,62.9,258.1,0.120
471,-1,138.2,649.2,36.6,109.3,0.103
471,-1,0.0,505.9,6.5,235.6,0.072
471,-1,252.7,661.4,70.9,136.4,0.068
471,-1,315.7,723.4,59.2,183.8,0.054
472,-1,1091.9,848.5,174.1,225.5,0.998
472,-1,295.6,691.6,110.7,269.1,0.998
472,-1,210.5,659.0,90.9,288.9,0.995
472,-1,252.2,655.2,78.2,272.8,0.811
472,-1,0.1,764.7,67.4,221.7,0.785
472,-1,0.0,561.1,33.0,107.0,0.733
472,-1,261.2,657.1,69.2,132.6,0.585
472,-1,0.5,511.0,67.4,470.8,0.432
472,-1,0.0,560.7,14.4,111.4,0.115
472,-1,602.2,408.4,86.6,73.5,0.107
472,-1,0.1,858.1,13.0,125.8,0.078
472,-1,0.0,558.4,33.8,248.0,0.061
472,-1,306.4,698.2,91.8,131.8,0.052
473,-1,253.0,693.9,112.0,272.4,0.998
473,-1,1047.6,842.8,185.7,234.3,0.998
473,-1,170.2,664.4,97.4,289.4,0.993
473,-1,212.9,659.9,73.6,243.6,0.831
473,-1,220.2,661.5,65.1,133.7,0.495
474,-1,221.2,697.2,99.6,272.7,0.999
474,-1,1013.3,846.2,182.1,229.3,0.998
474,-1,123.3,661.6,103.6,296.1,0.989
474,-1,171.9,662.4,67.0,195.7,0.809
475,-1,177.6,696.8,102.4,276.7,0.998
475,-1,971.6,844.2,183.9,233.3,0.997
475,-1,79.6,661.0,90.3,302.4,0.995
475,-1,114.6,660.1,73.8,255.2,0.114
475,-1,128.1,657.1,61.7,150.7,0.103
475,-1,754.7,988.3,201.3,88.2,0.063
475,-1,0.0,436.9,15.4,530.8,0.056
476,-1,134.4,698.2,104.1,285.0,0.998
476,-1,925.4,853.5,180.9,222.8,0.997
476,-1,28.0,678.3,117.1,288.1,0.996
477,-1,88.2,699.3,103.6,297.1,0.998
477,-1,880.2,863.2,163.3,215.2,0.996
477,-1,0.6,711.2,90.6,254.8,0.973
477,-1,29.6,710.9,99.5,266.2,0.302
477,-1,0.0,708.1,31.2,253.6,0.178
477,-1,18.8,710.5,51.2,65.5,0.171
477,-1,0.0,699.3,14.0,270.1,0.067
477,-1,0.0,711.1,5.3,292.1,0.064
478,-1,838.7,869.4,140.5,208.7,0.990
478,-1,30.9,712.1,83.5,288.6,0.988
478,-1,0.0,752.2,42.8,216.5,0.527
478,-1,3.9,719.8,74.9,262.8,0.366
478,-1,0.0,758.7,21.1,186.5,0.149
478,-1,52.8,702.5,115.2,308.8,0.067
478,-1,0.1,691.0,7.1,293.9,0.060
478,-1,0.4,855.0,59.9,118.2,0.057
478,-1,326.1,400.5,136.7,72.9,0.055
479,-1,798.5,883.6,190.3,189.2,0.977
479,-1,0.4,708.9,93.5,213.8,0.808
479,-1,1870.9,639.9,49.1,143.1,0.568
479,-1,1856.8,662.2,63.2,212.5,0.286
479,-1,1888.8,669.2,31.2,111.1,0.201
479,-1,1915.1,662.5,4.8,136.7,0.197
479,-1,0.0,743.4,24.4,116.9,0.174
479,-1,0.0,717.8,24.2,249.0,0.085
479,-1,47.3,721.0,46.8,189.7,0.081
479,-1,280.9,398.1,143.4,80.3,0.058
479,-1,61.1,740.9,32.9,123.1,0.052
479,-1,1894.2,646.8,25.8,286.5,0.052
480,-1,0.0,714.9,43.7,305.5,0.989
480,-1,1841.8,648.0,76.7,137.1,0.931
480,-1,751.4,904.7,189.7,174.0,0.891
480,-1,1813.6,647.2,103.7,207.3,0.296
480,-1,1914.1,721.3,5.9,125.2,0.138
480,-1,1916.5,671.8,3.5,155.0,0.120
480,-1,0.2,716.2,16.9,329.1,0.106
480,-1,0.6,718.1,40.6,139.1,0.064
480,-1,1866.2,683.7,53.8,99.4,0.051
481,-1,1807.3,652.1,71.7,131.3,0.991
481,-1,704.3,879.0,187.0,196.3,0.979
481,-1,1871.9,659.6,48.0,230.1,0.965
481,-1,1834.9,655.2,85.1,154.0,0.395
481,-1,1798.5,654.8,96.3,208.7,0.394
481,-1,1914.1,666.4,5.8,171.5,0.193
481,-1,792.3,878.7,60.8,92.6,0.158
481,-1,794.1,882.6,38.8,65.4,0.129
481,-1,1828.8,628.5,54.5,79.0,0.125
481,-1,794.4,879.7,91.3,167.0,0.069
482,-1,691.8,876.6,152.2,199.2,0.993
482,-1,1800.5,657.9,118.6,240.7,0.989
482,-1,1763.9,649.5,75.0,135.6,0.983
482,-1,1777.9,654.6,101.7,138.7,0.188
482,-1,1759.8,647.3,99.0,269.7,0.091
482,-1,146.5,396.1,139.1,83.7,0.071
483,-1,609.0,873.6,182.2,203.3,0.997
483,-1,1775.0,660.0,105.7,232.9,0.997
483,-1,1726.0,649.8,72.7,136.6,0.989
483,-1,1704.7,648.6,103.4,219.7,0.053
484,-1,1739.4,657.0,101.2,237.6,0.998
484,-1,561.1,872.5,178.1,203.6,0.997
484,-1,1678.9,646.9,79.8,143.5,0.981
485,-1,508.1,872.3,178.6,203.2,0.997
485,-1,1710.9,659.4,86.4,238.9,0.992
485,-1,1641.4,648.9,76.2,160.6,0.990
485,-1,1759.2,840.5,32.1,58.2,0.174
486,-1,457.2,877.8,176.1,196.3,0.997
486,-1,1675.0,660.5,81.1,220.0,0.993
486,-1,1597.6,646.1,77.5,220.2,0.983
486,-1,1616.0,653.6,108.6,238.3,0.105
487,-1,403.8,884.4,172.0,189.3,0.997
487,-1,1628.2,660.9,83.5,144.7,0.988
487,-1,1558.6,646.5,76.7,170.3,0.975
487,-1,1626.1,642.9,88.5,292.5,0.251
487,-1,1557.4,669.6,68.2,257.7,0.118
487,-1,1692.6,714.3,33.4,105.7,0.105
487,-1,1622.2,602.1,50.8,108.9,0.067
487,-1,1681.6,679.7,40.6,199.0,0.059
488,-1,350.0,900.2,172.0,175.2,0.997
488,-1,1510.5,649.4,86.9,254.4,0.991
488,-1,1585.5,658.8,84.3,149.7,0.977
488,-1,1527.7,647.6,76.9,151.2,0.328
488,-1,1589.1,650.9,80.1,297.7,0.278
488,-1,1532.1,656.1,104.2,255.7,0.196
488,-1,1588.4,604.1,51.7,111.9,0.076
489,-1,1436.6,652.9,115.1,251.3,0.998
489,-1,301.1,914.9,165.2,159.1,0.998
489,-1,1548.1,662.6,81.7,150.1,0.979
489,-1,1545.2,658.0,87.0,291.0,0.430
489,-1,1552.4,614.8,55.5,105.7,0.054
490,-1,1388.5,655.7,121.4,253.4,0.997
490,-1,257.4,929.7,150.3,145.8,0.995
490,-1,1504.6,669.8,80.0,287.7,0.976
490,-1,1492.9,670.0,89.7,154.5,0.899
490,-1,1448.4,670.9,118.2,250.9,0.142
490,-1,1437.2,660.0,71.9,176.4,0.067
490,-1,204.2,0.0,178.7,7.0,0.063
490,-1,1517.8,614.1,50.7,104.0,0.062
491,-1,205.7,943.0,151.8,133.7,0.998
491,-1,1363.3,659.9,103.5,254.4,0.996
491,-1,1465.1,674.5,75.0,138.6,0.937
491,-1,1459.2,669.8,81.8,266.4,0.305
491,-1,1480.1,628.5,57.6,127.7,0.063
492,-1,1327.9,670.7,91.5,249.2,0.996
492,-1,150.7,950.1,153.2,128.2,0.996
492,-1,1405.3,677.3,94.2,144.3,0.958
492,-1,1443.4,620.7,54.9,112.1,0.535
492,-1,1393.3,680.3,108.7,253.2,0.391
493,-1,1291.3,671.8,82.6,251.5,0.998
493,-1,98.4,957.8,151.5,120.9,0.994
493,-1,1368.2,680.0,90.5,143.7,0.983
493,-1,1336.2,676.6,104.3,247.8,0.235
493,-1,1410.9,617.7,49.9,111.2,0.215
494,-1,1254.3,676.6,72.7,255.7,0.998
494,-1,44.3,960.1,146.7,115.1,0.991
494,-1,1326.1,686.1,84.3,141.6,0.987
494,-1,1376.4,627.8,49.8,160.6,0.214
494,-1,1301.1,685.4,110.3,233.4,0.184
495,-1,1211.3,679.1,72.3,260.9,0.997
495,-1,0.0,963.3,130.2,113.1,0.993
495,-1,1260.7,692.8,104.6,138.8,0.978
495,-1,1337.4,634.2,51.8,138.3,0.290
496,-1,1174.9,681.1,56.9,267.8,0.997
496,-1,1215.8,699.2,101.3,140.6,0.988
496,-1,0.0,960.2,61.0,118.5,0.866
496,-1,1206.3,696.2,116.2,246.8,0.330
496,-1,1848.5,69.6,47.2,44.1,0.146
497,-1,1131.3,682.1,60.9,255.8,0.999
497,-1,1182.2,698.9,91.1,137.9,0.972
497,-1,1156.1,687.6,110.1,251.2,0.175
497,-1,1808.8,64.4,49.1,46.6,0.055
498,-1,1079.1,679.5,68.9,261.7,0.997
498,-1,1142.3,698.9,82.4,188.7,0.982
498,-1,1774.6,63.6,49.2,46.7,0.179
498,-1,1224.6,634.1,54.6,165.0,0.118
498,-1,1864.3,90.9,41.8,34.8,0.054
499,-1,1032.6,679.9,69.3,261.9,0.997
499,-1,1084.8,683.5,98.7,273.9,0.970
499,-1,1096.9,686.8,88.2,151.8,0.779
499,-1,1189.6,632.7,55.2,174.3,0.245
500,-1,982.2,679.3,78.5,269.8,0.996
500,-1,1033.3,685.9,106.1,288.4,0.993
500,-1,1051.5,681.4,85.7,156.6,0.094
500,-1,1152.6,631.4,55.6,154.8,0.059
501,-1,930.3,680.5,86.8,269.0,0.998
501,-1,1000.4,687.9,91.8,293.2,0.993
502,-1,867.1,681.3,112.4,276.0,0.997
502,-1,946.5,685.5,100.4,261.8,0.993
502,-1,1080.3,627.0,56.3,177.5,0.091
502,-1,1895.6,685.7,24.4,79.1,0.081
502,-1,1639.4,50.2,47.2,45.1,0.081
503,-1,825.1,688.1,106.2,264.3,0.997
503,-1,901.8,687.2,98.2,255.6,0.992
503,-1,1913.6,669.8,6.4,152.8,0.975
503,-1,1864.6,659.9,55.4,161.9,0.965
503,-1,1917.0,657.7,3.0,131.6,0.419
503,-1,1043.7,622.8,54.6,179.8,0.110
503,-1,777.4,858.4,69.4,84.4,0.078
504,-1,779.0,685.5,109.7,277.9,0.997
504,-1,867.4,689.5,86.3,289.2,0.997
504,-1,1830.1,645.0,82.6,172.2,0.994
504,-1,1890.0,568.0,30.0,93.0,0.867
504,-1,1008.9,624.8,53.7,177.5,0.526
504,-1,1913.7,574.3,6.3,121.8,0.221
504,-1,729.7,863.6,81.4,89.6,0.142
504,-1,1870.2,651.2,42.9,124.5,0.122
504,-1,1917.1,574.1,2.9,168.9,0.056
504,-1,1571.5,42.2,50.1,45.6,0.056
505,-1,729.4,685.2,111.0,288.6,0.998
505,-1,806.1,690.2,104.7,312.4,0.995
505,-1,1794.0,648.6,84.9,172.5,0.995
505,-1,1881.8,661.4,38.2,176.3,0.968
505,-1,1857.0,563.5,43.6,98.8,0.882
505,-1,1894.6,548.3,25.4,84.7,0.760
505,-1,1915.7,621.1,4.3,199.3,0.417
505,-1,1917.5,639.9,2.5,201.6,0.263
505,-1,1537.1,38.1,52.9,47.1,0.096
506,-1,679.6,688.4,110.8,288.4,0.998
506,-1,761.6,701.5,100.2,303.4,0.997
506,-1,1760.0,653.7,81.7,168.0,0.995
506,-1,1848.1,653.1,71.9,182.1,0.984
506,-1,1821.5,565.8,47.1,100.7,0.884
506,-1,1862.9,550.2,39.1,86.5,0.814
506,-1,1512.2,39.7,45.3,46.4,0.368
506,-1,1825.1,572.4,25.1,92.0,0.242
506,-1,1883.8,656.5,35.9,176.1,0.108
506,-1,932.7,624.7,57.0,180.7,0.087
506,-1,633.9,871.1,63.1,71.0,0.052
507,-1,689.9,704.5,128.2,314.1,0.998
507,-1,633.1,692.2,98.8,292.5,0.998
507,-1,1731.4,651.4,77.3,173.7,0.995
507,-1,1815.4,653.0,73.4,179.7,0.994
507,-1,1795.1,560.9,38.2,97.4,0.949
507,-1,1832.9,545.6,39.1,84.3,0.922
507,-1,1471.7,33.3,48.4,44.4,0.259
507,-1,1847.3,652.3,47.0,158.2,0.128
508,-1,625.5,708.4,139.3,328.1,0.998
508,-1,590.1,699.3,87.3,286.8,0.997
508,-1,1775.8,658.3,87.7,187.0,0.997
508,-1,1699.1,656.6,75.0,168.3,0.994
508,-1,1765.2,569.5,32.7,94.3,0.957
508,-1,1801.5,549.1,39.7,84.7,0.938
508,-1,1443.7,38.5,48.0,45.9,0.531
508,-1,857.3,629.0,56.8,192.8,0.080
508,-1,1790.7,562.9,26.5,68.7,0.056
509,-1,576.7,719.2,133.3,329.3,0.999
509,-1,539.9,707.5,80.6,293.3,0.999
509,-1,1745.6,657.5,73.7,190.4,0.996
509,-1,1666.7,659.6,72.9,165.5,0.994
509,-1,1734.9,566.8,34.0,99.0,0.968
509,-1,1772.0,546.3,38.9,85.1,0.947
509,-1,1406.1,36.0,46.9,45.0,0.492
509,-1,819.0,636.8,58.5,185.2,0.253
509,-1,1885.2,647.9,33.5,83.6,0.090
509,-1,550.2,707.9,70.1,133.6,0.050
510,-1,518.9,723.8,142.8,337.8,0.998
510,-1,1709.5,659.8,77.1,191.3,0.997
510,-1,1631.7,666.6,73.3,164.9,0.996
510,-1,484.3,716.1,83.1,294.6,0.995
510,-1,1706.7,571.2,32.3,96.7,0.979
510,-1,1742.4,551.4,38.1,84.4,0.974
510,-1,1375.9,39.9,47.5,46.7,0.704
510,-1,780.7,643.4,58.8,186.6,0.647
510,-1,704.8,685.6,60.3,169.4,0.292
510,-1,500.9,713.4,67.0,137.8,0.141
510,-1,731.7,685.6,53.1,150.7,0.120
510,-1,1889.5,668.8,30.2,70.1,0.116
510,-1,1876.6,651.1,35.6,87.1,0.052
510,-1,1388.9,47.8,30.8,35.6,0.051
511,-1,1676.1,660.5,74.9,194.0,0.998
511,-1,465.2,732.3,142.3,334.5,0.997
511,-1,1598.4,663.3,72.8,175.0,0.997
511,-1,428.6,724.8,88.7,297.9,0.996
511,-1,1676.6,569.7,33.8,100.5,0.967
511,-1,1713.5,551.8,38.3,84.4,0.945
511,-1,1340.0,40.0,49.5,46.3,0.471
511,-1,1842.9,647.0,37.1,91.3,0.224
511,-1,741.8,648.7,60.5,187.2,0.218
511,-1,451.6,719.5,62.5,122.2,0.142
511,-1,1697.1,569.2,28.9,72.5,0.099
512,-1,409.1,740.4,147.1,338.5,0.999
512,-1,1636.9,664.7,73.5,196.2,0.997
512,-1,363.9,730.9,103.6,308.8,0.996
512,-1,1559.6,671.1,79.1,175.1,0.996
512,-1,1647.7,573.4,33.3,98.4,0.969
512,-1,1683.4,552.9,35.4,83.2,0.919
512,-1,1305.8,40.4,51.1,46.6,0.425
512,-1,394.5,727.4,63.1,140.1,0.192
512,-1,702.9,654.4,60.0,192.5,0.182
513,-1,272.4,735.1,147.1,312.5,0.998
513,-1,1609.1,666.9,72.9,200.6,0.997
513,-1,362.3,751.1,135.8,326.2,0.997
513,-1,1525.5,667.7,78.2,184.9,0.996
513,-1,1620.3,576.6,33.5,95.6,0.974
513,-1,1654.6,548.7,36.2,90.4,0.927
513,-1,1274.0,39.2,51.6,47.9,0.430
513,-1,336.2,735.6,65.5,153.4,0.206
513,-1,1637.7,571.5,27.1,75.7,0.096
513,-1,1627.0,567.6,47.3,96.5,0.078
514,-1,1569.4,669.9,80.9,200.5,0.997
514,-1,296.4,751.3,145.3,323.0,0.996
514,-1,1494.8,672.6,77.0,181.6,0.996
514,-1,212.6,746.5,148.6,308.6,0.995
514,-1,1591.2,580.4,35.0,96.9,0.977
514,-1,1630.0,556.7,33.0,83.3,0.958
514,-1,1242.4,41.0,48.4,45.1,0.680
514,-1,277.0,745.1,66.3,144.2,0.170
514,-1,274.6,745.0,70.0,275.6,0.133
514,-1,1610.5,574.0,23.7,74.8,0.097
514,-1,1260.9,66.1,30.7,19.5,0.070
514,-1,1514.6,668.1,93.3,202.1,0.056
515,-1,242.0,759.7,144.8,319.0,0.997
515,-1,1462.8,673.8,75.1,181.0,0.995
515,-1,1537.3,671.2,78.4,204.6,0.995
515,-1,152.1,751.7,149.3,316.5,0.994
515,-1,1564.2,577.7,37.4,99.8,0.977
515,-1,1599.5,557.1,35.7,82.9,0.949
515,-1,1208.4,38.4,50.3,46.8,0.460
515,-1,1456.7,680.5,50.8,161.2,0.403
515,-1,582.3,664.7,63.4,194.1,0.191
515,-1,1589.1,568.5,31.7,71.8,0.095
515,-1,212.8,750.9,72.4,243.2,0.086
515,-1,1583.2,571.6,24.2,71.1,0.062
516,-1,1498.3,665.7,84.1,209.3,0.996
516,-1,1434.4,671.8,72.1,182.2,0.995
516,-1,175.7,763.2,150.9,313.6,0.995
516,-1,104.6,753.3,137.0,318.7,0.993
516,-1,1537.0,578.5,37.8,99.4,0.978
516,-1,1889.3,771.3,30.7,229.1,0.950
516,-1,1572.8,554.8,34.1,82.5,0.925
516,-1,1177.1,33.5,49.3,46.5,0.404
516,-1,1423.7,673.9,49.0,174.0,0.287
516,-1,1556.6,571.3,24.1,63.1,0.131
516,-1,134.4,758.4,85.8,253.5,0.107
516,-1,1564.4,564.0,30.3,76.6,0.099
516,-1,1550.3,574.4,31.6,89.5,0.093
516,-1,1861.3,772.6,58.7,207.2,0.084
516,-1,1543.0,549.7,21.5,32.5,0.067
516,-1,1161.9,320.0,55.8,97.0,0.062
516,-1,1448.9,668.3,97.9,204.2,0.054
517,-1,1841.5,738.2,78.5,270.6,0.998
517,-1,1401.3,674.3,72.7,182.8,0.998
517,-1,105.5,771.1,162.8,305.7,0.996
517,-1,1466.6,668.3,83.3,211.9,0.995
517,-1,31.2,757.7,153.4,321.2,0.985
517,-1,1504.0,576.7,48.4,102.8,0.980
517,-1,1544.2,554.2,34.0,82.1,0.933
517,-1,1144.3,29.6,50.1,45.9,0.585
517,-1,1390.2,676.3,53.9,174.3,0.389
517,-1,83.8,757.5,75.7,301.1,0.221
518,-1,39.1,779.2,169.5,297.1,0.998
518,-1,1357.4,675.8,81.7,186.0,0.998
518,-1,1440.8,677.1,71.8,191.9,0.996
518,-1,1812.0,729.4,102.8,283.0,0.994
518,-1,9.0,758.5,87.1,302.2,0.984
518,-1,1478.4,577.2,48.4,101.5,0.978
518,-1,1517.7,554.7,34.0,79.8,0.928
518,-1,1111.9,25.1,52.4,48.5,0.165
518,-1,1505.6,568.8,20.7,43.8,0.073
518,-1,1786.7,881.9,52.1,66.6,0.054
518,-1,6.1,893.2,111.1,182.2,0.054
519,-1,1767.5,730.1,114.5,282.7,0.998
519,-1,0.3,788.1,150.3,286.9,0.997
519,-1,1325.4,679.5,83.3,181.6,0.997
519,-1,1404.3,674.1,82.7,208.4,0.996
519,-1,1457.1,574.0,47.3,98.9,0.982
519,-1,1491.4,551.9,34.2,78.8,0.920
519,-1,0.1,769.7,28.2,286.0,0.433
519,-1,1080.8,20.3,51.1,47.8,0.404
519,-1,1351.3,675.1,89.6,191.7,0.267
519,-1,0.0,778.1,28.3,121.2,0.192
519,-1,0.0,800.5,7.1,275.3,0.092
519,-1,0.0,855.1,13.6,219.9,0.084
519,-1,0.2,821.0,51.3,237.4,0.078
519,-1,1490.3,556.2,18.5,42.3,0.073
519,-1,1474.0,557.5,42.1,79.4,0.070
519,-1,0.0,538.1,36.4,541.9,0.059
519,-1,0.0,755.0,15.5,169.3,0.055
519,-1,1860.1,524.3,21.2,36.8,0.052
519,-1,1785.5,729.8,98.5,155.9,0.052
520,-1,1737.1,729.2,117.0,283.7,0.997
520,-1,1289.0,680.3,85.1,183.7,0.996
520,-1,1377.5,676.4,74.9,204.6,0.995
520,-1,0.0,781.5,89.7,294.8,0.980
520,-1,1427.4,572.9,51.7,101.9,0.968
520,-1,1465.9,552.5,32.7,69.1,0.897
520,-1,1051.6,15.1,48.4,47.0,0.539
520,-1,1.3,520.1,91.2,547.7,0.146
520,-1,1152.9,60.7,28.3,20.8,0.138
520,-1,1289.4,693.2,42.4,117.0,0.112
520,-1,1406.8,665.3,29.0,56.9,0.105
520,-1,1716.3,797.0,65.8,178.4,0.094
520,-1,1452.8,563.4,34.6,74.7,0.072
520,-1,1288.5,706.2,27.4,94.7,0.060
520,-1,1753.6,729.9,96.8,163.8,0.054
521,-1,1701.3,730.6,115.9,281.6,0.998
521,-1,1337.5,673.7,84.5,220.2,0.998
521,-1,1259.7,688.3,82.4,176.5,0.997
521,-1,1403.5,571.5,54.0,101.8,0.979
521,-1,1440.1,550.2,32.6,75.4,0.913
521,-1,1018.1,9.1,51.3,48.2,0.628
521,-1,1256.9,707.9,33.9,94.2,0.365
521,-1,1716.6,731.9,100.8,161.0,0.108
521,-1,1256.9,684.4,56.0,123.5,0.075
521,-1,1281.1,689.4,57.8,94.3,0.066
521,-1,1428.7,562.4,18.9,40.3,0.058
521,-1,1809.1,525.4,16.8,34.4,0.055
521,-1,1290.5,672.7,103.7,204.5,0.053
521,-1,1680.1,805.1,61.4,155.2,0.052
522,-1,1313.5,675.8,70.8,206.8,0.998
522,-1,1675.9,730.4,110.8,282.0,0.997
522,-1,1228.1,687.5,80.8,178.5,0.997
522,-1,1376.9,570.2,53.6,103.5,0.983
522,-1,1415.3,547.4,32.2,78.7,0.947
522,-1,987.9,5.3,49.8,45.8,0.535
522,-1,1223.6,705.6,32.1,94.1,0.363
522,-1,1255.8,686.9,51.5,124.4,0.231
522,-1,1689.7,733.2,95.1,160.6,0.149
522,-1,1223.0,697.2,49.0,124.5,0.115
522,-1,1402.2,561.1,28.3,66.5,0.105
522,-1,1646.8,826.1,65.0,141.9,0.065
522,-1,1395.8,557.1,44.9,110.4,0.057
523,-1,1278.1,674.9,80.6,218.3,0.997
523,-1,1647.6,728.5,109.2,279.1,0.996
523,-1,1198.5,688.2,75.3,177.8,0.994
523,-1,1353.5,571.6,55.5,102.1,0.984
523,-1,1391.8,546.8,29.5,68.0,0.941
523,-1,1187.3,690.0,49.5,141.4,0.457
523,-1,957.6,17.2,50.4,31.2,0.325
523,-1,1227.3,692.2,40.7,108.6,0.126
523,-1,1659.2,727.8,91.8,154.3,0.078
523,-1,1516.5,677.0,30.8,60.9,0.064
523,-1,1378.9,560.7,27.6,60.0,0.062
523,-1,1615.0,824.7,52.7,124.3,0.053
524,-1,1613.7,719.7,108.0,276.4,0.996
524,-1,1244.6,672.9,81.6,222.6,0.996
524,-1,1161.3,684.1,77.1,189.0,0.996
524,-1,1327.4,569.2,57.2,105.3,0.987
524,-1,1369.1,544.9,27.2,69.6,0.956
524,-1,921.6,9.2,53.1,33.5,0.560
524,-1,1352.1,560.2,20.7,39.9,0.293
524,-1,1154.3,686.0,48.1,124.3,0.286
524,-1,1190.4,684.1,48.5,127.6,0.241
524,-1,1360.6,559.8,17.8,43.6,0.127
524,-1,1190.9,678.3,82.1,203.9,0.117
524,-1,1353.3,564.0,32.3,63.0,0.096
525,-1,1127.4,683.7,78.1,193.8,0.997
525,-1,1216.5,676.5,75.4,211.7,0.997
525,-1,1583.0,718.0,107.7,290.4,0.995
525,-1,1302.1,569.1,60.3,105.8,0.992
525,-1,1342.7,545.3,29.1,63.0,0.922
525,-1,1328.7,561.0,22.0,39.7,0.606
525,-1,897.0,2.1,48.9,36.7,0.461
525,-1,1327.8,563.4,31.3,59.2,0.275
525,-1,1122.7,689.7,46.7,119.5,0.245
525,-1,1593.0,723.6,93.4,165.9,0.140
525,-1,1564.8,489.3,19.3,51.2,0.111
525,-1,1331.5,551.1,32.4,53.0,0.105
525,-1,294.3,685.0,67.7,267.9,0.072
525,-1,1708.6,515.4,16.3,40.9,0.057
526,-1,1173.5,674.4,86.9,226.8,0.998
526,-1,1094.5,685.2,74.3,194.0,0.997
526,-1,1542.0,717.3,115.7,281.7,0.994
526,-1,1283.0,567.0,57.0,108.4,0.989
526,-1,1319.7,543.0,26.2,56.0,0.896
526,-1,1302.8,562.7,24.1,39.9,0.360
526,-1,1086.8,688.9,49.8,128.9,0.276
526,-1,862.2,0.5,53.3,32.3,0.275
526,-1,1543.7,490.3,16.8,46.9,0.182
526,-1,1561.2,723.1,94.4,163.1,0.135
526,-1,1302.1,563.0,35.8,61.1,0.097
526,-1,246.9,676.2,79.5,286.9,0.088
526,-1,1125.0,687.8,48.4,124.0,0.086
526,-1,1071.9,772.0,26.3,48.4,0.059
526,-1,1091.2,703.9,38.4,81.1,0.056
527,-1,1071.5,684.6,68.6,193.7,0.999
527,-1,1143.8,676.5,83.7,226.6,0.997
527,-1,1515.4,716.6,110.6,283.9,0.996
527,-1,1256.9,572.9,53.2,101.9,0.988
527,-1,1295.5,543.7,27.9,53.4,0.814
527,-1,1063.5,707.1,31.2,87.6,0.317
527,-1,1276.5,561.2,29.1,57.2,0.289
527,-1,1059.5,680.3,46.3,132.4,0.285
527,-1,195.9,688.5,106.1,216.6,0.238
527,-1,1531.6,723.4,93.1,155.5,0.214
527,-1,1521.5,495.0,15.5,44.9,0.190
527,-1,825.3,0.0,59.1,28.9,0.169
527,-1,47.8,662.6,83.8,336.4,0.136
528,-1,1106.1,682.8,88.1,230.4,0.999
528,-1,1037.1,686.0,71.9,195.6,0.998
528,-1,1485.6,727.5,110.4,278.4,0.995
528,-1,1233.0,574.8,48.4,101.9,0.992
528,-1,1273.9,544.5,26.2,72.0,0.625
528,-1,1253.0,564.7,28.9,57.4,0.473
528,-1,1009.5,773.9,29.6,52.6,0.288
528,-1,1031.4,685.2,48.5,168.9,0.279
528,-1,787.3,0.8,63.2,23.9,0.225
528,-1,0.8,684.6,80.2,170.4,0.184
528,-1,1500.4,726.0,93.0,151.0,0.170
528,-1,1497.3,476.2,19.3,59.6,0.120
528,-1,6.6,657.9,78.7,344.3,0.116
528,-1,1483.7,465.3,37.4,67.3,0.070
528,-1,1256.5,534.3,48.4,90.8,0.070
528,-1,1513.4,469.4,12.5,45.0,0.065
528,-1,819.3,1.1,33.8,25.4,0.058
528,-1,151.0,698.2,68.3,280.2,0.052
529,-1,1006.6,690.9,67.5,198.5,0.998
529,-1,1068.6,687.6,90.9,230.0,0.998
529,-1,1439.8,721.8,127.1,280.8,0.995
529,-1,1211.9,574.0,41.2,102.2,0.994
529,-1,1250.3,546.6,26.1,75.4,0.781
529,-1,1232.3,564.3,27.7,64.8,0.720
529,-1,772.3,0.7,48.9,20.3,0.520
529,-1,977.8,775.1,29.8,54.0,0.491
529,-1,0.0,689.3,33.8,167.9,0.191
529,-1,1028.3,688.1,95.9,221.2,0.184
529,-1,1477.3,497.3,13.8,36.7,0.108
529,-1,1473.4,473.4,17.3,61.5,0.065
529,-1,105.4,716.0,73.2,270.6,0.063
529,-1,1465.4,726.4,96.4,162.1,0.059
529,-1,1491.3,472.2,12.8,45.1,0.058
530,-1,1029.4,689.2,102.2,232.8,0.999
530,-1,1415.8,730.1,121.5,283.8,0.998
530,-1,1188.8,571.6,40.1,104.1,0.996
530,-1,973.2,693.1,69.6,209.5,0.995
530,-1,1224.9,546.2,29.8,79.9,0.921
530,-1,1207.6,566.5,28.4,59.4,0.445
530,-1,1456.9,497.9,12.8,34.2,0.177
530,-1,734.2,0.0,59.1,16.6,0.134
530,-1,947.1,707.5,71.4,183.2,0.101
530,-1,1216.5,558.6,27.2,69.3,0.091
530,-1,946.4,777.2,31.9,51.4,0.089
530,-1,1249.5,567.4,13.5,37.9,0.051
531,-1,987.1,693.6,115.6,238.6,0.998
531,-1,929.3,698.0,82.2,207.6,0.998
531,-1,1384.5,726.4,127.9,289.9,0.996
531,-1,1165.9,571.9,39.6,102.9,0.987
531,-1,1203.0,546.6,27.5,78.4,0.936
531,-1,1183.4,566.0,30.1,64.2,0.597
531,-1,1800.5,509.9,56.0,104.1,0.309
531,-1,1191.4,552.2,32.0,76.0,0.116
531,-1,1266.0,463.1,24.9,63.7,0.102
532,-1,960.1,699.7,111.2,238.2,0.998
532,-1,894.6,701.5,82.1,211.3,0.997
532,-1,1144.6,573.8,37.7,103.2,0.995
532,-1,1358.8,732.2,126.3,289.3,0.993
532,-1,1183.0,549.2,29.2,79.1,0.942
532,-1,1784.5,520.4,42.4,93.9,0.397
532,-1,1208.8,565.7,9.0,30.3,0.199
532,-1,1165.1,566.2,26.8,62.7,0.144
532,-1,1416.0,488.9,16.4,45.5,0.128
532,-1,1445.8,495.3,11.3,36.4,0.114
532,-1,1881.1,545.6,23.2,64.9,0.104
532,-1,1545.5,512.2,16.8,30.5,0.079
533,-1,931.8,699.8,109.5,249.8,0.999
533,-1,1322.9,737.8,122.1,285.7,0.998
533,-1,863.9,703.9,82.2,219.4,0.998
533,-1,1122.4,573.6,37.6,104.4,0.995
533,-1,1163.3,549.3,30.6,77.3,0.929
533,-1,1753.1,514.4,50.6,103.3,0.397
533,-1,1393.4,492.8,16.0,42.4,0.286
533,-1,1857.3,545.3,23.1,63.8,0.219
533,-1,1521.6,510.2,18.0,40.0,0.216
533,-1,1774.1,531.7,31.7,79.9,0.212
533,-1,851.4,749.6,35.5,86.6,0.109
533,-1,1350.7,737.8,90.2,159.0,0.103
533,-1,1186.3,565.9,10.4,36.5,0.101
533,-1,1226.4,462.6,18.1,30.5,0.089
533,-1,851.7,722.8,69.3,160.2,0.083
533,-1,880.6,700.3,121.6,234.3,0.075
533,-1,1223.1,463.6,21.6,68.0,0.066
533,-1,875.2,721.0,34.0,116.6,0.060
534,-1,829.1,703.4,83.5,223.7,0.999
534,-1,1300.9,735.8,116.0,292.3,0.998
534,-1,907.0,701.3,101.6,249.6,0.998
534,-1,1101.6,575.3,38.2,104.4,0.993
534,-1,1141.5,544.2,28.7,82.2,0.872
534,-1,1738.4,516.6,44.7,99.8,0.802
534,-1,1837.9,545.0,23.4,66.4,0.489
534,-1,1040.1,498.3,23.7,65.2,0.262
534,-1,1377.2,492.0,15.5,44.0,0.203
534,-1,1163.8,563.2,11.1,38.7,0.156
534,-1,0.8,298.4,45.3,225.1,0.106
534,-1,1504.6,508.7,20.6,38.4,0.072
534,-1,1315.1,738.6,101.7,164.4,0.059
535,-1,872.7,703.0,104.3,253.4,0.999
535,-1,1277.2,737.0,110.2,286.8,0.998
535,-1,805.9,707.1,72.8,220.9,0.997
535,-1,1076.5,574.2,42.3,109.9,0.996
535,-1,1715.9,511.3,51.8,103.2,0.822
535,-1,1120.7,549.3,23.2,77.1,0.799
535,-1,1144.8,563.8,10.3,37.4,0.402
535,-1,1356.9,493.2,15.0,42.4,0.325
535,-1,1816.4,546.9,22.6,65.3,0.262
535,-1,1021.3,503.8,21.6,59.4,0.115
535,-1,1111.6,538.1,42.0,91.6,0.066
535,-1,1295.7,738.1,90.9,117.6,0.065
536,-1,1059.2,574.7,37.5,111.0,0.999
536,-1,840.6,706.4,98.2,252.6,0.998
536,-1,1249.2,735.7,113.1,293.1,0.998
536,-1,773.1,708.4,68.4,225.3,0.998
536,-1,1098.8,547.2,35.5,78.4,0.730
536,-1,1795.7,543.1,26.3,66.6,0.643
536,-1,1123.2,559.2,12.9,42.0,0.325
536,-1,1695.6,510.6,48.5,90.6,0.317
536,-1,1340.5,495.9,13.9,39.1,0.208
536,-1,1089.8,548.7,31.8,78.5,0.190
536,-1,1003.4,502.5,19.7,61.0,0.172
536,-1,1708.4,536.9,30.7,69.5,0.145
536,-1,1260.6,739.6,95.9,151.4,0.139
536,-1,763.5,538.3,43.6,96.0,0.076
537,-1,817.0,706.3,90.3,260.7,0.999
537,-1,1039.4,574.3,37.7,110.8,0.998
537,-1,734.9,708.2,78.8,234.3,0.997
537,-1,1223.9,737.7,104.2,288.9,0.997
537,-1,1776.3,534.1,28.6,72.8,0.706
537,-1,1078.3,540.6,24.9,84.3,0.530
537,-1,1676.5,508.3,50.8,101.5,0.483
537,-1,1101.7,556.6,14.7,47.3,0.242
537,-1,756.2,706.2,103.7,243.5,0.202
537,-1,1239.3,736.4,90.1,154.6,0.140
537,-1,1320.4,493.0,14.0,36.4,0.125
537,-1,998.9,480.0,17.9,40.8,0.108
537,-1,1446.1,505.3,23.1,40.5,0.070
537,-1,985.6,499.0,21.4,62.1,0.053
537,-1,1007.6,481.8,13.5,39.5,0.051
538,-1,775.8,711.1,90.3,263.3,0.999
538,-1,1194.0,735.6,108.3,296.1,0.998
538,-1,1015.1,577.7,44.2,110.5,0.998
538,-1,703.3,715.7,70.3,231.9,0.996
538,-1,1760.3,547.4,23.3,61.3,0.549
538,-1,1051.1,533.6,43.9,95.1,0.404
538,-1,1657.2,519.8,51.8,98.1,0.361
538,-1,1301.5,491.4,16.2,44.1,0.316
538,-1,707.8,724.3,42.5,188.3,0.283
538,-1,1081.8,559.4,14.2,51.0,0.242
538,-1,982.0,481.7,15.4,43.0,0.224
538,-1,948.1,366.5,40.3,70.4,0.140
538,-1,1317.4,471.2,12.2,43.8,0.123
538,-1,1206.6,740.8,95.7,161.1,0.120
538,-1,938.4,587.2,24.3,101.8,0.093
538,-1,1056.6,550.2,26.0,69.8,0.080
538,-1,1675.1,549.9,33.8,71.8,0.069
538,-1,1425.0,518.0,22.2,33.1,0.051
539,-1,737.3,713.1,95.2,270.2,0.999
539,-1,993.8,579.4,45.2,108.1,0.998
539,-1,664.1,721.1,80.1,229.9,0.996
539,-1,1172.0,740.3,103.8,289.2,0.996
539,-1,1033.8,537.5,32.7,90.0,0.715
539,-1,1280.8,484.6,18.3,50.9,0.519
539,-1,1739.7,544.0,25.9,63.7,0.464
539,-1,950.9,501.2,16.6,62.5,0.323
539,-1,1061.9,559.3,15.7,47.3,0.248
539,-1,668.6,740.1,44.0,184.8,0.215
539,-1,963.7,483.2,16.1,40.0,0.193
539,-1,1180.1,739.9,99.8,158.1,0.099
539,-1,1408.8,509.2,20.4,21.4,0.087
539,-1,1064.1,580.9,13.4,23.0,0.085
539,-1,1045.5,575.1,30.2,50.6,0.060
539,-1,673.0,748.4,30.8,128.0,0.058
540,-1,1143.2,742.1,102.3,301.9,0.999
540,-1,616.8,719.5,98.4,238.3,0.998
540,-1,706.2,720.0,89.8,267.1,0.998
540,-1,973.7,579.7,46.0,110.1,0.996
540,-1,662.6,715.1,100.5,260.2,0.539
540,-1,1265.0,495.9,16.5,42.0,0.335
540,-1,1016.1,544.7,41.6,70.6,0.214
540,-1,1042.5,563.1,15.3,42.9,0.208
540,-1,932.9,500.9,18.0,65.1,0.142
540,-1,1390.1,516.2,23.4,36.3,0.091
540,-1,1393.9,514.1,19.1,22.7,0.066
541,-1,572.2,729.9,107.5,241.9,0.997
541,-1,668.7,727.8,102.6,280.1,0.996
541,-1,1116.3,746.8,102.5,297.4,0.995
541,-1,955.4,582.5,48.3,110.5,0.994
541,-1,911.3,488.3,23.7,80.5,0.571
541,-1,1247.6,497.9,15.5,39.8,0.483
541,-1,1700.7,547.1,26.0,58.8,0.164
541,-1,1022.7,569.2,14.1,40.4,0.147
541,-1,1608.0,516.9,32.9,64.9,0.067
541,-1,1370.7,512.3,22.6,26.2,0.056
541,-1,1602.4,513.7,46.8,95.5,0.054
542,-1,529.2,731.4,113.8,241.9,0.996
542,-1,935.6,584.3,50.4,109.8,0.996
542,-1,625.9,728.3,104.6,287.2,0.996
542,-1,1081.5,752.9,107.3,312.0,0.996
542,-1,975.3,527.6,45.0,105.9,0.243
542,-1,1685.0,555.4,26.6,61.0,0.223
542,-1,1227.1,482.9,24.2,58.6,0.202
542,-1,1307.1,524.1,25.4,38.9,0.107
542,-1,1004.6,577.2,15.7,34.2,0.106
542,-1,1001.8,569.0,15.4,59.7,0.082
542,-1,983.9,572.9,29.4,60.5,0.078
542,-1,563.2,727.5,73.1,164.1,0.071
542,-1,1351.8,517.1,24.3,22.1,0.055
542,-1,897.8,506.5,17.0,61.7,0.054
543,-1,1054.4,755.9,110.4,307.2,0.997
543,-1,915.5,585.3,49.9,110.0,0.996
543,-1,592.5,738.7,106.8,273.8,0.996
543,-1,502.6,740.9,110.0,235.2,0.996
543,-1,1666.1,553.5,25.2,58.4,0.387
543,-1,502.7,766.7,54.6,188.2,0.360
543,-1,982.7,570.7,17.0,56.1,0.331
543,-1,956.0,536.0,44.3,97.9,0.320
543,-1,1216.1,502.0,13.5,37.2,0.289
543,-1,1336.4,517.7,23.4,23.1,0.145
543,-1,986.6,584.3,13.3,28.6,0.145
543,-1,1069.5,755.3,94.4,156.9,0.100
543,-1,815.2,520.3,40.9,271.2,0.093
543,-1,961.0,542.8,18.1,75.5,0.090
543,-1,522.7,766.9,37.3,112.0,0.057
543,-1,1289.8,520.3,26.5,40.8,0.055
544,-1,447.2,743.2,134.7,259.1,0.998
544,-1,550.7,752.0,115.3,286.9,0.998
544,-1,1029.1,752.0,110.4,319.0,0.993
544,-1,893.7,588.0,54.1,112.4,0.992
544,-1,1196.7,501.5,13.9,38.4,0.330
544,-1,1647.8,551.9,24.8,62.2,0.327
544,-1,1275.5,523.2,22.0,39.2,0.261
544,-1,964.0,569.7,17.0,53.4,0.210
544,-1,941.1,549.5,17.7,57.5,0.069
544,-1,1318.4,518.0,21.5,23.5,0.063
544,-1,967.0,584.6,14.7,31.7,0.056
545,-1,519.9,746.3,111.5,298.0,0.998
545,-1,419.4,750.7,128.2,249.2,0.998
545,-1,873.6,584.7,56.2,110.9,0.996
545,-1,1002.2,752.4,109.1,313.8,0.996
545,-1,1183.9,498.0,13.4,38.9,0.603
545,-1,1290.4,515.4,46.0,47.8,0.400
545,-1,948.8,584.4,13.9,30.4,0.302
545,-1,943.9,565.6,16.0,64.0,0.295
545,-1,1256.5,520.8,29.7,40.5,0.263
545,-1,424.9,768.0,68.1,222.2,0.171
545,-1,1209.9,499.1,10.6,36.0,0.155
545,-1,1175.0,490.9,19.1,44.6,0.149
545,-1,1633.0,554.0,25.8,55.0,0.134
545,-1,1303.8,516.4,19.2,23.8,0.074
545,-1,215.3,242.8,90.5,137.1,0.053
545,-1,1197.9,476.3,10.9,41.1,0.052
546,-1,391.3,746.6,122.8,266.7,0.998
546,-1,489.7,749.0,101.1,303.3,0.998
546,-1,977.6,751.1,106.9,318.9,0.997
546,-1,854.5,584.2,58.1,111.7,0.996
546,-1,924.6,567.6,18.0,61.6,0.460
546,-1,916.1,547.7,29.2,82.5,0.273
546,-1,395.2,774.0,54.9,215.0,0.229
546,-1,1242.8,516.3,26.2,39.3,0.193
546,-1,1278.2,513.7,42.7,47.2,0.184
546,-1,931.1,582.0,14.4,31.1,0.105
546,-1,760.4,350.7,66.0,88.2,0.088
546,-1,1616.7,548.3,26.2,62.7,0.079
546,-1,989.3,760.3,94.1,172.2,0.068
546,-1,1229.3,507.8,18.5,42.9,0.058
546,-1,1189.4,489.4,12.4,38.4,0.056
546,-1,1287.9,512.6,19.6,24.2,0.053
546,-1,1167.5,488.1,16.7,45.3,0.052
547,-1,450.7,753.0,106.3,310.4,0.999
547,-1,357.9,753.2,108.1,276.6,0.998
547,-1,954.7,750.5,105.3,309.5,0.997
547,-1,834.7,581.5,60.9,115.0,0.996
547,-1,906.4,580.7,17.5,50.0,0.583
547,-1,902.9,544.2,24.6,86.2,0.574
547,-1,1151.6,490.7,14.1,41.7,0.570
547,-1,1265.6,514.3,33.9,43.9,0.152
547,-1,1601.1,546.5,24.8,57.7,0.110
547,-1,911.8,580.7,16.8,32.0,0.098
547,-1,1213.1,500.5,17.5,47.4,0.095
547,-1,1067.3,474.6,13.2,39.2,0.086
547,-1,357.3,776.3,53.2,233.4,0.056
548,-1,923.5,756.8,107.6,314.5,0.999
548,-1,406.3,753.5,107.4,319.6,0.999
548,-1,815.5,581.6,60.4,116.8,0.996
548,-1,318.4,766.7,98.5,262.3,0.995
548,-1,886.4,557.2,24.0,70.5,0.845
548,-1,1134.3,487.0,16.0,45.9,0.359
548,-1,1585.7,547.6,24.6,63.3,0.196
548,-1,407.0,783.4,69.7,210.3,0.165
548,-1,895.7,580.3,15.5,31.5,0.162
548,-1,1054.4,477.2,13.6,38.1,0.089
548,-1,1199.5,503.9,17.0,44.3,0.075
548,-1,318.9,778.1,54.3,215.3,0.070
549,-1,278.8,767.5,100.0,277.1,0.998
549,-1,796.4,583.1,61.6,116.3,0.997
549,-1,370.9,757.7,107.4,309.8,0.997
549,-1,896.4,760.5,110.5,305.7,0.995
549,-1,867.5,541.4,25.3,88.9,0.702
549,-1,871.1,577.2,20.7,51.9,0.637
549,-1,311.6,761.6,115.7,287.7,0.331
549,-1,379.4,782.6,64.2,234.2,0.275
549,-1,1570.7,539.2,24.4,62.4,0.200
549,-1,878.1,580.3,16.0,30.3,0.151
549,-1,1241.3,505.5,17.1,21.1,0.121
549,-1,864.8,492.5,42.5,128.5,0.089
549,-1,1183.2,500.3,17.4,46.0,0.058
550,-1,331.6,758.3,105.7,314.1,0.998
550,-1,868.8,755.1,113.5,311.4,0.997
550,-1,234.8,758.8,102.0,293.2,0.997
550,-1,776.6,583.2,62.4,115.7,0.996
550,-1,848.8,538.9,27.8,91.0,0.757
550,-1,1556.8,538.7,24.0,66.6,0.458
550,-1,848.0,500.7,42.2,118.7,0.396
550,-1,1167.9,500.3,16.9,47.6,0.336
550,-1,1224.7,504.7,17.3,21.8,0.179
550,-1,328.8,793.6,60.7,268.8,0.108
550,-1,1121.6,466.4,11.6,44.1,0.086
550,-1,1514.7,494.6,19.0,86.2,0.068
550,-1,859.5,579.4,17.2,26.9,0.060
551,-1,283.4,761.9,110.6,311.6,0.998
551,-1,843.6,752.1,113.7,316.8,0.997
551,-1,757.6,584.2,62.3,116.7,0.995
551,-1,192.4,774.3,92.9,287.5,0.995
551,-1,831.4,534.4,28.8,94.9,0.808
551,-1,0.3,213.6,96.5,148.0,0.178
551,-1,853.4,740.9,103.3,167.1,0.175
551,-1,1544.2,538.5,22.3,63.2,0.170
551,-1,1107.8,466.2,11.8,43.9,0.147
551,-1,1154.1,500.3,16.8,45.3,0.103
551,-1,190.7,792.5,64.5,185.2,0.096
551,-1,832.2,566.2,21.8,62.3,0.077
551,-1,844.8,577.3,17.4,30.3,0.069
551,-1,1118.6,488.4,11.3,34.9,0.055
552,-1,237.6,768.1,114.1,311.0,0.998
552,-1,744.6,581.7,53.7,119.2,0.998
552,-1,153.3,773.3,100.9,297.3,0.996
552,-1,821.5,756.5,112.1,312.3,0.994
552,-1,814.2,542.2,26.1,87.2,0.672
552,-1,1093.0,469.6,11.7,38.6,0.331
552,-1,1139.0,496.1,18.7,48.5,0.305
552,-1,830.4,755.5,101.3,171.8,0.208
552,-1,820.0,566.5,26.6,60.9,0.137
552,-1,0.2,208.5,51.7,154.5,0.109
552,-1,825.8,865.5,44.5,172.3,0.107
552,-1,55.4,739.6,105.0,281.7,0.083
552,-1,0.0,845.0,5.9,173.5,0.074
552,-1,1530.7,536.4,21.7,63.8,0.070
552,-1,1434.4,537.1,20.5,47.6,0.069
552,-1,0.3,754.2,7.4,242.1,0.052
553,-1,727.2,581.7,54.6,119.1,0.998
553,-1,184.9,776.5,126.3,299.4,0.997
553,-1,107.5,780.3,102.4,294.1,0.996
553,-1,794.5,760.4,113.8,316.1,0.994
553,-1,796.7,535.0,31.8,93.4,0.882
553,-1,139.9,776.2,125.8,302.0,0.850
553,-1,1418.3,537.3,20.1,47.4,0.190
553,-1,132.7,775.0,47.8,52.0,0.169
553,-1,1517.1,534.9,21.6,63.1,0.167
553,-1,1182.9,501.5,19.9,28.3,0.153
553,-1,804.6,760.3,103.3,149.8,0.148
553,-1,0.0,194.5,19.7,208.4,0.140
554,-1,136.8,788.6,134.3,287.1,0.998
554,-1,61.6,786.1,104.7,288.5,0.996
554,-1,706.5,583.2,56.1,117.8,0.995
554,-1,766.8,766.9,118.4,304.7,0.993
554,-1,780.2,535.1,33.7,93.7,0.934
554,-1,1504.2,532.7,21.9,62.3,0.242
554,-1,0.0,817.0,38.4,228.4,0.148
554,-1,1112.9,497.1,18.7,45.4,0.108
554,-1,898.8,454.7,21.3,43.2,0.106
554,-1,0.0,755.2,22.1,313.3,0.104
554,-1,2.7,914.4,35.8,120.2,0.100
554,-1,0.0,847.1,12.8,201.2,0.093
554,-1,1401.3,538.5,20.6,47.6,0.092
554,-1,1066.5,465.5,12.3,39.5,0.074
555,-1,95.8,801.5,134.4,275.5,0.998
555,-1,14.3,794.9,108.4,278.1,0.995
555,-1,739.7,768.5,121.3,305.4,0.995
555,-1,686.3,582.7,57.5,119.1,0.995
555,-1,761.9,537.9,36.4,90.6,0.950
555,-1,1490.0,533.7,23.1,58.7,0.720
555,-1,1053.6,466.6,12.1,41.3,0.121
555,-1,1098.6,498.4,17.6,42.3,0.113
555,-1,1155.7,500.2,17.0,24.3,0.065
555,-1,883.5,454.9,21.7,41.6,0.063
555,-1,96.6,832.0,71.6,242.8,0.057
556,-1,45.1,807.3,132.3,270.6,0.998
556,-1,709.1,770.3,122.6,304.9,0.996
556,-1,669.1,579.6,56.5,122.8,0.993
556,-1,0.7,813.2,74.5,262.8,0.985
556,-1,747.3,532.1,35.8,94.8,0.964
556,-1,1478.5,532.8,24.4,60.3,0.648
556,-1,1139.0,498.1,18.7,22.8,0.320
556,-1,0.7,801.3,73.5,124.9,0.278
556,-1,1087.1,494.3,17.8,44.6,0.157
556,-1,11.0,803.6,117.0,262.3,0.155
556,-1,1040.8,458.8,12.4,44.2,0.144
556,-1,864.8,448.9,31.3,42.4,0.139
556,-1,0.1,825.9,10.5,252.2,0.089
556,-1,0.6,797.8,49.1,56.5,0.075
556,-1,1007.0,466.8,22.8,45.7,0.068
556,-1,673.0,511.8,15.7,49.6,0.051
557,-1,679.3,770.4,125.7,302.6,0.997
557,-1,650.4,579.0,56.0,123.8,0.995
557,-1,1.9,816.9,124.1,256.8,0.991
557,-1,732.3,530.6,36.2,95.5,0.925
557,-1,0.0,803.9,27.8,271.5,0.674
557,-1,1465.0,528.0,25.0,66.0,0.661
557,-1,1127.6,495.6,18.0,22.7,0.410
557,-1,1072.7,492.3,17.8,44.7,0.370
557,-1,2.0,830.5,51.2,242.6,0.260
557,-1,0.0,806.5,13.4,263.1,0.219
557,-1,1461.9,512.9,31.5,105.9,0.208
557,-1,0.1,709.3,5.9,363.3,0.187
557,-1,851.2,451.1,26.6,40.4,0.111
557,-1,864.9,449.3,15.6,38.9,0.062
557,-1,1028.6,458.0,12.1,43.4,0.051
558,-1,654.8,770.1,124.0,306.3,0.998
558,-1,633.8,575.7,53.8,127.6,0.996
558,-1,0.0,816.6,68.4,259.0,0.984
558,-1,715.7,533.5,35.5,90.7,0.945
558,-1,1455.6,525.4,24.1,76.8,0.742
558,-1,1116.1,494.1,18.3,24.3,0.317
558,-1,1063.1,489.2,17.7,47.5,0.198
558,-1,0.0,823.5,21.0,256.5,0.183
558,-1,1016.6,460.2,11.5,40.0,0.159
558,-1,842.2,451.7,22.7,36.6,0.103
558,-1,984.6,464.7,16.4,36.6,0.071
558,-1,645.1,508.9,20.0,48.2,0.062
558,-1,919.8,467.6,12.1,35.3,0.061
558,-1,669.8,768.0,109.4,160.5,0.060
558,-1,1750.1,630.3,26.4,27.3,0.052
559,-1,629.5,767.0,124.7,310.2,0.999
559,-1,616.1,576.8,52.3,127.0,0.995
559,-1,702.9,527.5,36.7,95.6,0.959
559,-1,1441.1,524.2,26.3,77.9,0.752
559,-1,1105.3,492.5,17.9,23.4,0.293
559,-1,1050.2,488.6,18.1,46.1,0.249
559,-1,840.6,447.2,17.1,39.9,0.223
559,-1,827.0,451.2,20.2,34.2,0.149
559,-1,1017.5,477.9,12.8,37.2,0.074
560,-1,605.0,766.2,124.7,310.6,0.997
560,-1,597.5,577.1,54.4,132.2,0.995
560,-1,687.7,531.5,35.3,91.7,0.974
560,-1,1429.9,523.2,25.7,73.1,0.817
560,-1,1038.1,484.9,18.6,49.1,0.269
560,-1,1091.6,493.1,18.1,25.1,0.268
560,-1,896.4,463.7,11.6,36.1,0.124
560,-1,992.5,456.0,11.4,40.8,0.081
560,-1,1727.4,626.2,21.8,27.2,0.078
560,-1,824.6,445.1,31.2,42.6,0.063
560,-1,618.7,508.1,21.6,47.2,0.058
560,-1,612.9,763.9,114.5,171.8,0.058
561,-1,579.7,577.1,55.7,132.7,0.996
561,-1,579.3,759.6,125.2,318.3,0.995
561,-1,675.0,529.9,29.2,92.1,0.978
561,-1,1420.7,522.7,24.2,72.2,0.637
561,-1,1080.3,492.4,16.8,24.4,0.357
561,-1,1025.7,484.4,19.4,49.7,0.180
561,-1,981.5,456.8,12.0,42.2,0.106
561,-1,1716.2,625.9,22.7,27.9,0.097
561,-1,884.6,460.4,13.0,38.9,0.076
561,-1,1685.9,622.0,38.7,33.7,0.067
561,-1,1353.3,596.6,28.4,24.8,0.062
562,-1,552.4,756.3,126.6,321.5,0.995
562,-1,563.7,580.5,57.2,131.7,0.995
562,-1,660.0,536.4,36.5,88.9,0.976
562,-1,1410.4,521.5,24.4,75.1,0.524
562,-1,1014.1,484.2,18.9,49.8,0.255
562,-1,1067.7,492.3,19.2,26.2,0.157
562,-1,980.9,475.9,11.9,36.3,0.108
562,-1,969.5,457.7,11.2,39.3,0.076
562,-1,1309.4,593.6,19.7,31.8,0.063
563,-1,528.0,757.0,126.2,322.0,0.997
563,-1,546.5,581.3,59.6,132.8,0.994
563,-1,646.5,539.3,33.2,84.1,0.975
563,-1,1398.8,524.7,24.6,70.5,0.573
563,-1,1002.6,485.7,18.4,48.6,0.239
563,-1,1057.3,492.6,15.5,27.9,0.115
563,-1,958.4,457.5,11.7,40.9,0.106
563,-1,794.0,444.8,18.5,44.4,0.064
563,-1,1350.1,478.2,21.5,89.1,0.053
563,-1,1299.5,595.8,19.7,30.6,0.051
564,-1,530.1,583.1,62.0,132.2,0.993
564,-1,502.0,756.8,127.8,321.7,0.992
564,-1,633.5,542.8,33.8,84.2,0.964
564,-1,1388.9,522.8,24.7,72.4,0.529
564,-1,990.5,487.0,19.6,47.8,0.325
564,-1,1046.6,492.6,16.6,27.4,0.106
564,-1,910.4,456.4,13.7,38.8,0.103
564,-1,851.5,458.7,12.7,39.9,0.081
564,-1,947.8,457.0,11.1,40.2,0.066
564,-1,916.5,461.5,17.6,38.3,0.056
564,-1,786.7,466.5,13.1,18.0,0.052
565,-1,470.3,763.6,134.6,313.1,0.996
565,-1,513.3,583.5,63.6,134.4,0.994
565,-1,622.2,541.8,31.5,82.9,0.983
565,-1,1380.4,520.2,23.7,73.4,0.592
565,-1,1037.2,492.0,11.3,30.4,0.557
565,-1,980.2,485.8,19.0,47.4,0.402
565,-1,1329.0,475.3,20.8,92.7,0.145
565,-1,1676.1,628.7,22.2,29.0,0.133
565,-1,936.8,456.2,11.7,41.0,0.120
565,-1,768.7,449.5,18.5,36.4,0.101
565,-1,906.4,462.1,17.5,36.6,0.057
566,-1,497.6,582.3,64.1,137.9,0.996
566,-1,443.9,770.9,138.3,305.0,0.993
566,-1,606.5,543.2,32.1,82.1,0.986
566,-1,1369.4,519.1,24.8,74.9,0.755
566,-1,970.3,485.9,18.5,47.3,0.505
566,-1,1025.8,490.9,14.1,31.5,0.487
566,-1,0.1,669.3,7.8,330.1,0.138
566,-1,757.6,449.0,19.8,35.1,0.122
566,-1,0.1,560.3,16.0,443.9,0.094
566,-1,551.2,506.5,17.1,36.7,0.092
567,-1,480.9,585.9,65.9,138.0,0.996
567,-1,418.2,779.9,139.9,294.4,0.994
567,-1,594.5,544.9,30.8,80.2,0.949
567,-1,1361.0,521.2,24.7,78.7,0.777
567,-1,959.6,487.7,18.0,46.7,0.572
567,-1,1015.1,490.9,13.0,31.2,0.296
567,-1,966.6,479.5,18.1,53.4,0.150
567,-1,916.4,455.3,12.1,40.8,0.149
567,-1,746.7,448.5,19.4,38.2,0.148
567,-1,885.5,462.1,17.8,37.4,0.096
567,-1,887.9,458.9,26.0,44.4,0.061
568,-1,462.6,586.7,67.6,139.5,0.996
568,-1,389.8,785.0,145.4,291.6,0.988
568,-1,582.0,545.9,31.7,80.3,0.951
568,-1,1350.8,521.5,25.2,74.4,0.669
568,-1,949.8,483.9,20.7,50.2,0.428
568,-1,1004.2,490.2,13.7,32.9,0.416
568,-1,906.8,456.1,11.9,42.3,0.186
568,-1,1296.3,605.4,27.1,27.0,0.077
568,-1,878.4,457.9,25.2,47.9,0.077
569,-1,449.8,588.9,65.1,139.3,0.998
569,-1,363.1,788.3,146.7,283.6,0.983
569,-1,1342.9,519.0,26.7,71.2,0.624
569,-1,939.4,485.6,19.6,48.9,0.366
569,-1,993.1,488.5,14.7,34.5,0.285
569,-1,567.8,546.0,30.5,83.8,0.213
569,-1,905.7,477.2,12.4,36.2,0.164
569,-1,358.6,875.6,113.1,199.7,0.059
570,-1,430.0,588.1,69.3,140.9,0.998
570,-1,334.4,789.6,152.4,284.8,0.989
570,-1,1334.1,517.3,25.6,73.4,0.900
570,-1,1887.6,591.0,32.4,148.5,0.794
570,-1,555.2,544.9,33.5,82.4,0.523
570,-1,983.7,488.6,15.1,33.0,0.313
570,-1,930.0,484.3,19.5,49.0,0.302
570,-1,358.2,864.1,92.3,215.9,0.158
570,-1,895.4,471.6,12.0,39.9,0.099
570,-1,887.5,456.2,11.8,40.2,0.087
570,-1,1289.4,607.4,26.4,24.5,0.079
570,-1,718.6,451.2,16.0,32.5,0.067
570,-1,790.0,458.8,11.6,40.8,0.057
571,-1,414.9,590.9,66.7,140.6,0.997
571,-1,307.2,793.5,152.4,279.4,0.986
571,-1,1326.4,521.5,25.6,73.6,0.904
571,-1,1876.3,593.3,43.6,145.4,0.870
571,-1,974.2,490.7,13.5,32.9,0.377
571,-1,920.8,486.5,18.8,46.9,0.276
571,-1,543.0,547.2,31.1,80.6,0.240
571,-1,1027.2,531.8,17.4,21.5,0.232
571,-1,832.1,452.8,14.2,44.0,0.136
571,-1,782.0,459.1,12.4,42.3,0.134
571,-1,330.9,869.8,94.7,208.7,0.098
571,-1,1272.4,609.5,28.9,29.9,0.098
571,-1,847.5,462.3,18.0,35.9,0.073
571,-1,878.8,458.0,11.2,38.2,0.071
571,-1,836.4,456.4,15.6,41.6,0.067
572,-1,395.7,591.1,70.7,143.7,0.997
572,-1,282.2,801.2,153.4,273.1,0.982
572,-1,1870.7,592.8,49.3,151.8,0.881
572,-1,1316.3,524.1,28.6,67.7,0.770
572,-1,297.8,872.6,104.8,205.5,0.452
572,-1,1853.7,617.6,43.0,136.2,0.320
572,-1,964.1,489.1,14.2,33.5,0.279
572,-1,911.9,485.5,18.4,47.5,0.182
572,-1,531.5,548.2,32.7,80.7,0.155
572,-1,1272.0,611.2,31.1,28.0,0.133
572,-1,700.7,450.3,18.0,37.1,0.112
572,-1,837.9,460.7,18.7,38.3,0.102
572,-1,551.7,568.5,18.3,36.3,0.077
572,-1,868.0,457.2,13.3,38.6,0.074
572,-1,826.2,452.1,14.4,43.5,0.060
573,-1,379.7,594.7,71.6,142.7,0.998
573,-1,257.0,796.5,149.1,280.5,0.981
573,-1,1867.8,591.3,51.1,156.7,0.959
573,-1,1310.9,523.7,27.4,71.1,0.950
573,-1,955.2,490.4,14.4,31.2,0.475
573,-1,282.0,877.2,86.9,200.3,0.296
573,-1,765.1,453.3,11.7,46.2,0.231
573,-1,538.5,573.8,19.9,28.2,0.225
573,-1,691.6,449.7,15.0,39.2,0.110
573,-1,518.8,548.4,40.3,79.8,0.077
573,-1,1019.3,535.2,16.2,19.5,0.077
573,-1,1261.6,613.4,27.3,30.2,0.074
573,-1,901.6,486.5,19.3,47.0,0.062
573,-1,534.0,566.0,23.9,55.8,0.060
573,-1,859.8,455.7,12.4,40.2,0.054
574,-1,364.6,595.0,69.9,143.2,0.997
574,-1,226.1,796.6,155.8,283.4,0.988
574,-1,1303.7,519.4,26.8,80.5,0.957
574,-1,1861.1,589.1,48.7,156.2,0.941
574,-1,520.9,567.2,24.6,59.2,0.537
574,-1,945.8,489.0,14.3,32.4,0.301
574,-1,756.3,462.4,11.0,39.8,0.235
574,-1,1842.8,597.0,51.8,157.7,0.128
574,-1,509.7,550.4,37.1,79.0,0.094
574,-1,1012.9,534.4,16.0,18.3,0.090
574,-1,238.4,873.8,102.3,206.2,0.080
574,-1,1258.0,614.9,30.5,29.6,0.075
574,-1,806.6,452.8,17.6,47.3,0.061
574,-1,684.5,447.6,19.1,39.6,0.055
575,-1,348.1,594.8,69.2,144.7,0.998
575,-1,198.0,797.9,155.8,281.7,0.981
575,-1,1294.9,524.3,27.9,75.7,0.969
575,-1,506.6,568.1,27.0,56.9,0.918
575,-1,1858.1,592.5,44.8,157.0,0.883
575,-1,938.1,488.1,13.9,32.5,0.474
575,-1,1008.1,535.3,14.4,18.4,0.138
575,-1,1002.7,537.7,23.6,24.8,0.088
575,-1,674.8,447.6,23.8,40.4,0.084
575,-1,747.0,452.9,11.6,45.7,0.083
575,-1,841.4,459.3,13.8,40.0,0.053
576,-1,330.1,597.4,70.4,147.6,0.998
576,-1,164.3,807.9,159.6,271.1,0.985
576,-1,1287.8,524.0,29.1,78.5,0.948
576,-1,1848.7,587.9,47.1,168.1,0.890
576,-1,492.6,568.1,30.7,60.7,0.603
576,-1,1003.0,538.7,12.9,18.9,0.546
576,-1,928.3,489.6,14.0,33.2,0.342
576,-1,787.8,453.4,16.2,46.1,0.319
576,-1,834.1,456.5,13.5,43.0,0.263
576,-1,667.1,445.8,20.5,43.2,0.121
576,-1,876.9,486.9,20.3,48.3,0.109
576,-1,738.5,456.1,11.3,43.2,0.070
576,-1,1832.2,593.0,48.1,168.7,0.069
576,-1,805.6,460.1,16.5,38.2,0.063
577,-1,313.5,596.4,71.3,147.8,0.997
577,-1,140.1,809.8,156.5,264.4,0.974
577,-1,1281.6,526.1,29.6,79.5,0.956
577,-1,1845.4,588.1,42.7,164.9,0.927
577,-1,475.7,559.5,33.7,69.4,0.674
577,-1,920.1,489.3,13.8,32.0,0.446
577,-1,867.6,488.1,17.3,45.0,0.307
577,-1,781.5,452.5,18.0,47.8,0.253
577,-1,488.0,569.3,23.2,47.8,0.199
577,-1,796.1,458.3,18.0,39.9,0.127
577,-1,732.6,456.4,12.1,44.1,0.124
577,-1,1000.1,537.4,15.4,21.0,0.076
577,-1,1244.4,621.7,30.0,31.7,0.072
577,-1,143.4,893.0,108.9,186.7,0.060
578,-1,298.0,596.8,71.0,149.8,0.998
578,-1,115.4,815.0,157.3,258.4,0.983
578,-1,465.6,545.9,35.2,82.8,0.965
578,-1,1275.3,524.1,30.1,80.8,0.963
578,-1,1838.4,584.9,43.1,173.7,0.637
578,-1,773.0,448.8,14.8,49.7,0.230
578,-1,911.5,489.0,14.2,31.9,0.168
578,-1,993.3,536.2,16.4,21.8,0.112
578,-1,653.7,442.8,21.4,38.7,0.058
578,-1,120.9,897.1,108.6,179.7,0.055
578,-1,777.6,451.6,16.6,46.4,0.051
579,-1,282.4,597.2,70.6,151.9,0.999
579,-1,85.4,820.5,159.9,250.0,0.963
579,-1,1270.2,526.7,28.9,79.4,0.955
579,-1,453.8,533.5,34.4,95.8,0.907
579,-1,903.5,489.0,14.7,31.1,0.400
579,-1,1813.8,581.8,61.5,188.8,0.368
579,-1,988.6,536.8,14.0,18.3,0.361
579,-1,766.3,451.7,16.9,47.4,0.184
579,-1,714.9,452.7,11.9,45.4,0.142
580,-1,264.2,598.4,70.5,152.0,0.999
580,-1,56.9,826.2,158.0,240.7,0.976
580,-1,1264.8,519.7,28.9,90.3,0.966
580,-1,1807.3,584.3,61.3,181.9,0.892
580,-1,444.5,549.6,31.6,79.3,0.849
580,-1,896.3,488.6,14.5,29.8,0.425
580,-1,759.5,450.9,17.3,48.3,0.218
580,-1,710.5,458.5,11.3,41.8,0.173
580,-1,799.9,455.5,17.9,44.1,0.059
580,-1,985.4,537.7,15.2,20.4,0.058
581,-1,249.9,599.6,68.6,153.2,0.999
581,-1,33.3,829.3,150.9,245.0,0.975
581,-1,1261.2,525.5,27.0,82.7,0.963
581,-1,431.2,551.2,29.5,80.7,0.779
581,-1,1801.8,583.2,60.2,188.8,0.775
581,-1,888.1,486.9,16.0,35.4,0.435
581,-1,752.9,447.8,15.2,48.5,0.200
581,-1,33.9,924.1,111.5,153.9,0.070
581,-1,983.0,537.9,16.8,20.2,0.068
582,-1,233.0,597.7,71.9,160.8,0.999
582,-1,0.0,833.9,159.4,239.0,0.988
582,-1,1256.5,525.7,26.4,78.9,0.943
582,-1,421.3,546.4,26.7,83.7,0.917
582,-1,1797.8,590.7,60.2,184.1,0.411
582,-1,881.6,485.9,15.8,35.6,0.341
582,-1,0.0,830.3,23.8,248.1,0.202
582,-1,8.5,943.8,89.4,134.9,0.199
582,-1,694.5,455.0,11.4,40.9,0.198
582,-1,745.5,447.4,14.3,49.1,0.180
582,-1,0.1,861.5,10.6,217.6,0.093
582,-1,832.4,483.3,19.8,49.7,0.063
583,-1,216.4,599.4,70.7,162.8,0.999
583,-1,0.0,837.1,128.9,234.5,0.984
583,-1,1790.3,587.3,62.6,184.6,0.781
583,-1,1252.9,523.3,26.7,82.4,0.777
583,-1,412.8,546.8,23.9,81.8,0.510
583,-1,739.7,446.3,14.3,51.1,0.337
583,-1,875.2,486.2,15.2,33.2,0.305
583,-1,1.1,948.9,59.8,129.3,0.230
583,-1,689.4,457.8,10.7,38.2,0.182
583,-1,782.9,451.8,15.0,44.4,0.105
583,-1,744.1,449.2,16.6,48.4,0.098
583,-1,826.0,483.7,20.6,50.0,0.070
583,-1,970.8,536.6,14.6,19.9,0.063
583,-1,1190.1,626.3,23.6,41.9,0.061
584,-1,203.1,601.4,69.6,164.1,1.000
584,-1,1.8,836.4,97.2,241.0,0.979
584,-1,1787.4,593.4,43.0,163.5,0.688
584,-1,1247.4,521.7,28.1,90.3,0.383
584,-1,734.1,445.7,14.6,50.5,0.364
584,-1,868.7,484.7,16.8,36.2,0.309
584,-1,780.7,450.4,12.0,41.4,0.305
584,-1,0.9,835.7,28.6,240.8,0.091
584,-1,1522.0,640.4,43.3,36.2,0.073
584,-1,738.8,448.1,15.9,48.7,0.052
584,-1,0.2,924.2,22.9,153.0,0.050
585,-1,184.6,603.2,77.3,169.3,0.999
585,-1,0.0,839.8,74.1,237.2,0.976
585,-1,1783.9,592.7,48.0,164.5,0.866
585,-1,1245.0,520.3,27.9,89.7,0.763
585,-1,862.8,484.0,16.6,36.2,0.428
585,-1,729.4,445.6,14.4,50.7,0.403
585,-1,0.4,835.2,27.8,244.8,0.270
585,-1,776.5,451.2,12.1,40.1,0.195
585,-1,969.3,537.7,16.3,18.6,0.080
585,-1,815.4,481.9,19.7,51.4,0.079
585,-1,746.0,451.2,17.7,44.1,0.056
586,-1,169.1,604.6,78.8,171.6,0.999
586,-1,1780.3,591.5,45.8,160.4,0.979
586,-1,0.0,867.9,40.2,210.2,0.961
586,-1,1242.4,519.3,24.6,86.9,0.924
586,-1,856.7,482.3,16.5,33.0,0.190
586,-1,724.7,446.3,14.2,48.2,0.167
586,-1,672.2,448.4,11.9,43.6,0.140
586,-1,967.1,535.8,17.6,21.0,0.121
586,-1,770.1,454.7,12.4,37.9,0.094
587,-1,155.4,607.2,81.6,170.2,0.999
587,-1,1777.4,589.4,43.8,161.9,0.994
587,-1,1236.2,514.8,27.8,86.0,0.929
587,-1,0.0,631.5,16.5,444.9,0.328
587,-1,0.1,754.1,8.6,322.8,0.286
587,-1,852.1,483.5,16.3,34.1,0.269
587,-1,966.9,534.7,17.2,22.7,0.119
587,-1,0.0,517.0,29.1,556.5,0.114
587,-1,724.2,449.2,17.4,48.7,0.058
587,-1,403.6,562.8,18.4,42.6,0.052
587,-1,721.1,446.1,14.1,48.5,0.051
588,-1,138.8,610.3,86.1,171.1,0.999
588,-1,1774.9,584.6,47.5,166.1,0.995
588,-1,1235.2,524.1,26.1,77.7,0.961
588,-1,1169.7,631.4,43.8,42.7,0.441
588,-1,847.3,482.1,15.6,32.7,0.210
588,-1,1230.4,640.1,40.7,40.4,0.176
588,-1,391.8,558.2,20.5,48.3,0.141
588,-1,406.4,426.2,18.8,35.8,0.067
589,-1,129.0,613.3,81.9,172.3,1.000
589,-1,1770.8,583.5,52.6,166.1,0.997
589,-1,1231.6,518.7,25.8,84.4,0.966
589,-1,1176.2,631.1,42.0,49.7,0.625
589,-1,1233.5,645.5,39.2,38.7,0.252
589,-1,1511.6,638.4,40.2,36.6,0.247
589,-1,841.7,483.3,15.7,33.5,0.166
589,-1,377.4,544.8,25.9,73.1,0.132
589,-1,796.1,481.7,18.5,46.6,0.131
589,-1,710.1,445.4,13.7,48.4,0.128
589,-1,1195.5,634.8,26.2,44.2,0.091
589,-1,415.5,459.7,16.6,46.2,0.087
590,-1,112.1,614.8,86.1,171.8,0.999
590,-1,1768.4,581.2,55.9,172.9,0.996
590,-1,1226.9,516.2,28.7,86.2,0.954
590,-1,367.7,535.2,26.1,94.9,0.875
590,-1,1179.3,633.5,42.0,50.4,0.631
590,-1,705.2,443.2,13.6,48.5,0.241
590,-1,837.0,484.5,15.2,32.9,0.235
590,-1,1510.8,639.7,41.6,37.4,0.218
590,-1,792.2,480.4,17.9,47.1,0.076
590,-1,712.3,447.6,14.3,46.4,0.065
590,-1,342.6,527.7,50.9,98.6,0.058
591,-1,99.1,615.5,86.2,174.6,0.999
591,-1,1767.2,581.4,56.8,173.2,0.997
591,-1,353.4,532.8,31.9,96.2,0.969
591,-1,1224.4,518.8,29.9,87.0,0.920
591,-1,1178.9,637.1,48.9,54.5,0.640
591,-1,833.0,484.3,15.3,33.7,0.281
591,-1,423.0,448.7,14.8,25.3,0.104
591,-1,789.4,481.4,17.7,46.1,0.074
591,-1,371.6,571.3,18.1,51.6,0.062
592,-1,86.4,616.1,85.2,181.0,1.000
592,-1,1765.7,577.3,60.0,173.2,0.998
592,-1,345.3,533.0,34.8,96.6,0.985
592,-1,1223.5,513.5,30.3,90.5,0.960
592,-1,829.3,481.8,14.8,35.8,0.359
592,-1,363.2,571.8,20.4,54.2,0.089
592,-1,1184.7,640.0,50.0,56.6,0.080
593,-1,71.1,614.5,87.0,184.6,1.000
593,-1,1763.7,580.9,63.4,171.7,0.998
593,-1,332.2,532.1,44.2,101.3,0.985
593,-1,1224.0,517.1,28.9,90.1,0.955
593,-1,825.3,481.9,15.0,36.2,0.583
593,-1,1187.9,642.7,51.7,54.1,0.562
593,-1,1512.0,642.9,48.7,38.7,0.155
593,-1,418.1,444.7,15.3,30.0,0.063
594,-1,60.2,617.2,85.3,187.3,0.999
594,-1,1760.0,580.2,68.7,171.3,0.997
594,-1,328.7,535.7,39.8,98.2,0.993
594,-1,1223.8,519.2,28.5,87.9,0.970
594,-1,822.3,481.8,15.2,36.0,0.451
594,-1,1193.0,643.7,58.0,60.3,0.151
594,-1,399.1,461.0,13.8,45.6,0.053
595,-1,40.8,622.0,90.2,185.4,0.999
595,-1,1751.2,585.1,79.2,171.7,0.998
595,-1,322.4,534.0,42.9,101.2,0.995
595,-1,1223.6,521.3,29.3,87.9,0.976
595,-1,820.7,481.8,14.5,33.0,0.535
595,-1,393.2,455.0,17.9,56.2,0.301
595,-1,312.2,493.3,10.5,48.2,0.108
595,-1,403.8,432.8,20.5,25.2,0.071
596,-1,23.7,624.2,98.0,189.5,0.999
596,-1,1753.2,581.9,78.8,175.4,0.998
596,-1,319.7,536.0,40.7,100.1,0.998
596,-1,1224.7,522.0,28.2,82.7,0.962
596,-1,818.4,480.3,14.0,36.4,0.624
596,-1,582.3,452.5,11.9,28.6,0.093
596,-1,301.9,475.8,18.0,70.3,0.058
597,-1,11.9,624.8,96.6,190.9,0.999
597,-1,1761.4,585.6,72.2,170.0,0.998
597,-1,315.2,533.8,39.8,100.6,0.998
597,-1,1225.1,521.6,29.0,84.5,0.970
597,-1,816.9,480.6,14.2,36.2,0.698
597,-1,688.5,443.6,14.6,50.4,0.463
597,-1,1526.6,648.6,49.6,36.2,0.203
597,-1,540.6,441.3,16.7,33.7,0.197
597,-1,1293.3,670.4,59.0,52.0,0.120
597,-1,734.8,467.8,19.1,33.8,0.065
597,-1,581.9,450.9,11.8,28.8,0.055
598,-1,2.1,636.7,94.7,190.7,0.999
598,-1,309.7,537.5,44.5,103.5,0.998
598,-1,1767.2,580.5,74.6,175.2,0.997
598,-1,1225.9,521.6,28.8,85.1,0.974
598,-1,814.2,481.1,14.8,35.7,0.715
598,-1,1230.6,661.9,56.9,60.8,0.494
598,-1,685.2,446.1,13.4,47.4,0.304
598,-1,295.9,512.7,12.6,38.4,0.238
598,-1,375.0,425.1,29.2,72.2,0.187
598,-1,300.1,502.3,14.1,48.8,0.175
598,-1,1531.6,645.0,47.9,39.0,0.155
598,-1,770.4,480.9,19.6,43.1,0.130
598,-1,702.9,449.0,13.7,46.3,0.129
598,-1,693.5,446.9,13.1,47.2,0.092
598,-1,0.0,731.6,23.9,80.9,0.079
598,-1,1306.3,671.1,65.1,55.0,0.064
599,-1,0.0,640.0,83.1,195.7,0.999
599,-1,307.6,536.6,43.4,104.4,0.999
599,-1,1771.2,582.5,76.0,174.8,0.997
599,-1,1228.5,519.3,31.2,86.7,0.983
599,-1,296.1,499.0,18.6,52.1,0.587
599,-1,813.3,480.3,14.3,47.5,0.521
599,-1,684.4,444.6,13.9,51.7,0.376
599,-1,1241.6,661.9,64.6,65.4,0.362
599,-1,1535.9,643.8,49.5,39.6,0.257
599,-1,294.2,515.3,12.1,37.4,0.205
599,-1,0.0,713.4,10.5,110.6,0.129
599,-1,703.4,449.1,12.8,46.9,0.124
599,-1,731.0,448.3,11.4,42.1,0.103
599,-1,705.9,451.6,17.6,51.3,0.086
599,-1,693.2,446.9,13.9,47.3,0.062
600,-1,303.4,536.8,43.9,106.0,0.999
600,-1,0.1,644.2,71.1,200.3,0.999
600,-1,1776.8,583.4,73.1,173.6,0.997
600,-1,1229.6,517.1,31.5,88.4,0.976
600,-1,294.8,500.1,17.7,51.5,0.897
600,-1,1244.6,666.4,72.1,69.5,0.642
600,-1,385.0,470.0,15.3,47.8,0.404
600,-1,813.3,480.1,13.5,40.0,0.310
600,-1,684.7,447.2,13.9,50.3,0.307
600,-1,1537.9,647.0,48.6,38.4,0.190
600,-1,291.5,509.6,12.1,43.8,0.184
600,-1,730.3,448.5,11.3,44.0,0.125
600,-1,706.8,449.9,19.7,58.8,0.122
600,-1,770.7,478.5,17.9,39.7,0.114
600,-1,703.0,450.3,12.9,48.1,0.096
600,-1,358.3,497.9,10.5,21.1,0.064
600,-1,0.1,667.3,19.9,174.2,0.053
601,-1,299.4,538.4,45.3,105.8,0.999
601,-1,0.0,647.4,60.8,199.9,0.997
601,-1,1785.7,580.1,67.5,176.0,0.995
601,-1,1233.0,518.6,31.6,89.1,0.979
601,-1,291.1,503.1,18.3,49.8,0.950
601,-1,386.4,466.7,15.1,50.5,0.404
601,-1,812.7,480.5,14.1,44.1,0.342
601,-1,683.7,447.1,14.0,49.4,0.313
601,-1,1258.3,668.2,69.5,64.3,0.303
601,-1,1546.7,647.8,49.1,38.5,0.290
601,-1,358.0,501.0,9.1,19.2,0.289
601,-1,341.3,500.9,9.4,21.8,0.284
601,-1,352.7,498.6,11.5,20.6,0.114
601,-1,362.7,461.3,15.6,40.3,0.095
601,-1,292.6,515.8,11.2,38.7,0.092
601,-1,390.8,465.2,12.0,33.8,0.078
601,-1,703.8,450.9,13.7,49.5,0.075
601,-1,383.1,480.3,11.9,37.8,0.073
601,-1,337.7,502.7,9.7,19.3,0.067
601,-1,0.0,658.1,11.5,190.7,0.061
601,-1,730.0,449.8,11.2,42.9,0.060
602,-1,296.6,540.0,45.3,106.8,0.999
602,-1,1789.9,577.8,63.2,177.8,0.989
602,-1,0.3,659.2,48.0,192.3,0.988
602,-1,1234.3,518.3,30.8,89.0,0.981
602,-1,287.8,503.7,19.4,51.1,0.972
602,-1,810.5,480.4,15.7,50.7,0.526
602,-1,1269.0,679.6,80.8,72.8,0.456
602,-1,1553.3,649.2,49.8,38.4,0.366
602,-1,769.9,478.3,19.1,39.8,0.314
602,-1,682.8,446.0,14.1,53.2,0.291
602,-1,355.7,500.0,10.1,20.3,0.155
602,-1,381.4,483.6,13.2,36.3,0.145
602,-1,705.7,451.3,17.4,58.7,0.144
602,-1,698.1,450.8,11.9,47.8,0.096
602,-1,791.2,479.5,16.2,45.7,0.096
602,-1,384.5,466.2,15.7,51.1,0.090
602,-1,702.1,452.0,13.0,49.0,0.076
602,-1,351.1,496.0,12.7,23.9,0.075
602,-1,730.1,468.3,14.8,34.8,0.058
602,-1,1304.0,682.7,65.5,77.0,0.054
602,-1,729.3,451.5,11.1,40.9,0.051
603,-1,294.3,539.6,43.4,107.3,0.999
603,-1,1798.6,578.7,52.8,176.3,0.985
603,-1,1235.3,517.9,30.5,88.5,0.979
603,-1,0.0,662.6,34.3,197.9,0.965
603,-1,284.7,504.6,19.2,49.8,0.956
603,-1,809.5,479.1,15.0,44.5,0.373
603,-1,1552.6,649.3,56.3,38.9,0.361
603,-1,1307.8,685.4,63.4,72.4,0.351
603,-1,705.1,451.1,17.7,59.5,0.272
603,-1,681.8,446.7,13.9,50.7,0.250
603,-1,355.8,500.0,8.9,20.7,0.182
603,-1,699.5,450.1,11.7,48.1,0.181
603,-1,339.4,502.5,9.2,20.0,0.164
603,-1,381.8,485.4,11.9,34.2,0.130
603,-1,729.6,451.5,11.0,40.1,0.128
603,-1,348.0,496.5,12.0,24.3,0.114
603,-1,790.4,471.6,15.9,49.2,0.112
603,-1,0.2,608.8,36.7,388.1,0.111
603,-1,351.8,496.2,11.8,23.3,0.096
603,-1,738.5,470.6,11.9,30.8,0.093
603,-1,769.9,477.5,16.5,34.4,0.087
603,-1,731.5,472.0,14.1,30.1,0.067
603,-1,383.9,473.0,13.8,43.0,0.060
603,-1,688.8,449.9,12.7,47.6,0.060
603,-1,345.7,500.0,9.1,21.8,0.060
604,-1,290.8,543.6,45.3,108.6,1.000
604,-1,1236.3,518.6,30.8,90.5,0.989
604,-1,1810.3,579.1,42.7,177.9,0.970
604,-1,281.7,506.9,19.8,50.7,0.932
604,-1,807.6,481.6,16.5,48.9,0.584
604,-1,1301.2,689.9,84.2,77.7,0.568
604,-1,0.2,304.3,20.9,491.4,0.527
604,-1,345.3,493.3,15.0,29.8,0.350
604,-1,0.6,540.7,20.2,432.0,0.326
604,-1,335.5,503.0,10.1,22.1,0.237
604,-1,680.4,448.0,14.3,51.8,0.198
604,-1,340.0,501.5,9.9,23.6,0.167
604,-1,0.0,623.4,18.1,220.4,0.157
604,-1,790.1,471.8,16.2,52.1,0.155
604,-1,697.9,451.4,11.7,47.4,0.152
604,-1,379.9,482.3,12.5,38.3,0.138
604,-1,354.8,501.6,8.3,20.9,0.119
604,-1,705.3,454.6,17.5,59.1,0.104
604,-1,385.5,473.7,9.4,33.6,0.089
604,-1,344.0,501.1,9.3,23.2,0.065
604,-1,1319.1,691.8,107.8,83.1,0.051
605,-1,286.9,543.5,47.7,107.9,0.999
605,-1,1240.2,517.4,29.7,90.3,0.981
605,-1,279.3,506.3,20.7,51.6,0.947
605,-1,1816.3,575.4,40.1,183.4,0.927
605,-1,806.2,481.2,17.4,50.5,0.833
605,-1,1315.0,696.6,87.3,83.6,0.739
605,-1,343.2,490.5,16.0,31.2,0.476
605,-1,333.9,495.3,9.9,27.4,0.342
605,-1,378.6,479.8,13.5,38.4,0.286
605,-1,704.3,452.2,18.9,61.2,0.280
605,-1,771.0,479.3,15.9,32.7,0.258
605,-1,679.7,447.5,14.7,50.7,0.235
605,-1,789.3,472.9,16.5,52.7,0.228
605,-1,699.2,450.5,12.0,47.7,0.187
605,-1,340.8,494.7,11.2,27.6,0.166
605,-1,337.7,502.4,11.4,22.1,0.132
605,-1,349.4,495.2,12.1,25.6,0.107
605,-1,701.3,452.5,15.3,51.2,0.067
605,-1,689.1,449.7,12.5,47.3,0.065
605,-1,1348.6,701.6,62.1,98.5,0.052
606,-1,284.0,545.6,49.4,105.6,0.999
606,-1,1241.6,517.0,30.7,90.2,0.982
606,-1,276.6,505.1,20.3,52.9,0.923
606,-1,1322.7,698.4,101.8,82.9,0.744
606,-1,1825.7,569.4,35.9,188.7,0.643
606,-1,341.4,486.6,16.4,35.0,0.639
606,-1,378.8,481.3,12.2,38.3,0.612
606,-1,806.3,480.9,17.8,48.3,0.527
606,-1,333.0,494.8,9.6,27.1,0.494
606,-1,704.3,452.9,18.1,62.7,0.478
606,-1,1792.6,575.9,68.9,190.5,0.352
606,-1,680.0,447.2,14.7,50.8,0.252
606,-1,1336.7,704.1,63.1,63.3,0.204
606,-1,771.4,478.3,16.4,31.5,0.158
606,-1,789.3,469.6,16.9,48.8,0.120
606,-1,699.8,453.5,13.1,46.0,0.108
606,-1,709.9,455.6,20.5,59.1,0.105
606,-1,340.8,497.6,11.4,24.7,0.088
606,-1,372.3,463.0,16.4,48.7,0.084
606,-1,347.1,489.7,13.7,30.2,0.072
606,-1,368.0,463.6,16.1,37.2,0.062
607,-1,281.9,545.6,49.6,104.8,0.999
607,-1,1246.3,515.8,29.2,92.0,0.987
607,-1,1351.2,700.1,85.1,93.2,0.815
607,-1,276.3,506.4,17.9,50.7,0.721
607,-1,342.0,487.3,15.4,34.2,0.537
607,-1,379.8,484.5,10.8,34.5,0.488
607,-1,704.7,456.9,16.9,58.0,0.463
607,-1,808.4,482.1,15.2,45.1,0.416
607,-1,1587.1,654.6,47.2,41.1,0.408
607,-1,331.9,495.7,10.4,25.9,0.398
607,-1,1798.1,579.6,69.0,172.5,0.348
607,-1,1836.7,586.7,30.4,116.3,0.342
607,-1,680.6,446.6,14.0,51.5,0.322
607,-1,1569.0,652.9,43.5,44.0,0.206
607,-1,350.2,500.0,10.6,20.8,0.184
607,-1,699.1,453.0,12.5,45.8,0.125
607,-1,336.6,499.0,11.9,23.5,0.086
607,-1,1556.4,647.3,100.8,48.3,0.066
607,-1,1381.3,705.5,71.9,94.0,0.065
607,-1,1535.5,727.7,64.9,64.3,0.063
607,-1,728.1,474.2,15.9,34.5,0.063
607,-1,693.4,452.9,11.7,45.4,0.058
607,-1,790.4,466.5,17.5,51.1,0.058
607,-1,373.9,469.8,14.9,43.5,0.054
608,-1,280.3,544.0,46.3,104.6,0.999
608,-1,1250.1,518.0,27.0,93.1,0.988
608,-1,274.8,503.7,18.5,50.9,0.909
608,-1,342.9,485.2,13.5,32.9,0.676
608,-1,1367.5,711.8,106.4,92.7,0.549
608,-1,705.6,456.3,15.5,57.9,0.479
608,-1,682.0,443.7,14.0,50.6,0.400
608,-1,330.4,491.1,11.0,27.7,0.352
608,-1,1561.0,657.5,141.3,151.6,0.320
608,-1,804.7,479.7,19.5,39.1,0.240
608,-1,1590.1,658.3,54.2,42.9,0.239
608,-1,698.1,450.2,12.1,45.8,0.175
608,-1,1415.4,719.6,68.3,88.0,0.173
608,-1,377.3,477.9,14.2,38.1,0.158
608,-1,789.7,472.4,19.3,45.9,0.155
608,-1,392.7,443.1,12.9,37.7,0.152
608,-1,1792.2,584.3,80.6,114.5,0.147
608,-1,599.9,461.5,12.5,22.8,0.142
608,-1,702.3,451.9,12.1,51.4,0.140
608,-1,730.4,470.9,16.6,34.0,0.117
608,-1,661.4,455.6,14.3,40.6,0.103
608,-1,729.6,451.8,11.2,36.0,0.098
608,-1,1573.1,659.8,86.2,118.6,0.074
608,-1,1529.2,735.0,84.5,75.3,0.073
608,-1,361.8,425.2,34.8,93.3,0.069
608,-1,1786.4,582.5,47.5,114.4,0.068
608,-1,690.6,448.4,12.6,46.6,0.062
608,-1,336.1,494.9,11.9,24.3,0.058
608,-1,1551.4,709.1,90.9,93.8,0.055
609,-1,277.0,541.8,48.3,105.0,0.999
609,-1,1253.3,518.2,28.9,93.1,0.991
609,-1,272.2,500.8,20.3,50.9,0.964
609,-1,331.3,489.3,10.2,28.9,0.648
609,-1,342.5,484.5,14.5,32.3,0.584
609,-1,706.6,455.9,14.7,56.6,0.541
609,-1,1810.2,583.5,69.6,180.2,0.388
609,-1,1429.9,723.8,79.6,96.7,0.386
609,-1,1805.0,584.1,39.1,162.8,0.301
609,-1,681.9,443.1,13.9,51.6,0.288
609,-1,773.6,474.7,18.0,30.8,0.175
609,-1,807.0,479.9,17.2,35.2,0.168
609,-1,375.2,477.4,14.3,38.5,0.165
609,-1,790.7,469.5,18.0,47.0,0.162
609,-1,320.4,498.3,9.8,22.0,0.156
609,-1,1599.4,659.2,47.7,44.7,0.154
609,-1,350.2,492.9,9.9,23.5,0.152
609,-1,699.2,450.0,12.1,46.1,0.149
609,-1,1797.5,590.6,66.5,111.8,0.134
609,-1,1393.4,716.9,84.5,70.1,0.110
609,-1,377.2,461.3,16.4,52.7,0.092
609,-1,358.1,421.0,40.4,96.7,0.084
609,-1,730.4,451.5,11.1,35.2,0.083
609,-1,366.7,454.6,17.9,45.9,0.082
609,-1,394.0,438.2,11.7,39.3,0.080
609,-1,718.6,456.9,13.4,44.1,0.062
609,-1,340.4,490.7,10.3,26.7,0.062
609,-1,1781.4,576.3,58.5,123.2,0.054
610,-1,274.5,535.1,47.7,107.4,0.999
610,-1,1257.3,517.5,27.6,94.0,0.981
610,-1,270.5,497.5,22.5,53.7,0.828
610,-1,1814.6,584.1,47.3,184.6,0.748
610,-1,329.5,486.5,10.8,30.1,0.552
610,-1,705.5,456.7,15.5,53.9,0.551
610,-1,368.8,449.1,21.5,64.3,0.497
610,-1,1467.5,749.6,72.9,92.7,0.425
610,-1,341.7,480.1,15.3,34.4,0.409
610,-1,1596.0,661.1,62.5,46.8,0.326
610,-1,1571.5,654.9,110.7,51.7,0.294
610,-1,1416.3,728.5,111.5,101.9,0.236
610,-1,769.4,476.1,23.8,28.9,0.231
610,-1,317.5,494.7,10.7,22.8,0.226
610,-1,682.3,441.2,14.6,52.9,0.171
610,-1,789.9,476.7,18.7,35.1,0.140
610,-1,731.3,452.1,10.7,35.3,0.110
610,-1,699.4,450.0,12.0,45.0,0.095
610,-1,1799.6,583.4,55.0,126.9,0.094
610,-1,805.2,479.3,18.3,31.7,0.094
610,-1,359.1,424.1,38.1,87.9,0.093
610,-1,364.0,422.8,23.5,54.3,0.090
610,-1,662.1,452.1,14.2,42.5,0.080
610,-1,394.9,438.0,12.2,36.1,0.073
610,-1,376.7,456.2,19.0,56.6,0.068
610,-1,1816.7,555.7,72.1,236.1,0.061
610,-1,334.7,489.0,11.2,26.9,0.059
610,-1,703.4,452.2,12.2,49.4,0.054
611,-1,271.2,536.1,46.4,106.7,0.999
611,-1,1259.8,514.9,26.3,96.9,0.990
611,-1,1821.2,593.1,43.2,180.4,0.986
611,-1,268.8,500.8,17.8,50.8,0.844
611,-1,329.5,485.3,10.5,31.1,0.645
611,-1,342.3,479.9,13.6,34.9,0.605
611,-1,803.7,478.2,18.8,37.3,0.597
611,-1,1492.9,774.4,76.3,91.1,0.578
611,-1,315.2,494.0,11.4,23.6,0.509
611,-1,791.6,468.5,16.3,41.2,0.356
611,-1,706.8,460.9,13.6,51.1,0.356
611,-1,1600.9,663.6,64.7,49.0,0.325
611,-1,319.4,477.6,13.3,39.3,0.299
611,-1,1789.0,557.9,47.9,144.7,0.262
611,-1,374.1,449.9,19.4,64.3,0.208
611,-1,680.2,459.1,14.2,43.3,0.196
611,-1,368.4,453.1,18.4,57.6,0.163
611,-1,771.2,473.7,18.5,28.9,0.132
611,-1,792.5,474.2,23.7,43.6,0.111
611,-1,1459.2,748.1,107.1,112.1,0.092
611,-1,1808.3,588.6,45.5,136.2,0.089
611,-1,1434.7,737.8,103.7,100.8,0.079
611,-1,730.8,453.0,10.2,34.8,0.071
611,-1,699.9,450.4,11.6,43.4,0.055
612,-1,269.5,531.0,46.1,113.1,0.995
612,-1,1826.8,591.4,47.0,187.4,0.988
612,-1,1261.2,517.4,27.4,96.9,0.987
612,-1,318.3,476.6,15.6,39.5,0.718
612,-1,1530.5,778.3,71.0,98.0,0.659
612,-1,266.1,499.2,22.0,50.4,0.637
612,-1,802.9,477.8,19.8,39.3,0.606
612,-1,327.9,485.4,11.7,30.5,0.600
612,-1,342.2,481.2,11.8,32.4,0.503
612,-1,792.1,470.5,14.4,33.8,0.395
612,-1,1479.9,755.6,105.9,115.1,0.369
612,-1,1601.6,665.2,67.4,51.5,0.315
612,-1,707.4,461.4,14.2,50.5,0.282
612,-1,771.3,475.1,19.1,27.3,0.234
612,-1,265.8,498.9,48.8,102.4,0.190
612,-1,1796.5,561.6,45.5,142.6,0.170
612,-1,266.2,501.9,36.1,59.1,0.163
612,-1,1457.4,748.5,93.9,108.3,0.116
612,-1,680.8,458.7,13.8,43.8,0.113
612,-1,793.7,473.9,25.3,45.2,0.097
612,-1,700.5,450.3,11.4,42.9,0.058
612,-1,730.7,451.5,10.0,35.7,0.050
613,-1,265.6,531.0,46.5,109.8,0.998
613,-1,1265.8,522.7,26.2,92.9,0.989
613,-1,1830.0,595.2,49.8,187.5,0.983
613,-1,265.6,496.1,22.2,51.8,0.814
613,-1,316.7,473.6,16.1,40.3,0.756
613,-1,326.7,483.0,11.8,30.8,0.676
613,-1,707.0,458.8,13.9,51.9,0.565
613,-1,340.4,475.9,14.1,35.8,0.383
613,-1,1613.8,667.8,68.4,53.8,0.378
613,-1,1561.8,789.8,77.7,109.0,0.348
613,-1,791.8,471.9,14.2,31.1,0.287
613,-1,803.5,476.9,17.8,37.0,0.262
613,-1,680.3,460.4,13.9,41.8,0.156
613,-1,1484.4,763.6,111.2,112.7,0.152
613,-1,683.9,439.0,13.3,53.8,0.094
613,-1,698.1,447.1,12.0,45.3,0.089
613,-1,702.0,447.5,12.1,42.0,0.069
613,-1,1491.5,772.4,156.2,141.7,0.060
614,-1,264.1,530.3,45.8,111.1,0.998
614,-1,1266.4,522.2,28.6,94.0,0.989
614,-1,1838.8,598.7,53.0,189.2,0.966
614,-1,315.4,470.6,16.6,42.9,0.890
614,-1,263.5,495.0,21.5,52.5,0.845
614,-1,339.1,473.0,15.4,38.5,0.778
614,-1,321.8,471.2,15.0,42.6,0.730
614,-1,792.1,471.6,14.3,32.1,0.613
614,-1,706.6,459.6,13.9,51.4,0.510
614,-1,1623.7,675.1,65.4,49.6,0.373
614,-1,805.8,480.1,14.6,31.7,0.370
614,-1,1591.6,809.2,86.9,113.9,0.366
614,-1,376.4,458.9,13.0,48.4,0.209
614,-1,771.3,474.4,23.5,31.5,0.151
614,-1,680.5,459.1,13.7,44.2,0.106
614,-1,683.4,441.9,12.7,52.2,0.080
614,-1,699.3,448.2,11.5,42.9,0.067
614,-1,369.0,456.5,13.9,48.6,0.059
614,-1,793.0,471.0,26.2,43.3,0.056
614,-1,1523.8,775.9,94.2,99.9,0.055
614,-1,351.8,452.1,16.5,41.3,0.054
615,-1,261.6,531.7,45.7,109.4,0.999
615,-1,1270.6,522.5,27.7,96.9,0.987
615,-1,1842.6,604.5,56.6,187.6,0.964
615,-1,261.5,495.4,19.5,53.0,0.959
615,-1,314.1,470.9,15.9,41.9,0.863
615,-1,338.3,472.5,15.5,38.0,0.728
615,-1,324.9,476.0,12.7,36.5,0.698
615,-1,792.9,470.8,14.9,32.3,0.611
615,-1,706.8,458.9,14.1,52.2,0.596
615,-1,769.5,473.3,22.2,31.7,0.441
615,-1,1637.2,815.0,83.6,125.5,0.371
615,-1,805.3,479.3,14.3,30.8,0.369
615,-1,1557.6,791.6,109.7,107.9,0.300
615,-1,1638.0,679.4,63.2,51.9,0.244
615,-1,1575.2,794.5,144.9,146.9,0.224
615,-1,793.5,471.4,24.8,38.8,0.110
615,-1,681.0,457.7,13.4,45.1,0.098
615,-1,684.5,439.5,13.3,51.3,0.095
615,-1,605.7,457.5,11.4,20.1,0.079
615,-1,384.4,456.3,10.3,33.1,0.060
615,-1,699.4,447.8,12.0,43.7,0.054
616,-1,258.9,531.3,43.9,110.6,0.998
616,-1,1271.5,526.7,29.0,96.7,0.993
616,-1,1848.6,604.0,58.0,194.6,0.972
616,-1,313.2,470.7,16.2,43.0,0.878
616,-1,259.4,495.9,20.9,52.5,0.857
616,-1,337.9,473.9,15.6,37.3,0.611
616,-1,707.1,457.4,15.1,55.1,0.599
616,-1,322.8,472.0,13.2,41.1,0.571
616,-1,1641.0,685.2,64.6,50.6,0.544
616,-1,802.1,478.8,18.4,35.1,0.330
616,-1,774.2,475.3,18.5,29.4,0.314
616,-1,792.7,474.3,14.8,30.9,0.277
616,-1,680.2,461.2,14.1,42.9,0.247
616,-1,1677.2,851.6,96.2,122.3,0.220
616,-1,1646.5,822.8,95.8,124.7,0.074
616,-1,662.4,455.7,13.0,39.4,0.074
616,-1,738.8,467.2,11.9,42.0,0.073
616,-1,381.4,459.7,10.9,33.1,0.072
616,-1,684.3,441.2,13.1,52.9,0.069
616,-1,375.0,459.0,13.3,48.0,0.063
616,-1,367.5,454.7,14.3,51.6,0.062
616,-1,796.2,473.1,20.7,35.4,0.056
617,-1,256.3,531.3,45.6,111.6,0.998
617,-1,1275.3,528.6,29.2,96.9,0.990
617,-1,1850.4,604.8,58.3,201.4,0.976
617,-1,257.8,495.4,20.0,53.2,0.925
617,-1,312.7,472.5,16.1,40.7,0.836
617,-1,1665.5,687.0,68.7,55.9,0.583
617,-1,705.7,455.4,14.8,57.5,0.539
617,-1,322.8,474.1,12.6,37.9,0.491
617,-1,770.7,475.9,23.9,31.7,0.448
617,-1,338.2,473.7,14.4,36.7,0.392
617,-1,1640.7,687.8,48.5,52.7,0.330
617,-1,801.0,479.3,19.7,34.3,0.291
617,-1,1638.7,829.1,94.4,90.1,0.208
617,-1,792.7,471.2,18.5,33.8,0.193
617,-1,1721.8,853.2,97.1,136.5,0.131
617,-1,683.3,440.6,14.3,53.3,0.125
617,-1,1832.3,573.0,47.4,131.4,0.120
617,-1,379.8,456.0,13.0,35.1,0.099
617,-1,680.6,457.2,14.4,47.2,0.094
617,-1,366.6,456.3,15.9,50.9,0.091
617,-1,1670.4,833.5,76.9,74.9,0.073
617,-1,1860.7,713.4,48.7,91.6,0.059
617,-1,1688.2,846.5,89.8,98.3,0.054
618,-1,252.0,534.3,45.5,110.8,0.994
618,-1,1276.3,531.9,30.1,98.9,0.994
618,-1,1859.1,607.3,56.7,204.5,0.977
618,-1,309.2,472.0,16.9,41.3,0.880
618,-1,254.5,496.3,20.8,53.1,0.848
618,-1,1664.3,693.9,62.1,52.0,0.636
618,-1,706.7,459.2,13.8,54.2,0.571
618,-1,322.5,476.6,11.7,35.8,0.480
618,-1,316.6,471.8,15.7,41.2,0.417
618,-1,772.3,476.7,20.9,29.7,0.347
618,-1,337.4,472.2,17.0,38.5,0.290
618,-1,800.9,477.1,19.5,34.8,0.252
618,-1,791.5,471.9,15.6,32.6,0.178
618,-1,1664.8,844.6,99.7,84.8,0.150
618,-1,378.4,459.6,13.4,32.8,0.137
618,-1,733.0,467.8,14.0,42.1,0.128
618,-1,683.4,440.5,14.0,55.4,0.126
618,-1,680.5,458.2,14.2,46.3,0.092
618,-1,336.3,481.5,12.4,29.8,0.087
618,-1,365.9,456.9,15.9,50.1,0.079
618,-1,256.2,505.0,44.4,106.1,0.071
618,-1,350.2,411.9,41.6,95.0,0.062
618,-1,1765.3,885.9,117.8,150.6,0.056
619,-1,249.6,537.6,47.3,107.3,0.998
619,-1,1864.0,606.7,53.1,208.4,0.988
619,-1,1279.6,530.5,30.8,100.5,0.988
619,-1,252.0,496.0,23.6,54.6,0.907
619,-1,307.4,472.4,18.1,41.8,0.868
619,-1,706.9,458.4,14.8,55.4,0.595
619,-1,320.7,477.0,12.6,35.9,0.493
619,-1,1669.1,695.4,62.6,53.9,0.437
619,-1,1848.7,930.8,71.3,115.5,0.371
619,-1,770.1,475.0,22.3,33.5,0.303
619,-1,379.9,458.0,13.2,35.4,0.274
619,-1,801.0,478.4,19.2,34.1,0.238
619,-1,792.9,471.1,18.8,35.5,0.217
619,-1,1651.1,694.4,55.9,54.7,0.213
619,-1,680.5,460.8,14.2,44.3,0.178
619,-1,334.8,474.6,14.7,37.2,0.158
619,-1,1806.2,887.9,111.3,156.8,0.123
619,-1,737.2,468.1,11.7,41.9,0.119
619,-1,683.0,443.6,13.8,54.7,0.112
619,-1,1890.4,611.9,29.0,202.7,0.051
620,-1,249.0,535.4,44.9,108.9,0.999
620,-1,1870.9,611.8,47.1,207.6,0.995
620,-1,1282.1,530.3,29.7,103.3,0.986
620,-1,250.9,496.5,21.0,55.2,0.954
620,-1,307.1,473.3,18.3,40.9,0.921
620,-1,320.2,479.0,12.2,34.0,0.630
620,-1,706.5,466.9,12.8,48.0,0.543
620,-1,1663.5,700.8,51.6,53.2,0.420
620,-1,770.9,475.9,21.1,32.2,0.402
620,-1,1684.4,702.4,73.0,52.9,0.389
620,-1,801.0,477.9,19.0,33.7,0.375
620,-1,792.8,470.5,22.3,38.1,0.318
620,-1,380.1,456.1,13.1,36.2,0.305
620,-1,334.1,479.6,15.3,32.5,0.225
620,-1,680.5,461.9,14.1,42.1,0.136
620,-1,1719.1,877.1,180.9,137.5,0.122
620,-1,662.8,455.7,13.7,40.0,0.088
620,-1,683.5,446.4,13.2,51.4,0.085
620,-1,1754.4,884.9,109.8,100.8,0.080
620,-1,367.4,469.3,13.9,42.0,0.064
620,-1,733.7,468.9,12.9,40.6,0.052
621,-1,246.7,534.3,44.6,112.5,0.998
621,-1,1876.4,612.2,42.9,195.6,0.992
621,-1,1282.5,530.9,31.8,101.9,0.976
621,-1,248.9,497.2,21.2,54.1,0.955
621,-1,304.6,474.3,19.4,41.1,0.806
621,-1,793.1,471.6,26.0,38.0,0.636
621,-1,318.7,474.3,13.1,39.5,0.553
621,-1,1695.7,700.6,73.4,57.4,0.419
621,-1,707.2,461.1,13.7,53.1,0.380
621,-1,770.2,475.2,22.5,34.3,0.363
621,-1,1673.2,701.2,66.6,56.0,0.351
621,-1,380.2,458.4,12.2,33.4,0.196
621,-1,680.7,460.2,14.1,44.3,0.119
621,-1,333.2,479.4,16.2,33.0,0.115
621,-1,733.9,467.9,12.7,40.8,0.097
621,-1,661.9,452.8,14.3,43.0,0.090
621,-1,683.7,441.3,13.3,56.9,0.081
621,-1,364.5,459.7,15.4,51.0,0.070
622,-1,242.9,535.1,46.2,112.7,0.998
622,-1,1879.8,614.3,40.0,186.0,0.983
622,-1,1288.6,531.6,30.0,104.8,0.969
622,-1,247.3,497.4,22.0,53.0,0.934
622,-1,303.3,475.4,19.3,40.9,0.873
622,-1,792.7,472.4,25.6,37.7,0.762
622,-1,318.6,475.4,12.5,38.6,0.551
622,-1,1698.9,705.9,65.4,55.9,0.427
622,-1,706.6,459.5,15.2,56.2,0.351
622,-1,1708.3,707.4,95.4,59.0,0.251
622,-1,772.4,476.9,20.1,31.2,0.244
622,-1,378.9,458.0,14.4,35.3,0.241
622,-1,568.3,429.7,18.2,43.3,0.201
622,-1,1681.9,705.6,55.8,56.4,0.199
622,-1,334.4,478.1,16.2,35.1,0.175
622,-1,681.0,462.0,14.3,42.4,0.144
622,-1,661.9,452.4,14.5,43.8,0.140
622,-1,684.4,441.9,13.3,56.5,0.135
622,-1,631.0,446.4,11.7,47.6,0.133
622,-1,328.7,481.3,16.1,32.0,0.112
622,-1,362.0,454.5,17.2,57.2,0.111
622,-1,320.8,484.4,18.3,30.4,0.095
622,-1,1869.2,263.2,50.2,123.9,0.084
622,-1,651.8,452.6,14.2,41.8,0.064
622,-1,733.7,469.8,12.9,39.8,0.057
622,-1,358.9,450.7,19.0,37.4,0.053
622,-1,385.9,444.4,11.9,34.6,0.052
623,-1,240.6,539.8,46.5,112.3,0.998
623,-1,1292.5,529.9,31.4,103.0,0.974
623,-1,1887.7,612.6,32.1,191.4,0.945
623,-1,303.3,478.3,18.1,40.6,0.853
623,-1,792.8,471.9,26.2,40.3,0.740
623,-1,317.4,478.2,13.6,38.0,0.665
623,-1,1713.3,708.6,63.8,52.9,0.453
623,-1,772.5,478.1,21.2,31.7,0.234
623,-1,246.1,501.3,17.8,48.5,0.218
623,-1,707.3,462.7,13.2,53.5,0.208
623,-1,333.8,477.7,14.2,38.6,0.200
623,-1,662.1,458.2,13.6,38.7,0.198
623,-1,1692.1,706.7,61.4,56.6,0.178
623,-1,1876.3,260.4,43.7,106.1,0.169
623,-1,683.9,442.8,14.0,55.6,0.159
623,-1,377.5,455.6,13.3,41.5,0.148
623,-1,328.9,484.8,14.6,30.9,0.147
623,-1,361.9,454.6,16.7,55.8,0.104
623,-1,336.5,492.5,12.9,23.4,0.079
623,-1,704.2,451.5,13.3,47.8,0.054
624,-1,239.2,535.5,46.8,113.2,0.997
624,-1,1297.0,533.6,31.7,104.2,0.989
624,-1,303.8,475.5,17.8,41.2,0.897
624,-1,1895.8,633.6,24.0,161.1,0.838
624,-1,317.4,475.1,14.7,40.7,0.731
624,-1,794.2,473.4,26.2,37.1,0.628
624,-1,245.9,499.1,20.9,51.5,0.408
624,-1,379.1,453.5,15.3,40.3,0.365
624,-1,1710.8,712.0,77.7,58.2,0.317
624,-1,335.0,477.8,15.1,36.3,0.267
624,-1,773.5,477.4,21.2,33.2,0.202
624,-1,1888.2,261.9,31.7,85.1,0.198
624,-1,571.5,429.3,17.6,43.6,0.189
624,-1,708.6,458.6,14.1,58.2,0.175
624,-1,363.8,458.5,16.6,55.4,0.166
624,-1,686.6,443.8,13.2,54.6,0.131
624,-1,735.0,452.2,10.9,39.3,0.085
624,-1,695.5,451.1,13.0,48.8,0.075
624,-1,679.9,463.2,16.2,43.5,0.060
624,-1,372.9,460.9,14.5,47.2,0.054
624,-1,328.2,481.7,14.5,32.4,0.052
625,-1,237.5,539.0,47.5,116.9,0.998
625,-1,1302.1,534.5,32.9,103.9,0.991
625,-1,304.6,482.1,16.3,41.6,0.950
625,-1,317.7,480.5,14.3,41.8,0.848
625,-1,1852.1,996.7,67.9,82.2,0.483
625,-1,711.5,475.8,11.1,46.7,0.424
625,-1,337.8,490.7,13.9,29.4,0.421
625,-1,381.4,467.3,10.4,32.5,0.399
625,-1,795.2,473.6,25.5,40.2,0.376
625,-1,366.2,472.3,16.0,47.5,0.361
625,-1,245.2,504.1,17.9,45.2,0.286
625,-1,1714.6,713.7,77.9,60.2,0.243
625,-1,332.3,488.8,15.0,31.1,0.158
625,-1,773.8,479.6,21.8,34.2,0.131
625,-1,373.6,466.1,13.3,45.5,0.088
625,-1,1741.5,713.0,79.3,62.7,0.085
625,-1,404.8,449.3,11.1,30.3,0.058
625,-1,681.3,468.4,14.8,41.2,0.058
626,-1,236.0,536.7,47.5,116.4,0.998
626,-1,1308.1,534.8,32.0,102.8,0.989
626,-1,306.9,478.2,16.1,41.2,0.946
626,-1,797.6,472.4,25.5,39.2,0.729
626,-1,319.6,477.7,14.4,41.2,0.717
626,-1,711.7,466.1,13.2,51.3,0.629
626,-1,245.3,500.9,19.3,46.6,0.436
626,-1,337.0,483.8,16.0,32.3,0.378
626,-1,380.9,458.3,12.5,38.3,0.338
626,-1,1721.3,712.2,60.9,61.9,0.213
626,-1,369.4,471.2,13.2,43.7,0.198
626,-1,325.3,482.0,17.7,35.4,0.170
626,-1,776.4,477.0,23.1,34.9,0.153
626,-1,1739.1,714.9,76.8,60.2,0.113
626,-1,688.9,448.7,13.8,49.7,0.111
626,-1,686.0,462.3,14.1,45.1,0.107
626,-1,372.7,462.7,14.1,49.8,0.099
626,-1,1644.5,703.6,55.5,62.0,0.075
626,-1,384.9,461.3,11.9,32.3,0.055
627,-1,237.7,545.8,40.5,116.7,0.997
627,-1,1313.5,534.2,32.5,102.8,0.993
627,-1,306.7,482.6,17.4,42.8,0.959
627,-1,319.2,482.1,15.0,43.1,0.784
627,-1,381.2,464.6,11.8,37.6,0.474
627,-1,798.6,473.2,25.5,40.3,0.435
627,-1,1745.4,711.6,80.8,60.1,0.319
627,-1,336.1,489.1,15.9,32.7,0.295
627,-1,1656.6,705.1,53.2,56.5,0.285
627,-1,777.1,480.5,22.6,33.1,0.214
627,-1,368.4,467.2,15.6,52.1,0.203
627,-1,712.8,466.7,13.1,52.6,0.179
627,-1,327.4,487.4,19.7,35.2,0.169
627,-1,244.2,506.9,20.1,42.1,0.118
627,-1,345.5,461.1,19.2,42.7,0.079
627,-1,384.6,466.3,13.2,33.6,0.078
627,-1,376.2,465.9,12.4,41.2,0.066
627,-1,685.2,467.2,15.0,41.8,0.066
628,-1,235.4,540.7,47.3,120.5,0.996
628,-1,1319.3,535.6,35.5,106.3,0.993
628,-1,307.2,480.8,16.6,44.6,0.968
628,-1,321.5,481.1,15.3,44.3,0.850
628,-1,384.3,464.3,13.1,36.7,0.397
628,-1,1756.5,717.4,72.7,62.9,0.265
628,-1,553.0,443.5,19.1,35.4,0.167
628,-1,381.9,468.7,11.1,31.2,0.165
628,-1,326.0,485.1,19.6,37.6,0.141
628,-1,339.2,492.7,15.8,28.0,0.139
628,-1,360.2,477.5,12.8,28.2,0.128
628,-1,802.5,476.7,23.4,37.6,0.121
628,-1,779.4,485.8,22.9,29.8,0.080
628,-1,360.7,463.2,15.8,39.4,0.074
628,-1,716.2,464.6,12.6,57.4,0.062
629,-1,236.1,551.4,46.8,117.3,0.999
629,-1,1325.4,532.5,34.8,103.5,0.995
629,-1,310.6,486.9,14.8,43.5,0.954
629,-1,325.2,494.2,11.9,35.0,0.839
629,-1,386.3,475.2,10.3,29.7,0.443
629,-1,341.4,496.9,13.4,28.4,0.359
629,-1,804.2,474.2,24.2,39.7,0.326
629,-1,330.2,495.5,12.0,31.8,0.263
629,-1,782.9,483.3,22.7,33.2,0.224
629,-1,718.3,475.9,12.1,45.7,0.210
629,-1,381.9,470.0,11.2,35.2,0.190
629,-1,1768.7,712.8,61.9,60.9,0.128
629,-1,335.7,496.1,13.8,29.2,0.104
629,-1,695.7,451.0,14.0,52.2,0.102
629,-1,387.7,469.5,13.0,31.6,0.095
629,-1,348.0,476.1,18.3,43.8,0.080
629,-1,402.0,456.6,11.4,32.4,0.062
629,-1,747.4,475.5,11.7,38.0,0.060
630,-1,236.0,552.4,48.9,115.8,0.998
630,-1,1330.7,532.1,42.3,107.9,0.994
630,-1,313.3,488.1,15.5,42.8,0.954
630,-1,327.7,491.1,12.6,38.4,0.677
630,-1,346.8,496.7,11.5,28.4,0.448
630,-1,388.9,471.5,11.5,33.8,0.411
630,-1,391.0,475.9,14.6,28.0,0.334
630,-1,722.3,473.7,12.0,49.3,0.268
630,-1,384.6,470.9,11.8,30.4,0.245
630,-1,1785.2,715.7,73.3,64.0,0.227
630,-1,400.7,463.5,11.6,30.7,0.181
630,-1,809.2,473.5,23.0,39.3,0.174
630,-1,333.8,494.6,14.8,31.5,0.172
630,-1,693.0,469.1,14.3,42.4,0.123
630,-1,379.4,470.7,13.9,50.5,0.107
630,-1,247.4,512.6,19.8,50.7,0.104
630,-1,341.2,493.7,13.3,31.4,0.065
630,-1,405.9,458.6,10.6,29.0,0.062
630,-1,396.2,468.4,11.2,27.8,0.060
631,-1,237.1,552.6,50.6,116.2,0.999
631,-1,1340.6,532.8,37.1,105.1,0.995
631,-1,315.5,485.6,16.2,44.3,0.974
631,-1,331.2,487.0,15.3,40.7,0.809
631,-1,377.5,469.9,15.8,54.8,0.743
631,-1,390.4,470.1,11.9,33.0,0.555
631,-1,347.6,490.6,14.2,34.5,0.468
631,-1,355.3,462.9,19.1,59.7,0.450
631,-1,335.2,491.2,17.8,34.3,0.378
631,-1,810.7,474.4,25.3,38.2,0.319
631,-1,394.6,470.1,12.4,32.2,0.255
631,-1,1805.9,716.0,72.1,64.9,0.201
631,-1,249.0,510.2,22.5,51.7,0.176
631,-1,398.4,467.5,12.3,30.2,0.141
631,-1,401.5,466.8,13.8,26.7,0.138
631,-1,365.4,468.0,16.6,50.7,0.074
631,-1,371.1,466.8,14.4,44.3,0.062
631,-1,726.2,464.8,12.1,56.8,0.058
632,-1,237.9,555.4,50.8,115.7,0.999
632,-1,1345.8,532.6,41.7,110.7,0.991
632,-1,317.3,488.0,16.2,43.7,0.953
632,-1,332.6,488.4,15.5,41.9,0.786
632,-1,394.6,467.3,13.6,38.3,0.667
632,-1,350.6,492.8,14.2,33.6,0.639
632,-1,337.2,494.4,16.0,34.5,0.382
632,-1,359.5,468.0,17.1,53.0,0.288
632,-1,248.5,512.8,23.7,58.5,0.224
632,-1,815.4,474.6,23.2,38.2,0.206
632,-1,1821.6,721.9,75.2,68.4,0.169
632,-1,413.4,453.3,15.1,37.7,0.142
632,-1,378.2,474.4,16.6,51.8,0.136
632,-1,324.4,488.3,16.2,43.2,0.102
632,-1,704.7,450.8,13.4,52.4,0.081
632,-1,399.4,463.8,13.6,35.9,0.061
632,-1,391.6,472.2,12.6,35.1,0.061
632,-1,387.3,470.7,14.8,47.0,0.055
632,-1,728.4,459.4,12.3,55.6,0.052
633,-1,239.2,555.3,49.7,116.8,0.999
633,-1,1355.7,534.9,38.3,107.0,0.988
633,-1,321.3,489.2,16.2,43.2,0.944
633,-1,336.5,488.8,15.7,41.2,0.791
633,-1,355.7,495.0,11.4,31.2,0.594
633,-1,387.0,473.9,14.2,53.9,0.484
633,-1,341.1,494.3,17.8,34.4,0.483
633,-1,251.5,514.4,22.6,60.0,0.442
633,-1,396.1,470.1,13.1,36.0,0.423
633,-1,1838.6,723.7,77.1,71.3,0.360
633,-1,347.6,491.9,15.6,35.7,0.355
633,-1,363.0,468.6,17.5,52.3,0.130
633,-1,818.0,474.2,23.8,39.0,0.125
633,-1,327.9,488.5,16.4,42.9,0.113
633,-1,401.5,470.8,14.5,35.0,0.100
633,-1,1747.8,719.7,62.9,63.2,0.076
633,-1,368.5,473.4,16.5,48.6,0.071
633,-1,250.4,523.9,41.8,117.3,0.054
634,-1,240.3,558.8,48.9,117.4,0.999
634,-1,1363.1,540.4,37.7,103.6,0.989
634,-1,323.7,493.4,15.2,40.3,0.934
634,-1,338.4,491.8,15.9,40.0,0.789
634,-1,399.9,470.8,13.7,37.4,0.690
634,-1,253.9,518.3,21.2,56.4,0.658
634,-1,344.6,494.0,18.1,36.4,0.479
634,-1,355.9,495.5,12.9,33.4,0.452
634,-1,385.9,475.5,14.9,52.3,0.388
634,-1,253.6,519.8,39.6,113.0,0.135
634,-1,821.5,475.9,24.0,39.7,0.114
634,-1,1761.9,719.3,67.8,68.4,0.071
634,-1,391.0,472.1,14.7,52.5,0.061
634,-1,420.7,454.2,14.8,36.5,0.051
635,-1,241.6,551.8,48.2,122.0,0.999
635,-1,1369.9,533.6,41.3,113.5,0.990
635,-1,326.6,490.2,16.1,41.4,0.926
635,-1,341.5,487.9,32.6,41.0,0.924
635,-1,258.0,514.7,18.9,58.3,0.549
635,-1,404.6,468.3,14.2,37.5,0.533
635,-1,342.0,489.0,15.6,41.4,0.529
635,-1,347.8,491.8,18.4,35.5,0.393
635,-1,358.4,495.9,12.7,30.8,0.351
635,-1,252.5,521.8,40.7,121.1,0.208
635,-1,388.1,474.1,15.9,51.8,0.159
635,-1,423.6,449.4,16.8,39.7,0.156
635,-1,1714.7,710.4,79.0,66.8,0.148
635,-1,369.0,469.1,17.1,53.9,0.108
635,-1,1780.3,725.4,86.5,80.5,0.108
635,-1,1727.0,718.1,109.3,72.5,0.073
635,-1,395.1,473.7,13.7,51.3,0.063
636,-1,244.1,559.9,47.4,118.3,0.999
636,-1,1377.9,536.4,41.6,114.9,0.989
636,-1,329.8,493.2,16.3,43.8,0.946
636,-1,257.5,521.4,20.7,56.5,0.767
636,-1,343.2,492.6,32.7,41.2,0.591
636,-1,344.6,493.0,16.5,41.0,0.410
636,-1,407.6,472.0,14.8,37.0,0.345
636,-1,355.5,496.1,17.7,36.2,0.254
636,-1,427.3,455.4,14.3,34.9,0.088
636,-1,256.4,525.8,32.8,92.2,0.070
637,-1,247.0,556.9,44.3,124.2,0.999
637,-1,1389.5,544.4,37.4,112.3,0.938
637,-1,333.8,492.8,16.9,44.7,0.931
637,-1,258.4,520.6,21.6,55.2,0.800
637,-1,348.9,491.0,19.7,43.2,0.664
637,-1,361.7,494.5,17.0,37.3,0.517
637,-1,411.9,473.4,15.1,35.2,0.512
637,-1,374.6,472.6,18.1,53.4,0.137
637,-1,342.5,491.9,15.2,44.4,0.133
637,-1,398.7,472.9,13.6,55.8,0.118
637,-1,258.1,524.3,28.8,75.7,0.115
637,-1,407.6,470.5,13.4,38.8,0.086
637,-1,722.8,459.1,13.8,54.7,0.084
638,-1,248.6,558.0,45.3,125.2,0.999
638,-1,1402.3,536.7,37.0,121.4,0.979
638,-1,259.5,524.3,22.5,56.4,0.859
638,-1,336.6,497.7,17.2,42.6,0.858
638,-1,351.0,495.2,21.0,43.0,0.429
638,-1,417.0,480.1,13.4,32.7,0.357
638,-1,357.3,498.0,21.4,38.1,0.330
638,-1,365.6,501.7,16.0,31.1,0.207
638,-1,425.3,489.2,19.1,33.4,0.115
638,-1,421.4,476.2,14.0,29.0,0.100
638,-1,434.0,458.0,13.1,32.3,0.052
638,-1,1847.5,762.0,65.6,66.7,0.051
639,-1,251.5,557.0,44.9,128.0,0.999
639,-1,1412.1,544.0,35.6,121.8,0.971
639,-1,260.6,523.7,23.3,59.4,0.941
639,-1,340.8,496.4,17.2,44.4,0.905
639,-1,367.5,502.4,17.2,32.8,0.548
639,-1,421.7,483.2,12.1,29.0,0.470
639,-1,355.8,496.0,17.7,42.4,0.400
639,-1,258.6,547.6,34.8,96.7,0.067
639,-1,425.5,474.6,13.3,28.2,0.061
639,-1,431.7,486.9,16.7,33.1,0.060
640,-1,253.2,562.0,45.1,125.1,0.998
640,-1,1422.4,551.2,35.1,97.6,0.978
640,-1,343.6,498.1,16.8,44.2,0.923
640,-1,263.4,525.7,22.2,55.5,0.829
640,-1,371.1,501.5,18.3,34.5,0.537
640,-1,426.5,487.9,12.5,27.3,0.447
640,-1,359.1,497.9,18.7,42.0,0.412
640,-1,421.3,481.3,12.1,32.5,0.252
640,-1,846.6,488.0,21.8,40.3,0.079
640,-1,425.5,476.8,14.9,26.0,0.079
640,-1,435.1,472.0,13.1,27.7,0.062
641,-1,257.4,564.8,40.7,125.6,0.998
641,-1,1431.1,553.0,36.7,105.8,0.932
641,-1,347.6,500.6,16.8,42.0,0.914
641,-1,265.1,527.1,22.8,55.6,0.859
641,-1,361.4,498.5,17.0,42.1,0.700
641,-1,374.4,500.8,20.6,36.4,0.590
641,-1,428.8,481.4,14.0,33.5,0.471
641,-1,368.4,499.7,19.9,39.4,0.314
641,-1,425.5,482.9,12.3,33.1,0.173
641,-1,432.9,480.9,14.5,31.6,0.106
641,-1,436.4,487.7,23.8,39.3,0.090
641,-1,1825.6,270.2,74.1,109.8,0.054
642,-1,259.9,558.5,42.3,131.1,0.996
642,-1,1443.6,556.5,35.8,106.1,0.971
642,-1,351.6,500.1,16.2,42.4,0.930
642,-1,266.5,528.0,23.4,57.1,0.879
642,-1,379.2,505.0,17.7,32.4,0.680
642,-1,366.7,501.2,14.7,40.3,0.477
642,-1,431.7,480.9,14.0,34.8,0.428
642,-1,358.3,501.1,16.1,41.0,0.099
642,-1,440.4,476.9,13.8,29.7,0.075
643,-1,262.9,562.7,43.8,128.9,0.996
643,-1,1455.6,561.1,35.8,102.8,0.963
643,-1,356.8,499.7,16.2,42.9,0.911
643,-1,382.2,502.2,17.7,36.1,0.645
643,-1,436.2,482.8,12.9,33.7,0.619
643,-1,270.5,526.8,22.3,50.8,0.615
643,-1,370.9,502.0,14.6,39.5,0.505
643,-1,437.9,477.4,16.6,34.4,0.236
643,-1,363.5,500.7,15.8,41.6,0.143
644,-1,267.2,568.9,38.5,124.3,0.990
644,-1,1469.0,560.0,32.8,118.9,0.949
644,-1,361.0,500.8,16.0,41.7,0.863
644,-1,386.9,503.0,16.3,35.3,0.656
644,-1,443.0,485.9,13.7,28.9,0.563
644,-1,273.1,527.6,22.5,53.3,0.553
644,-1,376.1,501.4,13.9,39.6,0.494
644,-1,381.3,500.7,15.1,38.5,0.169
644,-1,445.3,479.7,14.7,30.6,0.081
644,-1,395.6,504.1,12.8,33.0,0.063
645,-1,269.6,569.0,40.0,125.8,0.995
645,-1,365.9,500.8,16.4,41.6,0.867
645,-1,1479.5,565.1,36.0,82.2,0.785
645,-1,392.4,503.8,17.1,35.4,0.701
645,-1,444.7,480.3,11.4,34.6,0.697
645,-1,447.0,480.2,16.5,34.6,0.633
645,-1,276.8,528.6,21.3,48.5,0.629
645,-1,380.7,505.7,13.0,35.4,0.522
645,-1,387.7,500.5,15.3,38.8,0.200
645,-1,1472.2,559.5,48.0,124.3,0.099
645,-1,434.6,480.2,13.0,57.1,0.084
645,-1,446.0,475.6,14.2,29.3,0.078
645,-1,448.6,474.6,16.2,21.9,0.053
645,-1,454.1,477.5,16.9,23.4,0.052
646,-1,272.2,570.7,40.5,125.1,0.995
646,-1,369.1,501.8,16.5,41.3,0.931
646,-1,395.0,504.8,16.7,34.4,0.852
646,-1,280.1,527.3,21.7,51.4,0.699
646,-1,452.4,483.8,15.9,30.1,0.525
646,-1,384.5,504.3,13.1,37.3,0.447
646,-1,1490.5,562.0,37.3,69.5,0.308
646,-1,389.8,502.3,12.9,37.3,0.206
646,-1,457.4,483.0,19.9,33.2,0.144
646,-1,1484.4,575.2,44.9,110.6,0.131
646,-1,455.4,477.3,16.3,28.6,0.106
646,-1,275.6,565.7,30.3,87.2,0.086
646,-1,375.4,503.4,15.8,38.8,0.066
646,-1,408.3,506.8,10.5,30.7,0.054
647,-1,272.8,568.7,34.8,126.9,0.997
647,-1,374.3,501.7,16.8,41.4,0.910
647,-1,1502.0,567.7,38.7,73.4,0.880
647,-1,400.7,505.7,16.5,33.3,0.821
647,-1,283.9,526.8,22.2,51.4,0.789
647,-1,389.1,504.5,13.9,37.1,0.492
647,-1,458.0,484.0,15.2,30.9,0.451
647,-1,1498.8,563.5,49.1,130.6,0.376
647,-1,393.7,501.8,14.9,38.1,0.152
647,-1,463.6,483.7,18.0,33.7,0.135
647,-1,454.9,478.9,14.4,31.0,0.111
647,-1,461.6,477.7,14.6,29.1,0.070
647,-1,446.2,488.1,12.2,48.5,0.051
648,-1,279.2,569.8,41.4,126.7,0.998
648,-1,379.1,502.6,16.6,41.8,0.921
648,-1,1513.9,563.6,39.6,75.2,0.895
648,-1,406.0,507.6,16.2,32.5,0.779
648,-1,289.0,529.9,21.2,49.7,0.651
648,-1,394.3,507.9,12.1,35.1,0.344
648,-1,463.5,486.8,13.0,28.2,0.324
648,-1,400.4,501.7,17.7,39.3,0.304
648,-1,1511.4,568.2,47.3,119.9,0.303
648,-1,469.0,483.5,13.8,30.6,0.055
649,-1,285.0,558.7,38.5,133.3,0.997
649,-1,384.2,496.7,17.2,42.9,0.855
649,-1,1524.2,570.7,47.8,64.5,0.788
649,-1,469.0,478.4,12.5,31.4,0.572
649,-1,412.9,497.2,16.1,38.0,0.551
649,-1,291.9,522.9,24.2,50.4,0.542
649,-1,400.0,503.3,14.1,34.4,0.463
649,-1,472.6,479.2,13.4,32.4,0.446
649,-1,1522.5,570.3,58.6,111.4,0.359
649,-1,406.7,494.7,17.1,40.3,0.123
649,-1,476.4,472.1,13.3,32.0,0.074
649,-1,290.8,539.4,26.2,61.0,0.066
649,-1,472.6,470.0,12.7,23.6,0.060
649,-1,491.0,460.6,13.3,31.3,0.059
649,-1,270.4,531.3,40.8,159.6,0.057
650,-1,285.7,559.1,45.1,136.9,0.996
650,-1,387.9,500.4,16.9,42.7,0.916
650,-1,1531.2,565.7,55.7,68.8,0.698
650,-1,294.5,527.9,23.5,47.4,0.578
650,-1,405.0,503.7,12.7,38.3,0.568
650,-1,417.6,499.3,16.5,39.2,0.537
650,-1,475.0,481.9,12.8,31.2,0.508
650,-1,918.9,497.6,16.3,40.3,0.247
650,-1,893.1,493.7,16.1,56.8,0.247
650,-1,470.4,481.6,12.7,30.4,0.183
650,-1,409.7,498.2,16.3,41.6,0.160
650,-1,478.6,487.9,12.8,28.7,0.140
650,-1,1528.7,574.7,73.1,101.6,0.067
650,-1,888.1,487.4,39.4,69.6,0.062
650,-1,880.2,497.4,24.7,57.8,0.060
650,-1,293.4,538.6,26.1,72.3,0.052
650,-1,899.8,497.3,21.8,52.6,0.051
650,-1,481.9,477.3,14.8,33.3,0.050
651,-1,295.0,563.9,34.2,133.5,0.999
651,-1,393.5,500.9,18.4,43.1,0.927
651,-1,424.5,504.4,16.6,35.0,0.691
651,-1,1549.9,568.9,55.0,66.1,0.631
651,-1,1543.0,568.3,59.6,140.6,0.563
651,-1,299.4,530.3,23.4,48.4,0.492
651,-1,409.9,503.1,12.8,40.6,0.438
651,-1,483.9,489.5,11.0,26.3,0.351
651,-1,1438.6,656.0,39.6,48.6,0.335
651,-1,415.8,499.7,16.4,41.9,0.205
651,-1,479.7,484.0,11.6,29.1,0.105
651,-1,485.5,481.7,14.7,33.1,0.059
652,-1,303.7,560.2,39.9,128.1,0.999
652,-1,400.8,491.2,17.6,44.5,0.930
652,-1,1569.4,565.6,45.3,63.4,0.755
652,-1,305.0,518.8,22.7,51.4,0.749
652,-1,430.3,492.0,16.4,38.6,0.544
652,-1,1451.0,647.5,53.7,68.4,0.475
652,-1,489.7,468.2,13.8,38.5,0.458
652,-1,417.6,500.1,12.9,34.8,0.410
652,-1,933.4,491.0,17.8,42.9,0.359
652,-1,922.4,482.2,26.3,54.4,0.250
652,-1,916.5,493.8,20.5,52.7,0.196
652,-1,667.1,456.1,18.2,34.6,0.185
652,-1,899.0,495.0,21.9,56.9,0.174
652,-1,802.4,475.7,13.2,46.3,0.123
652,-1,409.3,495.0,18.4,40.4,0.114
652,-1,908.1,491.2,14.1,46.9,0.107
652,-1,910.5,480.3,41.4,72.6,0.084
652,-1,1566.2,572.2,67.0,73.4,0.075
652,-1,497.8,467.9,18.5,38.7,0.058
652,-1,486.5,466.1,13.4,33.3,0.055
652,-1,493.6,476.1,16.5,33.2,0.055
652,-1,918.0,485.6,20.9,42.0,0.051
653,-1,307.3,554.9,42.2,138.0,0.998
653,-1,405.7,492.6,18.3,43.5,0.884
653,-1,1585.1,568.4,46.8,55.6,0.738
653,-1,308.8,522.1,24.6,51.5,0.663
653,-1,495.5,470.9,14.8,37.0,0.550
653,-1,436.2,493.1,19.0,37.9,0.538
653,-1,1472.9,645.9,48.3,59.0,0.521
653,-1,935.0,480.3,22.6,53.7,0.425
653,-1,423.1,498.6,13.8,36.5,0.215
653,-1,1583.1,565.5,70.2,75.3,0.145
653,-1,907.6,485.9,22.8,61.0,0.133
653,-1,526.5,463.9,19.5,26.3,0.133
653,-1,502.1,468.2,19.2,39.4,0.119
653,-1,490.7,472.0,15.5,33.1,0.116
653,-1,429.0,491.7,17.4,41.0,0.107
653,-1,1567.1,573.9,61.9,134.9,0.087
653,-1,309.2,548.1,28.2,86.1,0.079
653,-1,1584.6,568.6,77.4,141.1,0.075
653,-1,914.2,473.9,42.2,74.9,0.060
653,-1,518.3,457.3,14.2,28.8,0.057
654,-1,312.3,557.6,41.3,138.4,0.995
654,-1,413.7,494.2,16.9,44.0,0.948
654,-1,1494.9,641.3,51.7,68.1,0.786
654,-1,1600.8,564.5,47.3,51.2,0.738
654,-1,441.1,492.4,19.9,40.6,0.632
654,-1,500.4,472.9,15.2,34.6,0.576
654,-1,429.8,503.9,11.5,33.1,0.531
654,-1,313.2,522.0,24.5,57.3,0.521
654,-1,937.6,478.8,26.6,56.2,0.219
654,-1,316.9,559.5,31.2,87.4,0.169
654,-1,908.1,488.4,24.7,58.9,0.140
654,-1,866.8,452.2,13.7,48.5,0.084
654,-1,1596.0,567.5,58.1,134.9,0.084
654,-1,508.8,471.0,17.3,38.2,0.077
654,-1,1460.7,633.7,80.1,72.0,0.063
654,-1,930.2,485.7,26.3,57.2,0.055
654,-1,923.8,471.8,42.0,77.4,0.054
655,-1,317.2,556.8,43.3,136.7,0.994
655,-1,421.1,492.0,17.1,43.0,0.893
655,-1,319.4,521.4,25.6,56.9,0.755
655,-1,1615.9,571.0,50.2,49.0,0.649
655,-1,450.5,492.3,20.3,38.0,0.506
655,-1,437.8,501.4,12.6,33.5,0.457
655,-1,324.1,557.8,31.1,85.2,0.329
655,-1,953.3,485.0,21.8,49.8,0.295
655,-1,511.7,479.2,11.1,29.3,0.288
655,-1,1519.6,647.1,52.6,66.4,0.235
655,-1,450.5,488.6,14.6,27.2,0.185
655,-1,825.2,461.7,14.2,52.4,0.155
655,-1,517.5,471.3,16.5,39.0,0.155
655,-1,513.3,469.5,13.3,35.9,0.110
655,-1,934.8,458.8,14.2,44.3,0.055
655,-1,916.2,486.4,24.5,60.0,0.053
656,-1,321.6,567.5,49.4,135.4,0.992
656,-1,1633.6,558.6,49.0,58.3,0.890
656,-1,428.0,498.6,18.1,44.3,0.857
656,-1,325.2,530.8,26.0,62.5,0.614
656,-1,458.8,501.0,19.1,35.8,0.529
656,-1,445.3,507.1,12.4,35.2,0.504
656,-1,966.4,489.0,17.6,46.8,0.433
656,-1,516.4,471.6,17.3,39.4,0.269
656,-1,926.4,459.0,29.3,90.9,0.120
656,-1,1550.0,650.2,51.8,64.8,0.117
656,-1,325.7,532.1,29.0,114.4,0.105
656,-1,941.9,459.1,16.0,45.3,0.080
656,-1,498.3,431.8,43.6,102.9,0.080
656,-1,831.4,463.7,14.5,54.3,0.073
656,-1,502.9,487.3,12.6,47.9,0.070
656,-1,511.2,472.7,14.1,36.6,0.067
656,-1,523.3,479.5,16.6,37.5,0.062
657,-1,330.1,574.5,50.4,132.3,0.997
657,-1,438.8,501.6,17.0,44.2,0.941
657,-1,334.6,530.6,25.4,62.8,0.922
657,-1,468.4,504.0,19.3,37.5,0.724
657,-1,1657.8,560.7,46.0,66.3,0.589
657,-1,455.1,510.5,12.0,34.0,0.587
657,-1,973.8,487.1,21.3,53.8,0.432
657,-1,526.5,483.6,13.2,32.0,0.286
657,-1,530.6,486.3,12.8,31.3,0.165
657,-1,947.4,462.7,20.3,88.8,0.142
657,-1,934.3,461.2,25.5,92.2,0.110
657,-1,525.2,473.8,18.5,38.2,0.085
657,-1,533.8,485.5,15.5,33.9,0.073
657,-1,957.5,479.2,26.8,73.5,0.053
657,-1,953.5,464.0,14.7,53.6,0.051
658,-1,332.3,579.8,57.2,131.1,0.998
658,-1,340.0,530.8,25.0,67.7,0.961
658,-1,444.3,503.3,18.4,45.1,0.934
658,-1,1673.4,569.3,51.5,61.1,0.919
658,-1,474.7,501.0,20.6,40.7,0.710
658,-1,982.2,485.8,21.4,59.4,0.601
658,-1,462.0,511.5,12.1,34.4,0.514
658,-1,532.3,482.4,14.7,33.5,0.193
658,-1,537.4,488.1,12.3,30.8,0.154
658,-1,540.2,486.9,16.5,36.4,0.078
658,-1,903.4,456.9,14.3,50.7,0.078
658,-1,739.5,448.6,17.4,43.8,0.075
658,-1,961.4,465.6,15.7,45.1,0.070
658,-1,1548.8,650.1,57.6,78.7,0.051
659,-1,341.4,594.8,57.4,130.7,0.998
659,-1,346.9,545.9,24.6,67.1,0.954
659,-1,452.4,517.9,18.8,43.2,0.906
659,-1,1697.8,583.5,47.5,62.9,0.779
659,-1,483.1,515.6,20.8,40.6,0.598
659,-1,994.4,509.6,17.7,51.0,0.597
659,-1,469.6,523.9,13.1,36.5,0.446
659,-1,543.2,494.4,13.9,37.5,0.397
659,-1,975.3,504.6,29.2,63.9,0.186
659,-1,330.0,550.7,24.8,62.8,0.181
659,-1,549.2,491.0,16.7,37.5,0.179
659,-1,527.5,495.5,13.2,54.9,0.162
659,-1,537.7,494.7,14.5,35.3,0.106
659,-1,531.3,494.0,12.2,36.7,0.077
659,-1,1565.5,666.7,60.2,85.3,0.072
659,-1,1632.2,692.7,58.0,67.7,0.051
660,-1,343.6,593.4,58.4,130.4,0.998
660,-1,349.9,542.2,25.0,66.7,0.985
660,-1,1714.5,593.1,49.1,64.6,0.944
660,-1,457.1,513.3,18.9,44.8,0.908
660,-1,487.5,516.1,19.2,36.3,0.787
660,-1,999.1,505.0,20.1,55.6,0.627
660,-1,545.2,494.2,12.2,31.7,0.581
660,-1,475.0,523.3,11.7,33.4,0.490
660,-1,1650.8,691.7,55.7,77.4,0.419
660,-1,548.9,496.2,13.0,32.7,0.193
660,-1,537.9,495.1,11.0,29.3,0.146
660,-1,335.2,547.8,21.8,61.4,0.115
660,-1,983.2,496.6,34.5,71.0,0.105
660,-1,978.5,511.5,26.8,59.9,0.061
660,-1,727.1,471.0,17.9,34.0,0.057
661,-1,352.3,593.5,58.4,132.9,0.998
661,-1,354.1,539.7,24.9,69.7,0.981
661,-1,1730.8,598.3,51.0,65.3,0.922
661,-1,464.9,513.6,17.0,44.4,0.922
661,-1,494.7,518.3,17.7,34.6,0.694
661,-1,480.2,523.4,11.8,33.1,0.528
661,-1,1007.3,512.6,18.1,49.6,0.510
661,-1,983.2,496.5,41.5,81.0,0.418
661,-1,458.6,515.3,17.6,41.5,0.170
661,-1,1611.7,681.5,55.0,93.8,0.167
661,-1,555.2,493.3,12.8,34.3,0.164
661,-1,1671.6,700.5,60.1,79.4,0.159
661,-1,1626.9,696.5,57.8,85.8,0.095
661,-1,1644.7,700.6,64.1,84.3,0.093
661,-1,561.8,497.7,15.4,34.1,0.071
662,-1,364.8,598.2,51.9,125.3,0.996
662,-1,356.6,540.7,26.9,67.6,0.989
662,-1,468.8,513.1,18.7,44.2,0.894
662,-1,1752.0,605.1,48.9,64.1,0.879
662,-1,1013.4,511.2,20.6,52.8,0.818
662,-1,499.3,517.3,18.6,35.1,0.691
662,-1,486.4,523.4,11.5,32.2,0.438
662,-1,556.0,489.6,14.7,38.4,0.186
662,-1,560.9,490.6,14.3,36.9,0.141
662,-1,997.7,500.4,35.5,71.8,0.073
662,-1,971.9,484.8,24.9,86.4,0.068
662,-1,563.7,500.7,17.1,34.4,0.061
662,-1,1636.9,693.0,52.9,86.2,0.054
662,-1,554.5,456.4,23.5,68.6,0.053
663,-1,375.0,598.1,50.8,123.5,0.994
663,-1,359.3,536.3,28.8,71.3,0.980
663,-1,478.2,511.8,16.5,42.7,0.927
663,-1,506.5,515.2,19.8,35.4,0.739
663,-1,569.1,498.6,10.8,29.1,0.707
663,-1,1022.2,507.0,19.5,58.6,0.672
663,-1,492.5,519.3,12.4,34.9,0.517
663,-1,1722.9,720.5,72.5,85.7,0.268
663,-1,1770.1,617.3,52.1,62.2,0.261
663,-1,572.6,499.8,11.9,28.7,0.223
663,-1,575.6,496.7,16.9,34.5,0.083
663,-1,1658.7,699.4,54.8,87.3,0.074
663,-1,1009.0,500.9,29.0,69.2,0.069
663,-1,1695.5,716.0,80.5,85.9,0.059
663,-1,503.8,515.8,13.6,35.6,0.050
664,-1,383.2,595.2,52.1,121.3,0.992
664,-1,364.3,529.7,29.3,73.0,0.985
664,-1,482.6,506.1,18.6,45.2,0.934
664,-1,513.4,508.7,18.0,38.4,0.820
664,-1,499.0,515.5,12.2,35.1,0.628
664,-1,1030.5,510.7,19.5,56.6,0.571
664,-1,1787.9,624.5,51.7,66.5,0.379
664,-1,577.0,496.6,10.4,26.9,0.268
664,-1,1760.9,736.4,66.1,83.9,0.230
664,-1,1684.8,714.7,86.1,91.5,0.110
664,-1,581.0,495.4,11.9,32.0,0.093
664,-1,570.3,497.2,9.4,24.9,0.068
664,-1,1721.5,721.1,88.6,93.7,0.061
664,-1,380.3,649.3,46.5,68.0,0.055
665,-1,388.0,598.6,55.5,117.9,0.994
665,-1,370.5,529.9,27.9,73.5,0.992
665,-1,490.0,504.8,17.9,46.9,0.950
665,-1,519.4,507.5,18.9,39.8,0.809
665,-1,1039.1,512.8,18.1,52.7,0.751
665,-1,505.2,515.2,12.1,35.6,0.492
665,-1,1804.8,621.2,56.8,76.7,0.317
665,-1,788.2,457.4,17.0,43.8,0.172
665,-1,582.4,494.0,11.2,30.1,0.138
665,-1,1792.5,740.0,70.8,91.7,0.137
665,-1,585.8,494.1,13.6,32.1,0.087
665,-1,797.2,477.1,13.1,33.2,0.082
665,-1,790.4,470.1,12.5,34.3,0.053
665,-1,571.4,493.0,11.1,26.0,0.051
666,-1,389.7,592.5,67.2,123.1,0.998
666,-1,377.6,525.2,27.6,72.9,0.994
666,-1,496.9,503.7,17.0,44.0,0.868
666,-1,527.5,507.9,17.1,36.1,0.800
666,-1,511.6,512.2,13.5,34.3,0.704
666,-1,1046.7,511.5,20.0,56.2,0.547
666,-1,591.4,492.7,12.1,29.4,0.362
666,-1,1828.0,628.7,56.0,76.9,0.316
666,-1,1807.8,752.3,82.6,91.0,0.180
666,-1,492.6,505.3,15.0,41.2,0.177
666,-1,1740.0,729.6,51.9,89.1,0.136
666,-1,1029.8,499.2,35.1,72.6,0.122
666,-1,540.5,514.9,9.9,28.2,0.064
666,-1,594.2,492.3,16.1,31.9,0.058
666,-1,906.8,477.1,15.2,58.5,0.054
667,-1,398.1,591.1,72.8,125.0,0.997
667,-1,383.1,521.8,27.5,76.7,0.996
667,-1,503.4,501.5,17.5,45.9,0.878
667,-1,533.8,503.5,17.1,39.0,0.829
667,-1,519.3,511.2,12.1,34.9,0.686
667,-1,1054.7,512.0,20.4,55.7,0.648
667,-1,510.4,504.4,19.1,42.5,0.285
667,-1,597.3,490.3,12.3,29.4,0.199
667,-1,1847.4,616.8,63.1,98.1,0.175
667,-1,895.2,482.0,17.4,46.1,0.154
667,-1,499.4,503.8,15.5,42.3,0.094
667,-1,1852.7,759.8,67.3,101.9,0.090
667,-1,540.5,501.2,17.0,39.9,0.068
667,-1,803.2,453.7,16.9,45.5,0.060
667,-1,916.4,471.4,16.0,59.9,0.059
668,-1,394.3,591.2,83.3,128.8,0.996
668,-1,387.9,524.5,28.1,73.6,0.993
668,-1,538.7,501.5,17.9,40.7,0.907
668,-1,510.6,502.6,17.3,44.5,0.890
668,-1,525.7,508.1,13.3,37.7,0.792
668,-1,1061.5,508.3,22.6,60.6,0.665
668,-1,1045.1,500.4,39.1,78.3,0.206
668,-1,604.1,491.4,12.3,28.9,0.176
668,-1,544.4,501.5,18.3,39.4,0.108
668,-1,582.4,495.5,14.8,43.5,0.094
668,-1,505.0,503.5,16.1,42.8,0.092
668,-1,554.2,508.2,11.3,33.8,0.081
668,-1,1854.2,637.2,65.8,91.1,0.074
669,-1,403.8,587.5,91.2,128.6,0.991
669,-1,393.9,521.2,28.0,73.3,0.988
669,-1,518.4,498.2,17.0,45.0,0.895
669,-1,1071.4,511.5,20.2,53.5,0.834
669,-1,547.5,499.1,18.1,41.3,0.823
669,-1,533.2,506.0,11.8,36.5,0.670
669,-1,612.6,488.6,12.3,27.9,0.176
669,-1,615.4,474.8,14.2,35.5,0.120
669,-1,1821.8,750.2,70.9,89.2,0.118
669,-1,609.4,483.6,11.3,31.4,0.110
669,-1,557.5,497.1,14.3,41.2,0.104
669,-1,1839.3,755.7,73.2,105.8,0.091
669,-1,616.0,487.0,12.7,33.3,0.083
669,-1,1052.0,514.8,21.5,63.8,0.053
670,-1,413.9,574.4,96.3,142.3,0.994
670,-1,399.6,518.4,28.2,73.7,0.991
670,-1,555.2,495.8,18.5,41.6,0.860
670,-1,524.3,495.8,18.3,46.2,0.854
670,-1,1081.0,511.6,19.8,56.8,0.782
670,-1,540.2,504.3,12.5,36.3,0.536
670,-1,620.7,485.7,11.8,28.4,0.314
670,-1,623.4,483.8,14.2,31.2,0.169
670,-1,938.3,466.5,16.3,60.5,0.094
670,-1,615.2,481.6,12.1,28.9,0.082
670,-1,825.5,453.3,18.2,44.9,0.078
670,-1,561.3,494.3,18.2,41.6,0.074
670,-1,1049.7,484.1,19.4,87.3,0.070
670,-1,1060.2,511.2,23.1,65.7,0.059
670,-1,621.6,469.4,13.6,29.9,0.053
671,-1,426.9,567.5,93.7,147.8,0.993
671,-1,405.1,515.3,29.6,74.9,0.992
671,-1,530.5,493.7,17.7,44.9,0.826
671,-1,562.8,495.2,16.7,40.8,0.740
671,-1,546.2,498.4,13.1,39.4,0.666
671,-1,1090.2,509.6,18.7,53.4,0.534
671,-1,626.6,480.8,12.0,30.7,0.210
671,-1,471.0,574.4,51.3,137.9,0.163
671,-1,832.5,448.0,18.3,47.4,0.154
671,-1,632.4,479.0,16.1,35.7,0.133
671,-1,945.7,462.7,17.2,64.9,0.113
671,-1,631.5,466.9,13.2,28.3,0.101
671,-1,624.7,469.4,12.8,36.3,0.081
671,-1,596.9,474.4,20.5,49.6,0.060
671,-1,953.4,463.0,17.4,59.6,0.051
671,-1,634.6,470.5,14.1,32.2,0.051
672,-1,441.0,565.4,91.2,144.9,0.977
672,-1,410.6,513.5,27.8,73.9,0.972
672,-1,536.7,490.8,18.0,46.0,0.855
672,-1,568.6,491.6,18.4,40.6,0.804
672,-1,553.5,497.1,14.1,37.6,0.684
672,-1,1099.4,511.2,19.1,52.3,0.623
672,-1,1076.3,511.7,24.6,63.3,0.607
672,-1,631.1,471.3,13.0,35.0,0.240
672,-1,636.6,464.7,14.4,41.0,0.236
672,-1,1065.2,479.7,22.3,87.6,0.187
672,-1,531.4,485.1,15.5,50.8,0.187
672,-1,639.2,463.4,11.2,21.9,0.145
672,-1,629.0,466.4,12.8,31.4,0.123
672,-1,1878.1,205.9,41.9,137.0,0.100
672,-1,952.8,475.5,14.3,55.2,0.053
672,-1,1865.2,211.9,54.8,262.0,0.053
672,-1,624.3,465.2,12.2,30.9,0.052
673,-1,457.6,567.0,84.9,147.2,0.965
673,-1,416.2,514.2,28.1,73.7,0.963
673,-1,576.3,491.9,17.9,40.2,0.799
673,-1,543.6,490.0,18.0,46.5,0.742
673,-1,1106.8,509.0,18.9,55.0,0.701
673,-1,1086.3,497.8,23.7,75.9,0.671
673,-1,559.8,497.4,13.4,36.9,0.639
673,-1,1072.9,477.4,22.9,87.1,0.383
673,-1,1075.2,475.3,20.0,46.9,0.194
673,-1,538.2,486.8,13.7,49.2,0.176
673,-1,636.2,472.2,13.0,31.9,0.120
673,-1,589.7,494.9,10.2,35.3,0.095
673,-1,644.0,467.8,14.1,39.6,0.095
673,-1,641.1,478.1,12.8,29.9,0.080
673,-1,629.8,473.0,11.9,31.3,0.066
673,-1,649.8,471.4,18.4,40.1,0.059
673,-1,611.0,470.8,18.9,54.5,0.051
674,-1,422.5,506.4,28.9,74.6,0.974
674,-1,489.0,566.9,69.4,138.9,0.935
674,-1,583.5,484.2,17.5,41.4,0.842
674,-1,1094.2,491.3,25.2,76.8,0.812
674,-1,553.5,484.1,16.7,44.0,0.801
674,-1,567.6,489.8,12.8,38.0,0.725
674,-1,1116.2,503.4,20.8,57.1,0.706
674,-1,548.6,484.2,15.2,43.6,0.292
674,-1,1082.0,473.3,21.7,87.0,0.287
674,-1,591.0,480.3,16.3,40.4,0.242
674,-1,654.5,459.3,14.1,35.3,0.210
674,-1,648.2,464.9,13.1,34.8,0.207
674,-1,949.1,474.6,16.5,39.0,0.205
674,-1,655.2,472.9,13.0,31.1,0.131
674,-1,642.1,465.1,12.4,34.1,0.120
674,-1,1069.1,497.4,28.2,67.0,0.119
674,-1,1083.6,470.2,20.4,47.6,0.076
674,-1,657.1,458.4,12.8,23.8,0.073
675,-1,496.8,570.6,73.9,129.8,0.993
675,-1,426.8,496.8,29.7,78.9,0.988
675,-1,559.5,478.2,17.1,46.4,0.858
675,-1,1123.1,504.3,21.4,56.7,0.849
675,-1,590.0,481.3,17.7,39.2,0.829
675,-1,574.5,485.5,12.2,38.3,0.728
675,-1,1103.2,492.3,24.3,77.4,0.652
675,-1,1089.4,472.4,23.4,88.8,0.415
675,-1,653.7,462.4,12.8,34.4,0.349
675,-1,596.8,478.7,16.8,39.4,0.245
675,-1,1079.0,495.2,29.3,69.5,0.201
675,-1,1091.0,471.2,20.5,46.1,0.194
675,-1,662.0,468.7,12.5,31.4,0.167
675,-1,512.3,575.4,54.8,85.8,0.114
675,-1,957.9,473.5,18.2,40.2,0.097
675,-1,624.9,456.9,19.1,58.8,0.077
675,-1,669.4,460.8,14.2,26.9,0.070
675,-1,624.3,481.1,17.4,42.8,0.065
675,-1,649.5,461.5,14.0,29.0,0.062
676,-1,516.2,574.9,67.9,131.4,0.994
676,-1,430.2,503.7,28.1,81.6,0.986
676,-1,562.1,481.9,18.3,45.4,0.867
676,-1,594.4,484.0,18.1,40.9,0.776
676,-1,1128.6,494.9,22.4,61.5,0.769
676,-1,1111.2,488.5,22.0,78.9,0.761
676,-1,578.9,487.6,13.7,39.6,0.725
676,-1,1094.6,468.7,24.8,88.6,0.679
676,-1,658.3,465.7,13.4,33.4,0.539
676,-1,603.2,478.9,16.8,42.7,0.384
676,-1,1010.2,466.5,17.0,71.1,0.358
676,-1,1096.8,468.6,22.0,48.7,0.277
676,-1,666.6,459.8,15.1,38.0,0.203
676,-1,962.1,469.5,16.0,43.7,0.192
676,-1,665.6,471.5,13.1,29.6,0.160
676,-1,867.5,438.9,18.8,43.6,0.137
676,-1,634.4,454.9,17.8,63.4,0.115
676,-1,673.0,457.8,17.8,35.2,0.100
676,-1,976.8,470.0,16.5,51.3,0.061
676,-1,875.6,453.8,14.5,35.5,0.054
677,-1,522.8,568.3,76.3,138.3,0.996
677,-1,438.0,497.9,32.9,80.6,0.976
677,-1,572.6,479.4,17.1,47.1,0.933
677,-1,588.8,486.0,14.2,39.6,0.875
677,-1,603.9,481.3,17.4,42.5,0.875
677,-1,1121.7,492.9,23.3,76.7,0.852
677,-1,1140.4,499.8,21.2,60.8,0.827
677,-1,1106.1,473.0,24.6,91.2,0.653
677,-1,666.8,464.6,12.6,32.9,0.411
677,-1,614.1,480.0,15.2,41.2,0.374
677,-1,1107.1,471.4,22.3,47.7,0.373
677,-1,670.3,469.3,13.1,29.2,0.216
677,-1,878.5,437.8,17.7,43.5,0.170
677,-1,972.9,472.6,15.4,41.4,0.148
677,-1,1094.3,497.1,27.5,68.4,0.121
677,-1,679.2,459.9,13.3,34.4,0.110
677,-1,650.3,461.2,13.6,55.3,0.100
677,-1,677.1,468.6,12.6,28.7,0.082
677,-1,851.1,448.0,18.3,35.1,0.078
677,-1,683.5,459.3,12.8,29.0,0.068
678,-1,528.8,570.9,89.5,139.4,0.999
678,-1,443.0,500.2,32.4,82.0,0.942
678,-1,577.1,479.6,18.1,48.6,0.899
678,-1,1127.8,491.7,24.4,75.3,0.834
678,-1,609.9,481.1,20.4,43.1,0.833
678,-1,594.5,485.1,14.3,41.2,0.818
678,-1,1148.9,502.2,21.0,58.2,0.787
678,-1,1112.2,471.6,25.0,87.1,0.653
678,-1,1029.1,476.1,16.2,63.4,0.408
678,-1,1113.4,471.0,22.5,48.5,0.381
678,-1,674.6,465.5,14.4,34.0,0.368
678,-1,1102.0,508.2,26.0,58.6,0.209
678,-1,620.6,480.3,16.0,42.5,0.209
678,-1,623.7,461.5,21.6,60.0,0.196
678,-1,681.0,459.2,14.6,37.9,0.180
678,-1,645.8,460.1,20.2,56.9,0.158
678,-1,685.9,458.9,15.4,35.4,0.104
678,-1,671.2,463.2,13.6,30.5,0.085
678,-1,1005.5,456.3,14.8,56.5,0.077
678,-1,1021.4,465.1,13.3,49.6,0.063
678,-1,655.3,458.7,14.8,55.2,0.057
679,-1,534.8,576.6,92.9,145.1,0.996
679,-1,447.0,514.4,30.1,80.4,0.962
679,-1,584.4,489.6,17.8,48.3,0.893
679,-1,1119.8,475.2,25.9,93.9,0.739
679,-1,617.6,494.6,17.4,38.2,0.694
679,-1,1156.2,503.7,22.0,61.5,0.672
679,-1,601.1,497.1,12.4,39.4,0.645
679,-1,1137.3,496.2,23.9,76.1,0.645
679,-1,681.6,473.2,13.4,33.7,0.370
679,-1,1033.8,471.9,18.8,70.6,0.245
679,-1,1144.1,494.8,26.3,73.7,0.217
679,-1,1122.3,473.0,22.2,48.3,0.211
679,-1,628.3,491.8,14.3,38.9,0.189
679,-1,688.6,476.9,13.1,32.0,0.129
679,-1,1063.4,470.3,13.0,45.4,0.121
679,-1,591.3,492.5,18.1,44.9,0.070
679,-1,653.5,470.0,18.9,53.0,0.062
679,-1,1011.0,458.1,16.1,62.2,0.062
679,-1,987.1,476.6,20.0,44.8,0.058
679,-1,1127.7,485.9,25.2,85.5,0.054
680,-1,548.6,572.7,98.6,143.2,0.998
680,-1,455.0,502.3,33.6,87.3,0.962
680,-1,593.5,485.5,17.3,48.6,0.944
680,-1,1165.8,508.6,22.6,62.2,0.768
680,-1,1147.6,503.0,22.1,75.3,0.758
680,-1,625.5,489.7,16.1,40.7,0.757
680,-1,608.2,492.1,14.2,40.6,0.661
680,-1,1131.0,482.4,24.6,90.4,0.634
680,-1,690.2,468.7,13.7,34.3,0.408
680,-1,1120.3,512.1,25.4,62.6,0.352
680,-1,640.1,489.2,12.5,38.6,0.237
680,-1,682.8,468.0,11.1,32.4,0.231
680,-1,600.8,486.5,19.6,46.9,0.224
680,-1,633.3,486.6,15.2,41.6,0.205
680,-1,1010.8,478.6,17.8,53.0,0.128
680,-1,698.7,464.8,13.8,35.5,0.126
680,-1,997.0,477.8,22.5,46.4,0.123
680,-1,695.3,478.3,12.8,29.1,0.097
680,-1,659.8,483.5,19.7,40.7,0.087
680,-1,1151.1,499.9,36.9,77.2,0.073
680,-1,1045.1,478.5,16.7,60.8,0.068
680,-1,686.3,472.4,13.2,28.4,0.051
681,-1,559.3,596.3,98.2,149.4,0.995
681,-1,1151.3,515.3,22.7,78.4,0.867
681,-1,456.7,532.6,30.7,88.5,0.813
681,-1,1123.1,529.1,24.1,60.3,0.732
681,-1,1171.0,525.7,21.0,57.4,0.731
681,-1,594.6,511.7,18.3,48.4,0.717
681,-1,1134.7,499.7,22.8,90.0,0.562
681,-1,611.7,517.1,12.9,39.4,0.446
681,-1,1047.6,501.7,17.0,62.4,0.406
681,-1,631.6,512.2,14.2,40.7,0.243
681,-1,695.8,489.1,11.3,37.1,0.170
681,-1,1136.6,493.4,20.2,59.3,0.102
681,-1,625.0,510.2,13.7,42.6,0.089
681,-1,642.3,513.6,11.3,38.2,0.080
681,-1,1000.2,496.3,24.7,48.7,0.072
681,-1,663.0,494.0,15.3,49.3,0.065
681,-1,702.9,489.5,12.2,35.9,0.062
681,-1,907.2,486.4,11.3,28.7,0.060
681,-1,1008.8,498.5,20.7,51.3,0.054
681,-1,1023.1,484.6,14.6,54.6,0.054
682,-1,605.5,620.8,67.6,130.3,0.988
682,-1,461.2,560.8,30.3,82.8,0.968
682,-1,599.5,533.8,18.0,45.0,0.873
682,-1,618.2,543.2,11.9,34.5,0.866
682,-1,1177.1,521.0,21.5,62.8,0.785
682,-1,1132.3,527.9,22.7,62.1,0.757
682,-1,1160.7,531.0,20.2,60.1,0.683
682,-1,633.8,531.2,16.5,41.3,0.544
682,-1,1054.8,499.2,17.8,65.7,0.514
682,-1,647.0,516.8,17.0,54.7,0.297
682,-1,1016.6,500.5,18.6,51.8,0.217
682,-1,1139.8,503.1,23.3,81.5,0.193
682,-1,1005.9,499.3,14.1,44.8,0.184
682,-1,705.7,506.3,12.5,37.7,0.137
682,-1,698.5,507.7,13.0,36.9,0.117
682,-1,1070.0,499.3,14.3,52.4,0.112
682,-1,1141.6,496.4,39.3,101.1,0.091
682,-1,1044.9,495.3,13.3,47.8,0.089
682,-1,669.1,503.0,19.1,59.2,0.069
682,-1,1024.9,500.7,15.3,49.5,0.066
682,-1,630.0,533.3,12.1,38.4,0.052
683,-1,608.9,593.5,57.1,138.4,0.995
683,-1,463.4,529.1,29.0,80.5,0.949
683,-1,1166.5,505.5,20.7,77.0,0.808
683,-1,606.5,506.9,16.6,44.6,0.728
683,-1,622.8,515.0,11.9,35.1,0.599
683,-1,1183.1,510.5,22.1,62.5,0.599
683,-1,1150.4,486.7,23.3,92.3,0.565
683,-1,636.7,499.4,15.5,43.5,0.485
683,-1,1057.4,482.7,21.2,72.3,0.294
683,-1,1137.1,518.2,22.0,61.5,0.196
683,-1,764.1,443.6,38.9,116.7,0.179
683,-1,494.9,526.5,16.6,34.1,0.145
683,-1,642.2,512.0,14.1,32.2,0.125
683,-1,1010.4,485.2,22.8,44.3,0.119
683,-1,1035.5,468.8,15.1,59.2,0.114
683,-1,912.4,457.4,19.9,47.2,0.103
683,-1,653.2,517.6,10.8,28.4,0.091
683,-1,918.3,478.0,12.4,28.7,0.079
683,-1,1054.7,478.8,15.9,49.6,0.075
683,-1,1075.3,478.6,17.0,60.4,0.072
683,-1,704.0,487.5,12.5,31.0,0.064
683,-1,1087.8,478.2,13.7,47.9,0.055
684,-1,465.8,515.0,34.0,83.8,0.994
684,-1,626.1,587.3,66.1,134.8,0.984
684,-1,609.5,496.1,18.6,46.1,0.808
684,-1,1173.4,496.7,22.1,76.7,0.680
684,-1,1192.1,506.2,22.3,59.1,0.657
684,-1,1155.9,479.3,23.3,89.3,0.559
684,-1,1144.2,512.1,20.8,59.3,0.534
684,-1,641.5,490.6,15.7,44.5,0.454
684,-1,1066.1,476.0,18.9,68.9,0.408
684,-1,626.0,500.5,13.9,42.0,0.254
684,-1,1018.1,478.0,17.2,44.6,0.181
684,-1,647.6,497.5,13.1,38.6,0.174
684,-1,658.0,479.4,17.7,54.3,0.120
684,-1,922.4,461.0,16.9,37.2,0.114
684,-1,709.7,474.6,12.2,34.1,0.097
684,-1,1043.0,459.1,12.5,52.1,0.095
684,-1,1159.6,484.6,36.8,92.7,0.091
684,-1,1094.1,474.9,13.0,42.1,0.072
684,-1,1033.7,479.9,16.4,50.3,0.063
685,-1,471.9,514.7,33.6,86.5,0.995
685,-1,644.8,584.7,65.1,145.4,0.991
685,-1,615.8,494.8,17.6,45.3,0.820
685,-1,1198.9,496.5,22.0,62.0,0.629
685,-1,1181.5,486.4,21.1,79.8,0.629
685,-1,647.6,493.0,16.7,42.3,0.574
685,-1,1162.2,466.4,27.4,96.1,0.525
685,-1,631.4,498.3,13.5,41.5,0.351
685,-1,1731.6,414.9,56.0,242.5,0.304
685,-1,1887.9,455.1,32.1,246.4,0.303
685,-1,1154.4,492.0,24.3,72.2,0.300
685,-1,716.8,478.3,10.1,29.4,0.183
685,-1,654.5,497.2,13.2,36.8,0.176
685,-1,1024.2,472.4,19.5,44.1,0.144
685,-1,725.0,482.4,12.0,29.5,0.104
685,-1,706.3,474.0,9.9,30.5,0.103
685,-1,719.4,470.3,10.9,36.1,0.094
685,-1,1168.0,473.1,36.5,95.2,0.093
685,-1,1831.5,483.7,49.6,187.4,0.086
685,-1,930.1,461.9,11.8,29.0,0.079
685,-1,1066.9,463.2,14.4,48.2,0.075
685,-1,1101.2,467.6,12.8,42.0,0.053
685,-1,663.3,492.2,13.6,38.6,0.051
686,-1,655.3,576.0,56.0,138.6,0.991
686,-1,476.5,507.3,32.3,85.2,0.987
686,-1,622.1,486.7,18.6,46.0,0.842
686,-1,653.9,483.7,19.4,43.3,0.589
686,-1,1205.9,489.3,24.0,65.7,0.572
686,-1,1160.4,497.9,21.7,59.4,0.547
686,-1,1745.3,419.0,52.0,235.8,0.542
686,-1,1189.6,485.2,22.0,74.4,0.533
686,-1,637.6,491.0,15.3,40.3,0.511
686,-1,1166.9,462.1,29.8,92.3,0.459
686,-1,1108.8,450.5,14.3,52.5,0.351
686,-1,1080.5,463.1,18.7,70.2,0.301
686,-1,1031.1,463.5,17.9,47.3,0.289
686,-1,939.0,455.6,12.4,29.6,0.277
686,-1,1015.3,459.5,14.3,46.8,0.176
686,-1,1064.4,451.8,14.2,54.6,0.166
686,-1,670.7,469.2,17.6,55.4,0.155
686,-1,1058.6,447.4,15.1,61.0,0.133
686,-1,1041.5,464.0,17.5,52.0,0.124
686,-1,718.6,465.1,14.5,30.9,0.124
686,-1,730.2,461.3,13.9,38.2,0.118
686,-1,1072.5,457.4,14.2,50.9,0.110
686,-1,672.9,457.6,19.5,52.2,0.070
686,-1,1170.7,461.4,23.2,56.8,0.070
686,-1,1093.6,454.5,17.6,65.1,0.068
686,-1,933.6,456.2,14.5,29.6,0.060
687,-1,655.2,572.4,76.0,144.8,0.996
687,-1,481.8,504.9,34.4,86.6,0.991
687,-1,628.4,484.0,18.5,47.9,0.897
687,-1,660.4,484.1,17.8,41.2,0.768
687,-1,1176.2,459.5,26.7,83.0,0.671
687,-1,646.3,488.5,13.8,41.3,0.632
687,-1,1758.9,416.9,53.8,236.4,0.608
687,-1,1214.8,485.6,22.8,66.6,0.464
687,-1,1198.1,482.8,20.5,78.5,0.335
687,-1,1167.0,488.1,23.2,69.6,0.316
687,-1,726.9,465.1,12.9,32.4,0.282
687,-1,1037.2,454.6,21.0,53.4,0.234
687,-1,1089.8,467.5,16.0,64.0,0.202
687,-1,731.9,471.2,16.5,27.8,0.191
687,-1,721.9,464.2,12.5,32.4,0.169
687,-1,675.8,481.8,14.0,40.1,0.127
687,-1,1050.8,461.0,17.8,54.6,0.123
687,-1,737.3,462.4,13.2,34.3,0.121
687,-1,1179.7,467.8,39.0,94.8,0.106
687,-1,1064.7,443.3,13.9,61.2,0.099
687,-1,1116.0,449.5,14.3,52.3,0.091
687,-1,679.9,457.7,19.3,41.2,0.073
687,-1,710.1,460.3,13.9,51.2,0.067
687,-1,1079.1,453.6,14.5,49.8,0.061
688,-1,485.9,504.7,31.3,85.5,0.996
688,-1,656.3,568.2,95.3,150.5,0.992
688,-1,666.2,480.6,19.7,44.0,0.793
688,-1,634.4,482.9,19.2,46.6,0.788
688,-1,1224.0,487.7,21.1,63.2,0.746
688,-1,1098.3,475.5,14.8,56.0,0.583
688,-1,1207.0,481.7,20.8,78.9,0.417
688,-1,1184.7,461.3,28.4,84.0,0.350
688,-1,651.6,485.9,14.0,42.2,0.280
688,-1,1176.5,492.1,23.3,64.7,0.247
688,-1,731.1,462.7,13.6,32.4,0.156
688,-1,1045.6,458.3,24.5,52.0,0.155
688,-1,741.2,465.8,11.6,30.7,0.136
688,-1,1124.4,451.2,13.6,50.3,0.101
688,-1,1090.3,454.4,14.8,53.7,0.091
688,-1,745.0,459.1,13.4,32.5,0.082
688,-1,1092.4,460.8,17.6,63.8,0.079
688,-1,1110.5,458.8,16.8,56.3,0.062
688,-1,685.5,495.4,11.8,27.5,0.055
688,-1,748.8,459.7,15.8,34.7,0.054
688,-1,694.9,571.3,55.4,125.9,0.052
689,-1,492.1,503.9,29.7,85.0,0.997
689,-1,671.0,566.8,99.9,152.2,0.992
689,-1,640.2,479.2,19.0,48.7,0.845
689,-1,672.7,478.9,18.2,43.4,0.769
689,-1,1213.4,483.9,22.9,78.1,0.662
689,-1,658.8,484.8,13.8,41.6,0.511
689,-1,1232.9,489.8,21.8,60.9,0.486
689,-1,1192.3,458.9,26.1,77.8,0.473
689,-1,1184.4,487.7,23.5,70.0,0.406
689,-1,1102.6,463.4,18.3,66.0,0.340
689,-1,745.5,469.6,14.3,27.1,0.307
689,-1,1132.1,450.1,13.2,49.6,0.205
689,-1,1084.4,447.1,16.1,56.4,0.199
689,-1,1051.1,451.1,23.7,56.3,0.196
689,-1,742.9,463.7,12.0,31.2,0.190
689,-1,735.1,462.4,13.3,30.6,0.180
689,-1,1078.0,443.5,16.0,59.9,0.180
689,-1,1059.8,446.5,23.4,68.2,0.145
689,-1,1093.9,451.1,14.5,52.9,0.115
689,-1,1194.5,465.6,36.5,94.5,0.104
689,-1,754.8,459.6,14.1,28.3,0.079
689,-1,1098.0,453.4,18.5,68.7,0.068
689,-1,692.2,448.6,19.9,50.0,0.059
690,-1,691.1,565.1,96.6,150.0,0.997
690,-1,496.1,498.4,30.9,88.3,0.995
690,-1,678.1,475.2,20.0,45.6,0.813
690,-1,647.1,476.9,19.1,48.5,0.805
690,-1,666.6,479.1,14.3,44.9,0.673
690,-1,1223.1,495.8,21.3,65.4,0.591
690,-1,1240.3,490.0,23.3,64.4,0.558
690,-1,1191.6,490.3,25.8,67.8,0.539
690,-1,741.8,459.9,13.8,31.8,0.463
690,-1,1803.8,425.5,54.6,242.6,0.305
690,-1,1853.6,426.4,56.6,239.8,0.255
690,-1,1204.5,461.5,22.8,76.7,0.244
690,-1,1060.2,455.2,20.9,51.9,0.218
690,-1,751.7,461.4,11.6,31.6,0.195
690,-1,1112.5,464.2,16.0,66.8,0.176
690,-1,1087.2,445.4,15.3,59.2,0.146
690,-1,1104.9,452.2,14.7,51.6,0.141
690,-1,1070.5,450.0,18.8,63.3,0.104
690,-1,760.2,455.5,13.9,33.5,0.103
690,-1,1138.8,455.5,13.9,46.5,0.099
690,-1,729.4,454.7,14.6,57.5,0.093
690,-1,1211.2,473.4,34.6,91.9,0.087
690,-1,1098.6,449.7,14.5,53.3,0.083
690,-1,658.7,478.3,17.3,47.0,0.067
690,-1,756.0,458.0,13.4,32.8,0.054
690,-1,1195.1,476.1,36.9,83.9,0.051
691,-1,495.7,499.0,33.4,87.7,0.997
691,-1,701.4,567.1,102.3,148.6,0.996
691,-1,652.0,475.7,18.4,46.5,0.899
691,-1,682.6,474.3,20.4,46.3,0.848
691,-1,670.5,480.0,13.6,42.5,0.739
691,-1,1248.8,485.9,20.7,65.4,0.600
691,-1,1229.6,489.2,22.4,71.8,0.528
691,-1,757.3,461.2,11.9,29.8,0.371
691,-1,747.2,460.9,13.4,26.9,0.327
691,-1,1198.9,480.0,24.1,78.0,0.292
691,-1,1867.4,424.8,49.3,239.1,0.187
691,-1,659.3,476.0,20.8,47.0,0.133
691,-1,1119.1,463.1,17.3,64.1,0.119
691,-1,752.1,461.9,13.8,28.1,0.115
691,-1,1793.2,501.6,36.8,124.5,0.086
691,-1,1205.6,465.0,26.8,67.2,0.083
691,-1,767.1,455.0,13.0,27.4,0.076
691,-1,1110.9,450.5,14.4,52.3,0.054
692,-1,505.6,498.6,32.9,85.7,0.997
692,-1,720.5,568.6,96.9,150.8,0.992
692,-1,659.9,475.4,18.5,48.0,0.958
692,-1,676.7,478.1,15.1,44.8,0.931
692,-1,689.1,473.8,21.3,48.6,0.906
692,-1,1239.3,499.0,21.6,69.8,0.755
692,-1,1206.2,492.1,24.7,70.9,0.570
692,-1,1258.1,495.5,22.0,62.2,0.539
692,-1,755.8,460.1,12.3,29.0,0.402
692,-1,1075.2,448.7,27.7,61.2,0.303
692,-1,762.3,461.5,13.9,28.5,0.242
692,-1,1100.0,447.5,15.1,58.5,0.186
692,-1,768.0,465.7,10.9,27.3,0.181
692,-1,1109.8,449.2,14.8,55.2,0.117
692,-1,710.8,464.8,17.8,49.7,0.117
692,-1,1215.4,464.9,28.2,84.9,0.102
692,-1,771.7,457.9,11.4,30.5,0.099
692,-1,1127.9,471.7,15.8,61.9,0.089
692,-1,758.3,572.3,55.9,118.8,0.087
692,-1,668.7,475.9,17.5,47.6,0.082
692,-1,1228.5,481.2,34.7,88.4,0.082
692,-1,1154.7,454.8,13.7,48.6,0.080
692,-1,1117.3,452.4,14.2,52.5,0.078
692,-1,1210.3,481.2,41.4,86.1,0.069
692,-1,973.5,431.8,21.9,45.2,0.063
692,-1,774.9,456.7,15.2,29.4,0.055
693,-1,511.6,498.5,32.4,85.5,0.996
693,-1,737.2,574.8,93.9,146.8,0.988
693,-1,665.3,474.6,19.4,48.3,0.917
693,-1,697.0,472.4,20.0,48.2,0.875
693,-1,682.9,476.7,14.7,45.4,0.860
693,-1,1267.5,498.4,21.8,61.9,0.734
693,-1,763.9,459.8,14.5,30.9,0.486
693,-1,1247.8,497.7,21.5,69.3,0.480
693,-1,1214.7,489.6,27.0,72.5,0.382
693,-1,785.2,608.9,47.9,111.4,0.270
693,-1,1135.9,472.8,14.6,60.6,0.236
693,-1,770.9,462.2,18.2,27.7,0.219
693,-1,1081.8,455.3,21.1,52.4,0.218
693,-1,1125.2,454.0,13.5,49.7,0.182
693,-1,760.6,458.0,12.2,30.4,0.151
693,-1,775.1,577.8,55.2,98.0,0.116
693,-1,1106.4,447.9,15.3,56.2,0.064
693,-1,1230.0,463.3,20.0,76.1,0.063
693,-1,1161.7,459.8,13.4,43.7,0.051
694,-1,768.9,582.1,81.1,143.1,0.999
694,-1,515.1,499.5,31.5,88.5,0.998
694,-1,670.3,477.7,18.9,49.8,0.949
694,-1,701.2,476.5,21.3,48.6,0.948
694,-1,689.0,481.1,15.4,45.2,0.919
694,-1,1254.3,494.8,24.6,77.4,0.774
694,-1,1274.7,502.5,21.9,62.4,0.740
694,-1,779.5,465.9,12.0,30.5,0.629
694,-1,1223.0,499.3,28.1,67.7,0.583
694,-1,768.1,462.4,13.4,32.5,0.391
694,-1,1141.8,481.2,15.1,57.4,0.373
694,-1,774.0,463.8,11.8,31.5,0.358
694,-1,750.7,453.2,16.4,59.0,0.195
694,-1,724.4,486.3,13.0,32.7,0.102
694,-1,744.6,460.2,16.1,49.2,0.078
694,-1,788.5,460.2,12.5,24.5,0.059
695,-1,521.4,498.1,30.4,91.3,0.998
695,-1,789.9,583.9,76.5,148.2,0.994
695,-1,676.5,478.7,20.1,49.9,0.983
695,-1,708.7,478.6,20.0,47.3,0.932
695,-1,694.8,482.4,14.4,44.9,0.899
695,-1,1262.4,506.5,23.5,71.0,0.787
695,-1,1284.2,510.9,21.3,58.6,0.767
695,-1,1230.3,506.2,23.0,65.8,0.622
695,-1,781.9,467.0,18.2,29.1,0.394
695,-1,776.2,463.3,14.8,33.2,0.348
695,-1,773.4,463.4,11.1,29.1,0.252
695,-1,749.7,460.0,18.5,50.1,0.110
695,-1,688.4,482.6,16.8,45.1,0.095
695,-1,794.3,460.3,19.1,38.3,0.071
695,-1,755.6,454.9,16.9,48.3,0.065
695,-1,994.8,446.7,17.4,39.1,0.055
695,-1,1140.1,464.2,14.3,50.5,0.050
696,-1,526.0,497.5,31.5,89.6,0.997
696,-1,804.2,583.3,79.4,150.8,0.985
696,-1,683.5,478.4,18.7,49.7,0.961
696,-1,716.4,479.5,18.2,45.9,0.927
696,-1,1268.1,504.0,26.0,74.9,0.900
696,-1,1292.4,508.4,21.1,64.8,0.866
696,-1,702.5,483.3,13.5,43.9,0.709
696,-1,792.2,470.0,13.3,27.5,0.585
696,-1,1238.4,503.0,26.4,71.7,0.444
696,-1,787.1,465.4,11.6,30.6,0.221
696,-1,780.9,463.8,12.1,29.8,0.212
696,-1,735.8,484.5,11.6,37.3,0.094
696,-1,1007.7,455.6,16.0,37.4,0.091
696,-1,1000.5,440.4,24.3,47.0,0.071
696,-1,762.7,455.3,17.8,54.7,0.060
696,-1,1129.3,454.7,15.1,58.2,0.055
697,-1,530.1,500.8,31.0,89.4,0.999
697,-1,811.2,582.8,88.7,155.2,0.994
697,-1,688.1,480.3,18.6,50.1,0.969
697,-1,721.4,480.2,18.0,48.4,0.940
697,-1,705.5,482.3,14.7,46.2,0.887
697,-1,1276.7,506.0,26.3,76.9,0.831
697,-1,1299.0,513.9,22.4,61.0,0.778
697,-1,792.8,469.0,16.3,29.7,0.472
697,-1,789.4,464.1,14.4,33.6,0.459
697,-1,840.2,631.5,58.5,102.1,0.251
697,-1,1011.3,447.1,24.8,48.1,0.236
697,-1,1246.4,507.3,26.4,68.8,0.206
697,-1,741.6,485.4,14.3,37.5,0.127
697,-1,1153.5,465.2,15.2,51.9,0.123
697,-1,1136.3,456.7,17.0,59.8,0.117
697,-1,784.8,466.1,13.2,29.8,0.116
697,-1,766.8,455.6,18.7,53.9,0.104
697,-1,806.6,461.9,15.4,30.4,0.089
697,-1,809.7,460.2,22.9,37.1,0.075
697,-1,1189.2,471.2,14.1,44.5,0.064
697,-1,1866.9,504.8,49.3,144.5,0.055
697,-1,762.0,481.3,19.9,38.9,0.053
698,-1,532.8,500.0,31.3,90.7,0.997
698,-1,823.8,580.4,96.7,156.2,0.991
698,-1,693.9,480.4,19.5,50.2,0.965
698,-1,727.2,479.0,19.1,49.8,0.935
698,-1,712.1,483.0,14.9,45.2,0.900
698,-1,1285.4,506.8,25.5,76.1,0.721
698,-1,1309.0,516.5,20.9,59.0,0.588
698,-1,803.6,469.7,11.0,28.6,0.449
698,-1,793.4,465.4,11.9,29.0,0.434
698,-1,877.9,622.0,40.6,112.9,0.294
698,-1,797.8,465.0,12.4,32.4,0.279
698,-1,814.4,460.4,13.7,27.1,0.181
698,-1,1115.5,452.6,28.3,69.1,0.167
698,-1,770.0,457.3,20.9,56.9,0.125
698,-1,1253.9,510.9,26.9,66.7,0.106
698,-1,703.2,480.6,17.7,48.7,0.099
698,-1,747.5,485.0,13.4,37.6,0.095
698,-1,1785.5,434.2,134.5,95.6,0.092
698,-1,1147.7,457.8,17.2,56.1,0.085
698,-1,23.6,233.9,87.4,76.4,0.081
698,-1,1011.3,441.4,26.8,50.3,0.079
698,-1,806.6,469.2,15.0,30.3,0.073
698,-1,716.7,480.1,17.5,49.0,0.073
698,-1,1793.5,423.9,126.5,226.8,0.068
698,-1,765.7,484.4,21.1,41.0,0.063
698,-1,808.9,461.0,13.2,28.2,0.061
698,-1,759.0,483.7,15.9,42.5,0.056
698,-1,816.0,460.9,19.1,33.2,0.053
699,-1,537.8,500.7,31.4,88.7,0.998
699,-1,842.9,584.9,94.9,154.5,0.997
699,-1,699.5,481.2,19.8,49.4,0.959
699,-1,717.6,483.6,15.1,44.8,0.948
699,-1,733.8,480.5,18.7,47.3,0.932
699,-1,1293.6,513.4,26.0,76.9,0.848
699,-1,1315.1,518.7,22.1,63.7,0.670
699,-1,798.1,464.4,14.2,32.5,0.307
699,-1,1261.1,517.6,26.8,67.6,0.227
699,-1,24.0,225.6,86.3,76.9,0.191
699,-1,807.5,468.3,12.6,29.6,0.177
699,-1,753.5,485.1,13.8,37.4,0.135
699,-1,899.8,654.2,35.7,83.0,0.116
699,-1,1018.4,442.9,23.4,44.5,0.109
699,-1,817.2,460.6,17.9,33.3,0.096
699,-1,879.2,623.7,57.8,115.5,0.055
699,-1,1148.5,461.0,16.6,59.2,0.053
700,-1,538.9,499.9,35.3,94.5,0.998
700,-1,851.8,585.5,104.6,157.1,0.984
700,-1,704.4,481.9,19.1,49.9,0.975
700,-1,723.0,485.1,15.7,46.8,0.961
700,-1,737.2,481.6,18.9,49.8,0.944
700,-1,1300.7,509.0,26.9,82.1,0.898
700,-1,1324.6,523.4,20.3,58.0,0.728
700,-1,813.0,471.4,10.0,28.8,0.494
700,-1,805.1,469.6,13.2,29.5,0.316
700,-1,816.9,471.5,16.3,28.7,0.226
700,-1,758.4,481.6,14.8,41.2,0.179
700,-1,1211.1,469.8,14.5,50.4,0.133
700,-1,1266.1,513.6,28.2,69.8,0.125
700,-1,1172.9,469.0,16.0,54.0,0.122
700,-1,894.3,589.7,61.2,118.8,0.121
700,-1,714.9,481.5,16.7,49.6,0.105
700,-1,822.7,462.9,14.8,31.8,0.100
700,-1,758.9,459.8,21.7,59.0,0.066
700,-1,776.7,483.7,15.1,28.8,0.062
700,-1,17.5,224.4,84.8,84.2,0.052
701,-1,538.6,501.6,40.7,94.3,0.997
701,-1,873.7,590.9,102.4,160.4,0.995
701,-1,710.7,481.7,18.3,50.2,0.979
701,-1,744.8,483.2,17.7,48.2,0.956
701,-1,728.5,485.5,15.6,46.0,0.940
701,-1,1332.3,527.3,21.4,58.3,0.792
701,-1,1310.3,521.2,23.9,72.8,0.707
701,-1,820.0,473.2,11.9,28.0,0.503
701,-1,809.6,466.1,14.5,34.5,0.390
701,-1,764.4,479.3,17.6,44.9,0.259
701,-1,814.1,471.3,13.2,29.8,0.237
701,-1,1276.3,516.0,26.7,71.4,0.215
701,-1,826.6,461.6,17.0,33.2,0.076
702,-1,545.0,502.8,39.0,94.1,0.996
702,-1,897.2,599.0,94.2,157.7,0.987
702,-1,715.8,480.3,20.5,52.8,0.979
702,-1,751.4,482.7,19.1,48.7,0.965
702,-1,734.4,485.1,15.1,47.3,0.904
702,-1,1317.6,520.3,27.6,73.7,0.746
702,-1,1341.9,526.9,20.7,60.9,0.528
702,-1,825.8,471.0,11.6,31.2,0.496
702,-1,772.1,477.2,15.6,44.7,0.198
702,-1,816.5,468.7,13.6,32.7,0.194
702,-1,795.6,459.7,20.4,61.0,0.192
702,-1,837.7,462.1,15.8,33.1,0.187
702,-1,812.8,467.2,11.8,45.6,0.091
702,-1,789.4,488.0,16.9,34.3,0.071
702,-1,1283.5,514.8,27.5,75.4,0.064
702,-1,804.1,460.2,14.4,51.9,0.055
703,-1,545.4,500.9,45.1,97.3,0.998
703,-1,950.1,607.3,59.9,152.9,0.993
703,-1,755.3,483.2,19.4,50.2,0.979
703,-1,721.1,482.0,19.2,50.3,0.976
703,-1,739.7,484.6,15.0,48.4,0.946
703,-1,1323.0,518.8,29.7,85.2,0.886
703,-1,831.5,469.8,11.5,32.9,0.771
703,-1,823.0,470.7,11.4,29.5,0.731
703,-1,1349.8,534.2,20.4,58.6,0.509
703,-1,777.5,474.5,16.3,49.6,0.405
703,-1,842.9,465.0,12.2,31.0,0.391
703,-1,817.6,468.8,11.5,45.3,0.260
703,-1,1289.8,518.5,27.5,77.2,0.144
703,-1,799.7,469.7,17.3,48.2,0.105
703,-1,837.2,469.7,12.6,30.4,0.102
703,-1,807.4,459.5,15.0,57.8,0.101
703,-1,846.6,462.0,13.5,30.1,0.076
703,-1,847.5,465.6,16.8,39.7,0.076
703,-1,794.5,465.1,17.2,47.9,0.065
704,-1,547.5,503.9,44.9,99.3,0.998
704,-1,953.3,612.2,74.4,157.2,0.991
704,-1,727.2,484.7,17.7,52.6,0.980
704,-1,758.6,485.9,19.7,51.7,0.975
704,-1,743.1,488.5,16.4,49.2,0.846
704,-1,1329.2,524.8,29.3,78.5,0.760
704,-1,1354.5,538.9,22.8,59.1,0.736
704,-1,835.4,474.7,12.5,32.7,0.698
704,-1,848.0,467.1,12.8,29.4,0.614
704,-1,826.9,472.0,13.3,34.3,0.609
704,-1,1296.1,526.7,26.7,73.8,0.499
704,-1,734.7,485.6,19.1,51.9,0.475
704,-1,780.0,469.6,20.5,57.1,0.344
704,-1,843.4,466.0,13.5,31.5,0.276
704,-1,814.0,462.7,16.2,56.3,0.256
704,-1,848.7,466.8,20.7,36.0,0.237
704,-1,804.1,468.3,19.9,55.9,0.094
704,-1,1715.1,622.2,23.5,61.0,0.074
704,-1,822.4,470.2,11.2,38.8,0.070
704,-1,1049.6,451.1,19.1,48.5,0.064
705,-1,554.4,503.8,41.9,98.4,0.997
705,-1,975.7,614.1,68.8,151.0,0.993
705,-1,764.0,487.8,18.4,48.6,0.983
705,-1,731.6,483.7,18.0,53.4,0.975
705,-1,746.9,488.0,16.3,49.4,0.883
705,-1,1360.9,538.0,22.5,60.5,0.783
705,-1,831.6,471.1,13.9,34.5,0.653
705,-1,839.9,474.8,17.8,31.6,0.609
705,-1,1337.9,526.0,29.0,80.1,0.571
705,-1,851.5,465.0,14.1,33.4,0.512
705,-1,1300.6,525.1,28.7,76.8,0.359
705,-1,846.7,463.7,13.8,31.8,0.234
705,-1,836.3,473.9,12.3,31.4,0.214
705,-1,738.2,486.5,20.7,50.6,0.167
705,-1,816.2,461.1,15.3,54.0,0.127
705,-1,1053.5,451.7,22.1,45.9,0.069
705,-1,787.4,490.8,14.0,34.5,0.063
705,-1,1105.8,455.5,13.3,50.2,0.053
705,-1,826.7,472.0,12.7,42.5,0.053
706,-1,979.6,615.8,83.9,163.4,0.998
706,-1,559.3,506.0,39.6,97.9,0.997
706,-1,734.1,487.2,19.0,51.2,0.961
706,-1,768.1,486.9,20.8,51.6,0.957
706,-1,752.2,490.6,15.4,47.6,0.802
706,-1,1369.7,544.7,21.8,60.1,0.775
706,-1,1309.7,532.4,28.2,73.7,0.673
706,-1,1345.9,540.9,25.5,70.5,0.615
706,-1,845.1,477.8,10.8,30.4,0.464
706,-1,837.8,478.7,12.2,28.9,0.326
706,-1,856.1,470.3,12.9,30.3,0.292
706,-1,791.7,487.6,14.6,41.1,0.143
706,-1,825.1,467.8,13.6,48.1,0.110
706,-1,815.6,467.9,15.8,51.1,0.071
706,-1,125.4,0.0,111.8,48.6,0.054
706,-1,849.3,470.2,12.8,33.6,0.053
707,-1,985.3,613.8,95.4,168.2,0.998
707,-1,558.8,507.5,42.8,101.0,0.998
707,-1,737.8,489.7,18.8,51.4,0.983
707,-1,771.2,490.2,19.2,50.4,0.957
707,-1,754.0,490.9,16.8,51.0,0.833
707,-1,849.0,476.0,11.4,33.0,0.717
707,-1,1352.8,539.5,25.2,67.5,0.645
707,-1,1375.2,540.6,22.5,60.5,0.624
707,-1,840.4,477.1,10.9,29.6,0.534
707,-1,861.2,470.8,10.2,29.8,0.451
707,-1,842.7,477.2,13.9,32.8,0.220
707,-1,1061.7,455.0,19.7,46.2,0.174
707,-1,833.5,473.4,11.2,45.8,0.160
707,-1,794.1,489.0,14.7,41.1,0.113
707,-1,856.1,469.5,11.9,29.9,0.080
708,-1,561.2,513.6,42.6,100.4,0.998
708,-1,991.4,613.3,107.1,172.5,0.998
708,-1,774.3,492.4,21.4,52.4,0.982
708,-1,741.0,493.0,19.9,50.9,0.980
708,-1,758.9,498.1,15.3,45.0,0.823
708,-1,1381.7,544.8,22.6,59.7,0.720
708,-1,854.9,481.5,10.1,30.6,0.604
708,-1,1321.2,534.6,29.4,71.1,0.593
708,-1,843.4,479.2,13.0,32.2,0.504
708,-1,865.5,473.5,12.5,30.7,0.482
708,-1,1359.1,542.4,24.5,65.4,0.390
708,-1,797.9,495.1,13.7,40.4,0.324
708,-1,867.9,473.5,17.8,33.4,0.151
708,-1,856.5,474.6,11.6,34.8,0.140
708,-1,797.9,480.0,19.2,53.0,0.134
708,-1,820.6,473.2,19.0,50.9,0.062
708,-1,1068.0,455.8,19.6,40.3,0.058
709,-1,563.3,515.1,42.9,103.1,0.997
709,-1,1008.3,612.8,116.6,174.8,0.997
709,-1,743.8,494.4,19.6,52.6,0.988
709,-1,778.9,497.0,19.7,49.2,0.982
709,-1,764.0,498.0,14.6,47.6,0.880
709,-1,1388.6,537.3,21.9,61.1,0.760
709,-1,858.9,482.0,11.7,31.2,0.625
709,-1,847.9,480.3,10.6,30.8,0.524
709,-1,1366.2,538.4,23.6,64.2,0.493
709,-1,868.5,473.6,12.4,30.6,0.302
709,-1,1326.4,528.5,30.1,73.1,0.298
709,-1,853.4,478.7,11.8,29.7,0.189
709,-1,803.1,484.3,16.6,49.2,0.061
709,-1,874.2,471.3,16.5,36.4,0.052
710,-1,573.0,526.6,36.2,96.9,0.998
710,-1,1027.3,628.8,116.7,174.9,0.997
710,-1,750.5,501.3,18.8,52.2,0.980
710,-1,784.0,502.9,18.8,49.2,0.970
710,-1,768.7,504.9,14.0,45.9,0.874
710,-1,1394.6,548.5,22.7,63.4,0.723
710,-1,860.5,485.1,12.2,34.9,0.548
710,-1,852.9,487.2,12.2,31.8,0.427
710,-1,1373.1,553.1,23.8,64.9,0.383
710,-1,875.2,482.6,13.0,30.1,0.339
710,-1,864.2,491.0,13.8,30.9,0.253
710,-1,98.2,0.3,118.5,49.7,0.241
710,-1,761.5,501.6,16.7,51.0,0.232
710,-1,871.7,479.6,12.7,27.3,0.145
710,-1,808.2,500.7,14.7,40.2,0.108
710,-1,1333.2,537.9,30.2,76.7,0.101
710,-1,96.2,0.0,129.2,144.6,0.099
710,-1,1067.4,497.1,10.7,16.3,0.058
711,-1,572.1,530.0,37.3,98.0,0.998
711,-1,1050.2,620.5,111.9,176.3,0.997
711,-1,785.9,503.6,19.9,47.9,0.981
711,-1,751.4,500.4,20.4,53.6,0.979
711,-1,770.4,505.8,14.4,46.2,0.890
711,-1,1398.8,531.2,22.5,71.1,0.825
711,-1,1377.5,538.7,24.3,67.8,0.823
711,-1,856.1,484.3,12.1,31.7,0.583
711,-1,864.4,483.7,12.5,35.6,0.478
711,-1,875.9,480.2,11.6,30.7,0.415
711,-1,852.9,484.5,11.9,43.0,0.388
711,-1,810.5,501.7,13.7,41.8,0.216
711,-1,810.2,484.1,20.4,59.2,0.165
711,-1,1337.7,523.5,29.5,80.7,0.135
711,-1,1188.1,495.1,21.6,45.6,0.117
711,-1,867.8,480.7,12.6,33.8,0.081
711,-1,1387.8,533.8,27.3,69.8,0.053
712,-1,570.3,533.3,44.1,101.4,0.998
712,-1,1071.6,630.5,105.2,177.8,0.996
712,-1,756.2,505.6,19.6,53.1,0.974
712,-1,791.3,508.0,19.1,48.8,0.968
712,-1,775.4,508.9,15.4,47.5,0.938
712,-1,1386.2,544.8,23.3,66.1,0.781
712,-1,1408.5,539.9,22.1,67.3,0.729
712,-1,861.1,487.9,13.9,33.5,0.555
712,-1,858.0,487.0,11.8,45.9,0.480
712,-1,882.6,486.1,11.1,28.4,0.461
712,-1,814.2,501.8,15.8,46.1,0.432
712,-1,870.4,492.4,10.6,30.7,0.408
712,-1,1345.1,538.3,29.8,69.1,0.165
712,-1,876.0,484.3,12.6,28.6,0.144
712,-1,786.8,508.9,16.1,47.5,0.074
712,-1,888.4,481.5,15.0,33.6,0.060
712,-1,815.1,483.6,21.0,61.3,0.053
712,-1,846.6,482.7,14.7,51.7,0.052
713,-1,1094.3,633.5,102.4,168.3,0.998
713,-1,572.1,531.6,42.8,103.3,0.998
713,-1,757.4,500.9,20.2,55.1,0.982
713,-1,792.4,503.5,19.9,50.8,0.979
713,-1,778.2,507.3,15.2,47.0,0.952
713,-1,1412.9,538.3,23.1,60.8,0.838
713,-1,50.7,241.5,76.5,65.7,0.555
713,-1,1348.9,522.1,31.1,79.5,0.552
713,-1,1391.3,538.4,22.0,64.5,0.465
713,-1,873.8,490.7,11.9,28.9,0.443
713,-1,862.8,484.9,12.1,40.3,0.378
713,-1,1260.3,511.0,17.4,56.6,0.356
713,-1,858.9,485.0,11.5,46.8,0.272
713,-1,816.4,503.8,13.1,39.8,0.271
713,-1,882.1,480.3,11.6,28.5,0.233
713,-1,772.8,503.6,15.4,49.5,0.180
713,-1,868.0,483.2,14.2,32.8,0.156
713,-1,0.2,219.2,24.1,84.2,0.151
713,-1,1144.3,662.8,53.9,138.9,0.056
714,-1,579.7,541.9,37.0,101.2,0.999
714,-1,1127.5,636.2,93.4,172.2,0.997
714,-1,761.4,509.4,21.3,55.0,0.975
714,-1,797.0,510.1,19.9,53.5,0.973
714,-1,781.1,512.1,16.2,50.9,0.921
714,-1,1420.8,534.7,24.0,61.0,0.810
714,-1,875.5,487.2,13.9,36.8,0.637
714,-1,888.0,484.8,13.3,33.0,0.466
714,-1,866.5,488.9,14.0,40.1,0.421
714,-1,878.6,484.1,17.3,35.5,0.376
714,-1,1399.1,537.1,20.9,64.0,0.243
714,-1,1356.7,514.5,29.5,83.4,0.129
714,-1,819.4,505.9,14.8,46.3,0.098
714,-1,786.3,512.5,17.8,50.8,0.081
714,-1,853.7,484.7,13.9,47.1,0.078
714,-1,841.5,486.8,18.3,54.8,0.072
714,-1,891.4,487.3,16.8,32.8,0.062
715,-1,580.5,541.0,36.4,101.4,0.998
715,-1,1140.3,633.8,94.2,176.8,0.998
715,-1,800.8,509.8,19.1,53.9,0.982
715,-1,764.8,508.4,22.0,54.5,0.981
715,-1,784.0,512.1,15.3,51.3,0.941
715,-1,1426.7,537.1,24.2,61.8,0.812
715,-1,879.8,493.6,15.9,31.4,0.653
715,-1,870.4,490.1,12.4,38.0,0.429
715,-1,893.2,488.6,11.0,27.7,0.385
715,-1,876.3,489.7,13.1,34.0,0.237
715,-1,1405.3,539.5,22.5,58.5,0.181
715,-1,863.3,487.6,12.9,49.3,0.148
715,-1,824.6,501.4,15.5,49.2,0.103
715,-1,1361.0,523.4,31.2,75.9,0.086
715,-1,846.7,487.4,17.1,53.1,0.079
715,-1,956.0,483.0,17.5,28.4,0.054
716,-1,1155.2,630.7,101.9,182.2,0.999
716,-1,581.3,542.2,36.4,102.6,0.999
716,-1,802.6,509.5,19.1,52.8,0.981
716,-1,767.5,506.9,21.3,56.8,0.980
716,-1,786.3,510.5,16.5,51.7,0.953
716,-1,1431.6,527.1,24.1,66.3,0.899
716,-1,889.3,482.1,16.4,32.7,0.464
716,-1,870.0,488.8,13.0,46.2,0.436
716,-1,884.1,491.8,10.8,32.3,0.415
716,-1,873.8,488.3,15.4,36.5,0.213
716,-1,1410.2,536.8,20.9,61.3,0.162
716,-1,825.4,504.0,15.0,46.7,0.135
716,-1,82.1,0.1,96.1,160.7,0.123
716,-1,28.2,2.8,132.8,81.1,0.115
716,-1,927.4,467.0,12.9,31.1,0.079
716,-1,846.4,489.8,17.5,46.5,0.078
716,-1,958.3,480.2,16.2,28.5,0.056
717,-1,1176.4,631.2,92.5,182.3,0.999
717,-1,579.5,542.8,43.7,105.7,0.998
717,-1,770.9,509.9,21.4,54.7,0.979
717,-1,805.9,509.6,18.7,54.9,0.969
717,-1,1438.3,532.8,23.8,62.8,0.872
717,-1,896.7,484.5,14.6,33.8,0.814
717,-1,790.3,514.7,14.9,49.4,0.693
717,-1,888.7,494.0,10.4,31.4,0.478
717,-1,783.0,512.0,17.4,51.2,0.287
717,-1,876.3,490.0,12.8,40.4,0.273
717,-1,883.0,488.9,13.3,35.6,0.256
717,-1,1371.9,516.4,30.8,81.4,0.225
717,-1,1415.3,538.2,21.5,60.4,0.139
717,-1,844.9,485.9,19.6,47.8,0.107
717,-1,866.8,486.6,14.0,52.3,0.104
717,-1,901.4,485.6,16.5,32.7,0.081
717,-1,961.9,481.8,17.2,27.2,0.065
718,-1,1193.0,625.6,104.9,192.9,0.999
718,-1,580.8,546.5,43.5,105.4,0.998
718,-1,808.9,513.0,18.7,52.8,0.980
718,-1,772.8,510.1,22.3,56.6,0.972
718,-1,1443.6,528.5,25.6,64.9,0.906
718,-1,792.9,515.1,14.2,49.7,0.851
718,-1,890.6,496.2,10.8,29.0,0.656
718,-1,877.1,490.0,14.0,49.8,0.603
718,-1,901.2,486.7,13.0,30.4,0.540
718,-1,1421.8,533.8,20.8,64.8,0.495
718,-1,1284.2,507.5,16.7,55.9,0.415
718,-1,895.2,484.1,15.6,32.5,0.247
718,-1,881.0,489.4,13.4,37.3,0.181
718,-1,885.1,488.5,13.7,35.5,0.164
718,-1,848.7,486.9,21.5,52.0,0.091
718,-1,1378.0,523.0,30.6,71.9,0.073
718,-1,834.9,489.6,19.8,51.0,0.071
718,-1,579.3,557.2,17.4,79.4,0.063
719,-1,1207.6,635.2,111.7,191.4,0.999
719,-1,583.7,541.7,41.9,106.4,0.998
719,-1,813.2,508.5,19.0,56.5,0.973
719,-1,777.0,509.3,22.7,55.9,0.934
719,-1,795.4,512.2,16.5,52.7,0.803
719,-1,1449.2,537.8,27.8,65.6,0.716
719,-1,883.1,490.4,12.4,44.4,0.645
719,-1,895.8,494.2,11.0,31.5,0.301
719,-1,907.4,488.2,12.8,28.8,0.301
719,-1,903.4,484.7,13.3,32.0,0.300
719,-1,1119.1,483.9,12.0,25.8,0.230
719,-1,837.2,501.7,16.1,49.7,0.177
719,-1,857.3,486.7,19.1,48.2,0.084
719,-1,890.3,491.8,13.0,34.1,0.064
719,-1,1115.9,485.8,10.1,24.2,0.058
720,-1,1227.7,632.0,113.2,197.4,0.999
720,-1,584.3,545.1,42.4,109.8,0.997
720,-1,814.9,512.2,19.4,57.0,0.981
720,-1,779.2,514.7,21.3,52.9,0.949
720,-1,1455.1,532.0,27.6,67.4,0.904
720,-1,798.0,516.9,15.3,50.5,0.834
720,-1,908.3,487.5,13.8,31.4,0.715
720,-1,896.1,493.1,12.8,34.2,0.481
720,-1,881.9,491.3,13.7,49.2,0.467
720,-1,1434.0,536.7,20.8,69.9,0.269
720,-1,886.6,492.4,13.1,31.6,0.260
720,-1,891.9,492.5,12.8,30.6,0.182
720,-1,789.3,513.5,19.3,53.7,0.181
720,-1,901.8,485.4,15.1,32.4,0.110
720,-1,898.7,487.7,13.5,33.9,0.072
720,-1,581.8,553.3,19.1,94.7,0.059
720,-1,1388.1,520.3,31.5,80.3,0.056
720,-1,842.3,484.3,19.7,49.0,0.053
721,-1,1253.9,639.0,104.1,198.0,0.999
721,-1,586.7,544.5,42.8,110.6,0.997
721,-1,819.1,514.1,18.9,54.7,0.981
721,-1,782.6,511.0,21.8,57.8,0.975
721,-1,802.7,517.2,15.8,50.0,0.960
721,-1,1461.2,534.6,28.7,67.4,0.895
721,-1,912.6,489.6,13.8,31.6,0.792
721,-1,888.3,492.4,13.5,46.5,0.672
721,-1,1297.0,496.6,20.5,71.4,0.666
721,-1,901.1,495.0,12.4,32.9,0.475
721,-1,1394.1,523.0,31.4,80.3,0.229
721,-1,1125.7,482.2,12.7,28.8,0.197
721,-1,1439.9,541.3,22.0,64.3,0.152
721,-1,896.5,492.9,11.4,31.7,0.077
721,-1,904.3,488.1,14.0,34.0,0.076
722,-1,1278.7,646.5,101.2,196.2,0.999
722,-1,589.2,547.3,42.4,111.1,0.997
722,-1,822.4,514.2,19.1,54.0,0.976
722,-1,785.0,513.1,22.7,56.9,0.975
722,-1,804.7,518.7,16.0,49.3,0.919
722,-1,1469.0,535.7,26.6,65.9,0.882
722,-1,916.5,488.5,13.2,30.1,0.713
722,-1,893.9,492.4,12.5,43.3,0.569
722,-1,903.7,494.1,12.6,33.2,0.336
722,-1,1445.0,540.3,25.1,68.8,0.283
722,-1,1130.3,483.2,12.7,27.8,0.140
722,-1,1192.9,469.3,17.5,63.4,0.076
722,-1,585.1,556.0,20.6,91.5,0.059
723,-1,1313.1,660.4,95.8,189.2,0.998
723,-1,589.5,547.3,40.2,111.9,0.996
723,-1,827.1,514.0,19.3,56.3,0.979
723,-1,790.6,513.3,21.7,56.1,0.971
723,-1,808.4,515.7,17.0,51.9,0.940
723,-1,1477.1,532.6,25.5,71.5,0.863
723,-1,919.8,486.2,15.1,33.1,0.859
723,-1,896.4,490.6,14.8,52.5,0.813
723,-1,1308.7,500.9,19.5,71.9,0.738
723,-1,1452.8,540.6,23.4,67.4,0.480
723,-1,1200.0,471.9,17.2,65.1,0.451
723,-1,909.0,494.0,13.0,33.8,0.370
723,-1,890.5,489.0,14.2,53.1,0.205
723,-1,800.5,512.4,20.2,55.9,0.182
723,-1,1332.9,484.0,16.2,54.0,0.150
723,-1,1135.2,483.5,12.2,28.2,0.146
723,-1,1336.9,658.2,63.0,130.2,0.137
723,-1,902.9,491.7,13.3,36.0,0.125
723,-1,868.5,490.9,21.6,52.5,0.073
723,-1,1406.0,523.7,32.9,81.1,0.068
723,-1,585.6,562.3,15.6,72.8,0.064
723,-1,912.0,487.9,12.9,33.9,0.060
723,-1,931.3,481.6,11.4,32.4,0.052
724,-1,1356.0,665.8,70.9,194.5,0.994
724,-1,791.9,525.2,21.4,53.1,0.993
724,-1,592.0,555.7,43.4,113.4,0.993
724,-1,830.2,524.5,18.6,52.7,0.984
724,-1,810.5,525.7,16.9,51.8,0.961
724,-1,1480.8,535.9,26.5,74.7,0.891
724,-1,924.6,496.6,12.6,31.5,0.872
724,-1,1311.4,509.5,20.0,71.0,0.793
724,-1,899.5,500.4,13.9,49.0,0.593
724,-1,913.5,503.5,10.9,32.9,0.400
724,-1,1458.1,547.1,23.2,66.4,0.389
724,-1,1407.6,525.4,34.1,86.0,0.158
724,-1,1247.1,501.2,19.1,47.7,0.120
724,-1,906.1,497.7,14.1,37.8,0.114
724,-1,1337.2,492.4,14.7,51.0,0.098
724,-1,1305.8,493.2,34.7,90.1,0.097
724,-1,920.1,495.1,13.2,30.6,0.085
724,-1,586.3,571.1,16.3,79.4,0.056
724,-1,934.5,491.6,11.2,28.4,0.050
725,-1,1371.8,668.9,79.0,195.3,0.998
725,-1,592.5,558.4,45.1,111.9,0.996
725,-1,796.2,522.9,21.4,55.5,0.984
725,-1,833.4,524.5,19.1,54.5,0.971
725,-1,814.6,525.4,17.0,51.9,0.960
725,-1,1489.9,542.3,27.0,68.9,0.866
725,-1,1415.0,527.3,33.9,84.3,0.709
725,-1,929.1,495.5,12.3,30.9,0.665
725,-1,1465.5,541.7,24.1,72.3,0.635
725,-1,1318.1,512.3,17.9,65.1,0.490
725,-1,904.1,496.6,14.7,44.3,0.276
725,-1,908.3,496.0,14.8,39.4,0.266
725,-1,938.1,490.4,10.1,24.0,0.254
725,-1,917.5,501.1,11.9,35.0,0.202
725,-1,819.7,524.5,27.6,53.9,0.097
725,-1,961.5,479.5,11.4,27.3,0.078
726,-1,1384.6,676.4,85.6,204.9,0.997
726,-1,592.2,556.8,46.4,114.0,0.996
726,-1,838.5,525.5,18.9,49.8,0.973
726,-1,800.8,521.2,21.3,56.4,0.948
726,-1,819.8,524.9,17.4,52.0,0.894
726,-1,1496.0,545.6,28.1,71.9,0.871
726,-1,930.9,494.5,12.8,34.6,0.782
726,-1,1471.5,551.1,24.0,72.3,0.566
726,-1,1324.5,513.6,19.5,69.9,0.513
726,-1,922.5,503.9,11.2,32.6,0.402
726,-1,909.5,497.9,13.9,43.1,0.336
726,-1,914.4,497.0,14.6,38.2,0.246
726,-1,943.5,491.2,10.1,23.9,0.244
726,-1,935.2,494.4,11.9,32.6,0.135
726,-1,1145.7,490.8,15.0,30.4,0.100
726,-1,903.6,496.8,13.4,49.8,0.095
726,-1,1412.6,717.5,69.5,159.8,0.085
726,-1,1141.5,469.1,20.9,48.4,0.075
726,-1,1424.5,540.8,32.9,77.0,0.060
726,-1,798.7,506.3,34.3,72.9,0.055
726,-1,926.1,494.9,12.0,31.5,0.054
726,-1,1349.3,494.9,14.7,52.3,0.053
726,-1,1138.7,488.7,11.5,30.7,0.051
727,-1,592.6,565.9,47.8,112.6,0.998
727,-1,1401.1,670.9,105.3,206.1,0.995
727,-1,802.5,527.6,21.3,56.5,0.986
727,-1,841.2,530.6,19.0,51.1,0.983
727,-1,821.7,530.6,18.5,52.1,0.920
727,-1,1503.1,547.0,26.4,69.3,0.894
727,-1,935.5,501.6,13.9,30.8,0.725
727,-1,922.4,510.3,14.5,32.9,0.650
727,-1,1328.2,512.7,18.8,70.2,0.484
727,-1,1477.4,552.6,23.4,67.3,0.452
727,-1,1435.0,532.9,28.8,85.1,0.414
727,-1,911.9,505.6,12.1,36.4,0.373
727,-1,1144.0,492.7,11.1,30.5,0.348
727,-1,1151.0,494.7,11.5,28.3,0.263
727,-1,915.5,504.9,15.4,35.4,0.113
727,-1,929.9,500.7,11.0,33.1,0.100
727,-1,946.1,495.6,10.1,26.0,0.076
727,-1,1457.1,682.3,56.8,169.8,0.071
727,-1,1352.6,498.3,15.4,49.1,0.061
728,-1,1415.1,682.4,120.5,217.7,0.997
728,-1,594.5,563.7,49.5,113.8,0.997
728,-1,806.6,526.6,22.4,57.5,0.984
728,-1,844.8,528.6,19.5,52.8,0.981
728,-1,826.5,527.9,17.3,56.5,0.919
728,-1,1510.9,554.4,28.3,72.1,0.784
728,-1,939.8,503.8,13.5,30.7,0.681
728,-1,929.4,512.1,11.7,30.7,0.619
728,-1,917.1,511.6,14.0,42.7,0.270
728,-1,952.0,497.9,10.0,23.1,0.237
728,-1,1483.6,700.5,56.6,199.0,0.189
728,-1,1485.2,560.6,23.8,72.0,0.182
728,-1,1155.4,495.8,12.6,31.2,0.150
728,-1,919.6,503.6,14.1,38.0,0.096
728,-1,935.1,499.6,13.1,33.7,0.094
729,-1,1436.0,680.7,133.9,221.3,0.998
729,-1,594.8,562.8,49.3,115.1,0.997
729,-1,809.0,525.4,21.7,57.4,0.990
729,-1,848.4,528.9,18.1,51.0,0.986
729,-1,829.6,527.6,15.7,54.2,0.915
729,-1,1515.7,559.6,27.4,64.3,0.853
729,-1,942.0,499.4,12.6,31.2,0.612
729,-1,931.6,507.6,12.2,33.9,0.388
729,-1,953.5,495.7,10.1,22.3,0.201
729,-1,1159.0,495.1,12.2,30.1,0.163
729,-1,918.3,505.0,14.1,45.4,0.115
729,-1,590.4,566.0,28.1,98.1,0.093
729,-1,913.0,497.4,13.3,53.5,0.090
729,-1,936.6,500.4,11.6,31.9,0.083
729,-1,1490.4,555.7,24.5,74.8,0.060
730,-1,595.8,564.9,49.5,117.5,0.997
730,-1,1458.9,688.4,139.0,232.6,0.997
730,-1,813.3,530.6,22.2,55.0,0.986
730,-1,852.2,531.8,17.9,52.5,0.979
730,-1,1526.1,556.2,28.6,73.0,0.914
730,-1,833.3,531.5,16.5,54.4,0.841
730,-1,1496.9,556.3,26.5,80.2,0.786
730,-1,936.9,508.3,12.2,35.7,0.504
730,-1,945.9,501.5,12.1,33.6,0.500
730,-1,959.9,495.5,10.4,23.4,0.451
730,-1,1345.9,524.8,17.1,66.5,0.322
730,-1,1367.1,494.6,17.4,61.0,0.249
730,-1,924.6,506.1,12.5,46.6,0.205
730,-1,1323.7,499.8,17.9,57.7,0.157
730,-1,1163.8,495.7,12.8,30.7,0.113
730,-1,927.6,504.0,12.6,38.9,0.088
730,-1,1447.0,548.5,35.1,78.9,0.053
730,-1,942.2,503.7,10.8,31.8,0.051
731,-1,596.8,561.9,49.2,118.5,0.997
731,-1,1501.4,695.6,125.0,231.2,0.992
731,-1,816.9,527.1,22.0,58.1,0.989
731,-1,854.5,529.8,19.8,54.0,0.979
731,-1,1528.6,561.5,30.3,71.4,0.844
731,-1,837.6,530.8,17.6,52.6,0.829
731,-1,940.7,509.8,12.3,32.7,0.693
731,-1,1502.4,563.4,25.7,72.2,0.667
731,-1,949.6,503.0,11.7,30.7,0.655
731,-1,1562.0,726.5,63.5,196.3,0.425
731,-1,1535.2,698.6,74.2,170.5,0.328
731,-1,928.5,509.4,14.0,45.5,0.272
731,-1,928.1,503.8,11.6,37.5,0.156
731,-1,962.1,494.3,10.0,22.3,0.147
731,-1,964.0,496.3,12.1,28.2,0.141
731,-1,1163.4,477.5,18.4,51.0,0.138
731,-1,1166.1,495.8,14.4,32.3,0.114
731,-1,881.4,520.5,17.6,48.7,0.079
731,-1,970.0,473.2,7.9,17.9,0.066
731,-1,932.8,503.6,12.8,38.4,0.061
731,-1,882.9,505.9,20.3,54.0,0.051
732,-1,599.9,561.7,47.8,121.1,0.997
732,-1,1514.5,700.6,131.3,231.7,0.992
732,-1,819.1,526.0,22.0,58.7,0.987
732,-1,857.4,526.2,20.4,56.0,0.973
732,-1,1535.2,555.3,31.0,77.3,0.901
732,-1,840.2,526.4,16.9,56.6,0.817
732,-1,1508.9,561.9,25.9,74.8,0.702
732,-1,941.4,506.7,13.8,35.6,0.695
732,-1,951.7,500.6,13.0,31.9,0.416
732,-1,1594.3,720.4,52.2,211.0,0.355
732,-1,827.4,525.2,20.5,58.3,0.265
732,-1,931.6,507.2,13.6,46.3,0.243
732,-1,1563.7,704.4,72.0,182.9,0.219
732,-1,1376.6,496.7,17.6,60.4,0.183
732,-1,1170.1,495.8,12.1,28.4,0.180
732,-1,965.2,491.6,12.4,23.9,0.163
732,-1,1354.7,519.9,17.7,71.6,0.108
732,-1,924.8,499.9,13.4,51.9,0.097
732,-1,971.7,471.1,10.3,23.0,0.087
732,-1,1330.3,501.2,16.3,55.4,0.068
732,-1,947.8,505.4,11.1,29.2,0.062
732,-1,935.6,513.1,14.7,37.5,0.054
732,-1,935.0,503.2,12.2,33.9,0.051
733,-1,1552.7,708.3,123.8,224.9,0.999
733,-1,599.9,561.4,50.8,122.1,0.997
733,-1,821.8,525.1,22.7,59.5,0.990
733,-1,860.8,526.7,19.3,54.9,0.974
733,-1,841.7,525.9,20.4,57.5,0.891
733,-1,1540.6,557.4,31.4,72.0,0.787
733,-1,946.7,514.3,10.9,25.9,0.547
733,-1,954.0,502.8,13.6,30.4,0.468
733,-1,1513.6,561.8,28.3,73.4,0.359
733,-1,935.4,507.5,13.6,42.4,0.261
733,-1,1174.4,495.1,10.8,29.5,0.257
733,-1,1165.4,494.1,9.6,30.8,0.253
733,-1,1381.0,491.9,17.7,62.6,0.191
733,-1,969.4,495.3,12.5,23.5,0.170
733,-1,938.4,525.3,12.7,28.0,0.146
733,-1,942.6,504.6,12.8,35.2,0.143
733,-1,1333.7,498.3,16.1,58.0,0.094
733,-1,1341.2,486.1,42.0,108.2,0.061
733,-1,967.4,492.9,10.5,20.6,0.053
734,-1,601.2,558.5,50.6,121.5,0.997
734,-1,1587.1,709.8,119.1,228.2,0.994
734,-1,824.6,525.8,24.2,55.0,0.986
734,-1,864.5,524.9,19.1,53.7,0.966
734,-1,843.7,524.6,22.5,55.8,0.920
734,-1,1546.3,559.9,33.6,73.9,0.871
734,-1,1521.0,564.9,27.2,75.3,0.742
734,-1,958.8,497.4,13.7,33.3,0.382
734,-1,973.9,493.5,11.9,23.5,0.330
734,-1,950.1,503.2,13.6,34.8,0.246
734,-1,1179.0,493.5,13.2,32.6,0.207
734,-1,945.7,502.1,12.4,34.7,0.206
734,-1,981.7,469.5,7.8,20.0,0.196
734,-1,940.3,510.3,14.1,39.7,0.098
734,-1,1386.4,494.7,18.2,62.6,0.090
734,-1,949.0,512.1,11.0,27.9,0.080
734,-1,1176.3,478.3,16.8,44.6,0.079
735,-1,1614.1,697.2,121.5,244.0,0.998
735,-1,602.7,560.5,49.0,122.7,0.998
735,-1,825.2,525.5,24.4,55.9,0.992
735,-1,865.7,525.1,20.1,55.0,0.980
735,-1,848.0,527.7,17.6,54.6,0.949
735,-1,1551.5,554.7,32.0,75.2,0.858
735,-1,1524.7,560.2,28.5,75.6,0.648
735,-1,975.0,490.8,11.0,25.8,0.574
735,-1,959.1,498.4,13.8,31.2,0.541
735,-1,951.6,500.3,12.6,37.7,0.416
735,-1,1390.1,491.6,17.0,61.8,0.273
735,-1,948.2,499.3,11.3,32.5,0.249
735,-1,940.3,503.9,11.3,41.5,0.241
735,-1,1343.8,496.1,17.1,58.9,0.161
735,-1,1181.2,492.9,11.8,29.3,0.141
735,-1,1314.8,490.2,25.3,74.6,0.141
735,-1,1295.4,498.6,21.1,56.8,0.099
735,-1,944.2,501.4,13.3,37.6,0.077
735,-1,1469.3,501.5,41.6,125.1,0.051
736,-1,604.1,556.6,49.2,126.6,0.996
736,-1,1629.7,702.7,119.3,247.0,0.995
736,-1,830.1,523.6,23.2,55.1,0.986
736,-1,868.7,522.8,21.3,56.7,0.981
736,-1,850.3,526.9,16.6,50.3,0.925
736,-1,1559.3,554.6,32.3,76.7,0.765
736,-1,956.3,506.9,12.8,29.7,0.565
736,-1,963.7,497.2,12.6,31.8,0.467
736,-1,979.6,490.9,9.8,23.0,0.372
736,-1,952.7,497.9,12.2,35.0,0.349
736,-1,1530.4,558.4,29.7,80.6,0.293
736,-1,944.6,506.2,12.6,38.0,0.292
736,-1,1372.8,524.7,18.1,65.2,0.165
736,-1,1347.1,499.6,15.8,55.3,0.142
736,-1,1300.4,510.3,21.0,47.0,0.109
736,-1,1186.6,492.6,11.9,29.3,0.107
736,-1,1537.4,553.2,40.9,83.8,0.105
736,-1,1476.2,496.2,41.2,132.1,0.103
736,-1,1482.6,556.7,33.9,72.3,0.089
736,-1,967.8,495.1,10.1,23.6,0.077
736,-1,854.0,522.3,23.0,56.0,0.055
737,-1,605.0,556.0,49.1,128.4,0.996
737,-1,1657.7,703.5,128.8,254.1,0.994
737,-1,870.8,519.7,20.9,58.2,0.984
737,-1,832.2,521.0,24.6,56.6,0.983
737,-1,854.3,522.6,16.4,52.7,0.957
737,-1,1563.2,545.3,32.9,82.8,0.923
737,-1,1536.3,556.2,29.3,80.6,0.542
737,-1,958.3,501.8,12.1,33.5,0.289
737,-1,964.8,496.6,12.3,31.4,0.248
737,-1,947.2,499.3,16.0,41.2,0.242
737,-1,982.5,489.6,10.8,23.7,0.220
737,-1,1350.9,498.0,16.0,56.4,0.184
737,-1,952.9,494.6,13.7,39.8,0.125
737,-1,970.7,494.4,10.1,25.1,0.116
737,-1,949.3,513.8,14.5,32.5,0.077
738,-1,606.0,556.7,48.6,129.5,0.997
738,-1,1687.6,715.3,135.5,256.1,0.996
738,-1,834.2,524.1,24.4,56.0,0.991
738,-1,871.5,523.6,21.9,58.2,0.990
738,-1,854.7,524.4,17.2,54.2,0.961
738,-1,1572.3,555.5,31.0,77.1,0.806
738,-1,985.2,491.7,10.4,21.3,0.725
738,-1,1542.0,562.8,29.0,77.2,0.491
738,-1,960.4,504.8,13.2,32.8,0.478
738,-1,969.2,497.9,12.0,30.3,0.472
738,-1,948.4,498.4,12.6,47.4,0.269
738,-1,958.0,499.9,12.1,32.7,0.256
738,-1,1402.8,491.1,17.2,63.6,0.217
738,-1,952.6,495.9,11.6,35.0,0.148
738,-1,1353.9,499.6,16.6,58.5,0.130
738,-1,942.6,492.7,13.4,52.8,0.099
738,-1,971.7,494.7,12.0,24.9,0.098
738,-1,860.8,525.5,20.4,53.5,0.060
739,-1,1715.6,718.4,149.7,257.5,0.999
739,-1,608.2,559.0,46.2,129.5,0.998
739,-1,873.3,524.2,21.1,57.3,0.988
739,-1,835.3,524.9,24.2,56.6,0.987
739,-1,856.4,526.7,15.7,53.4,0.934
739,-1,1576.0,560.4,30.6,73.7,0.916
739,-1,986.5,492.0,10.0,24.8,0.637
739,-1,1331.3,490.7,22.4,76.5,0.531
739,-1,1548.7,561.5,25.9,74.3,0.398
739,-1,1357.3,500.4,16.6,56.4,0.333
739,-1,969.6,500.0,12.1,29.6,0.242
739,-1,951.3,503.9,13.8,44.9,0.230
739,-1,861.3,524.1,20.3,57.0,0.171
739,-1,960.3,504.9,14.2,32.7,0.118
739,-1,1192.9,492.7,12.7,29.6,0.103
739,-1,969.3,505.2,18.0,32.0,0.086
739,-1,1351.1,498.4,15.8,57.3,0.077
740,-1,607.6,560.6,47.5,130.0,0.997
740,-1,1745.1,729.2,147.3,257.9,0.995
740,-1,836.3,525.2,24.8,56.6,0.991
740,-1,875.0,524.4,21.4,58.2,0.983
740,-1,860.0,527.1,16.7,53.4,0.956
740,-1,1582.5,564.3,29.8,70.1,0.792
740,-1,989.2,492.8,9.7,22.9,0.770
740,-1,1334.2,490.0,22.4,77.8,0.565
740,-1,954.6,499.7,12.7,48.9,0.352
740,-1,1358.7,498.5,16.0,57.0,0.252
740,-1,1554.0,564.2,25.4,73.0,0.245
740,-1,963.7,505.9,12.9,32.2,0.236
740,-1,968.7,503.4,16.2,31.1,0.228
740,-1,1185.2,490.1,11.0,32.0,0.227
740,-1,1819.8,720.1,75.5,267.0,0.148
740,-1,975.3,498.8,9.9,27.9,0.139
740,-1,1408.3,493.4,17.7,60.8,0.123
740,-1,1192.6,491.9,11.7,30.1,0.085
740,-1,1198.6,494.8,10.6,26.7,0.064
741,-1,605.0,561.7,53.6,133.4,0.998
741,-1,1784.3,738.7,131.4,257.4,0.994
741,-1,839.6,524.5,24.9,59.8,0.989
741,-1,878.5,525.2,20.4,60.1,0.988
741,-1,860.4,529.1,17.1,53.2,0.952
741,-1,1587.7,563.3,30.1,72.7,0.921
741,-1,991.6,493.4,9.6,21.3,0.477
741,-1,1337.2,491.8,24.0,79.8,0.384
741,-1,1840.2,738.2,72.3,183.2,0.352
741,-1,1363.2,501.8,15.1,56.2,0.339
741,-1,967.5,501.9,14.0,38.5,0.328
741,-1,974.6,499.2,12.4,31.7,0.304
741,-1,957.5,507.0,13.3,44.1,0.292
741,-1,1411.1,496.4,18.9,62.3,0.189
741,-1,1796.9,748.7,55.8,112.2,0.130
741,-1,1555.9,552.2,31.4,90.7,0.116
741,-1,1198.3,494.3,12.5,30.5,0.115
741,-1,1803.7,737.0,94.8,137.2,0.084
741,-1,1369.2,500.2,18.7,61.6,0.083
741,-1,1191.3,492.0,12.1,32.8,0.080
741,-1,1187.7,488.3,11.5,35.5,0.062
742,-1,606.7,564.7,50.3,131.9,0.997
742,-1,1823.0,750.9,96.9,258.2,0.993
742,-1,841.2,525.8,23.7,60.8,0.991
742,-1,880.1,527.6,19.8,59.5,0.981
742,-1,863.1,531.6,16.6,53.8,0.884
742,-1,1597.4,560.2,28.7,79.4,0.672
742,-1,1340.7,496.0,21.1,73.0,0.566
742,-1,974.6,502.9,12.8,29.4,0.485
742,-1,995.0,495.7,9.1,21.8,0.483
742,-1,1367.4,502.5,17.3,58.7,0.448
742,-1,960.0,511.8,13.2,43.0,0.356
742,-1,972.1,514.2,8.9,22.1,0.285
742,-1,966.8,506.3,12.9,34.1,0.239
742,-1,1853.7,751.0,65.5,163.9,0.223
742,-1,1564.5,568.6,26.8,76.0,0.172
742,-1,1895.9,754.7,23.8,253.2,0.160
742,-1,1319.5,493.8,21.7,66.8,0.131
742,-1,956.0,501.3,12.3,52.0,0.106
742,-1,963.6,504.4,11.8,33.2,0.091
742,-1,1203.5,496.5,11.4,28.6,0.065
742,-1,1375.9,501.7,18.9,62.0,0.057
742,-1,1007.0,494.2,10.4,20.1,0.050
743,-1,605.1,566.7,53.8,132.3,0.996
743,-1,881.2,526.7,19.9,62.0,0.989
743,-1,842.7,527.4,24.4,59.8,0.988
743,-1,1599.2,567.8,29.3,74.1,0.899
743,-1,862.9,529.8,18.8,58.4,0.872
743,-1,1570.8,567.2,26.2,79.2,0.598
743,-1,996.6,494.7,10.0,26.3,0.401
743,-1,978.8,502.7,10.6,29.4,0.378
743,-1,961.9,508.4,15.7,45.5,0.328
743,-1,971.9,507.5,13.1,33.1,0.256
743,-1,1369.3,504.1,15.6,58.3,0.179
743,-1,979.7,495.6,11.8,27.5,0.084
743,-1,952.1,497.4,14.1,57.8,0.078
743,-1,1579.2,566.0,30.6,76.0,0.065
743,-1,1203.3,498.0,10.7,26.6,0.059
743,-1,957.2,496.3,14.3,51.3,0.055
744,-1,605.0,566.2,51.1,134.8,0.997
744,-1,842.7,528.0,24.3,59.3,0.993
744,-1,882.0,526.8,20.4,62.8,0.991
744,-1,863.0,530.0,19.5,58.9,0.925
744,-1,1607.9,564.9,28.1,80.7,0.888
744,-1,961.3,507.4,15.7,48.2,0.737
744,-1,1573.5,568.5,26.9,80.2,0.653
744,-1,970.8,506.5,15.7,37.5,0.407
744,-1,854.3,527.5,22.4,60.8,0.331
744,-1,1200.8,497.5,10.6,30.2,0.328
744,-1,997.9,495.1,10.1,27.2,0.317
744,-1,979.4,499.7,11.6,32.4,0.304
744,-1,1205.6,498.0,11.3,29.3,0.186
744,-1,1372.1,506.7,16.7,58.8,0.097
744,-1,1167.2,488.4,15.3,34.4,0.051
744,-1,940.9,502.5,15.2,50.6,0.051
745,-1,604.0,567.5,51.0,135.6,0.997
745,-1,841.7,528.5,25.4,59.9,0.991
745,-1,881.8,526.0,20.8,64.7,0.986
745,-1,865.5,530.4,18.0,57.8,0.951
745,-1,1608.9,568.2,30.4,75.7,0.834
745,-1,1576.2,567.4,28.5,81.6,0.789
745,-1,961.9,507.8,15.4,48.6,0.688
745,-1,998.4,495.5,9.9,27.3,0.600
745,-1,972.0,506.4,15.1,35.8,0.433
745,-1,979.2,500.6,11.7,32.9,0.357
745,-1,1205.8,497.2,10.7,28.6,0.206
745,-1,1346.6,494.7,18.1,66.1,0.194
745,-1,1371.7,504.7,15.5,59.0,0.141
745,-1,1587.4,564.1,36.0,83.4,0.119
745,-1,940.6,503.4,14.9,48.3,0.093
745,-1,1004.2,472.3,7.3,16.0,0.064
746,-1,600.2,567.0,53.2,137.5,0.998
746,-1,842.2,529.1,24.9,59.7,0.991
746,-1,882.5,527.2,20.0,64.4,0.983
746,-1,865.3,530.4,17.7,58.5,0.926
746,-1,1609.2,573.9,32.9,73.5,0.888
746,-1,962.3,506.1,15.1,52.5,0.723
746,-1,1579.9,574.0,30.6,78.4,0.695
746,-1,999.5,497.4,9.9,26.3,0.648
746,-1,978.2,502.3,12.1,35.3,0.599
746,-1,973.1,505.7,14.3,38.0,0.462
746,-1,1425.7,501.2,18.6,65.1,0.228
746,-1,968.5,506.0,13.7,38.3,0.161
746,-1,1374.3,509.5,16.8,56.9,0.160
746,-1,1205.2,495.4,13.4,32.9,0.074
746,-1,941.4,504.9,14.9,48.5,0.064
746,-1,982.8,502.1,10.4,30.9,0.061
746,-1,1012.7,495.7,10.9,22.4,0.059
746,-1,848.2,519.2,33.0,73.1,0.051
747,-1,599.5,568.8,53.3,139.3,0.998
747,-1,844.2,530.3,25.6,59.9,0.995
747,-1,884.0,527.8,19.3,64.4,0.979
747,-1,1615.2,573.3,31.9,74.4,0.918
747,-1,865.1,531.9,18.0,58.3,0.905
747,-1,1585.5,570.7,30.6,81.3,0.714
747,-1,1000.7,497.6,10.2,24.9,0.694
747,-1,978.5,502.5,12.8,35.5,0.682
747,-1,964.0,508.1,17.2,50.4,0.661
747,-1,959.9,501.8,15.2,53.6,0.269
747,-1,1350.6,498.5,19.8,64.0,0.228
747,-1,1376.9,507.9,15.1,57.2,0.198
747,-1,1426.9,501.6,19.8,68.5,0.192
747,-1,969.6,505.3,15.3,38.7,0.153
747,-1,1404.6,498.8,42.9,105.6,0.140
747,-1,1204.4,494.9,12.9,34.1,0.137
747,-1,984.3,502.0,9.5,23.3,0.080
748,-1,599.4,568.2,52.9,141.2,0.999
748,-1,845.5,529.5,24.8,59.6,0.995
748,-1,886.5,526.8,18.1,63.7,0.988
748,-1,864.7,529.0,22.7,59.8,0.958
748,-1,1620.4,572.1,32.4,74.5,0.897
748,-1,966.8,508.1,16.1,49.9,0.780
748,-1,1590.8,569.0,30.6,82.8,0.761
748,-1,980.7,500.7,12.9,34.3,0.587
748,-1,1001.9,496.3,10.0,25.8,0.578
748,-1,1380.2,508.3,16.1,57.2,0.324
748,-1,959.6,500.8,13.7,55.4,0.172
748,-1,973.9,501.7,14.8,42.5,0.147
748,-1,1353.2,498.1,19.3,64.0,0.121
748,-1,1206.8,481.4,17.1,46.0,0.110
748,-1,1199.7,482.1,12.1,45.0,0.104
748,-1,1407.2,484.3,40.7,116.9,0.076
748,-1,1211.2,495.9,12.9,32.7,0.059
748,-1,985.8,500.9,9.4,28.8,0.054
749,-1,597.6,571.7,53.8,138.8,0.998
749,-1,846.7,529.3,23.7,59.4,0.993
749,-1,886.9,526.7,18.3,62.1,0.986
749,-1,865.9,529.7,21.8,58.1,0.937
749,-1,1626.2,570.6,32.0,77.1,0.926
749,-1,1595.1,569.2,31.8,80.9,0.857
749,-1,968.3,511.7,16.3,46.0,0.788
749,-1,1005.0,496.0,9.4,25.8,0.653
749,-1,984.2,499.4,11.8,33.9,0.626
749,-1,980.0,501.7,13.5,38.9,0.529
749,-1,978.8,512.4,11.5,30.4,0.295
749,-1,972.7,507.9,15.7,40.9,0.222
749,-1,1206.2,477.6,21.1,50.4,0.099
749,-1,960.1,499.5,13.5,56.2,0.078
749,-1,1382.8,506.8,16.0,57.0,0.062
749,-1,945.8,506.5,15.1,50.6,0.050
750,-1,598.1,571.6,51.3,140.0,0.998
750,-1,847.1,528.0,24.3,60.6,0.989
750,-1,889.3,528.5,17.1,60.1,0.984
750,-1,869.2,533.9,18.0,53.6,0.910
750,-1,1629.7,566.0,31.9,83.4,0.907
750,-1,1598.3,569.2,31.0,82.0,0.885
750,-1,969.7,509.2,16.7,48.0,0.624
750,-1,984.7,499.3,13.2,36.1,0.455
750,-1,1006.5,496.0,10.9,25.7,0.418
750,-1,966.0,501.2,14.6,53.3,0.314
750,-1,978.6,502.1,14.2,40.1,0.261
750,-1,861.8,531.5,20.0,56.0,0.114
750,-1,974.1,506.6,14.3,37.6,0.088
