1,-1,17.5,143.7,73.3,194.4,0.999
1,-1,127.2,159.7,73.5,166.9,0.999
1,-1,265.3,204.5,12.8,41.3,0.863
1,-1,306.6,211.8,10.9,30.9,0.753
1,-1,496.4,185.2,26.7,33.8,0.392
1,-1,274.2,211.9,13.1,29.0,0.229
1,-1,319.3,214.3,8.3,24.9,0.091
1,-1,268.9,207.0,14.9,36.6,0.088
1,-1,5.0,152.0,44.5,180.3,0.077
1,-1,20.3,222.4,19.2,100.0,0.068
1,-1,72.7,171.0,12.1,19.8,0.062
1,-1,284.3,213.2,9.5,29.0,0.056
2,-1,20.8,148.3,73.8,191.9,0.999
2,-1,119.9,155.7,81.1,173.2,0.997
2,-1,267.2,205.9,13.3,39.8,0.976
2,-1,310.0,210.7,11.2,31.5,0.955
2,-1,253.7,203.6,10.4,42.7,0.863
2,-1,277.2,211.3,12.8,31.4,0.656
2,-1,322.4,211.1,8.2,28.7,0.549
2,-1,288.6,214.1,7.9,25.6,0.488
2,-1,509.5,185.2,19.0,40.3,0.462
2,-1,299.7,200.2,10.9,39.8,0.354
2,-1,295.4,199.9,9.6,39.4,0.192
2,-1,257.4,207.0,11.5,37.8,0.192
2,-1,316.3,213.4,8.1,27.7,0.187
2,-1,278.0,211.1,10.8,17.8,0.182
2,-1,262.6,208.6,8.8,35.2,0.160
2,-1,272.2,208.4,14.3,35.7,0.136
2,-1,502.2,186.0,24.5,52.3,0.094
2,-1,73.9,169.9,13.2,26.2,0.061
2,-1,260.3,204.1,16.8,41.9,0.055
3,-1,22.9,147.3,74.6,193.4,0.999
3,-1,130.4,153.3,71.2,177.5,0.997
3,-1,245.9,198.3,25.3,61.5,0.986
3,-1,269.7,196.9,21.6,50.7,0.926
3,-1,316.0,213.3,11.1,29.3,0.917
3,-1,236.3,195.2,12.4,51.4,0.908
3,-1,243.8,187.8,19.6,62.7,0.754
3,-1,245.4,187.2,15.9,35.8,0.353
3,-1,329.7,211.1,8.3,29.9,0.320
3,-1,521.8,187.6,13.9,27.6,0.246
3,-1,294.9,213.4,9.5,24.3,0.239
3,-1,286.7,211.4,10.8,29.0,0.216
3,-1,420.5,204.7,19.1,36.5,0.182
3,-1,323.3,212.6,9.5,29.2,0.150
3,-1,310.8,203.3,16.1,38.8,0.082
3,-1,289.6,212.6,12.7,26.8,0.079
3,-1,72.3,159.3,20.9,41.0,0.067
4,-1,26.1,144.9,75.2,197.6,0.999
4,-1,135.0,153.4,74.1,180.6,0.997
4,-1,252.4,199.5,24.9,61.7,0.987
4,-1,235.9,193.4,19.8,66.5,0.962
4,-1,277.2,199.4,22.2,39.1,0.835
4,-1,251.2,187.6,16.4,37.8,0.760
4,-1,320.6,207.9,13.0,36.0,0.692
4,-1,270.6,194.9,11.4,25.8,0.432
4,-1,249.7,187.0,17.3,71.8,0.326
4,-1,546.0,191.0,17.3,30.0,0.254
4,-1,290.5,211.9,14.0,27.3,0.232
4,-1,271.7,196.4,12.5,46.2,0.221
4,-1,526.6,186.4,20.8,42.9,0.216
4,-1,430.7,208.1,15.3,29.9,0.139
4,-1,284.1,207.8,21.3,38.0,0.109
4,-1,270.1,195.3,20.5,33.9,0.107
4,-1,81.7,166.7,16.1,33.9,0.107
4,-1,301.8,213.9,8.0,25.3,0.107
4,-1,290.2,212.2,12.4,15.8,0.095
4,-1,336.8,213.5,8.1,26.5,0.082
4,-1,271.9,195.3,10.0,12.9,0.075
4,-1,262.3,196.5,21.1,58.4,0.072
4,-1,286.2,208.0,13.6,18.9,0.057
4,-1,251.4,187.5,12.9,20.3,0.056
4,-1,238.2,192.0,15.5,34.7,0.051
5,-1,136.0,155.7,83.5,181.3,0.999
5,-1,29.2,147.4,81.4,197.9,0.999
5,-1,243.6,194.9,21.4,68.5,0.990
5,-1,262.1,200.0,24.5,63.8,0.980
5,-1,219.0,201.1,20.7,63.7,0.934
5,-1,286.0,201.0,26.1,45.8,0.877
5,-1,330.3,213.1,11.7,32.1,0.840
5,-1,261.4,190.2,15.9,43.1,0.772
5,-1,297.1,200.5,14.6,27.2,0.598
5,-1,541.5,188.5,14.9,30.0,0.460
5,-1,286.0,203.1,21.7,26.0,0.178
5,-1,297.9,201.4,12.2,14.6,0.173
5,-1,86.3,165.1,21.6,40.6,0.140
5,-1,294.7,204.7,19.8,31.9,0.117
5,-1,235.0,217.1,20.7,44.5,0.109
5,-1,233.7,220.0,16.4,30.1,0.096
5,-1,328.2,204.1,12.4,34.2,0.078
5,-1,149.6,156.7,69.6,87.0,0.078
5,-1,254.5,191.9,21.2,70.9,0.062
5,-1,343.6,214.3,9.9,26.6,0.055
5,-1,439.8,210.4,16.3,33.0,0.052
5,-1,292.1,203.7,17.5,15.5,0.052
5,-1,554.7,191.8,24.6,29.0,0.051
6,-1,35.1,144.4,78.7,205.0,0.999
6,-1,144.5,153.7,85.6,184.8,0.999
6,-1,269.3,201.7,26.6,62.4,0.984
6,-1,249.5,195.2,21.9,67.8,0.979
6,-1,223.8,200.9,23.8,63.7,0.940
6,-1,293.0,206.1,14.5,42.8,0.916
6,-1,314.0,199.6,25.8,49.5,0.874
6,-1,268.3,189.5,15.2,41.5,0.775
6,-1,266.4,189.3,18.9,67.9,0.607
6,-1,321.4,201.2,17.7,30.4,0.459
6,-1,553.3,188.3,14.7,30.4,0.438
6,-1,337.2,213.7,12.7,31.0,0.372
6,-1,568.4,191.2,18.4,24.1,0.348
6,-1,346.8,214.1,14.8,28.9,0.288
6,-1,324.9,200.2,25.8,47.2,0.211
6,-1,295.1,206.6,16.7,26.6,0.193
6,-1,314.1,200.2,21.3,22.1,0.151
6,-1,318.0,215.8,9.5,32.8,0.146
6,-1,333.3,201.2,11.9,25.0,0.139
6,-1,324.8,208.4,13.6,40.4,0.115
6,-1,92.9,167.7,17.7,39.0,0.108
6,-1,240.7,214.8,14.2,32.8,0.100
6,-1,217.3,203.0,12.0,26.5,0.099
6,-1,321.3,201.1,13.9,16.1,0.083
6,-1,300.8,204.1,26.3,45.6,0.083
6,-1,209.2,221.6,10.8,28.0,0.078
6,-1,347.6,215.0,8.1,18.2,0.077
6,-1,445.9,205.8,19.3,38.4,0.077
6,-1,206.3,204.6,19.6,45.0,0.073
6,-1,240.8,206.8,18.6,52.6,0.067
6,-1,218.6,217.3,9.1,31.6,0.065
6,-1,343.7,214.4,11.8,27.8,0.065
6,-1,268.6,188.9,14.2,22.3,0.061
6,-1,353.3,215.7,9.6,26.5,0.060
6,-1,305.7,213.7,14.3,34.7,0.056
6,-1,318.1,204.4,16.1,34.3,0.055
7,-1,40.1,142.6,75.5,208.1,0.999
7,-1,150.1,149.9,83.7,188.3,0.998
7,-1,256.7,193.9,21.6,68.7,0.984
7,-1,274.6,200.9,25.9,63.4,0.984
7,-1,337.0,197.3,28.9,50.8,0.981
7,-1,230.9,196.3,22.0,67.0,0.981
7,-1,296.4,206.6,14.4,40.9,0.881
7,-1,270.6,189.8,20.5,69.9,0.617
7,-1,344.8,196.8,22.9,30.5,0.568
7,-1,272.5,186.8,17.3,41.5,0.423
7,-1,324.6,215.5,8.1,23.0,0.422
7,-1,561.5,185.8,14.2,28.0,0.379
7,-1,300.3,205.8,17.1,41.3,0.236
7,-1,351.5,196.3,13.3,20.9,0.211
7,-1,314.1,212.1,12.0,29.6,0.193
7,-1,248.3,214.3,14.0,37.7,0.164
7,-1,619.5,196.3,20.5,21.8,0.134
7,-1,306.3,209.2,17.8,37.0,0.119
7,-1,213.4,214.1,10.8,34.4,0.111
7,-1,237.9,192.0,32.6,71.7,0.099
7,-1,454.1,208.8,16.6,33.7,0.093
7,-1,75.9,141.3,41.6,168.9,0.093
7,-1,93.4,157.6,23.5,53.5,0.086
7,-1,211.5,199.5,16.0,47.9,0.084
7,-1,246.8,204.8,20.2,55.1,0.077
7,-1,80.4,136.8,35.9,75.4,0.071
7,-1,23.1,221.2,31.3,99.9,0.068
7,-1,215.3,224.5,7.9,23.5,0.057
8,-1,155.7,149.7,85.7,192.7,0.998
8,-1,40.6,134.9,80.6,219.0,0.997
8,-1,264.2,196.3,21.2,68.2,0.994
8,-1,365.6,199.1,27.1,55.9,0.988
8,-1,283.9,201.9,25.1,64.9,0.987
8,-1,236.7,203.1,23.8,62.2,0.965
8,-1,303.7,206.8,18.4,43.3,0.900
8,-1,278.8,194.2,22.2,66.1,0.419
8,-1,319.4,214.8,17.4,28.6,0.385
8,-1,278.4,188.6,20.5,45.2,0.342
8,-1,331.5,203.1,20.6,40.9,0.336
8,-1,374.5,199.7,17.4,39.0,0.307
8,-1,464.2,210.8,15.9,34.0,0.237
8,-1,350.1,214.6,11.9,27.1,0.231
8,-1,361.4,197.7,21.4,37.8,0.169
8,-1,331.7,216.6,8.1,23.3,0.163
8,-1,257.9,202.3,11.0,34.1,0.119
8,-1,368.1,199.0,21.0,30.3,0.100
8,-1,292.7,203.4,22.9,56.2,0.083
8,-1,363.0,197.4,17.6,21.8,0.082
8,-1,377.2,199.6,14.1,20.4,0.080
8,-1,222.0,218.3,12.1,30.3,0.067
8,-1,605.9,199.9,28.2,19.8,0.065
8,-1,324.3,211.1,18.7,35.7,0.063
8,-1,310.6,209.4,14.8,39.4,0.055
8,-1,316.4,213.6,12.9,33.3,0.055
9,-1,158.0,146.7,87.6,197.5,0.999
9,-1,42.3,133.8,86.3,220.5,0.996
9,-1,268.9,196.4,21.2,68.4,0.992
9,-1,286.1,201.7,26.1,64.6,0.990
9,-1,388.7,198.8,26.6,58.5,0.976
9,-1,241.8,203.5,21.8,61.8,0.962
9,-1,309.4,207.2,13.5,43.4,0.949
9,-1,397.0,198.5,17.0,35.5,0.732
9,-1,284.3,187.0,19.2,47.1,0.726
9,-1,356.5,217.5,11.6,29.4,0.720
9,-1,471.0,211.1,14.9,32.4,0.380
9,-1,366.4,218.7,9.9,27.2,0.337
9,-1,339.0,218.5,6.8,22.7,0.317
9,-1,606.0,198.4,28.7,22.9,0.274
9,-1,595.2,198.7,26.2,21.0,0.190
9,-1,325.5,216.2,13.3,29.2,0.102
9,-1,387.0,205.6,17.2,31.2,0.087
9,-1,402.2,199.2,10.9,15.5,0.085
9,-1,236.2,219.0,10.3,28.5,0.077
9,-1,336.8,199.0,20.1,46.1,0.076
9,-1,312.4,205.6,22.5,44.6,0.075
9,-1,256.8,189.4,18.7,64.1,0.062
9,-1,257.4,206.1,13.4,31.9,0.061
9,-1,369.7,217.5,9.6,25.8,0.057
10,-1,48.7,132.6,87.0,226.6,0.999
10,-1,162.4,143.6,93.3,202.6,0.998
10,-1,294.4,201.0,27.1,65.4,0.991
10,-1,277.4,197.2,21.7,67.1,0.975
10,-1,424.2,198.5,28.9,53.5,0.973
10,-1,141.9,194.5,25.4,70.9,0.948
10,-1,317.8,207.4,13.3,42.3,0.947
10,-1,251.1,199.9,22.5,65.1,0.944
10,-1,365.0,216.6,11.7,30.6,0.925
10,-1,293.2,186.1,19.4,48.0,0.796
10,-1,593.7,197.0,33.4,25.7,0.764
10,-1,347.8,218.2,7.7,23.2,0.597
10,-1,335.0,213.6,13.1,30.6,0.422
10,-1,373.8,217.3,10.3,27.6,0.418
10,-1,421.9,205.2,19.0,45.3,0.317
10,-1,357.3,213.6,11.1,30.7,0.281
10,-1,323.2,208.9,14.7,40.3,0.253
10,-1,575.0,197.9,43.4,25.3,0.244
10,-1,378.8,217.6,10.9,27.5,0.220
10,-1,105.8,150.1,34.2,154.6,0.173
10,-1,436.0,198.2,15.4,30.8,0.170
10,-1,283.3,192.8,30.7,72.1,0.138
10,-1,157.4,195.3,18.6,70.1,0.113
10,-1,110.5,157.2,30.7,71.8,0.112
10,-1,437.2,198.7,17.9,45.7,0.108
10,-1,383.2,218.1,7.9,24.1,0.082
10,-1,270.4,200.0,12.2,36.8,0.072
10,-1,260.8,199.1,23.3,63.5,0.072
10,-1,245.2,200.2,13.5,28.7,0.062
11,-1,54.7,132.1,85.6,225.2,0.999
11,-1,169.7,145.6,93.3,202.3,0.998
11,-1,303.3,200.2,24.9,66.3,0.990
11,-1,286.1,193.3,21.2,71.2,0.984
11,-1,258.8,198.7,23.6,65.8,0.957
11,-1,452.2,197.1,24.0,28.5,0.952
11,-1,324.3,205.0,15.3,45.2,0.946
11,-1,145.4,195.1,27.3,69.5,0.911
11,-1,298.7,186.4,21.3,44.4,0.841
11,-1,372.6,216.0,11.9,31.3,0.810
11,-1,585.1,205.2,24.7,17.0,0.711
11,-1,446.3,196.8,30.5,53.7,0.654
11,-1,140.7,198.5,21.5,64.7,0.555
11,-1,381.1,212.9,10.9,32.9,0.502
11,-1,388.6,218.6,10.3,27.6,0.346
11,-1,355.6,218.2,7.7,24.0,0.312
11,-1,153.6,196.0,18.6,49.0,0.234
11,-1,159.6,196.7,21.4,69.2,0.231
11,-1,0.0,182.6,4.2,128.0,0.190
11,-1,444.3,199.8,19.0,41.1,0.177
11,-1,0.0,183.5,7.3,159.2,0.170
11,-1,278.3,200.6,11.2,35.4,0.142
11,-1,241.1,209.3,13.2,39.7,0.128
11,-1,166.4,211.5,16.4,53.3,0.115
11,-1,342.3,214.9,13.3,29.2,0.103
11,-1,315.5,201.0,18.8,57.4,0.100
11,-1,245.3,195.6,17.2,52.0,0.096
11,-1,582.8,195.0,37.4,27.8,0.095
11,-1,0.0,249.1,4.1,94.9,0.057
12,-1,67.1,135.1,82.5,229.3,0.999
12,-1,181.6,146.1,92.1,207.0,0.998
12,-1,315.0,202.6,25.1,67.8,0.991
12,-1,297.3,197.4,21.7,70.8,0.983
12,-1,270.4,203.2,22.2,64.8,0.980
12,-1,336.5,210.9,13.6,42.1,0.950
12,-1,154.7,198.4,27.4,68.3,0.943
12,-1,383.2,216.8,12.8,33.0,0.932
12,-1,496.7,198.3,20.3,21.9,0.901
12,-1,573.0,204.2,23.1,19.8,0.878
12,-1,313.0,190.2,19.5,57.7,0.737
12,-1,401.3,220.8,10.6,27.8,0.634
12,-1,0.2,187.5,28.7,105.8,0.619
12,-1,367.8,220.9,8.1,21.8,0.564
12,-1,175.1,204.2,17.8,64.8,0.544
12,-1,395.4,218.8,13.1,30.1,0.248
12,-1,484.2,200.5,28.3,20.4,0.237
12,-1,573.5,199.4,42.8,24.3,0.219
12,-1,341.8,210.4,12.4,41.5,0.213
12,-1,390.6,218.8,12.3,29.4,0.180
12,-1,375.0,211.1,10.1,36.5,0.165
12,-1,0.1,170.6,14.1,142.8,0.162
12,-1,253.1,211.9,13.0,38.5,0.131
12,-1,0.1,152.0,21.9,184.7,0.128
12,-1,354.4,218.0,13.7,28.7,0.124
12,-1,288.2,218.4,13.6,34.9,0.087
12,-1,289.6,213.3,11.5,26.5,0.082
12,-1,178.6,206.2,13.2,29.4,0.074
12,-1,284.1,208.0,18.3,56.4,0.071
12,-1,0.1,215.4,11.7,132.6,0.066
12,-1,0.1,205.7,6.8,92.9,0.065
12,-1,156.2,201.5,13.4,59.8,0.064
12,-1,285.2,207.5,12.3,31.6,0.054
12,-1,329.9,206.5,12.3,48.3,0.050
13,-1,68.5,134.7,84.8,232.0,0.999
13,-1,187.1,146.2,94.1,209.9,0.998
13,-1,320.4,200.8,24.7,68.2,0.986
13,-1,303.4,193.8,21.2,73.7,0.983
13,-1,275.7,201.6,24.2,66.3,0.980
13,-1,389.9,217.6,11.4,32.1,0.965
13,-1,159.2,197.3,29.0,69.2,0.939
13,-1,341.6,207.1,12.9,46.2,0.918
13,-1,0.0,177.3,18.0,137.2,0.763
13,-1,318.2,189.1,19.1,51.0,0.712
13,-1,407.6,221.5,9.8,25.6,0.675
13,-1,564.3,203.1,27.6,20.0,0.633
13,-1,374.6,221.2,7.6,21.7,0.585
13,-1,399.8,215.8,9.9,29.9,0.180
13,-1,181.4,206.1,19.2,61.3,0.120
13,-1,294.3,218.7,12.5,35.7,0.119
13,-1,0.0,130.7,10.0,200.6,0.112
13,-1,288.5,198.9,18.4,61.3,0.082
13,-1,344.4,205.4,18.3,46.7,0.078
13,-1,360.5,214.8,15.6,32.1,0.078
13,-1,403.6,217.5,9.5,28.8,0.062
13,-1,294.7,209.9,12.1,30.1,0.059
13,-1,176.5,216.8,16.4,51.2,0.056
13,-1,0.0,205.6,29.5,89.0,0.053
13,-1,255.4,217.5,13.6,32.6,0.052
14,-1,82.7,138.1,81.9,229.0,0.999
14,-1,198.8,142.0,95.1,216.5,0.999
14,-1,315.2,197.8,21.3,69.0,0.981
14,-1,333.0,201.0,25.1,67.1,0.977
14,-1,287.3,201.1,22.5,67.3,0.964
14,-1,353.8,204.9,12.2,47.5,0.943
14,-1,172.1,197.1,28.8,69.2,0.936
14,-1,0.4,143.8,32.4,156.9,0.893
14,-1,400.7,219.5,11.7,30.4,0.819
14,-1,330.0,187.1,20.0,47.6,0.781
14,-1,193.1,226.3,17.1,41.0,0.422
14,-1,322.1,191.7,23.2,74.0,0.384
14,-1,347.0,203.2,16.1,57.9,0.370
14,-1,387.1,218.3,8.6,24.0,0.287
14,-1,0.1,144.2,17.1,123.8,0.246
14,-1,541.5,198.5,29.0,22.7,0.213
14,-1,394.0,212.2,9.8,33.5,0.202
14,-1,270.8,213.4,11.8,37.3,0.194
14,-1,189.1,201.2,22.3,67.5,0.192
14,-1,307.7,216.6,12.1,36.4,0.120
14,-1,372.3,216.8,14.6,28.6,0.113
14,-1,363.8,210.1,13.5,35.7,0.111
14,-1,98.7,160.7,15.7,10.3,0.103
14,-1,303.1,200.9,17.2,56.1,0.095
14,-1,355.4,207.3,18.7,43.8,0.080
14,-1,192.6,183.1,33.2,84.5,0.080
14,-1,306.4,207.4,12.5,32.9,0.050
15,-1,86.5,132.3,85.1,240.9,0.999
15,-1,207.5,143.5,97.4,218.4,0.998
15,-1,324.5,196.4,23.0,71.7,0.988
15,-1,345.2,202.8,26.3,68.1,0.976
15,-1,297.3,201.0,23.5,68.2,0.970
15,-1,182.6,197.7,28.4,69.9,0.957
15,-1,0.3,152.7,40.0,163.6,0.909
15,-1,364.0,204.8,11.2,49.4,0.870
15,-1,0.0,150.9,24.3,110.3,0.807
15,-1,341.0,187.3,19.3,49.1,0.765
15,-1,130.9,115.5,46.7,121.8,0.597
15,-1,383.0,215.9,18.2,27.6,0.239
15,-1,201.1,212.6,20.5,55.4,0.206
15,-1,281.4,210.9,12.7,40.7,0.203
15,-1,510.0,201.8,39.9,20.0,0.162
15,-1,528.6,204.0,22.7,16.8,0.158
15,-1,140.6,134.8,34.1,200.7,0.158
15,-1,147.6,138.0,29.4,94.7,0.131
15,-1,283.3,200.3,18.6,49.6,0.106
15,-1,531.0,211.1,19.5,10.2,0.104
15,-1,398.5,220.4,8.1,21.0,0.087
15,-1,284.3,199.7,12.7,32.6,0.086
15,-1,0.3,135.3,22.7,216.1,0.054
15,-1,365.4,219.9,7.8,33.4,0.052
16,-1,81.1,125.9,94.8,243.2,0.999
16,-1,208.7,139.2,104.7,221.4,0.999
16,-1,330.2,194.0,22.5,70.8,0.986
16,-1,0.2,144.3,48.1,155.4,0.977
16,-1,350.0,200.2,28.7,66.3,0.977
16,-1,301.0,197.6,24.1,68.7,0.972
16,-1,187.9,194.4,27.5,70.9,0.951
16,-1,346.3,188.3,22.5,72.7,0.830
16,-1,367.9,204.2,12.8,46.2,0.679
16,-1,347.8,186.0,17.2,48.5,0.583
16,-1,128.6,100.4,53.0,132.0,0.522
16,-1,0.5,145.9,36.7,99.2,0.454
16,-1,380.0,202.4,19.0,44.1,0.319
16,-1,286.1,203.3,11.3,45.5,0.245
16,-1,206.0,225.3,15.8,41.0,0.120
16,-1,206.9,205.3,21.1,59.9,0.107
16,-1,149.6,135.8,28.5,97.2,0.097
16,-1,516.7,198.9,22.1,19.7,0.090
16,-1,295.5,201.1,10.3,21.5,0.084
16,-1,142.8,128.9,35.2,206.1,0.080
16,-1,313.7,201.0,22.2,61.9,0.062
17,-1,84.3,123.5,93.8,248.5,0.999
17,-1,216.2,136.6,104.0,225.7,0.999
17,-1,334.1,190.5,22.2,73.7,0.982
17,-1,306.1,196.5,22.5,69.4,0.976
17,-1,352.4,192.9,25.3,72.6,0.975
17,-1,0.6,144.1,47.0,154.0,0.963
17,-1,190.4,193.3,29.1,70.4,0.943
17,-1,352.1,184.4,17.5,48.8,0.531
17,-1,138.7,104.0,47.1,128.8,0.491
17,-1,0.2,144.0,31.2,102.4,0.254
17,-1,202.2,200.0,25.3,65.7,0.185
17,-1,143.7,125.9,37.7,210.3,0.176
17,-1,209.8,182.4,28.4,85.0,0.145
17,-1,209.0,218.7,21.1,47.2,0.143
17,-1,155.8,124.3,33.3,117.5,0.137
17,-1,167.9,131.2,14.2,31.5,0.135
17,-1,165.6,131.6,19.4,87.2,0.130
17,-1,326.1,211.1,14.2,40.8,0.127
17,-1,139.1,102.9,40.3,64.0,0.123
17,-1,359.2,199.0,22.2,49.2,0.074
17,-1,68.4,212.2,22.6,24.4,0.059
17,-1,289.4,220.6,14.1,27.4,0.058
17,-1,0.3,142.9,25.5,194.5,0.057
17,-1,354.7,184.4,14.0,26.6,0.051
18,-1,82.9,121.8,98.3,256.2,1.000
18,-1,216.8,135.3,110.1,231.9,0.999
18,-1,0.3,140.5,45.5,154.5,0.983
18,-1,309.4,196.2,26.4,69.8,0.982
18,-1,193.2,193.7,28.6,70.7,0.968
18,-1,334.4,193.5,24.6,53.7,0.918
18,-1,356.5,183.6,17.8,34.2,0.890
18,-1,367.5,199.7,17.1,17.2,0.840
18,-1,0.0,144.2,39.1,80.0,0.799
18,-1,471.6,196.0,15.0,21.0,0.570
18,-1,447.1,194.6,39.7,23.4,0.502
18,-1,339.9,192.7,20.7,33.3,0.494
18,-1,151.6,131.6,39.7,109.0,0.421
18,-1,210.6,197.3,20.1,69.2,0.337
18,-1,146.4,126.4,39.1,207.9,0.287
18,-1,447.0,197.5,21.5,20.2,0.228
18,-1,470.8,193.7,22.7,30.5,0.174
18,-1,295.7,220.6,11.1,27.4,0.171
18,-1,170.5,131.7,16.0,58.1,0.145
18,-1,351.9,202.1,9.2,17.7,0.141
18,-1,211.6,222.3,15.6,43.8,0.127
18,-1,440.2,198.8,20.0,18.7,0.119
18,-1,0.9,204.0,49.4,112.7,0.112
18,-1,158.0,130.5,28.4,75.6,0.100
18,-1,42.0,191.5,29.7,69.2,0.088
18,-1,352.3,187.4,16.6,31.9,0.078
18,-1,347.2,194.8,14.7,25.5,0.061
18,-1,187.0,219.1,8.7,22.1,0.060
18,-1,204.6,182.4,35.8,86.4,0.060
18,-1,340.5,190.1,27.6,50.1,0.056
18,-1,140.6,115.9,42.7,76.9,0.052
18,-1,293.6,206.8,16.4,40.7,0.051
19,-1,80.9,117.7,98.9,260.1,1.000
19,-1,216.0,132.5,112.4,233.5,0.999
19,-1,0.6,138.0,49.9,159.2,0.990
19,-1,310.7,194.5,24.4,68.4,0.983
19,-1,194.1,190.8,27.5,71.7,0.966
19,-1,340.3,188.0,21.5,28.0,0.947
19,-1,356.9,180.7,20.0,33.0,0.886
19,-1,44.8,188.6,26.1,67.8,0.752
19,-1,451.0,194.8,20.6,19.5,0.699
19,-1,371.0,196.3,16.3,16.3,0.538
19,-1,0.0,138.5,28.8,89.7,0.520
19,-1,143.5,115.3,41.7,130.5,0.388
19,-1,212.6,213.5,15.3,49.7,0.242
19,-1,433.8,193.7,35.8,21.4,0.199
19,-1,206.5,193.3,23.6,70.2,0.183
19,-1,189.7,218.8,8.0,18.9,0.132
19,-1,449.4,191.3,34.4,22.3,0.111
19,-1,288.7,193.9,20.7,51.2,0.100
19,-1,428.3,195.3,22.0,19.1,0.081
19,-1,373.7,197.0,10.2,11.7,0.069
20,-1,77.6,108.3,101.5,271.8,0.999
20,-1,215.0,127.9,117.3,240.2,0.999
20,-1,43.4,183.6,25.8,72.3,0.960
20,-1,0.4,135.1,40.7,179.9,0.957
20,-1,338.6,186.4,23.1,23.6,0.934
20,-1,357.0,179.0,21.4,28.6,0.925
20,-1,192.8,188.9,27.6,71.5,0.916
20,-1,421.0,191.0,23.4,21.1,0.809
20,-1,0.0,137.1,29.7,120.6,0.782
20,-1,141.6,103.2,41.7,136.6,0.630
20,-1,536.3,192.2,45.5,31.7,0.256
20,-1,349.0,181.7,23.9,28.4,0.230
20,-1,401.5,190.1,42.5,22.8,0.192
20,-1,610.8,187.3,25.8,37.7,0.182
20,-1,212.0,208.1,15.5,53.8,0.173
20,-1,7.7,193.0,40.0,100.8,0.154
20,-1,329.3,175.8,13.1,23.2,0.127
20,-1,0.0,132.1,2.5,127.8,0.108
20,-1,387.0,177.3,13.8,15.5,0.103
20,-1,0.0,151.7,15.7,150.6,0.092
20,-1,190.4,195.0,12.1,40.8,0.080
20,-1,0.2,127.7,23.1,233.4,0.069
20,-1,312.3,183.2,26.5,32.9,0.057
20,-1,207.1,185.0,25.3,77.5,0.055
20,-1,397.9,188.2,25.1,22.5,0.053
21,-1,70.1,107.9,105.7,276.5,1.000
21,-1,216.8,126.9,117.6,246.6,0.999
21,-1,0.0,133.9,40.6,161.0,0.971
21,-1,40.5,183.6,26.7,72.5,0.957
21,-1,192.7,188.6,27.1,72.8,0.940
21,-1,515.2,184.4,32.2,41.1,0.594
21,-1,148.1,108.8,35.3,134.0,0.531
21,-1,206.7,192.7,21.9,70.2,0.502
21,-1,344.8,186.1,12.3,19.2,0.446
21,-1,0.2,135.0,22.8,119.4,0.377
21,-1,393.9,188.8,22.1,23.9,0.329
21,-1,144.6,113.1,35.8,227.2,0.313
21,-1,11.2,187.7,33.6,102.5,0.158
21,-1,361.7,180.2,13.3,14.5,0.153
21,-1,191.1,193.4,10.9,42.6,0.151
21,-1,337.7,183.8,23.2,24.8,0.076
21,-1,188.8,214.9,11.5,21.6,0.066
21,-1,0.2,132.2,20.5,30.7,0.059
21,-1,0.1,141.8,12.0,162.5,0.059
21,-1,0.0,119.6,20.2,222.6,0.054
22,-1,68.6,105.3,107.1,282.2,1.000
22,-1,218.3,119.4,110.6,256.5,0.999
22,-1,0.0,134.7,39.7,163.0,0.961
22,-1,194.9,187.8,26.7,70.1,0.882
22,-1,44.4,176.0,26.2,79.0,0.871
22,-1,138.3,101.1,43.2,146.3,0.855
22,-1,0.0,129.2,22.5,87.4,0.709
22,-1,204.8,187.3,25.9,74.0,0.395
22,-1,142.1,116.7,36.5,228.1,0.339
22,-1,464.9,202.5,53.4,22.8,0.293
22,-1,504.5,202.1,23.6,22.1,0.224
22,-1,0.0,129.7,21.9,223.9,0.164
22,-1,363.6,185.8,26.4,25.4,0.150
22,-1,195.2,208.9,15.1,48.4,0.118
22,-1,206.0,193.1,10.8,64.8,0.114
22,-1,494.0,201.9,26.0,22.5,0.108
22,-1,209.8,193.7,12.1,66.8,0.100
22,-1,0.0,192.3,31.4,121.9,0.098
22,-1,193.6,193.8,9.5,40.5,0.093
22,-1,85.4,100.9,93.7,146.0,0.072
22,-1,191.7,215.8,5.9,19.1,0.065
22,-1,4.7,204.3,38.2,87.2,0.063
22,-1,452.3,192.1,60.2,32.7,0.051
23,-1,66.8,105.1,111.5,288.7,1.000
23,-1,217.9,122.5,114.3,260.9,0.999
23,-1,0.0,134.4,41.2,168.1,0.974
23,-1,48.7,187.9,25.0,71.2,0.956
23,-1,198.9,190.7,24.8,72.0,0.952
23,-1,140.8,110.9,44.1,214.8,0.802
23,-1,0.0,133.0,22.8,88.2,0.628
23,-1,206.6,191.8,25.6,74.1,0.378
23,-1,0.0,134.3,24.6,232.9,0.336
23,-1,146.9,107.4,44.0,131.9,0.083
23,-1,111.9,107.9,73.1,139.3,0.076
23,-1,403.6,205.1,27.9,21.8,0.076
23,-1,198.2,200.0,8.6,39.3,0.072
23,-1,198.7,215.1,15.4,45.6,0.062
23,-1,48.1,175.1,34.9,160.2,0.059
24,-1,219.8,121.6,113.0,266.7,0.999
24,-1,67.2,105.2,112.0,291.5,0.999
24,-1,0.1,134.1,42.8,165.7,0.980
24,-1,202.4,189.7,24.0,72.6,0.955
24,-1,142.7,106.2,44.5,153.5,0.897
24,-1,50.3,185.2,26.3,72.1,0.835
24,-1,132.3,107.6,51.4,254.2,0.621
24,-1,0.1,134.2,23.1,97.0,0.557
24,-1,209.1,181.6,28.1,83.9,0.306
24,-1,0.0,128.6,24.4,209.1,0.255
24,-1,382.0,189.1,53.2,35.6,0.167
24,-1,403.9,191.2,22.8,18.9,0.143
24,-1,391.2,211.4,17.5,13.8,0.114
24,-1,208.7,190.4,17.4,44.6,0.098
24,-1,63.6,133.2,66.6,247.1,0.098
24,-1,7.2,195.7,39.4,102.1,0.082
24,-1,52.6,177.9,34.4,159.1,0.074
25,-1,62.8,102.8,116.8,301.2,0.999
25,-1,218.5,116.7,117.6,277.3,0.999
25,-1,0.0,136.2,40.3,166.6,0.936
25,-1,143.3,101.2,45.6,148.7,0.901
25,-1,0.0,135.1,23.1,93.3,0.848
25,-1,213.6,190.0,15.3,24.4,0.742
25,-1,144.1,110.7,38.7,245.3,0.395
25,-1,196.0,191.8,33.2,64.5,0.341
25,-1,0.0,126.4,22.7,225.4,0.318
25,-1,438.1,190.2,28.8,31.6,0.213
25,-1,192.5,195.8,13.3,38.6,0.195
25,-1,52.2,186.0,21.9,51.9,0.147
25,-1,203.8,190.9,26.4,36.5,0.129
25,-1,195.6,192.9,25.9,41.2,0.109
25,-1,80.4,103.8,103.1,170.6,0.080
25,-1,203.7,197.0,16.8,21.7,0.069
25,-1,0.1,133.3,15.1,153.3,0.055
26,-1,222.8,115.0,119.1,283.0,0.999
26,-1,63.0,102.9,117.3,306.7,0.999
26,-1,0.0,132.8,39.3,168.9,0.962
26,-1,141.9,99.1,46.4,146.6,0.817
26,-1,211.9,191.2,19.0,23.4,0.698
26,-1,0.1,135.2,22.9,97.8,0.582
26,-1,0.0,132.4,22.2,228.1,0.350
26,-1,129.1,101.8,57.2,259.1,0.273
26,-1,325.1,192.6,50.5,31.0,0.160
26,-1,145.0,99.6,27.4,45.6,0.149
26,-1,55.4,190.5,15.9,46.0,0.121
26,-1,48.9,171.3,38.8,183.2,0.111
26,-1,79.2,101.1,104.1,176.0,0.102
26,-1,55.7,188.0,21.4,75.1,0.094
26,-1,559.0,188.1,15.1,27.1,0.091
26,-1,349.1,196.8,30.8,25.4,0.062
26,-1,145.4,100.5,44.6,77.4,0.061
26,-1,422.1,192.6,30.6,28.1,0.052
27,-1,230.5,112.3,116.3,291.0,0.999
27,-1,59.3,97.3,121.5,316.0,0.999
27,-1,0.0,132.2,39.5,174.0,0.979
27,-1,140.0,95.7,47.9,161.6,0.937
27,-1,384.1,189.1,26.8,29.5,0.545
27,-1,240.1,203.4,77.7,197.6,0.315
27,-1,353.2,189.5,17.8,28.7,0.194
27,-1,0.1,129.5,22.8,84.9,0.173
27,-1,590.9,204.3,20.5,40.1,0.158
27,-1,0.2,116.8,21.4,237.6,0.148
27,-1,43.1,203.2,34.1,154.0,0.131
27,-1,215.2,189.1,16.5,19.6,0.097
27,-1,73.8,97.0,102.4,181.3,0.072
27,-1,389.2,188.8,45.4,29.8,0.057
28,-1,237.7,112.1,113.9,292.6,0.999
28,-1,58.6,95.5,125.5,320.6,0.999
28,-1,0.0,131.1,37.5,171.9,0.975
28,-1,140.2,95.0,49.1,178.3,0.932
28,-1,0.1,131.1,25.8,107.4,0.487
28,-1,364.8,189.2,33.4,28.8,0.475
28,-1,365.1,190.2,17.2,23.9,0.447
28,-1,0.0,106.5,18.2,244.5,0.154
28,-1,594.5,201.3,23.4,43.0,0.126
28,-1,242.5,217.1,79.1,189.0,0.124
28,-1,375.8,190.6,31.9,26.9,0.110
28,-1,139.1,97.2,64.9,272.2,0.106
28,-1,3.0,184.4,37.4,46.9,0.093
28,-1,144.2,94.5,35.8,80.6,0.056
28,-1,9.3,198.7,37.1,106.7,0.053
28,-1,349.8,190.6,34.7,27.3,0.051
29,-1,241.4,108.4,112.8,299.2,0.999
29,-1,55.3,88.0,126.9,333.4,0.999
29,-1,0.0,126.6,34.8,182.7,0.970
29,-1,140.2,87.4,48.1,176.9,0.948
29,-1,113.7,86.2,70.8,301.0,0.898
29,-1,0.1,127.2,20.9,101.3,0.588
29,-1,393.4,174.5,16.8,19.3,0.419
29,-1,246.8,213.4,80.5,195.0,0.284
29,-1,145.2,88.6,30.1,55.9,0.228
29,-1,602.3,198.6,23.7,42.6,0.114
29,-1,0.1,125.7,17.6,56.6,0.062
29,-1,84.8,86.5,102.0,184.8,0.053
30,-1,243.0,101.0,112.0,313.1,0.999
30,-1,48.7,88.1,132.5,341.7,0.999
30,-1,0.0,122.4,34.5,177.1,0.976
30,-1,387.3,175.0,23.6,28.9,0.954
30,-1,140.5,86.7,47.7,175.1,0.948
30,-1,406.9,189.0,16.0,20.3,0.769
30,-1,458.6,205.3,13.1,38.2,0.563
30,-1,0.2,125.1,20.8,100.6,0.528
30,-1,247.7,206.2,81.3,206.4,0.224
30,-1,450.6,194.5,19.8,45.6,0.212
30,-1,0.5,105.8,20.4,272.4,0.197
30,-1,444.0,190.8,20.0,22.7,0.196
30,-1,605.1,197.9,23.4,43.0,0.140
30,-1,451.4,194.2,14.1,32.3,0.138
30,-1,0.3,129.4,13.4,176.8,0.128
30,-1,488.4,209.3,8.5,24.4,0.128
30,-1,374.8,181.9,16.2,16.6,0.126
30,-1,0.1,150.7,38.4,81.6,0.118
30,-1,475.0,208.1,10.4,31.9,0.108
30,-1,0.0,167.1,39.9,231.3,0.081
30,-1,146.8,86.0,29.6,52.4,0.080
30,-1,481.5,207.1,11.9,28.0,0.072
30,-1,0.1,123.2,15.1,49.2,0.064
31,-1,245.3,102.6,121.4,316.1,0.999
31,-1,40.1,77.5,143.8,356.0,0.999
31,-1,141.0,82.8,49.4,292.5,0.964
31,-1,378.4,182.8,21.2,25.8,0.950
31,-1,393.6,173.5,20.3,36.2,0.914
31,-1,0.0,127.4,35.7,187.9,0.911
31,-1,461.8,204.5,13.2,35.9,0.885
31,-1,408.8,189.2,19.5,52.6,0.868
31,-1,406.5,188.8,19.3,24.8,0.593
31,-1,477.0,208.8,11.8,31.7,0.579
31,-1,0.6,123.0,32.4,105.2,0.407
31,-1,389.5,174.6,30.7,57.1,0.394
31,-1,609.0,197.3,26.3,44.5,0.376
31,-1,0.0,118.2,15.9,100.7,0.287
31,-1,380.3,179.4,27.1,35.5,0.261
31,-1,399.2,179.8,26.0,61.1,0.203
31,-1,144.8,83.5,43.4,155.2,0.134
31,-1,0.0,120.7,21.8,294.3,0.101
31,-1,446.2,191.6,18.6,44.3,0.089
31,-1,412.7,189.8,11.9,15.6,0.086
31,-1,4.8,182.4,34.9,45.9,0.081
31,-1,0.0,219.7,31.6,32.2,0.064
31,-1,0.0,142.8,13.9,182.7,0.058
31,-1,147.4,83.5,28.7,60.3,0.051
32,-1,249.8,98.0,120.4,322.6,0.999
32,-1,42.9,77.5,142.0,361.6,0.999
32,-1,407.9,189.3,27.9,78.7,0.995
32,-1,384.8,184.3,21.5,78.9,0.976
32,-1,146.5,86.9,49.4,238.4,0.958
32,-1,401.1,172.1,20.0,86.8,0.944
32,-1,468.1,206.7,13.9,31.6,0.932
32,-1,0.0,125.5,40.3,198.2,0.909
32,-1,483.2,209.4,13.4,33.1,0.746
32,-1,391.6,177.9,22.4,86.2,0.687
32,-1,0.0,121.2,18.4,96.1,0.496
32,-1,400.6,174.0,21.4,43.0,0.429
32,-1,151.2,81.5,27.8,59.8,0.386
32,-1,0.0,121.7,32.0,111.8,0.288
32,-1,149.8,80.8,43.7,88.1,0.249
32,-1,452.7,198.1,15.6,39.1,0.211
32,-1,0.0,122.6,19.6,221.4,0.186
32,-1,0.0,158.8,43.4,87.8,0.151
32,-1,0.0,116.3,54.9,322.0,0.115
32,-1,364.5,170.9,18.2,27.9,0.103
32,-1,0.0,175.5,9.4,194.9,0.102
32,-1,257.1,98.3,116.9,113.5,0.085
32,-1,3.9,191.0,38.9,41.1,0.082
32,-1,461.9,196.8,13.2,40.3,0.077
32,-1,620.6,199.5,19.1,42.6,0.075
32,-1,0.0,199.6,41.7,53.6,0.069
32,-1,0.0,192.5,33.4,115.9,0.065
33,-1,266.4,89.1,127.2,335.1,1.000
33,-1,52.5,67.7,137.9,373.9,0.999
33,-1,417.3,183.8,29.3,81.1,0.990
33,-1,393.1,182.5,21.9,78.3,0.989
33,-1,360.8,188.8,27.2,73.2,0.986
33,-1,151.8,80.4,53.4,228.3,0.949
33,-1,478.6,202.4,13.5,33.1,0.936
33,-1,0.0,121.8,52.2,186.4,0.919
33,-1,410.0,170.4,22.9,85.8,0.917
33,-1,0.1,119.5,26.0,95.2,0.829
33,-1,492.7,204.3,13.4,34.9,0.708
33,-1,262.5,195.9,96.0,230.9,0.459
33,-1,159.3,76.9,27.8,61.5,0.446
33,-1,408.0,170.5,23.6,43.8,0.390
33,-1,0.6,116.5,47.4,104.1,0.308
33,-1,465.3,198.9,14.9,35.3,0.255
33,-1,155.6,75.7,42.0,87.5,0.252
33,-1,158.3,80.4,49.3,126.5,0.134
33,-1,0.0,112.6,24.8,226.1,0.118
33,-1,380.3,191.7,12.7,47.5,0.086
33,-1,0.4,144.3,35.0,108.0,0.064
33,-1,494.5,217.7,9.7,21.2,0.058
33,-1,498.9,203.3,14.0,30.5,0.057
34,-1,56.9,69.9,141.9,379.2,0.999
34,-1,258.8,89.6,142.6,347.2,0.999
34,-1,401.8,183.1,22.4,81.0,0.995
34,-1,369.3,190.5,27.5,73.2,0.987
34,-1,426.9,186.6,28.1,79.4,0.983
34,-1,417.5,169.3,22.8,89.2,0.973
34,-1,154.8,72.0,60.4,186.8,0.936
34,-1,0.0,119.0,53.4,188.2,0.936
34,-1,0.1,119.4,28.1,98.0,0.920
34,-1,487.4,203.8,13.8,32.5,0.826
34,-1,164.5,76.6,27.2,55.5,0.399
34,-1,418.5,169.8,22.8,43.5,0.369
34,-1,502.8,205.6,14.3,34.5,0.367
34,-1,168.1,76.9,34.4,84.1,0.223
34,-1,0.0,112.6,22.2,259.6,0.118
34,-1,41.1,250.7,39.1,127.8,0.093
34,-1,388.6,188.5,13.4,54.3,0.084
34,-1,470.9,198.9,15.3,37.0,0.064
34,-1,507.9,206.8,13.9,27.3,0.059
34,-1,482.5,199.2,11.7,36.1,0.054
35,-1,64.6,69.7,139.5,390.1,0.999
35,-1,262.1,89.2,150.7,354.7,0.999
35,-1,435.7,188.7,31.5,80.8,0.992
35,-1,410.5,183.7,23.7,83.7,0.989
35,-1,372.8,189.8,34.7,77.8,0.981
35,-1,425.2,172.7,23.5,90.4,0.956
35,-1,0.5,118.7,37.0,109.8,0.946
35,-1,165.0,80.2,55.9,189.4,0.940
35,-1,495.6,204.7,14.0,41.7,0.935
35,-1,511.8,208.0,14.0,35.0,0.737
35,-1,0.6,121.9,45.1,172.3,0.611
35,-1,481.9,197.8,15.6,40.2,0.575
35,-1,425.5,173.5,24.4,42.1,0.440
35,-1,516.3,207.8,14.5,30.5,0.193
35,-1,461.5,198.0,21.3,42.2,0.121
35,-1,4.9,119.2,74.1,263.9,0.111
35,-1,175.3,78.0,26.3,55.1,0.106
35,-1,394.9,189.0,13.9,57.4,0.105
35,-1,42.4,202.9,44.5,182.1,0.094
35,-1,2.7,118.9,33.8,39.5,0.056
35,-1,178.3,82.4,31.7,70.1,0.056
35,-1,411.0,184.1,21.2,44.9,0.056
35,-1,494.1,199.6,18.3,72.2,0.050
36,-1,71.4,65.7,146.1,397.8,0.999
36,-1,273.5,80.5,160.1,369.2,0.999
36,-1,421.0,181.7,23.5,83.0,0.999
36,-1,446.7,188.9,27.9,79.2,0.989
36,-1,387.1,195.6,26.3,69.7,0.967
36,-1,509.1,202.4,14.7,41.5,0.947
36,-1,0.0,116.2,48.1,113.6,0.931
36,-1,166.7,69.8,62.3,312.4,0.931
36,-1,437.1,170.0,24.8,88.3,0.869
36,-1,0.4,115.4,60.4,209.3,0.861
36,-1,524.1,207.5,13.0,34.1,0.581
36,-1,506.5,202.8,11.1,41.7,0.415
36,-1,405.4,188.5,16.7,54.6,0.333
36,-1,438.9,171.8,23.9,46.9,0.284
36,-1,287.5,198.9,103.4,250.3,0.250
36,-1,180.4,71.6,27.2,51.2,0.237
36,-1,492.9,196.3,16.3,40.6,0.188
36,-1,499.4,194.1,12.5,44.0,0.161
36,-1,174.2,73.0,57.5,179.9,0.126
36,-1,478.0,197.2,18.3,41.2,0.101
36,-1,507.0,199.3,18.5,71.6,0.089
36,-1,266.9,186.6,15.4,25.8,0.061
36,-1,50.2,185.1,43.0,198.1,0.059
36,-1,0.2,63.7,42.8,340.1,0.057
37,-1,278.8,81.6,161.3,372.2,0.999
37,-1,71.2,60.8,147.0,405.7,0.999
37,-1,424.7,184.9,25.2,79.5,0.993
37,-1,451.8,188.2,27.5,80.1,0.988
37,-1,0.6,117.2,55.2,177.7,0.968
37,-1,391.9,191.2,27.0,74.0,0.949
37,-1,510.4,202.4,18.4,42.9,0.945
37,-1,179.0,69.4,56.0,185.8,0.945
37,-1,440.0,170.0,25.6,87.2,0.855
37,-1,262.2,190.2,23.0,71.0,0.833
37,-1,527.5,206.2,11.4,34.8,0.774
37,-1,496.4,197.6,16.1,39.6,0.651
37,-1,143.9,75.9,78.7,342.2,0.248
37,-1,441.6,170.4,25.3,45.0,0.207
37,-1,292.6,189.9,107.2,263.6,0.195
37,-1,0.0,115.9,47.7,103.3,0.135
37,-1,261.6,160.7,39.6,101.9,0.126
37,-1,529.8,206.4,15.8,34.1,0.124
37,-1,410.6,191.3,14.3,52.3,0.109
37,-1,451.7,205.0,14.7,60.2,0.098
37,-1,180.9,254.5,42.2,131.9,0.098
37,-1,1.2,105.4,79.6,282.5,0.072
37,-1,180.1,84.3,65.5,300.1,0.061
37,-1,71.3,67.4,133.1,200.5,0.060
37,-1,262.7,236.4,20.8,25.3,0.052
37,-1,425.8,184.9,22.5,41.0,0.051
38,-1,70.4,56.4,155.1,418.2,0.999
38,-1,283.9,74.1,169.0,388.1,0.999
38,-1,430.2,187.2,24.0,80.1,0.991
38,-1,457.6,191.3,38.2,79.5,0.989
38,-1,0.2,116.4,70.7,242.8,0.975
38,-1,180.4,72.2,58.1,233.6,0.959
38,-1,516.9,205.0,16.7,41.0,0.953
38,-1,397.3,196.8,23.9,70.7,0.944
38,-1,447.6,171.4,25.0,86.0,0.900
38,-1,265.6,190.2,22.6,73.5,0.875
38,-1,0.8,117.3,55.9,141.8,0.718
38,-1,534.2,207.7,12.4,35.7,0.640
38,-1,501.2,198.2,17.4,40.4,0.615
38,-1,415.7,196.0,12.3,47.5,0.610
38,-1,269.1,187.7,34.5,79.0,0.493
38,-1,445.7,172.3,25.2,43.1,0.373
38,-1,189.4,71.7,36.5,77.8,0.289
38,-1,294.6,191.2,113.2,271.7,0.284
38,-1,188.1,70.4,27.9,54.2,0.195
38,-1,505.1,197.3,22.8,45.4,0.140
38,-1,508.9,199.0,12.2,40.6,0.120
38,-1,489.3,198.4,15.1,41.7,0.119
38,-1,448.7,206.0,13.5,55.6,0.063
38,-1,481.0,199.3,20.4,43.2,0.058
38,-1,50.5,189.3,46.7,204.7,0.054
38,-1,188.2,71.6,50.7,114.0,0.053
39,-1,284.5,71.6,177.8,396.4,1.000
39,-1,68.0,47.2,158.1,429.2,0.999
39,-1,460.1,186.8,30.6,83.0,0.990
39,-1,434.3,183.2,24.6,81.7,0.990
39,-1,181.3,67.2,57.1,190.8,0.980
39,-1,269.1,187.2,26.1,74.4,0.957
39,-1,0.2,113.0,75.0,202.0,0.951
39,-1,520.9,202.1,18.1,36.0,0.923
39,-1,402.7,197.4,25.6,68.9,0.896
39,-1,450.6,168.9,23.4,80.0,0.866
39,-1,1.0,111.4,59.1,112.9,0.866
39,-1,276.2,187.6,29.8,77.2,0.540
39,-1,506.9,195.5,15.4,40.6,0.483
39,-1,420.5,196.1,14.1,45.3,0.184
39,-1,278.1,186.9,15.3,41.1,0.152
39,-1,511.2,198.6,20.3,39.1,0.151
39,-1,152.9,60.9,81.0,348.8,0.146
39,-1,412.0,194.7,22.4,65.4,0.131
39,-1,302.5,210.5,110.3,257.1,0.120
39,-1,540.8,204.4,12.7,25.0,0.108
39,-1,188.2,65.9,27.0,49.1,0.096
39,-1,283.6,188.8,16.0,30.0,0.093
39,-1,420.4,186.4,32.4,79.6,0.069
39,-1,267.6,194.9,14.1,44.5,0.066
39,-1,187.5,66.3,52.3,86.4,0.058
39,-1,24.1,204.9,62.6,190.0,0.057
40,-1,287.7,68.6,180.9,407.6,0.999
40,-1,65.1,48.3,162.6,431.7,0.999
40,-1,463.3,188.2,28.2,82.5,0.991
40,-1,438.5,185.8,24.6,81.5,0.988
40,-1,0.3,115.7,53.0,121.5,0.956
40,-1,183.1,72.3,57.8,221.6,0.953
40,-1,523.1,202.5,21.3,27.5,0.935
40,-1,271.8,203.3,20.9,59.9,0.934
40,-1,452.9,171.0,26.0,89.8,0.874
40,-1,407.8,196.6,26.8,71.9,0.847
40,-1,0.4,111.6,57.5,223.8,0.830
40,-1,276.7,189.7,26.7,77.2,0.639
40,-1,454.5,171.8,24.4,43.6,0.428
40,-1,506.6,194.8,20.1,38.8,0.336
40,-1,448.1,192.5,22.1,74.2,0.181
40,-1,512.3,196.4,21.8,34.3,0.150
40,-1,191.2,66.5,25.7,52.7,0.128
40,-1,437.6,187.0,23.2,32.7,0.081
40,-1,413.0,219.1,16.4,49.0,0.079
40,-1,421.2,190.6,38.5,77.4,0.078
40,-1,495.2,198.6,16.8,35.9,0.069
40,-1,282.9,187.6,14.4,46.4,0.063
40,-1,394.2,196.7,18.5,19.1,0.059
40,-1,278.4,188.1,15.4,59.3,0.053
41,-1,290.2,66.1,188.5,413.8,0.999
41,-1,61.3,47.7,167.6,432.3,0.999
41,-1,440.7,185.3,22.6,84.1,0.996
41,-1,470.2,186.6,28.3,47.4,0.980
41,-1,0.0,115.2,50.5,125.4,0.952
41,-1,181.6,71.3,59.2,255.3,0.944
41,-1,455.9,172.9,23.9,60.6,0.936
41,-1,272.9,198.8,19.1,66.2,0.916
41,-1,413.1,202.5,19.5,65.5,0.810
41,-1,525.4,200.3,21.0,23.8,0.744
41,-1,0.5,117.8,54.2,228.5,0.509
41,-1,424.9,201.2,12.3,44.8,0.441
41,-1,279.1,191.6,23.0,75.5,0.392
41,-1,8.1,130.8,70.8,273.4,0.286
41,-1,462.3,180.6,29.6,46.8,0.284
41,-1,160.7,60.1,74.9,354.9,0.251
41,-1,516.2,193.2,14.4,32.4,0.225
41,-1,32.9,190.5,51.1,217.3,0.155
41,-1,411.1,185.6,33.7,82.8,0.120
41,-1,269.1,213.7,7.1,21.2,0.098
41,-1,480.9,190.3,30.7,39.0,0.095
41,-1,0.0,117.5,12.0,127.3,0.092
41,-1,498.3,203.0,15.6,24.6,0.090
41,-1,421.8,199.0,22.0,52.4,0.074
41,-1,0.0,112.1,6.0,59.3,0.074
41,-1,475.0,187.7,19.8,26.5,0.063
41,-1,458.5,172.0,18.9,34.5,0.063
41,-1,286.2,192.9,14.4,48.4,0.062
41,-1,512.1,197.3,14.4,29.5,0.062
41,-1,494.1,193.8,23.6,34.0,0.060
41,-1,0.4,117.5,24.6,250.1,0.056
41,-1,0.0,115.8,12.2,36.6,0.054
42,-1,277.7,50.0,200.8,429.9,0.999
42,-1,51.0,38.6,172.2,441.4,0.999
42,-1,465.6,187.2,31.7,37.9,0.976
42,-1,171.3,59.7,61.8,328.0,0.972
42,-1,0.1,109.2,41.1,111.7,0.967
42,-1,436.8,189.0,22.2,44.3,0.916
42,-1,269.6,191.6,22.6,71.3,0.835
42,-1,454.6,176.8,22.6,45.8,0.803
42,-1,279.8,188.4,24.0,78.6,0.703
42,-1,0.6,113.2,43.5,220.2,0.571
42,-1,509.4,192.5,19.7,26.8,0.502
42,-1,522.0,200.9,15.3,18.5,0.462
42,-1,264.3,211.8,7.5,21.1,0.399
42,-1,420.4,197.6,19.5,46.4,0.359
42,-1,3.0,133.6,66.7,274.1,0.263
42,-1,281.6,190.4,14.0,44.6,0.179
42,-1,269.2,205.7,14.3,57.5,0.146
42,-1,438.9,188.7,21.3,21.0,0.137
42,-1,415.5,203.3,16.4,41.3,0.134
42,-1,430.7,199.3,9.6,34.1,0.105
42,-1,472.7,186.8,18.0,26.3,0.097
42,-1,454.8,206.6,9.0,22.0,0.093
42,-1,279.7,186.3,13.4,30.1,0.093
42,-1,0.6,92.5,25.9,317.6,0.083
42,-1,0.0,120.9,65.8,129.8,0.057
42,-1,454.8,191.2,10.9,37.2,0.052
42,-1,281.8,57.1,198.6,219.4,0.051
43,-1,280.8,48.7,204.8,431.3,0.999
43,-1,43.2,30.5,182.4,445.5,0.999
43,-1,465.6,189.7,30.1,32.2,0.977
43,-1,174.2,56.8,61.8,293.7,0.973
43,-1,0.3,103.6,38.0,121.7,0.958
43,-1,265.8,199.5,20.3,64.3,0.955
43,-1,436.4,190.6,21.5,36.4,0.893
43,-1,267.7,186.2,29.4,80.6,0.851
43,-1,277.1,196.0,24.8,76.5,0.672
43,-1,0.7,108.3,52.6,313.4,0.662
43,-1,452.1,178.9,25.1,43.4,0.513
43,-1,445.6,194.1,13.2,24.8,0.227
43,-1,0.0,98.4,31.7,275.0,0.185
43,-1,280.0,53.2,207.4,198.3,0.153
43,-1,471.4,189.7,15.9,25.7,0.148
43,-1,119.6,46.0,104.2,383.3,0.136
43,-1,261.2,212.1,7.9,21.0,0.104
43,-1,437.7,178.3,27.0,45.2,0.076
43,-1,239.2,218.9,5.8,19.0,0.073
43,-1,4.7,93.7,90.3,338.1,0.065
43,-1,255.9,193.4,13.4,39.8,0.065
43,-1,16.2,193.9,50.7,221.2,0.064
43,-1,437.6,197.8,14.8,22.9,0.060
43,-1,429.5,201.6,9.9,25.7,0.060
43,-1,274.4,187.0,23.8,50.4,0.051
43,-1,275.8,177.2,148.7,302.6,0.050
44,-1,278.9,47.2,211.0,430.2,0.999
44,-1,25.9,25.2,200.8,453.7,0.999
44,-1,267.3,186.6,26.1,77.1,0.985
44,-1,168.7,56.1,66.5,340.4,0.976
44,-1,0.2,102.4,36.3,159.3,0.930
44,-1,467.3,190.4,22.0,25.9,0.838
44,-1,0.0,96.5,40.6,314.3,0.831
44,-1,275.9,187.5,28.6,85.8,0.797
44,-1,476.0,189.1,13.8,15.1,0.681
44,-1,463.0,175.3,25.4,42.9,0.647
44,-1,475.8,192.7,12.9,18.6,0.575
44,-1,500.2,200.8,41.8,23.3,0.355
44,-1,437.4,173.2,30.4,48.4,0.303
44,-1,279.6,186.6,19.0,55.2,0.252
44,-1,476.2,175.8,13.3,29.9,0.239
44,-1,519.0,203.6,28.3,19.3,0.228
44,-1,435.3,197.2,25.4,24.6,0.213
44,-1,260.5,212.2,9.2,21.7,0.188
44,-1,284.2,49.8,201.2,195.0,0.180
44,-1,176.8,52.2,61.2,192.2,0.163
44,-1,5.7,167.2,56.7,256.1,0.153
44,-1,461.9,183.9,17.2,33.4,0.133
44,-1,281.3,186.2,13.3,28.8,0.128
44,-1,488.0,196.2,41.7,27.9,0.104
44,-1,278.1,204.9,152.7,275.1,0.076
44,-1,268.5,196.6,14.2,65.6,0.070
44,-1,2.8,98.9,101.9,360.0,0.069
44,-1,0.0,94.1,19.0,316.7,0.069
44,-1,239.7,213.4,7.2,24.8,0.056
44,-1,256.5,195.5,12.6,37.7,0.055
45,-1,280.7,37.4,209.4,441.7,0.999
45,-1,34.3,26.0,186.2,451.4,0.999
45,-1,269.3,184.9,26.0,78.6,0.993
45,-1,164.7,51.0,67.7,345.7,0.987
45,-1,0.0,99.2,35.9,196.5,0.938
45,-1,0.0,96.6,46.5,311.0,0.487
45,-1,476.8,201.5,34.7,20.2,0.460
45,-1,509.0,201.6,27.2,19.0,0.408
45,-1,280.7,186.2,14.7,40.8,0.405
45,-1,172.1,45.1,69.2,216.9,0.321
45,-1,282.8,46.2,212.3,221.4,0.317
45,-1,240.8,208.8,8.6,28.6,0.242
45,-1,260.9,211.4,9.1,21.1,0.176
45,-1,0.0,92.0,19.9,291.0,0.169
45,-1,233.4,191.1,16.7,68.2,0.107
45,-1,268.9,203.5,15.3,58.8,0.102
45,-1,490.3,202.1,31.4,19.3,0.093
45,-1,277.3,186.2,32.2,84.9,0.087
45,-1,6.4,165.0,58.6,256.4,0.076
45,-1,226.5,191.7,18.2,68.2,0.070
45,-1,466.4,205.9,28.5,16.5,0.069
46,-1,280.0,30.4,220.3,448.8,0.999
46,-1,26.3,15.4,196.0,464.6,0.998
46,-1,270.0,185.0,25.3,77.0,0.989
46,-1,167.1,46.9,67.3,348.4,0.972
46,-1,0.4,99.1,29.7,312.2,0.929
46,-1,280.8,186.0,14.1,44.9,0.805
46,-1,240.9,209.8,8.3,27.5,0.736
46,-1,466.0,201.1,21.9,18.5,0.536
46,-1,0.1,94.0,30.2,132.5,0.509
46,-1,276.2,183.8,30.9,89.1,0.423
46,-1,269.2,192.1,14.4,68.2,0.336
46,-1,502.1,199.8,19.8,18.2,0.244
46,-1,175.2,45.2,65.9,203.5,0.166
46,-1,0.7,92.4,59.9,351.8,0.157
46,-1,0.0,97.2,46.7,183.3,0.137
46,-1,475.1,201.0,20.6,18.2,0.121
46,-1,259.8,211.3,8.4,21.1,0.105
46,-1,490.7,201.6,19.3,17.2,0.097
46,-1,6.6,60.2,113.5,405.6,0.054
47,-1,283.7,26.8,218.7,452.7,0.999
47,-1,24.0,12.6,199.0,467.1,0.998
47,-1,162.4,43.2,71.1,361.0,0.967
47,-1,269.1,183.4,26.9,77.3,0.963
47,-1,0.2,95.7,31.3,308.0,0.951
47,-1,173.5,43.0,63.7,215.4,0.916
47,-1,276.7,183.2,37.3,93.5,0.716
47,-1,280.4,185.0,15.5,42.7,0.700
47,-1,241.6,210.5,8.8,24.7,0.425
47,-1,0.0,94.6,30.4,124.1,0.420
47,-1,270.0,201.0,13.3,59.7,0.312
47,-1,272.3,192.9,12.1,39.5,0.304
47,-1,0.0,91.7,57.2,363.9,0.244
47,-1,257.4,188.8,10.9,41.9,0.165
47,-1,490.6,199.5,25.1,17.4,0.146
47,-1,259.6,208.9,8.8,22.4,0.140
47,-1,467.1,200.1,17.8,16.7,0.130
47,-1,7.3,65.0,112.7,388.0,0.069
48,-1,280.8,18.7,232.7,460.8,0.999
48,-1,19.3,5.6,204.8,471.6,0.999
48,-1,172.7,40.0,68.1,351.1,0.969
48,-1,0.5,93.6,44.4,359.8,0.960
48,-1,0.4,92.6,33.4,238.5,0.797
48,-1,276.7,182.4,22.6,43.2,0.789
48,-1,0.0,92.8,32.5,119.3,0.474
48,-1,246.1,208.0,9.0,27.1,0.453
48,-1,0.2,94.2,32.5,59.7,0.390
48,-1,261.3,206.2,9.7,23.8,0.351
48,-1,274.6,189.6,15.0,38.2,0.287
48,-1,0.0,90.7,20.9,350.9,0.249
48,-1,1.4,69.4,107.5,396.7,0.221
48,-1,261.1,193.0,13.9,36.9,0.135
48,-1,286.9,36.3,224.4,230.0,0.122
48,-1,114.2,11.1,109.4,428.2,0.062
48,-1,264.6,185.5,22.9,44.0,0.057
49,-1,280.7,14.7,236.2,464.9,0.999
49,-1,19.9,8.0,210.3,469.2,0.999
49,-1,165.8,42.2,75.9,359.0,0.984
49,-1,0.2,89.8,41.1,377.1,0.953
49,-1,285.5,182.5,16.1,37.9,0.845
49,-1,0.4,92.5,31.6,190.1,0.821
49,-1,487.8,187.7,12.6,15.3,0.427
49,-1,486.9,188.5,17.9,20.4,0.352
49,-1,0.7,67.0,102.9,404.1,0.292
49,-1,274.0,185.9,19.3,35.6,0.237
49,-1,40.0,8.9,176.0,273.2,0.223
49,-1,261.8,195.6,13.4,28.5,0.194
49,-1,0.2,91.8,30.3,96.8,0.141
49,-1,288.0,30.4,231.1,201.2,0.131
49,-1,177.8,38.3,67.8,213.9,0.130
49,-1,277.4,191.0,11.4,27.9,0.097
49,-1,556.5,207.3,13.5,36.2,0.082
49,-1,249.1,209.2,8.9,19.8,0.079
49,-1,286.4,192.4,9.6,27.2,0.069
49,-1,281.3,183.2,22.8,83.7,0.069
49,-1,0.0,73.4,21.8,341.0,0.065
49,-1,461.9,166.9,32.1,31.5,0.062
49,-1,517.0,194.5,19.3,19.8,0.054
50,-1,280.2,9.5,240.6,470.4,0.999
50,-1,15.5,1.5,207.6,474.4,0.999
50,-1,170.0,36.0,77.1,365.8,0.983
50,-1,532.2,204.8,18.4,44.2,0.971
50,-1,546.4,208.8,13.2,32.8,0.938
50,-1,286.3,182.0,15.8,31.0,0.904
50,-1,0.1,79.9,34.0,391.7,0.901
50,-1,0.6,91.6,28.4,192.6,0.894
50,-1,557.8,210.1,13.4,32.4,0.768
50,-1,478.8,186.2,24.4,28.2,0.677
50,-1,278.4,183.2,14.3,31.3,0.549
50,-1,562.7,207.9,14.5,33.2,0.247
50,-1,523.1,224.5,11.2,16.0,0.234
50,-1,522.0,210.7,12.9,29.7,0.195
50,-1,261.8,189.3,14.2,28.9,0.194
50,-1,0.0,88.3,38.5,119.2,0.106
50,-1,464.4,166.6,31.9,44.9,0.104
50,-1,501.7,202.8,14.8,36.7,0.093
50,-1,545.4,204.0,15.6,74.2,0.089
50,-1,0.3,90.1,29.0,49.3,0.089
50,-1,0.0,85.4,52.1,211.2,0.069
50,-1,280.5,183.5,37.5,93.1,0.065
50,-1,5.9,61.5,104.6,406.5,0.061
50,-1,488.6,185.7,12.6,17.6,0.059
51,-1,16.8,0.3,209.6,476.8,0.999
51,-1,285.6,15.1,236.8,464.9,0.999
51,-1,172.7,35.2,71.4,233.7,0.968
51,-1,0.0,89.9,31.9,275.7,0.944
51,-1,0.0,88.2,29.3,144.9,0.707
51,-1,485.3,187.0,21.9,54.9,0.623
51,-1,0.0,83.7,45.5,390.0,0.383
51,-1,285.3,181.6,18.5,22.4,0.343
51,-1,480.6,187.3,24.7,30.1,0.295
51,-1,537.6,203.3,14.6,27.8,0.265
51,-1,523.2,195.5,15.9,41.7,0.241
51,-1,280.1,181.9,26.2,33.2,0.165
51,-1,0.0,61.7,19.6,379.7,0.140
51,-1,276.0,183.1,39.8,95.5,0.137
51,-1,160.1,28.9,77.5,385.7,0.132
51,-1,470.0,163.5,29.4,49.6,0.114
51,-1,303.3,21.7,219.8,243.1,0.084
51,-1,0.0,191.6,24.9,72.3,0.076
51,-1,6.9,31.2,110.8,438.4,0.075
51,-1,446.6,160.6,50.8,50.5,0.053
52,-1,291.8,13.8,237.2,466.2,0.999
52,-1,15.0,0.0,207.2,474.8,0.999
52,-1,173.1,32.7,70.4,363.7,0.985
52,-1,0.1,84.3,30.8,153.2,0.964
52,-1,0.0,70.1,32.6,388.3,0.813
52,-1,479.4,186.1,31.8,38.2,0.507
52,-1,445.6,158.8,60.8,66.3,0.244
52,-1,0.0,245.4,29.9,219.3,0.107
52,-1,8.4,26.6,114.3,444.4,0.086
52,-1,288.2,179.4,17.6,10.0,0.067
52,-1,295.2,21.8,235.3,234.7,0.053
52,-1,10.0,9.9,183.3,260.9,0.052
53,-1,12.1,0.7,216.0,477.8,0.999
53,-1,291.0,11.8,250.3,468.2,0.999
53,-1,168.5,25.9,76.4,389.5,0.991
53,-1,0.0,85.4,30.6,165.2,0.973
53,-1,0.0,61.5,40.9,418.3,0.840
53,-1,456.6,157.7,52.4,42.6,0.339
53,-1,472.0,159.1,37.5,29.5,0.290
53,-1,0.1,145.1,22.6,305.8,0.262
53,-1,288.5,16.7,249.3,238.0,0.106
53,-1,3.1,9.8,122.5,464.2,0.090
53,-1,0.4,86.2,28.3,54.2,0.050
54,-1,12.7,0.6,217.2,478.3,0.999
54,-1,293.8,5.3,243.8,474.7,0.999
54,-1,167.8,25.4,77.1,393.1,0.992
54,-1,0.0,82.8,27.4,160.6,0.912
54,-1,0.0,75.7,35.8,396.5,0.796
54,-1,2.5,19.9,111.9,457.9,0.214
54,-1,293.5,178.7,14.5,8.0,0.174
54,-1,0.0,161.2,22.0,105.0,0.166
54,-1,0.2,210.3,15.8,41.9,0.132
54,-1,280.4,15.7,275.7,241.0,0.095
54,-1,0.0,470.4,104.8,9.6,0.091
54,-1,0.1,235.3,20.1,236.1,0.088
54,-1,0.1,472.8,53.0,7.2,0.073
54,-1,0.3,86.3,26.8,52.9,0.052
55,-1,292.9,7.8,232.8,470.0,0.999
55,-1,12.0,1.1,222.8,477.8,0.999
55,-1,172.2,25.7,77.1,390.3,0.995
55,-1,0.1,83.1,29.7,148.4,0.935
55,-1,527.3,118.9,76.5,62.8,0.798
55,-1,0.0,88.7,34.8,381.2,0.789
55,-1,559.8,126.4,44.5,51.5,0.201
55,-1,2.0,16.5,113.2,460.4,0.197
55,-1,0.0,110.2,20.0,157.8,0.195
55,-1,294.3,178.9,16.6,12.3,0.185
55,-1,0.1,196.4,19.7,274.4,0.177
55,-1,0.1,207.8,16.2,43.2,0.090
55,-1,308.7,12.2,252.5,192.9,0.084
55,-1,0.0,192.3,20.4,87.8,0.066
56,-1,12.2,1.1,218.8,478.0,0.999
56,-1,296.4,1.2,248.8,478.4,0.997
56,-1,171.9,24.1,77.6,393.9,0.995
56,-1,0.2,83.8,31.0,205.6,0.928
56,-1,0.1,64.0,38.0,413.7,0.847
56,-1,299.5,179.6,14.0,17.6,0.481
56,-1,0.0,83.8,29.2,109.3,0.349
56,-1,0.1,105.2,21.7,345.8,0.197
56,-1,1.9,20.8,111.6,457.6,0.124
56,-1,0.3,91.3,17.7,165.7,0.062
56,-1,292.2,179.8,15.0,15.8,0.056
57,-1,10.4,0.5,220.5,478.5,0.999
57,-1,301.1,9.7,254.1,470.0,0.998
57,-1,172.2,23.0,78.6,390.4,0.994
57,-1,0.0,84.4,29.8,157.2,0.842
57,-1,0.0,62.5,33.8,402.8,0.826
57,-1,0.1,82.6,27.8,67.7,0.217
57,-1,4.1,36.1,118.3,436.9,0.058
57,-1,263.5,9.7,296.0,251.2,0.054
58,-1,302.1,13.2,259.8,466.3,0.998
58,-1,9.0,0.0,214.0,480.0,0.998
58,-1,174.6,24.4,78.6,373.8,0.994
58,-1,0.1,77.2,30.5,167.3,0.939
58,-1,0.3,69.4,39.8,407.6,0.859
58,-1,0.0,106.8,20.9,364.1,0.230
58,-1,2.3,0.0,113.1,475.0,0.174
58,-1,0.1,83.9,29.0,73.1,0.168
58,-1,293.3,6.9,272.9,225.7,0.094
59,-1,10.1,0.4,222.4,478.9,0.999
59,-1,305.7,8.5,259.9,471.0,0.998
59,-1,175.8,21.0,77.7,408.5,0.995
59,-1,0.1,86.9,30.4,208.8,0.948
59,-1,0.6,68.0,35.5,410.0,0.930
59,-1,0.0,106.3,20.0,366.0,0.205
59,-1,0.2,83.3,28.9,85.0,0.116
59,-1,0.8,30.4,101.0,446.9,0.105
59,-1,0.1,233.1,46.0,240.2,0.067
60,-1,308.3,0.0,261.4,478.3,0.999
60,-1,7.1,0.4,224.8,478.4,0.999
60,-1,174.7,20.8,79.2,405.2,0.995
60,-1,0.0,80.8,29.1,229.0,0.826
60,-1,0.3,60.0,37.8,415.1,0.814
60,-1,369.2,4.8,208.6,201.6,0.212
60,-1,0.1,98.1,20.6,375.3,0.141
60,-1,0.1,81.2,28.3,52.7,0.134
60,-1,0.3,272.3,44.8,202.6,0.086
60,-1,0.0,86.9,11.9,212.8,0.062
61,-1,4.5,0.2,224.7,478.5,0.999
61,-1,310.0,0.0,267.9,478.9,0.999
61,-1,175.7,13.9,78.3,413.5,0.996
61,-1,0.2,84.4,26.7,369.8,0.891
61,-1,0.1,66.3,28.6,217.0,0.655
61,-1,0.0,78.2,54.0,398.6,0.528
61,-1,0.0,80.6,28.5,53.4,0.301
61,-1,108.0,1.4,138.9,447.0,0.277
61,-1,6.7,38.2,114.0,439.9,0.130
61,-1,314.5,3.9,279.3,223.4,0.108
61,-1,0.1,80.6,15.5,221.3,0.060
62,-1,6.7,1.1,225.6,478.0,0.998
62,-1,311.6,0.0,281.1,477.2,0.998
62,-1,175.9,16.0,80.5,409.8,0.996
62,-1,0.0,63.8,31.6,396.6,0.899
62,-1,566.7,188.7,20.8,88.6,0.792
62,-1,0.0,80.6,28.0,175.8,0.604
62,-1,563.4,193.5,21.9,51.2,0.514
62,-1,108.0,3.9,137.7,443.8,0.394
62,-1,1.4,50.6,113.7,428.4,0.228
62,-1,317.6,2.7,279.9,241.2,0.211
62,-1,0.1,80.0,27.9,51.6,0.177
62,-1,0.2,84.8,10.5,220.4,0.061
62,-1,559.0,199.4,8.9,40.3,0.058
62,-1,0.3,237.9,53.8,238.9,0.055
63,-1,312.9,0.0,285.8,480.0,0.999
63,-1,5.9,0.8,226.6,478.0,0.998
63,-1,176.5,10.9,81.1,421.9,0.996
63,-1,563.8,195.5,23.9,50.2,0.955
63,-1,0.0,69.2,33.1,394.0,0.871
63,-1,0.1,77.6,25.4,222.4,0.800
63,-1,555.3,199.8,12.5,37.5,0.581
63,-1,317.7,1.3,284.8,221.5,0.531
63,-1,565.0,193.2,26.7,83.5,0.410
63,-1,108.7,2.2,138.1,445.5,0.372
63,-1,0.0,79.6,26.9,57.9,0.272
63,-1,0.1,58.0,62.3,417.4,0.156
63,-1,583.6,205.8,10.0,29.6,0.115
63,-1,538.1,195.3,14.7,37.6,0.109
63,-1,562.2,200.1,14.6,45.2,0.094
63,-1,0.1,88.4,8.9,214.0,0.068
64,-1,311.9,0.0,288.2,480.0,0.999
64,-1,172.7,17.9,82.8,411.2,0.999
64,-1,5.5,0.4,230.6,478.8,0.997
64,-1,500.7,190.5,27.8,79.7,0.978
64,-1,569.4,195.0,22.1,53.2,0.889
64,-1,0.1,68.1,27.2,375.8,0.878
64,-1,0.0,80.3,25.6,161.9,0.639
64,-1,565.1,189.9,29.2,86.1,0.589
64,-1,556.4,199.6,13.7,40.9,0.544
64,-1,563.7,196.3,20.7,46.4,0.500
64,-1,535.5,191.6,21.5,43.0,0.403
64,-1,0.2,78.1,26.5,50.2,0.314
64,-1,303.0,2.8,298.6,239.4,0.301
64,-1,560.9,199.1,15.3,43.2,0.276
64,-1,580.9,196.6,15.4,41.7,0.220
64,-1,0.0,66.6,59.8,408.0,0.136
64,-1,2.5,26.7,114.2,449.9,0.091
64,-1,537.2,190.2,18.6,22.3,0.085
64,-1,0.2,79.8,13.0,229.3,0.058
65,-1,316.0,0.3,283.0,479.7,0.999
65,-1,5.6,1.1,222.8,478.8,0.998
65,-1,176.3,10.8,85.2,421.7,0.996
65,-1,501.6,193.3,25.7,76.4,0.936
65,-1,0.0,60.7,27.7,372.7,0.931
65,-1,571.4,196.3,21.5,52.2,0.915
65,-1,557.6,200.2,13.9,40.7,0.799
65,-1,0.0,81.1,24.0,211.6,0.752
65,-1,568.0,188.5,26.8,87.2,0.519
65,-1,0.1,77.5,24.9,49.3,0.364
65,-1,563.0,197.7,20.6,43.7,0.301
65,-1,359.1,3.5,250.5,245.1,0.219
65,-1,0.0,73.6,50.9,406.4,0.180
65,-1,0.0,76.8,25.5,110.7,0.151
65,-1,481.3,182.3,46.6,88.1,0.148
65,-1,543.5,193.0,12.3,41.8,0.141
65,-1,585.0,199.3,11.9,35.4,0.121
65,-1,0.1,75.0,14.9,176.3,0.100
65,-1,4.1,32.4,113.6,436.8,0.087
65,-1,553.3,198.2,12.0,40.4,0.065
65,-1,543.6,223.0,8.5,13.0,0.062
66,-1,314.8,0.0,285.3,480.0,0.999
66,-1,183.1,12.9,71.5,412.8,0.999
66,-1,1.2,0.0,219.9,479.4,0.996
66,-1,502.0,192.6,25.4,77.1,0.942
66,-1,571.3,197.3,20.1,45.5,0.927
66,-1,0.1,70.5,23.4,385.7,0.914
66,-1,555.5,199.9,18.2,42.4,0.757
66,-1,0.0,80.4,20.6,198.6,0.755
66,-1,536.8,189.0,19.5,46.2,0.527
66,-1,566.9,186.1,25.8,95.0,0.506
66,-1,481.5,183.2,45.6,87.0,0.458
66,-1,542.4,194.1,9.9,40.2,0.358
66,-1,563.3,199.7,19.4,41.8,0.277
66,-1,0.1,76.9,22.1,50.6,0.266
66,-1,0.0,75.8,21.3,101.3,0.224
66,-1,363.7,2.0,245.7,206.3,0.198
66,-1,582.2,199.2,12.8,34.7,0.154
66,-1,0.0,68.2,55.4,402.6,0.113
66,-1,572.2,225.4,18.0,51.4,0.109
66,-1,0.3,79.0,10.5,241.5,0.106
66,-1,519.1,193.7,10.1,43.4,0.101
66,-1,543.2,223.1,9.6,12.4,0.071
66,-1,190.7,233.5,52.0,197.7,0.065
66,-1,554.8,194.6,13.6,38.7,0.065
66,-1,169.8,22.0,99.5,227.9,0.061
67,-1,313.2,0.0,293.9,480.0,0.999
67,-1,166.1,12.6,97.3,416.4,0.999
67,-1,1.6,0.3,220.6,479.7,0.997
67,-1,502.3,193.0,25.3,76.5,0.975
67,-1,573.4,195.3,21.8,52.4,0.941
67,-1,0.0,62.2,26.8,404.3,0.914
67,-1,555.7,200.6,16.3,39.0,0.767
67,-1,0.1,83.3,20.8,190.4,0.675
67,-1,538.0,191.3,15.7,30.8,0.337
67,-1,179.2,14.8,90.6,249.5,0.334
67,-1,0.1,76.8,22.3,49.2,0.305
67,-1,357.7,2.8,257.2,207.0,0.257
67,-1,564.5,199.4,11.7,40.3,0.242
67,-1,0.0,66.1,55.8,404.9,0.099
67,-1,585.7,197.5,11.6,49.5,0.096
67,-1,564.5,192.1,29.5,84.6,0.089
67,-1,0.0,75.6,23.8,94.7,0.087
67,-1,550.6,201.4,15.1,36.7,0.081
67,-1,540.9,197.1,13.1,37.4,0.062
67,-1,0.2,72.7,10.4,246.9,0.056
67,-1,0.0,67.3,5.1,362.1,0.050
68,-1,316.9,1.1,288.3,478.9,0.999
68,-1,181.4,12.8,83.5,418.8,0.998
68,-1,0.9,0.0,222.6,480.0,0.997
68,-1,505.4,192.2,23.8,77.8,0.957
68,-1,0.0,68.3,25.0,372.7,0.921
68,-1,576.5,194.2,21.8,54.5,0.887
68,-1,0.0,82.8,21.8,191.6,0.743
68,-1,556.5,198.4,19.0,43.4,0.604
68,-1,308.3,175.3,14.8,71.8,0.504
68,-1,540.6,192.1,18.5,44.8,0.396
68,-1,0.2,77.1,22.9,48.9,0.322
68,-1,484.4,185.1,43.9,84.9,0.304
68,-1,0.0,62.5,47.8,408.8,0.194
68,-1,326.6,2.6,279.0,222.1,0.182
68,-1,274.6,156.4,22.5,20.0,0.129
68,-1,552.5,197.7,12.0,39.3,0.079
69,-1,313.0,0.0,298.1,478.9,0.999
69,-1,1.1,0.0,220.8,479.7,0.998
69,-1,304.7,176.8,18.4,85.2,0.996
69,-1,179.7,8.7,82.8,424.3,0.996
69,-1,505.2,193.2,24.2,76.7,0.960
69,-1,290.4,179.5,21.2,78.6,0.959
69,-1,0.0,64.7,26.8,397.0,0.907
69,-1,578.8,194.4,21.4,53.5,0.869
69,-1,558.0,199.3,18.0,42.9,0.731
69,-1,0.1,75.9,20.7,158.9,0.602
69,-1,0.1,76.5,22.5,50.8,0.523
69,-1,536.3,191.0,21.8,45.7,0.263
69,-1,318.0,179.3,19.8,55.6,0.189
69,-1,554.3,201.2,16.0,37.0,0.188
69,-1,576.5,196.0,15.4,47.0,0.166
69,-1,485.4,189.7,42.5,81.7,0.153
69,-1,293.9,182.9,12.4,47.8,0.152
69,-1,0.0,65.7,54.1,407.5,0.149
69,-1,544.3,221.9,7.8,13.5,0.123
69,-1,360.7,2.1,251.2,274.4,0.122
69,-1,0.2,75.9,11.1,235.5,0.085
69,-1,0.0,69.9,5.5,369.1,0.068
69,-1,565.2,196.4,23.3,46.5,0.059
69,-1,537.7,189.8,19.7,20.1,0.053
70,-1,317.9,0.0,294.9,480.0,0.999
70,-1,1.1,1.2,221.4,474.3,0.999
70,-1,179.3,8.4,89.6,425.2,0.997
70,-1,303.5,177.0,19.1,86.2,0.995
70,-1,508.2,194.7,22.0,75.0,0.980
70,-1,585.6,193.7,16.5,54.1,0.943
70,-1,0.4,70.3,23.4,380.2,0.926
70,-1,290.6,182.1,20.1,75.8,0.925
70,-1,556.1,200.1,19.2,41.9,0.800
70,-1,0.1,78.2,21.7,163.4,0.621
70,-1,575.1,195.0,19.1,56.5,0.537
70,-1,0.3,77.3,23.0,55.2,0.362
70,-1,538.1,194.1,15.6,37.6,0.352
70,-1,553.5,201.5,13.4,36.9,0.327
70,-1,276.9,186.7,11.0,41.0,0.302
70,-1,263.9,194.5,23.5,50.8,0.274
70,-1,487.7,187.9,41.9,82.6,0.155
70,-1,293.0,185.0,12.1,48.1,0.154
70,-1,575.0,199.4,13.6,40.4,0.128
70,-1,277.1,188.0,12.0,20.9,0.127
70,-1,0.0,40.6,55.6,434.0,0.115
70,-1,543.3,221.5,9.3,13.3,0.111
70,-1,319.5,179.7,24.3,51.0,0.105
70,-1,0.3,78.6,12.7,240.5,0.091
70,-1,566.8,200.2,11.2,40.7,0.085
70,-1,294.6,185.9,10.7,24.3,0.080
70,-1,311.8,2.5,303.3,237.0,0.075
70,-1,528.9,199.5,12.2,34.9,0.075
70,-1,537.5,192.4,18.9,21.0,0.057
70,-1,287.5,207.6,7.3,21.5,0.052
70,-1,282.0,204.9,7.6,24.8,0.052
71,-1,318.0,0.0,285.8,480.0,0.999
71,-1,0.9,0.0,221.2,478.7,0.999
71,-1,179.9,8.9,91.5,424.1,0.998
71,-1,299.6,178.2,21.1,84.0,0.991
71,-1,584.3,194.2,19.5,53.0,0.988
71,-1,504.4,192.8,24.6,76.9,0.962
71,-1,0.0,70.4,24.4,382.2,0.916
71,-1,290.0,180.6,20.9,77.1,0.907
71,-1,554.4,200.2,19.0,42.3,0.764
71,-1,265.3,198.4,21.6,48.3,0.745
71,-1,0.0,80.4,22.0,198.5,0.735
71,-1,0.1,77.4,22.4,48.6,0.522
71,-1,290.4,202.8,14.0,54.4,0.344
71,-1,570.3,186.4,15.1,52.7,0.329
71,-1,575.5,200.6,11.8,37.9,0.317
71,-1,562.1,186.4,18.5,55.4,0.165
71,-1,0.0,46.7,50.2,426.6,0.158
71,-1,543.7,220.2,8.7,14.5,0.138
71,-1,567.7,200.9,10.2,39.9,0.136
71,-1,280.9,205.9,6.7,19.4,0.126
71,-1,324.2,2.9,269.6,201.8,0.099
71,-1,488.5,184.0,50.5,86.7,0.094
71,-1,286.4,206.9,8.5,20.8,0.084
71,-1,0.2,80.3,11.9,235.9,0.065
71,-1,293.4,184.9,11.4,44.2,0.063
71,-1,0.0,71.4,21.1,115.5,0.063
71,-1,294.7,179.6,14.6,30.7,0.060
71,-1,251.7,199.2,32.9,59.2,0.058
71,-1,277.7,183.6,11.2,32.5,0.057
71,-1,0.1,101.7,5.3,310.7,0.054
71,-1,578.4,196.6,13.7,44.0,0.052
71,-1,268.2,221.3,15.4,24.8,0.051
72,-1,315.6,0.0,293.1,480.0,0.999
72,-1,3.0,0.8,222.0,476.9,0.999
72,-1,182.7,9.1,90.9,424.2,0.998
72,-1,303.6,176.6,18.3,86.4,0.992
72,-1,583.6,195.0,26.1,52.8,0.985
72,-1,506.7,192.6,23.0,76.2,0.964
72,-1,290.5,179.4,22.2,79.3,0.934
72,-1,0.0,71.5,25.0,386.6,0.908
72,-1,266.5,196.2,20.9,43.8,0.853
72,-1,253.1,199.8,33.7,60.4,0.757
72,-1,555.4,199.4,19.0,42.8,0.753
72,-1,489.5,182.9,38.9,86.7,0.721
72,-1,0.1,83.1,20.6,191.4,0.542
72,-1,576.6,201.1,11.7,36.2,0.464
72,-1,0.1,77.1,22.5,49.7,0.403
72,-1,539.6,190.4,18.9,45.1,0.316
72,-1,298.5,179.3,11.1,23.8,0.230
72,-1,292.8,186.2,12.6,52.0,0.160
72,-1,297.3,179.0,12.8,42.8,0.149
72,-1,0.0,42.7,55.5,433.6,0.134
72,-1,544.0,220.4,9.1,15.0,0.115
72,-1,568.5,186.5,18.2,54.2,0.100
72,-1,290.7,205.3,14.6,51.9,0.087
72,-1,528.9,200.0,12.1,33.9,0.082
72,-1,571.8,201.9,13.0,36.8,0.077
72,-1,304.9,178.6,33.6,96.4,0.056
72,-1,296.0,2.1,314.0,225.3,0.053
73,-1,314.0,0.0,293.9,480.0,0.999
73,-1,1.6,1.7,219.2,474.7,0.998
73,-1,182.7,9.7,93.6,424.0,0.998
73,-1,584.0,194.3,26.2,54.3,0.992
73,-1,298.8,178.4,21.0,83.0,0.984
73,-1,505.2,193.8,23.3,76.7,0.972
73,-1,0.0,69.9,24.0,381.6,0.916
73,-1,289.9,186.4,19.2,72.8,0.902
73,-1,555.6,198.7,19.1,44.4,0.866
73,-1,0.0,78.3,21.9,202.7,0.694
73,-1,269.7,197.7,16.2,50.0,0.685
73,-1,575.0,201.3,13.1,37.1,0.596
73,-1,252.8,199.4,34.0,61.7,0.596
73,-1,487.2,182.6,40.7,87.6,0.534
73,-1,0.1,77.0,22.5,49.8,0.439
73,-1,539.1,191.0,17.6,41.2,0.312
73,-1,553.1,201.0,13.2,38.3,0.289
73,-1,0.0,48.4,49.6,427.0,0.266
73,-1,293.0,185.9,11.5,46.1,0.151
73,-1,302.8,178.9,30.9,95.0,0.123
73,-1,577.5,197.7,22.3,48.6,0.087
73,-1,270.9,189.0,18.9,41.0,0.086
73,-1,293.9,187.4,10.3,25.8,0.077
73,-1,0.1,81.8,11.7,232.7,0.073
74,-1,311.3,0.0,293.7,480.0,0.999
74,-1,183.5,9.7,96.1,424.2,0.999
74,-1,3.0,0.5,222.0,477.9,0.998
74,-1,584.9,193.1,24.4,54.6,0.979
74,-1,504.8,193.0,24.2,77.0,0.977
74,-1,303.7,177.3,17.7,82.8,0.970
74,-1,289.8,179.5,26.0,80.8,0.952
74,-1,0.0,55.4,23.8,401.7,0.894
74,-1,557.3,197.8,18.6,44.6,0.661
74,-1,0.1,76.3,22.2,109.3,0.560
74,-1,0.0,79.5,21.1,204.8,0.512
74,-1,0.0,77.6,22.7,50.8,0.463
74,-1,574.5,201.2,12.8,36.6,0.432
74,-1,541.4,190.8,15.2,43.1,0.250
74,-1,553.3,200.7,12.9,38.2,0.241
74,-1,572.1,191.6,17.0,56.8,0.237
74,-1,293.0,185.9,12.0,53.3,0.226
74,-1,0.0,68.3,49.2,405.1,0.185
74,-1,270.2,197.6,17.1,49.2,0.176
74,-1,578.2,197.2,14.1,40.6,0.154
74,-1,290.1,203.9,14.6,53.5,0.148
74,-1,255.3,200.6,31.5,60.6,0.147
74,-1,536.8,190.5,19.8,21.5,0.147
74,-1,583.8,196.1,11.5,42.1,0.092
74,-1,560.4,183.4,22.4,56.1,0.079
74,-1,488.9,187.5,35.5,79.7,0.076
74,-1,277.6,182.1,11.4,42.8,0.069
74,-1,550.1,191.2,22.5,47.5,0.066
74,-1,571.1,184.9,12.9,41.5,0.065
74,-1,294.1,2.0,314.1,226.0,0.053
75,-1,307.6,6.5,299.8,473.3,1.000
75,-1,183.2,7.6,96.3,425.3,0.998
75,-1,2.4,0.4,226.1,477.9,0.998
75,-1,291.8,178.2,29.5,80.7,0.977
75,-1,595.4,192.4,17.7,32.0,0.960
75,-1,0.0,63.6,25.9,379.3,0.942
75,-1,505.3,190.7,23.8,57.7,0.910
75,-1,0.2,76.9,22.9,84.6,0.611
75,-1,0.0,76.6,22.9,189.1,0.572
75,-1,290.2,195.9,17.0,62.2,0.510
75,-1,489.6,186.7,37.3,65.1,0.364
75,-1,553.8,201.0,16.9,30.5,0.311
75,-1,536.6,190.0,20.5,40.3,0.300
75,-1,0.0,49.6,58.5,428.9,0.266
75,-1,303.0,179.1,18.3,61.6,0.188
75,-1,572.9,192.1,13.4,34.7,0.182
75,-1,272.1,197.8,15.6,46.0,0.144
75,-1,556.3,189.8,19.8,38.7,0.120
75,-1,585.3,197.6,11.2,27.5,0.110
75,-1,294.9,178.6,15.6,59.4,0.101
75,-1,577.0,195.9,15.8,31.0,0.097
75,-1,255.4,200.5,29.9,62.0,0.089
75,-1,541.4,189.0,27.8,41.8,0.071
75,-1,2.9,34.3,120.4,437.9,0.069
75,-1,488.0,182.8,22.9,65.0,0.064
75,-1,298.6,179.2,10.1,21.8,0.057
75,-1,539.0,189.1,16.8,21.0,0.053
75,-1,502.9,199.1,15.2,51.4,0.053
75,-1,525.6,190.3,28.0,46.5,0.052
76,-1,306.8,0.8,295.7,479.2,0.999
76,-1,182.7,6.4,98.1,426.4,0.999
76,-1,1.7,2.5,216.6,474.0,0.998
76,-1,291.0,177.3,30.5,82.3,0.952
76,-1,0.1,75.5,25.7,370.5,0.896
76,-1,290.3,190.9,18.3,67.8,0.859
76,-1,302.3,178.1,19.7,64.6,0.855
76,-1,0.0,74.0,21.9,149.0,0.443
76,-1,272.3,194.4,15.9,49.6,0.200
76,-1,0.0,54.9,52.9,420.2,0.155
76,-1,594.5,193.1,22.2,26.0,0.147
76,-1,0.0,77.5,22.9,50.6,0.114
76,-1,256.3,196.1,30.0,67.6,0.089
76,-1,537.6,189.4,19.1,34.9,0.085
76,-1,283.5,1.1,319.4,241.6,0.065
76,-1,0.2,76.0,10.8,239.9,0.055
77,-1,307.2,0.0,264.2,480.0,0.999
77,-1,182.7,6.2,97.9,426.5,0.998
77,-1,2.1,0.5,224.8,477.8,0.998
77,-1,291.3,177.7,30.8,80.6,0.974
77,-1,0.0,65.9,24.3,382.1,0.880
77,-1,0.0,79.7,22.2,190.2,0.628
77,-1,303.4,177.5,20.7,54.6,0.513
77,-1,296.1,178.4,13.6,30.7,0.511
77,-1,289.5,188.0,19.4,69.7,0.510
77,-1,310.0,3.0,289.3,253.3,0.372
77,-1,0.0,74.3,23.4,94.1,0.294
77,-1,273.2,198.4,15.4,33.5,0.212
77,-1,261.6,197.3,25.7,64.9,0.156
77,-1,0.0,60.7,56.4,417.2,0.131
77,-1,0.0,50.2,24.0,80.9,0.103
77,-1,0.1,76.9,12.1,244.2,0.079
78,-1,304.0,0.0,288.7,474.8,0.999
78,-1,1.8,0.0,218.4,478.4,0.998
78,-1,182.8,5.7,95.5,426.3,0.998
78,-1,289.1,177.1,35.4,82.8,0.975
78,-1,0.0,54.5,27.7,425.5,0.829
78,-1,600.5,193.1,20.6,21.8,0.815
78,-1,301.6,177.8,21.7,62.1,0.697
78,-1,271.9,195.9,18.9,50.9,0.662
78,-1,0.0,74.1,23.0,237.0,0.567
78,-1,289.4,189.3,18.4,68.3,0.494
78,-1,0.1,77.5,22.4,114.8,0.435
78,-1,588.0,185.0,15.2,32.7,0.198
78,-1,256.7,194.3,31.5,68.3,0.185
78,-1,295.4,178.1,13.8,31.9,0.159
78,-1,0.0,58.6,59.1,416.0,0.107
78,-1,0.0,55.1,23.8,78.0,0.103
78,-1,570.8,187.9,32.7,31.5,0.094
78,-1,341.8,1.8,252.8,197.8,0.079
78,-1,272.7,200.4,17.2,27.3,0.077
78,-1,292.4,186.2,13.1,46.6,0.051
79,-1,183.1,6.6,94.0,424.9,0.998
79,-1,318.3,0.0,268.2,480.0,0.998
79,-1,1.0,0.2,226.3,478.3,0.998
79,-1,289.4,177.2,35.0,81.6,0.968
79,-1,301.8,177.9,21.1,59.1,0.885
79,-1,0.0,71.8,23.7,366.4,0.876
79,-1,272.0,196.8,18.7,48.9,0.749
79,-1,597.6,166.2,41.6,52.3,0.730
79,-1,289.3,191.0,18.3,66.0,0.638
79,-1,0.1,76.8,21.5,159.3,0.450
79,-1,622.9,168.3,17.1,48.4,0.420
79,-1,253.2,196.5,35.8,66.5,0.343
79,-1,293.8,179.0,15.3,44.3,0.233
79,-1,0.0,73.6,22.9,69.4,0.160
79,-1,333.8,1.2,253.0,242.4,0.140
79,-1,0.0,67.8,53.0,411.3,0.102
79,-1,271.7,190.6,18.8,30.6,0.075
79,-1,340.0,117.4,173.9,361.5,0.074
79,-1,297.4,178.4,12.0,24.1,0.074
79,-1,0.2,73.2,11.4,233.8,0.068
80,-1,308.5,0.0,284.9,480.0,0.998
80,-1,1.9,0.0,224.8,478.6,0.998
80,-1,180.0,6.6,96.7,426.1,0.998
80,-1,300.2,177.8,22.9,48.2,0.946
80,-1,0.1,64.4,22.9,371.3,0.746
80,-1,291.8,179.0,17.9,48.4,0.507
80,-1,597.1,175.3,24.5,36.9,0.435
80,-1,491.2,147.3,71.4,60.8,0.382
80,-1,0.0,79.9,21.5,144.3,0.378
80,-1,271.5,193.2,20.2,49.0,0.373
80,-1,0.0,27.5,42.4,449.7,0.236
80,-1,0.0,74.3,23.5,64.8,0.232
80,-1,341.5,2.3,249.0,192.5,0.098
80,-1,505.4,149.3,55.4,34.6,0.092
80,-1,0.1,75.4,12.5,234.1,0.077
80,-1,260.7,191.1,31.5,67.8,0.063
80,-1,274.7,184.9,16.5,35.8,0.054
81,-1,1.1,0.0,227.9,478.4,0.998
81,-1,183.3,10.6,92.0,422.5,0.997
81,-1,312.0,0.0,269.2,479.3,0.996
81,-1,300.7,177.5,21.5,37.4,0.944
81,-1,0.1,82.0,23.3,346.9,0.907
81,-1,0.1,80.4,21.4,129.8,0.642
81,-1,292.9,179.0,17.4,35.5,0.424
81,-1,270.4,186.2,22.0,33.9,0.348
81,-1,0.0,77.9,22.9,51.9,0.287
81,-1,0.0,53.2,57.4,420.8,0.155
81,-1,296.6,179.5,12.3,24.9,0.100
81,-1,0.3,85.5,9.2,218.8,0.096
81,-1,307.5,1.1,282.5,238.6,0.080
81,-1,0.1,202.8,19.6,264.9,0.060
82,-1,1.2,3.2,220.5,473.1,0.998
82,-1,311.1,0.0,277.1,479.5,0.997
82,-1,180.6,7.7,94.3,426.6,0.997
82,-1,0.0,73.2,27.0,379.7,0.825
82,-1,0.4,80.2,21.7,236.1,0.772
82,-1,302.3,177.4,15.9,23.6,0.715
82,-1,0.0,78.4,22.2,116.6,0.621
82,-1,301.0,177.1,21.0,40.2,0.548
82,-1,294.8,178.9,15.7,29.2,0.319
82,-1,0.1,78.4,22.1,49.9,0.228
82,-1,0.0,66.0,52.8,409.4,0.171
82,-1,343.0,0.5,235.7,277.9,0.086
82,-1,0.2,74.0,12.0,219.2,0.078
83,-1,312.1,0.0,264.0,477.8,0.999
83,-1,186.2,15.7,86.6,413.6,0.998
83,-1,2.0,0.0,223.7,479.3,0.997
83,-1,0.0,69.1,23.5,362.8,0.880
83,-1,0.0,76.0,20.7,128.8,0.541
83,-1,0.1,75.1,21.6,67.4,0.473
83,-1,494.2,149.6,67.8,54.1,0.262
83,-1,527.6,179.6,36.0,25.7,0.215
83,-1,0.0,73.2,17.0,237.9,0.168
83,-1,0.0,77.3,56.3,394.5,0.140
83,-1,557.8,164.2,39.8,39.5,0.107
83,-1,0.7,25.4,112.8,444.3,0.065
83,-1,0.0,127.6,26.0,155.5,0.057
83,-1,320.8,2.2,252.7,248.2,0.054
83,-1,562.5,179.6,26.5,23.9,0.051
84,-1,308.8,0.3,256.1,478.6,1.000
84,-1,181.3,8.2,89.2,424.2,0.998
84,-1,1.3,0.0,228.6,479.1,0.998
84,-1,0.0,70.3,23.8,371.0,0.876
84,-1,0.0,80.9,19.6,201.1,0.749
84,-1,494.9,151.3,62.9,52.9,0.245
84,-1,0.0,76.6,21.6,103.7,0.229
84,-1,0.0,61.0,50.5,414.8,0.180
84,-1,0.0,78.4,19.7,50.0,0.149
84,-1,290.1,174.4,31.2,35.6,0.134
84,-1,1.1,51.0,126.5,398.5,0.068
84,-1,3.7,1.6,177.3,304.6,0.050
85,-1,1.4,0.0,215.2,476.8,0.998
85,-1,180.1,16.3,86.3,413.6,0.998
85,-1,309.7,0.0,278.9,480.0,0.996
85,-1,613.4,192.0,26.5,57.7,0.987
85,-1,0.0,69.9,24.5,372.1,0.898
85,-1,0.0,78.0,21.5,210.1,0.768
85,-1,0.1,77.7,22.0,79.0,0.256
85,-1,0.0,72.8,53.5,402.5,0.193
85,-1,0.8,21.6,114.1,449.2,0.067
85,-1,306.3,1.3,284.8,236.5,0.058
85,-1,631.7,194.8,8.3,52.1,0.056
86,-1,312.5,0.0,276.6,480.0,0.999
86,-1,179.8,18.3,82.6,409.3,0.997
86,-1,1.8,0.0,229.1,479.5,0.995
86,-1,615.6,191.7,24.2,58.3,0.957
86,-1,0.0,77.6,26.4,370.1,0.931
86,-1,548.4,203.3,13.0,36.4,0.909
86,-1,559.6,203.7,14.5,41.0,0.897
86,-1,574.0,202.7,13.7,34.6,0.691
86,-1,0.0,77.5,21.9,208.2,0.486
86,-1,572.6,197.4,18.3,81.2,0.392
86,-1,584.2,200.6,13.0,35.4,0.251
86,-1,0.0,58.6,49.9,416.9,0.202
86,-1,481.9,35.7,34.6,47.2,0.183
86,-1,569.5,204.8,8.5,36.2,0.167
86,-1,0.0,75.6,22.9,83.4,0.156
86,-1,561.3,213.7,9.7,30.3,0.107
86,-1,542.8,195.8,9.9,32.6,0.080
86,-1,528.6,201.0,9.5,29.1,0.075
86,-1,541.2,194.3,16.6,44.0,0.065
86,-1,561.4,202.8,11.6,26.3,0.064
86,-1,569.9,170.6,30.5,107.6,0.050
87,-1,307.7,0.0,288.2,477.3,0.999
87,-1,174.5,16.7,83.1,418.0,0.996
87,-1,0.0,0.1,221.2,477.9,0.996
87,-1,504.4,195.6,24.5,74.4,0.970
87,-1,614.5,192.5,24.9,56.5,0.910
87,-1,546.1,202.5,13.6,36.6,0.898
87,-1,0.0,61.3,21.8,390.2,0.879
87,-1,557.8,198.8,18.1,45.5,0.827
87,-1,0.0,81.1,20.2,172.5,0.620
87,-1,569.5,188.5,23.2,88.2,0.606
87,-1,574.4,201.0,13.5,36.7,0.382
87,-1,0.0,43.8,51.0,430.1,0.250
87,-1,584.2,196.3,12.9,38.8,0.180
87,-1,542.5,200.0,10.1,36.8,0.169
87,-1,496.0,194.4,23.2,67.5,0.131
87,-1,502.7,200.9,12.5,53.4,0.122
87,-1,569.9,188.1,12.7,44.1,0.108
87,-1,559.0,196.9,10.8,39.0,0.101
87,-1,549.1,202.7,10.6,22.6,0.092
87,-1,577.7,198.6,16.9,39.0,0.087
87,-1,525.9,198.8,13.5,36.8,0.087
87,-1,0.0,78.8,19.5,49.1,0.073
87,-1,569.2,202.5,8.7,36.2,0.070
87,-1,175.7,16.7,95.0,227.3,0.057
88,-1,310.5,0.0,282.6,480.0,0.999
88,-1,171.4,18.4,84.6,415.6,0.995
88,-1,0.6,0.0,222.2,477.9,0.993
88,-1,506.5,196.3,23.7,75.7,0.982
88,-1,620.9,191.3,19.0,59.5,0.943
88,-1,0.2,73.8,24.3,382.7,0.903
88,-1,573.9,202.9,13.8,34.6,0.734
88,-1,559.3,200.7,17.6,44.6,0.727
88,-1,546.5,203.3,14.6,35.8,0.701
88,-1,0.0,81.2,22.1,193.6,0.697
88,-1,572.0,199.8,17.9,77.5,0.563
88,-1,496.4,155.7,59.8,116.3,0.542
88,-1,0.1,79.7,22.4,61.9,0.317
88,-1,0.0,54.4,48.0,421.5,0.216
88,-1,563.7,191.9,32.4,85.5,0.166
88,-1,584.3,203.0,13.0,33.4,0.157
88,-1,561.1,219.4,12.3,25.6,0.126
88,-1,543.4,210.7,13.4,28.2,0.110
88,-1,557.6,204.9,13.2,36.1,0.075
89,-1,310.1,0.0,282.9,480.0,0.999
89,-1,3.1,0.8,237.5,477.6,0.998
89,-1,171.8,21.4,83.4,406.3,0.996
89,-1,507.2,196.1,23.1,76.2,0.976
89,-1,0.0,74.1,25.4,362.1,0.931
89,-1,624.3,199.2,15.4,50.7,0.901
89,-1,0.1,87.3,21.0,197.0,0.714
89,-1,546.2,202.8,13.6,35.7,0.709
89,-1,559.8,199.2,18.5,45.3,0.652
89,-1,574.5,202.6,14.6,35.9,0.617
89,-1,493.3,155.7,65.1,117.4,0.583
89,-1,573.7,196.4,22.9,80.9,0.436
89,-1,0.1,80.0,21.8,62.7,0.402
89,-1,496.6,187.7,43.9,84.7,0.278
89,-1,585.7,201.5,12.5,34.8,0.215
89,-1,0.0,77.3,51.0,393.8,0.167
89,-1,555.5,204.4,15.3,36.8,0.101
89,-1,193.3,155.0,62.6,272.6,0.071
89,-1,560.3,202.3,12.0,31.7,0.065
89,-1,568.2,202.8,9.7,35.8,0.058
89,-1,319.6,2.0,271.1,218.7,0.053
89,-1,484.3,35.8,30.6,49.8,0.052
90,-1,306.9,0.0,287.3,480.0,0.999
90,-1,3.4,0.8,232.7,478.9,0.998
90,-1,169.2,18.0,88.0,404.8,0.994
90,-1,507.4,195.0,22.4,76.4,0.984
90,-1,0.5,87.1,21.9,378.9,0.931
90,-1,559.4,200.6,16.9,44.3,0.924
90,-1,545.8,202.4,13.9,36.8,0.866
90,-1,574.5,203.5,13.7,34.9,0.699
90,-1,572.7,197.1,18.4,79.6,0.591
90,-1,0.0,83.0,20.6,158.0,0.495
90,-1,495.1,191.9,30.3,79.8,0.436
90,-1,584.8,202.1,13.4,34.6,0.335
90,-1,495.5,159.3,61.1,113.4,0.280
90,-1,283.0,181.3,24.4,22.1,0.277
90,-1,0.0,77.7,39.1,333.3,0.250
90,-1,561.5,188.0,35.0,88.7,0.249
90,-1,0.3,80.0,21.6,59.7,0.237
90,-1,545.3,189.1,22.1,50.7,0.131
90,-1,567.3,201.7,10.8,40.2,0.119
90,-1,531.9,200.8,13.3,35.9,0.086
90,-1,3.4,44.0,109.3,419.8,0.080
90,-1,281.7,180.3,46.9,23.2,0.061
90,-1,551.2,201.0,14.1,37.5,0.059
91,-1,309.5,0.0,291.0,479.4,1.000
91,-1,3.9,0.8,230.4,478.8,0.998
91,-1,168.4,24.1,88.9,394.3,0.997
91,-1,507.6,196.2,21.9,73.8,0.979
91,-1,0.0,80.7,25.0,377.5,0.958
91,-1,301.5,178.3,23.4,35.0,0.936
91,-1,558.5,200.7,17.2,44.5,0.898
91,-1,544.9,202.7,14.2,36.1,0.834
91,-1,615.4,172.7,24.4,63.1,0.815
91,-1,574.2,202.6,14.4,36.2,0.768
91,-1,0.0,82.6,21.4,186.9,0.717
91,-1,564.6,197.3,32.5,80.8,0.698
91,-1,494.6,156.3,61.3,114.4,0.599
91,-1,585.4,199.9,14.3,35.5,0.427
91,-1,296.7,181.0,11.4,16.5,0.374
91,-1,579.9,202.6,14.9,34.5,0.340
91,-1,608.7,172.4,31.1,118.0,0.303
91,-1,534.2,197.9,12.1,37.6,0.286
91,-1,330.4,173.8,14.0,13.8,0.187
91,-1,617.5,197.5,22.5,27.6,0.160
91,-1,627.2,171.7,12.8,36.0,0.118
91,-1,169.8,24.6,35.3,54.1,0.117
91,-1,567.1,201.3,10.6,42.3,0.109
91,-1,321.2,172.8,21.8,44.5,0.108
91,-1,629.6,172.5,10.3,21.3,0.107
91,-1,2.3,29.5,121.7,417.4,0.077
91,-1,525.5,199.5,12.2,37.2,0.075
91,-1,560.3,200.6,25.8,62.6,0.067
91,-1,0.0,74.7,55.6,405.3,0.059
91,-1,536.3,197.1,10.0,22.7,0.052
92,-1,310.2,0.0,280.8,478.6,0.999
92,-1,2.3,0.6,230.0,478.6,0.998
92,-1,590.8,173.6,48.5,88.0,0.997
92,-1,168.9,21.3,88.8,396.1,0.994
92,-1,507.8,196.5,22.3,74.7,0.988
92,-1,300.6,178.5,24.4,61.8,0.980
92,-1,0.1,61.1,22.9,394.4,0.918
92,-1,558.2,200.7,19.1,40.0,0.916
92,-1,491.9,152.6,68.5,121.2,0.736
92,-1,543.4,203.7,15.1,35.5,0.717
92,-1,0.1,87.2,19.9,182.5,0.698
92,-1,291.8,180.8,15.1,51.3,0.631
92,-1,205.0,92.3,56.8,327.7,0.506
92,-1,294.5,179.2,23.7,76.4,0.494
92,-1,574.9,202.8,14.3,35.3,0.344
92,-1,292.8,180.7,14.9,27.6,0.303
92,-1,545.2,203.4,13.0,21.0,0.183
92,-1,494.6,171.3,37.8,100.4,0.122
92,-1,298.7,180.0,35.3,86.8,0.122
92,-1,0.0,80.3,22.4,86.0,0.102
92,-1,1.8,20.0,120.6,450.5,0.096
92,-1,330.9,173.1,13.4,13.9,0.088
92,-1,0.2,31.2,61.8,443.3,0.088
92,-1,571.0,202.9,12.4,35.6,0.072
92,-1,531.9,199.4,13.4,37.4,0.070
92,-1,169.9,25.3,34.0,52.1,0.069
92,-1,547.7,206.2,17.4,33.3,0.064
92,-1,320.2,190.5,11.0,23.4,0.064
92,-1,558.5,203.5,10.6,35.5,0.057
92,-1,536.2,199.5,8.6,18.3,0.053
93,-1,302.8,0.0,282.8,480.0,0.999
93,-1,2.9,0.9,227.9,478.5,0.996
93,-1,551.0,172.5,73.8,84.2,0.994
93,-1,167.6,18.7,102.8,407.1,0.992
93,-1,267.5,192.6,21.6,57.9,0.986
93,-1,289.4,180.0,20.8,78.9,0.973
93,-1,506.5,195.2,24.2,74.3,0.957
93,-1,300.5,178.5,23.6,68.2,0.954
93,-1,0.0,63.1,26.7,408.4,0.907
93,-1,493.9,154.1,66.2,118.9,0.855
93,-1,0.1,86.7,19.6,182.8,0.673
93,-1,292.4,180.1,15.0,29.1,0.484
93,-1,288.3,181.0,19.4,43.1,0.178
93,-1,167.5,25.8,38.4,52.8,0.178
93,-1,0.1,71.1,57.7,402.4,0.165
93,-1,255.3,205.2,14.3,43.4,0.151
93,-1,261.7,206.1,9.0,29.8,0.144
93,-1,0.0,82.5,22.1,63.8,0.139
93,-1,494.2,152.9,65.5,55.3,0.127
93,-1,207.8,120.7,62.4,309.2,0.125
93,-1,276.0,192.0,17.5,56.9,0.096
93,-1,329.4,172.8,14.9,14.4,0.079
93,-1,1.4,7.2,119.3,465.9,0.054
93,-1,0.1,83.8,5.3,369.6,0.050
94,-1,311.7,0.0,284.4,477.2,1.000
94,-1,2.2,1.1,224.7,477.9,0.998
94,-1,166.9,16.8,105.1,410.7,0.996
94,-1,289.1,180.8,23.5,79.1,0.981
94,-1,267.0,191.8,20.2,58.1,0.977
94,-1,301.8,178.1,23.9,66.4,0.962
94,-1,517.1,172.7,74.3,92.6,0.954
94,-1,0.0,60.7,25.6,387.5,0.880
94,-1,0.0,83.6,22.4,187.2,0.604
94,-1,0.0,82.4,22.4,84.0,0.370
94,-1,497.9,152.4,75.6,109.2,0.307
94,-1,280.4,187.0,23.3,60.4,0.280
94,-1,291.0,181.3,17.1,29.1,0.210
94,-1,331.7,174.4,11.5,11.5,0.205
94,-1,251.5,204.9,16.9,48.6,0.196
94,-1,96.4,13.0,163.0,441.8,0.189
94,-1,494.0,152.7,63.2,63.1,0.182
94,-1,261.0,204.9,12.0,44.1,0.159
94,-1,208.3,95.4,62.9,336.4,0.148
94,-1,261.4,205.7,8.1,24.0,0.146
94,-1,321.2,173.3,21.8,41.8,0.141
94,-1,284.4,181.1,23.7,49.4,0.122
94,-1,320.9,190.1,12.3,24.3,0.118
94,-1,329.7,174.8,13.5,30.9,0.109
94,-1,0.0,72.8,52.0,406.2,0.078
94,-1,296.1,180.8,11.5,20.4,0.077
94,-1,281.3,192.8,13.6,45.8,0.068
94,-1,299.0,176.5,36.2,93.8,0.067
94,-1,330.8,174.7,10.6,19.3,0.060
94,-1,525.8,184.1,49.5,69.0,0.060
94,-1,259.0,196.7,19.9,54.3,0.058
94,-1,546.7,189.7,44.0,74.4,0.055
95,-1,308.3,0.0,283.3,480.0,0.999
95,-1,2.7,1.0,224.5,478.0,0.997
95,-1,171.6,22.7,97.4,409.8,0.996
95,-1,302.9,177.4,23.6,84.9,0.983
95,-1,266.4,191.8,18.2,58.0,0.973
95,-1,288.5,179.4,21.0,80.6,0.967
95,-1,0.0,73.4,28.9,380.6,0.880
95,-1,0.0,88.2,26.3,183.1,0.610
95,-1,0.2,84.5,26.3,54.6,0.433
95,-1,252.4,201.8,14.5,51.6,0.297
95,-1,260.2,203.5,10.9,44.9,0.237
95,-1,292.2,179.2,15.4,45.0,0.229
95,-1,501.2,152.5,56.3,110.0,0.219
95,-1,332.1,172.7,11.8,14.4,0.197
95,-1,511.5,189.2,42.8,47.8,0.193
95,-1,279.7,185.8,20.3,57.4,0.170
95,-1,261.1,204.9,6.7,23.8,0.163
95,-1,296.4,177.6,24.5,63.6,0.161
95,-1,322.2,172.4,21.6,42.0,0.156
95,-1,293.9,180.1,13.6,24.5,0.139
95,-1,0.0,48.4,26.5,76.5,0.134
95,-1,330.5,172.9,12.9,25.8,0.089
95,-1,539.9,190.1,20.4,45.0,0.080
95,-1,0.7,83.7,45.3,218.4,0.069
95,-1,0.0,45.1,60.0,427.9,0.066
95,-1,479.0,35.4,38.9,49.9,0.063
95,-1,0.1,71.2,11.3,229.3,0.053
96,-1,309.3,0.0,285.2,479.2,0.999
96,-1,3.3,0.7,221.1,478.4,0.998
96,-1,170.0,17.7,101.9,412.8,0.997
96,-1,264.4,190.8,16.9,58.8,0.983
96,-1,544.9,198.2,14.1,39.9,0.965
96,-1,302.1,177.5,24.7,65.9,0.961
96,-1,558.3,198.5,18.1,46.0,0.959
96,-1,288.4,180.0,21.8,78.1,0.953
96,-1,0.1,82.1,23.9,388.6,0.946
96,-1,508.5,192.2,22.5,68.3,0.708
96,-1,0.0,89.4,25.6,180.6,0.594
96,-1,511.4,192.3,18.2,41.7,0.556
96,-1,575.9,202.8,12.3,34.7,0.507
96,-1,0.0,82.8,25.5,47.7,0.503
96,-1,569.8,200.7,7.9,34.4,0.467
96,-1,292.9,179.5,15.0,28.0,0.431
96,-1,278.4,184.4,27.0,64.2,0.418
96,-1,292.1,180.5,15.6,53.8,0.381
96,-1,0.0,79.9,54.0,391.6,0.366
96,-1,586.5,207.1,11.3,27.3,0.333
96,-1,278.2,199.5,9.3,47.3,0.309
96,-1,278.2,192.4,16.3,50.6,0.174
96,-1,498.8,191.1,24.2,78.9,0.133
96,-1,493.6,188.9,24.4,46.7,0.106
96,-1,332.5,172.1,11.7,14.7,0.105
96,-1,534.3,197.5,12.4,38.9,0.092
96,-1,517.9,191.4,11.3,25.4,0.086
96,-1,479.3,34.0,36.5,54.4,0.078
96,-1,491.9,153.1,59.6,81.7,0.071
96,-1,3.0,36.0,118.8,416.0,0.071
96,-1,0.0,91.7,4.8,329.3,0.069
96,-1,321.4,189.4,11.4,23.9,0.068
96,-1,0.1,70.8,14.0,226.5,0.060
96,-1,581.1,204.9,15.0,33.2,0.057
97,-1,309.2,0.0,282.9,480.0,0.999
97,-1,175.3,20.7,96.6,415.8,0.998
97,-1,0.4,0.0,218.2,478.0,0.997
97,-1,543.8,202.2,11.8,36.9,0.979
97,-1,300.0,178.2,26.2,71.9,0.975
97,-1,288.7,181.2,24.7,78.0,0.963
97,-1,557.8,200.5,18.7,44.3,0.960
97,-1,260.5,191.5,18.2,59.1,0.952
97,-1,0.0,73.0,31.2,346.7,0.952
97,-1,505.6,196.4,22.3,75.4,0.949
97,-1,278.0,182.3,29.6,69.0,0.549
97,-1,0.0,83.1,27.4,139.6,0.383
97,-1,0.4,83.6,27.5,60.6,0.367
97,-1,575.1,205.0,12.6,32.0,0.349
97,-1,569.2,202.9,8.6,37.1,0.340
97,-1,291.2,180.3,17.1,30.2,0.310
97,-1,492.6,156.9,66.7,116.8,0.303
97,-1,278.4,196.9,14.2,48.7,0.245
97,-1,585.3,205.7,12.2,29.8,0.209
97,-1,332.2,173.5,11.7,14.4,0.175
97,-1,0.0,27.4,63.6,442.0,0.167
97,-1,323.7,173.2,19.9,41.3,0.124
97,-1,530.7,199.9,6.2,15.7,0.110
97,-1,555.6,204.0,10.4,34.6,0.097
97,-1,499.8,184.4,39.1,90.3,0.093
97,-1,578.5,203.3,14.7,34.1,0.085
97,-1,330.1,174.2,13.2,26.4,0.083
97,-1,534.8,197.6,11.5,39.3,0.067
97,-1,277.2,189.1,15.8,36.6,0.062
97,-1,526.4,198.5,12.1,37.3,0.062
97,-1,0.2,76.3,15.2,227.4,0.058
97,-1,551.3,206.0,10.1,30.5,0.057
98,-1,310.5,0.0,281.6,479.4,0.999
98,-1,183.1,14.8,92.9,420.1,0.999
98,-1,1.4,0.0,218.4,476.7,0.999
98,-1,507.6,194.7,23.6,75.2,0.985
98,-1,301.5,178.1,24.6,80.6,0.976
98,-1,543.9,202.4,11.9,37.1,0.976
98,-1,290.1,181.6,22.0,77.0,0.955
98,-1,558.4,199.8,17.8,45.3,0.932
98,-1,0.0,76.3,29.4,378.8,0.889
98,-1,279.0,180.7,28.3,73.2,0.696
98,-1,262.8,190.6,14.8,59.4,0.554
98,-1,0.3,83.3,28.6,55.7,0.484
98,-1,576.2,203.3,13.4,34.4,0.452
98,-1,0.0,87.6,27.2,179.2,0.372
98,-1,571.3,204.8,7.4,33.5,0.365
98,-1,330.4,174.2,14.1,31.3,0.342
98,-1,292.2,179.2,15.8,36.1,0.329
98,-1,333.1,174.1,10.7,15.6,0.299
98,-1,559.7,204.2,9.2,35.9,0.189
98,-1,0.0,26.1,64.1,444.5,0.181
98,-1,496.9,172.1,53.2,97.8,0.151
98,-1,294.6,179.6,13.8,17.8,0.139
98,-1,289.6,202.8,16.1,54.7,0.131
98,-1,586.6,206.6,11.6,28.6,0.113
98,-1,279.1,191.5,18.3,53.7,0.098
98,-1,548.3,203.3,17.0,38.4,0.083
98,-1,565.8,199.2,15.3,42.1,0.080
98,-1,1.3,34.7,120.7,416.3,0.076
98,-1,526.2,208.8,9.3,25.8,0.070
98,-1,0.2,80.4,15.1,215.9,0.066
98,-1,551.8,206.2,9.0,29.8,0.064
98,-1,528.8,200.1,9.1,26.6,0.055
98,-1,278.6,182.6,24.2,41.4,0.053
98,-1,481.1,34.9,33.4,50.9,0.051
99,-1,310.6,0.0,287.2,476.6,0.999
99,-1,185.1,14.7,92.1,419.7,0.999
99,-1,1.3,1.2,218.4,476.1,0.998
99,-1,508.3,192.3,22.0,78.2,0.988
99,-1,301.2,178.2,24.6,81.1,0.973
99,-1,558.4,199.2,17.9,46.4,0.972
99,-1,543.8,202.8,11.7,37.1,0.949
99,-1,0.1,72.5,28.8,367.3,0.935
99,-1,282.0,180.2,27.5,76.3,0.903
99,-1,0.1,82.3,29.4,46.0,0.527
99,-1,495.6,190.9,29.5,80.4,0.526
99,-1,576.0,203.1,12.5,34.9,0.517
99,-1,0.1,83.4,28.9,135.6,0.425
99,-1,291.4,180.5,15.9,44.2,0.366
99,-1,569.8,203.6,8.1,36.2,0.348
99,-1,293.8,179.9,14.6,26.8,0.343
99,-1,329.9,174.2,15.1,30.6,0.320
99,-1,279.8,192.1,19.7,51.2,0.257
99,-1,333.2,174.0,11.4,19.1,0.250
99,-1,585.0,207.1,12.0,28.6,0.249
99,-1,0.0,38.8,50.9,432.4,0.233
99,-1,255.5,228.1,19.1,23.7,0.100
99,-1,0.2,81.1,15.4,211.7,0.082
99,-1,546.4,203.3,17.1,38.3,0.076
99,-1,324.0,190.1,10.1,23.0,0.064
99,-1,0.0,104.7,5.1,306.7,0.063
99,-1,483.0,35.0,31.6,51.3,0.063
99,-1,573.1,202.5,18.6,72.5,0.061
99,-1,295.8,179.9,11.7,16.5,0.058
99,-1,303.4,178.1,20.6,45.4,0.058
99,-1,186.2,21.1,89.2,213.4,0.054
99,-1,290.0,200.2,17.1,57.4,0.053
99,-1,498.6,159.4,62.4,112.8,0.053
99,-1,566.9,199.0,20.2,42.4,0.052
100,-1,187.0,13.0,91.7,417.8,0.999
100,-1,311.3,0.0,281.8,480.0,0.999
100,-1,0.3,0.0,218.3,478.4,0.998
100,-1,300.7,178.6,24.9,82.3,0.985
100,-1,500.1,191.5,28.0,78.0,0.981
100,-1,557.2,198.8,19.2,46.2,0.977
100,-1,543.4,200.0,11.6,39.3,0.959
100,-1,0.0,80.2,28.3,364.2,0.930
100,-1,290.1,180.5,22.2,78.8,0.926
100,-1,575.2,203.5,13.0,34.4,0.574
100,-1,279.2,183.6,25.6,71.5,0.574
100,-1,0.3,82.6,28.1,78.3,0.558
100,-1,586.3,204.2,12.5,30.7,0.529
100,-1,329.7,173.6,14.7,32.7,0.457
100,-1,0.0,83.9,28.1,151.7,0.457
100,-1,332.9,173.0,11.8,17.9,0.362
100,-1,291.3,180.4,15.6,49.6,0.354
100,-1,569.1,201.7,8.5,38.1,0.318
100,-1,0.0,20.1,62.8,454.6,0.258
100,-1,581.8,205.4,13.5,31.1,0.218
100,-1,279.1,191.1,15.5,53.0,0.200
100,-1,292.7,180.0,14.6,25.9,0.174
100,-1,526.5,200.1,12.2,35.6,0.134
100,-1,323.1,190.5,10.7,24.4,0.118
100,-1,533.0,202.2,11.1,34.1,0.101
100,-1,247.4,71.3,35.2,179.8,0.096
100,-1,0.3,79.5,14.7,216.3,0.093
100,-1,572.2,197.9,19.2,78.5,0.087
100,-1,1.1,31.8,121.2,428.0,0.080
100,-1,245.6,75.4,32.6,88.1,0.073
100,-1,571.4,202.8,9.9,35.3,0.067
100,-1,550.9,199.3,19.0,43.6,0.062
100,-1,295.6,179.7,11.1,15.1,0.055
101,-1,186.9,11.2,96.4,418.3,0.999
101,-1,311.4,0.0,283.6,479.7,0.999
101,-1,1.5,0.2,217.6,477.3,0.998
101,-1,506.8,195.0,24.8,75.3,0.975
101,-1,302.5,178.1,24.2,82.3,0.970
101,-1,557.0,198.3,19.4,47.5,0.964
101,-1,542.3,200.8,11.8,37.6,0.956
101,-1,0.2,82.9,24.2,389.3,0.956
101,-1,286.5,180.4,22.4,77.7,0.948
101,-1,0.2,81.7,27.9,211.1,0.791
101,-1,0.3,83.8,28.3,82.5,0.572
101,-1,321.6,175.5,22.2,42.7,0.555
101,-1,575.0,203.0,13.1,34.6,0.547
101,-1,292.0,179.4,16.3,29.6,0.534
101,-1,494.6,156.5,66.5,114.3,0.469
101,-1,279.7,185.7,24.1,61.4,0.408
101,-1,331.4,175.1,13.4,26.5,0.331
101,-1,569.7,203.4,8.3,36.9,0.261
101,-1,588.2,201.9,12.5,31.6,0.216
101,-1,0.4,78.7,55.9,389.8,0.179
101,-1,543.9,201.5,9.6,18.9,0.123
101,-1,531.2,200.5,11.6,35.0,0.106
101,-1,304.7,176.9,23.8,47.8,0.099
101,-1,296.8,180.1,11.6,19.5,0.086
101,-1,525.1,206.7,10.7,28.6,0.075
101,-1,572.2,201.3,16.8,75.7,0.071
101,-1,0.0,95.6,5.2,343.8,0.061
101,-1,573.6,196.6,12.4,31.3,0.060
101,-1,530.1,200.5,8.3,25.1,0.058
101,-1,584.0,196.4,10.4,34.1,0.054
101,-1,568.1,185.7,29.3,91.8,0.052
102,-1,188.5,11.6,94.9,417.4,0.999
102,-1,313.1,0.0,273.0,480.0,0.999
102,-1,1.1,0.0,218.3,476.8,0.998
102,-1,507.2,195.4,23.3,75.1,0.980
102,-1,542.3,199.8,11.7,39.6,0.945
102,-1,0.0,80.2,29.7,360.1,0.933
102,-1,556.2,198.5,19.8,47.0,0.928
102,-1,301.2,178.0,38.4,46.8,0.909
102,-1,280.2,180.4,27.6,49.0,0.895
102,-1,298.9,179.2,43.3,88.5,0.798
102,-1,569.6,202.9,8.0,36.1,0.559
102,-1,575.2,203.0,13.9,34.4,0.554
102,-1,332.9,172.6,12.1,16.8,0.468
102,-1,0.1,80.1,28.5,138.2,0.444
102,-1,301.8,178.7,17.2,33.8,0.427
102,-1,0.2,80.6,29.0,44.6,0.422
102,-1,585.4,204.6,12.2,31.1,0.338
102,-1,293.2,180.0,15.3,29.7,0.271
102,-1,282.9,178.9,39.1,61.2,0.251
102,-1,495.4,159.7,63.0,111.9,0.217
102,-1,529.0,201.3,12.1,33.5,0.159
102,-1,0.0,19.1,66.8,456.5,0.150
102,-1,0.2,83.5,16.1,214.0,0.124
102,-1,571.8,197.1,20.1,79.6,0.111
102,-1,552.7,203.3,16.7,40.3,0.109
102,-1,530.0,200.1,7.8,22.4,0.096
102,-1,296.6,180.0,18.1,37.6,0.093
102,-1,557.5,203.5,10.6,25.2,0.089
102,-1,543.2,200.9,10.3,20.2,0.084
102,-1,1.4,29.7,124.3,416.2,0.076
102,-1,294.2,179.6,14.0,16.6,0.074
102,-1,525.4,207.1,10.6,28.1,0.068
103,-1,188.5,11.4,96.2,417.6,0.999
103,-1,317.1,0.0,277.7,480.0,0.999
103,-1,1.5,0.0,221.5,473.1,0.998
103,-1,508.7,192.5,21.4,77.4,0.980
103,-1,555.7,197.3,20.5,48.2,0.959
103,-1,541.4,199.9,12.7,39.9,0.951
103,-1,0.0,80.4,30.9,356.1,0.948
103,-1,280.0,178.2,50.8,68.6,0.921
103,-1,306.7,176.9,21.3,26.6,0.715
103,-1,280.5,177.1,24.9,42.7,0.714
103,-1,575.4,202.8,13.1,35.0,0.576
103,-1,289.0,180.9,42.0,41.0,0.572
103,-1,0.0,85.0,28.3,179.1,0.534
103,-1,329.9,173.7,13.7,34.4,0.525
103,-1,497.6,158.2,58.4,111.4,0.477
103,-1,332.4,173.6,11.2,14.1,0.454
103,-1,307.1,177.5,12.2,18.5,0.426
103,-1,302.7,178.1,29.4,61.8,0.370
103,-1,290.6,178.1,51.5,99.3,0.353
103,-1,0.1,81.1,29.3,93.0,0.299
103,-1,569.2,201.2,8.8,38.4,0.298
103,-1,0.0,21.9,63.4,449.7,0.261
103,-1,572.9,202.7,18.1,54.1,0.205
103,-1,289.6,176.9,16.5,15.6,0.135
103,-1,568.6,180.9,30.6,97.2,0.120
103,-1,323.5,172.3,21.3,25.2,0.117
103,-1,567.2,197.6,16.4,43.2,0.087
103,-1,552.4,202.7,16.0,38.6,0.084
103,-1,0.2,78.7,13.1,219.6,0.084
103,-1,580.6,200.9,14.9,35.5,0.073
103,-1,321.1,189.9,11.4,18.5,0.071
103,-1,474.2,35.0,41.4,46.3,0.068
103,-1,246.2,73.3,17.6,19.6,0.060
103,-1,0.0,94.9,5.4,335.3,0.057
104,-1,316.9,0.0,280.9,476.9,0.999
104,-1,190.2,10.8,93.3,420.0,0.999
104,-1,1.0,0.0,218.5,476.0,0.997
104,-1,508.3,191.8,21.9,78.3,0.976
104,-1,0.0,76.6,29.4,370.1,0.967
104,-1,303.5,177.7,20.3,44.3,0.956
104,-1,541.4,200.1,12.9,39.8,0.926
104,-1,556.3,197.7,18.9,47.8,0.918
104,-1,295.1,179.8,12.3,19.5,0.821
104,-1,276.4,180.2,39.4,68.6,0.785
104,-1,575.6,203.4,13.6,33.3,0.639
104,-1,327.6,174.5,15.3,36.7,0.596
104,-1,299.9,178.7,25.6,82.2,0.502
104,-1,0.1,80.9,28.2,146.7,0.482
104,-1,295.8,181.2,20.4,40.9,0.413
104,-1,331.5,174.1,10.7,14.2,0.381
104,-1,277.4,186.5,37.9,35.4,0.296
104,-1,500.1,162.5,54.9,107.6,0.295
104,-1,557.4,203.6,11.2,34.0,0.279
104,-1,0.0,81.4,28.7,57.2,0.260
104,-1,569.3,203.2,8.4,36.5,0.248
104,-1,331.3,173.4,13.3,26.4,0.226
104,-1,0.0,56.8,58.2,418.8,0.207
104,-1,586.8,207.7,12.0,28.3,0.194
104,-1,275.8,177.4,13.6,14.0,0.169
104,-1,264.7,176.5,23.2,84.0,0.148
104,-1,276.0,178.2,20.9,31.7,0.132
104,-1,573.1,204.7,18.8,47.7,0.127
104,-1,321.1,189.1,12.2,27.2,0.115
104,-1,318.8,174.3,25.1,50.1,0.109
104,-1,547.6,204.0,20.8,36.4,0.079
104,-1,570.0,192.0,17.8,46.4,0.070
104,-1,573.2,198.1,12.4,29.2,0.070
104,-1,481.2,34.7,33.7,51.0,0.069
104,-1,542.5,201.4,11.4,21.9,0.065
104,-1,324.0,183.5,13.7,32.5,0.065
104,-1,0.2,77.9,15.8,226.0,0.064
104,-1,269.5,180.9,28.4,72.9,0.063
104,-1,563.8,181.8,33.0,95.0,0.063
104,-1,584.2,195.4,10.7,38.5,0.058
104,-1,302.3,176.0,39.8,93.0,0.055
105,-1,188.8,11.3,94.0,420.7,0.999
105,-1,314.7,0.0,280.7,475.4,0.999
105,-1,0.2,0.0,219.4,475.1,0.997
105,-1,301.0,178.7,23.9,82.8,0.992
105,-1,508.7,193.7,22.0,76.4,0.983
105,-1,0.1,86.0,24.0,383.7,0.944
105,-1,540.7,201.4,13.5,38.5,0.934
105,-1,556.8,204.0,14.3,42.1,0.806
105,-1,575.4,203.5,13.0,33.9,0.804
105,-1,290.5,178.2,17.8,42.8,0.714
105,-1,286.7,180.7,22.4,71.9,0.657
105,-1,0.0,85.4,24.8,170.8,0.538
105,-1,329.8,173.5,14.4,34.3,0.482
105,-1,294.8,179.2,13.7,24.4,0.392
105,-1,569.0,204.2,8.9,33.9,0.383
105,-1,557.3,204.0,10.5,21.6,0.363
105,-1,277.9,185.8,20.6,38.1,0.357
105,-1,277.0,185.7,23.8,67.2,0.329
105,-1,542.1,203.5,11.1,22.6,0.258
105,-1,332.5,172.6,12.4,18.7,0.249
105,-1,0.2,83.4,25.6,55.5,0.238
105,-1,586.4,211.8,11.4,24.8,0.211
105,-1,321.4,189.7,12.5,30.6,0.161
105,-1,0.0,21.4,64.1,455.6,0.144
105,-1,499.2,175.3,40.4,94.9,0.142
105,-1,563.4,202.2,13.6,39.2,0.122
105,-1,497.3,149.4,66.0,123.7,0.092
105,-1,0.0,74.1,40.5,293.7,0.089
105,-1,0.3,84.6,13.7,225.7,0.083
105,-1,569.9,193.1,22.3,45.2,0.074
105,-1,562.7,184.0,33.7,91.7,0.070
105,-1,543.4,206.5,21.1,35.2,0.069
105,-1,553.6,205.1,12.8,30.6,0.065
105,-1,573.2,202.3,17.8,71.0,0.064
105,-1,322.2,174.2,21.4,50.8,0.063
105,-1,246.5,73.5,17.1,18.7,0.060
105,-1,480.6,34.6,34.5,51.7,0.056
105,-1,581.4,202.7,16.5,35.1,0.052
105,-1,264.6,188.0,29.5,71.1,0.052
106,-1,188.8,9.9,91.5,421.7,0.999
106,-1,311.8,0.0,284.6,480.0,0.999
106,-1,0.0,0.0,221.4,476.2,0.998
106,-1,301.8,178.0,23.9,84.2,0.982
106,-1,507.5,191.7,22.0,78.6,0.977
106,-1,540.2,200.7,14.0,39.2,0.970
106,-1,279.4,180.1,28.3,75.7,0.922
106,-1,0.0,67.9,25.5,400.3,0.806
106,-1,553.0,202.4,18.4,43.0,0.763
106,-1,575.7,203.4,12.8,34.0,0.742
106,-1,555.0,204.3,12.4,30.2,0.517
106,-1,0.1,84.3,21.0,163.7,0.460
106,-1,568.3,202.9,8.9,33.6,0.460
106,-1,290.3,194.7,16.0,62.4,0.379
106,-1,329.8,174.7,13.6,31.9,0.375
106,-1,546.2,203.7,18.0,36.5,0.284
106,-1,332.3,174.7,10.8,13.7,0.222
106,-1,295.0,179.7,13.3,25.8,0.197
106,-1,293.3,180.0,15.0,47.1,0.170
106,-1,586.6,206.2,11.3,29.4,0.162
106,-1,501.4,179.0,37.8,91.7,0.124
106,-1,322.7,174.3,21.0,51.3,0.098
106,-1,322.7,189.3,10.7,31.0,0.092
106,-1,526.5,209.5,9.6,25.4,0.087
106,-1,563.7,186.0,33.2,91.3,0.078
106,-1,499.0,154.4,70.2,119.0,0.066
106,-1,560.1,203.8,18.5,36.4,0.065
106,-1,0.3,31.2,58.0,434.6,0.058
106,-1,572.8,199.8,18.0,77.1,0.056
106,-1,278.9,186.1,18.8,37.6,0.052
106,-1,0.3,83.1,23.3,61.0,0.051
107,-1,312.3,0.0,290.2,477.9,0.999
107,-1,188.9,10.0,90.7,421.9,0.999
107,-1,2.4,0.0,222.2,474.2,0.997
107,-1,300.9,178.7,23.3,83.3,0.991
107,-1,541.1,201.9,12.7,38.2,0.975
107,-1,506.2,192.9,23.2,76.1,0.953
107,-1,285.0,179.9,24.0,78.8,0.938
107,-1,553.4,201.1,19.7,43.9,0.858
107,-1,0.5,70.7,19.7,404.8,0.775
107,-1,575.4,204.0,12.6,34.0,0.750
107,-1,566.8,203.4,10.4,36.9,0.585
107,-1,325.2,170.1,21.9,43.7,0.310
107,-1,0.0,74.5,21.3,179.9,0.303
107,-1,499.1,150.2,71.6,119.1,0.300
107,-1,332.3,172.8,13.3,15.4,0.251
107,-1,294.7,180.7,13.6,37.5,0.191
107,-1,555.0,203.5,11.4,25.2,0.170
107,-1,569.0,193.8,17.8,43.8,0.164
107,-1,330.1,173.4,14.9,27.8,0.164
107,-1,585.8,207.2,11.4,28.4,0.136
107,-1,499.1,168.7,39.1,102.4,0.109
107,-1,324.9,189.3,9.8,28.6,0.109
107,-1,0.0,77.6,21.8,81.3,0.107
107,-1,558.2,199.0,11.2,28.4,0.106
107,-1,0.0,26.4,53.7,446.8,0.100
107,-1,525.9,207.3,10.1,27.7,0.099
107,-1,295.3,179.6,13.7,15.6,0.098
107,-1,0.0,86.2,5.0,342.6,0.092
107,-1,278.3,182.7,21.1,62.6,0.092
107,-1,549.7,204.4,14.6,36.3,0.089
107,-1,572.7,200.6,16.7,73.2,0.084
107,-1,246.6,73.8,17.1,18.6,0.074
107,-1,499.9,150.8,69.2,61.0,0.066
107,-1,563.7,170.0,34.0,106.5,0.065
107,-1,0.1,61.3,13.0,254.3,0.059
107,-1,320.2,175.4,22.6,52.8,0.052
108,-1,315.6,0.0,288.2,480.0,0.999
108,-1,189.4,10.6,90.8,422.6,0.999
108,-1,1.2,0.0,221.7,478.2,0.998
108,-1,300.4,178.3,24.0,84.1,0.992
108,-1,511.9,195.8,20.3,76.3,0.982
108,-1,540.7,199.5,13.1,40.8,0.982
108,-1,284.5,179.9,24.4,77.5,0.923
108,-1,575.9,203.4,12.3,34.1,0.802
108,-1,553.1,200.0,18.0,45.5,0.799
108,-1,278.6,183.8,21.8,62.8,0.723
108,-1,567.8,201.0,10.5,38.8,0.680
108,-1,0.1,86.9,25.1,375.8,0.664
108,-1,0.0,39.9,22.7,271.3,0.420
108,-1,0.1,77.4,21.1,144.3,0.409
108,-1,561.8,198.3,8.8,39.5,0.366
108,-1,327.1,175.1,13.6,34.0,0.345
108,-1,527.3,201.4,11.6,33.9,0.335
108,-1,554.3,203.5,10.8,31.0,0.300
108,-1,332.4,174.3,10.2,12.5,0.219
108,-1,295.8,179.9,13.0,26.2,0.217
108,-1,531.9,200.1,11.0,36.1,0.168
108,-1,0.0,36.9,48.0,435.8,0.141
108,-1,586.3,200.0,13.0,34.7,0.132
108,-1,502.4,154.2,65.7,116.9,0.129
108,-1,291.0,180.0,17.9,50.9,0.125
108,-1,557.7,199.6,10.2,28.7,0.115
108,-1,331.7,174.7,12.3,31.2,0.097
108,-1,496.7,186.4,31.7,84.5,0.097
108,-1,290.2,198.9,16.0,59.0,0.089
108,-1,0.3,80.5,22.7,61.5,0.085
108,-1,246.7,74.0,17.3,18.7,0.075
108,-1,533.7,199.0,15.3,39.9,0.074
108,-1,0.0,51.5,7.7,261.7,0.073
108,-1,525.9,207.2,8.7,28.6,0.067
108,-1,508.0,193.3,22.4,45.3,0.062
108,-1,483.6,36.4,36.6,47.3,0.053
109,-1,315.5,0.0,291.5,480.0,0.999
109,-1,187.5,9.7,93.2,422.1,0.999
109,-1,0.4,0.0,224.3,479.7,0.999
109,-1,299.9,177.7,25.5,83.8,0.991
109,-1,288.1,181.4,20.3,76.6,0.942
109,-1,540.4,198.3,13.2,37.2,0.896
109,-1,508.6,191.7,21.0,61.1,0.846
109,-1,278.8,185.2,25.5,64.9,0.566
109,-1,0.0,49.8,24.2,414.7,0.314
109,-1,554.0,203.8,11.0,22.1,0.267
109,-1,292.8,180.3,14.7,39.1,0.199
109,-1,553.1,196.3,19.4,36.6,0.141
109,-1,497.0,183.6,29.5,73.0,0.140
109,-1,294.3,179.6,13.8,16.5,0.103
109,-1,332.5,173.9,10.7,12.6,0.091
109,-1,565.0,199.3,12.6,28.7,0.088
109,-1,1.3,37.0,68.9,434.7,0.068
109,-1,498.9,186.3,14.9,32.3,0.068
109,-1,0.1,76.1,22.2,123.0,0.068
109,-1,246.4,73.3,17.3,19.6,0.067
109,-1,548.7,203.0,17.8,32.9,0.064
109,-1,537.2,199.9,11.6,35.8,0.058
109,-1,497.1,184.5,19.0,50.9,0.057
109,-1,0.0,81.5,5.0,339.1,0.056
110,-1,187.8,10.6,95.1,421.4,0.999
110,-1,311.9,0.0,293.5,480.0,0.999
110,-1,0.2,0.0,223.8,479.1,0.998
110,-1,298.8,177.8,27.4,83.8,0.992
110,-1,288.5,180.4,21.4,78.1,0.873
110,-1,279.5,184.6,21.5,63.6,0.326
110,-1,0.4,74.7,23.1,399.7,0.314
110,-1,295.4,180.0,14.0,28.1,0.141
110,-1,0.1,78.7,16.6,141.4,0.086
110,-1,0.0,30.0,24.4,239.6,0.064
110,-1,246.3,72.6,17.6,19.2,0.057
110,-1,0.0,65.2,11.0,215.8,0.056
110,-1,278.6,191.8,15.4,42.9,0.053
111,-1,313.1,0.6,288.3,479.3,0.999
111,-1,188.2,15.6,94.0,414.5,0.999
111,-1,0.5,0.0,223.1,479.1,0.998
111,-1,299.7,178.1,26.4,83.2,0.983
111,-1,289.2,180.2,25.5,80.0,0.926
111,-1,0.0,40.6,17.7,436.2,0.618
111,-1,289.3,201.6,17.3,56.3,0.501
111,-1,0.0,81.9,18.2,125.1,0.431
111,-1,279.7,185.2,22.7,66.7,0.338
111,-1,279.1,194.6,14.4,46.6,0.269
111,-1,0.0,81.6,37.6,385.6,0.243
111,-1,0.2,84.0,20.8,59.5,0.159
111,-1,0.0,67.5,11.9,240.5,0.098
111,-1,293.9,180.2,13.2,26.1,0.092
111,-1,290.1,179.1,18.3,45.3,0.091
111,-1,330.7,1.5,263.3,258.2,0.088
111,-1,595.4,194.1,44.2,25.8,0.084
111,-1,246.3,73.5,17.7,19.1,0.056
112,-1,185.4,7.9,101.9,423.7,0.999
112,-1,318.0,0.0,278.7,480.0,0.999
112,-1,0.8,0.0,222.2,479.1,0.998
112,-1,556.4,150.6,82.7,70.2,0.991
112,-1,294.2,177.6,29.0,82.6,0.963
112,-1,0.5,85.7,19.6,387.9,0.751
112,-1,510.9,141.8,112.5,77.8,0.603
112,-1,604.4,154.6,35.4,55.6,0.474
112,-1,285.1,182.0,24.2,74.5,0.445
112,-1,499.6,145.1,74.4,69.0,0.402
112,-1,0.1,82.1,20.0,132.4,0.354
112,-1,279.6,186.1,20.1,62.2,0.226
112,-1,562.3,161.3,43.7,50.3,0.212
112,-1,0.2,83.7,20.9,64.4,0.190
112,-1,578.0,161.5,45.8,48.3,0.188
112,-1,521.3,146.6,48.5,36.5,0.144
112,-1,0.0,73.4,13.5,220.8,0.121
112,-1,300.5,177.7,23.3,46.9,0.111
112,-1,351.7,121.5,170.8,355.7,0.075
112,-1,0.0,81.9,36.4,297.6,0.072
112,-1,522.6,176.5,59.9,40.1,0.058
112,-1,279.8,190.1,16.4,34.2,0.053
113,-1,312.9,0.1,280.3,467.4,0.999
113,-1,182.9,10.4,101.5,421.9,0.999
113,-1,0.1,0.0,223.1,479.1,0.998
113,-1,496.1,145.8,69.7,71.3,0.968
113,-1,297.9,178.2,26.3,46.8,0.952
113,-1,0.0,42.8,22.1,416.9,0.460
113,-1,0.0,82.3,19.1,117.6,0.333
113,-1,288.5,180.0,22.2,50.4,0.326
113,-1,292.2,180.1,15.9,30.0,0.206
113,-1,279.7,185.1,22.6,48.4,0.204
113,-1,295.4,179.6,13.7,20.0,0.114
113,-1,503.7,145.1,63.7,36.2,0.075
113,-1,246.7,73.5,17.2,18.9,0.073
113,-1,0.0,21.0,52.8,454.8,0.070
113,-1,0.0,68.2,11.1,225.5,0.067
113,-1,0.3,84.5,18.9,44.0,0.064
113,-1,480.0,34.9,38.4,48.4,0.054
114,-1,186.6,17.1,96.5,414.2,0.999
114,-1,308.9,0.0,289.6,477.4,0.999
114,-1,0.0,0.0,218.6,476.8,0.998
114,-1,296.4,178.4,23.6,29.2,0.914
114,-1,282.2,178.7,35.6,38.3,0.417
114,-1,0.0,15.0,22.8,431.7,0.345
114,-1,568.7,163.6,45.6,42.7,0.272
114,-1,0.0,76.3,15.4,160.1,0.189
114,-1,303.8,177.6,17.7,23.1,0.168
114,-1,293.5,179.6,15.9,28.1,0.101
114,-1,0.0,62.3,10.2,238.0,0.064
115,-1,187.4,18.2,96.0,414.6,0.999
115,-1,305.3,0.0,285.1,480.0,0.999
115,-1,0.3,3.9,218.9,472.8,0.998
115,-1,0.1,81.6,16.1,123.5,0.379
115,-1,0.0,66.3,19.4,227.8,0.358
115,-1,0.0,31.3,14.9,426.4,0.324
115,-1,96.2,6.5,172.3,455.8,0.291
115,-1,0.0,61.5,34.5,398.9,0.115
115,-1,303.0,1.3,280.3,216.3,0.094
115,-1,0.2,84.8,16.3,46.3,0.065
115,-1,0.0,100.2,9.5,97.2,0.064
115,-1,0.0,47.0,8.8,204.2,0.062
115,-1,564.1,151.0,42.7,50.8,0.052
115,-1,495.8,150.2,67.9,54.5,0.050
116,-1,305.3,0.0,288.3,476.7,0.999
116,-1,189.0,16.6,96.1,415.7,0.999
116,-1,1.0,0.0,218.7,476.8,0.998
116,-1,0.0,5.6,16.3,459.0,0.220
116,-1,285.8,167.6,47.9,43.5,0.154
116,-1,0.0,64.6,14.6,178.5,0.134
116,-1,296.0,167.6,24.5,30.9,0.126
116,-1,0.1,23.0,20.8,264.3,0.120
116,-1,0.0,81.3,30.2,366.3,0.097
116,-1,0.0,59.0,21.5,119.2,0.060
117,-1,189.8,17.4,97.1,414.6,0.999
117,-1,304.2,0.0,276.4,480.0,0.999
117,-1,1.1,0.0,220.8,476.3,0.996
117,-1,0.1,88.4,22.3,373.5,0.222
117,-1,0.0,76.8,13.7,164.4,0.182
117,-1,0.0,16.1,22.7,273.7,0.097
117,-1,0.0,63.6,20.7,135.3,0.068
118,-1,322.3,0.0,273.2,480.0,1.000
118,-1,191.2,18.0,96.8,414.5,0.999
118,-1,0.0,0.0,224.9,479.9,0.995
118,-1,556.4,196.9,11.0,49.2,0.940
118,-1,549.8,196.5,23.8,50.0,0.932
118,-1,576.1,204.2,13.1,33.7,0.881
118,-1,549.0,198.9,12.7,47.1,0.698
118,-1,563.9,201.0,13.9,39.5,0.675
118,-1,0.0,31.4,20.5,448.6,0.359
118,-1,540.3,190.7,15.8,49.7,0.211
118,-1,0.1,83.8,17.1,154.3,0.182
118,-1,0.2,78.8,23.1,68.2,0.122
118,-1,541.4,204.8,10.8,37.2,0.106
118,-1,246.8,72.7,17.9,17.3,0.080
118,-1,538.2,198.6,11.4,39.8,0.077
118,-1,0.0,81.8,9.9,225.3,0.076
118,-1,586.3,206.8,10.4,28.7,0.075
118,-1,573.0,201.8,18.2,64.8,0.072
118,-1,0.0,75.7,39.8,327.5,0.064
118,-1,549.7,201.3,10.2,27.4,0.063
118,-1,302.1,0.8,279.9,219.6,0.061
118,-1,0.2,46.2,23.8,159.5,0.059
118,-1,494.0,152.5,64.5,60.3,0.055
118,-1,0.1,146.4,56.4,333.6,0.052
119,-1,195.2,18.0,94.0,414.8,0.999
119,-1,304.4,0.0,285.7,480.0,0.998
119,-1,0.0,0.0,227.6,479.9,0.997
119,-1,534.3,200.2,13.5,40.4,0.980
119,-1,500.3,196.3,27.4,75.6,0.973
119,-1,548.6,197.7,20.7,49.3,0.973
119,-1,576.0,203.7,12.8,34.0,0.847
119,-1,565.5,201.7,11.4,39.3,0.709
119,-1,0.0,42.1,21.9,436.2,0.606
119,-1,498.8,203.1,13.9,61.9,0.371
119,-1,0.1,78.3,22.2,120.7,0.320
119,-1,557.2,199.7,16.5,44.0,0.242
119,-1,0.3,77.5,23.6,64.3,0.179
119,-1,548.4,204.5,9.3,36.9,0.166
119,-1,246.5,71.8,18.0,17.4,0.155
119,-1,546.2,211.4,15.6,35.9,0.146
119,-1,0.0,78.7,36.3,306.3,0.131
119,-1,3.6,66.9,90.1,404.1,0.081
119,-1,0.0,78.6,14.6,221.6,0.078
119,-1,545.1,219.3,8.1,22.2,0.077
119,-1,590.5,214.7,6.1,20.7,0.077
119,-1,0.0,154.6,50.4,325.4,0.076
119,-1,573.5,202.7,16.2,68.8,0.064
120,-1,0.1,0.0,224.8,477.6,0.999
120,-1,193.1,14.7,96.7,415.1,0.999
120,-1,303.6,0.0,287.5,480.0,0.998
120,-1,548.4,195.7,19.6,51.2,0.987
120,-1,499.9,196.4,27.5,75.5,0.982
120,-1,536.1,199.6,13.0,42.2,0.962
120,-1,564.9,202.8,13.1,38.1,0.863
120,-1,576.1,204.3,12.5,33.3,0.750
120,-1,0.0,14.1,30.5,460.8,0.675
120,-1,0.0,64.0,23.3,272.9,0.327
120,-1,0.1,76.3,22.7,138.6,0.288
120,-1,498.9,201.2,14.0,63.4,0.191
120,-1,247.0,72.4,17.5,16.9,0.147
120,-1,540.2,197.5,12.5,41.1,0.113
120,-1,544.8,199.3,12.3,44.1,0.107
120,-1,495.6,176.3,45.1,95.6,0.091
120,-1,0.1,74.2,13.1,226.6,0.089
120,-1,315.6,127.2,191.8,351.2,0.080
120,-1,0.4,75.4,23.3,61.6,0.077
120,-1,490.1,192.0,20.5,73.9,0.056
121,-1,305.4,0.0,286.9,480.0,0.999
121,-1,195.9,14.5,90.4,419.2,0.998
121,-1,4.8,0.0,230.3,479.0,0.997
121,-1,500.5,196.2,27.5,75.6,0.987
121,-1,549.1,196.6,17.4,50.8,0.931
121,-1,535.6,199.8,14.1,41.2,0.922
121,-1,564.4,202.7,13.4,37.7,0.838
121,-1,575.5,205.2,12.0,32.4,0.685
121,-1,0.0,75.4,23.2,248.1,0.596
121,-1,0.0,25.0,28.2,450.9,0.526
121,-1,0.0,81.0,23.3,121.5,0.311
121,-1,0.1,78.3,24.5,62.0,0.253
121,-1,542.0,198.5,13.3,42.5,0.233
121,-1,554.3,199.4,19.1,43.8,0.170
121,-1,246.5,72.4,18.2,17.9,0.132
121,-1,545.7,197.6,14.7,45.4,0.113
121,-1,499.6,203.9,13.4,55.7,0.098
121,-1,322.7,106.1,184.7,372.7,0.079
121,-1,0.0,33.9,60.2,441.7,0.051
122,-1,306.7,0.0,288.2,479.9,0.999
122,-1,199.1,14.8,87.6,416.2,0.998
122,-1,3.4,0.1,237.2,479.5,0.996
122,-1,499.5,195.1,29.4,76.6,0.987
122,-1,547.6,196.0,18.9,50.6,0.964
122,-1,565.0,205.7,12.4,35.6,0.941
122,-1,535.9,197.1,14.9,44.1,0.881
122,-1,575.6,204.2,12.0,33.8,0.829
122,-1,0.6,35.1,34.2,437.9,0.736
122,-1,0.0,68.0,22.9,270.2,0.457
122,-1,286.2,167.0,23.8,31.3,0.352
122,-1,0.0,77.4,23.2,65.0,0.289
122,-1,558.9,199.0,16.7,42.5,0.225
122,-1,0.1,79.1,21.8,135.1,0.210
122,-1,246.3,71.9,18.8,18.8,0.173
122,-1,2.7,10.6,103.9,467.7,0.146
122,-1,554.3,197.8,12.6,35.4,0.144
122,-1,548.2,219.2,13.7,28.3,0.097
122,-1,552.1,195.2,11.9,27.4,0.081
122,-1,568.6,202.8,15.6,36.8,0.076
122,-1,493.2,174.3,58.1,97.2,0.073
122,-1,539.5,190.6,14.9,16.8,0.070
122,-1,572.4,200.1,17.0,70.4,0.059
122,-1,542.5,193.9,11.6,28.7,0.058
122,-1,0.0,65.4,5.6,396.0,0.057
123,-1,301.1,0.0,295.2,474.4,0.999
123,-1,2.5,0.0,239.5,476.6,0.998
123,-1,201.6,22.6,83.4,407.1,0.997
123,-1,500.3,197.2,28.5,74.5,0.974
123,-1,547.2,195.3,19.0,50.9,0.969
123,-1,299.3,178.1,24.1,57.3,0.962
123,-1,564.7,205.0,12.9,35.1,0.943
123,-1,535.3,195.8,11.6,44.8,0.880
123,-1,0.0,53.9,30.7,418.7,0.861
123,-1,576.1,204.3,12.4,32.8,0.848
123,-1,544.5,196.3,9.8,50.3,0.841
123,-1,0.0,72.0,26.0,246.4,0.625
123,-1,0.0,78.7,24.2,124.6,0.605
123,-1,537.3,195.1,19.4,50.1,0.557
123,-1,0.1,78.0,22.5,51.7,0.503
123,-1,553.5,199.3,13.0,35.1,0.304
123,-1,298.6,178.1,32.9,99.8,0.169
123,-1,499.7,203.0,13.5,58.1,0.150
123,-1,493.5,163.9,63.2,105.7,0.068
123,-1,572.5,198.5,17.3,72.3,0.060
123,-1,317.4,117.4,190.9,361.2,0.060
123,-1,569.4,194.1,18.7,43.7,0.060
123,-1,5.1,21.3,100.9,458.7,0.053
123,-1,0.0,80.0,9.0,213.9,0.051
124,-1,304.6,0.0,291.7,478.9,0.999
124,-1,199.5,20.6,85.1,406.2,0.997
124,-1,0.5,0.0,244.9,479.4,0.996
124,-1,546.1,194.6,18.6,52.2,0.988
124,-1,500.3,196.2,28.4,75.5,0.978
124,-1,293.3,177.9,31.6,77.0,0.956
124,-1,0.0,60.5,42.2,416.8,0.949
124,-1,563.6,205.0,13.5,36.1,0.923
124,-1,575.3,204.1,12.1,33.7,0.862
124,-1,534.8,198.0,12.9,42.6,0.824
124,-1,289.2,199.0,19.0,58.4,0.693
124,-1,0.2,71.5,27.1,234.5,0.660
124,-1,301.0,177.6,23.5,51.6,0.486
124,-1,537.7,195.0,20.1,48.9,0.466
124,-1,0.1,77.8,22.5,49.7,0.327
124,-1,0.0,77.7,28.1,82.4,0.202
124,-1,494.7,194.9,21.4,72.2,0.180
124,-1,537.7,191.1,14.2,40.7,0.161
124,-1,492.3,165.7,65.1,105.7,0.102
124,-1,329.4,174.7,11.7,11.7,0.097
124,-1,542.0,199.1,10.5,42.5,0.088
124,-1,1.8,28.8,79.8,447.3,0.084
124,-1,246.2,72.3,18.6,19.6,0.081
124,-1,567.4,194.1,19.9,43.6,0.076
124,-1,0.3,254.5,51.6,222.6,0.064
124,-1,552.7,196.9,12.1,34.3,0.053
124,-1,572.1,201.7,17.7,64.8,0.052
124,-1,522.1,212.3,7.2,28.3,0.051
125,-1,308.3,0.0,285.6,478.9,0.999
125,-1,5.8,0.0,247.5,479.6,0.997
125,-1,200.9,21.5,82.0,408.4,0.996
125,-1,501.1,194.7,27.5,76.2,0.978
125,-1,288.6,177.6,37.1,81.2,0.940
125,-1,300.8,178.4,23.6,59.9,0.921
125,-1,0.0,61.4,36.7,411.3,0.911
125,-1,561.9,202.8,15.0,36.9,0.892
125,-1,545.3,197.2,18.3,49.1,0.855
125,-1,535.3,197.2,14.3,43.8,0.832
125,-1,289.1,206.2,19.3,52.1,0.776
125,-1,0.2,73.3,31.3,215.2,0.773
125,-1,574.5,203.8,12.9,33.7,0.728
125,-1,0.1,77.7,22.6,51.5,0.445
125,-1,568.9,203.3,13.9,36.1,0.429
125,-1,550.9,195.8,12.7,37.5,0.425
125,-1,537.8,196.4,20.1,48.7,0.419
125,-1,0.2,78.4,27.7,119.1,0.419
125,-1,540.6,196.8,11.3,39.4,0.194
125,-1,493.1,194.3,24.2,69.4,0.172
125,-1,1.0,26.3,74.5,452.1,0.148
125,-1,494.5,174.3,46.3,96.9,0.146
125,-1,524.4,212.4,16.7,28.3,0.142
125,-1,0.2,234.8,31.6,241.9,0.097
125,-1,526.1,199.9,10.5,37.4,0.057
125,-1,246.1,73.0,18.6,20.3,0.051
126,-1,305.0,0.0,286.4,480.0,0.999
126,-1,201.0,20.3,81.7,406.9,0.995
126,-1,1.7,0.0,250.6,478.4,0.994
126,-1,504.3,195.4,26.5,77.1,0.986
126,-1,301.6,178.0,21.8,58.5,0.964
126,-1,561.4,203.4,15.5,37.2,0.933
126,-1,545.2,198.8,18.8,49.1,0.930
126,-1,289.4,176.8,33.3,82.3,0.881
126,-1,289.5,191.0,20.5,66.2,0.868
126,-1,0.0,60.0,35.5,353.2,0.827
126,-1,0.1,73.7,32.3,184.8,0.827
126,-1,575.4,204.8,12.0,32.9,0.770
126,-1,533.9,193.9,17.4,47.2,0.738
126,-1,0.0,58.9,59.8,421.0,0.632
126,-1,538.1,194.8,21.0,49.7,0.594
126,-1,0.1,77.9,23.0,50.0,0.367
126,-1,550.6,196.6,12.6,37.8,0.353
126,-1,540.7,189.6,13.1,33.9,0.283
126,-1,0.0,234.5,43.8,241.9,0.247
126,-1,0.2,79.2,28.9,85.3,0.242
126,-1,320.4,190.7,12.3,21.6,0.177
126,-1,533.0,205.0,11.2,35.7,0.172
126,-1,492.6,194.2,26.2,67.7,0.169
126,-1,525.6,210.8,10.8,29.2,0.155
126,-1,543.4,190.9,10.7,19.7,0.100
126,-1,493.9,177.5,55.1,93.9,0.090
126,-1,289.0,178.8,20.3,52.0,0.089
126,-1,0.7,119.5,21.4,353.1,0.087
126,-1,572.5,200.9,16.8,71.9,0.085
126,-1,500.2,202.3,13.8,52.3,0.079
126,-1,329.2,173.6,14.3,14.1,0.060
126,-1,246.2,73.3,17.9,19.9,0.058
126,-1,537.3,207.6,11.9,32.9,0.057
126,-1,554.7,203.0,17.7,38.6,0.054
127,-1,308.5,0.0,284.4,480.0,0.999
127,-1,2.4,0.0,246.6,479.8,0.997
127,-1,202.1,20.3,79.9,406.0,0.995
127,-1,505.0,194.2,25.6,78.2,0.984
127,-1,301.0,178.3,24.0,60.4,0.967
127,-1,288.0,177.6,36.4,81.6,0.967
127,-1,562.2,204.1,14.3,36.2,0.954
127,-1,544.1,199.1,20.0,49.8,0.953
127,-1,0.0,50.6,51.5,427.3,0.884
127,-1,289.6,203.2,21.3,55.9,0.831
127,-1,0.2,76.9,34.4,210.5,0.807
127,-1,534.8,199.0,14.1,42.1,0.757
127,-1,574.5,204.4,12.8,32.7,0.726
127,-1,567.5,204.6,12.6,34.8,0.479
127,-1,0.2,78.9,23.3,51.2,0.297
127,-1,536.4,194.5,22.4,49.7,0.271
127,-1,550.6,194.9,12.0,29.3,0.249
127,-1,525.4,212.1,11.6,28.6,0.202
127,-1,203.0,22.2,56.3,69.1,0.179
127,-1,0.1,68.9,24.9,399.0,0.141
127,-1,536.6,211.2,10.0,29.2,0.138
127,-1,496.3,196.2,18.8,62.1,0.129
127,-1,541.9,190.7,10.4,16.8,0.124
127,-1,0.0,79.9,38.5,88.2,0.123
127,-1,0.2,276.8,51.5,203.2,0.112
127,-1,529.4,201.9,15.2,39.3,0.109
127,-1,246.4,73.5,17.6,19.3,0.091
127,-1,283.7,197.9,20.3,55.9,0.088
127,-1,498.3,183.4,49.2,88.2,0.077
127,-1,1.0,173.3,82.3,303.6,0.064
127,-1,523.9,212.2,7.7,28.6,0.062
127,-1,573.0,204.9,16.6,66.4,0.058
128,-1,307.3,0.0,287.2,478.7,0.999
128,-1,4.5,0.0,247.1,479.1,0.996
128,-1,202.0,20.7,81.5,404.6,0.996
128,-1,505.4,195.0,24.9,77.2,0.978
128,-1,562.3,206.0,14.1,35.2,0.966
128,-1,300.1,178.2,24.1,60.6,0.958
128,-1,288.3,177.6,37.4,81.8,0.942
128,-1,542.8,196.3,19.5,50.8,0.896
128,-1,0.3,70.1,43.5,406.4,0.864
128,-1,532.2,198.2,14.0,43.1,0.850
128,-1,0.0,67.9,36.2,248.7,0.824
128,-1,289.4,203.0,20.5,56.3,0.730
128,-1,574.5,204.7,12.6,32.2,0.593
128,-1,0.0,77.1,34.2,124.1,0.540
128,-1,202.6,23.2,52.5,65.8,0.511
128,-1,0.2,78.2,23.2,50.2,0.249
128,-1,1.3,28.1,82.8,451.9,0.198
128,-1,550.5,199.2,11.9,33.0,0.180
128,-1,524.4,211.1,12.9,29.7,0.130
128,-1,296.2,178.8,13.4,28.6,0.126
128,-1,0.1,287.9,53.6,191.9,0.123
128,-1,542.2,192.2,9.2,12.3,0.090
128,-1,536.5,219.8,8.3,21.1,0.090
128,-1,540.0,198.7,11.1,38.9,0.086
128,-1,523.3,208.6,8.3,31.4,0.085
128,-1,534.3,200.8,14.1,23.4,0.078
128,-1,280.5,190.7,19.7,59.2,0.072
128,-1,499.1,196.9,22.2,67.6,0.070
128,-1,495.6,159.8,59.7,111.3,0.067
128,-1,501.9,201.1,11.7,55.1,0.065
128,-1,567.7,204.5,10.5,33.7,0.052
128,-1,553.4,200.9,16.6,41.7,0.050
129,-1,307.6,0.0,286.0,480.0,0.999
129,-1,5.4,0.0,245.8,479.3,0.998
129,-1,201.4,21.5,82.5,407.2,0.996
129,-1,505.7,194.4,24.1,78.1,0.987
129,-1,541.4,196.2,20.4,51.2,0.978
129,-1,561.5,204.5,15.0,36.8,0.965
129,-1,300.5,177.8,23.9,60.9,0.960
129,-1,289.1,177.2,37.5,82.5,0.935
129,-1,0.1,67.4,41.6,412.6,0.919
129,-1,531.9,197.9,13.7,43.2,0.907
129,-1,289.6,198.4,21.2,60.2,0.869
129,-1,0.0,78.5,36.3,222.0,0.678
129,-1,575.5,205.2,11.6,32.3,0.601
129,-1,0.5,78.5,29.5,91.3,0.265
129,-1,0.0,259.9,50.1,220.1,0.248
129,-1,524.5,210.0,13.3,30.8,0.233
129,-1,203.2,22.8,54.5,67.2,0.227
129,-1,533.3,197.7,11.1,26.7,0.146
129,-1,501.6,202.5,11.9,54.1,0.139
129,-1,0.0,78.9,24.9,54.4,0.122
129,-1,323.5,191.9,10.7,18.4,0.109
129,-1,499.8,197.3,19.9,65.5,0.092
129,-1,569.0,204.1,12.9,34.6,0.091
129,-1,496.6,182.7,51.9,89.1,0.081
129,-1,0.0,90.1,9.4,209.2,0.075
129,-1,536.0,218.3,8.6,21.8,0.074
129,-1,1.2,179.2,77.5,297.0,0.073
129,-1,548.9,195.4,12.3,33.5,0.072
129,-1,329.8,173.4,13.6,13.7,0.062
129,-1,541.3,197.1,9.5,23.2,0.061
129,-1,528.2,217.0,12.5,23.7,0.057
129,-1,586.1,207.4,8.7,25.9,0.051
129,-1,280.6,192.7,21.2,58.5,0.050
130,-1,306.0,0.0,288.3,476.7,0.999
130,-1,4.0,0.0,235.9,480.0,0.998
130,-1,202.5,20.8,79.9,403.7,0.995
130,-1,540.4,195.2,21.2,52.7,0.989
130,-1,505.6,193.7,24.7,79.0,0.976
130,-1,561.2,204.1,15.6,37.3,0.962
130,-1,300.8,178.0,22.1,61.3,0.962
130,-1,0.0,74.0,39.5,405.6,0.955
130,-1,288.9,204.3,20.1,53.9,0.891
130,-1,0.0,77.2,33.9,230.9,0.867
130,-1,289.2,177.3,35.7,82.4,0.859
130,-1,532.6,198.0,14.3,42.9,0.853
130,-1,203.6,22.6,60.8,68.8,0.393
130,-1,0.1,78.8,31.8,117.7,0.242
130,-1,0.4,35.6,72.8,443.6,0.233
130,-1,574.9,204.4,12.1,33.0,0.203
130,-1,526.6,202.9,15.1,38.3,0.186
130,-1,0.2,77.9,24.1,60.7,0.163
130,-1,0.0,258.5,46.4,220.2,0.126
130,-1,322.0,192.3,13.1,21.7,0.099
130,-1,499.7,173.0,44.0,97.5,0.087
130,-1,589.1,209.1,12.6,26.0,0.085
130,-1,205.6,22.8,36.4,55.3,0.076
130,-1,502.1,203.0,11.5,53.5,0.065
130,-1,0.0,84.4,10.1,222.0,0.060
130,-1,205.3,33.8,75.5,204.2,0.057
131,-1,308.5,0.0,288.0,479.9,0.999
131,-1,5.3,0.0,244.3,480.0,0.998
131,-1,203.4,26.5,79.1,406.2,0.996
131,-1,504.8,192.9,25.6,79.9,0.975
131,-1,561.1,204.1,15.3,36.4,0.967
131,-1,300.1,178.1,23.0,60.6,0.958
131,-1,537.1,197.1,21.2,51.0,0.945
131,-1,0.1,78.2,33.0,201.9,0.907
131,-1,288.5,201.9,20.3,56.0,0.905
131,-1,0.0,74.9,39.1,344.2,0.876
131,-1,289.3,177.2,36.3,80.8,0.748
131,-1,531.2,197.3,13.9,44.2,0.732
131,-1,0.0,56.2,69.5,423.8,0.689
131,-1,547.1,199.9,12.8,45.2,0.327
131,-1,573.8,207.3,11.9,29.2,0.227
131,-1,496.2,196.1,23.4,66.6,0.199
131,-1,0.5,79.7,29.2,92.9,0.183
131,-1,502.6,204.4,10.8,53.2,0.153
131,-1,0.0,228.1,48.9,251.9,0.139
131,-1,588.6,209.4,12.7,29.6,0.121
131,-1,547.9,203.9,13.3,19.4,0.106
131,-1,0.3,79.5,23.2,49.9,0.099
131,-1,585.4,204.7,10.5,34.8,0.094
131,-1,526.8,206.4,13.2,34.5,0.085
131,-1,319.7,172.0,24.8,44.0,0.084
131,-1,496.3,174.0,45.8,97.2,0.081
131,-1,320.1,192.4,15.7,22.4,0.053
131,-1,246.0,73.0,18.2,20.6,0.053
132,-1,308.4,0.0,286.3,480.0,0.999
132,-1,199.1,20.0,83.1,407.6,0.997
132,-1,5.7,0.0,240.6,479.0,0.996
132,-1,536.4,192.4,21.9,56.0,0.991
132,-1,505.7,195.1,24.0,76.7,0.984
132,-1,298.4,177.9,24.3,64.3,0.954
132,-1,288.0,204.3,21.7,54.3,0.944
132,-1,561.0,204.8,15.9,36.3,0.940
132,-1,0.1,81.0,35.0,172.4,0.872
132,-1,290.7,182.4,26.7,75.9,0.833
132,-1,0.0,83.3,40.0,302.8,0.796
132,-1,527.9,196.8,15.5,44.1,0.563
132,-1,0.0,195.2,48.4,282.2,0.492
132,-1,533.8,195.9,12.9,49.0,0.364
132,-1,547.0,199.6,12.7,41.9,0.272
132,-1,574.0,207.0,12.1,30.2,0.261
132,-1,0.4,79.2,26.6,77.4,0.225
132,-1,0.0,121.0,11.2,180.1,0.196
132,-1,501.3,204.4,12.0,51.3,0.178
132,-1,333.4,173.6,10.9,13.0,0.176
132,-1,497.4,199.6,20.7,62.8,0.157
132,-1,550.9,204.0,8.3,20.0,0.135
132,-1,319.5,172.7,24.4,45.0,0.131
132,-1,588.3,209.1,12.4,30.5,0.126
132,-1,523.9,198.4,13.0,41.3,0.104
132,-1,567.2,205.1,12.4,33.4,0.083
132,-1,0.0,192.8,24.5,100.0,0.080
132,-1,528.4,219.0,11.5,21.5,0.076
132,-1,0.1,188.8,8.0,112.2,0.075
132,-1,6.0,35.7,111.3,441.6,0.069
132,-1,577.4,202.8,16.3,36.2,0.056
132,-1,9.0,12.8,193.5,292.8,0.051
132,-1,496.1,164.2,56.6,107.2,0.051
133,-1,306.5,0.0,289.1,480.0,0.999
133,-1,200.4,31.7,82.5,400.4,0.998
133,-1,11.7,0.0,232.8,480.0,0.995
133,-1,290.9,177.4,34.7,81.7,0.994
133,-1,503.2,190.4,28.3,81.5,0.981
133,-1,537.6,192.9,19.9,55.6,0.965
133,-1,560.1,203.7,16.5,37.5,0.934
133,-1,0.1,80.1,33.9,192.8,0.901
133,-1,0.0,75.8,44.7,397.7,0.888
133,-1,525.6,195.4,19.4,46.2,0.845
133,-1,575.1,206.7,12.3,30.8,0.598
133,-1,546.3,201.4,12.7,44.3,0.454
133,-1,289.0,202.9,19.4,55.2,0.451
133,-1,0.0,78.7,40.0,95.0,0.228
133,-1,0.0,271.1,48.0,208.7,0.211
133,-1,0.0,174.7,12.7,126.4,0.200
133,-1,535.2,197.7,13.9,48.6,0.194
133,-1,502.1,204.8,11.2,57.0,0.170
133,-1,299.2,177.6,28.4,51.4,0.164
133,-1,0.3,80.3,23.6,49.4,0.155
133,-1,587.1,209.9,12.0,33.3,0.147
133,-1,498.5,196.5,21.1,70.5,0.142
133,-1,548.4,203.1,10.3,20.9,0.114
133,-1,333.2,174.0,10.4,13.1,0.108
133,-1,523.4,201.4,14.0,39.6,0.104
133,-1,3.8,212.1,47.8,90.8,0.102
133,-1,544.7,192.8,11.1,35.6,0.093
133,-1,0.0,109.7,36.0,94.5,0.090
133,-1,0.4,105.0,51.8,208.1,0.089
133,-1,0.0,86.6,22.8,354.7,0.087
133,-1,0.0,208.6,13.3,54.2,0.071
133,-1,0.4,200.3,20.5,97.8,0.067
133,-1,0.0,82.6,8.9,211.3,0.060
133,-1,551.7,198.8,22.0,44.0,0.060
133,-1,584.3,203.3,9.8,34.3,0.053
134,-1,307.0,0.0,281.2,478.8,0.999
134,-1,198.5,23.1,84.7,407.9,0.998
134,-1,10.3,0.0,226.7,479.9,0.995
134,-1,288.8,176.5,38.1,82.5,0.985
134,-1,501.1,195.2,27.7,77.2,0.966
134,-1,299.9,177.5,28.3,57.7,0.962
134,-1,539.1,192.7,17.4,56.0,0.960
134,-1,557.1,202.2,19.5,39.7,0.931
134,-1,0.6,74.5,51.3,404.7,0.911
134,-1,0.0,80.0,35.5,184.9,0.862
134,-1,524.3,197.7,13.5,44.0,0.845
134,-1,289.4,205.0,18.9,53.6,0.754
134,-1,528.6,194.7,18.6,50.5,0.569
134,-1,573.0,206.4,13.1,31.3,0.416
134,-1,0.4,80.5,25.9,82.0,0.376
134,-1,333.4,174.4,10.0,12.8,0.227
134,-1,0.0,270.3,49.1,208.9,0.150
134,-1,0.0,116.6,37.7,87.0,0.149
134,-1,494.0,195.7,22.2,70.3,0.143
134,-1,566.2,205.2,10.7,32.7,0.104
134,-1,501.4,207.9,11.1,55.8,0.101
134,-1,570.5,193.8,19.3,43.7,0.093
134,-1,0.3,122.3,51.6,195.8,0.093
134,-1,496.5,183.8,48.8,88.1,0.084
134,-1,584.3,201.1,15.1,42.5,0.083
134,-1,588.9,208.0,11.3,27.1,0.068
134,-1,0.0,90.7,12.5,203.4,0.061
134,-1,0.2,157.3,30.8,320.0,0.058
135,-1,307.4,0.0,276.3,480.0,0.999
135,-1,196.6,21.3,86.1,404.4,0.998
135,-1,9.2,0.3,230.5,478.2,0.997
135,-1,504.6,190.9,25.9,81.4,0.985
135,-1,298.7,178.2,25.6,63.4,0.978
135,-1,536.5,192.4,20.1,56.8,0.973
135,-1,1.3,56.9,42.9,419.0,0.917
135,-1,556.9,203.6,20.5,38.3,0.894
135,-1,289.8,187.4,24.2,70.0,0.873
135,-1,0.0,88.1,35.4,265.3,0.863
135,-1,524.1,195.7,14.1,45.8,0.801
135,-1,0.0,79.4,34.0,129.4,0.498
135,-1,535.0,196.1,12.4,50.8,0.456
135,-1,541.7,192.2,16.3,36.3,0.285
135,-1,0.2,80.3,31.1,69.2,0.238
135,-1,333.4,173.9,10.8,13.7,0.211
135,-1,497.3,198.1,22.2,70.3,0.175
135,-1,501.0,202.9,11.9,62.5,0.141
135,-1,285.9,201.7,20.7,56.2,0.128
135,-1,572.3,193.5,13.3,35.0,0.120
135,-1,1.9,80.3,95.2,396.7,0.087
135,-1,575.0,207.0,12.3,30.5,0.075
135,-1,529.5,196.6,14.4,42.3,0.073
135,-1,325.0,174.0,20.4,27.5,0.071
135,-1,560.4,203.4,15.7,20.9,0.061
135,-1,512.4,193.8,27.2,67.8,0.061
135,-1,245.9,73.2,18.3,20.3,0.055
135,-1,0.0,133.9,30.8,131.2,0.054
135,-1,294.0,176.9,39.8,84.2,0.054
136,-1,304.5,0.0,278.6,480.0,0.999
136,-1,190.9,21.6,93.2,406.6,0.998
136,-1,9.8,0.8,225.5,477.3,0.997
136,-1,504.6,192.5,25.7,80.2,0.981
136,-1,299.1,177.8,25.2,61.6,0.959
136,-1,535.7,192.0,21.2,56.9,0.947
136,-1,288.8,175.9,37.1,84.2,0.946
136,-1,0.0,79.8,33.8,177.8,0.912
136,-1,289.4,207.1,22.6,52.1,0.910
136,-1,556.8,204.4,19.8,37.5,0.887
136,-1,0.0,49.4,42.2,425.0,0.823
136,-1,524.3,197.1,13.8,44.1,0.712
136,-1,542.4,194.5,14.6,41.3,0.496
136,-1,0.5,79.9,29.6,63.6,0.282
136,-1,539.4,218.7,13.0,29.7,0.264
136,-1,530.8,196.8,15.1,49.0,0.216
136,-1,333.3,174.4,10.8,13.3,0.204
136,-1,0.0,213.1,30.9,263.3,0.177
136,-1,501.7,206.9,11.0,57.7,0.177
136,-1,575.2,205.7,11.4,31.8,0.154
136,-1,281.2,186.0,20.5,68.3,0.147
136,-1,496.3,196.3,19.8,70.5,0.125
136,-1,565.0,208.0,12.2,30.8,0.106
136,-1,0.0,208.6,68.9,268.9,0.090
136,-1,544.9,198.6,13.1,24.7,0.073
136,-1,525.2,217.6,11.4,23.2,0.061
136,-1,245.9,73.2,18.2,20.4,0.061
136,-1,566.2,205.1,10.2,20.1,0.055
136,-1,0.2,92.0,16.9,147.5,0.054
137,-1,5.9,0.0,226.9,479.7,0.999
137,-1,303.7,1.9,270.3,478.1,0.999
137,-1,191.1,20.4,92.2,412.1,0.999
137,-1,503.7,190.5,28.0,81.2,0.983
137,-1,530.6,191.1,25.2,58.7,0.965
137,-1,289.0,175.9,36.6,83.5,0.964
137,-1,0.6,66.2,47.1,412.6,0.916
137,-1,558.3,202.3,17.9,39.7,0.914
137,-1,299.4,178.2,24.6,58.3,0.886
137,-1,288.8,204.1,20.3,54.2,0.856
137,-1,0.0,74.5,33.1,151.7,0.825
137,-1,524.5,198.6,13.3,42.3,0.461
137,-1,496.4,195.6,22.8,72.8,0.419
137,-1,544.1,198.3,11.9,38.8,0.354
137,-1,334.5,174.5,10.2,12.8,0.288
137,-1,0.2,80.9,32.4,65.4,0.254
137,-1,501.4,203.6,12.5,59.5,0.248
137,-1,0.3,107.2,27.8,355.4,0.189
137,-1,563.2,205.9,18.6,34.3,0.160
137,-1,282.9,188.5,22.3,66.1,0.119
137,-1,322.9,193.3,12.6,22.4,0.104
137,-1,582.5,197.5,17.0,44.5,0.095
137,-1,0.0,283.3,32.3,193.4,0.093
137,-1,533.4,197.2,12.8,49.4,0.092
137,-1,333.6,173.9,11.7,23.2,0.084
137,-1,0.2,81.2,22.9,44.6,0.080
137,-1,246.4,73.2,17.8,20.0,0.070
137,-1,526.3,215.9,10.8,25.2,0.065
137,-1,1.3,108.4,90.3,369.1,0.064
137,-1,566.0,204.5,11.0,27.3,0.053
138,-1,302.4,2.6,275.9,477.4,0.999
138,-1,188.3,20.4,95.6,408.8,0.999
138,-1,4.0,0.0,222.1,479.9,0.994
138,-1,288.5,176.8,38.0,82.5,0.983
138,-1,504.1,191.5,27.1,80.8,0.982
138,-1,530.3,190.6,25.1,58.2,0.967
138,-1,557.6,201.1,15.4,40.7,0.896
138,-1,299.2,177.5,29.1,56.7,0.889
138,-1,290.1,192.0,21.6,66.8,0.778
138,-1,0.0,69.3,36.5,373.2,0.732
138,-1,0.3,74.3,29.8,218.8,0.642
138,-1,524.3,197.4,13.0,43.7,0.383
138,-1,532.8,197.5,10.4,48.2,0.313
138,-1,559.6,209.3,9.6,31.5,0.264
138,-1,564.5,206.3,12.5,32.3,0.230
138,-1,544.1,202.6,11.1,34.2,0.215
138,-1,0.1,79.3,22.6,48.6,0.196
138,-1,501.4,207.3,11.5,55.1,0.167
138,-1,0.1,79.6,30.4,88.6,0.156
138,-1,495.0,197.4,21.8,66.8,0.149
138,-1,0.2,24.3,70.1,452.0,0.125
138,-1,543.9,204.9,12.4,17.9,0.120
138,-1,281.2,187.0,19.4,59.9,0.095
138,-1,333.5,174.3,10.7,14.1,0.077
138,-1,525.1,215.3,10.1,25.6,0.056
138,-1,246.1,72.2,18.1,20.1,0.050
139,-1,187.0,20.4,97.4,408.8,0.999
139,-1,306.5,0.0,278.9,480.0,0.999
139,-1,4.1,0.2,220.5,479.5,0.998
139,-1,288.8,177.4,39.6,81.6,0.990
139,-1,504.5,192.5,26.4,79.9,0.983
139,-1,530.8,192.6,23.0,55.4,0.926
139,-1,557.0,201.0,16.9,39.8,0.893
139,-1,0.2,48.8,44.7,429.2,0.842
139,-1,0.2,80.4,30.9,258.8,0.707
139,-1,544.0,202.7,11.4,33.4,0.592
139,-1,0.2,78.0,29.7,131.7,0.503
139,-1,289.7,200.6,17.8,57.6,0.452
139,-1,523.9,198.5,11.0,43.2,0.409
139,-1,528.1,198.3,15.3,46.6,0.295
139,-1,283.6,187.6,18.9,65.5,0.229
139,-1,0.2,79.4,24.7,59.7,0.218
139,-1,299.5,178.8,25.1,58.4,0.204
139,-1,501.8,207.8,11.3,53.6,0.162
139,-1,322.8,190.8,12.8,24.8,0.117
139,-1,496.6,170.5,47.0,100.8,0.114
139,-1,573.6,207.4,12.6,30.4,0.105
139,-1,494.6,196.4,21.3,67.2,0.098
139,-1,524.9,217.6,8.5,23.4,0.088
139,-1,565.9,205.8,11.3,31.1,0.088
139,-1,583.9,202.7,14.4,37.1,0.074
139,-1,0.0,144.8,21.0,325.7,0.064
139,-1,246.4,72.5,18.0,19.5,0.061
139,-1,540.6,193.5,13.4,31.7,0.056
140,-1,307.0,0.0,274.9,480.0,0.999
140,-1,186.0,20.7,98.8,406.5,0.999
140,-1,3.2,0.0,220.0,479.7,0.998
140,-1,288.5,177.3,39.1,82.1,0.987
140,-1,504.9,192.5,26.8,79.4,0.986
140,-1,529.5,191.2,25.9,57.8,0.971
140,-1,557.7,204.4,17.7,37.6,0.903
140,-1,0.0,76.0,31.0,378.8,0.770
140,-1,0.0,77.8,29.5,128.8,0.479
140,-1,543.9,201.4,10.7,35.6,0.475
140,-1,523.0,196.0,12.3,46.3,0.450
140,-1,322.9,188.1,11.7,24.4,0.444
140,-1,532.7,197.8,12.0,49.8,0.379
140,-1,298.4,178.4,27.6,55.0,0.372
140,-1,501.8,206.1,11.8,54.3,0.307
140,-1,289.7,201.6,19.2,56.0,0.288
140,-1,583.9,202.7,13.7,38.0,0.285
140,-1,494.4,194.5,21.6,67.7,0.250
140,-1,576.1,205.7,11.6,31.8,0.212
140,-1,108.8,9.9,155.4,445.9,0.202
140,-1,0.2,85.3,66.4,385.4,0.185
140,-1,0.1,78.7,23.0,51.0,0.168
140,-1,540.0,195.7,13.3,48.8,0.137
140,-1,0.2,64.8,22.4,226.2,0.084
140,-1,522.5,219.2,8.9,22.2,0.079
140,-1,496.3,172.2,54.6,98.2,0.070
140,-1,545.1,203.9,10.7,20.6,0.068
140,-1,246.4,72.5,18.4,19.2,0.065
140,-1,551.3,201.7,9.2,21.0,0.061
140,-1,519.9,195.9,22.9,54.0,0.061
140,-1,283.4,192.0,19.0,60.0,0.058
140,-1,332.3,171.8,14.2,15.3,0.053
140,-1,536.6,190.7,23.1,37.4,0.052
141,-1,184.8,20.6,101.5,406.2,0.999
141,-1,304.8,0.0,274.7,480.0,0.999
141,-1,5.2,0.0,213.6,479.5,0.997
141,-1,288.7,176.8,37.7,83.6,0.986
141,-1,504.5,189.9,26.4,82.5,0.978
141,-1,530.3,191.1,25.2,57.6,0.958
141,-1,299.8,177.4,26.8,57.8,0.950
141,-1,0.1,77.3,27.9,378.9,0.879
141,-1,556.1,205.0,16.0,37.0,0.877
141,-1,289.7,194.0,21.2,64.0,0.860
141,-1,535.7,195.2,10.4,52.6,0.644
141,-1,543.4,200.9,11.3,36.3,0.583
141,-1,0.1,79.5,26.0,147.6,0.532
141,-1,524.1,197.6,14.0,44.7,0.482
141,-1,539.0,189.9,20.8,49.3,0.258
141,-1,585.7,202.5,14.6,38.8,0.213
141,-1,0.0,67.9,54.4,402.3,0.159
141,-1,3.2,55.6,104.9,416.8,0.102
141,-1,0.3,79.2,24.1,59.2,0.101
141,-1,565.2,204.4,11.9,32.6,0.099
141,-1,516.5,188.5,37.5,74.9,0.087
141,-1,493.8,192.0,23.9,69.7,0.085
141,-1,246.3,72.6,18.2,18.5,0.081
141,-1,575.6,206.0,12.0,31.6,0.080
141,-1,504.6,189.1,25.5,29.9,0.076
141,-1,500.7,204.2,12.9,49.7,0.072
141,-1,585.4,194.0,9.5,15.1,0.062
141,-1,0.0,89.3,12.5,211.6,0.058
141,-1,575.2,195.5,24.1,45.0,0.055
141,-1,0.3,236.6,75.3,239.6,0.052
142,-1,308.6,0.0,280.4,478.4,0.999
142,-1,183.2,13.2,102.7,417.7,0.999
142,-1,3.1,0.0,213.1,480.0,0.996
142,-1,504.5,189.6,27.2,81.4,0.993
142,-1,288.8,176.7,36.2,83.5,0.983
142,-1,555.7,204.4,15.4,38.1,0.904
142,-1,532.2,194.0,22.3,54.3,0.893
142,-1,0.1,78.5,26.7,364.0,0.862
142,-1,299.4,177.5,22.6,63.8,0.792
142,-1,524.6,200.2,13.7,41.7,0.638
142,-1,0.1,79.6,23.2,140.5,0.611
142,-1,289.4,203.5,19.4,54.3,0.602
142,-1,542.7,202.1,12.3,34.8,0.542
142,-1,585.4,198.5,14.8,43.7,0.423
142,-1,0.3,73.2,59.7,398.1,0.222
142,-1,0.4,79.3,23.6,57.5,0.175
142,-1,1.0,61.2,121.0,411.3,0.160
142,-1,556.2,200.8,11.9,26.3,0.112
142,-1,491.6,190.7,28.2,70.9,0.090
142,-1,574.9,204.0,14.9,34.4,0.084
142,-1,559.3,203.6,20.4,37.6,0.080
142,-1,519.4,188.4,34.7,72.8,0.076
142,-1,543.9,201.0,15.2,21.6,0.074
142,-1,538.2,190.7,20.7,39.4,0.072
142,-1,245.9,72.7,18.4,18.6,0.066
142,-1,585.1,196.6,13.1,28.0,0.064
142,-1,546.4,196.3,20.8,44.0,0.062
142,-1,578.7,201.1,18.1,39.4,0.058
142,-1,341.3,2.2,242.1,172.0,0.057
142,-1,0.4,236.4,30.5,233.9,0.056
142,-1,0.0,47.7,6.0,402.0,0.053
142,-1,0.0,80.6,9.7,201.7,0.052
142,-1,503.4,208.7,9.5,46.7,0.050
143,-1,306.0,0.0,285.8,480.0,0.999
143,-1,182.0,20.0,103.6,407.2,0.999
143,-1,1.8,0.0,216.7,479.8,0.996
143,-1,505.3,189.8,24.8,81.8,0.993
143,-1,531.7,191.4,22.9,58.6,0.987
143,-1,291.5,177.6,30.9,78.9,0.980
143,-1,554.7,203.7,16.1,38.8,0.890
143,-1,524.8,198.3,11.9,43.6,0.841
143,-1,289.0,202.0,21.1,56.8,0.821
143,-1,0.0,14.9,33.0,461.7,0.779
143,-1,0.2,77.9,22.8,148.4,0.490
143,-1,529.7,196.6,10.6,43.3,0.452
143,-1,585.2,197.0,14.2,45.8,0.438
143,-1,532.8,195.6,12.3,49.8,0.364
143,-1,490.2,176.3,55.3,94.6,0.257
143,-1,564.0,203.6,13.6,34.0,0.245
143,-1,0.0,68.3,23.4,321.3,0.230
143,-1,542.7,199.8,12.5,37.9,0.220
143,-1,490.9,188.9,23.2,68.2,0.201
143,-1,528.6,198.3,9.4,23.9,0.123
143,-1,539.1,197.7,22.8,49.4,0.104
143,-1,547.4,198.4,19.1,41.9,0.100
143,-1,0.3,78.1,24.2,59.5,0.092
143,-1,298.0,177.6,23.5,50.2,0.090
143,-1,3.2,35.8,91.4,443.4,0.085
143,-1,246.2,72.4,18.2,18.4,0.084
143,-1,586.4,196.2,11.8,21.9,0.075
143,-1,488.3,149.0,71.2,61.9,0.072
143,-1,521.7,194.2,11.2,45.9,0.069
143,-1,568.3,204.2,20.0,36.4,0.065
143,-1,502.5,199.8,11.0,52.8,0.059
143,-1,575.8,204.5,17.9,37.1,0.059
143,-1,541.4,203.3,12.8,21.4,0.051
144,-1,305.8,0.0,284.9,480.0,0.999
144,-1,182.5,14.7,103.0,414.5,0.999
144,-1,1.1,0.0,216.4,479.9,0.998
144,-1,532.0,191.3,22.3,57.9,0.988
144,-1,502.8,189.4,25.9,81.6,0.987
144,-1,294.4,177.9,28.2,75.4,0.978
144,-1,554.9,206.4,15.8,36.0,0.904
144,-1,0.2,62.9,19.5,408.0,0.845
144,-1,523.5,197.7,12.4,44.5,0.822
144,-1,584.4,195.4,17.2,46.4,0.819
144,-1,289.9,197.5,19.7,60.0,0.787
144,-1,0.4,31.6,36.8,443.2,0.557
144,-1,0.1,78.8,22.2,147.1,0.532
144,-1,492.1,188.2,29.2,72.5,0.407
144,-1,559.9,206.5,16.9,35.6,0.295
144,-1,0.0,82.3,22.5,69.7,0.233
144,-1,577.5,202.6,16.9,38.9,0.195
144,-1,533.2,196.3,11.1,49.2,0.190
144,-1,491.0,179.8,51.5,91.1,0.136
144,-1,529.9,197.7,10.0,41.7,0.134
144,-1,566.1,205.8,18.7,34.6,0.127
144,-1,540.1,198.9,12.9,45.0,0.120
144,-1,546.7,201.3,12.7,36.2,0.112
144,-1,489.8,180.7,16.5,30.4,0.106
144,-1,489.2,182.5,19.2,65.3,0.104
144,-1,2.1,32.6,78.3,445.1,0.102
144,-1,585.6,199.3,13.2,28.4,0.094
144,-1,551.5,203.7,12.8,35.8,0.092
144,-1,519.9,189.1,12.2,46.4,0.088
144,-1,0.0,73.2,30.1,223.0,0.080
144,-1,0.0,66.2,14.3,244.2,0.065
144,-1,0.0,231.2,54.7,239.5,0.060
144,-1,526.0,199.0,12.1,30.7,0.060
144,-1,574.1,207.2,14.4,30.9,0.055
145,-1,309.3,0.0,286.0,480.0,0.999
145,-1,180.8,19.4,105.2,408.8,0.999
145,-1,1.5,6.8,214.1,469.3,0.998
145,-1,502.7,187.3,26.3,83.6,0.988
145,-1,293.6,177.3,28.8,78.5,0.984
145,-1,530.2,191.9,24.0,57.8,0.981
145,-1,554.3,201.8,22.7,53.7,0.932
145,-1,0.0,61.5,27.1,407.7,0.819
145,-1,290.0,199.5,18.5,58.2,0.720
145,-1,524.4,197.8,13.3,44.1,0.641
145,-1,553.2,200.8,14.5,38.5,0.577
145,-1,0.0,80.4,22.1,179.8,0.453
145,-1,527.9,196.4,14.8,48.1,0.413
145,-1,539.4,198.0,14.0,46.0,0.173
145,-1,0.3,79.4,23.2,63.8,0.118
145,-1,495.0,192.5,18.2,50.4,0.110
145,-1,489.7,185.0,29.5,71.8,0.107
145,-1,5.1,45.8,104.8,421.0,0.089
145,-1,558.7,205.0,18.4,29.0,0.084
145,-1,553.6,201.0,12.7,21.2,0.083
145,-1,541.9,193.5,32.0,61.8,0.066
145,-1,541.1,203.5,12.8,19.6,0.063
145,-1,246.2,72.4,18.7,18.7,0.060
145,-1,486.0,177.8,23.3,26.0,0.057
145,-1,0.0,77.2,12.9,234.3,0.055
145,-1,574.3,205.9,12.5,32.2,0.054
145,-1,541.9,192.4,14.1,26.6,0.053
146,-1,306.3,0.0,282.7,480.0,0.999
146,-1,180.1,19.4,106.2,409.2,0.999
146,-1,1.1,0.0,213.8,480.0,0.998
146,-1,293.8,177.9,27.5,79.2,0.984
146,-1,0.0,33.1,29.5,439.7,0.787
146,-1,290.0,198.7,18.6,59.3,0.738
146,-1,0.1,77.4,21.9,156.2,0.410
146,-1,0.0,45.1,58.4,431.3,0.258
146,-1,314.1,1.0,279.2,212.2,0.108
146,-1,0.0,76.3,13.2,237.2,0.063
146,-1,0.0,243.8,77.4,231.6,0.054
146,-1,0.3,77.2,23.0,61.1,0.053
147,-1,312.2,0.0,277.9,480.0,0.999
147,-1,181.9,19.2,103.1,409.2,0.999
147,-1,0.3,0.0,218.9,480.0,0.997
147,-1,297.7,177.0,22.7,81.9,0.976
147,-1,568.0,141.5,55.8,46.4,0.884
147,-1,289.2,201.7,17.9,55.2,0.855
147,-1,510.6,140.5,92.0,58.1,0.667
147,-1,0.0,38.4,31.2,434.0,0.628
147,-1,0.0,73.5,23.5,249.8,0.510
147,-1,506.7,141.3,64.1,41.3,0.336
147,-1,344.5,0.0,254.5,202.9,0.332
147,-1,591.7,143.1,30.0,41.2,0.269
147,-1,0.1,79.5,22.5,111.2,0.192
147,-1,557.1,145.2,46.5,41.0,0.139
147,-1,0.4,41.5,70.3,436.8,0.120
147,-1,615.3,139.9,24.3,48.3,0.106
147,-1,597.8,139.1,36.9,48.2,0.102
147,-1,336.4,141.9,187.6,334.9,0.081
147,-1,0.2,79.3,22.8,54.1,0.072
147,-1,531.0,141.1,38.9,33.8,0.069
147,-1,246.4,73.0,17.8,17.4,0.067
147,-1,302.3,179.0,32.7,98.8,0.064
147,-1,284.9,182.6,28.6,76.2,0.061
148,-1,316.5,0.0,281.0,479.7,0.999
148,-1,183.0,20.5,102.0,409.2,0.999
148,-1,1.1,0.0,215.2,480.0,0.998
148,-1,296.5,178.0,24.6,85.7,0.990
148,-1,290.2,200.0,16.8,57.6,0.825
148,-1,0.0,55.3,29.9,413.0,0.819
148,-1,321.4,2.7,279.8,234.8,0.714
148,-1,0.1,79.3,24.2,147.4,0.540
148,-1,571.4,149.1,32.1,36.6,0.258
148,-1,0.4,79.1,24.2,58.5,0.154
148,-1,305.2,180.6,36.5,101.5,0.115
148,-1,566.2,146.6,36.7,76.9,0.099
148,-1,4.3,61.2,99.8,411.1,0.068
148,-1,246.6,73.0,17.6,17.7,0.063
148,-1,297.2,178.5,11.9,22.9,0.058
149,-1,318.9,0.3,267.8,479.7,0.999
149,-1,186.2,20.9,98.8,407.4,0.999
149,-1,4.2,0.0,220.4,480.0,0.998
149,-1,295.9,177.7,25.5,87.5,0.993
149,-1,0.4,80.9,30.9,350.6,0.892
149,-1,288.9,202.6,18.2,56.4,0.881
149,-1,321.9,1.9,279.6,240.1,0.715
149,-1,0.3,80.1,27.9,134.0,0.634
149,-1,622.9,133.8,17.1,48.9,0.577
149,-1,611.7,135.7,28.3,85.8,0.181
149,-1,0.2,79.7,22.9,73.6,0.164
149,-1,0.0,39.9,62.7,438.0,0.117
149,-1,608.0,143.4,32.0,40.7,0.089
149,-1,246.3,72.4,18.1,18.7,0.069
149,-1,297.4,179.8,11.2,22.3,0.055
150,-1,187.7,19.9,96.8,410.0,0.999
150,-1,315.7,0.0,274.5,480.0,0.999
150,-1,0.8,0.0,222.7,475.7,0.995
150,-1,298.0,178.5,21.2,55.8,0.910
150,-1,0.0,44.1,41.6,434.8,0.830
150,-1,326.0,2.0,280.5,206.7,0.712
150,-1,0.2,79.5,30.8,265.2,0.708
150,-1,288.4,201.4,19.6,43.1,0.578
150,-1,0.3,79.3,29.9,131.3,0.445
150,-1,307.0,182.8,15.5,53.3,0.293
150,-1,302.5,184.3,43.0,103.1,0.177
150,-1,115.6,13.0,152.4,448.0,0.173
150,-1,290.1,184.2,29.4,73.8,0.172
150,-1,0.3,79.4,24.6,55.5,0.149
150,-1,292.8,211.7,21.3,34.6,0.113
150,-1,297.3,179.4,11.8,23.3,0.100
150,-1,313.4,173.5,34.2,70.7,0.079
150,-1,299.6,220.6,15.0,25.0,0.066
150,-1,246.4,72.9,18.0,18.6,0.061
150,-1,297.2,199.1,14.2,42.6,0.054
150,-1,0.4,217.3,68.6,259.2,0.052
151,-1,187.1,17.6,98.2,412.8,0.999
151,-1,3.7,0.0,225.4,473.7,0.998
151,-1,319.0,3.3,277.3,476.7,0.991
151,-1,0.0,87.3,33.7,269.5,0.838
151,-1,0.1,80.1,33.4,130.7,0.570
151,-1,0.0,75.8,48.0,392.4,0.411
151,-1,321.8,3.1,282.5,233.0,0.401
151,-1,0.5,79.9,23.6,58.5,0.174
151,-1,0.3,102.0,22.0,368.5,0.154
151,-1,246.7,72.6,17.6,18.8,0.086
151,-1,0.0,235.6,63.6,240.3,0.050
152,-1,7.4,0.0,224.5,480.0,0.999
152,-1,189.1,15.8,95.1,413.5,0.998
152,-1,314.9,0.0,261.8,480.0,0.996
152,-1,0.1,55.4,48.5,422.3,0.821
152,-1,0.3,76.0,34.1,172.9,0.711
152,-1,0.3,79.1,23.6,53.4,0.172
152,-1,321.3,1.8,281.4,231.6,0.150
152,-1,246.6,72.9,17.7,17.9,0.112
152,-1,0.4,88.1,22.8,379.2,0.108
152,-1,310.7,148.0,12.9,30.1,0.100
152,-1,5.6,26.9,97.3,451.6,0.096
152,-1,0.3,80.2,22.3,109.9,0.052
153,-1,311.6,0.0,286.0,480.0,1.000
153,-1,189.1,15.9,95.8,413.6,0.998
153,-1,9.2,0.0,223.4,477.6,0.998
153,-1,552.4,202.8,16.1,39.7,0.915
153,-1,0.9,66.6,42.3,412.3,0.902
153,-1,538.2,196.3,12.4,28.5,0.848
153,-1,0.0,76.2,33.3,176.6,0.794
153,-1,575.3,204.0,13.3,34.4,0.721
153,-1,584.3,199.0,13.5,43.2,0.688
153,-1,578.9,201.9,14.6,40.2,0.460
153,-1,588.4,203.9,13.5,39.3,0.343
153,-1,556.1,208.3,20.0,33.4,0.185
153,-1,535.5,196.1,12.6,43.3,0.155
153,-1,551.4,200.2,16.9,21.4,0.139
153,-1,0.6,78.9,23.5,65.4,0.118
153,-1,246.6,72.8,17.6,17.7,0.108
153,-1,513.1,188.2,24.8,58.4,0.086
153,-1,539.3,200.5,14.6,35.6,0.061
153,-1,564.8,206.9,11.8,29.7,0.056
153,-1,355.6,1.3,250.1,257.6,0.052
153,-1,536.6,196.9,8.9,26.1,0.051
154,-1,309.3,0.2,285.9,479.4,1.000
154,-1,5.7,0.0,226.4,479.7,0.999
154,-1,188.9,14.4,96.1,416.0,0.998
154,-1,501.0,187.6,27.7,82.7,0.994
154,-1,525.7,196.3,22.9,54.6,0.970
154,-1,552.2,201.8,15.8,40.9,0.962
154,-1,0.0,55.6,48.5,424.4,0.891
154,-1,583.3,197.0,17.1,45.4,0.685
154,-1,0.0,71.3,34.5,202.7,0.609
154,-1,538.4,195.4,11.8,31.1,0.587
154,-1,574.5,202.7,14.1,35.0,0.557
154,-1,578.8,199.9,15.1,39.9,0.424
154,-1,524.5,199.7,14.1,49.2,0.282
154,-1,557.0,203.6,15.2,36.4,0.239
154,-1,631.0,209.9,9.0,44.2,0.191
154,-1,317.7,1.2,279.7,233.9,0.184
154,-1,0.1,110.7,25.7,357.5,0.115
154,-1,564.9,205.0,12.2,31.9,0.110
154,-1,0.6,80.5,28.6,64.1,0.102
154,-1,583.3,199.3,11.5,26.6,0.098
154,-1,246.7,73.2,17.2,16.7,0.090
154,-1,551.5,201.4,10.7,30.1,0.055
154,-1,485.4,179.9,31.1,74.0,0.054
154,-1,590.0,203.2,11.0,30.6,0.053
154,-1,103.5,7.9,161.1,448.4,0.051
155,-1,306.1,1.5,277.6,478.5,0.999
155,-1,189.4,16.8,94.5,414.0,0.999
155,-1,7.7,0.0,230.2,475.7,0.997
155,-1,499.4,189.9,28.9,81.3,0.994
155,-1,552.2,202.5,14.6,40.5,0.958
155,-1,525.5,194.8,22.5,56.5,0.955
155,-1,0.0,63.2,52.2,416.8,0.834
155,-1,536.5,194.7,12.8,45.2,0.668
155,-1,583.5,196.6,17.1,44.8,0.592
155,-1,620.4,0.0,19.3,69.6,0.578
155,-1,575.9,202.6,13.7,35.3,0.531
155,-1,0.0,86.9,35.4,251.0,0.505
155,-1,578.9,200.4,16.1,41.9,0.495
155,-1,0.1,78.7,35.2,129.7,0.409
155,-1,523.6,200.2,14.5,47.6,0.385
155,-1,561.9,205.5,12.1,31.0,0.172
155,-1,246.6,73.6,17.0,16.5,0.165
155,-1,629.0,207.2,10.9,48.0,0.131
155,-1,619.5,3.1,20.5,257.9,0.122
155,-1,0.4,78.6,24.3,54.5,0.115
155,-1,583.8,196.7,12.0,30.5,0.111
155,-1,590.4,201.3,10.8,30.8,0.102
155,-1,511.4,190.2,17.4,48.6,0.100
155,-1,567.2,205.4,10.7,31.6,0.093
155,-1,0.3,197.1,39.0,275.1,0.077
155,-1,552.0,201.2,11.9,25.4,0.072
155,-1,539.1,196.8,21.0,45.7,0.066
156,-1,304.3,0.0,284.1,480.0,0.999
156,-1,189.5,18.0,93.9,414.3,0.998
156,-1,5.2,3.1,226.8,472.3,0.996
156,-1,499.2,193.9,28.8,77.4,0.988
156,-1,524.6,191.6,25.3,60.3,0.979
156,-1,550.2,201.7,20.5,41.5,0.956
156,-1,0.1,57.1,40.9,422.3,0.937
156,-1,0.0,72.3,35.3,201.3,0.748
156,-1,574.1,203.5,14.1,34.2,0.682
156,-1,583.2,199.2,15.7,44.2,0.645
156,-1,625.3,202.2,14.7,54.5,0.422
156,-1,496.3,198.0,21.0,63.0,0.222
156,-1,537.5,197.4,11.1,36.8,0.215
156,-1,578.3,197.1,16.4,42.0,0.213
156,-1,600.0,8.1,39.8,244.5,0.212
156,-1,0.5,80.2,29.5,69.7,0.180
156,-1,519.1,193.7,9.9,24.0,0.162
156,-1,246.2,73.2,17.4,17.2,0.142
156,-1,566.1,204.0,10.7,32.8,0.128
156,-1,519.2,194.2,10.1,44.7,0.094
156,-1,589.6,201.6,11.0,31.0,0.087
156,-1,607.3,0.0,32.6,40.8,0.086
156,-1,305.9,3.4,273.2,201.0,0.080
156,-1,556.4,202.8,22.7,38.7,0.071
156,-1,560.4,203.9,12.1,35.6,0.070
156,-1,0.0,159.5,22.6,311.4,0.062
156,-1,0.4,76.3,23.4,135.4,0.062
157,-1,306.1,0.0,259.2,480.0,0.999
157,-1,6.1,0.1,226.5,479.6,0.999
157,-1,187.2,17.7,96.7,414.2,0.998
157,-1,499.8,194.0,29.2,78.1,0.989
157,-1,524.7,191.4,23.7,61.0,0.985
157,-1,549.9,201.5,20.0,41.6,0.933
157,-1,583.1,197.7,16.2,46.4,0.812
157,-1,0.5,49.1,44.3,427.8,0.809
157,-1,0.0,73.7,35.2,190.3,0.777
157,-1,573.9,203.2,13.9,35.1,0.555
157,-1,598.1,0.1,41.8,41.0,0.517
157,-1,593.9,7.5,46.1,268.8,0.402
157,-1,623.5,201.4,16.5,55.7,0.369
157,-1,496.9,201.9,17.7,63.3,0.360
157,-1,0.3,65.3,18.6,410.1,0.330
157,-1,597.7,0.9,42.3,80.3,0.310
157,-1,558.4,204.4,12.8,35.6,0.231
157,-1,0.5,79.1,28.3,70.3,0.180
157,-1,562.4,205.2,12.6,32.5,0.155
157,-1,245.6,73.1,17.8,16.5,0.124
157,-1,0.1,78.2,20.0,52.2,0.102
157,-1,509.4,204.8,15.0,62.7,0.072
157,-1,582.1,197.3,11.4,35.1,0.057
157,-1,497.5,206.3,9.7,53.8,0.054
157,-1,606.2,33.4,33.0,45.2,0.053
157,-1,524.3,198.8,11.8,49.0,0.053
158,-1,303.1,0.1,231.8,479.9,1.000
158,-1,187.8,14.1,93.6,418.0,0.998
158,-1,3.9,0.0,226.8,474.2,0.997
158,-1,499.0,198.0,28.7,73.7,0.990
158,-1,523.9,192.0,21.9,60.0,0.987
158,-1,550.3,202.3,15.5,41.8,0.961
158,-1,0.0,77.4,32.9,177.5,0.894
158,-1,0.1,45.7,40.5,429.7,0.886
158,-1,573.9,202.6,14.6,35.4,0.735
158,-1,582.3,197.8,16.0,46.1,0.665
158,-1,590.0,0.0,50.0,274.1,0.442
158,-1,0.0,71.4,24.3,334.7,0.405
158,-1,0.1,78.9,19.8,46.2,0.396
158,-1,0.3,77.5,31.0,90.2,0.327
158,-1,622.7,200.2,17.3,58.8,0.313
158,-1,588.4,205.0,11.5,32.5,0.274
158,-1,558.9,205.3,11.5,35.6,0.268
158,-1,590.9,0.4,49.0,89.3,0.192
158,-1,497.1,205.4,16.7,58.9,0.177
158,-1,563.0,206.0,12.9,31.4,0.170
158,-1,0.2,79.9,20.5,134.8,0.164
158,-1,305.4,3.6,230.0,237.4,0.140
158,-1,565.1,204.1,17.6,34.4,0.102
158,-1,0.0,233.9,22.3,239.6,0.088
158,-1,556.6,205.2,22.1,37.9,0.085
158,-1,0.0,279.9,40.1,196.8,0.080
158,-1,534.5,195.6,12.6,44.7,0.075
158,-1,524.4,201.6,9.8,30.0,0.071
158,-1,524.6,197.1,13.3,49.4,0.069
158,-1,495.4,203.7,12.0,44.3,0.059
158,-1,548.2,203.6,12.2,35.1,0.056
159,-1,296.3,0.0,227.3,480.0,1.000
159,-1,6.3,0.0,224.4,479.8,0.999
159,-1,188.3,13.1,97.7,418.0,0.998
159,-1,495.1,185.9,33.5,86.5,0.995
159,-1,524.5,191.6,22.7,60.6,0.980
159,-1,547.3,203.0,20.4,41.3,0.951
159,-1,0.0,46.2,43.8,433.8,0.897
159,-1,573.6,203.4,15.5,35.7,0.843
159,-1,0.3,81.0,30.7,176.5,0.843
159,-1,589.0,1.1,50.6,89.7,0.825
159,-1,299.7,0.4,218.9,244.9,0.766
159,-1,583.7,201.9,15.8,44.7,0.615
159,-1,587.8,5.2,52.2,269.7,0.523
159,-1,299.1,189.2,24.9,73.8,0.507
159,-1,622.9,203.1,16.9,54.9,0.455
159,-1,589.9,0.1,50.1,44.2,0.359
159,-1,562.3,205.7,13.4,31.9,0.284
159,-1,0.1,80.2,22.0,391.1,0.279
159,-1,0.1,79.6,18.3,47.1,0.266
159,-1,589.3,205.0,10.8,32.9,0.245
159,-1,0.3,79.6,26.2,97.1,0.209
159,-1,559.0,205.0,11.6,35.7,0.191
159,-1,496.5,202.9,17.1,60.1,0.145
159,-1,291.4,180.7,19.0,77.2,0.141
159,-1,535.2,193.4,12.1,40.2,0.110
159,-1,572.7,200.9,19.8,70.2,0.072
159,-1,4.5,62.0,96.6,416.6,0.067
159,-1,610.7,37.7,28.6,49.2,0.067
159,-1,366.1,9.2,261.5,447.5,0.067
159,-1,0.0,209.1,33.3,267.4,0.064
159,-1,519.1,188.8,9.0,50.7,0.057
159,-1,524.8,196.2,11.1,51.8,0.055
160,-1,303.8,0.2,206.1,479.8,0.999
160,-1,187.6,17.3,95.5,416.6,0.999
160,-1,497.8,185.4,30.1,86.9,0.998
160,-1,2.2,0.0,225.2,476.1,0.997
160,-1,286.1,180.0,20.3,78.6,0.991
160,-1,523.9,194.4,20.8,58.8,0.989
160,-1,298.5,183.7,21.0,57.4,0.951
160,-1,547.6,203.6,18.0,41.2,0.928
160,-1,574.0,204.2,13.9,37.0,0.868
160,-1,0.0,75.2,28.6,161.4,0.853
160,-1,0.4,48.8,36.2,428.4,0.826
160,-1,581.7,201.8,17.7,44.0,0.729
160,-1,584.9,0.3,55.1,96.6,0.649
160,-1,578.1,202.3,14.5,41.4,0.633
160,-1,584.2,0.8,55.8,273.0,0.558
160,-1,623.6,203.9,16.2,54.5,0.425
160,-1,557.2,206.3,12.6,34.2,0.401
160,-1,310.0,0.3,192.3,240.0,0.302
160,-1,0.4,78.0,19.8,69.6,0.214
160,-1,563.0,207.8,11.8,30.7,0.179
160,-1,535.5,198.4,10.1,41.6,0.156
160,-1,523.5,196.0,10.5,52.9,0.152
160,-1,589.3,203.3,10.4,29.2,0.117
160,-1,568.2,203.4,14.6,35.4,0.096
160,-1,293.1,180.0,13.0,23.3,0.094
160,-1,495.2,186.3,22.4,62.9,0.070
160,-1,570.5,201.1,20.0,61.8,0.064
161,-1,293.8,0.0,217.2,480.0,1.000
161,-1,187.4,15.7,94.7,420.1,0.999
161,-1,1.4,0.0,226.6,480.0,0.997
161,-1,496.4,184.1,32.0,87.9,0.996
161,-1,522.9,194.2,21.0,59.2,0.980
161,-1,546.0,201.1,15.4,42.4,0.975
161,-1,286.2,179.7,19.1,75.4,0.938
161,-1,297.9,179.6,20.1,57.0,0.905
161,-1,0.0,76.5,22.4,117.7,0.842
161,-1,572.5,200.5,18.2,42.6,0.776
161,-1,0.0,61.0,34.3,413.2,0.749
161,-1,581.2,198.7,15.3,47.3,0.618
161,-1,0.1,73.4,24.0,233.4,0.560
161,-1,549.2,204.9,19.9,38.7,0.461
161,-1,586.2,0.7,53.8,52.5,0.317
161,-1,558.4,204.3,13.0,35.0,0.269
161,-1,586.2,1.7,53.8,267.7,0.257
161,-1,625.1,206.3,14.9,52.8,0.247
161,-1,308.4,0.6,189.8,262.2,0.211
161,-1,539.5,193.1,11.7,33.7,0.175
161,-1,536.6,193.7,10.6,37.5,0.154
161,-1,533.5,195.7,12.3,48.7,0.145
161,-1,289.0,180.7,16.1,39.7,0.142
161,-1,0.0,76.3,14.9,54.7,0.139
161,-1,521.4,194.7,11.4,56.2,0.118
161,-1,279.9,188.7,10.7,45.8,0.117
161,-1,300.4,178.8,15.6,27.7,0.097
161,-1,537.7,193.4,17.4,46.6,0.096
161,-1,291.3,179.8,13.8,23.1,0.084
161,-1,0.4,198.4,50.1,279.4,0.073
161,-1,567.1,202.9,21.4,56.4,0.068
161,-1,586.8,202.6,11.0,35.9,0.067
161,-1,0.6,22.2,74.6,457.8,0.066
161,-1,564.7,205.8,11.7,32.8,0.054
161,-1,588.2,20.0,51.8,66.0,0.053
162,-1,293.3,0.0,215.9,480.0,0.999
162,-1,186.4,14.5,97.4,420.9,0.999
162,-1,497.8,184.5,30.3,87.7,0.998
162,-1,3.5,0.0,226.3,478.0,0.998
162,-1,523.5,190.7,20.9,62.6,0.992
162,-1,547.1,203.0,20.4,40.6,0.940
162,-1,0.0,76.0,21.1,120.9,0.833
162,-1,300.7,179.4,17.0,35.7,0.818
162,-1,574.3,201.1,18.6,40.8,0.804
162,-1,0.1,77.0,23.1,355.4,0.645
162,-1,285.2,179.5,21.7,62.1,0.592
162,-1,581.9,199.9,14.5,45.0,0.538
162,-1,587.1,2.9,52.9,270.7,0.405
162,-1,561.7,202.6,13.2,35.3,0.389
162,-1,0.0,24.0,41.0,455.5,0.369
162,-1,588.2,204.4,11.6,37.4,0.211
162,-1,0.0,71.4,28.6,180.9,0.199
162,-1,0.1,75.0,15.0,50.8,0.184
162,-1,590.3,0.5,49.2,87.8,0.141
162,-1,293.1,179.5,23.2,52.4,0.135
162,-1,591.7,0.2,48.2,42.9,0.131
162,-1,295.1,179.5,11.2,26.6,0.124
162,-1,483.2,184.0,13.1,31.6,0.121
162,-1,532.3,196.5,13.1,50.0,0.056
162,-1,0.1,83.1,10.6,207.1,0.053
162,-1,0.9,16.0,83.6,464.0,0.051
163,-1,288.0,0.1,226.5,479.9,1.000
163,-1,185.1,14.6,98.6,422.0,0.999
163,-1,497.5,182.3,32.0,90.1,0.997
163,-1,0.1,0.0,224.8,479.0,0.996
163,-1,525.7,189.6,19.5,62.7,0.992
163,-1,547.1,202.2,19.6,41.5,0.952
163,-1,0.0,74.4,19.6,124.0,0.843
163,-1,574.9,202.5,15.8,37.2,0.754
163,-1,283.1,180.1,22.5,63.1,0.729
163,-1,0.0,64.6,21.6,367.4,0.649
163,-1,300.0,179.2,16.4,37.3,0.449
163,-1,581.2,201.0,15.5,43.2,0.418
163,-1,588.8,202.6,11.3,38.3,0.243
163,-1,560.2,207.1,13.3,31.2,0.228
163,-1,589.9,4.6,50.1,252.8,0.212
163,-1,571.0,203.5,22.4,50.5,0.108
163,-1,0.1,68.6,10.9,192.6,0.104
163,-1,563.0,204.6,18.1,35.2,0.073
163,-1,589.4,198.6,10.0,26.3,0.067
163,-1,593.5,0.3,46.5,42.4,0.066
163,-1,0.0,34.2,52.5,443.6,0.063
163,-1,482.0,185.9,13.3,27.2,0.062
163,-1,547.5,201.8,15.5,24.7,0.060
163,-1,0.0,76.3,34.3,221.8,0.057
163,-1,290.7,179.8,16.6,40.0,0.056
163,-1,308.0,0.1,191.6,272.1,0.052
163,-1,0.1,73.5,13.7,45.7,0.052
164,-1,287.6,0.0,226.4,480.0,1.000
164,-1,184.0,12.5,98.2,428.1,0.999
164,-1,497.0,183.2,31.3,89.4,0.998
164,-1,0.0,0.0,223.5,477.2,0.994
164,-1,522.7,189.9,20.6,63.3,0.991
164,-1,547.8,201.2,15.0,41.7,0.971
164,-1,285.8,179.0,19.9,70.1,0.881
164,-1,0.0,72.9,18.0,133.3,0.851
164,-1,575.5,199.4,15.4,39.5,0.845
164,-1,0.0,60.7,21.7,375.4,0.705
164,-1,583.3,197.9,15.0,46.3,0.704
164,-1,537.9,192.3,15.2,44.0,0.335
164,-1,588.9,3.7,51.1,275.3,0.287
164,-1,593.9,0.6,46.1,75.0,0.281
164,-1,299.3,178.6,16.2,38.3,0.264
164,-1,481.1,186.7,13.4,34.6,0.245
164,-1,559.4,204.5,13.0,33.0,0.238
164,-1,536.6,192.0,11.2,32.3,0.215
164,-1,595.5,0.3,44.5,37.4,0.190
164,-1,0.0,60.3,11.2,251.8,0.146
164,-1,572.3,200.7,20.5,67.0,0.115
164,-1,295.9,6.9,209.4,238.8,0.112
164,-1,0.1,18.9,14.6,143.8,0.110
164,-1,0.0,42.9,54.1,431.7,0.102
164,-1,531.5,190.0,17.1,51.1,0.098
164,-1,567.2,205.1,14.7,33.1,0.097
164,-1,589.3,199.0,9.3,36.4,0.094
164,-1,493.6,187.0,18.4,60.0,0.066
164,-1,0.1,76.0,35.2,242.9,0.062
164,-1,0.0,71.7,10.3,86.1,0.059
164,-1,288.1,179.7,16.3,35.8,0.053
164,-1,0.2,230.7,25.9,218.8,0.051
165,-1,292.4,0.0,224.2,480.0,1.000
165,-1,182.7,12.1,99.6,429.0,0.998
165,-1,496.3,182.5,32.3,90.2,0.997
165,-1,0.0,0.0,225.2,479.1,0.997
165,-1,521.8,190.6,21.9,63.6,0.986
165,-1,285.7,179.5,21.1,79.7,0.964
165,-1,547.2,201.5,18.3,42.3,0.908
165,-1,583.0,197.1,15.5,47.6,0.837
165,-1,574.4,200.7,17.6,40.2,0.836
165,-1,0.0,85.8,19.2,374.7,0.808
165,-1,0.0,81.1,19.1,135.6,0.749
165,-1,539.6,193.5,14.3,41.2,0.466
165,-1,0.1,71.9,13.9,232.8,0.455
165,-1,558.9,203.0,12.5,33.8,0.393
165,-1,303.8,0.1,196.9,245.7,0.198
165,-1,0.0,38.7,35.9,422.9,0.184
165,-1,480.9,187.6,12.2,24.3,0.180
165,-1,571.1,198.4,21.2,71.5,0.122
165,-1,564.5,199.6,13.0,37.9,0.118
165,-1,569.1,193.4,15.1,44.2,0.097
165,-1,4.3,0.0,177.6,292.7,0.092
165,-1,0.1,65.8,5.2,332.6,0.091
165,-1,543.9,200.4,14.0,40.3,0.087
165,-1,533.9,191.1,15.7,35.8,0.087
165,-1,296.8,187.3,18.5,59.8,0.081
165,-1,0.0,32.5,10.3,163.3,0.057
166,-1,293.8,0.0,221.9,480.0,1.000
166,-1,179.7,7.4,103.4,434.4,0.999
166,-1,497.5,181.0,31.6,90.9,0.997
166,-1,0.0,0.5,222.0,475.2,0.996
166,-1,522.5,189.4,21.6,64.5,0.984
166,-1,285.7,180.5,21.6,76.7,0.975
166,-1,547.7,201.2,20.2,42.7,0.936
166,-1,575.3,200.8,14.2,37.3,0.715
166,-1,585.3,199.3,13.5,44.9,0.621
166,-1,0.0,83.2,23.4,377.1,0.558
166,-1,0.0,79.5,17.8,127.1,0.457
166,-1,482.4,186.3,13.8,28.6,0.423
166,-1,537.8,188.3,16.9,47.5,0.339
166,-1,578.3,197.1,17.7,43.5,0.246
166,-1,0.0,61.9,18.3,272.8,0.246
166,-1,555.7,205.4,17.0,34.5,0.112
166,-1,295.4,1.1,208.3,232.7,0.106
166,-1,0.0,68.7,5.4,332.8,0.082
166,-1,0.9,27.0,42.4,448.1,0.081
166,-1,592.2,6.2,47.8,242.8,0.074
166,-1,573.5,199.0,19.4,76.3,0.073
166,-1,494.8,189.3,20.1,80.0,0.066
166,-1,0.0,75.1,10.0,67.2,0.060
166,-1,510.9,185.0,24.7,77.7,0.059
166,-1,536.3,222.5,13.6,14.8,0.055
166,-1,0.0,19.6,12.5,162.0,0.051
167,-1,292.7,0.0,221.0,480.0,1.000
167,-1,183.8,10.8,96.9,430.4,0.998
167,-1,496.5,182.9,31.8,89.4,0.998
167,-1,0.0,0.0,225.1,479.7,0.996
167,-1,523.1,189.7,21.0,63.4,0.994
167,-1,547.3,200.7,16.1,43.3,0.981
167,-1,283.3,178.3,22.0,80.4,0.969
167,-1,574.7,202.7,14.7,35.9,0.757
167,-1,586.1,204.0,12.4,39.6,0.675
167,-1,0.0,75.9,11.0,177.5,0.514
167,-1,538.2,190.4,15.7,45.9,0.426
167,-1,0.0,14.9,14.5,435.1,0.424
167,-1,0.0,75.4,8.5,71.6,0.288
167,-1,101.4,12.8,151.4,447.3,0.287
167,-1,558.9,206.0,15.3,32.4,0.261
167,-1,292.4,0.7,209.7,245.5,0.208
167,-1,481.2,188.7,11.2,22.1,0.191
167,-1,579.8,195.7,16.7,44.2,0.149
167,-1,0.2,44.5,8.3,353.7,0.131
167,-1,0.1,9.2,35.4,451.5,0.120
167,-1,539.1,190.8,15.0,24.1,0.112
167,-1,494.1,188.2,16.1,61.6,0.073
167,-1,0.0,78.3,15.5,100.4,0.063
167,-1,554.0,201.3,15.2,38.7,0.061
167,-1,543.9,200.4,31.4,44.9,0.054
168,-1,292.7,0.0,218.4,480.0,1.000
168,-1,183.4,11.3,96.4,429.8,0.998
168,-1,495.3,182.8,31.8,89.8,0.997
168,-1,1.2,0.0,217.2,477.3,0.995
168,-1,522.6,189.7,22.0,64.6,0.992
168,-1,546.7,198.1,21.5,45.8,0.976
168,-1,282.9,178.3,20.5,79.8,0.932
168,-1,584.6,197.1,13.2,46.7,0.648
168,-1,0.0,63.5,9.9,212.9,0.518
168,-1,0.1,45.8,13.0,400.1,0.445
168,-1,574.6,199.5,13.9,39.3,0.334
168,-1,0.0,55.0,25.5,371.3,0.318
168,-1,0.0,33.7,11.4,155.7,0.193
168,-1,0.0,69.8,8.6,81.4,0.187
168,-1,480.6,187.2,14.2,31.9,0.175
168,-1,579.9,188.7,15.8,47.7,0.175
168,-1,537.2,191.6,13.2,33.1,0.134
168,-1,0.2,76.6,6.6,327.2,0.103
168,-1,555.7,202.5,15.5,36.7,0.095
168,-1,291.9,0.9,205.4,250.2,0.076
168,-1,579.6,187.6,13.9,26.3,0.072
168,-1,494.3,201.4,12.2,43.7,0.069
168,-1,527.5,190.7,20.2,42.9,0.068
168,-1,0.0,74.1,1.9,212.4,0.056
168,-1,486.4,189.5,11.4,31.2,0.055
168,-1,563.6,190.5,15.6,47.8,0.054
169,-1,286.5,0.0,218.4,480.0,0.999
169,-1,178.9,5.9,102.1,438.8,0.999
169,-1,497.2,183.2,31.5,89.2,0.997
169,-1,1.8,0.0,221.3,480.0,0.996
169,-1,522.8,190.2,21.5,64.2,0.990
169,-1,546.7,200.5,21.0,43.7,0.969
169,-1,285.3,179.3,21.9,69.6,0.850
169,-1,574.6,201.4,14.1,37.0,0.754
169,-1,0.0,73.5,10.1,187.6,0.716
169,-1,586.6,202.6,11.9,39.8,0.642
169,-1,0.0,53.0,13.9,281.3,0.451
169,-1,0.1,74.8,20.5,369.2,0.371
169,-1,0.0,76.7,9.0,87.6,0.254
169,-1,538.1,191.9,14.8,45.1,0.245
169,-1,0.0,69.5,2.1,197.4,0.236
169,-1,295.5,0.9,201.4,259.5,0.195
169,-1,0.2,41.9,8.0,355.1,0.129
169,-1,558.7,204.7,13.5,33.6,0.114
169,-1,590.9,5.3,49.1,246.8,0.109
169,-1,494.9,187.1,18.3,65.5,0.094
169,-1,569.5,204.2,20.0,49.7,0.071
169,-1,493.7,199.9,11.4,46.9,0.067
169,-1,479.6,186.6,13.2,25.5,0.058
169,-1,565.4,202.0,18.8,37.8,0.053
169,-1,487.6,189.0,11.4,34.5,0.052
169,-1,0.4,35.1,34.2,434.9,0.051
170,-1,282.0,0.0,224.8,480.0,0.999
170,-1,179.7,4.5,100.9,442.9,0.999
170,-1,496.3,181.8,32.7,90.8,0.996
170,-1,0.0,0.0,223.3,480.0,0.995
170,-1,522.7,189.6,21.7,64.9,0.985
170,-1,546.0,203.5,18.6,41.1,0.819
170,-1,280.6,179.4,24.3,58.7,0.738
170,-1,0.0,75.7,9.8,201.0,0.604
170,-1,0.0,56.5,16.9,367.5,0.367
170,-1,489.5,190.9,17.8,72.1,0.356
170,-1,479.5,188.0,11.9,24.0,0.222
170,-1,285.0,179.8,20.1,33.0,0.208
170,-1,293.9,0.0,202.9,262.6,0.179
170,-1,0.0,76.1,7.9,78.9,0.147
170,-1,491.9,191.9,13.6,21.9,0.137
170,-1,0.0,79.9,38.0,277.4,0.132
170,-1,0.0,78.2,11.2,48.1,0.111
170,-1,0.1,86.6,5.6,120.3,0.088
170,-1,533.7,190.8,19.4,50.2,0.087
170,-1,559.0,205.3,20.6,66.0,0.079
170,-1,607.2,0.1,32.8,35.8,0.079
170,-1,0.0,39.1,11.2,111.3,0.074
170,-1,496.0,191.3,9.5,16.0,0.069
170,-1,0.0,66.2,2.9,180.5,0.062
170,-1,593.0,3.2,47.0,175.8,0.054
170,-1,0.1,76.9,1.7,237.0,0.053
171,-1,282.8,0.0,222.3,480.0,0.999
171,-1,177.5,4.9,103.3,440.9,0.999
171,-1,0.5,0.0,220.4,475.8,0.994
171,-1,280.1,179.4,24.5,59.8,0.794
171,-1,0.1,76.2,24.6,357.8,0.569
171,-1,0.0,74.1,10.9,190.9,0.495
171,-1,286.7,179.8,20.2,31.3,0.373
171,-1,0.0,77.4,9.1,64.9,0.295
171,-1,0.0,84.0,6.7,295.7,0.268
171,-1,591.3,0.0,47.7,178.8,0.261
171,-1,295.1,0.7,202.1,247.0,0.233
171,-1,610.5,0.5,29.4,78.7,0.111
171,-1,0.0,79.3,4.7,126.4,0.106
171,-1,1.3,0.0,168.1,295.5,0.098
171,-1,278.6,202.8,20.6,35.5,0.079
171,-1,0.0,76.1,42.1,267.5,0.064
171,-1,611.8,0.3,28.2,33.8,0.059
171,-1,297.1,180.0,15.7,32.1,0.059
171,-1,0.0,37.3,10.1,133.6,0.053
172,-1,286.2,0.0,224.2,480.0,0.999
172,-1,176.7,5.1,104.1,443.6,0.999
172,-1,0.0,0.0,221.9,480.0,0.995
172,-1,280.1,180.0,26.6,66.1,0.846
172,-1,609.8,126.1,30.0,71.2,0.607
172,-1,607.7,4.1,31.5,192.2,0.503
172,-1,0.0,70.5,10.4,204.0,0.367
172,-1,285.5,179.8,22.3,39.5,0.328
172,-1,616.3,0.0,23.6,71.6,0.274
172,-1,0.1,67.2,19.5,348.9,0.214
172,-1,278.3,201.5,22.7,41.6,0.197
172,-1,598.8,125.6,40.5,192.4,0.140
172,-1,0.0,76.9,9.2,65.9,0.118
172,-1,0.0,66.7,13.2,103.4,0.106
172,-1,589.5,15.3,50.1,264.0,0.095
172,-1,287.6,179.1,16.0,27.4,0.095
172,-1,615.8,0.1,24.1,31.7,0.087
172,-1,0.0,75.4,5.0,127.1,0.075
172,-1,0.0,46.2,39.3,411.8,0.073
172,-1,294.1,0.5,199.7,254.0,0.062
172,-1,0.0,69.3,2.9,175.5,0.051
173,-1,284.8,0.0,220.5,480.0,0.999
173,-1,177.9,5.9,102.5,441.7,0.999
173,-1,0.1,0.0,215.8,477.2,0.990
173,-1,281.1,179.8,24.0,68.3,0.966
173,-1,0.0,56.7,19.0,409.2,0.579
173,-1,0.0,73.5,11.7,175.8,0.453
173,-1,619.0,130.7,21.0,37.2,0.233
173,-1,0.0,77.7,9.6,63.4,0.206
173,-1,0.0,55.9,39.0,424.1,0.154
173,-1,0.0,64.8,6.3,281.4,0.119
173,-1,0.0,76.6,5.3,123.2,0.109
173,-1,297.7,0.5,195.5,259.6,0.078
173,-1,627.7,0.4,12.3,31.5,0.063
173,-1,0.0,64.5,2.6,180.8,0.061
173,-1,0.0,58.2,12.5,99.6,0.061
173,-1,283.4,179.5,24.8,40.6,0.057
173,-1,279.9,192.6,17.1,52.4,0.056
174,-1,285.2,0.0,218.6,480.0,0.999
174,-1,177.7,6.1,102.9,439.8,0.999
174,-1,0.1,0.0,216.6,478.0,0.994
174,-1,279.0,179.9,23.3,68.6,0.768
174,-1,0.0,52.4,19.8,411.4,0.402
174,-1,287.9,179.4,15.0,30.9,0.389
174,-1,0.0,71.0,11.6,177.5,0.279
174,-1,287.6,179.0,19.6,60.1,0.255
174,-1,554.0,113.7,23.5,56.6,0.119
174,-1,0.0,77.8,9.1,69.3,0.101
174,-1,294.7,1.2,199.1,256.5,0.085
174,-1,0.0,77.7,4.8,124.8,0.080
174,-1,0.2,44.5,9.1,339.9,0.065
174,-1,278.6,201.1,12.7,45.8,0.064
175,-1,178.2,10.6,102.1,433.4,0.999
175,-1,291.2,0.0,213.5,480.0,0.998
175,-1,0.2,0.0,216.1,477.4,0.996
175,-1,104.2,2.6,156.2,458.7,0.628
175,-1,626.9,136.7,13.0,24.2,0.280
175,-1,601.9,132.2,23.8,27.0,0.081
175,-1,0.1,15.0,38.5,459.6,0.057
176,-1,283.2,0.0,219.4,479.9,0.999
176,-1,177.7,9.4,102.7,439.2,0.998
176,-1,0.0,0.0,221.8,479.0,0.995
176,-1,0.0,35.7,21.7,429.0,0.132
176,-1,291.9,2.0,204.2,216.3,0.111
176,-1,0.0,72.2,10.0,194.0,0.085
176,-1,0.0,56.5,5.9,274.9,0.061
177,-1,285.4,0.5,218.2,479.5,0.999
177,-1,173.6,6.6,107.2,438.3,0.999
177,-1,0.0,0.0,217.0,479.5,0.995
177,-1,277.1,150.4,18.7,25.9,0.341
177,-1,293.9,1.9,200.4,233.9,0.282
177,-1,282.5,150.4,21.2,25.8,0.264
177,-1,0.0,39.5,22.4,419.4,0.251
177,-1,1.1,0.0,173.8,296.7,0.210
177,-1,0.0,72.2,10.8,178.6,0.207
177,-1,0.0,77.0,8.6,63.4,0.105
177,-1,0.0,52.6,6.1,275.1,0.088
177,-1,572.5,188.6,23.9,91.5,0.078
177,-1,280.7,150.6,13.3,14.2,0.064
177,-1,0.0,77.9,5.2,117.3,0.059
178,-1,172.9,5.2,111.6,440.6,0.999
178,-1,288.3,0.2,218.1,479.8,0.999
178,-1,0.0,0.0,217.0,480.0,0.998
178,-1,495.4,182.4,35.2,90.9,0.997
178,-1,521.8,188.0,21.8,68.3,0.986
178,-1,547.4,202.0,16.9,44.3,0.977
178,-1,573.8,201.5,13.7,38.3,0.836
178,-1,584.8,199.3,12.6,40.2,0.605
178,-1,0.0,55.9,31.1,402.5,0.535
178,-1,560.2,201.9,10.4,35.9,0.431
178,-1,0.0,69.1,10.8,178.8,0.420
178,-1,537.4,191.9,12.7,36.9,0.385
178,-1,568.0,201.0,15.3,38.6,0.266
178,-1,0.0,74.3,8.0,69.8,0.251
178,-1,0.0,65.6,16.7,333.7,0.229
178,-1,0.0,58.0,6.7,250.8,0.227
178,-1,297.1,0.3,197.6,255.7,0.182
178,-1,0.0,79.8,5.2,117.7,0.102
178,-1,0.0,72.7,3.3,169.7,0.085
178,-1,578.3,196.6,16.1,43.1,0.083
178,-1,563.2,201.8,12.0,38.4,0.083
178,-1,0.0,63.2,11.8,100.2,0.072
179,-1,176.4,7.1,105.2,438.9,0.999
179,-1,288.3,0.0,217.9,480.0,0.998
179,-1,0.2,0.0,214.6,478.0,0.997
179,-1,494.8,182.7,35.3,90.4,0.997
179,-1,521.9,188.8,21.0,68.2,0.986
179,-1,548.6,201.8,14.7,45.0,0.978
179,-1,574.5,202.0,12.8,37.7,0.868
179,-1,559.8,202.7,9.9,36.2,0.614
179,-1,586.1,202.2,11.4,37.5,0.525
179,-1,0.1,47.2,21.3,418.4,0.408
179,-1,0.0,68.5,10.6,181.8,0.385
179,-1,481.8,182.7,14.8,38.5,0.365
179,-1,479.5,188.4,12.2,27.1,0.313
179,-1,568.7,201.2,13.5,38.7,0.306
179,-1,537.0,192.5,12.1,41.0,0.248
179,-1,296.0,0.5,202.0,254.7,0.248
179,-1,0.0,74.4,7.7,74.0,0.169
179,-1,533.5,193.1,11.4,40.2,0.135
179,-1,578.7,200.1,14.5,39.7,0.112
179,-1,489.1,188.3,9.8,35.5,0.096
179,-1,0.1,76.9,4.3,148.1,0.095
179,-1,0.0,55.9,2.4,187.1,0.077
179,-1,0.0,34.7,6.1,296.0,0.076
179,-1,0.2,69.4,37.4,276.1,0.062
179,-1,554.2,199.9,17.0,42.9,0.060
179,-1,569.3,196.1,19.6,81.2,0.052
179,-1,0.0,52.7,12.2,102.6,0.051
180,-1,290.5,0.3,215.1,478.1,0.999
180,-1,169.6,7.4,112.5,435.8,0.999
180,-1,496.5,182.6,32.8,90.6,0.998
180,-1,0.0,0.0,216.2,480.0,0.997
180,-1,522.0,188.0,22.4,69.8,0.985
180,-1,548.4,201.5,15.2,44.6,0.980
180,-1,572.0,200.8,14.9,39.3,0.822
180,-1,586.2,201.2,11.4,38.7,0.637
180,-1,297.9,1.0,200.3,249.9,0.593
180,-1,558.9,200.4,10.4,38.6,0.514
180,-1,0.0,53.2,31.8,409.7,0.435
180,-1,0.0,66.2,9.5,180.8,0.390
180,-1,0.0,44.0,15.9,424.0,0.374
180,-1,580.4,198.3,14.0,41.2,0.250
180,-1,0.0,72.4,7.0,75.9,0.209
180,-1,537.4,193.3,13.2,42.4,0.146
180,-1,482.3,187.4,14.5,34.6,0.145
180,-1,0.0,76.7,4.0,150.5,0.085
180,-1,0.0,57.0,11.2,110.4,0.062
180,-1,480.4,187.0,11.4,26.3,0.061
180,-1,0.0,34.0,1.9,231.5,0.057
181,-1,275.9,0.0,231.0,480.0,1.000
181,-1,170.1,5.3,111.5,438.5,0.999
181,-1,0.0,0.0,217.3,480.0,0.997
181,-1,496.8,182.2,32.2,90.8,0.997
181,-1,523.8,188.7,20.4,68.9,0.987
181,-1,548.3,200.5,14.8,46.3,0.985
181,-1,568.3,198.6,18.8,44.8,0.849
181,-1,585.6,203.4,11.4,36.5,0.599
181,-1,0.0,53.5,19.8,404.7,0.524
181,-1,0.0,67.2,10.1,181.2,0.456
181,-1,297.9,0.3,201.1,258.2,0.408
181,-1,552.6,199.2,15.8,44.6,0.398
181,-1,580.3,198.8,14.3,40.9,0.233
181,-1,0.0,72.0,7.2,75.2,0.224
181,-1,537.4,190.6,15.6,46.3,0.221
181,-1,0.3,29.3,8.8,346.5,0.171
181,-1,0.2,44.9,36.7,431.9,0.148
181,-1,0.0,60.8,30.0,245.3,0.127
181,-1,560.0,200.7,9.1,38.4,0.116
181,-1,0.0,78.2,4.5,151.3,0.099
181,-1,482.9,186.6,13.2,31.5,0.096
181,-1,481.6,188.3,9.7,23.7,0.081
181,-1,568.9,205.8,10.4,38.5,0.078
181,-1,534.3,193.5,12.6,43.7,0.071
181,-1,0.0,42.2,2.1,222.4,0.067
181,-1,0.0,56.8,11.8,108.8,0.062
181,-1,511.5,181.6,34.3,83.5,0.057
181,-1,538.0,191.3,10.7,33.6,0.053
182,-1,282.5,0.0,226.6,480.0,0.999
182,-1,178.9,9.1,103.5,433.8,0.999
182,-1,497.5,183.1,30.8,89.9,0.998
182,-1,0.3,0.0,214.0,477.4,0.996
182,-1,522.2,188.5,22.5,70.2,0.986
182,-1,548.1,200.5,18.6,45.5,0.966
182,-1,284.9,178.8,25.9,56.4,0.830
182,-1,568.5,199.2,17.8,44.8,0.691
182,-1,575.7,202.5,11.6,36.9,0.610
182,-1,559.2,200.5,9.9,39.2,0.563
182,-1,0.0,74.7,9.1,173.6,0.502
182,-1,0.0,50.2,30.9,423.0,0.460
182,-1,291.5,179.8,16.7,35.5,0.406
182,-1,585.4,203.6,11.6,36.0,0.388
182,-1,0.0,74.5,7.1,72.3,0.353
182,-1,0.0,67.5,20.6,295.3,0.295
182,-1,579.7,198.7,14.5,41.0,0.179
182,-1,535.0,193.9,12.4,42.9,0.173
182,-1,483.4,186.7,10.2,22.8,0.140
182,-1,0.2,32.9,9.1,342.0,0.135
182,-1,0.0,75.8,5.2,126.1,0.119
182,-1,296.2,0.5,204.0,260.7,0.119
182,-1,0.0,55.7,2.1,213.8,0.086
182,-1,554.1,202.9,19.7,43.2,0.074
182,-1,0.0,59.6,9.9,106.4,0.074
182,-1,574.3,198.7,17.1,50.8,0.071
182,-1,296.3,179.4,18.5,39.2,0.069
182,-1,296.2,178.4,16.2,23.5,0.056
182,-1,564.4,202.4,13.5,41.8,0.050
183,-1,288.7,0.0,220.5,480.0,0.999
183,-1,176.4,6.7,103.8,440.0,0.999
183,-1,498.1,184.9,30.0,88.0,0.998
183,-1,1.1,0.0,214.7,476.7,0.998
183,-1,522.3,188.3,23.2,70.5,0.991
183,-1,547.4,201.8,20.4,45.2,0.977
183,-1,284.5,178.9,28.2,58.7,0.884
183,-1,568.2,198.2,18.5,46.0,0.804
183,-1,575.1,202.4,12.1,36.7,0.606
183,-1,584.9,200.8,12.3,38.7,0.570
183,-1,0.0,68.6,9.7,190.9,0.438
183,-1,560.1,199.7,9.4,38.7,0.430
183,-1,290.5,179.7,19.0,39.8,0.357
183,-1,0.1,54.1,14.5,419.0,0.327
183,-1,0.0,66.0,34.4,396.5,0.309
183,-1,0.0,75.1,7.2,68.6,0.226
183,-1,295.7,2.6,204.5,248.1,0.172
183,-1,299.2,179.1,15.5,37.1,0.149
183,-1,0.0,74.3,5.1,126.4,0.136
183,-1,292.1,180.6,12.2,22.4,0.124
183,-1,0.0,59.4,27.1,247.4,0.110
183,-1,301.7,178.7,12.8,22.7,0.090
183,-1,0.0,66.1,11.5,108.8,0.063
183,-1,531.7,189.7,14.7,56.3,0.061
184,-1,290.8,0.0,217.4,480.0,0.999
184,-1,176.3,6.7,103.8,439.8,0.999
184,-1,499.0,182.3,29.1,90.6,0.998
184,-1,0.0,0.0,216.9,479.8,0.997
184,-1,523.9,187.2,24.7,71.3,0.993
184,-1,548.0,202.4,19.9,44.3,0.975
184,-1,285.7,180.2,26.6,61.0,0.805
184,-1,568.9,200.0,15.5,43.5,0.795
184,-1,292.3,179.3,23.2,42.5,0.722
184,-1,584.8,200.3,12.2,38.5,0.562
184,-1,0.1,47.1,21.1,421.9,0.538
184,-1,0.0,69.1,10.1,186.8,0.499
184,-1,301.6,0.6,198.6,258.6,0.383
184,-1,575.0,198.6,15.0,40.6,0.350
184,-1,0.0,76.8,7.2,69.8,0.214
184,-1,291.4,180.1,13.5,26.8,0.167
184,-1,558.0,201.2,10.2,41.8,0.153
184,-1,0.0,76.6,4.7,129.0,0.111
184,-1,0.1,72.6,36.6,293.5,0.095
184,-1,0.1,66.1,2.7,171.1,0.079
184,-1,302.4,179.6,13.3,27.4,0.065
184,-1,285.0,190.1,16.5,49.6,0.054
184,-1,0.0,134.9,50.7,329.0,0.051
185,-1,290.5,0.0,220.7,480.0,0.999
185,-1,176.9,6.9,103.0,440.8,0.999
185,-1,0.5,0.0,214.8,476.8,0.997
185,-1,498.7,182.9,29.2,89.5,0.997
185,-1,523.9,186.6,27.0,71.6,0.987
185,-1,547.8,202.1,19.7,44.7,0.966
185,-1,567.6,200.4,13.1,42.9,0.885
185,-1,292.3,178.2,25.9,59.3,0.876
185,-1,571.2,200.6,15.5,41.0,0.838
185,-1,584.8,202.4,12.3,36.8,0.550
185,-1,550.8,207.3,11.1,39.0,0.531
185,-1,285.7,181.2,21.7,68.7,0.470
185,-1,0.0,60.0,20.3,404.7,0.408
185,-1,0.0,71.5,9.5,187.9,0.400
185,-1,301.9,0.3,200.0,231.4,0.369
185,-1,0.0,78.4,7.3,68.6,0.314
185,-1,556.8,200.3,11.2,42.4,0.292
185,-1,280.3,185.8,19.5,61.7,0.107
185,-1,0.0,76.3,4.7,130.7,0.104
185,-1,0.0,59.9,28.0,246.3,0.090
185,-1,0.0,18.7,38.9,445.4,0.090
185,-1,536.7,198.6,14.9,36.7,0.067
185,-1,0.1,56.4,2.3,192.6,0.057
185,-1,291.1,180.4,14.5,36.3,0.056
186,-1,293.0,0.0,222.1,480.0,0.999
186,-1,178.5,9.5,102.5,437.1,0.999
186,-1,497.8,183.3,30.1,89.6,0.997
186,-1,0.0,0.0,219.7,479.3,0.997
186,-1,524.3,186.0,25.8,72.2,0.993
186,-1,548.7,199.7,17.5,47.2,0.982
186,-1,288.2,178.3,30.8,70.8,0.961
186,-1,568.1,201.7,17.3,42.5,0.922
186,-1,285.1,188.2,18.5,67.3,0.690
186,-1,584.4,202.4,12.7,37.5,0.626
186,-1,0.0,76.3,8.4,200.4,0.354
186,-1,0.1,84.4,34.7,380.7,0.339
186,-1,304.4,1.4,198.3,230.8,0.316
186,-1,0.0,90.2,16.9,371.6,0.264
186,-1,0.0,81.6,6.3,51.7,0.227
186,-1,539.1,199.8,11.0,38.6,0.176
186,-1,0.0,59.1,25.9,279.8,0.159
186,-1,299.7,178.8,18.9,53.5,0.132
186,-1,0.0,81.7,4.6,141.0,0.122
186,-1,0.1,79.0,1.5,241.6,0.087
186,-1,575.9,198.0,12.3,41.0,0.085
186,-1,291.9,181.1,12.6,25.5,0.085
186,-1,540.8,199.5,15.9,42.3,0.080
186,-1,580.7,196.8,13.0,42.2,0.066
186,-1,557.2,200.8,10.9,42.6,0.053
186,-1,89.7,0.5,170.9,461.1,0.052
186,-1,286.4,203.8,12.9,45.9,0.051
187,-1,291.6,0.0,225.2,480.0,0.999
187,-1,177.0,6.1,102.8,440.5,0.998
187,-1,1.7,0.0,215.9,480.0,0.998
187,-1,497.9,183.7,30.2,89.1,0.997
187,-1,525.0,186.8,24.6,71.8,0.991
187,-1,548.2,200.0,18.4,47.4,0.980
187,-1,294.3,178.1,24.6,64.0,0.946
187,-1,286.3,201.0,13.5,55.1,0.819
187,-1,567.4,200.4,10.2,44.0,0.786
187,-1,525.3,195.0,11.0,61.6,0.550
187,-1,571.5,201.1,14.9,40.8,0.541
187,-1,584.3,203.3,12.7,37.0,0.401
187,-1,305.3,1.8,196.7,230.7,0.353
187,-1,513.0,184.6,30.0,82.3,0.328
187,-1,285.8,179.8,28.4,78.0,0.326
187,-1,538.8,198.9,11.5,39.2,0.290
187,-1,0.0,69.0,7.6,195.8,0.266
187,-1,0.1,62.2,15.4,411.1,0.218
187,-1,278.3,187.9,17.6,63.8,0.129
187,-1,0.0,80.8,6.1,56.5,0.127
187,-1,0.1,82.7,4.2,137.7,0.105
187,-1,559.9,201.0,9.1,39.0,0.104
187,-1,285.4,180.1,19.2,57.8,0.090
187,-1,0.0,83.9,32.8,380.8,0.082
187,-1,0.2,50.7,9.1,329.1,0.064
187,-1,313.5,172.2,23.3,41.4,0.062
187,-1,0.0,64.9,2.5,182.3,0.060
187,-1,291.3,180.3,14.0,27.3,0.059
187,-1,0.0,60.7,27.2,257.8,0.055
188,-1,295.2,0.0,223.4,480.0,0.999
188,-1,176.8,8.1,102.4,438.5,0.999
188,-1,0.6,0.0,216.2,480.0,0.997
188,-1,498.6,183.8,29.3,88.3,0.996
188,-1,525.2,188.9,24.2,70.3,0.993
188,-1,550.2,198.4,14.7,49.2,0.992
188,-1,293.2,178.1,27.5,65.1,0.979
188,-1,567.4,202.6,11.5,42.0,0.925
188,-1,287.6,207.3,11.2,49.7,0.780
188,-1,571.8,202.0,14.1,40.7,0.633
188,-1,286.0,184.1,19.5,72.3,0.601
188,-1,585.2,204.2,12.6,36.0,0.394
188,-1,512.5,185.0,29.5,82.3,0.274
188,-1,539.8,195.2,11.0,45.9,0.182
188,-1,313.2,0.9,189.6,243.5,0.157
188,-1,279.6,189.2,17.2,64.3,0.154
188,-1,0.0,58.8,7.1,179.2,0.110
188,-1,0.0,82.4,34.6,378.5,0.084
188,-1,559.6,201.7,9.3,38.9,0.080
188,-1,291.6,180.0,14.0,28.3,0.078
188,-1,579.6,194.6,17.4,44.3,0.064
188,-1,287.8,178.4,19.9,44.3,0.054
189,-1,295.5,0.0,223.1,480.0,0.999
189,-1,176.3,7.0,103.1,440.7,0.999
189,-1,0.0,0.0,217.4,476.9,0.998
189,-1,498.3,182.3,30.0,90.4,0.996
189,-1,525.7,188.3,22.9,71.2,0.990
189,-1,293.2,178.0,29.1,68.1,0.984
189,-1,548.9,198.6,17.2,48.0,0.967
189,-1,566.5,200.2,11.6,45.2,0.901
189,-1,286.1,183.7,18.6,74.6,0.758
189,-1,570.2,200.9,15.9,41.4,0.436
189,-1,584.8,197.6,12.5,42.5,0.390
189,-1,312.3,0.1,191.6,250.1,0.384
189,-1,279.3,189.8,17.9,65.0,0.280
189,-1,0.0,55.7,7.9,190.1,0.167
189,-1,508.9,184.1,31.1,84.9,0.157
189,-1,556.5,199.9,12.4,43.5,0.128
189,-1,544.7,198.5,14.9,39.2,0.113
189,-1,539.8,194.0,9.8,45.3,0.111
189,-1,541.9,200.8,10.9,36.7,0.097
189,-1,539.4,193.2,18.0,53.4,0.084
189,-1,0.0,41.3,5.2,305.4,0.070
189,-1,567.0,201.9,10.6,17.5,0.063
189,-1,287.1,179.3,19.2,42.4,0.054
190,-1,297.0,0.0,217.3,480.0,0.999
190,-1,176.1,7.2,103.0,440.0,0.999
190,-1,0.2,0.0,217.9,478.6,0.997
190,-1,499.1,183.5,29.0,88.8,0.996
190,-1,525.7,188.3,22.6,71.6,0.990
190,-1,294.0,178.4,27.4,64.5,0.983
190,-1,549.1,198.4,19.0,47.6,0.961
190,-1,565.9,200.3,12.7,44.8,0.883
190,-1,286.4,197.2,12.6,59.5,0.754
190,-1,287.2,179.2,26.8,76.7,0.599
190,-1,313.1,0.0,192.4,253.5,0.404
190,-1,574.4,201.7,12.6,37.7,0.270
190,-1,584.4,198.3,13.9,40.9,0.262
190,-1,0.0,51.1,9.1,179.6,0.200
190,-1,279.1,187.9,17.6,65.0,0.160
190,-1,540.0,196.9,11.2,42.2,0.155
190,-1,567.6,197.0,20.4,66.7,0.131
190,-1,577.9,195.7,19.4,55.9,0.122
190,-1,533.9,191.5,18.1,54.6,0.101
190,-1,0.0,48.7,5.7,289.9,0.090
190,-1,287.7,178.8,19.0,43.1,0.066
190,-1,0.0,85.1,5.6,64.8,0.062
190,-1,557.4,199.3,18.8,46.2,0.060
190,-1,0.1,82.6,3.6,139.4,0.055
191,-1,293.3,0.0,225.1,480.0,1.000
191,-1,177.5,9.5,102.0,437.6,0.998
191,-1,0.0,0.0,221.0,480.0,0.998
191,-1,498.5,182.4,29.8,90.2,0.997
191,-1,525.0,186.8,27.1,72.7,0.995
191,-1,294.9,178.5,25.1,62.4,0.969
191,-1,549.4,198.0,18.7,49.0,0.949
191,-1,565.4,201.4,13.1,44.0,0.905
191,-1,286.6,198.7,11.6,58.4,0.604
191,-1,286.3,184.5,18.7,71.1,0.600
191,-1,570.1,200.3,15.8,43.0,0.500
191,-1,311.0,0.8,196.5,253.3,0.272
191,-1,0.0,64.4,7.8,193.7,0.224
191,-1,584.9,207.9,10.8,31.9,0.220
191,-1,581.8,195.1,15.5,45.6,0.182
191,-1,279.5,188.0,17.4,65.1,0.166
191,-1,575.8,199.1,14.2,42.4,0.162
191,-1,557.9,200.5,10.8,43.0,0.161
191,-1,91.1,1.6,170.4,458.0,0.062
191,-1,0.3,23.1,13.9,416.9,0.059
191,-1,0.1,85.2,3.7,126.5,0.059
191,-1,288.3,178.9,18.5,43.7,0.050
192,-1,297.5,0.0,215.6,480.0,0.999
192,-1,176.9,9.1,102.6,437.1,0.998
192,-1,498.0,181.9,30.5,90.6,0.996
192,-1,0.8,0.0,216.7,480.0,0.996
192,-1,525.5,185.7,25.5,73.8,0.995
192,-1,295.1,178.7,24.8,64.4,0.973
192,-1,550.0,200.7,14.8,46.2,0.922
192,-1,565.9,202.5,12.6,43.0,0.806
192,-1,286.7,198.8,11.5,58.1,0.747
192,-1,285.9,184.2,19.1,70.3,0.465
192,-1,575.3,203.7,11.3,35.7,0.416
192,-1,585.4,206.6,10.4,33.8,0.377
192,-1,555.6,200.4,12.8,42.2,0.305
192,-1,508.8,182.7,31.2,86.7,0.302
192,-1,581.2,194.6,15.9,45.9,0.270
192,-1,0.0,51.3,8.0,181.6,0.219
192,-1,558.2,201.4,16.6,44.2,0.207
192,-1,570.1,202.3,13.8,40.1,0.188
192,-1,277.8,185.9,19.6,66.3,0.137
192,-1,305.3,2.2,200.3,229.5,0.085
192,-1,0.0,61.8,5.7,271.3,0.075
192,-1,0.0,77.2,4.1,123.2,0.065
192,-1,0.0,29.3,20.7,407.2,0.061
192,-1,0.0,60.0,2.4,182.0,0.057
193,-1,294.9,0.0,216.7,480.0,0.999
193,-1,176.1,7.6,102.7,439.0,0.998
193,-1,498.1,183.4,30.4,89.3,0.997
193,-1,0.2,0.0,215.5,477.2,0.996
193,-1,528.3,184.9,23.1,74.6,0.993
193,-1,295.6,179.1,24.0,60.1,0.953
193,-1,548.7,196.5,19.1,50.8,0.948
193,-1,286.3,181.4,19.4,73.9,0.796
193,-1,566.7,200.9,17.2,44.6,0.727
193,-1,575.4,204.8,11.3,35.3,0.489
193,-1,285.6,198.6,13.2,55.7,0.276
193,-1,585.5,207.4,10.4,33.5,0.243
193,-1,558.4,200.0,10.4,41.6,0.213
193,-1,580.8,195.7,16.0,45.2,0.153
193,-1,534.0,191.6,31.3,63.4,0.128
193,-1,288.0,179.1,18.6,43.5,0.125
193,-1,285.3,200.8,10.4,31.9,0.081
193,-1,0.0,50.2,10.0,182.8,0.064
194,-1,292.1,0.0,224.2,479.1,1.000
194,-1,177.6,8.8,102.3,438.4,0.998
194,-1,0.0,0.0,220.6,479.5,0.997
194,-1,497.8,182.9,31.0,89.8,0.997
194,-1,524.7,186.0,25.7,74.7,0.988
194,-1,548.3,197.6,19.5,51.1,0.928
194,-1,295.5,178.6,23.7,56.7,0.923
194,-1,286.2,181.2,20.0,71.6,0.728
194,-1,566.2,201.0,18.7,44.6,0.692
194,-1,574.7,203.8,12.0,35.9,0.603
194,-1,285.0,201.9,13.0,48.7,0.394
194,-1,585.1,208.2,11.8,32.6,0.232
194,-1,555.5,201.6,19.4,45.5,0.204
194,-1,291.5,180.7,13.2,29.5,0.139
194,-1,289.7,178.0,22.4,44.9,0.138
194,-1,542.8,192.2,10.8,46.2,0.105
194,-1,295.3,180.6,10.2,48.9,0.075
194,-1,577.6,196.8,17.0,44.3,0.066
194,-1,306.2,3.6,201.5,236.8,0.061
194,-1,285.3,202.5,10.4,17.8,0.061
194,-1,3.5,0.0,169.7,283.1,0.059
194,-1,529.5,188.6,33.6,65.5,0.058
194,-1,559.7,202.4,9.5,37.4,0.057
194,-1,566.0,194.3,28.1,83.7,0.053
195,-1,293.3,0.0,219.9,480.0,0.999
195,-1,175.9,7.4,102.6,440.9,0.998
195,-1,0.5,0.0,213.9,477.5,0.996
195,-1,496.8,182.1,32.7,91.9,0.996
195,-1,525.6,190.1,26.2,72.0,0.986
195,-1,549.2,197.5,18.2,51.0,0.920
195,-1,295.8,178.1,20.9,51.6,0.850
195,-1,565.6,200.5,13.2,44.3,0.752
195,-1,285.6,180.5,18.4,60.0,0.621
195,-1,574.5,203.7,11.2,36.1,0.352
195,-1,543.3,193.0,11.7,52.7,0.268
195,-1,523.6,190.3,16.8,65.6,0.206
195,-1,542.0,190.4,10.7,36.8,0.179
195,-1,525.4,191.1,13.6,37.6,0.157
195,-1,557.1,199.7,11.3,46.1,0.141
195,-1,570.2,200.5,16.9,52.4,0.136
195,-1,537.3,194.4,28.7,59.6,0.126
195,-1,291.2,179.3,12.9,29.2,0.123
195,-1,280.9,186.6,16.7,56.9,0.120
195,-1,294.4,181.2,11.5,50.6,0.093
195,-1,579.7,197.3,15.6,48.0,0.093
195,-1,314.8,3.4,190.7,241.2,0.065
195,-1,273.4,189.9,19.5,58.4,0.052
196,-1,294.5,0.0,218.4,480.0,0.999
196,-1,174.8,11.9,104.0,431.4,0.998
196,-1,0.1,0.0,212.7,478.4,0.997
196,-1,497.1,181.8,32.8,92.1,0.995
196,-1,524.9,188.2,28.4,73.4,0.993
196,-1,549.3,198.0,17.5,50.4,0.902
196,-1,295.3,177.6,20.5,52.6,0.897
196,-1,564.9,202.3,13.1,43.0,0.851
196,-1,574.9,200.6,11.2,38.4,0.684
196,-1,285.0,180.0,19.8,59.0,0.430
196,-1,546.5,198.0,12.2,49.8,0.360
196,-1,566.3,201.1,20.1,49.3,0.354
196,-1,577.3,197.4,16.1,42.7,0.241
196,-1,573.0,196.0,17.7,78.7,0.216
196,-1,280.2,184.9,17.0,54.2,0.149
196,-1,556.3,199.8,11.6,37.0,0.134
196,-1,550.1,209.7,10.5,39.0,0.103
196,-1,523.7,188.9,16.1,67.7,0.089
196,-1,274.3,187.1,17.6,51.6,0.088
196,-1,0.1,37.7,35.0,293.1,0.080
196,-1,559.0,200.2,13.1,45.5,0.071
196,-1,495.8,188.1,22.5,71.6,0.064
196,-1,305.1,7.0,202.2,228.6,0.060
197,-1,287.1,0.0,226.6,480.0,0.999
197,-1,173.5,12.5,104.6,432.0,0.999
197,-1,0.7,0.0,213.5,478.9,0.997
197,-1,497.8,182.7,31.5,89.5,0.996
197,-1,527.9,187.4,28.6,74.6,0.993
197,-1,295.3,178.2,21.0,45.1,0.877
197,-1,548.7,198.3,18.5,50.2,0.866
197,-1,565.8,201.2,18.7,44.7,0.669
197,-1,574.1,202.4,12.9,37.0,0.556
197,-1,523.8,189.7,20.1,71.6,0.310
197,-1,558.6,202.9,16.8,43.6,0.309
197,-1,286.1,177.5,28.3,59.1,0.208
197,-1,545.1,198.1,14.1,49.8,0.144
197,-1,558.9,202.2,9.8,35.7,0.140
197,-1,579.6,197.5,16.0,48.7,0.132
197,-1,282.4,205.2,14.2,31.1,0.126
197,-1,305.0,2.3,202.4,222.4,0.122
197,-1,571.9,196.9,17.6,80.9,0.094
197,-1,531.5,217.2,22.7,43.5,0.084
197,-1,278.5,182.0,23.9,55.6,0.074
197,-1,527.0,192.8,11.7,32.0,0.060
198,-1,284.6,0.0,230.2,480.0,0.999
198,-1,172.8,10.4,104.1,436.2,0.998
198,-1,0.0,0.0,212.4,479.0,0.995
198,-1,497.2,182.5,31.5,90.5,0.995
198,-1,524.8,187.7,36.9,74.0,0.992
198,-1,295.0,178.1,19.9,46.0,0.856
198,-1,563.7,200.5,14.8,45.1,0.764
198,-1,547.7,195.8,16.6,52.7,0.573
198,-1,557.3,201.1,10.5,39.1,0.406
198,-1,574.4,205.0,12.1,34.6,0.368
198,-1,282.5,207.3,14.0,31.5,0.280
198,-1,285.6,177.8,27.3,58.2,0.264
198,-1,567.9,199.9,17.2,43.6,0.230
198,-1,276.0,185.5,19.4,52.3,0.155
198,-1,576.1,195.3,18.1,44.5,0.104
198,-1,550.2,217.7,10.1,30.7,0.086
198,-1,308.3,3.1,201.7,269.1,0.082
198,-1,571.9,197.8,17.7,79.8,0.054
198,-1,496.0,188.3,19.9,69.0,0.053
198,-1,298.4,177.3,15.5,23.1,0.051
199,-1,283.6,0.0,231.6,480.0,0.999
199,-1,174.9,11.6,105.1,433.7,0.999
199,-1,497.0,183.2,31.5,89.4,0.996
199,-1,0.0,0.0,208.4,479.2,0.993
199,-1,525.6,185.9,34.0,75.8,0.993
199,-1,563.2,200.4,12.0,45.4,0.876
199,-1,294.2,178.2,21.8,47.8,0.868
199,-1,573.4,205.5,12.5,34.8,0.615
199,-1,547.7,201.7,15.0,46.6,0.519
199,-1,566.9,201.0,16.6,44.3,0.446
199,-1,555.2,202.1,10.6,41.6,0.234
199,-1,580.1,195.8,14.8,47.4,0.169
199,-1,281.4,181.0,26.5,59.6,0.112
199,-1,302.2,2.8,202.5,219.3,0.110
199,-1,282.7,200.5,12.4,38.3,0.103
199,-1,573.4,198.3,17.6,52.0,0.095
199,-1,272.0,187.1,21.4,58.6,0.092
199,-1,0.0,0.0,41.4,467.9,0.075
199,-1,539.6,187.7,22.7,55.8,0.070
199,-1,0.2,20.1,17.6,417.1,0.066
199,-1,523.8,188.0,21.3,68.3,0.051
200,-1,278.5,0.0,234.4,480.0,0.999
200,-1,172.5,7.8,103.8,441.7,0.999
200,-1,0.0,0.0,213.7,480.0,0.998
200,-1,496.7,184.2,31.8,88.6,0.996
200,-1,523.6,184.5,35.6,78.3,0.994
200,-1,293.8,178.1,19.5,44.6,0.790
200,-1,551.8,205.8,13.7,42.3,0.684
200,-1,269.5,187.6,23.6,49.2,0.643
200,-1,562.8,200.6,12.9,45.1,0.595
200,-1,573.1,203.7,12.5,36.5,0.503
200,-1,580.6,193.0,15.0,49.2,0.174
200,-1,239.9,72.2,17.2,18.6,0.169
200,-1,275.4,177.7,35.5,53.2,0.124
200,-1,545.8,197.4,15.3,49.3,0.118
200,-1,564.6,199.9,20.6,45.4,0.116
200,-1,538.1,188.8,24.5,62.6,0.108
200,-1,298.7,2.1,202.3,231.0,0.101
200,-1,296.4,177.3,18.1,25.3,0.092
200,-1,0.1,30.0,33.1,322.0,0.077
200,-1,523.1,188.8,19.3,67.0,0.077
200,-1,549.8,222.3,9.9,25.9,0.066
200,-1,269.6,192.1,22.6,15.6,0.066
200,-1,241.4,73.7,31.1,76.7,0.063
201,-1,285.3,0.0,226.2,480.0,0.999
201,-1,169.3,11.4,106.0,436.3,0.999
201,-1,0.0,0.0,210.6,480.0,0.997
201,-1,495.7,183.1,33.1,91.0,0.997
201,-1,527.1,185.6,30.5,76.3,0.994
201,-1,293.8,177.6,21.2,43.7,0.841
201,-1,268.3,188.5,23.9,50.5,0.811
201,-1,550.2,205.3,14.5,41.1,0.737
201,-1,573.0,203.9,13.0,36.8,0.603
201,-1,557.6,202.0,15.6,44.3,0.479
201,-1,285.5,178.1,27.2,56.4,0.388
201,-1,523.4,189.2,17.1,67.2,0.320
201,-1,304.5,3.0,198.2,243.3,0.207
201,-1,268.9,187.3,22.9,23.2,0.154
201,-1,583.5,198.1,12.6,40.6,0.126
201,-1,576.7,197.2,16.6,44.0,0.126
201,-1,572.1,197.9,15.6,79.8,0.126
201,-1,0.0,0.0,19.8,301.6,0.104
201,-1,543.2,192.3,20.1,57.9,0.088
201,-1,297.2,177.4,16.2,22.2,0.078
201,-1,0.0,0.0,37.0,432.5,0.076
201,-1,293.0,179.4,11.2,24.2,0.068
201,-1,269.0,180.2,39.9,68.8,0.061
201,-1,549.8,219.6,9.7,27.5,0.053
202,-1,280.0,0.0,235.9,480.0,0.999
202,-1,163.8,14.9,100.7,432.6,0.997
202,-1,495.6,184.5,30.9,88.1,0.996
202,-1,0.0,0.0,211.0,480.0,0.994
202,-1,525.7,186.3,30.6,77.4,0.992
202,-1,267.5,187.8,24.2,50.8,0.938
202,-1,293.5,179.7,17.8,40.2,0.886
202,-1,549.5,204.8,14.7,42.8,0.802
202,-1,572.9,206.5,11.7,34.4,0.777
202,-1,560.2,208.8,13.8,36.9,0.345
202,-1,512.1,185.7,36.7,84.8,0.281
202,-1,268.1,188.8,23.2,21.0,0.207
202,-1,0.2,41.5,15.0,430.3,0.157
202,-1,549.0,217.0,10.7,31.7,0.150
202,-1,269.0,181.1,33.7,66.9,0.148
202,-1,298.7,178.4,12.6,20.9,0.119
202,-1,291.1,2.7,211.6,233.5,0.118
202,-1,519.9,187.9,16.8,64.4,0.114
202,-1,279.9,179.0,31.1,59.7,0.113
202,-1,582.1,205.5,10.5,34.0,0.098
202,-1,571.9,199.5,14.5,76.9,0.092
202,-1,0.0,31.3,33.5,311.4,0.086
202,-1,576.8,191.4,17.1,47.8,0.086
202,-1,0.7,1.9,44.5,474.5,0.082
202,-1,0.0,0.0,18.3,302.0,0.081
202,-1,557.6,205.5,10.2,39.8,0.070
202,-1,0.5,0.0,157.5,289.1,0.062
203,-1,281.2,0.0,233.0,480.0,0.999
203,-1,495.1,184.1,29.9,88.5,0.997
203,-1,524.2,186.9,30.3,76.9,0.996
203,-1,154.3,15.8,108.4,431.9,0.994
203,-1,0.3,0.0,205.7,478.3,0.992
203,-1,267.5,188.2,23.4,50.1,0.941
203,-1,290.0,178.5,22.2,45.0,0.905
203,-1,548.4,206.1,15.6,42.1,0.722
203,-1,572.0,205.4,13.2,35.0,0.641
203,-1,305.6,1.5,195.0,257.4,0.337
203,-1,570.9,198.6,17.3,79.9,0.260
203,-1,559.9,210.1,13.7,36.3,0.217
203,-1,277.9,178.5,32.2,67.5,0.184
203,-1,198.4,80.9,62.9,364.5,0.162
203,-1,537.9,194.0,24.8,61.0,0.158
203,-1,548.1,218.0,9.5,30.8,0.137
203,-1,236.6,188.6,21.0,67.5,0.110
203,-1,519.8,187.8,17.6,68.0,0.105
203,-1,0.1,35.3,33.1,300.9,0.098
203,-1,0.2,36.0,15.0,424.7,0.092
203,-1,0.0,0.6,18.5,282.8,0.087
203,-1,1.3,0.3,155.6,302.7,0.084
203,-1,521.6,190.0,8.3,17.9,0.071
203,-1,580.8,204.1,11.9,36.0,0.071
203,-1,268.2,190.7,22.1,19.3,0.071
203,-1,564.7,201.6,18.1,42.7,0.067
204,-1,272.1,0.0,244.7,480.0,0.999
204,-1,494.5,184.9,29.7,88.4,0.997
204,-1,159.1,16.5,99.0,411.0,0.996
204,-1,0.0,0.0,208.3,480.0,0.993
204,-1,524.9,188.8,27.0,75.8,0.993
204,-1,289.7,178.1,20.9,43.7,0.812
204,-1,570.4,204.3,15.7,36.8,0.806
204,-1,266.7,188.7,25.4,49.2,0.790
204,-1,546.8,201.1,17.4,47.9,0.757
204,-1,568.7,203.3,19.6,66.3,0.702
204,-1,557.2,206.0,14.0,41.1,0.665
204,-1,561.4,197.3,31.5,84.0,0.511
204,-1,274.8,180.3,32.9,52.6,0.475
204,-1,546.2,209.1,11.1,40.3,0.458
204,-1,536.4,193.1,12.5,62.9,0.314
204,-1,302.2,0.0,195.4,260.2,0.247
204,-1,519.8,191.5,15.1,70.0,0.218
204,-1,580.5,207.0,11.7,33.6,0.163
204,-1,519.0,201.1,9.8,53.0,0.087
204,-1,268.0,182.5,32.6,72.6,0.076
204,-1,519.4,224.2,9.0,31.4,0.072
204,-1,541.5,195.7,13.4,53.4,0.064
204,-1,501.2,185.5,42.9,89.7,0.059
204,-1,293.8,179.0,16.5,23.7,0.058
204,-1,551.0,210.9,10.6,28.7,0.053
204,-1,3.1,0.0,156.6,308.6,0.050
205,-1,279.2,0.0,233.8,480.0,0.999
205,-1,157.8,20.1,96.5,405.8,0.997
205,-1,494.9,184.6,29.5,88.9,0.995
205,-1,0.0,0.0,204.9,479.7,0.995
205,-1,520.9,187.2,26.2,77.7,0.991
205,-1,571.5,204.0,13.9,36.5,0.868
205,-1,544.7,199.9,18.6,50.6,0.849
205,-1,266.8,189.2,25.4,50.6,0.845
205,-1,568.7,203.8,20.2,52.8,0.776
205,-1,286.8,179.3,23.6,43.1,0.730
205,-1,531.7,188.9,19.4,71.6,0.603
205,-1,559.0,194.0,34.2,86.9,0.587
205,-1,556.2,200.9,15.9,46.6,0.573
205,-1,276.0,178.9,33.2,57.6,0.518
205,-1,298.4,0.0,200.0,261.6,0.316
205,-1,545.2,209.2,10.7,40.8,0.251
205,-1,267.1,188.4,23.6,22.4,0.132
205,-1,521.0,190.6,13.9,65.5,0.125
205,-1,293.4,178.4,17.1,21.1,0.116
205,-1,580.3,202.9,12.1,37.7,0.086
205,-1,267.4,181.1,35.0,41.9,0.081
205,-1,519.6,219.9,8.3,34.3,0.062
205,-1,162.4,20.6,83.7,220.0,0.059
206,-1,273.1,0.0,240.9,480.0,0.999
206,-1,162.1,21.4,87.1,401.2,0.996
206,-1,0.0,0.0,211.3,480.0,0.996
206,-1,522.5,185.5,30.7,78.3,0.995
206,-1,494.5,184.6,29.7,87.8,0.994
206,-1,568.8,205.3,15.8,36.2,0.896
206,-1,546.5,200.5,17.2,48.5,0.817
206,-1,566.5,201.0,20.6,77.3,0.731
206,-1,266.6,190.1,24.6,54.7,0.726
206,-1,555.9,201.5,16.0,44.9,0.633
206,-1,271.4,180.0,34.3,61.0,0.323
206,-1,290.5,178.9,16.8,40.9,0.174
206,-1,581.7,208.0,9.7,32.1,0.149
206,-1,575.1,202.9,15.0,36.8,0.144
206,-1,545.5,198.3,10.4,43.9,0.106
206,-1,534.6,190.8,25.6,63.5,0.066
206,-1,1.7,0.0,155.1,309.9,0.061
206,-1,520.3,192.3,11.2,56.1,0.059
206,-1,298.2,6.3,200.7,235.5,0.051
207,-1,272.1,0.0,242.2,480.0,0.999
207,-1,160.6,29.7,89.1,384.2,0.999
207,-1,0.0,0.0,213.8,480.0,0.996
207,-1,494.6,183.4,29.0,89.1,0.994
207,-1,520.2,186.4,28.1,79.7,0.990
207,-1,545.1,200.5,16.8,49.2,0.915
207,-1,568.3,205.2,15.7,35.9,0.829
207,-1,265.8,189.4,24.7,51.9,0.771
207,-1,553.4,203.3,15.5,44.1,0.717
207,-1,566.0,203.7,20.5,65.5,0.711
207,-1,559.4,196.2,32.7,84.5,0.604
207,-1,519.2,192.0,11.5,58.1,0.301
207,-1,533.6,192.7,13.7,64.1,0.180
207,-1,271.5,180.8,30.9,58.9,0.152
207,-1,558.3,204.2,17.5,41.4,0.126
207,-1,0.0,20.7,19.8,426.0,0.085
207,-1,546.0,216.9,10.2,33.0,0.082
207,-1,192.6,116.1,55.9,299.7,0.072
207,-1,547.0,202.2,14.6,26.4,0.068
207,-1,507.4,184.9,20.5,83.3,0.063
207,-1,292.4,4.0,205.6,271.4,0.058
207,-1,290.4,179.8,14.9,39.3,0.054
208,-1,166.6,34.0,85.3,368.1,0.999
208,-1,266.2,0.0,247.5,480.0,0.999
208,-1,0.0,0.0,206.1,480.0,0.995
208,-1,494.6,185.2,28.1,87.9,0.993
208,-1,518.6,184.8,34.7,83.2,0.992
208,-1,543.3,194.4,18.3,55.3,0.928
208,-1,568.4,203.2,15.6,37.5,0.726
208,-1,565.7,199.3,22.1,71.3,0.510
208,-1,265.1,189.8,24.1,47.0,0.332
208,-1,575.0,195.9,16.6,44.0,0.243
208,-1,533.4,190.5,19.6,55.6,0.103
208,-1,545.3,196.4,15.8,27.0,0.099
208,-1,555.1,206.3,12.1,40.5,0.069
208,-1,0.0,42.3,17.4,430.4,0.066
208,-1,285.8,5.7,209.0,239.6,0.063
208,-1,542.8,212.3,11.9,36.9,0.056
208,-1,518.5,193.8,10.4,52.3,0.053
209,-1,169.8,33.8,83.5,365.9,0.999
209,-1,267.7,0.0,250.8,480.0,0.999
209,-1,491.3,183.5,33.0,90.8,0.995
209,-1,522.7,184.4,29.6,82.2,0.994
209,-1,0.0,0.4,203.2,478.3,0.993
209,-1,545.1,197.7,18.5,51.5,0.764
209,-1,565.2,197.8,21.7,83.4,0.758
209,-1,568.0,203.6,16.1,38.8,0.705
209,-1,265.4,188.4,24.2,41.0,0.470
209,-1,551.2,205.6,14.6,41.8,0.458
209,-1,536.1,191.4,22.7,62.9,0.368
209,-1,576.5,194.7,15.5,45.4,0.299
209,-1,542.9,201.6,13.2,48.1,0.196
209,-1,0.0,23.0,15.2,456.5,0.147
209,-1,286.2,4.8,212.0,275.6,0.132
209,-1,505.2,182.9,37.0,88.3,0.130
209,-1,546.4,196.0,15.2,26.4,0.082
209,-1,581.8,206.6,10.5,33.4,0.072
209,-1,0.0,36.7,11.0,147.8,0.061
209,-1,518.6,188.8,11.2,61.5,0.054
210,-1,171.8,41.9,82.5,357.0,0.999
210,-1,265.7,1.1,252.9,478.9,0.998
210,-1,0.0,0.0,200.7,479.6,0.997
210,-1,494.6,185.9,28.0,88.2,0.994
210,-1,520.4,185.8,25.2,81.7,0.992
210,-1,567.1,194.3,23.8,86.0,0.910
210,-1,543.1,197.2,14.2,51.3,0.863
210,-1,552.6,208.8,13.5,38.1,0.753
210,-1,569.0,203.3,15.4,38.5,0.709
210,-1,546.1,199.2,18.6,48.8,0.544
210,-1,530.6,188.1,21.3,65.0,0.331
210,-1,571.9,194.2,18.9,45.5,0.201
210,-1,541.0,217.9,14.0,32.3,0.175
210,-1,543.9,195.8,17.3,28.5,0.171
210,-1,0.0,3.4,10.8,136.9,0.162
210,-1,264.4,191.2,19.9,39.4,0.108
210,-1,285.9,6.3,210.8,269.6,0.101
210,-1,561.2,193.4,11.3,41.1,0.100
210,-1,522.8,186.7,40.3,69.6,0.090
210,-1,0.2,26.7,8.8,196.2,0.079
210,-1,553.3,192.3,19.2,53.4,0.074
210,-1,581.2,198.4,10.5,41.8,0.068
210,-1,539.0,202.2,11.2,46.7,0.056
210,-1,572.3,190.6,12.2,23.2,0.056
210,-1,537.1,192.8,22.5,45.1,0.055
210,-1,518.6,189.8,11.0,44.6,0.051
211,-1,170.4,45.6,87.0,355.0,0.999
211,-1,258.9,0.0,260.5,480.0,0.999
211,-1,490.6,183.3,33.3,91.0,0.994
211,-1,518.6,182.6,34.5,86.0,0.993
211,-1,0.4,0.0,199.1,480.0,0.990
211,-1,566.9,200.3,21.2,62.9,0.779
211,-1,559.4,191.5,33.6,88.2,0.670
211,-1,569.4,202.8,15.1,37.9,0.664
211,-1,541.9,204.6,14.4,44.4,0.630
211,-1,551.8,200.4,13.8,45.8,0.568
211,-1,572.7,195.5,18.7,45.1,0.261
211,-1,0.0,4.2,9.9,159.4,0.259
211,-1,533.3,189.7,25.1,59.5,0.244
211,-1,0.0,38.1,8.4,207.8,0.102
211,-1,286.2,5.8,203.9,209.4,0.100
211,-1,581.3,196.3,11.4,44.1,0.084
211,-1,557.8,192.0,13.6,36.8,0.078
211,-1,0.0,12.6,7.7,88.5,0.064
211,-1,530.1,186.5,17.6,56.5,0.051
212,-1,169.2,55.6,95.8,345.1,0.999
212,-1,257.1,0.0,259.0,480.0,0.999
212,-1,0.0,0.0,197.0,479.8,0.996
212,-1,493.2,186.9,29.1,89.1,0.995
212,-1,517.7,184.8,35.8,83.5,0.994
212,-1,543.3,199.6,18.3,50.9,0.779
212,-1,549.8,203.4,15.4,45.1,0.776
212,-1,566.8,204.2,20.1,45.3,0.684
212,-1,541.2,208.3,13.3,42.3,0.633
212,-1,566.4,196.4,23.6,86.4,0.548
212,-1,0.0,6.8,10.2,133.1,0.205
212,-1,529.2,188.5,22.5,64.5,0.148
212,-1,570.5,196.5,20.6,44.7,0.137
212,-1,0.2,43.3,9.3,211.0,0.135
212,-1,282.2,5.5,212.7,283.1,0.127
212,-1,0.0,34.3,7.6,77.9,0.118
212,-1,545.3,201.0,15.4,23.8,0.089
212,-1,541.8,225.4,10.1,25.5,0.078
212,-1,536.7,195.5,13.8,51.0,0.060
212,-1,518.7,191.7,10.3,36.9,0.059
212,-1,0.0,30.6,15.1,435.2,0.057
212,-1,580.6,201.4,11.1,38.6,0.057
213,-1,153.6,53.5,117.6,368.4,0.999
213,-1,259.9,0.0,254.8,480.0,0.999
213,-1,487.7,182.1,33.4,93.2,0.996
213,-1,519.3,182.6,27.3,85.2,0.995
213,-1,0.0,0.0,189.1,480.0,0.994
213,-1,541.0,199.7,20.5,50.0,0.871
213,-1,563.6,199.3,23.3,72.8,0.507
213,-1,499.6,182.4,31.2,90.4,0.438
213,-1,549.6,200.7,14.3,47.7,0.373
213,-1,567.2,198.6,16.6,41.2,0.280
213,-1,514.0,185.4,17.2,77.6,0.252
213,-1,283.0,6.2,209.6,253.7,0.116
213,-1,540.7,198.1,11.0,43.5,0.059
213,-1,516.9,189.5,11.0,40.3,0.054
214,-1,154.2,57.9,122.6,353.3,0.999
214,-1,264.2,0.0,240.4,480.0,0.998
214,-1,487.2,183.0,33.1,94.0,0.998
214,-1,0.9,0.0,177.8,480.0,0.996
214,-1,519.5,184.9,27.0,83.3,0.994
214,-1,538.4,196.3,19.5,53.5,0.901
214,-1,566.0,193.7,23.4,87.6,0.803
214,-1,565.3,203.3,20.4,44.1,0.668
214,-1,548.4,204.8,12.8,43.5,0.550
214,-1,551.9,198.2,17.0,49.3,0.272
214,-1,285.0,6.0,208.6,255.0,0.260
214,-1,540.6,204.8,11.2,45.7,0.188
214,-1,513.7,188.5,15.8,77.8,0.150
214,-1,235.9,75.2,17.6,38.5,0.143
214,-1,236.2,74.5,31.5,48.1,0.078
214,-1,537.1,193.7,12.3,53.3,0.059
215,-1,163.6,56.4,117.8,343.7,0.999
215,-1,0.0,0.0,182.5,480.0,0.997
215,-1,264.4,0.0,237.5,480.0,0.997
215,-1,486.1,181.4,33.6,95.1,0.995
215,-1,515.9,187.1,26.6,81.1,0.989
215,-1,538.0,196.4,18.8,54.2,0.912
215,-1,566.3,194.2,22.7,87.4,0.886
215,-1,548.7,206.0,12.0,42.4,0.862
215,-1,564.3,203.5,21.7,48.8,0.813
215,-1,284.5,6.2,197.5,249.2,0.285
215,-1,553.8,200.7,10.7,44.2,0.174
215,-1,522.6,187.4,34.5,74.3,0.112
215,-1,536.7,192.3,12.5,51.6,0.086
215,-1,238.9,66.9,28.3,54.5,0.077
215,-1,555.4,201.8,8.8,20.6,0.070
215,-1,516.7,220.6,13.2,43.1,0.062
215,-1,558.8,193.4,11.3,41.3,0.059
215,-1,527.6,192.1,13.4,67.8,0.052
216,-1,172.9,57.7,110.4,340.8,0.999
216,-1,256.9,0.8,237.8,479.2,0.998
216,-1,0.0,0.0,178.9,480.0,0.997
216,-1,484.3,182.6,33.9,93.0,0.995
216,-1,514.7,185.0,26.7,82.8,0.986
216,-1,537.8,194.9,19.8,54.7,0.980
216,-1,563.6,196.7,23.6,83.9,0.895
216,-1,564.9,202.1,18.1,38.8,0.619
216,-1,545.9,201.3,13.4,45.9,0.324
216,-1,551.0,200.3,11.1,43.7,0.217
216,-1,169.8,167.2,23.8,142.6,0.176
216,-1,280.2,6.7,198.0,230.1,0.145
216,-1,510.1,187.2,17.6,79.2,0.104
216,-1,540.7,193.9,14.8,16.9,0.088
216,-1,535.2,195.9,13.6,50.6,0.078
216,-1,522.4,184.6,34.6,74.3,0.077
216,-1,541.0,196.3,17.5,26.4,0.073
216,-1,553.6,197.3,13.8,43.8,0.069
216,-1,527.1,188.3,12.7,67.8,0.059
216,-1,561.0,196.9,13.8,38.5,0.055
217,-1,177.0,61.2,107.1,334.3,1.000
217,-1,253.1,0.7,240.1,479.3,0.999
217,-1,0.0,0.4,177.0,479.6,0.998
217,-1,484.5,181.2,32.6,94.9,0.996
217,-1,510.6,182.5,30.3,84.7,0.986
217,-1,537.3,194.0,19.2,56.0,0.982
217,-1,557.4,192.5,32.8,87.5,0.770
217,-1,168.8,176.2,30.9,137.3,0.754
217,-1,562.6,199.6,22.2,55.2,0.729
217,-1,545.0,196.6,16.4,51.1,0.400
217,-1,508.7,186.3,18.3,80.3,0.266
217,-1,282.0,1.3,191.3,225.4,0.160
217,-1,520.2,186.2,32.7,74.2,0.140
217,-1,561.6,200.6,16.4,40.5,0.129
217,-1,536.5,194.7,11.8,49.8,0.127
217,-1,552.1,199.8,11.1,45.9,0.108
217,-1,567.5,202.7,15.5,37.1,0.100
217,-1,540.1,195.1,18.5,25.3,0.078
217,-1,525.6,186.2,16.3,70.2,0.057
217,-1,554.2,194.7,14.1,48.9,0.054
218,-1,256.1,0.0,237.1,480.0,0.999
218,-1,177.6,69.3,108.5,329.0,0.999
218,-1,0.0,1.6,183.7,476.7,0.997
218,-1,480.3,181.5,32.5,95.0,0.995
218,-1,509.4,187.5,28.1,80.4,0.987
218,-1,536.5,195.1,21.1,54.9,0.973
218,-1,560.6,198.1,23.3,44.2,0.835
218,-1,170.9,166.1,37.0,148.7,0.653
218,-1,521.7,189.7,17.6,74.2,0.626
218,-1,557.6,194.8,26.3,83.5,0.592
218,-1,545.0,199.5,15.0,47.2,0.547
218,-1,525.5,191.9,24.8,63.5,0.254
218,-1,559.3,202.4,14.1,39.2,0.230
218,-1,533.3,195.6,12.8,50.3,0.220
218,-1,505.7,186.6,16.6,79.0,0.163
218,-1,493.6,186.3,21.9,84.6,0.069
218,-1,175.1,99.1,45.8,209.5,0.065
218,-1,566.8,198.4,14.2,35.1,0.060
218,-1,282.8,2.2,189.3,201.4,0.052
219,-1,265.5,1.3,225.4,478.4,0.999
219,-1,180.8,73.6,107.2,321.7,0.999
219,-1,0.0,0.0,182.9,479.7,0.997
219,-1,479.5,181.4,31.8,94.8,0.997
219,-1,508.2,185.3,29.1,82.9,0.993
219,-1,534.6,197.3,22.8,53.9,0.971
219,-1,564.5,202.1,17.3,39.0,0.699
219,-1,555.6,191.7,33.9,88.1,0.693
219,-1,250.7,105.3,14.9,20.2,0.675
219,-1,560.2,201.3,14.0,39.9,0.508
219,-1,179.4,127.5,32.2,177.8,0.472
219,-1,545.8,202.0,14.9,45.6,0.454
219,-1,525.9,192.6,13.9,46.9,0.454
219,-1,521.1,188.2,14.8,73.7,0.270
219,-1,532.8,195.1,11.6,44.4,0.250
219,-1,507.2,191.7,14.1,72.1,0.231
219,-1,250.2,102.7,36.5,73.5,0.174
219,-1,291.8,1.4,181.6,212.8,0.150
219,-1,568.7,194.7,19.5,44.8,0.126
219,-1,530.1,194.1,11.3,36.5,0.094
219,-1,168.5,177.0,37.8,130.4,0.065
219,-1,554.2,199.1,14.7,43.1,0.061
220,-1,261.7,7.3,225.1,472.7,1.000
220,-1,186.7,80.6,104.0,311.3,0.999
220,-1,0.0,0.3,186.9,478.8,0.996
220,-1,508.6,184.0,28.5,84.9,0.993
220,-1,478.6,182.1,33.2,96.0,0.993
220,-1,535.6,196.1,23.0,53.6,0.965
220,-1,566.4,192.8,22.8,88.4,0.884
220,-1,563.3,200.0,21.0,43.9,0.788
220,-1,252.2,105.1,13.3,23.5,0.381
220,-1,185.0,150.4,33.8,153.9,0.372
220,-1,545.9,201.1,14.3,45.0,0.244
220,-1,560.1,204.2,13.7,37.5,0.232
220,-1,531.1,198.0,11.5,41.3,0.164
220,-1,528.9,193.4,22.4,58.3,0.135
220,-1,534.4,195.7,12.0,51.5,0.134
220,-1,568.3,198.1,14.5,34.2,0.112
220,-1,192.0,225.2,24.8,79.4,0.088
220,-1,550.7,210.3,10.7,36.4,0.085
220,-1,194.0,55.4,157.1,371.3,0.067
220,-1,291.7,9.2,187.8,260.1,0.064
220,-1,502.4,186.3,14.9,80.6,0.062
220,-1,529.1,198.0,10.0,29.5,0.057
220,-1,487.3,178.5,39.5,96.3,0.057
220,-1,552.9,200.5,10.6,21.3,0.053
221,-1,277.2,15.1,213.3,464.9,1.000
221,-1,194.1,84.2,100.2,302.1,0.999
221,-1,506.5,182.4,29.5,86.4,0.993
221,-1,484.5,181.9,26.0,96.8,0.993
221,-1,535.4,197.0,22.4,54.0,0.988
221,-1,0.0,0.0,194.5,480.0,0.983
221,-1,568.7,204.8,14.3,37.0,0.827
221,-1,559.7,205.4,14.1,37.2,0.623
221,-1,252.5,107.7,13.2,23.4,0.517
221,-1,528.7,193.4,11.5,45.5,0.466
221,-1,566.2,198.5,20.4,82.3,0.440
221,-1,195.4,208.3,26.6,96.8,0.373
221,-1,559.2,202.4,24.6,46.1,0.334
221,-1,191.1,119.0,37.9,185.7,0.235
221,-1,545.7,201.7,14.5,45.9,0.167
221,-1,529.8,194.0,9.3,25.4,0.153
221,-1,528.8,192.8,19.6,56.6,0.097
221,-1,484.8,180.3,22.7,35.3,0.063
221,-1,566.6,195.5,22.1,47.9,0.060
221,-1,578.6,202.0,10.8,38.3,0.053
222,-1,289.1,23.8,202.0,456.2,1.000
222,-1,197.8,88.5,100.9,290.9,0.999
222,-1,536.8,196.1,22.1,55.9,0.993
222,-1,509.5,184.1,27.2,84.5,0.993
222,-1,487.6,183.4,23.1,95.9,0.991
222,-1,0.0,0.0,200.2,479.6,0.986
222,-1,570.2,205.6,14.0,36.0,0.838
222,-1,192.1,183.4,32.3,121.0,0.644
222,-1,562.4,204.9,13.3,37.5,0.564
222,-1,563.9,196.6,22.5,80.9,0.424
222,-1,531.2,191.7,11.3,47.8,0.376
222,-1,201.5,233.7,23.6,68.4,0.224
222,-1,195.9,115.7,39.3,185.2,0.222
222,-1,532.1,192.3,9.8,22.8,0.152
222,-1,535.8,194.3,9.0,46.4,0.096
222,-1,560.5,195.3,13.2,39.6,0.073
222,-1,527.2,196.8,11.5,42.3,0.071
222,-1,276.5,179.4,25.1,90.2,0.068
222,-1,256.4,108.4,10.2,21.5,0.063
222,-1,559.1,201.1,25.2,44.4,0.062
223,-1,205.2,91.4,94.8,274.7,1.000
223,-1,292.5,27.2,197.3,452.8,1.000
223,-1,0.0,0.0,211.0,480.0,0.999
223,-1,489.0,183.5,21.9,97.7,0.990
223,-1,536.9,196.9,21.7,55.5,0.987
223,-1,507.4,184.5,24.0,85.7,0.982
223,-1,571.9,205.8,13.4,36.1,0.879
223,-1,563.7,206.5,11.9,36.7,0.800
223,-1,527.0,193.8,17.2,48.3,0.739
223,-1,203.1,115.4,38.3,183.1,0.648
223,-1,618.1,217.9,21.8,14.6,0.628
223,-1,531.1,194.1,11.2,35.8,0.276
223,-1,204.0,145.0,21.3,152.2,0.273
223,-1,549.8,201.2,11.8,39.9,0.265
223,-1,205.3,242.6,19.7,58.1,0.197
223,-1,618.4,216.5,21.6,34.8,0.167
223,-1,567.3,201.1,19.7,72.5,0.147
223,-1,519.0,193.7,15.7,44.0,0.144
223,-1,466.5,177.6,38.7,103.7,0.139
223,-1,210.2,107.6,31.3,57.7,0.129
223,-1,526.0,197.2,10.4,41.2,0.103
223,-1,562.3,200.9,21.6,41.7,0.069
223,-1,560.1,198.0,12.9,36.2,0.060
223,-1,554.9,193.2,15.5,47.1,0.059
223,-1,226.1,110.3,16.3,23.2,0.057
223,-1,298.4,39.0,201.2,212.1,0.055
223,-1,491.8,180.4,13.5,29.5,0.055
224,-1,295.7,32.0,197.0,445.0,0.999
224,-1,209.7,92.8,90.3,272.6,0.999
224,-1,0.0,0.0,214.1,480.0,0.998
224,-1,487.8,182.8,23.0,100.0,0.992
224,-1,535.2,196.3,24.9,56.7,0.991
224,-1,506.3,185.6,25.4,85.1,0.978
224,-1,208.7,109.1,35.4,186.0,0.952
224,-1,530.0,193.3,12.1,49.3,0.894
224,-1,562.7,205.5,13.5,38.3,0.858
224,-1,572.5,205.3,12.7,36.6,0.828
224,-1,532.0,193.5,17.6,53.0,0.712
224,-1,525.5,194.3,12.6,48.6,0.544
224,-1,515.2,190.7,20.6,72.0,0.426
224,-1,207.4,137.2,20.0,162.7,0.416
224,-1,565.4,201.8,22.3,55.8,0.392
224,-1,625.2,235.4,14.7,18.7,0.364
224,-1,214.3,107.8,28.8,58.5,0.343
224,-1,531.9,193.1,10.7,29.9,0.326
224,-1,298.8,40.8,202.6,223.9,0.200
224,-1,225.6,109.7,17.5,29.2,0.134
224,-1,290.9,168.4,25.6,102.7,0.134
224,-1,546.3,199.5,15.1,47.6,0.127
224,-1,286.5,163.1,20.3,103.0,0.115
224,-1,551.9,202.4,10.4,39.2,0.082
224,-1,296.8,245.9,28.3,26.1,0.077
224,-1,533.7,209.3,9.2,32.3,0.058
224,-1,542.9,198.2,18.3,25.5,0.056
225,-1,217.7,99.8,87.8,265.6,0.999
225,-1,299.0,36.8,193.5,437.3,0.999
225,-1,0.0,0.0,221.1,479.7,0.998
225,-1,486.1,182.3,26.0,99.4,0.993
225,-1,537.2,196.6,24.4,58.2,0.990
225,-1,508.2,185.8,25.0,85.5,0.976
225,-1,564.5,205.3,13.6,38.4,0.938
225,-1,530.9,194.0,12.6,46.9,0.835
225,-1,574.8,205.4,12.7,37.0,0.820
225,-1,294.8,172.9,28.1,99.7,0.704
225,-1,296.5,175.5,17.9,38.4,0.698
225,-1,573.3,195.6,17.2,86.0,0.480
225,-1,293.9,238.6,8.5,22.8,0.416
225,-1,214.1,126.1,28.0,171.2,0.327
225,-1,530.6,192.5,13.6,22.0,0.217
225,-1,290.8,168.5,18.3,93.2,0.211
225,-1,569.7,203.1,18.6,52.9,0.206
225,-1,299.2,245.4,23.9,27.1,0.180
225,-1,517.0,192.3,24.3,67.9,0.170
225,-1,534.2,194.4,16.2,52.9,0.152
225,-1,208.1,153.2,13.7,100.8,0.131
225,-1,213.6,153.1,17.4,142.3,0.130
225,-1,552.6,201.9,11.6,39.2,0.107
225,-1,208.1,149.7,11.6,28.0,0.103
225,-1,497.4,183.7,24.6,90.8,0.086
225,-1,0.0,105.3,55.2,374.7,0.084
225,-1,510.0,185.2,13.6,48.9,0.080
225,-1,0.1,161.0,13.8,163.9,0.074
225,-1,556.8,201.5,19.3,40.8,0.072
225,-1,520.2,197.0,18.4,42.4,0.069
225,-1,0.0,210.7,16.9,260.8,0.050
226,-1,220.9,107.8,85.2,256.6,0.999
226,-1,307.6,42.3,180.2,436.2,0.999
226,-1,0.0,0.0,223.2,480.0,0.995
226,-1,484.1,178.6,30.4,103.4,0.995
226,-1,536.8,196.9,25.2,58.3,0.994
226,-1,510.1,187.6,23.5,82.5,0.988
226,-1,565.1,205.6,13.1,37.4,0.950
226,-1,294.1,175.3,24.8,95.6,0.921
226,-1,530.6,194.9,11.6,47.3,0.907
226,-1,575.8,206.5,11.6,35.8,0.799
226,-1,297.1,175.1,16.8,37.0,0.583
226,-1,533.3,194.8,10.2,24.1,0.511
226,-1,291.9,176.6,21.8,61.2,0.187
226,-1,297.0,244.6,23.1,28.4,0.151
226,-1,526.1,196.8,11.9,45.3,0.110
226,-1,219.6,160.5,17.1,136.5,0.084
226,-1,519.0,193.1,22.7,64.4,0.080
226,-1,0.0,29.7,16.1,411.4,0.078
226,-1,211.0,147.9,16.8,88.4,0.077
226,-1,553.2,204.9,10.7,34.5,0.077
226,-1,289.1,171.5,19.9,96.8,0.073
226,-1,292.5,131.1,51.2,136.8,0.071
226,-1,518.3,193.0,15.6,47.2,0.066
226,-1,629.3,365.7,10.7,19.3,0.064
226,-1,0.0,199.4,58.4,279.0,0.053
226,-1,466.6,221.4,21.3,52.0,0.052
227,-1,226.8,111.6,82.9,249.4,0.999
227,-1,307.0,48.6,177.5,431.4,0.999
227,-1,0.0,0.0,228.1,479.3,0.998
227,-1,479.0,178.1,33.1,104.5,0.995
227,-1,537.2,196.8,24.3,58.1,0.992
227,-1,509.6,186.0,24.9,84.9,0.987
227,-1,564.8,205.2,13.5,39.1,0.908
227,-1,576.3,205.1,13.0,38.2,0.821
227,-1,530.8,195.9,12.3,46.5,0.747
227,-1,620.0,327.0,19.6,55.5,0.399
227,-1,531.9,196.5,18.2,53.1,0.329
227,-1,292.7,239.9,25.7,32.9,0.307
227,-1,468.2,206.6,20.5,70.2,0.183
227,-1,472.9,199.1,24.5,78.2,0.181
227,-1,533.9,194.8,9.7,23.7,0.168
227,-1,552.1,202.8,11.7,36.6,0.139
227,-1,222.4,185.7,17.3,107.0,0.112
227,-1,534.6,195.7,10.7,36.9,0.105
227,-1,527.4,196.5,9.7,38.4,0.094
227,-1,291.4,154.6,35.7,117.6,0.091
227,-1,573.5,199.8,18.1,77.7,0.082
227,-1,517.0,194.6,17.6,49.4,0.066
228,-1,308.7,56.1,169.8,423.9,0.999
228,-1,232.0,109.0,83.6,247.4,0.999
228,-1,2.9,0.0,224.6,479.1,0.998
228,-1,478.8,179.5,34.3,104.3,0.998
228,-1,510.1,186.7,26.2,85.2,0.984
228,-1,540.8,201.3,21.5,53.9,0.972
228,-1,565.3,205.2,14.1,39.6,0.912
228,-1,578.6,206.2,12.8,36.8,0.868
228,-1,467.5,188.8,18.9,91.9,0.679
228,-1,532.6,194.1,14.1,49.1,0.665
228,-1,551.8,202.2,12.5,38.1,0.542
228,-1,228.0,167.3,19.6,124.6,0.455
228,-1,220.2,176.7,18.1,114.2,0.238
228,-1,226.4,131.6,38.9,160.9,0.196
228,-1,468.6,188.4,13.7,49.0,0.145
228,-1,623.1,319.0,16.7,60.4,0.095
228,-1,473.9,215.8,14.2,60.7,0.076
228,-1,528.8,196.9,11.3,42.7,0.072
228,-1,572.5,203.3,13.6,40.5,0.066
228,-1,516.8,189.1,24.8,62.0,0.060
228,-1,300.6,251.9,15.6,20.6,0.058
228,-1,554.8,201.4,18.1,45.3,0.054
228,-1,549.5,201.7,14.3,22.6,0.052
229,-1,304.9,60.9,162.7,414.7,0.999
229,-1,237.9,105.9,83.2,237.4,0.999
229,-1,0.0,0.1,228.5,478.5,0.999
229,-1,482.3,180.3,34.6,104.0,0.996
229,-1,456.9,168.8,28.4,120.8,0.985
229,-1,545.5,196.2,20.9,60.2,0.985
229,-1,509.6,181.6,22.4,90.8,0.976
229,-1,566.0,205.2,15.9,40.0,0.951
229,-1,533.5,195.3,13.7,48.4,0.939
229,-1,580.8,204.1,13.1,39.9,0.765
229,-1,221.2,174.4,33.6,119.5,0.561
229,-1,0.1,176.0,22.8,301.2,0.350
229,-1,628.5,268.6,11.3,110.2,0.277
229,-1,0.0,59.5,33.0,413.9,0.157
229,-1,556.2,200.5,13.6,40.3,0.117
229,-1,0.0,178.5,4.7,72.9,0.087
229,-1,213.3,148.6,12.6,25.4,0.086
229,-1,469.3,184.2,21.8,100.1,0.081
229,-1,523.2,195.3,14.2,47.3,0.078
229,-1,527.9,198.3,13.2,44.6,0.078
229,-1,232.0,147.5,34.1,144.9,0.076
229,-1,513.0,183.9,15.8,49.5,0.066
229,-1,534.3,193.8,12.6,22.2,0.065
229,-1,220.5,184.0,28.9,49.1,0.060
229,-1,234.3,228.8,20.6,64.7,0.057
230,-1,309.6,63.6,152.0,410.8,0.999
230,-1,241.1,103.2,83.0,236.7,0.999
230,-1,2.5,0.0,220.0,479.7,0.998
230,-1,453.9,169.0,36.5,122.9,0.994
230,-1,486.0,181.4,31.6,104.2,0.993
230,-1,547.6,195.7,19.9,61.2,0.982
230,-1,510.4,181.9,29.6,93.6,0.972
230,-1,620.0,155.1,19.9,226.0,0.939
230,-1,568.9,204.9,15.3,40.4,0.925
230,-1,535.5,195.4,13.8,48.6,0.919
230,-1,620.3,154.0,19.7,114.8,0.665
230,-1,226.4,178.2,33.3,114.7,0.517
230,-1,581.5,198.9,16.1,45.2,0.414
230,-1,464.2,174.5,39.9,115.6,0.294
230,-1,0.0,185.7,30.3,291.1,0.196
230,-1,560.9,204.6,12.3,37.2,0.147
230,-1,0.6,246.8,60.2,231.1,0.112
230,-1,211.6,148.0,14.6,37.3,0.074
230,-1,0.0,118.1,109.6,353.3,0.074
230,-1,0.0,122.4,7.0,187.5,0.059
230,-1,218.8,180.0,29.9,100.4,0.051
230,-1,535.9,194.0,12.9,24.0,0.051
231,-1,247.3,107.4,78.3,230.2,1.000
231,-1,313.0,63.4,147.7,416.6,0.999
231,-1,454.2,165.7,39.9,127.0,0.998
231,-1,3.4,0.4,219.5,479.6,0.994
231,-1,490.9,183.6,25.9,104.3,0.992
231,-1,512.3,182.0,23.9,95.0,0.971
231,-1,549.8,198.4,22.9,59.5,0.968
231,-1,585.9,152.2,54.1,146.5,0.948
231,-1,571.3,206.4,14.9,39.2,0.865
231,-1,534.6,197.7,15.9,47.4,0.737
231,-1,219.7,175.5,46.2,116.9,0.677
231,-1,242.9,157.6,25.1,134.7,0.342
231,-1,543.1,195.6,10.9,45.8,0.247
231,-1,629.6,226.8,10.1,71.9,0.241
231,-1,585.3,207.8,14.0,33.1,0.214
231,-1,210.9,148.1,17.7,51.0,0.200
231,-1,453.1,165.2,11.4,23.9,0.094
231,-1,0.0,115.8,40.0,354.1,0.073
231,-1,211.8,156.8,39.9,104.4,0.070
231,-1,0.0,173.0,110.8,300.8,0.066
231,-1,0.0,285.9,41.8,194.1,0.062
231,-1,0.0,269.5,78.5,207.0,0.055
231,-1,0.4,168.1,23.0,306.0,0.055
232,-1,317.6,65.0,141.9,412.3,0.999
232,-1,253.2,110.6,77.0,227.1,0.999
232,-1,457.2,163.7,41.2,130.7,0.998
232,-1,6.8,0.1,217.3,479.9,0.995
232,-1,492.3,183.7,26.2,101.4,0.991
232,-1,515.2,184.1,23.7,92.2,0.983
232,-1,552.9,198.5,25.1,60.2,0.975
232,-1,574.6,158.7,65.4,142.3,0.969
232,-1,224.1,176.8,46.7,115.5,0.769
232,-1,537.1,195.9,19.3,49.2,0.566
232,-1,624.8,223.8,15.2,131.4,0.250
232,-1,248.2,165.2,24.7,128.1,0.197
232,-1,577.1,205.6,12.7,19.5,0.095
232,-1,221.7,183.1,41.7,66.1,0.066
232,-1,609.6,165.3,30.4,171.2,0.057
232,-1,0.0,183.6,40.8,279.7,0.056
232,-1,486.2,213.3,17.7,72.0,0.056
232,-1,536.0,211.2,15.2,34.5,0.055
232,-1,624.5,198.7,15.5,98.3,0.054
232,-1,572.2,203.2,18.6,43.8,0.053
232,-1,327.3,66.9,131.5,220.5,0.051
233,-1,258.4,118.3,78.4,223.3,0.999
233,-1,331.0,65.3,142.1,412.8,0.999
233,-1,466.3,161.7,37.9,132.0,0.994
233,-1,1.9,0.0,221.6,480.0,0.993
233,-1,578.5,166.5,61.5,131.2,0.979
233,-1,518.4,185.2,23.6,92.4,0.978
233,-1,556.6,197.4,25.0,61.9,0.976
233,-1,498.1,181.9,23.5,105.8,0.971
233,-1,619.8,216.5,20.1,141.6,0.691
233,-1,578.1,217.8,14.4,29.9,0.602
233,-1,235.1,175.7,42.4,113.8,0.525
233,-1,231.0,176.5,32.1,48.5,0.358
233,-1,0.0,105.9,11.9,131.9,0.326
233,-1,541.4,196.8,17.4,50.0,0.319
233,-1,596.6,210.8,14.4,35.1,0.318
233,-1,0.0,112.2,44.1,365.0,0.270
233,-1,617.5,207.4,22.5,88.1,0.222
233,-1,489.3,201.2,19.9,84.7,0.221
233,-1,256.4,186.1,22.5,105.2,0.176
233,-1,250.1,174.4,22.7,104.2,0.163
233,-1,0.0,56.1,14.6,351.1,0.150
233,-1,584.0,219.6,10.8,27.6,0.140
233,-1,550.3,197.1,11.6,46.4,0.110
233,-1,463.8,165.9,10.0,20.3,0.098
233,-1,577.5,65.1,60.4,254.9,0.088
233,-1,3.3,8.4,166.5,302.7,0.077
233,-1,0.0,109.1,23.7,92.9,0.065
233,-1,473.8,177.2,52.1,115.2,0.065
233,-1,0.0,105.5,6.0,92.7,0.050
234,-1,265.0,118.5,75.7,217.9,1.000
234,-1,331.9,66.9,156.0,409.2,0.999
234,-1,9.5,0.0,214.4,480.0,0.994
234,-1,478.1,161.3,36.5,137.2,0.986
234,-1,563.9,196.6,23.9,62.6,0.984
234,-1,586.9,167.6,52.9,120.9,0.975
234,-1,523.6,185.0,23.1,92.2,0.973
234,-1,502.6,177.5,23.7,104.7,0.966
234,-1,0.0,106.5,23.6,125.3,0.930
234,-1,238.1,172.1,42.1,108.0,0.858
234,-1,237.9,173.4,33.4,68.0,0.786
234,-1,604.5,209.9,14.3,35.7,0.746
234,-1,583.7,216.5,14.1,31.0,0.540
234,-1,0.0,105.9,31.6,196.1,0.492
234,-1,546.0,198.6,19.7,46.0,0.421
234,-1,613.6,199.7,26.0,89.3,0.407
234,-1,0.2,143.8,35.3,325.0,0.319
234,-1,613.6,190.4,26.4,181.3,0.316
234,-1,1.1,108.1,29.4,67.2,0.301
234,-1,547.7,195.1,18.7,29.7,0.278
234,-1,587.0,118.3,51.7,252.2,0.245
234,-1,562.3,200.8,10.2,52.2,0.153
234,-1,509.1,178.7,30.4,102.1,0.150
234,-1,0.3,108.0,14.0,174.1,0.150
234,-1,509.2,182.5,16.8,65.2,0.126
234,-1,265.5,203.7,20.6,81.9,0.121
234,-1,221.6,207.6,10.0,23.2,0.104
234,-1,323.3,242.0,18.6,23.0,0.096
234,-1,0.0,265.7,50.4,212.9,0.094
234,-1,4.1,3.2,167.8,304.2,0.088
234,-1,0.0,154.5,92.3,322.5,0.075
234,-1,586.1,168.7,53.9,59.5,0.068
234,-1,220.8,206.0,10.7,44.3,0.065
234,-1,550.7,196.8,22.5,56.2,0.062
235,-1,271.6,118.7,74.5,215.3,0.999
235,-1,342.3,73.2,160.6,406.8,0.999
235,-1,4.7,4.1,217.1,475.9,0.995
235,-1,568.8,194.9,27.8,65.7,0.994
235,-1,521.9,183.3,30.8,96.0,0.987
235,-1,488.2,163.1,35.4,130.9,0.971
235,-1,0.0,115.2,36.9,267.9,0.966
235,-1,591.2,165.1,48.8,119.9,0.966
235,-1,506.8,175.2,22.2,109.7,0.910
235,-1,245.1,173.4,30.7,66.3,0.770
235,-1,550.8,207.7,17.0,38.9,0.745
235,-1,513.6,175.7,15.6,61.1,0.665
235,-1,557.3,195.4,14.7,50.4,0.390
235,-1,246.9,171.2,41.1,107.3,0.343
235,-1,0.0,85.0,62.2,391.7,0.239
235,-1,610.7,191.7,29.3,94.7,0.237
235,-1,0.0,111.4,36.7,111.5,0.187
235,-1,567.3,199.0,11.2,56.9,0.119
235,-1,273.2,178.6,19.1,103.2,0.110
235,-1,512.6,175.2,12.6,31.8,0.106
235,-1,223.2,206.2,13.6,19.6,0.083
235,-1,587.5,201.5,16.8,47.0,0.083
235,-1,0.0,101.5,9.2,169.6,0.073
235,-1,0.4,112.7,17.7,186.5,0.064
235,-1,5.1,82.6,110.9,394.9,0.063
235,-1,557.1,195.0,14.0,24.9,0.057
236,-1,278.9,115.0,73.9,208.7,0.999
236,-1,349.2,76.7,161.2,402.1,0.999
236,-1,5.5,0.0,222.4,480.0,0.999
236,-1,529.4,180.6,26.6,98.0,0.985
236,-1,574.3,190.4,27.6,70.4,0.985
236,-1,233.5,167.9,51.8,103.9,0.979
236,-1,494.2,159.7,35.7,134.7,0.974
236,-1,0.2,114.1,41.6,177.7,0.939
236,-1,608.0,167.4,32.0,105.5,0.887
236,-1,0.7,107.8,44.8,329.2,0.883
236,-1,610.3,166.9,29.2,272.3,0.859
236,-1,556.2,210.0,16.6,35.8,0.830
236,-1,507.7,172.4,27.2,117.2,0.774
236,-1,593.5,202.6,14.4,43.7,0.660
236,-1,517.4,173.6,17.4,49.3,0.649
236,-1,269.0,162.1,28.5,122.0,0.460
236,-1,269.2,163.3,19.7,65.8,0.393
236,-1,234.2,173.1,29.5,52.2,0.204
236,-1,520.3,176.4,24.0,102.3,0.198
236,-1,564.4,195.9,13.4,46.9,0.186
236,-1,275.9,164.5,10.5,15.8,0.169
236,-1,510.6,168.7,22.3,67.2,0.159
236,-1,569.0,195.0,15.6,58.6,0.157
236,-1,227.1,206.5,11.8,39.8,0.155
236,-1,513.3,173.4,14.7,18.4,0.138
236,-1,624.0,283.9,16.0,152.4,0.136
236,-1,493.0,158.2,31.1,69.2,0.123
236,-1,274.5,164.4,18.8,92.1,0.107
236,-1,227.6,205.3,10.3,20.0,0.105
236,-1,514.0,174.0,16.9,31.2,0.101
236,-1,1.9,94.9,94.3,378.6,0.098
236,-1,232.4,174.3,29.0,93.3,0.088
236,-1,255.2,162.2,31.6,72.0,0.078
236,-1,0.2,114.9,43.2,74.8,0.072
236,-1,610.5,188.8,26.3,44.6,0.071
236,-1,493.3,157.5,25.1,39.7,0.069
236,-1,282.0,229.7,15.8,53.1,0.051
237,-1,287.1,116.4,74.5,205.9,0.999
237,-1,368.3,88.4,154.7,389.5,0.999
237,-1,14.5,1.6,224.0,478.4,0.998
237,-1,538.0,178.7,25.7,100.6,0.995
237,-1,585.0,195.5,29.9,66.3,0.990
237,-1,0.9,119.3,57.3,153.6,0.982
237,-1,235.3,172.9,35.2,100.7,0.980
237,-1,357.2,179.4,21.4,82.4,0.948
237,-1,564.7,194.2,21.9,53.8,0.887
237,-1,264.4,165.5,26.0,66.2,0.856
237,-1,506.3,156.3,32.6,116.9,0.854
237,-1,609.9,216.5,29.3,256.0,0.838
237,-1,1.3,117.9,58.1,328.2,0.797
237,-1,564.4,210.5,16.1,37.1,0.737
237,-1,246.4,165.7,44.0,103.0,0.521
237,-1,495.5,158.8,39.6,162.9,0.371
237,-1,519.1,169.6,24.8,122.8,0.269
237,-1,0.1,153.6,11.1,115.9,0.233
237,-1,1.0,134.8,29.8,143.1,0.202
237,-1,602.1,198.6,14.5,51.0,0.171
237,-1,507.4,156.1,27.2,58.6,0.159
237,-1,518.1,171.0,17.4,56.3,0.148
237,-1,612.2,205.0,27.8,77.2,0.140
237,-1,357.8,178.6,19.2,40.4,0.131
237,-1,1.3,100.2,108.3,379.8,0.108
237,-1,0.0,147.4,3.3,124.9,0.099
237,-1,507.1,156.3,21.6,37.6,0.092
237,-1,265.9,166.2,22.8,30.5,0.082
237,-1,285.2,166.6,18.1,60.3,0.077
237,-1,578.0,266.5,62.0,212.2,0.072
237,-1,237.0,173.5,28.6,53.0,0.065
237,-1,0.0,127.0,1.9,204.7,0.061
238,-1,294.9,117.5,72.7,204.4,0.999
238,-1,378.6,88.8,155.8,391.2,0.999
238,-1,17.3,9.4,229.1,469.8,0.997
238,-1,588.0,195.0,32.5,68.1,0.994
238,-1,360.5,179.4,21.9,84.4,0.990
238,-1,240.5,170.1,33.1,102.1,0.990
238,-1,3.3,117.2,62.8,147.6,0.968
238,-1,541.7,184.1,23.5,96.8,0.968
238,-1,0.3,108.2,59.3,371.7,0.959
238,-1,567.6,208.2,17.6,37.9,0.826
238,-1,268.6,165.1,29.7,76.7,0.820
238,-1,609.0,210.1,30.5,269.9,0.805
238,-1,0.4,158.0,26.4,60.6,0.796
238,-1,516.2,153.4,31.0,137.2,0.777
238,-1,571.3,195.3,20.4,51.4,0.623
238,-1,526.8,166.1,20.7,103.9,0.521
238,-1,23.6,118.4,42.5,89.2,0.313
238,-1,513.0,154.8,31.9,73.0,0.280
238,-1,270.9,165.0,15.1,30.9,0.250
238,-1,548.8,192.4,12.7,87.0,0.226
238,-1,603.5,201.1,31.2,63.2,0.187
238,-1,361.5,179.6,21.2,35.1,0.187
238,-1,0.0,141.5,29.3,129.0,0.176
238,-1,270.5,165.3,20.4,48.1,0.164
238,-1,0.0,151.6,3.0,118.9,0.142
238,-1,583.4,201.1,10.8,53.7,0.130
238,-1,527.8,172.9,16.0,53.3,0.127
238,-1,548.8,188.1,16.4,48.5,0.098
238,-1,0.1,144.8,13.2,108.2,0.093
238,-1,272.4,165.7,13.9,15.9,0.085
238,-1,0.0,152.0,7.1,74.8,0.081
238,-1,235.5,148.8,19.7,66.1,0.057
238,-1,574.0,181.6,66.0,296.8,0.057
238,-1,238.6,170.3,17.7,87.7,0.056
238,-1,608.6,200.5,13.2,43.2,0.054
238,-1,542.2,176.1,15.4,26.8,0.052
239,-1,397.3,87.1,150.9,377.8,0.999
239,-1,26.0,11.7,225.5,468.3,0.998
239,-1,304.3,122.5,70.2,199.5,0.998
239,-1,594.1,194.2,30.4,69.7,0.994
239,-1,246.9,169.2,24.0,107.3,0.972
239,-1,250.8,164.4,44.4,109.5,0.971
239,-1,34.3,116.8,45.0,108.9,0.965
239,-1,364.0,174.4,23.8,89.5,0.958
239,-1,0.2,164.7,33.6,90.3,0.950
239,-1,572.1,209.5,15.2,37.6,0.892
239,-1,554.4,188.2,18.8,52.7,0.662
239,-1,584.7,226.7,55.3,253.3,0.632
239,-1,1.0,125.2,77.4,343.5,0.592
239,-1,581.3,199.3,20.0,53.9,0.459
239,-1,544.8,177.5,23.6,107.0,0.441
239,-1,543.9,216.8,19.1,67.7,0.407
239,-1,572.4,195.6,21.7,51.5,0.318
239,-1,0.6,143.3,54.6,126.4,0.304
239,-1,267.5,165.5,14.4,18.8,0.281
239,-1,615.6,216.0,24.2,49.6,0.247
239,-1,9.0,116.5,71.6,153.3,0.244
239,-1,564.2,197.1,21.5,46.8,0.195
239,-1,262.4,164.9,20.4,31.0,0.193
239,-1,248.0,169.4,15.9,20.2,0.151
239,-1,591.3,206.1,12.3,48.1,0.131
239,-1,0.0,168.3,5.6,78.3,0.116
239,-1,604.9,203.8,30.4,61.8,0.112
239,-1,552.8,302.6,86.7,177.4,0.104
239,-1,247.4,170.3,17.5,66.4,0.082
239,-1,263.1,164.0,25.1,70.2,0.081
239,-1,300.1,153.9,21.4,76.5,0.081
239,-1,8.1,90.7,131.7,382.7,0.057
239,-1,545.5,146.7,94.5,330.3,0.053
239,-1,0.0,154.0,3.1,107.3,0.051
239,-1,246.7,169.5,21.8,38.0,0.050
240,-1,407.6,89.1,157.6,371.5,0.999
240,-1,306.1,123.2,76.0,197.3,0.998
240,-1,41.7,15.5,215.3,464.5,0.996
240,-1,251.9,157.5,37.3,117.7,0.993
240,-1,596.2,191.7,30.2,69.0,0.993
240,-1,46.3,113.6,47.2,113.7,0.964
240,-1,367.7,178.8,23.6,82.6,0.925
240,-1,395.6,182.0,22.8,77.8,0.910
240,-1,0.1,146.7,44.7,122.6,0.898
240,-1,574.2,208.1,15.4,37.4,0.868
240,-1,574.9,197.1,21.0,45.3,0.840
240,-1,565.4,240.7,74.6,237.0,0.457
240,-1,244.5,144.0,14.8,33.0,0.456
240,-1,1.6,116.5,98.9,341.6,0.418
240,-1,582.8,192.7,16.4,40.8,0.325
240,-1,0.1,143.2,51.0,304.1,0.298
240,-1,561.5,191.2,17.2,49.0,0.287
240,-1,610.4,196.8,25.3,66.3,0.222
240,-1,385.9,170.1,19.4,43.3,0.217
240,-1,581.8,194.4,21.2,59.2,0.200
240,-1,398.9,182.0,19.9,28.3,0.182
240,-1,387.7,178.8,23.3,79.1,0.140
240,-1,526.4,320.3,113.6,159.7,0.139
240,-1,616.3,212.7,23.6,55.1,0.137
240,-1,244.7,145.9,17.8,102.7,0.122
240,-1,565.9,195.0,21.6,47.3,0.121
240,-1,374.5,182.9,17.0,40.1,0.103
240,-1,552.4,215.8,18.1,67.7,0.087
240,-1,0.4,150.8,26.7,99.8,0.084
240,-1,575.3,192.1,20.8,28.2,0.073
240,-1,526.5,156.2,113.5,317.1,0.072
240,-1,391.2,178.5,25.8,40.5,0.071
240,-1,248.9,151.9,12.5,35.8,0.064
240,-1,251.3,161.6,12.6,61.0,0.063
240,-1,250.1,153.9,18.6,114.4,0.063
240,-1,4.9,114.4,57.7,146.1,0.061
240,-1,250.6,165.3,9.0,22.0,0.058
240,-1,303.1,156.7,18.6,85.5,0.057
241,-1,413.8,86.7,149.8,371.5,0.999
241,-1,38.8,12.2,223.7,466.5,0.998
241,-1,311.1,121.9,70.8,199.4,0.996
241,-1,594.4,190.3,32.0,64.3,0.974
241,-1,254.6,155.9,27.1,111.9,0.961
241,-1,392.8,179.9,27.2,79.2,0.950
241,-1,42.1,113.3,60.1,122.1,0.926
241,-1,365.1,177.4,24.5,83.3,0.841
241,-1,1.3,122.1,100.0,332.1,0.681
241,-1,558.8,225.2,81.2,254.8,0.673
241,-1,0.1,152.5,18.2,116.6,0.629
241,-1,600.8,199.8,36.0,73.1,0.487
241,-1,574.3,192.4,21.6,49.8,0.382
241,-1,573.1,203.0,15.3,39.8,0.301
241,-1,588.0,194.4,16.4,57.7,0.200
241,-1,56.3,112.4,46.6,73.7,0.181
241,-1,385.1,171.7,18.8,61.1,0.121
241,-1,518.5,318.8,121.5,161.2,0.108
241,-1,0.2,124.8,18.6,336.9,0.103
241,-1,557.1,192.1,19.8,88.8,0.101
241,-1,372.0,182.1,15.5,51.0,0.099
241,-1,0.0,164.5,7.2,83.3,0.073
241,-1,582.7,192.4,14.5,37.1,0.072
241,-1,480.3,187.8,159.7,292.2,0.065
241,-1,418.4,239.5,14.5,36.1,0.055
241,-1,595.0,191.3,21.8,42.1,0.055
241,-1,353.2,141.8,33.9,117.5,0.054
241,-1,591.7,222.0,12.4,29.5,0.054
241,-1,399.1,180.4,20.1,50.8,0.052
242,-1,420.1,86.4,150.1,381.6,0.999
242,-1,302.3,119.9,79.0,192.8,0.998
242,-1,56.1,13.5,214.7,466.5,0.998
242,-1,390.8,180.5,26.6,80.0,0.992
242,-1,591.0,191.3,26.8,61.0,0.977
242,-1,22.1,115.1,83.7,136.2,0.965
242,-1,581.8,165.3,57.2,314.7,0.918
242,-1,1.5,123.4,97.3,324.2,0.832
242,-1,537.7,186.2,38.1,129.4,0.743
242,-1,56.3,115.7,50.2,102.5,0.719
242,-1,23.1,157.7,41.5,92.2,0.709
242,-1,412.7,180.8,23.0,96.3,0.690
242,-1,570.8,192.1,21.4,48.5,0.679
242,-1,381.5,173.6,19.6,56.7,0.415
242,-1,362.4,174.0,23.6,87.6,0.405
242,-1,416.1,237.5,21.9,40.6,0.308
242,-1,28.8,168.1,29.7,59.1,0.195
242,-1,536.2,245.8,30.0,69.5,0.168
242,-1,11.8,59.5,152.5,396.8,0.157
242,-1,598.0,176.1,42.0,143.1,0.153
242,-1,412.3,178.6,19.4,52.5,0.120
242,-1,380.1,170.3,16.6,38.9,0.109
242,-1,291.7,163.7,31.7,59.9,0.096
242,-1,388.6,183.2,13.4,53.8,0.082
242,-1,373.4,181.7,14.9,44.2,0.076
242,-1,554.6,203.0,23.2,93.4,0.069
243,-1,49.8,7.0,221.8,473.0,0.999
243,-1,421.6,87.4,143.2,382.4,0.999
243,-1,306.9,120.1,76.0,189.2,0.998
243,-1,574.5,95.3,64.2,382.7,0.994
243,-1,17.4,166.3,46.4,86.4,0.994
243,-1,389.4,179.0,28.3,82.5,0.990
243,-1,412.7,178.5,26.1,99.7,0.946
243,-1,58.5,121.0,48.0,96.2,0.943
243,-1,532.6,138.2,38.7,177.8,0.895
243,-1,12.1,119.2,96.5,321.3,0.592
243,-1,533.5,139.9,23.9,22.7,0.538
243,-1,363.8,192.9,23.5,68.9,0.203
243,-1,559.5,194.7,22.0,94.4,0.198
243,-1,413.4,178.0,24.1,43.5,0.192
243,-1,571.3,192.0,20.8,48.7,0.163
243,-1,421.1,177.8,15.6,33.3,0.123
243,-1,42.2,126.5,59.0,120.2,0.111
243,-1,357.5,156.0,28.6,106.4,0.084
243,-1,590.4,191.5,14.2,34.3,0.072
243,-1,416.3,235.4,22.3,43.1,0.056
243,-1,534.1,140.3,32.9,56.2,0.055
243,-1,556.8,172.4,17.5,86.1,0.052
243,-1,508.8,87.0,128.3,390.1,0.051
244,-1,310.8,118.8,73.3,191.6,0.999
244,-1,431.2,92.0,135.5,378.5,0.999
244,-1,51.0,4.4,225.9,475.6,0.999
244,-1,9.7,166.2,57.7,89.6,0.997
244,-1,543.8,5.7,96.2,473.7,0.994
244,-1,391.3,177.5,26.5,84.1,0.992
244,-1,413.6,176.4,32.1,103.0,0.990
244,-1,539.1,136.1,36.5,73.4,0.924
244,-1,296.4,165.2,32.0,102.3,0.644
244,-1,76.6,124.3,31.9,69.7,0.635
244,-1,55.8,133.8,49.2,96.4,0.500
244,-1,19.7,119.0,90.5,334.1,0.372
244,-1,538.5,135.0,27.6,30.4,0.330
244,-1,363.2,190.4,22.6,69.0,0.289
244,-1,309.1,158.4,20.6,97.7,0.252
244,-1,538.9,139.0,37.4,146.4,0.116
244,-1,582.3,160.6,57.5,317.7,0.112
244,-1,388.4,213.0,10.0,24.1,0.102
244,-1,295.9,171.7,22.6,63.8,0.091
244,-1,389.2,193.9,9.6,41.5,0.069
244,-1,413.5,176.9,27.3,58.3,0.065
244,-1,383.9,175.9,17.1,61.9,0.053
245,-1,438.0,92.5,126.9,380.4,0.999
245,-1,309.7,119.4,75.1,192.6,0.999
245,-1,4.0,165.3,47.8,89.7,0.995
245,-1,66.6,10.4,221.1,469.6,0.995
245,-1,412.5,171.7,37.0,105.7,0.993
245,-1,390.4,176.7,26.4,85.6,0.989
245,-1,526.3,4.1,113.6,474.2,0.987
245,-1,540.3,127.5,29.4,37.4,0.938
245,-1,37.4,196.5,16.8,37.4,0.892
245,-1,363.6,202.0,21.9,57.8,0.417
245,-1,475.7,65.1,132.2,413.2,0.266
245,-1,548.9,204.1,44.2,112.6,0.171
245,-1,586.8,86.8,53.2,390.1,0.149
245,-1,292.3,160.5,32.4,105.4,0.142
245,-1,33.9,273.6,78.7,164.6,0.114
245,-1,379.4,202.1,9.7,21.2,0.089
245,-1,547.9,264.0,44.4,58.6,0.066
245,-1,363.4,165.4,26.6,96.1,0.059
245,-1,292.8,172.1,20.7,72.7,0.054
245,-1,537.7,126.3,33.9,72.2,0.052
245,-1,375.9,174.4,34.0,87.4,0.052
246,-1,440.4,88.3,117.5,358.1,0.999
246,-1,78.5,9.5,210.8,468.8,0.999
246,-1,309.6,119.7,74.6,191.6,0.999
246,-1,0.0,163.2,34.2,90.4,0.996
246,-1,515.7,1.9,124.0,465.4,0.994
246,-1,410.7,170.1,38.4,108.6,0.993
246,-1,390.1,173.7,25.5,87.8,0.991
246,-1,33.7,194.2,19.4,38.6,0.969
246,-1,480.1,47.9,117.2,412.0,0.900
246,-1,290.4,170.1,23.3,88.4,0.884
246,-1,367.6,196.0,22.7,62.6,0.634
246,-1,296.4,168.6,29.1,96.6,0.557
246,-1,360.7,180.8,22.7,77.5,0.203
246,-1,411.3,173.0,14.2,21.7,0.198
246,-1,305.8,159.7,26.4,112.9,0.164
246,-1,292.2,196.4,16.1,65.8,0.148
246,-1,542.2,106.8,26.6,42.1,0.109
246,-1,587.4,93.5,52.5,386.5,0.105
246,-1,301.8,178.8,11.3,59.0,0.104
246,-1,300.6,170.4,23.9,57.2,0.096
246,-1,416.0,172.3,9.1,14.7,0.096
246,-1,516.8,141.2,84.9,179.3,0.082
246,-1,289.0,168.8,27.3,36.2,0.077
246,-1,378.4,199.6,11.9,22.5,0.065
246,-1,340.3,120.5,36.3,37.7,0.056
247,-1,82.9,8.6,208.5,471.4,0.999
247,-1,307.0,122.6,76.1,189.6,0.999
247,-1,508.7,0.7,131.3,462.8,0.998
247,-1,442.1,86.0,120.3,359.5,0.997
247,-1,409.6,169.3,32.4,110.9,0.996
247,-1,0.0,161.5,17.5,92.3,0.991
247,-1,386.4,174.6,26.0,87.4,0.989
247,-1,285.9,170.4,32.3,92.2,0.980
247,-1,28.7,194.3,19.4,38.7,0.978
247,-1,366.0,194.6,21.3,64.7,0.790
247,-1,406.6,174.4,14.6,20.3,0.189
247,-1,381.8,181.5,14.1,35.5,0.178
247,-1,520.7,0.0,117.8,230.9,0.102
247,-1,413.1,173.2,8.8,18.6,0.087
247,-1,375.5,195.4,12.5,26.1,0.076
247,-1,496.2,85.0,83.9,304.0,0.057
248,-1,86.2,3.4,205.6,475.6,0.999
248,-1,306.5,123.1,76.2,188.6,0.998
248,-1,443.2,87.9,125.7,350.7,0.998
248,-1,501.0,0.2,139.0,468.9,0.998
248,-1,408.1,169.4,34.1,110.9,0.997
248,-1,285.4,170.1,26.4,91.5,0.993
248,-1,27.8,194.9,16.9,37.7,0.987
248,-1,384.7,174.8,27.4,87.1,0.985
248,-1,0.0,160.4,10.0,92.4,0.820
248,-1,368.7,174.7,17.9,83.3,0.491
248,-1,85.4,173.0,18.5,47.7,0.220
248,-1,410.6,172.2,7.7,19.3,0.205
248,-1,0.0,165.8,4.3,84.3,0.184
248,-1,376.3,170.0,11.1,32.5,0.179
248,-1,563.8,65.3,76.2,412.8,0.168
248,-1,90.9,172.8,13.2,32.6,0.132
248,-1,380.5,178.2,14.1,42.8,0.112
248,-1,378.3,170.1,17.5,72.4,0.110
248,-1,279.5,167.0,16.0,30.6,0.109
248,-1,283.3,170.0,16.3,82.7,0.064
248,-1,514.4,0.9,123.2,222.9,0.056
249,-1,94.9,0.6,198.4,479.4,1.000
249,-1,312.3,122.7,73.0,185.9,0.999
249,-1,410.0,169.9,37.5,112.7,0.995
249,-1,460.0,90.4,112.9,352.9,0.993
249,-1,28.8,195.0,17.4,37.6,0.993
249,-1,290.6,169.6,24.5,92.6,0.991
249,-1,509.5,0.0,129.3,480.0,0.991
249,-1,85.6,173.4,25.1,83.3,0.986
249,-1,387.2,172.1,29.1,90.7,0.983
249,-1,371.6,179.2,17.1,79.3,0.610
249,-1,554.5,124.6,85.5,354.6,0.225
249,-1,0.0,199.0,7.6,54.8,0.172
249,-1,0.0,180.8,9.1,104.8,0.160
249,-1,560.2,120.3,37.9,94.2,0.151
249,-1,87.9,173.3,23.0,45.7,0.145
249,-1,411.6,173.3,11.7,20.1,0.088
249,-1,564.9,277.2,28.1,55.6,0.086
249,-1,491.1,63.7,98.7,310.5,0.067
249,-1,557.8,158.3,35.7,175.4,0.066
249,-1,462.2,94.8,102.8,191.7,0.066
250,-1,104.7,1.2,191.6,478.8,1.000
250,-1,521.2,0.0,118.7,479.6,0.999
250,-1,319.5,122.2,70.9,183.4,0.999
250,-1,413.9,172.1,38.5,113.5,0.998
250,-1,467.5,91.4,119.6,356.9,0.996
250,-1,32.4,197.9,18.7,37.7,0.992
250,-1,297.0,171.6,20.7,94.3,0.980
250,-1,77.4,177.4,33.2,85.5,0.979
250,-1,390.3,175.5,29.8,90.0,0.978
250,-1,97.8,178.0,23.2,85.7,0.932
250,-1,373.3,179.4,19.4,82.4,0.434
250,-1,78.6,159.5,68.3,262.7,0.382
250,-1,101.4,177.9,19.9,49.8,0.270
250,-1,0.0,183.4,5.0,73.6,0.157
250,-1,316.5,179.5,19.1,85.2,0.149
250,-1,0.0,216.0,6.6,40.7,0.146
250,-1,412.3,171.4,12.6,24.2,0.138
250,-1,382.5,182.7,10.0,49.4,0.135
250,-1,559.6,189.2,80.4,286.0,0.120
250,-1,0.0,181.0,8.3,103.4,0.104
250,-1,104.1,175.9,17.3,17.7,0.097
250,-1,569.6,183.1,40.6,164.1,0.095
250,-1,411.9,172.0,18.5,51.8,0.083
250,-1,113.9,4.5,487.1,474.9,0.064
251,-1,117.8,4.2,179.3,475.8,1.000
251,-1,523.4,0.0,116.6,479.7,0.999
251,-1,323.0,123.2,68.9,183.2,0.999
251,-1,77.4,178.4,41.8,88.5,0.998
251,-1,480.6,96.6,107.1,349.4,0.995
251,-1,415.3,170.5,36.8,116.7,0.994
251,-1,35.8,197.1,15.9,38.8,0.992
251,-1,66.4,179.7,34.8,83.6,0.990
251,-1,394.5,173.2,27.2,93.6,0.968
251,-1,468.3,153.3,37.3,160.9,0.927
251,-1,375.7,173.6,18.8,89.4,0.815
251,-1,300.5,171.0,16.9,90.2,0.814
251,-1,313.7,183.3,19.0,78.6,0.592
251,-1,302.1,170.2,14.6,48.4,0.583
251,-1,472.8,154.7,28.7,47.0,0.487
251,-1,301.0,170.7,13.7,28.2,0.455
251,-1,382.1,170.4,18.0,82.8,0.318
251,-1,556.2,161.9,83.8,317.5,0.238
251,-1,384.1,179.6,10.9,59.6,0.202
251,-1,473.3,94.5,88.5,231.0,0.194
251,-1,466.5,148.3,36.1,81.8,0.174
251,-1,315.0,183.6,12.6,44.5,0.141
251,-1,466.4,176.1,25.3,131.0,0.127
251,-1,306.0,176.9,21.4,86.2,0.103
251,-1,383.5,171.3,10.2,42.2,0.099
251,-1,495.2,96.6,70.7,105.1,0.078
251,-1,411.3,170.3,15.9,27.0,0.069
251,-1,504.8,99.0,82.8,156.1,0.068
251,-1,407.7,163.8,20.4,44.8,0.061
252,-1,126.7,12.5,188.5,466.3,1.000
252,-1,326.6,127.7,65.7,182.0,0.999
252,-1,68.6,180.5,47.7,90.7,0.997
252,-1,418.2,171.6,35.7,118.6,0.994
252,-1,536.4,0.2,103.6,476.4,0.993
252,-1,465.9,149.4,45.4,169.6,0.989
252,-1,38.2,200.0,15.2,38.3,0.985
252,-1,395.6,177.9,27.0,92.4,0.983
252,-1,491.6,109.7,91.5,343.5,0.975
252,-1,317.4,192.1,18.6,73.1,0.923
252,-1,71.1,181.1,23.9,77.0,0.710
252,-1,379.7,176.5,17.5,88.2,0.693
252,-1,414.9,176.0,14.2,25.1,0.382
252,-1,304.9,174.8,14.7,74.1,0.376
252,-1,503.9,147.2,14.8,26.2,0.344
252,-1,479.4,129.7,78.1,248.3,0.274
252,-1,407.1,175.5,22.2,92.6,0.154
252,-1,306.5,176.0,24.2,93.4,0.153
252,-1,468.4,149.3,37.8,66.5,0.142
252,-1,304.6,174.2,13.5,34.6,0.136
252,-1,318.2,192.8,15.6,40.3,0.123
252,-1,496.1,96.0,79.8,142.8,0.118
252,-1,548.0,211.9,40.1,209.2,0.105
252,-1,278.1,90.9,16.0,32.2,0.102
252,-1,548.6,3.9,90.6,225.5,0.097
252,-1,385.5,174.3,11.0,44.9,0.068
252,-1,415.6,183.0,12.8,13.5,0.055
253,-1,138.4,22.6,189.2,456.3,1.000
253,-1,64.0,180.2,51.7,94.8,0.999
253,-1,523.3,0.0,116.7,479.5,0.998
253,-1,335.2,132.8,64.7,178.1,0.998
253,-1,461.6,141.7,66.3,181.4,0.995
253,-1,420.5,173.4,38.7,120.1,0.989
253,-1,402.9,176.0,27.4,94.8,0.987
253,-1,43.6,203.4,14.3,37.8,0.980
253,-1,507.2,145.7,21.7,29.1,0.927
253,-1,514.8,121.2,89.4,324.8,0.925
253,-1,319.6,190.0,22.3,73.1,0.914
253,-1,511.8,132.0,51.5,77.2,0.838
253,-1,114.1,142.4,51.6,291.6,0.821
253,-1,124.5,144.6,40.5,128.4,0.816
253,-1,504.3,145.8,25.6,67.2,0.631
253,-1,385.1,167.5,18.6,63.2,0.440
253,-1,510.8,137.7,53.0,137.8,0.387
253,-1,574.5,129.7,65.5,348.4,0.274
253,-1,390.5,170.2,11.7,42.6,0.170
253,-1,384.7,178.3,20.9,85.1,0.157
253,-1,321.0,189.6,18.9,41.4,0.153
253,-1,65.6,184.6,24.9,85.0,0.139
253,-1,280.6,91.7,16.2,24.3,0.101
253,-1,133.2,144.2,32.6,77.9,0.100
253,-1,419.2,175.5,10.1,19.2,0.079
253,-1,140.2,144.7,25.5,44.5,0.061
253,-1,412.3,174.2,17.2,22.9,0.059
253,-1,464.1,171.3,33.0,141.1,0.058
253,-1,400.9,175.5,23.8,61.3,0.051
254,-1,148.0,26.9,183.5,452.9,1.000
254,-1,337.3,133.6,67.2,178.3,0.998
254,-1,64.9,179.4,48.2,96.5,0.998
254,-1,460.1,140.5,57.8,182.3,0.996
254,-1,531.1,0.7,107.6,470.7,0.989
254,-1,422.4,171.9,38.2,121.7,0.988
254,-1,404.1,176.1,27.7,94.0,0.981
254,-1,45.1,203.3,14.6,38.6,0.976
254,-1,124.9,143.2,42.1,147.1,0.953
254,-1,324.4,190.5,20.0,63.1,0.927
254,-1,119.9,139.6,51.0,293.0,0.886
254,-1,521.9,114.8,63.3,329.1,0.885
254,-1,508.0,144.8,24.1,77.5,0.789
254,-1,502.6,143.5,34.8,157.6,0.686
254,-1,511.8,139.9,52.4,150.3,0.667
254,-1,387.6,167.4,21.5,99.0,0.560
254,-1,509.3,142.3,37.8,94.5,0.497
254,-1,324.7,189.1,17.6,36.9,0.479
254,-1,510.2,144.5,21.7,30.2,0.404
254,-1,390.4,168.3,16.4,56.8,0.372
254,-1,524.8,133.3,41.1,65.6,0.349
254,-1,392.0,168.1,11.3,32.9,0.121
254,-1,537.6,129.5,30.2,33.1,0.103
254,-1,404.5,172.0,12.0,35.0,0.096
254,-1,575.4,100.0,64.6,375.0,0.085
254,-1,520.3,130.0,66.0,110.0,0.083
254,-1,404.6,173.8,22.7,55.2,0.078
254,-1,392.6,167.4,9.8,19.3,0.069
254,-1,130.2,205.5,24.9,86.8,0.066
254,-1,405.2,170.4,13.4,21.4,0.066
254,-1,484.8,139.5,44.9,179.9,0.062
254,-1,397.2,169.8,19.2,62.8,0.052
254,-1,282.6,93.4,15.0,19.7,0.051
255,-1,157.6,37.8,183.1,442.2,0.999
255,-1,103.8,144.6,61.6,157.7,0.998
255,-1,340.9,135.8,60.3,181.6,0.998
255,-1,528.5,0.9,111.5,465.7,0.997
255,-1,59.0,181.2,41.2,97.7,0.997
255,-1,441.8,141.8,72.7,188.3,0.997
255,-1,421.5,171.8,36.7,126.4,0.985
255,-1,503.6,168.9,38.1,143.1,0.954
255,-1,43.1,208.2,14.3,37.0,0.952
255,-1,508.8,145.8,29.9,33.0,0.825
255,-1,407.1,179.9,23.7,93.3,0.747
255,-1,170.6,126.1,33.6,73.1,0.727
255,-1,104.2,139.1,72.6,290.2,0.491
255,-1,411.9,177.7,16.4,43.9,0.479
255,-1,507.2,147.1,36.6,60.5,0.459
255,-1,394.8,175.4,30.0,93.9,0.424
255,-1,505.5,168.0,36.3,75.3,0.411
255,-1,403.9,178.3,22.5,56.0,0.374
255,-1,397.3,176.3,20.1,49.6,0.354
255,-1,155.0,129.6,46.0,112.4,0.285
255,-1,84.3,197.0,21.2,76.0,0.279
255,-1,126.9,116.3,73.1,323.7,0.205
255,-1,395.6,172.7,16.1,40.7,0.178
255,-1,541.0,189.5,42.2,237.8,0.156
255,-1,389.6,178.3,23.1,74.2,0.152
255,-1,333.2,200.8,11.5,48.4,0.136
255,-1,120.1,210.6,44.5,89.9,0.125
255,-1,414.1,178.1,16.6,25.6,0.098
255,-1,402.9,174.9,23.4,30.3,0.056
256,-1,161.3,26.8,191.7,453.2,0.999
256,-1,428.0,139.8,83.8,195.8,0.998
256,-1,75.2,135.1,80.0,169.7,0.998
256,-1,341.8,132.7,63.1,179.1,0.997
256,-1,523.3,6.6,116.7,471.4,0.996
256,-1,37.9,180.1,42.4,99.3,0.994
256,-1,493.4,164.1,51.5,151.6,0.985
256,-1,417.4,169.3,35.7,130.8,0.971
256,-1,503.3,143.8,42.3,49.0,0.906
256,-1,54.3,183.5,32.9,87.9,0.762
256,-1,411.5,176.7,16.1,37.5,0.703
256,-1,396.5,172.9,22.8,78.0,0.642
256,-1,401.8,174.6,19.6,43.2,0.376
256,-1,35.4,205.1,13.7,30.4,0.332
256,-1,408.0,176.3,20.1,90.4,0.302
256,-1,493.4,152.4,51.9,84.2,0.267
256,-1,86.9,219.3,26.7,71.8,0.259
256,-1,173.6,123.3,35.4,73.4,0.176
256,-1,156.9,124.9,49.2,148.1,0.163
256,-1,35.1,199.2,17.0,73.3,0.157
256,-1,510.5,142.1,25.0,27.6,0.107
256,-1,69.8,191.8,18.1,78.4,0.102
256,-1,155.2,178.6,24.7,53.8,0.087
256,-1,155.0,139.6,39.5,95.7,0.075
256,-1,130.6,116.5,78.2,318.9,0.068
256,-1,418.1,170.1,32.7,41.7,0.068
257,-1,163.4,26.4,191.2,453.6,0.999
257,-1,341.8,131.5,61.6,178.8,0.999
257,-1,54.3,137.9,89.9,169.8,0.998
257,-1,429.1,138.7,78.0,198.1,0.998
257,-1,16.4,179.8,55.9,101.7,0.995
257,-1,489.3,164.6,57.0,150.3,0.995
257,-1,522.1,2.1,117.3,476.6,0.993
257,-1,415.5,169.1,30.5,130.5,0.977
257,-1,502.9,143.3,44.7,51.1,0.936
257,-1,49.4,182.2,30.4,82.8,0.839
257,-1,396.7,180.1,25.4,79.4,0.459
257,-1,493.7,153.2,50.9,94.3,0.456
257,-1,412.3,176.1,14.0,30.5,0.412
257,-1,506.9,141.5,31.3,35.0,0.290
257,-1,398.7,173.5,20.9,43.4,0.237
257,-1,406.5,173.9,17.1,25.5,0.213
257,-1,403.9,171.5,14.5,19.1,0.182
257,-1,412.6,176.5,11.2,18.4,0.176
257,-1,602.9,326.0,36.8,130.0,0.147
257,-1,56.4,215.7,49.4,79.8,0.138
257,-1,408.0,176.3,17.1,44.1,0.110
257,-1,519.6,147.6,30.0,64.1,0.064
257,-1,419.8,169.5,46.8,133.8,0.061
257,-1,418.4,168.3,29.6,41.3,0.055
257,-1,57.8,193.3,22.6,46.4,0.052
258,-1,160.8,20.4,192.7,459.6,0.999
258,-1,497.2,0.5,140.0,473.1,0.999
258,-1,38.6,133.3,90.5,179.6,0.999
258,-1,418.8,131.5,70.8,208.2,0.998
258,-1,344.0,133.8,56.1,177.0,0.998
258,-1,484.5,164.5,63.5,147.3,0.997
258,-1,0.2,191.3,52.9,90.9,0.989
258,-1,497.9,140.3,50.6,52.0,0.951
258,-1,36.8,182.7,30.3,76.6,0.936
258,-1,410.1,173.0,32.4,126.2,0.751
258,-1,606.6,330.6,32.9,135.3,0.273
258,-1,492.2,144.0,55.8,95.1,0.267
258,-1,397.6,172.3,21.2,39.4,0.155
258,-1,475.7,184.3,18.1,67.0,0.128
258,-1,509.0,140.4,20.5,21.8,0.125
258,-1,530.7,0.5,108.7,271.1,0.121
258,-1,395.9,182.6,21.4,53.0,0.099
258,-1,5.9,159.9,76.8,130.1,0.086
258,-1,14.8,173.5,53.4,91.5,0.050
259,-1,415.2,125.9,53.3,216.9,1.000
259,-1,153.4,22.1,187.4,457.9,0.999
259,-1,16.7,129.5,105.6,184.0,0.999
259,-1,343.4,137.7,55.7,174.1,0.999
259,-1,473.8,4.4,163.2,475.6,0.998
259,-1,478.8,164.6,62.2,149.8,0.994
259,-1,2.6,179.2,40.1,95.3,0.931
259,-1,21.1,178.4,29.1,84.0,0.907
259,-1,496.7,140.7,46.8,64.0,0.865
259,-1,480.6,145.3,61.8,102.4,0.521
259,-1,0.0,177.6,5.3,88.8,0.384
259,-1,500.8,138.9,30.8,35.0,0.325
259,-1,0.2,169.3,25.2,101.2,0.286
259,-1,0.2,173.6,13.1,97.4,0.214
259,-1,609.0,328.2,30.0,143.6,0.197
259,-1,533.6,1.4,105.7,261.7,0.195
259,-1,395.7,170.0,24.1,39.2,0.158
259,-1,0.0,145.3,2.6,119.8,0.154
259,-1,397.9,177.2,33.2,127.4,0.140
259,-1,390.5,170.5,30.9,98.8,0.088
259,-1,405.8,168.9,15.1,17.6,0.063
260,-1,143.5,22.5,197.0,455.0,0.999
260,-1,393.1,124.9,71.7,228.4,0.999
260,-1,0.1,126.6,104.7,191.1,0.999
260,-1,334.9,142.2,55.4,172.0,0.998
260,-1,486.7,1.4,150.5,474.8,0.998
260,-1,471.5,165.4,55.5,153.2,0.994
260,-1,478.6,141.8,51.1,58.0,0.890
260,-1,0.0,122.7,14.5,165.1,0.327
260,-1,377.4,179.6,39.0,95.4,0.310
260,-1,489.0,140.8,33.3,39.1,0.248
260,-1,0.0,128.3,2.2,160.8,0.246
260,-1,583.1,341.3,27.5,79.6,0.187
260,-1,467.2,143.2,53.8,106.7,0.163
260,-1,391.6,177.8,12.8,15.4,0.130
260,-1,0.0,178.1,21.7,105.6,0.103
260,-1,589.0,320.8,51.0,153.4,0.082
260,-1,378.3,180.8,25.5,64.9,0.075
261,-1,131.5,14.0,200.4,466.0,1.000
261,-1,363.4,128.1,106.0,232.0,0.999
261,-1,474.8,0.0,163.7,479.7,0.999
261,-1,324.7,146.0,58.0,170.2,0.999
261,-1,0.0,124.6,77.9,199.3,0.998
261,-1,462.3,169.1,47.4,102.5,0.952
261,-1,477.4,145.1,32.9,52.2,0.840
261,-1,483.9,145.3,24.7,33.6,0.564
261,-1,466.0,146.2,43.9,78.3,0.508
261,-1,328.3,137.5,97.2,212.6,0.141
261,-1,460.7,163.9,61.0,163.8,0.094
261,-1,43.6,189.7,20.7,38.2,0.090
261,-1,483.9,162.5,27.1,70.6,0.083
261,-1,0.2,128.6,23.5,202.1,0.065
261,-1,557.8,30.0,82.2,429.6,0.062
262,-1,121.5,15.5,194.9,464.5,0.999
262,-1,332.8,127.6,125.7,240.6,0.999
262,-1,453.8,0.0,186.0,480.0,0.998
262,-1,321.0,147.2,47.5,167.3,0.989
262,-1,0.1,105.4,39.0,218.1,0.928
262,-1,309.0,177.8,24.7,102.0,0.848
262,-1,458.9,147.1,45.1,173.1,0.828
262,-1,458.3,145.2,38.1,106.6,0.596
262,-1,307.1,197.2,18.8,78.5,0.423
262,-1,306.4,198.9,10.8,49.1,0.402
262,-1,403.6,172.8,32.3,132.9,0.245
262,-1,477.4,146.1,16.6,32.0,0.240
262,-1,405.5,169.1,25.6,72.6,0.231
262,-1,473.3,266.1,31.5,63.8,0.196
262,-1,410.0,169.5,14.7,24.5,0.194
262,-1,0.0,216.6,39.5,101.0,0.181
262,-1,408.1,170.8,45.3,90.7,0.167
262,-1,314.0,179.0,14.8,50.5,0.148
262,-1,0.0,111.4,16.6,154.7,0.131
262,-1,0.2,132.0,28.7,112.7,0.125
262,-1,303.7,196.4,12.8,83.8,0.123
262,-1,307.5,197.8,8.5,17.9,0.120
262,-1,10.2,183.2,19.9,45.2,0.103
262,-1,319.6,178.9,9.4,27.4,0.056
262,-1,314.6,196.3,13.1,50.6,0.055
262,-1,313.5,197.4,11.5,32.5,0.052
263,-1,104.5,7.1,198.2,472.9,0.999
263,-1,323.6,124.3,118.9,253.4,0.999
263,-1,441.9,0.0,196.3,477.0,0.997
263,-1,386.7,165.0,50.6,151.4,0.990
263,-1,297.0,199.0,14.6,75.6,0.935
263,-1,473.7,209.4,29.5,122.6,0.885
263,-1,300.4,200.6,27.1,79.5,0.852
263,-1,315.4,163.4,36.5,146.6,0.797
263,-1,454.1,192.3,46.5,138.8,0.215
263,-1,397.7,165.2,30.2,50.7,0.167
263,-1,310.6,205.4,11.5,15.5,0.164
263,-1,297.6,198.8,13.0,29.9,0.163
263,-1,309.3,205.3,11.8,38.9,0.131
263,-1,357.3,156.0,74.1,170.5,0.116
263,-1,399.9,167.1,19.7,36.9,0.111
263,-1,304.9,215.1,15.4,56.9,0.107
263,-1,437.5,193.8,19.8,53.9,0.070
263,-1,314.8,204.9,7.4,40.0,0.060
263,-1,0.0,187.1,6.3,60.9,0.058
264,-1,100.4,3.7,199.5,476.3,1.000
264,-1,317.8,119.1,109.2,259.8,0.999
264,-1,437.3,0.0,201.4,478.4,0.995
264,-1,383.3,164.0,46.9,153.7,0.977
264,-1,292.1,196.6,17.8,82.6,0.916
264,-1,295.4,177.6,32.9,102.6,0.882
264,-1,468.0,231.0,28.0,97.5,0.545
264,-1,451.4,178.3,47.7,154.3,0.520
264,-1,307.6,175.9,31.7,111.5,0.362
264,-1,392.4,163.3,32.9,56.2,0.362
264,-1,390.5,163.4,45.4,84.7,0.258
264,-1,470.9,274.4,25.3,55.0,0.185
264,-1,433.5,190.5,21.6,63.5,0.104
264,-1,291.9,196.2,16.5,37.8,0.073
265,-1,90.1,5.6,203.4,474.1,0.999
265,-1,287.8,104.5,76.5,281.4,0.999
265,-1,376.2,158.6,50.6,160.3,0.997
265,-1,433.2,0.0,205.1,480.0,0.995
265,-1,353.9,170.9,30.5,122.6,0.607
265,-1,347.6,167.3,26.2,140.2,0.604
265,-1,441.6,160.9,48.0,171.4,0.572
265,-1,460.7,271.8,29.1,59.4,0.315
265,-1,469.8,295.6,20.4,35.8,0.223
265,-1,605.3,287.0,34.2,153.0,0.217
265,-1,284.0,170.5,29.6,108.2,0.100
265,-1,420.6,191.3,18.2,48.5,0.071
265,-1,460.3,199.9,28.8,129.2,0.067
265,-1,328.0,131.1,40.9,179.3,0.056
265,-1,623.4,332.5,16.6,109.2,0.051
265,-1,607.0,332.3,20.8,105.1,0.050
266,-1,81.4,5.1,210.8,473.7,0.999
266,-1,276.7,99.4,71.8,288.3,0.999
266,-1,369.6,155.7,50.2,162.3,0.998
266,-1,429.4,0.0,208.3,475.2,0.997
266,-1,335.0,147.5,39.8,158.8,0.983
266,-1,427.6,154.6,59.8,177.1,0.897
266,-1,589.6,290.8,48.8,159.1,0.602
266,-1,457.8,185.3,27.2,144.0,0.154
266,-1,582.8,29.0,56.8,402.6,0.118
266,-1,456.3,266.9,29.0,62.7,0.113
266,-1,451.6,128.0,41.2,193.9,0.091
266,-1,427.3,91.0,129.7,239.4,0.064
267,-1,254.3,87.5,86.3,296.9,0.998
267,-1,68.2,2.2,219.6,477.8,0.998
267,-1,360.5,147.3,53.0,165.7,0.998
267,-1,420.1,1.7,219.6,478.3,0.997
267,-1,314.9,141.2,53.3,160.8,0.997
267,-1,436.9,146.9,44.3,175.0,0.601
267,-1,419.3,161.2,30.3,112.3,0.169
267,-1,303.2,179.1,18.7,53.2,0.165
267,-1,587.3,269.8,52.4,174.9,0.157
267,-1,460.7,278.5,21.9,47.7,0.138
267,-1,410.1,184.4,16.7,22.1,0.133
267,-1,580.8,26.9,59.2,407.6,0.116
267,-1,393.7,147.1,61.9,167.4,0.091
267,-1,443.7,138.2,41.0,114.1,0.066
267,-1,443.1,170.1,30.7,92.1,0.055
267,-1,333.2,238.5,11.8,36.7,0.053
268,-1,57.7,2.3,242.5,477.5,0.999
268,-1,415.2,0.0,221.3,478.9,0.997
268,-1,355.8,140.0,60.8,168.8,0.997
268,-1,308.3,135.3,56.2,160.0,0.996
268,-1,245.3,78.1,88.4,302.8,0.972
268,-1,286.4,157.5,30.2,90.2,0.922
268,-1,240.4,77.3,52.0,122.3,0.899
268,-1,431.5,140.8,47.1,181.5,0.686
268,-1,458.0,282.2,22.9,42.6,0.414
268,-1,406.0,167.8,19.9,31.7,0.363
268,-1,589.5,222.9,50.5,215.5,0.326
268,-1,299.8,162.2,18.2,99.5,0.213
268,-1,284.5,153.1,40.8,136.2,0.200
268,-1,584.3,44.3,55.3,385.3,0.198
268,-1,238.2,77.3,72.1,215.7,0.184
268,-1,420.0,153.7,51.6,121.2,0.164
268,-1,406.1,174.1,20.4,50.8,0.121
268,-1,307.4,160.9,13.9,38.5,0.110
268,-1,286.4,132.9,18.7,25.6,0.100
268,-1,450.6,170.2,28.2,152.0,0.093
268,-1,415.2,144.5,34.0,119.8,0.089
268,-1,404.1,152.1,27.8,111.3,0.083
268,-1,274.7,143.8,60.0,227.5,0.072
268,-1,448.9,269.8,28.1,51.6,0.062
268,-1,427.0,23.3,152.5,296.5,0.056
268,-1,287.0,160.5,29.1,44.1,0.055
268,-1,441.9,151.2,32.9,90.6,0.054
269,-1,58.7,0.1,247.4,479.2,0.999
269,-1,416.6,0.0,220.5,478.7,0.998
269,-1,346.2,134.3,64.1,174.6,0.997
269,-1,308.2,129.0,52.9,160.2,0.997
269,-1,277.1,149.5,33.5,132.5,0.948
269,-1,400.5,162.6,21.8,41.8,0.918
269,-1,598.2,217.1,41.8,213.6,0.703
269,-1,435.7,149.3,40.4,174.8,0.550
269,-1,589.4,65.4,50.2,361.6,0.494
269,-1,246.1,248.0,71.0,130.8,0.493
269,-1,236.7,125.9,81.5,248.6,0.206
269,-1,326.1,131.8,64.8,166.4,0.193
269,-1,400.5,168.1,22.1,84.5,0.179
269,-1,443.6,263.0,31.4,58.9,0.093
269,-1,296.8,138.3,27.7,73.2,0.078
269,-1,438.6,158.4,28.2,63.1,0.074
269,-1,416.5,64.9,118.3,252.9,0.068
269,-1,294.6,165.0,18.3,92.8,0.050
270,-1,405.0,0.0,233.8,480.0,0.999
270,-1,50.4,0.0,250.5,480.0,0.998
270,-1,335.6,116.2,58.3,175.4,0.997
270,-1,312.4,111.5,40.5,159.3,0.997
270,-1,279.1,128.2,29.2,116.0,0.924
270,-1,588.0,139.5,51.8,267.7,0.835
270,-1,305.9,139.2,18.6,105.6,0.694
270,-1,390.8,154.4,24.0,49.0,0.641
270,-1,418.2,121.7,46.5,189.3,0.459
270,-1,304.0,137.2,18.7,61.0,0.309
270,-1,290.6,137.5,22.4,88.7,0.194
270,-1,427.3,129.4,34.7,126.2,0.172
270,-1,393.3,154.4,24.4,82.9,0.156
270,-1,281.6,139.4,25.9,50.7,0.144
270,-1,287.9,123.8,26.4,65.0,0.130
270,-1,311.7,132.7,13.4,31.3,0.116
270,-1,392.1,145.2,22.9,35.6,0.113
270,-1,430.1,139.1,28.4,70.0,0.107
270,-1,277.4,124.8,24.0,56.6,0.084
270,-1,276.6,122.7,19.4,24.5,0.082
270,-1,290.2,118.4,20.8,37.7,0.076
270,-1,296.4,142.8,16.7,42.3,0.069
270,-1,306.4,136.6,14.7,29.1,0.060
270,-1,287.7,134.2,19.0,21.5,0.052
271,-1,400.1,0.8,237.4,479.2,0.999
271,-1,47.5,1.3,241.9,473.8,0.999
271,-1,329.7,85.4,56.0,186.8,0.998
271,-1,315.9,85.9,33.5,164.2,0.986
271,-1,302.3,109.3,21.9,117.7,0.966
271,-1,589.6,121.6,49.4,241.7,0.890
271,-1,386.8,120.1,26.1,39.3,0.751
271,-1,279.2,104.5,23.2,129.8,0.626
271,-1,278.3,103.5,19.4,78.3,0.615
271,-1,277.6,99.0,19.8,25.0,0.454
271,-1,386.9,128.3,26.5,70.2,0.418
271,-1,424.2,97.5,37.4,191.3,0.365
271,-1,277.5,100.5,22.2,45.0,0.339
271,-1,287.6,111.2,14.8,41.7,0.333
271,-1,288.3,111.4,13.7,20.8,0.321
271,-1,299.6,108.4,18.9,45.9,0.318
271,-1,295.7,109.7,22.7,82.7,0.285
271,-1,373.4,147.6,34.7,53.5,0.189
271,-1,282.0,107.5,24.3,55.3,0.151
271,-1,247.0,125.0,47.2,114.0,0.150
271,-1,79.5,0.0,490.6,480.0,0.145
271,-1,245.7,183.9,12.5,37.8,0.088
271,-1,284.0,100.5,23.4,39.6,0.072
271,-1,310.1,102.7,24.8,133.3,0.070
271,-1,280.5,168.3,16.6,66.5,0.065
272,-1,26.4,0.1,257.3,437.3,0.999
272,-1,396.0,0.4,242.3,479.6,0.999
272,-1,315.6,47.8,64.5,191.0,0.997
272,-1,290.9,75.9,28.9,123.6,0.973
272,-1,262.4,80.1,44.3,130.5,0.945
272,-1,588.0,42.9,51.7,290.0,0.941
272,-1,387.3,88.4,23.7,32.2,0.712
272,-1,20.5,6.7,93.5,361.6,0.608
272,-1,384.1,88.6,26.3,72.3,0.407
272,-1,305.6,81.4,18.1,97.9,0.382
272,-1,310.9,57.5,29.0,154.8,0.369
272,-1,312.8,52.2,27.6,49.6,0.291
272,-1,268.2,53.1,30.7,39.0,0.258
272,-1,326.8,53.6,12.3,22.5,0.199
272,-1,319.1,53.7,20.2,28.7,0.179
272,-1,6.4,60.8,51.5,64.8,0.154
272,-1,232.1,204.2,20.2,28.4,0.142
272,-1,400.0,0.2,205.1,250.5,0.141
272,-1,292.3,76.2,23.6,74.4,0.114
272,-1,398.3,2.5,102.3,216.3,0.111
272,-1,269.5,63.0,29.7,120.7,0.063
272,-1,311.7,72.2,20.8,103.3,0.053
273,-1,378.1,1.9,258.1,478.1,0.999
273,-1,313.2,42.6,66.3,195.5,0.998
273,-1,45.8,1.5,228.7,456.1,0.997
273,-1,253.3,76.4,55.2,133.3,0.992
273,-1,600.0,131.2,39.9,183.0,0.899
273,-1,297.2,76.2,19.4,100.0,0.830
273,-1,1.8,18.5,104.5,362.9,0.614
273,-1,227.5,201.2,23.5,32.1,0.588
273,-1,383.5,93.0,26.9,77.7,0.490
273,-1,384.5,89.0,24.8,27.8,0.487
273,-1,17.6,5.5,155.5,314.4,0.384
273,-1,17.5,1.4,122.0,198.9,0.329
273,-1,278.6,111.2,30.7,88.8,0.246
273,-1,299.6,77.3,15.2,52.1,0.223
273,-1,299.6,72.9,26.1,129.2,0.222
273,-1,300.4,73.2,14.0,29.8,0.210
273,-1,290.7,75.3,21.3,53.1,0.168
273,-1,291.0,83.3,20.9,105.8,0.157
273,-1,0.1,10.2,33.6,160.3,0.131
273,-1,620.3,134.6,19.6,65.0,0.106
273,-1,311.4,115.3,22.1,95.9,0.096
273,-1,402.5,1.3,169.3,244.2,0.090
273,-1,0.2,39.6,29.3,337.9,0.088
273,-1,209.6,7.3,66.5,231.2,0.082
273,-1,582.6,25.4,57.3,293.7,0.081
273,-1,78.2,4.0,196.9,262.6,0.072
273,-1,304.9,79.5,10.8,21.0,0.062
273,-1,96.2,282.1,44.1,59.8,0.062
273,-1,304.5,126.1,14.4,48.9,0.057
273,-1,606.8,22.6,32.6,226.5,0.055
274,-1,389.8,4.0,249.3,472.7,0.999
274,-1,38.5,0.0,228.0,478.8,0.999
274,-1,305.6,54.1,65.9,200.8,0.997
274,-1,0.8,2.5,62.0,325.5,0.984
274,-1,256.4,90.4,52.6,130.3,0.983
274,-1,598.2,3.1,41.8,321.4,0.963
274,-1,377.5,107.3,28.6,73.2,0.629
274,-1,0.7,4.3,107.9,371.2,0.569
274,-1,220.0,60.8,45.3,189.8,0.425
274,-1,254.3,83.6,19.7,113.4,0.372
274,-1,248.7,63.7,22.5,48.4,0.311
274,-1,382.0,104.5,23.9,26.3,0.264
274,-1,252.7,71.7,20.7,65.8,0.259
274,-1,256.9,87.1,18.8,42.0,0.151
274,-1,296.8,98.0,18.4,95.4,0.120
274,-1,249.6,66.2,34.8,110.7,0.118
274,-1,229.6,208.0,17.1,42.1,0.111
274,-1,252.1,67.1,31.9,52.0,0.088
274,-1,300.9,131.2,13.8,59.7,0.087
274,-1,399.6,0.0,199.2,294.7,0.075
274,-1,1.0,3.4,64.1,158.0,0.066
275,-1,390.6,0.0,244.4,479.3,0.999
275,-1,298.6,72.0,67.9,204.1,0.999
275,-1,38.2,1.6,218.6,472.2,0.998
275,-1,600.8,1.1,39.1,333.7,0.977
275,-1,260.6,101.4,45.5,136.4,0.953
275,-1,248.8,104.1,20.9,114.2,0.828
275,-1,0.0,13.5,51.0,332.5,0.817
275,-1,373.8,119.7,28.4,69.5,0.681
275,-1,401.1,147.1,38.9,145.7,0.499
275,-1,377.0,117.4,24.0,37.2,0.424
275,-1,216.1,94.9,43.2,176.0,0.407
275,-1,250.2,107.9,20.2,37.8,0.389
275,-1,0.1,56.8,24.1,283.0,0.310
275,-1,0.1,66.0,53.9,159.0,0.296
275,-1,94.4,0.0,30.6,23.2,0.187
275,-1,0.0,107.5,11.6,205.9,0.156
275,-1,397.4,12.6,77.2,286.5,0.122
275,-1,246.8,93.9,31.5,46.3,0.115
275,-1,604.9,4.1,34.3,173.9,0.113
275,-1,0.0,100.1,6.2,294.7,0.107
275,-1,239.0,83.6,28.9,51.7,0.095
275,-1,0.2,12.5,41.6,182.7,0.094
275,-1,398.2,0.8,182.7,303.6,0.092
275,-1,2.4,21.1,80.9,387.5,0.089
275,-1,25.7,172.0,89.7,230.5,0.080
275,-1,296.2,150.6,13.1,56.2,0.079
275,-1,270.1,102.1,33.7,33.8,0.071
275,-1,256.5,108.5,18.0,31.3,0.068
275,-1,93.6,0.1,57.2,19.2,0.064
275,-1,257.4,87.8,31.2,41.4,0.064
275,-1,0.1,55.1,11.4,169.4,0.064
275,-1,255.4,110.3,24.8,108.3,0.055
275,-1,243.7,100.1,24.5,68.5,0.054
276,-1,404.7,0.0,233.7,480.0,0.999
276,-1,42.7,0.5,206.9,479.5,0.999
276,-1,293.2,103.3,72.4,203.7,0.999
276,-1,272.0,126.2,35.8,140.1,0.960
276,-1,245.8,137.4,24.1,110.1,0.898
276,-1,368.9,157.2,34.9,58.9,0.883
276,-1,258.7,135.2,29.6,126.2,0.852
276,-1,0.0,156.6,50.6,276.2,0.770
276,-1,603.3,85.1,36.2,274.6,0.731
276,-1,403.4,155.3,41.1,172.3,0.725
276,-1,0.2,164.1,27.4,219.4,0.699
276,-1,0.2,165.9,26.6,107.6,0.447
276,-1,378.6,148.0,21.3,30.0,0.412
276,-1,408.8,202.4,36.5,97.8,0.353
276,-1,221.9,151.8,27.3,147.8,0.278
276,-1,246.4,136.7,23.5,44.8,0.207
276,-1,264.0,136.6,15.9,30.6,0.150
276,-1,205.9,113.6,44.9,185.9,0.108
276,-1,259.2,137.3,9.6,18.3,0.106
276,-1,249.3,138.2,14.6,60.6,0.096
276,-1,257.0,137.5,13.2,36.1,0.082
276,-1,262.1,121.1,24.0,43.2,0.070
276,-1,0.2,348.8,47.4,82.9,0.063
276,-1,577.5,4.1,60.9,357.9,0.060
276,-1,277.1,126.4,27.4,32.4,0.060
276,-1,251.6,137.1,18.4,22.4,0.060
276,-1,370.3,151.0,30.0,41.5,0.054
276,-1,4.2,84.9,171.4,366.7,0.051
277,-1,42.2,1.3,201.4,478.1,0.999
277,-1,283.4,112.6,67.9,205.8,0.999
277,-1,406.4,2.9,229.0,476.9,0.999
277,-1,246.0,145.6,40.2,129.1,0.982
277,-1,217.1,109.5,36.7,96.2,0.957
277,-1,392.4,100.0,50.9,245.9,0.952
277,-1,331.2,137.5,33.4,139.4,0.913
277,-1,390.4,113.6,28.9,192.4,0.885
277,-1,209.9,108.9,43.2,204.6,0.882
277,-1,603.5,120.5,36.1,248.0,0.663
277,-1,370.5,166.5,26.9,60.3,0.395
277,-1,400.0,219.7,44.0,116.9,0.385
277,-1,260.3,151.8,39.9,126.8,0.366
277,-1,401.3,227.1,31.7,81.2,0.240
277,-1,375.1,166.2,18.6,23.2,0.154
277,-1,231.0,137.0,23.4,114.2,0.134
277,-1,309.5,118.6,49.5,179.6,0.123
277,-1,239.9,150.7,20.1,108.4,0.090
277,-1,214.0,259.3,23.3,54.0,0.067
277,-1,403.9,10.1,126.7,330.3,0.051
278,-1,20.1,0.8,217.3,479.1,0.999
278,-1,272.3,115.5,71.1,215.3,0.999
278,-1,400.3,5.4,217.6,471.6,0.999
278,-1,590.6,36.8,49.4,328.4,0.996
278,-1,327.1,134.4,41.9,141.4,0.986
278,-1,201.0,115.0,57.3,206.8,0.978
278,-1,237.4,146.7,39.6,134.2,0.974
278,-1,383.8,113.0,40.6,195.1,0.940
278,-1,370.3,168.7,20.5,72.1,0.774
278,-1,206.7,120.6,46.9,102.7,0.766
278,-1,388.3,111.4,57.8,237.6,0.749
278,-1,256.1,153.4,40.2,129.0,0.538
278,-1,386.4,114.2,20.3,113.9,0.505
278,-1,408.5,237.1,39.0,117.9,0.457
278,-1,616.3,57.7,23.6,89.1,0.415
278,-1,361.8,182.7,14.1,44.4,0.374
278,-1,327.9,132.7,15.6,31.7,0.241
278,-1,266.9,160.0,13.6,22.8,0.219
278,-1,404.4,0.1,117.6,355.0,0.204
278,-1,616.1,55.9,23.2,45.3,0.176
278,-1,371.1,166.5,14.4,26.9,0.171
278,-1,399.0,34.7,63.6,320.6,0.159
278,-1,362.2,170.6,23.3,63.6,0.157
278,-1,245.9,149.3,18.7,33.2,0.145
278,-1,223.9,190.9,20.8,115.2,0.144
278,-1,396.0,206.8,31.6,103.5,0.080
278,-1,599.2,57.3,40.4,191.9,0.078
278,-1,261.5,160.0,23.4,92.9,0.074
278,-1,323.6,241.8,17.0,37.9,0.056
278,-1,350.7,167.4,18.5,59.1,0.050
279,-1,6.6,16.6,206.2,462.2,0.999
279,-1,383.3,7.2,211.0,472.5,0.999
279,-1,258.4,128.8,68.5,222.0,0.998
279,-1,189.8,141.4,61.7,201.4,0.996
279,-1,315.5,150.2,56.5,143.3,0.995
279,-1,581.8,61.2,56.8,312.8,0.994
279,-1,376.1,130.1,54.0,209.4,0.920
279,-1,232.2,167.0,36.9,130.0,0.752
279,-1,356.0,183.6,19.9,61.0,0.730
279,-1,385.5,232.0,45.6,111.4,0.515
279,-1,371.2,127.9,17.2,139.0,0.505
279,-1,216.5,148.3,43.4,153.0,0.244
279,-1,370.0,123.5,31.2,209.5,0.179
279,-1,586.1,63.6,52.9,165.7,0.174
279,-1,360.6,181.9,22.3,82.7,0.143
279,-1,379.0,10.5,120.7,388.9,0.136
279,-1,352.0,185.5,19.3,44.4,0.082
279,-1,222.0,148.7,23.6,42.5,0.064
279,-1,227.3,162.3,25.1,116.7,0.063
279,-1,361.6,180.8,11.0,42.4,0.062
280,-1,228.8,124.0,76.0,230.7,1.000
280,-1,359.2,0.0,219.3,480.0,0.999
280,-1,567.7,56.7,70.3,316.7,0.998
280,-1,167.9,142.9,72.4,204.8,0.998
280,-1,1.3,22.9,183.0,454.4,0.997
280,-1,297.9,150.7,55.6,144.0,0.996
280,-1,362.7,146.2,46.7,190.1,0.896
280,-1,334.7,184.9,19.9,54.6,0.821
280,-1,367.1,235.5,43.3,95.5,0.584
280,-1,349.8,117.0,25.3,145.9,0.411
280,-1,609.4,1.1,30.6,103.1,0.323
280,-1,610.9,1.8,28.6,54.2,0.226
280,-1,210.2,156.1,38.1,142.7,0.189
280,-1,0.4,104.7,20.5,371.9,0.164
280,-1,349.3,183.3,21.7,79.9,0.140
280,-1,208.0,148.7,15.5,29.5,0.113
280,-1,0.0,171.7,35.1,286.8,0.101
280,-1,217.8,230.6,29.5,66.7,0.096
280,-1,320.0,176.5,23.2,64.3,0.081
280,-1,339.3,182.2,26.4,77.7,0.068
280,-1,285.9,262.5,9.7,27.9,0.061
280,-1,356.9,13.4,125.5,346.5,0.061
281,-1,330.5,1.7,229.3,478.3,0.999
281,-1,0.1,6.4,148.7,472.5,0.999
281,-1,187.4,106.0,79.6,244.6,0.999
281,-1,269.5,136.9,53.2,144.4,0.999
281,-1,540.5,49.1,87.5,315.5,0.999
281,-1,141.2,129.4,71.5,206.2,0.996
281,-1,316.9,105.6,59.5,218.6,0.941
281,-1,308.9,176.8,15.1,50.7,0.507
281,-1,315.7,110.8,27.8,194.3,0.099
281,-1,121.5,155.6,22.4,67.2,0.067
281,-1,322.1,42.7,83.1,273.2,0.061
281,-1,140.5,189.1,19.6,93.7,0.054
282,-1,0.1,2.4,115.6,476.6,1.000
282,-1,326.4,0.0,236.7,477.5,0.999
282,-1,162.6,108.0,78.2,253.9,0.998
282,-1,258.1,145.4,41.9,141.8,0.996
282,-1,291.9,75.6,78.6,307.8,0.995
282,-1,515.8,88.9,99.8,300.4,0.993
282,-1,135.0,133.4,42.0,157.4,0.981
282,-1,114.3,154.6,33.0,149.8,0.957
282,-1,98.0,162.3,21.4,80.5,0.684
282,-1,227.0,159.1,22.5,132.5,0.544
282,-1,292.8,74.1,46.4,228.2,0.431
282,-1,229.1,167.5,16.9,61.3,0.383
282,-1,439.0,123.5,165.8,222.3,0.342
282,-1,97.9,160.6,20.4,39.5,0.231
282,-1,316.3,26.9,118.5,357.0,0.228
282,-1,79.9,162.6,40.3,141.3,0.134
282,-1,95.8,149.8,65.5,155.8,0.127
282,-1,110.4,157.9,31.9,94.4,0.106
282,-1,410.6,78.9,161.0,321.9,0.088
283,-1,349.1,0.0,239.5,480.0,0.999
283,-1,0.2,20.9,120.8,456.0,0.999
283,-1,148.6,116.2,90.3,264.3,0.998
283,-1,263.1,159.9,38.5,140.0,0.995
283,-1,110.3,161.3,42.9,156.5,0.994
283,-1,306.7,100.2,76.0,310.0,0.994
283,-1,531.6,116.6,77.1,293.6,0.989
283,-1,291.6,89.0,62.9,173.8,0.941
283,-1,145.2,145.5,31.7,195.2,0.926
283,-1,226.2,177.8,21.7,125.4,0.887
283,-1,566.8,152.3,48.3,223.1,0.528
283,-1,228.6,186.8,18.9,63.9,0.331
283,-1,595.1,187.2,29.0,106.2,0.327
283,-1,0.0,0.6,13.4,132.0,0.209
283,-1,608.3,197.9,27.5,65.1,0.140
283,-1,0.1,1.5,15.9,436.3,0.112
283,-1,594.0,239.6,23.1,54.1,0.108
283,-1,326.9,51.2,121.8,367.1,0.104
283,-1,449.5,125.7,162.3,311.1,0.064
284,-1,0.3,21.4,126.8,450.6,0.999
284,-1,376.8,0.0,228.4,480.0,0.999
284,-1,148.0,114.5,95.9,272.7,0.999
284,-1,117.9,162.8,46.0,155.1,0.997
284,-1,274.3,163.1,40.2,141.2,0.994
284,-1,324.6,97.0,71.7,312.4,0.994
284,-1,301.4,88.0,71.7,247.3,0.986
284,-1,231.5,170.9,27.9,136.7,0.902
284,-1,559.7,136.5,66.7,283.8,0.879
284,-1,558.5,218.5,44.5,205.9,0.530
284,-1,0.0,43.1,9.7,56.0,0.521
284,-1,0.0,41.0,9.8,121.7,0.421
284,-1,0.0,43.2,6.2,86.7,0.215
284,-1,0.1,41.2,7.8,221.0,0.183
284,-1,626.6,216.1,13.4,66.8,0.175
284,-1,378.6,5.9,117.6,424.1,0.148
284,-1,306.0,242.1,14.9,36.8,0.101
284,-1,0.0,33.0,13.4,83.0,0.099
284,-1,590.8,84.7,46.2,222.6,0.088
284,-1,0.0,29.2,16.0,448.3,0.085
284,-1,577.7,167.0,52.8,144.1,0.072
284,-1,149.7,241.1,21.3,102.7,0.067
284,-1,0.1,18.9,23.9,191.8,0.066
284,-1,145.1,186.0,31.9,157.3,0.062
284,-1,19.3,15.1,516.1,460.3,0.054
285,-1,163.8,104.4,83.0,279.0,1.000
285,-1,394.8,2.2,240.2,476.4,0.999
285,-1,0.0,8.1,134.3,470.4,0.999
285,-1,339.3,82.9,90.3,334.2,0.998
285,-1,122.2,159.6,47.8,158.9,0.995
285,-1,288.7,161.4,38.1,137.7,0.994
285,-1,309.5,78.3,73.7,280.9,0.989
285,-1,241.7,169.9,31.0,130.1,0.967
285,-1,0.0,40.7,20.9,50.1,0.511
285,-1,322.4,81.9,77.2,189.9,0.324
285,-1,0.0,39.8,16.6,127.2,0.157
285,-1,0.0,22.7,17.2,448.2,0.153
285,-1,431.2,0.1,86.8,15.0,0.136
285,-1,0.0,30.1,20.7,208.0,0.108
285,-1,438.5,0.1,134.2,11.5,0.103
285,-1,0.3,31.9,27.5,93.7,0.098
285,-1,460.9,0.1,145.3,2.3,0.076
285,-1,322.1,236.2,10.4,36.5,0.073
285,-1,157.7,216.0,19.8,76.2,0.071
285,-1,411.6,3.2,216.8,263.0,0.062
285,-1,0.1,1.7,34.7,72.8,0.054
286,-1,164.9,108.0,89.0,283.3,0.999
286,-1,0.0,25.4,140.3,450.0,0.999
286,-1,431.1,0.3,208.7,479.7,0.998
286,-1,355.0,78.4,102.0,355.0,0.998
286,-1,130.3,160.5,43.6,163.0,0.994
286,-1,324.4,76.4,75.4,290.4,0.989
286,-1,247.0,169.5,37.1,130.9,0.977
286,-1,304.5,176.3,36.1,126.7,0.949
286,-1,232.3,202.9,38.7,126.2,0.409
286,-1,0.4,45.8,30.4,48.1,0.104
286,-1,338.3,74.7,90.1,205.9,0.081
286,-1,0.1,22.4,15.6,448.8,0.080
286,-1,0.0,5.6,47.0,168.7,0.068
286,-1,0.8,0.5,49.3,92.6,0.064
287,-1,168.5,107.6,91.3,289.7,0.999
287,-1,0.5,35.9,143.0,444.1,0.999
287,-1,455.2,0.8,184.4,478.9,0.998
287,-1,367.2,69.2,122.3,376.4,0.998
287,-1,134.0,161.9,44.5,166.6,0.997
287,-1,329.2,73.1,86.1,295.1,0.990
287,-1,267.5,173.3,30.1,128.2,0.919
287,-1,316.6,177.7,34.0,123.7,0.903
287,-1,239.3,185.6,42.0,147.9,0.684
287,-1,252.9,178.1,36.4,138.7,0.380
287,-1,248.6,231.3,30.2,102.7,0.291
287,-1,581.0,307.7,35.8,98.0,0.209
287,-1,592.6,373.8,23.3,28.0,0.084
287,-1,211.0,128.3,70.7,221.7,0.067
287,-1,13.9,33.4,471.3,437.0,0.056
287,-1,1.0,28.9,44.4,449.2,0.051
288,-1,1.7,41.6,147.1,435.6,0.999
288,-1,341.7,67.9,86.0,299.5,0.998
288,-1,170.9,101.7,94.0,300.0,0.998
288,-1,379.8,58.6,144.8,390.6,0.998
288,-1,496.1,0.0,143.9,476.2,0.997
288,-1,138.6,158.9,41.4,167.3,0.995
288,-1,245.4,156.1,46.7,177.2,0.985
288,-1,327.5,181.2,36.5,117.0,0.984
288,-1,279.7,175.9,29.4,124.7,0.977
288,-1,498.0,85.0,32.8,57.8,0.906
288,-1,496.7,90.1,34.7,302.6,0.613
288,-1,496.3,84.9,36.4,152.5,0.386
288,-1,0.1,22.4,15.8,417.5,0.149
288,-1,258.0,158.4,32.0,86.6,0.118
288,-1,152.9,169.1,40.9,136.7,0.098
288,-1,600.1,322.9,31.4,74.4,0.098
288,-1,159.2,169.4,17.5,20.1,0.081
288,-1,279.6,172.9,24.0,20.7,0.063
288,-1,0.0,97.6,8.0,269.3,0.062
288,-1,507.8,260.5,128.0,137.2,0.059
288,-1,0.0,52.7,640.0,419.2,0.055
288,-1,215.2,138.1,72.7,235.7,0.054
289,-1,261.4,158.8,51.0,179.8,0.998
289,-1,405.2,51.1,152.6,415.6,0.998
289,-1,0.0,47.4,162.6,428.5,0.998
289,-1,183.5,98.7,96.8,322.3,0.998
289,-1,544.6,0.0,95.4,478.5,0.996
289,-1,358.3,61.9,94.1,314.6,0.996
289,-1,148.2,158.4,44.3,172.8,0.988
289,-1,345.8,182.9,38.3,119.6,0.983
289,-1,297.7,178.6,30.0,125.3,0.980
289,-1,518.7,80.0,54.9,340.2,0.966
289,-1,527.8,80.5,47.1,186.3,0.784
289,-1,528.8,78.7,48.8,80.3,0.436
289,-1,178.6,178.5,31.9,131.9,0.415
289,-1,566.1,0.9,73.5,254.1,0.162
289,-1,149.3,158.1,38.1,66.4,0.122
289,-1,2.1,53.2,71.2,416.2,0.092
289,-1,260.9,235.8,41.9,99.8,0.058
290,-1,196.8,96.0,102.1,333.3,0.999
290,-1,0.8,51.9,173.7,423.2,0.998
290,-1,436.3,34.0,157.4,445.2,0.998
290,-1,377.8,52.6,93.7,329.9,0.995
290,-1,288.6,158.4,53.0,183.6,0.995
290,-1,159.6,156.0,46.8,179.6,0.994
290,-1,560.1,72.0,65.0,362.5,0.989
290,-1,366.6,193.0,30.7,111.8,0.986
290,-1,317.4,173.3,31.2,128.7,0.939
290,-1,562.5,69.1,50.1,84.7,0.634
290,-1,603.0,88.7,36.3,235.1,0.551
290,-1,622.1,69.9,17.9,245.7,0.380
290,-1,195.9,211.8,30.6,97.2,0.333
290,-1,621.8,75.8,18.1,96.7,0.260
290,-1,0.1,128.1,28.7,339.5,0.256
290,-1,623.6,149.0,16.4,240.4,0.246
290,-1,571.2,65.5,68.1,247.1,0.218
290,-1,366.9,192.1,10.5,67.9,0.198
290,-1,328.4,185.5,22.4,68.7,0.086
290,-1,559.3,70.2,53.7,210.4,0.075
290,-1,510.2,80.3,100.2,367.7,0.059
290,-1,361.3,215.5,9.9,45.5,0.054
290,-1,617.0,299.9,23.0,180.1,0.052
290,-1,325.0,179.7,17.2,21.4,0.051
291,-1,3.2,50.8,177.8,429.2,0.999
291,-1,393.7,45.5,100.9,353.6,0.999
291,-1,210.3,93.1,106.4,344.2,0.998
291,-1,450.7,21.3,176.5,458.7,0.998
291,-1,308.7,161.2,49.0,179.8,0.996
291,-1,166.1,153.0,53.1,180.0,0.995
291,-1,380.0,191.9,33.4,111.6,0.953
291,-1,589.3,67.2,50.4,380.2,0.943
291,-1,594.1,62.0,45.2,78.6,0.904
291,-1,340.3,181.8,26.0,114.0,0.869
291,-1,207.3,213.6,23.9,94.6,0.637
291,-1,594.3,56.5,44.9,218.5,0.437
291,-1,374.4,196.3,16.4,67.4,0.175
291,-1,380.3,191.0,12.6,32.0,0.162
291,-1,379.4,194.3,15.3,61.0,0.101
291,-1,352.0,202.0,17.5,57.5,0.082
291,-1,39.6,265.2,118.7,213.0,0.064
292,-1,224.0,86.2,105.7,362.6,1.000
292,-1,8.4,50.3,179.0,429.7,0.999
292,-1,471.2,9.2,168.2,470.8,0.998
292,-1,321.0,163.9,51.1,181.3,0.998
292,-1,408.1,39.0,109.4,372.9,0.997
292,-1,173.2,154.7,51.7,183.3,0.995
292,-1,361.9,185.1,18.8,114.7,0.959
292,-1,397.6,200.5,39.2,103.9,0.950
292,-1,216.8,220.8,26.2,90.4,0.724
292,-1,387.3,204.3,18.7,55.7,0.528
292,-1,392.4,202.6,13.3,35.9,0.393
292,-1,379.7,209.8,21.5,52.6,0.085
292,-1,419.0,69.9,58.4,331.0,0.062
292,-1,393.6,205.5,26.3,94.8,0.057
293,-1,12.0,36.5,182.0,442.1,0.999
293,-1,232.4,81.0,110.7,374.2,0.998
293,-1,488.7,18.7,151.3,461.3,0.998
293,-1,418.4,24.0,119.7,400.5,0.998
293,-1,332.0,167.0,66.0,177.3,0.997
293,-1,178.2,152.4,48.8,181.7,0.987
293,-1,409.0,202.0,41.9,100.6,0.941
293,-1,219.4,192.2,30.2,116.4,0.929
293,-1,209.0,193.5,18.2,99.1,0.739
293,-1,370.6,179.5,23.6,117.1,0.452
293,-1,394.7,207.5,23.0,48.0,0.413
293,-1,398.3,202.3,16.8,26.7,0.356
293,-1,212.1,193.9,15.3,56.4,0.241
293,-1,189.1,202.9,37.4,114.1,0.099
293,-1,411.8,117.0,41.2,189.3,0.095
293,-1,177.8,151.2,14.6,36.5,0.060
293,-1,12.3,39.4,565.8,428.6,0.052
294,-1,240.2,69.8,119.1,394.1,0.999
294,-1,24.5,35.6,176.5,444.4,0.998
294,-1,430.1,19.1,134.4,424.6,0.998
294,-1,349.9,166.6,65.8,169.9,0.998
294,-1,513.9,0.1,123.4,473.9,0.994
294,-1,428.8,219.1,33.4,81.5,0.983
294,-1,210.1,193.1,30.4,106.6,0.962
294,-1,194.1,178.6,39.4,156.0,0.931
294,-1,227.1,197.4,32.6,110.4,0.776
294,-1,8.8,133.8,49.3,111.3,0.775
294,-1,0.7,117.9,62.1,326.4,0.622
294,-1,428.0,150.2,36.8,149.3,0.297
294,-1,196.5,179.6,23.4,108.8,0.291
294,-1,31.4,133.4,27.9,62.1,0.241
294,-1,214.3,192.1,23.1,40.4,0.192
294,-1,407.9,206.7,23.8,58.3,0.149
294,-1,194.2,253.6,38.5,79.5,0.108
294,-1,4.3,89.9,108.1,362.0,0.105
294,-1,0.0,248.4,57.2,171.5,0.065
294,-1,39.5,135.6,17.7,27.5,0.058
295,-1,13.4,42.6,204.1,436.9,0.999
295,-1,443.5,11.8,142.6,435.7,0.999
295,-1,249.8,61.2,119.4,412.7,0.999
295,-1,368.2,164.4,69.2,171.1,0.998
295,-1,534.3,45.8,105.7,427.7,0.991
295,-1,214.1,192.5,37.5,112.7,0.987
295,-1,442.4,218.4,33.3,82.2,0.963
295,-1,14.9,131.1,48.6,110.4,0.952
295,-1,0.9,131.8,64.1,293.8,0.721
295,-1,419.9,214.7,19.6,58.6,0.596
295,-1,5.6,103.5,120.2,354.5,0.255
295,-1,441.8,133.8,36.2,166.4,0.246
295,-1,242.5,272.8,20.4,37.6,0.138
295,-1,216.6,192.8,30.5,39.2,0.117
295,-1,242.2,223.6,21.4,84.9,0.086
295,-1,423.0,211.2,13.6,36.0,0.063
296,-1,249.9,52.0,128.6,428.0,0.999
296,-1,449.2,8.3,156.4,446.2,0.999
296,-1,376.1,161.7,67.6,177.2,0.998
296,-1,41.6,54.3,175.4,423.5,0.998
296,-1,218.7,194.0,43.7,114.5,0.996
296,-1,11.3,126.8,61.4,177.7,0.949
296,-1,553.1,53.5,86.8,391.1,0.906
296,-1,454.8,234.4,30.1,69.4,0.831
296,-1,2.1,115.7,73.7,316.4,0.447
296,-1,448.7,131.5,39.3,168.1,0.230
296,-1,192.2,266.3,22.2,78.6,0.130
296,-1,9.0,107.1,120.6,351.7,0.094
296,-1,224.8,195.4,26.8,38.1,0.080
296,-1,424.1,185.7,19.2,91.6,0.065
297,-1,456.3,0.0,169.0,469.3,0.999
297,-1,243.5,33.6,138.6,446.4,0.999
297,-1,389.6,161.0,65.5,173.7,0.998
297,-1,0.2,123.6,74.0,215.0,0.998
297,-1,43.1,52.1,185.4,417.5,0.996
297,-1,223.8,192.5,37.4,114.6,0.985
297,-1,590.8,99.4,48.9,334.6,0.839
297,-1,453.5,210.6,38.1,93.0,0.819
297,-1,0.0,143.7,7.5,196.3,0.667
297,-1,230.7,193.5,26.7,38.4,0.532
297,-1,0.0,129.5,2.1,199.6,0.404
297,-1,464.4,245.3,27.6,57.3,0.272
297,-1,5.8,123.9,99.2,297.0,0.148
297,-1,0.0,183.8,5.5,109.7,0.110
297,-1,0.6,215.1,71.5,225.5,0.090
297,-1,0.0,122.8,15.9,221.8,0.076
297,-1,360.5,186.2,42.1,74.3,0.065
297,-1,452.3,202.6,15.4,54.1,0.059
297,-1,0.0,109.3,2.3,133.0,0.056
298,-1,400.1,167.3,85.6,170.4,0.999
298,-1,225.4,14.0,161.2,466.0,0.999
298,-1,467.2,0.0,171.0,475.9,0.999
298,-1,0.0,121.3,53.4,198.5,0.996
298,-1,49.0,50.8,188.2,425.3,0.988
298,-1,222.4,194.5,38.8,113.8,0.953
298,-1,462.2,191.0,38.9,110.0,0.899
298,-1,363.3,170.5,38.2,90.1,0.893
298,-1,389.9,171.2,39.0,113.5,0.671
298,-1,237.5,191.0,27.2,83.1,0.597
298,-1,372.3,169.9,24.2,43.0,0.490
298,-1,395.4,169.9,33.6,63.1,0.357
298,-1,226.0,256.2,23.9,50.6,0.351
298,-1,374.7,169.3,41.2,130.1,0.299
298,-1,460.1,198.0,18.4,69.6,0.197
298,-1,403.0,166.3,26.5,36.1,0.181
298,-1,0.0,117.7,7.8,215.6,0.140
298,-1,0.1,122.6,13.2,51.8,0.139
298,-1,0.0,125.6,13.7,137.1,0.114
298,-1,374.9,170.3,16.9,29.9,0.106
298,-1,0.3,122.8,21.7,195.4,0.102
298,-1,10.2,116.9,124.6,299.0,0.086
298,-1,0.0,112.2,7.4,87.1,0.077
298,-1,390.5,183.9,29.1,68.1,0.075
299,-1,403.8,166.4,85.3,170.4,0.999
299,-1,470.2,0.0,168.3,475.3,0.999
299,-1,225.9,9.1,157.9,470.9,0.999
299,-1,58.1,50.7,186.2,427.2,0.997
299,-1,0.0,120.5,52.1,200.1,0.997
299,-1,363.1,168.6,42.6,132.1,0.974
299,-1,467.4,183.7,35.5,120.3,0.953
299,-1,396.8,174.5,33.3,119.8,0.839
299,-1,229.0,227.6,29.2,79.8,0.585
299,-1,567.0,268.6,19.8,82.9,0.305
299,-1,475.0,241.4,27.7,61.4,0.298
299,-1,398.8,176.8,31.0,61.9,0.210
299,-1,109.1,132.0,11.5,19.9,0.096
299,-1,401.7,167.5,45.8,139.3,0.096
299,-1,370.6,167.7,27.9,47.4,0.074
299,-1,0.0,140.4,2.2,169.8,0.066
299,-1,468.6,192.0,24.1,71.9,0.065
300,-1,219.7,0.0,157.4,477.4,1.000
300,-1,485.9,0.0,150.4,480.0,0.999
300,-1,411.7,165.6,81.0,172.5,0.999
300,-1,73.8,53.2,173.1,426.8,0.999
300,-1,365.7,167.5,51.4,136.8,0.998
300,-1,0.1,139.4,59.8,197.8,0.996
300,-1,402.4,170.4,35.3,126.2,0.964
300,-1,475.7,181.5,32.1,115.2,0.879
300,-1,480.6,239.0,27.8,59.1,0.413
300,-1,34.7,247.1,77.4,161.7,0.210
300,-1,407.0,182.3,30.4,56.7,0.102
300,-1,593.4,0.9,46.6,479.1,0.078
300,-1,442.3,170.5,59.4,141.6,0.060
300,-1,17.0,204.9,41.5,41.6,0.054
301,-1,418.3,162.6,83.0,171.8,0.999
301,-1,496.9,0.6,137.7,479.4,0.999
301,-1,201.0,0.0,176.7,480.0,0.999
301,-1,82.5,44.3,164.2,435.7,0.999
301,-1,363.3,166.2,56.1,142.5,0.997
301,-1,0.1,149.2,62.8,168.1,0.995
301,-1,404.9,177.8,33.9,117.5,0.979
301,-1,480.8,176.0,29.9,121.6,0.931
301,-1,0.0,159.8,30.8,175.3,0.844
301,-1,45.3,235.6,69.1,167.9,0.306
301,-1,55.4,234.1,33.7,52.4,0.216
301,-1,218.0,224.6,163.1,253.2,0.183
301,-1,0.0,134.6,9.0,153.4,0.136
301,-1,349.2,224.6,19.1,36.4,0.102
301,-1,0.0,126.2,5.4,118.4,0.100
301,-1,0.0,151.8,3.1,102.3,0.095
302,-1,513.7,0.3,122.3,478.5,0.999
302,-1,440.5,161.2,65.5,170.6,0.998
302,-1,361.2,164.3,63.9,142.6,0.997
302,-1,0.6,145.6,58.9,170.5,0.996
302,-1,176.3,0.4,198.7,479.6,0.995
302,-1,331.6,193.1,30.6,113.0,0.991
302,-1,56.0,110.3,90.1,294.8,0.975
302,-1,95.8,36.9,132.8,443.1,0.965
302,-1,407.3,186.9,32.6,107.2,0.936
302,-1,482.6,182.5,25.9,112.0,0.766
302,-1,61.8,105.3,82.1,144.7,0.700
302,-1,323.9,191.8,22.9,72.5,0.214
302,-1,180.9,37.0,51.7,66.2,0.214
302,-1,321.3,186.5,20.2,59.4,0.161
302,-1,392.6,167.6,27.6,132.2,0.159
302,-1,437.8,208.0,20.6,53.5,0.149
302,-1,493.4,187.9,22.0,98.1,0.131
302,-1,511.4,232.4,27.3,22.9,0.120
302,-1,354.8,221.0,13.4,41.7,0.110
302,-1,432.8,204.5,12.8,56.3,0.093
302,-1,501.2,190.6,15.8,64.7,0.084
302,-1,325.7,190.4,13.8,18.8,0.071
302,-1,409.1,183.2,28.2,39.5,0.065
302,-1,328.1,197.8,10.1,10.3,0.065
302,-1,26.5,146.7,24.2,25.5,0.050
302,-1,192.6,88.5,15.3,10.9,0.050
303,-1,532.9,0.2,107.0,479.8,0.999
303,-1,448.5,156.9,73.1,176.2,0.998
303,-1,33.6,102.2,100.7,263.4,0.997
303,-1,10.7,143.3,51.6,172.3,0.996
303,-1,308.1,161.1,46.5,156.9,0.993
303,-1,128.8,0.8,218.4,479.2,0.992
303,-1,338.4,190.6,34.4,118.0,0.990
303,-1,375.7,162.8,52.5,141.3,0.988
303,-1,407.6,194.8,31.0,97.6,0.900
303,-1,100.7,102.2,90.1,364.8,0.828
303,-1,489.8,173.0,28.8,121.1,0.724
303,-1,99.2,9.5,154.3,468.6,0.654
303,-1,533.4,244.3,28.7,119.5,0.614
303,-1,449.7,212.1,21.4,55.6,0.497
303,-1,183.5,211.5,158.1,267.6,0.297
303,-1,374.1,200.5,18.7,63.1,0.207
303,-1,65.4,110.1,89.2,302.4,0.193
303,-1,440.2,226.3,11.2,34.2,0.120
303,-1,452.4,234.2,12.6,32.5,0.085
303,-1,435.3,205.0,17.6,55.7,0.067
303,-1,532.2,220.1,13.4,36.9,0.054
303,-1,416.4,194.1,24.6,44.5,0.052
304,-1,531.6,0.5,108.4,479.5,0.999
304,-1,3.8,90.6,112.9,297.7,0.998
304,-1,460.0,158.3,63.8,172.7,0.998
304,-1,282.4,154.5,67.8,160.3,0.998
304,-1,108.3,0.0,187.8,480.0,0.993
304,-1,274.0,150.7,41.1,150.8,0.993
304,-1,382.0,158.4,45.9,143.3,0.989
304,-1,336.3,190.7,49.9,120.2,0.983
304,-1,532.1,186.5,46.0,184.6,0.979
304,-1,445.9,208.8,18.6,54.3,0.884
304,-1,408.6,177.8,28.7,109.6,0.860
304,-1,78.4,157.3,75.5,261.9,0.718
304,-1,15.1,145.2,39.7,81.6,0.417
304,-1,12.2,145.5,52.2,156.6,0.315
304,-1,432.5,225.1,14.5,31.7,0.261
304,-1,531.3,179.2,17.1,83.3,0.246
304,-1,451.5,204.1,20.3,58.9,0.197
304,-1,501.3,178.3,24.8,72.5,0.190
304,-1,130.5,203.0,158.8,271.4,0.179
304,-1,303.7,150.1,12.8,25.6,0.173
304,-1,103.0,164.0,49.9,125.2,0.171
304,-1,12.8,160.9,33.0,88.8,0.161
304,-1,8.2,167.3,73.2,194.8,0.111
304,-1,423.1,197.3,17.4,56.8,0.086
304,-1,84.5,124.9,115.7,300.4,0.079
304,-1,413.4,185.6,25.8,55.1,0.065
304,-1,93.4,2.7,412.5,474.7,0.060
305,-1,525.1,140.9,72.3,231.8,1.000
305,-1,464.4,162.8,65.1,168.6,0.999
305,-1,0.0,92.6,116.0,303.7,0.997
305,-1,288.2,152.4,72.8,166.7,0.995
305,-1,384.9,159.8,50.0,143.2,0.993
305,-1,336.6,190.6,54.9,122.2,0.988
305,-1,276.1,155.2,38.4,141.7,0.987
305,-1,558.1,6.1,80.3,471.4,0.975
305,-1,248.7,181.9,37.8,127.9,0.965
305,-1,65.8,0.6,205.9,479.4,0.965
305,-1,442.7,210.0,22.4,54.7,0.950
305,-1,410.3,179.1,24.4,109.1,0.894
305,-1,314.5,172.9,58.7,143.9,0.823
305,-1,538.5,91.1,83.0,341.8,0.814
305,-1,266.3,182.3,22.1,131.4,0.404
305,-1,261.0,171.2,20.1,126.4,0.139
305,-1,262.8,168.6,20.8,75.4,0.120
305,-1,268.1,183.2,15.9,38.7,0.097
305,-1,223.2,180.9,57.2,128.0,0.095
305,-1,451.3,213.2,17.3,47.3,0.085
305,-1,414.9,177.5,18.4,19.8,0.085
305,-1,245.0,237.4,30.5,72.2,0.078
305,-1,302.9,164.7,14.7,29.1,0.064
305,-1,459.6,214.9,16.8,41.0,0.056
306,-1,384.1,160.5,55.0,146.1,0.999
306,-1,465.5,162.0,67.4,168.9,0.998
306,-1,309.2,153.7,50.1,163.1,0.996
306,-1,513.5,135.6,97.2,238.4,0.994
306,-1,271.7,156.2,38.6,143.8,0.983
306,-1,334.3,189.3,54.4,124.4,0.977
306,-1,570.8,6.6,69.2,470.1,0.959
306,-1,0.0,0.0,262.4,480.0,0.953
306,-1,0.4,96.6,75.4,255.2,0.942
306,-1,437.8,208.8,27.1,52.9,0.939
306,-1,194.1,119.6,86.7,298.8,0.926
306,-1,576.8,0.3,63.1,255.7,0.820
306,-1,241.4,166.9,58.6,143.2,0.780
306,-1,268.0,180.9,17.4,26.0,0.713
306,-1,586.0,363.9,54.0,115.1,0.458
306,-1,372.6,210.0,15.2,48.1,0.432
306,-1,266.6,179.1,19.7,86.4,0.389
306,-1,468.5,212.2,19.3,75.2,0.363
306,-1,5.5,14.1,198.9,300.6,0.363
306,-1,361.8,201.1,27.8,106.2,0.345
306,-1,467.4,170.0,29.7,116.8,0.291
306,-1,15.0,84.4,39.8,41.2,0.281
306,-1,292.9,151.0,23.6,44.7,0.270
306,-1,411.4,174.4,24.2,102.8,0.267
306,-1,270.4,154.8,35.3,73.9,0.206
306,-1,290.7,150.8,50.6,163.0,0.195
306,-1,588.7,169.8,51.3,304.1,0.191
306,-1,410.9,165.4,23.4,42.7,0.171
306,-1,230.5,126.8,52.4,180.9,0.162
306,-1,451.4,214.1,15.2,40.9,0.115
306,-1,79.2,130.2,184.8,321.0,0.103
306,-1,0.0,197.5,178.0,276.4,0.091
306,-1,436.4,211.7,13.6,47.8,0.086
306,-1,0.0,162.8,77.4,308.0,0.072
306,-1,442.6,217.8,12.7,44.6,0.070
306,-1,265.6,165.0,26.9,54.0,0.066
306,-1,242.0,263.1,20.6,46.5,0.060
306,-1,5.9,88.3,98.1,154.6,0.059
306,-1,295.8,154.4,20.7,76.3,0.059
306,-1,502.4,360.1,137.6,118.8,0.058
306,-1,11.9,85.4,68.1,107.1,0.054
307,-1,309.9,152.3,54.3,165.4,0.998
307,-1,506.7,129.9,107.4,246.8,0.997
307,-1,466.3,162.4,68.4,169.5,0.995
307,-1,384.1,160.0,65.2,145.9,0.995
307,-1,343.1,189.3,44.0,123.4,0.991
307,-1,181.2,68.8,99.9,352.1,0.991
307,-1,254.8,155.0,54.9,153.5,0.981
307,-1,467.0,169.0,30.0,119.7,0.930
307,-1,0.0,0.3,231.3,479.7,0.929
307,-1,436.0,209.5,23.1,53.6,0.816
307,-1,267.3,154.9,33.1,70.3,0.713
307,-1,593.9,0.8,46.1,264.4,0.417
307,-1,354.8,189.3,24.8,94.9,0.361
307,-1,225.4,108.2,86.7,202.2,0.289
307,-1,362.6,204.2,26.8,102.6,0.243
307,-1,271.3,181.0,19.1,33.6,0.242
307,-1,630.7,231.2,9.1,35.2,0.155
307,-1,1.8,259.0,126.3,212.3,0.138
307,-1,271.0,176.7,25.6,79.0,0.133
307,-1,379.0,167.5,38.1,136.2,0.114
307,-1,444.8,209.1,21.0,46.8,0.087
307,-1,0.0,172.9,36.0,290.5,0.086
307,-1,246.4,261.2,14.9,49.5,0.075
307,-1,289.8,150.1,24.7,40.3,0.064
307,-1,0.0,268.9,42.7,141.2,0.061
307,-1,604.0,425.4,36.0,54.5,0.052
308,-1,308.4,150.6,57.6,168.4,0.999
308,-1,148.4,55.6,139.4,420.6,0.999
308,-1,500.1,122.7,108.9,258.6,0.997
308,-1,383.1,158.7,73.4,148.7,0.995
308,-1,356.2,186.5,30.7,128.0,0.983
308,-1,467.4,167.5,32.7,122.2,0.975
308,-1,479.7,163.5,56.2,165.0,0.973
308,-1,7.8,1.5,186.3,478.5,0.969
308,-1,262.6,145.8,30.5,52.8,0.890
308,-1,272.2,181.4,37.6,128.0,0.865
308,-1,427.0,208.1,23.0,54.6,0.684
308,-1,363.4,186.9,41.3,120.5,0.631
308,-1,0.8,75.3,97.1,404.7,0.629
308,-1,485.1,172.7,30.4,105.9,0.464
308,-1,274.0,180.0,18.5,35.4,0.463
308,-1,273.0,179.4,33.2,44.0,0.374
308,-1,0.0,258.3,83.2,220.6,0.364
308,-1,253.9,145.6,49.2,161.2,0.305
308,-1,419.0,171.8,28.7,91.2,0.227
308,-1,370.5,204.0,23.1,98.1,0.208
308,-1,439.5,208.8,19.2,48.6,0.155
308,-1,3.5,250.1,238.9,226.6,0.151
308,-1,270.8,173.0,28.1,83.8,0.146
308,-1,272.4,146.6,40.2,75.3,0.138
308,-1,378.0,171.2,46.7,134.7,0.091
308,-1,383.0,212.8,28.2,87.9,0.090
308,-1,254.0,227.6,44.0,73.1,0.063
308,-1,0.1,100.6,26.1,364.7,0.055
308,-1,284.5,148.5,30.6,52.2,0.052
309,-1,116.4,62.1,177.3,416.9,0.999
309,-1,307.1,149.1,77.0,172.1,0.999
309,-1,502.0,119.7,107.5,282.6,0.999
309,-1,393.1,157.4,68.4,151.9,0.996
309,-1,363.4,187.6,38.6,124.3,0.993
309,-1,467.1,169.4,35.9,119.9,0.991
309,-1,102.1,94.8,75.1,317.7,0.989
309,-1,101.7,97.9,74.8,141.0,0.965
309,-1,273.5,175.1,33.8,136.2,0.905
309,-1,76.8,172.3,26.7,49.2,0.676
309,-1,0.4,0.0,114.6,475.0,0.640
309,-1,496.9,206.6,40.0,112.8,0.592
309,-1,262.3,144.3,23.3,39.8,0.576
309,-1,498.4,260.0,38.4,66.0,0.510
309,-1,73.4,171.5,34.4,92.9,0.465
309,-1,483.7,173.2,27.8,114.5,0.366
309,-1,262.1,146.5,33.5,150.0,0.337
309,-1,381.2,205.1,21.3,97.0,0.315
309,-1,263.5,146.4,24.6,64.3,0.293
309,-1,102.7,140.7,46.9,81.2,0.170
309,-1,277.9,177.1,27.1,40.6,0.164
309,-1,268.9,149.8,36.0,68.0,0.105
309,-1,281.1,230.5,25.3,79.4,0.104
309,-1,430.6,191.7,20.9,66.4,0.092
309,-1,496.4,181.4,15.2,34.7,0.091
309,-1,276.6,152.4,33.7,107.7,0.086
309,-1,101.9,121.0,53.5,164.0,0.078
309,-1,494.4,180.4,22.0,69.1,0.072
309,-1,82.9,70.0,500.8,398.4,0.058
309,-1,450.4,199.2,19.8,54.9,0.054
310,-1,105.0,56.3,186.1,420.9,0.999
310,-1,497.6,119.2,115.9,294.2,0.999
310,-1,305.5,150.6,79.0,174.9,0.999
310,-1,394.2,159.4,63.3,155.4,0.998
310,-1,40.1,143.7,52.4,177.6,0.996
310,-1,463.6,172.8,40.0,120.1,0.995
310,-1,77.3,83.6,85.1,287.6,0.988
310,-1,369.2,188.6,47.9,127.0,0.986
310,-1,276.7,173.1,29.2,140.5,0.979
310,-1,499.7,194.2,40.4,133.1,0.810
310,-1,365.0,187.7,30.4,115.4,0.747
310,-1,0.0,142.5,9.5,182.3,0.631
310,-1,508.4,263.7,32.3,62.7,0.331
310,-1,276.6,173.6,24.5,51.1,0.263
310,-1,76.5,87.4,87.0,133.5,0.234
310,-1,0.0,58.3,6.2,225.3,0.181
310,-1,0.0,131.6,2.8,154.0,0.165
310,-1,86.0,161.8,52.3,195.6,0.149
310,-1,309.3,231.6,11.7,25.4,0.148
310,-1,0.0,236.9,6.5,72.4,0.147
310,-1,109.3,84.7,112.4,343.6,0.142
310,-1,0.1,119.7,4.1,113.7,0.125
310,-1,0.3,151.1,45.1,152.5,0.111
310,-1,308.2,188.0,17.7,72.2,0.108
310,-1,0.3,101.8,13.7,255.0,0.084
310,-1,0.0,191.6,2.4,134.0,0.081
310,-1,39.6,144.1,45.3,96.7,0.075
310,-1,0.0,85.9,3.0,132.3,0.069
310,-1,0.0,227.9,12.2,96.6,0.067
310,-1,273.3,163.9,57.4,156.4,0.056
311,-1,492.8,116.7,123.3,315.8,0.999
311,-1,298.6,149.4,85.6,178.9,0.999
311,-1,122.9,62.1,164.5,417.9,0.997
311,-1,457.2,175.1,40.3,117.8,0.997
311,-1,37.5,74.9,114.6,366.3,0.995
311,-1,394.9,157.4,59.3,156.8,0.994
311,-1,367.1,188.3,52.4,130.2,0.991
311,-1,267.6,173.1,37.2,143.0,0.968
311,-1,361.5,189.1,37.1,113.7,0.592
311,-1,272.4,174.6,20.8,47.8,0.440
311,-1,495.2,207.7,33.1,122.5,0.436
311,-1,274.5,174.9,30.2,64.5,0.414
311,-1,40.7,73.6,109.1,170.5,0.308
311,-1,626.3,160.9,13.7,84.1,0.279
311,-1,31.6,148.3,33.9,169.5,0.275
311,-1,502.0,269.4,24.5,59.2,0.230
311,-1,274.3,174.9,21.4,117.8,0.117
311,-1,453.5,213.4,13.1,44.9,0.094
311,-1,36.0,113.7,35.3,86.4,0.088
311,-1,300.6,220.0,9.8,37.5,0.083
311,-1,300.5,193.8,15.9,64.0,0.069
311,-1,609.4,161.3,30.6,107.2,0.064
311,-1,0.0,167.8,37.9,128.9,0.064
311,-1,385.3,217.8,23.6,70.5,0.060
312,-1,293.5,148.3,86.7,181.8,0.999
312,-1,0.5,57.0,126.0,405.3,0.999
312,-1,485.6,106.9,127.9,329.3,0.998
312,-1,395.8,157.0,59.3,159.7,0.998
312,-1,111.7,64.4,171.0,410.6,0.998
312,-1,449.7,175.4,41.4,116.8,0.997
312,-1,367.5,187.7,49.3,133.9,0.989
312,-1,270.3,176.8,36.7,140.9,0.976
312,-1,617.5,155.4,22.5,142.2,0.726
312,-1,497.4,266.4,21.9,64.7,0.559
312,-1,272.6,176.1,25.3,46.7,0.264
312,-1,272.7,176.4,33.2,77.3,0.257
312,-1,286.5,194.2,18.4,66.9,0.230
312,-1,385.6,216.2,30.3,106.2,0.229
312,-1,492.8,171.6,31.2,161.7,0.129
312,-1,622.2,165.6,17.6,66.2,0.093
312,-1,391.0,199.9,19.9,83.4,0.079
312,-1,593.3,161.8,45.1,113.7,0.058
312,-1,373.0,193.8,26.0,112.9,0.056
313,-1,481.7,93.6,143.4,354.6,0.999
313,-1,104.0,75.1,184.7,396.8,0.998
313,-1,296.8,148.1,80.7,182.9,0.998
313,-1,0.2,47.3,102.3,423.7,0.998
313,-1,359.0,187.3,51.9,139.4,0.997
313,-1,442.7,174.7,42.1,116.2,0.996
313,-1,398.5,153.7,51.8,163.4,0.995
313,-1,272.8,178.0,35.3,141.3,0.986
313,-1,617.0,153.8,23.0,180.0,0.531
313,-1,372.4,188.1,29.9,112.9,0.460
313,-1,271.3,177.5,35.1,51.9,0.402
313,-1,616.0,153.1,23.9,91.9,0.400
313,-1,493.7,277.0,18.7,55.7,0.393
313,-1,602.5,155.0,37.5,122.3,0.384
313,-1,269.7,176.4,23.0,43.9,0.181
313,-1,288.3,197.6,9.9,46.3,0.125
313,-1,67.9,256.4,41.6,58.4,0.102
313,-1,333.9,151.7,89.2,173.8,0.075
313,-1,490.3,176.4,28.7,159.2,0.055
313,-1,280.0,185.5,11.5,33.8,0.052
313,-1,286.8,195.4,17.4,23.2,0.051
314,-1,107.6,76.6,172.8,401.1,0.999
314,-1,479.1,84.8,143.7,362.6,0.999
314,-1,0.0,42.1,85.8,431.2,0.999
314,-1,299.4,146.5,79.3,186.5,0.998
314,-1,394.5,153.9,65.4,164.9,0.997
314,-1,367.7,184.7,42.5,140.0,0.996
314,-1,440.8,174.1,38.6,116.3,0.996
314,-1,270.4,177.8,35.8,139.9,0.958
314,-1,35.6,128.5,69.9,192.4,0.767
314,-1,271.6,178.2,37.1,61.7,0.678
314,-1,610.9,151.0,28.7,163.9,0.491
314,-1,56.5,245.5,44.3,72.1,0.316
314,-1,0.0,40.2,59.9,266.1,0.293
314,-1,493.8,288.3,18.1,44.8,0.289
314,-1,617.4,150.4,22.6,101.4,0.231
314,-1,115.3,75.4,147.5,232.9,0.165
314,-1,51.2,146.1,20.2,22.6,0.163
314,-1,366.9,188.4,24.4,72.3,0.144
314,-1,278.6,224.7,29.1,96.0,0.100
314,-1,12.7,41.0,98.5,279.6,0.095
314,-1,277.3,194.6,43.2,132.1,0.071
314,-1,485.8,165.4,29.5,165.9,0.068
314,-1,369.0,196.4,15.7,45.9,0.050
315,-1,480.6,77.7,153.9,397.0,0.999
315,-1,111.5,75.5,176.8,404.5,0.999
315,-1,404.1,158.2,60.4,163.6,0.998
315,-1,316.3,150.1,63.8,187.8,0.998
315,-1,4.3,148.8,86.8,180.0,0.997
315,-1,377.1,189.4,43.1,142.8,0.996
315,-1,440.5,181.3,39.2,111.4,0.957
315,-1,276.6,181.7,41.9,144.1,0.950
315,-1,276.9,182.1,34.5,77.1,0.904
315,-1,0.0,144.8,28.9,159.9,0.840
315,-1,363.1,189.4,29.2,103.3,0.574
315,-1,0.0,205.3,43.4,274.1,0.433
315,-1,275.9,181.0,21.2,49.3,0.328
315,-1,625.1,149.7,14.9,75.9,0.291
315,-1,0.0,153.0,3.2,156.9,0.281
315,-1,0.0,141.2,8.5,169.0,0.160
315,-1,400.0,215.8,30.7,106.6,0.120
315,-1,28.9,151.1,57.0,110.6,0.108
315,-1,463.3,190.2,17.8,59.7,0.108
315,-1,373.5,215.2,12.5,77.0,0.103
315,-1,0.0,382.0,43.6,98.0,0.091
315,-1,106.3,63.1,385.7,413.8,0.089
315,-1,601.6,153.9,38.4,149.7,0.083
315,-1,1.9,146.8,29.8,49.7,0.075
315,-1,620.2,142.7,19.8,161.8,0.073
315,-1,9.1,159.8,22.9,26.7,0.068
315,-1,3.1,149.1,54.0,115.6,0.058
315,-1,83.8,127.7,93.0,310.0,0.057
315,-1,284.0,165.4,60.9,167.8,0.055
316,-1,376.2,187.3,69.1,145.5,0.999
316,-1,117.8,69.9,176.5,410.1,0.999
316,-1,482.3,66.6,157.7,408.2,0.999
316,-1,16.1,143.1,69.7,183.8,0.998
316,-1,323.5,145.6,58.6,193.6,0.997
316,-1,418.6,156.7,62.2,161.4,0.995
316,-1,280.7,180.3,39.4,145.1,0.984
316,-1,396.8,176.1,68.3,151.2,0.958
316,-1,0.2,125.6,18.2,184.1,0.918
316,-1,443.3,177.4,32.2,112.0,0.870
316,-1,365.4,190.7,28.5,100.6,0.842
316,-1,283.9,180.4,36.4,57.5,0.604
316,-1,284.3,179.5,17.2,43.7,0.310
316,-1,405.5,215.0,37.4,99.9,0.188
316,-1,285.9,176.8,23.1,97.4,0.077
316,-1,371.9,188.3,23.8,71.2,0.063
316,-1,0.1,166.1,7.5,141.3,0.050
317,-1,123.9,66.3,174.5,413.7,0.999
317,-1,489.0,53.2,149.6,425.8,0.999
317,-1,27.9,143.9,59.0,181.4,0.999
317,-1,324.0,142.3,81.0,201.1,0.999
317,-1,426.3,156.5,63.6,165.6,0.995
317,-1,385.8,188.0,81.9,146.8,0.994
317,-1,291.4,174.4,31.9,151.5,0.941
317,-1,478.4,218.2,13.0,46.1,0.936
317,-1,372.4,196.4,31.1,92.5,0.920
317,-1,290.7,176.1,33.9,60.5,0.648
317,-1,290.2,175.3,19.7,50.9,0.484
317,-1,263.9,182.0,60.3,148.3,0.350
317,-1,383.7,190.9,47.8,133.7,0.294
317,-1,291.4,173.2,19.7,108.6,0.231
317,-1,290.6,175.2,19.0,25.5,0.152
317,-1,471.5,217.2,17.6,41.9,0.054
318,-1,325.9,140.7,90.3,203.9,0.999
318,-1,129.5,65.2,180.5,414.8,0.999
318,-1,27.6,145.3,63.7,181.6,0.999
318,-1,494.4,37.4,145.6,442.6,0.999
318,-1,400.1,182.0,73.7,155.1,0.997
318,-1,434.0,156.4,60.3,166.4,0.996
318,-1,478.0,214.9,14.7,49.6,0.954
318,-1,274.1,175.2,56.9,154.1,0.952
318,-1,378.0,199.1,29.5,87.3,0.950
318,-1,394.3,188.9,44.9,140.4,0.754
318,-1,295.3,177.2,39.4,108.5,0.657
318,-1,294.2,174.6,20.5,45.7,0.435
318,-1,434.3,158.0,54.8,81.5,0.137
318,-1,295.0,188.3,26.2,139.3,0.127
319,-1,330.7,135.9,94.5,204.7,0.999
319,-1,135.9,70.1,179.0,409.9,0.999
319,-1,24.4,145.9,74.7,178.5,0.999
319,-1,504.1,13.5,135.8,466.5,0.999
319,-1,443.2,150.7,57.6,172.2,0.995
319,-1,292.7,172.2,45.5,157.8,0.994
319,-1,407.7,182.1,68.3,155.2,0.985
319,-1,303.9,171.7,41.3,67.2,0.813
319,-1,482.7,219.9,14.3,42.1,0.796
319,-1,447.2,152.6,55.3,79.6,0.649
319,-1,442.1,193.0,38.0,140.2,0.637
319,-1,302.8,171.0,23.0,49.4,0.291
319,-1,387.3,201.6,22.3,73.1,0.192
319,-1,467.5,219.7,32.3,99.7,0.181
319,-1,56.5,150.6,41.5,156.4,0.153
319,-1,478.1,193.6,23.9,67.4,0.118
320,-1,334.1,129.1,101.1,210.9,1.000
320,-1,525.4,0.0,114.6,479.3,0.999
320,-1,146.9,71.1,178.1,408.9,0.999
320,-1,27.1,142.2,78.3,176.6,0.999
320,-1,423.5,174.9,58.2,157.4,0.994
320,-1,301.3,168.5,51.4,156.5,0.992
320,-1,461.2,147.3,57.9,169.6,0.981
320,-1,157.4,126.5,38.3,89.7,0.964
320,-1,313.5,166.4,44.1,66.2,0.761
320,-1,461.4,145.1,55.7,83.1,0.729
320,-1,510.0,155.0,22.4,93.4,0.691
320,-1,484.4,152.3,27.5,49.3,0.510
320,-1,464.3,201.8,41.9,116.4,0.498
320,-1,482.3,149.1,38.3,95.2,0.284
320,-1,510.2,152.2,22.5,50.9,0.242
320,-1,506.2,174.9,20.8,69.4,0.168
320,-1,494.2,159.9,28.7,42.8,0.115
320,-1,424.0,221.1,14.0,32.0,0.100
320,-1,315.2,168.0,34.0,114.3,0.074
320,-1,61.5,145.8,42.6,119.0,0.064
320,-1,313.5,166.5,25.5,35.8,0.062
320,-1,429.9,221.1,13.9,32.0,0.058
320,-1,571.8,109.5,68.2,369.6,0.052
320,-1,489.4,164.4,18.5,32.0,0.051
320,-1,151.0,128.0,44.7,158.1,0.050
321,-1,344.6,123.4,107.4,217.3,0.999
321,-1,165.0,54.4,173.8,422.8,0.999
321,-1,46.2,139.0,66.3,168.5,0.999
321,-1,458.2,167.8,42.2,163.2,0.985
321,-1,523.2,165.4,38.6,133.9,0.984
321,-1,151.6,117.7,56.9,177.1,0.978
321,-1,476.6,141.3,58.8,178.3,0.960
321,-1,318.0,159.5,62.9,170.2,0.916
321,-1,474.2,140.9,57.5,94.3,0.850
321,-1,452.5,181.0,18.7,97.3,0.819
321,-1,545.2,46.9,93.5,340.7,0.796
321,-1,328.1,161.8,46.9,77.1,0.680
321,-1,452.7,170.9,29.9,126.9,0.396
321,-1,483.2,201.4,35.1,116.8,0.328
321,-1,474.9,140.6,42.3,58.5,0.315
321,-1,530.9,165.9,28.9,86.5,0.217
321,-1,305.6,180.1,44.2,140.8,0.201
321,-1,435.4,206.2,13.1,43.3,0.184
321,-1,143.4,116.7,63.3,316.8,0.180
321,-1,524.9,146.1,23.5,48.5,0.081
321,-1,70.6,137.0,42.7,89.2,0.067
321,-1,507.9,165.0,23.3,78.3,0.061
321,-1,516.6,156.4,34.9,91.9,0.059
321,-1,148.9,172.2,22.0,91.8,0.050
322,-1,182.8,42.9,168.9,437.1,0.999
322,-1,355.7,115.4,108.3,221.5,0.999
322,-1,55.9,128.7,68.3,179.0,0.999
322,-1,143.1,108.4,71.5,202.4,0.995
322,-1,539.4,156.3,48.4,139.7,0.995
322,-1,476.1,164.6,47.7,164.0,0.988
322,-1,486.1,147.6,58.6,176.8,0.962
322,-1,345.0,155.0,50.2,151.2,0.960
322,-1,459.2,162.1,32.9,112.4,0.952
322,-1,592.7,64.6,45.8,240.8,0.947
322,-1,493.4,132.3,55.4,75.3,0.721
322,-1,344.7,156.2,45.2,76.5,0.242
322,-1,56.9,195.9,13.7,30.1,0.233
322,-1,375.9,181.2,22.0,73.4,0.227
322,-1,321.3,169.5,65.2,146.6,0.166
322,-1,0.1,150.5,8.7,157.4,0.133
322,-1,0.0,197.8,6.2,87.7,0.097
322,-1,490.2,132.7,41.5,50.8,0.093
322,-1,497.9,201.5,38.5,118.3,0.093
322,-1,484.3,136.5,48.6,126.7,0.075
322,-1,0.0,181.4,2.9,92.1,0.052
323,-1,384.1,114.8,93.4,224.6,1.000
323,-1,197.3,37.6,173.1,442.4,0.999
323,-1,140.8,105.6,79.2,214.2,0.998
323,-1,76.5,127.9,59.0,174.8,0.997
323,-1,487.0,160.9,60.5,172.4,0.993
323,-1,341.7,152.2,70.1,173.5,0.986
323,-1,545.5,152.0,57.2,143.5,0.977
323,-1,466.9,165.8,37.2,107.0,0.960
323,-1,501.3,128.5,56.0,86.2,0.871
323,-1,517.8,154.9,60.3,165.1,0.845
323,-1,64.0,196.4,13.4,29.1,0.437
323,-1,359.5,154.5,51.9,111.6,0.305
323,-1,536.2,132.3,27.4,48.7,0.255
323,-1,386.3,184.2,21.3,70.0,0.198
323,-1,381.7,181.3,16.2,18.0,0.184
323,-1,500.3,150.1,54.3,125.1,0.128
323,-1,393.2,208.1,18.6,45.4,0.117
323,-1,384.7,184.1,15.8,19.9,0.103
323,-1,387.3,185.8,9.6,13.9,0.098
323,-1,543.3,154.6,53.3,70.3,0.071
323,-1,551.7,153.2,32.4,32.8,0.062
323,-1,522.4,128.4,37.8,41.7,0.057
323,-1,381.7,177.4,28.7,31.5,0.051
324,-1,403.9,102.9,82.0,235.8,0.999
324,-1,206.0,28.6,178.9,450.0,0.999
324,-1,79.6,125.6,60.8,173.4,0.999
324,-1,134.4,97.4,85.1,220.3,0.998
324,-1,490.3,156.3,90.9,177.6,0.998
324,-1,371.9,148.6,49.2,175.3,0.986
324,-1,472.8,162.6,38.5,108.5,0.981
324,-1,531.1,143.3,71.2,174.9,0.961
324,-1,0.0,204.3,41.4,77.2,0.857
324,-1,554.8,149.9,52.0,136.4,0.807
324,-1,512.2,122.0,55.7,116.0,0.787
324,-1,370.6,148.0,52.9,73.6,0.732
324,-1,557.0,147.4,23.0,21.5,0.678
324,-1,522.2,192.5,64.2,133.5,0.638
324,-1,532.5,124.2,36.4,47.0,0.608
324,-1,0.0,130.4,42.4,152.0,0.451
324,-1,505.7,143.5,57.8,155.4,0.386
324,-1,65.0,194.3,13.6,28.5,0.385
324,-1,557.6,147.9,27.5,41.8,0.314
324,-1,555.8,148.3,46.9,67.3,0.219
324,-1,531.1,123.5,55.5,73.7,0.217
324,-1,522.8,219.2,45.4,94.1,0.170
324,-1,523.5,273.4,22.6,37.3,0.084
324,-1,513.0,128.1,37.8,74.4,0.082
324,-1,133.7,154.2,24.2,67.0,0.067
324,-1,342.9,160.2,70.8,154.9,0.060
325,-1,122.7,91.5,90.9,238.2,1.000
325,-1,83.8,125.4,60.3,171.0,0.999
325,-1,425.1,98.4,70.8,242.4,0.999
325,-1,215.1,32.9,180.5,447.1,0.999
325,-1,512.8,142.1,84.9,188.7,0.994
325,-1,383.9,142.0,50.0,178.3,0.985
325,-1,575.1,167.1,47.9,149.4,0.955
325,-1,508.5,188.8,20.5,55.8,0.879
325,-1,383.0,143.0,49.9,75.6,0.776
325,-1,543.5,158.5,68.4,164.3,0.705
325,-1,479.2,168.0,31.4,95.8,0.701
325,-1,523.1,120.8,63.8,123.0,0.623
325,-1,12.9,164.4,22.6,119.4,0.584
325,-1,14.9,215.8,21.8,67.4,0.485
325,-1,62.1,193.0,13.8,30.1,0.416
325,-1,575.3,164.3,30.1,64.1,0.244
325,-1,579.0,172.5,27.3,101.3,0.235
325,-1,567.5,203.7,33.7,124.2,0.202
325,-1,539.2,138.9,58.3,124.2,0.160
325,-1,572.9,163.4,29.1,32.8,0.095
325,-1,532.6,121.9,52.5,69.5,0.078
325,-1,204.5,197.3,14.7,31.7,0.055
325,-1,191.1,118.3,58.9,285.3,0.054
326,-1,112.3,90.3,95.9,244.4,0.999
326,-1,388.8,141.4,48.4,178.6,0.999
326,-1,84.3,126.0,68.0,171.6,0.999
326,-1,521.2,121.7,79.2,205.5,0.998
326,-1,431.8,97.6,75.0,243.3,0.998
326,-1,218.9,27.1,178.4,450.9,0.994
326,-1,507.3,188.7,18.3,55.1,0.973
326,-1,4.1,132.7,29.2,153.4,0.970
326,-1,582.2,165.7,39.8,148.2,0.911
326,-1,57.9,193.7,13.8,30.5,0.396
326,-1,205.9,197.6,14.0,29.9,0.314
326,-1,414.6,162.2,24.5,95.3,0.270
326,-1,546.8,144.8,73.8,180.8,0.222
326,-1,388.8,142.7,50.1,75.4,0.218
326,-1,588.5,170.1,18.2,29.0,0.212
326,-1,523.7,196.3,14.5,34.3,0.199
326,-1,532.8,117.5,59.1,116.6,0.154
326,-1,414.9,154.0,23.4,36.7,0.139
326,-1,585.4,167.1,23.6,45.1,0.114
326,-1,585.3,169.7,27.8,87.3,0.112
326,-1,468.9,144.9,38.5,122.7,0.076
326,-1,515.0,164.4,46.4,150.7,0.067
326,-1,0.2,123.2,20.2,167.6,0.067
326,-1,573.9,188.2,32.4,132.1,0.054
327,-1,432.3,95.5,88.6,246.0,0.999
327,-1,103.9,84.4,91.1,256.7,0.998
327,-1,221.5,35.9,186.2,438.8,0.998
327,-1,76.6,123.7,67.8,175.2,0.997
327,-1,0.0,129.2,28.8,154.8,0.996
327,-1,564.8,146.7,55.4,181.6,0.995
327,-1,516.4,114.3,88.4,205.4,0.994
327,-1,394.8,137.5,50.6,182.1,0.994
327,-1,598.7,163.0,35.2,150.7,0.919
327,-1,503.2,183.8,21.8,57.3,0.834
327,-1,52.3,192.4,12.7,32.3,0.746
327,-1,223.0,205.8,10.9,33.1,0.354
327,-1,195.5,195.2,19.6,31.6,0.309
327,-1,521.3,166.0,29.1,63.7,0.243
327,-1,395.8,138.5,49.9,86.1,0.217
327,-1,514.4,129.7,41.6,98.3,0.176
327,-1,0.1,118.3,2.4,166.8,0.170
327,-1,506.7,141.2,37.1,96.7,0.147
327,-1,518.3,126.8,53.8,166.3,0.109
327,-1,85.5,125.2,41.8,120.3,0.086
327,-1,501.7,153.6,28.7,87.9,0.077
327,-1,393.5,159.9,9.3,27.3,0.071
327,-1,0.0,125.6,20.3,25.9,0.070
327,-1,523.6,124.0,34.9,71.9,0.069
327,-1,598.3,168.6,19.1,23.9,0.055
327,-1,540.6,125.8,18.7,40.7,0.052
328,-1,430.9,97.0,99.3,245.9,0.999
328,-1,571.9,145.6,62.6,185.7,0.998
328,-1,0.4,127.4,31.1,155.2,0.998
328,-1,84.3,75.1,96.3,279.4,0.998
328,-1,223.0,44.4,186.9,434.2,0.998
328,-1,519.3,110.5,90.1,206.7,0.987
328,-1,62.5,144.7,65.7,155.5,0.984
328,-1,401.5,138.4,48.3,174.6,0.967
328,-1,511.3,135.8,60.8,159.6,0.956
328,-1,555.3,110.4,54.8,145.9,0.811
328,-1,219.9,190.7,21.1,36.4,0.745
328,-1,155.1,194.6,20.6,61.6,0.572
328,-1,399.8,136.5,51.6,77.4,0.499
328,-1,40.6,191.3,15.1,32.4,0.363
328,-1,407.9,118.7,86.2,219.0,0.216
328,-1,600.8,158.0,37.8,159.6,0.188
328,-1,617.5,174.8,22.3,137.9,0.174
328,-1,507.7,138.9,48.9,110.2,0.080
328,-1,142.5,210.8,23.0,111.5,0.063
328,-1,75.3,167.4,95.3,136.9,0.057
329,-1,57.1,67.2,109.5,292.0,0.998
329,-1,425.3,96.5,105.7,248.1,0.998
329,-1,220.6,43.8,195.1,436.2,0.998
329,-1,561.3,146.6,78.7,187.6,0.997
329,-1,535.3,109.7,77.1,216.7,0.995
329,-1,0.0,125.7,50.0,158.8,0.993
329,-1,510.4,136.3,51.3,156.0,0.987
329,-1,381.9,135.9,80.8,189.4,0.972
329,-1,53.4,151.2,52.2,148.5,0.970
329,-1,205.2,191.4,23.1,48.2,0.965
329,-1,555.5,109.8,55.4,149.5,0.828
329,-1,545.7,139.3,14.2,25.3,0.569
329,-1,406.2,138.2,47.8,104.2,0.457
329,-1,26.6,191.5,16.1,31.1,0.342
329,-1,53.3,162.8,102.3,142.3,0.325
329,-1,142.0,182.0,22.7,73.9,0.295
329,-1,206.4,190.9,21.0,25.8,0.290
329,-1,545.7,138.6,16.7,46.8,0.199
329,-1,624.6,189.4,15.4,116.7,0.185
329,-1,183.1,195.0,10.9,32.4,0.134
329,-1,623.2,201.0,16.8,60.3,0.092
329,-1,47.4,84.7,77.3,218.5,0.060
330,-1,38.3,61.3,109.5,306.1,0.999
330,-1,239.2,38.8,188.7,441.2,0.999
330,-1,560.4,144.3,77.7,193.8,0.999
330,-1,422.6,96.3,106.1,256.0,0.999
330,-1,0.2,131.6,50.4,156.3,0.992
330,-1,507.8,136.5,54.8,163.9,0.984
330,-1,194.0,195.5,22.1,45.3,0.955
330,-1,410.5,137.1,48.3,161.7,0.917
330,-1,382.3,137.0,80.1,195.5,0.869
330,-1,536.2,141.8,24.5,43.2,0.869
330,-1,550.2,111.8,64.2,205.1,0.583
330,-1,537.7,141.5,15.1,22.5,0.487
330,-1,0.1,131.1,26.4,130.6,0.247
330,-1,173.5,198.0,13.0,25.7,0.226
330,-1,532.2,141.6,36.6,137.9,0.087
330,-1,203.4,202.4,15.2,37.3,0.086
330,-1,0.0,129.6,11.7,56.9,0.086
330,-1,192.9,203.1,15.9,25.6,0.085
330,-1,515.0,138.4,44.0,59.8,0.081
330,-1,0.0,132.9,13.6,142.6,0.079
330,-1,37.6,144.6,39.5,149.3,0.077
330,-1,573.9,125.0,46.9,157.7,0.071
330,-1,459.9,105.4,63.7,176.0,0.061
330,-1,126.2,180.2,25.5,78.3,0.054
331,-1,27.5,57.3,108.4,315.7,1.000
331,-1,240.5,37.3,184.7,442.7,0.999
331,-1,564.4,132.9,70.2,208.8,0.999
331,-1,427.6,98.7,105.2,256.6,0.998
331,-1,0.6,128.2,43.5,160.3,0.992
331,-1,415.8,138.7,49.5,86.6,0.972
331,-1,510.5,137.3,51.5,160.1,0.961
331,-1,388.3,136.8,76.5,194.1,0.913
331,-1,184.6,192.6,23.0,50.4,0.832
331,-1,115.8,170.9,33.2,89.5,0.668
331,-1,512.3,137.5,37.1,58.6,0.657
331,-1,532.9,143.0,31.0,54.8,0.646
331,-1,480.8,112.4,70.3,191.8,0.488
331,-1,192.5,204.2,19.5,38.1,0.398
331,-1,185.6,192.9,19.7,25.0,0.392
331,-1,122.5,214.5,21.0,45.6,0.321
331,-1,168.6,198.8,13.7,26.5,0.313
331,-1,0.0,130.5,14.4,45.5,0.236
331,-1,22.0,131.9,32.5,93.1,0.229
331,-1,533.0,143.2,19.0,32.7,0.227
331,-1,0.0,129.0,25.8,105.3,0.206
331,-1,527.7,140.5,26.8,47.4,0.142
331,-1,500.2,135.5,39.4,157.2,0.139
331,-1,596.7,152.8,43.3,137.8,0.130
331,-1,190.0,207.8,19.0,17.1,0.087
331,-1,500.1,174.5,26.4,124.6,0.086
331,-1,0.0,126.0,13.4,29.9,0.075
331,-1,0.3,130.1,47.9,84.2,0.062
331,-1,456.1,86.9,71.3,201.5,0.062
331,-1,168.3,199.1,9.5,12.0,0.060
331,-1,196.1,204.3,14.8,24.6,0.058
332,-1,242.3,22.9,182.0,457.1,0.999
332,-1,2.4,43.3,108.8,340.8,0.999
332,-1,562.9,107.0,68.2,219.7,0.999
332,-1,443.4,94.8,93.1,254.9,0.997
332,-1,413.2,128.8,60.7,205.5,0.989
332,-1,169.9,189.8,25.0,45.8,0.934
332,-1,589.0,154.8,50.5,172.7,0.933
332,-1,525.5,138.3,29.4,129.3,0.918
332,-1,420.1,133.1,51.1,84.1,0.877
332,-1,609.5,151.8,29.9,143.3,0.682
332,-1,170.7,190.2,17.1,18.3,0.563
332,-1,156.9,196.1,12.9,26.1,0.508
332,-1,101.2,139.9,33.1,119.3,0.287
332,-1,0.0,88.1,24.7,293.8,0.253
332,-1,0.2,122.8,19.4,146.3,0.224
332,-1,0.0,68.7,7.5,230.6,0.190
332,-1,1.9,127.0,47.1,218.7,0.153
332,-1,524.7,140.1,28.6,49.5,0.129
332,-1,160.6,192.1,27.1,37.0,0.090
332,-1,526.6,141.3,13.3,18.5,0.088
332,-1,479.0,99.4,63.2,189.4,0.075
332,-1,0.1,118.1,5.6,302.0,0.065
332,-1,508.2,143.2,38.9,147.0,0.065
332,-1,243.4,175.1,12.5,33.0,0.060
332,-1,179.8,198.4,17.9,29.6,0.051
333,-1,242.2,20.7,184.3,459.3,1.000
333,-1,0.6,31.4,93.3,354.3,0.999
333,-1,456.5,94.0,82.4,257.9,0.999
333,-1,559.8,106.6,78.7,226.1,0.998
333,-1,423.0,131.3,52.7,208.2,0.998
333,-1,70.3,164.0,37.5,134.5,0.948
333,-1,523.2,137.6,28.4,92.5,0.946
333,-1,616.1,172.6,23.5,116.9,0.893
333,-1,163.8,195.4,23.4,41.6,0.779
333,-1,236.7,201.0,15.4,40.4,0.629
333,-1,422.3,131.6,50.9,89.4,0.511
333,-1,0.0,45.4,6.4,327.6,0.502
333,-1,151.8,196.9,12.6,24.1,0.468
333,-1,171.0,199.4,16.6,26.2,0.425
333,-1,235.4,214.9,9.1,26.3,0.350
333,-1,605.0,172.7,35.0,159.5,0.299
333,-1,522.1,139.5,16.7,21.2,0.272
333,-1,151.7,197.6,9.9,15.3,0.262
333,-1,149.0,196.9,23.5,26.5,0.249
333,-1,162.2,194.3,19.7,29.1,0.225
333,-1,96.4,150.7,30.9,112.3,0.173
333,-1,0.0,78.6,42.3,303.1,0.164
333,-1,0.1,47.3,9.2,191.6,0.132
333,-1,151.9,197.8,14.3,41.1,0.131
333,-1,508.4,136.6,36.9,144.5,0.130
333,-1,0.0,19.4,14.2,364.9,0.127
333,-1,163.2,191.5,14.8,21.9,0.127
333,-1,159.0,203.0,15.2,19.1,0.092
333,-1,154.6,196.2,24.9,46.9,0.079
333,-1,522.3,139.5,22.6,32.5,0.072
333,-1,46.7,135.7,59.2,161.8,0.071
333,-1,0.0,77.0,1.6,273.1,0.051
334,-1,459.6,81.8,90.4,273.3,1.000
334,-1,553.7,106.6,85.0,222.2,1.000
334,-1,238.6,27.5,185.8,452.2,0.999
334,-1,0.0,17.9,68.4,372.8,0.998
334,-1,420.0,130.3,57.2,208.8,0.997
334,-1,43.2,118.5,58.5,178.2,0.997
334,-1,141.9,190.4,23.0,45.0,0.855
334,-1,224.9,199.8,15.4,40.0,0.838
334,-1,623.1,178.9,16.8,74.9,0.706
334,-1,154.9,198.1,16.3,42.7,0.530
334,-1,143.0,190.3,17.3,26.0,0.417
334,-1,428.3,133.6,42.0,105.8,0.405
334,-1,157.0,197.7,13.8,25.2,0.294
334,-1,226.9,217.2,11.8,22.8,0.263
334,-1,147.2,191.0,22.6,31.6,0.250
334,-1,619.6,142.3,20.1,103.6,0.183
334,-1,242.9,202.8,7.9,19.9,0.172
334,-1,224.6,213.0,9.8,27.0,0.160
334,-1,90.0,154.3,27.4,103.5,0.136
334,-1,160.3,201.7,12.7,32.9,0.130
334,-1,419.0,152.5,17.1,102.7,0.095
334,-1,135.6,197.4,22.8,27.7,0.067
334,-1,228.4,200.3,12.4,24.1,0.063
335,-1,237.8,26.3,186.0,453.7,1.000
335,-1,553.5,109.2,86.3,219.6,0.999
335,-1,457.2,82.7,95.3,275.5,0.999
335,-1,0.3,19.0,47.2,382.9,0.997
335,-1,27.3,118.5,66.8,181.6,0.996
335,-1,416.3,130.5,69.2,210.3,0.990
335,-1,415.0,157.1,23.2,105.2,0.957
335,-1,220.4,199.9,14.8,40.6,0.940
335,-1,131.6,192.4,26.1,42.2,0.807
335,-1,134.3,191.2,18.0,28.5,0.552
335,-1,625.0,182.0,14.9,59.1,0.512
335,-1,158.3,203.5,14.6,24.3,0.477
335,-1,81.3,168.0,25.4,93.6,0.441
335,-1,141.0,200.5,19.2,36.8,0.399
335,-1,430.9,137.0,39.2,106.4,0.350
335,-1,157.5,199.8,18.9,40.7,0.315
335,-1,154.4,205.7,12.0,33.0,0.302
335,-1,144.7,203.4,15.7,21.1,0.270
335,-1,156.3,205.6,9.6,20.1,0.179
335,-1,169.0,203.6,8.0,36.4,0.179
335,-1,164.7,202.5,8.1,29.8,0.158
335,-1,246.0,207.9,4.3,18.4,0.157
335,-1,147.7,203.7,15.9,37.1,0.147
335,-1,130.9,197.3,15.6,29.5,0.117
335,-1,148.4,199.5,20.0,30.5,0.115
335,-1,218.5,212.4,9.3,27.4,0.110
335,-1,221.5,216.3,10.7,23.8,0.095
335,-1,232.7,203.6,10.3,31.9,0.087
335,-1,153.6,204.2,9.4,18.9,0.085
335,-1,625.1,183.4,14.6,26.7,0.083
335,-1,414.7,141.3,35.2,146.7,0.080
335,-1,234.5,201.6,10.9,23.9,0.077
335,-1,637.7,170.8,2.3,153.4,0.051
336,-1,242.4,18.3,173.6,461.7,1.000
336,-1,555.8,106.4,84.2,221.0,1.000
336,-1,463.3,79.5,103.7,273.4,0.999
336,-1,21.1,113.6,69.9,186.8,0.998
336,-1,410.2,125.2,84.1,216.1,0.998
336,-1,413.2,160.9,26.7,100.0,0.965
336,-1,210.8,196.5,15.3,42.9,0.958
336,-1,0.0,112.7,31.5,224.7,0.939
336,-1,0.0,116.4,16.9,290.7,0.907
336,-1,130.7,192.7,15.8,27.9,0.708
336,-1,235.5,204.2,10.3,36.8,0.679
336,-1,116.6,187.8,29.0,39.2,0.641
336,-1,118.9,187.1,16.4,28.0,0.562
336,-1,230.9,196.1,17.3,44.5,0.518
336,-1,76.6,179.4,18.4,77.0,0.457
336,-1,0.1,119.3,27.9,105.7,0.438
336,-1,160.6,192.9,7.0,42.4,0.337
336,-1,3.6,116.3,52.1,186.2,0.321
336,-1,209.4,206.8,9.7,31.4,0.295
336,-1,0.0,114.8,14.1,138.5,0.288
336,-1,125.1,194.4,20.9,44.8,0.204
336,-1,439.5,128.3,36.6,89.4,0.163
336,-1,0.3,191.9,36.9,107.3,0.157
336,-1,227.3,194.9,18.9,30.3,0.148
336,-1,214.8,210.9,8.7,26.9,0.135
336,-1,0.0,203.5,11.4,210.5,0.115
336,-1,0.0,119.1,10.0,96.2,0.113
336,-1,222.4,195.4,20.5,43.8,0.107
336,-1,226.1,201.1,7.8,21.1,0.101
336,-1,227.4,196.4,9.8,24.8,0.089
336,-1,0.0,119.3,12.3,43.2,0.089
336,-1,427.9,129.3,46.8,142.9,0.079
336,-1,112.9,185.6,24.2,54.5,0.073
336,-1,446.0,127.7,29.5,37.2,0.064
336,-1,65.0,140.8,27.2,118.5,0.062
336,-1,495.2,251.7,14.2,27.3,0.056
336,-1,7.4,171.5,71.4,124.1,0.052
337,-1,244.7,7.9,177.1,472.1,1.000
337,-1,466.2,72.4,116.0,275.3,0.999
337,-1,26.9,108.9,59.2,175.7,0.998
337,-1,573.7,93.8,66.0,223.7,0.998
337,-1,410.0,122.0,85.9,218.2,0.996
337,-1,204.0,190.9,15.1,41.8,0.983
337,-1,411.7,156.0,21.8,75.5,0.883
337,-1,107.0,188.5,26.6,40.4,0.719
337,-1,0.3,152.0,45.5,135.5,0.669
337,-1,229.2,198.3,13.8,37.6,0.654
337,-1,0.0,184.6,15.8,35.7,0.530
337,-1,432.6,174.8,17.6,60.1,0.326
337,-1,153.5,191.1,6.9,41.8,0.186
337,-1,434.3,147.0,20.9,70.3,0.123
337,-1,440.3,120.7,46.0,106.7,0.106
337,-1,107.0,183.4,22.0,20.5,0.098
337,-1,493.3,276.9,24.8,55.7,0.091
337,-1,220.8,199.5,6.2,19.1,0.090
337,-1,116.2,192.7,18.5,22.4,0.083
337,-1,221.6,194.2,9.2,24.3,0.082
337,-1,444.6,120.2,73.0,214.1,0.068
337,-1,627.6,118.2,12.4,56.2,0.061
337,-1,440.9,125.6,20.6,49.0,0.054
337,-1,139.6,193.2,19.3,41.2,0.053
338,-1,240.0,12.6,186.8,467.4,0.999
338,-1,24.7,112.8,65.9,182.8,0.999
338,-1,468.1,69.2,116.7,286.1,0.999
338,-1,589.5,94.8,50.5,229.5,0.997
338,-1,425.3,114.3,78.2,230.0,0.996
338,-1,0.0,125.0,33.7,169.0,0.986
338,-1,94.2,187.3,29.1,48.9,0.892
338,-1,198.2,195.9,16.9,41.5,0.867
338,-1,428.3,177.4,18.5,62.7,0.766
338,-1,94.6,186.4,18.8,35.4,0.470
338,-1,199.5,207.4,12.0,29.1,0.446
338,-1,434.7,149.0,32.3,95.2,0.365
338,-1,204.8,214.7,7.2,20.9,0.312
338,-1,492.0,60.6,46.8,60.4,0.268
338,-1,3.7,110.4,52.4,181.0,0.267
338,-1,595.5,237.7,44.1,82.3,0.213
338,-1,107.1,193.8,15.9,28.8,0.180
338,-1,429.3,161.9,26.7,84.3,0.134
338,-1,449.6,118.5,45.7,114.3,0.128
338,-1,220.9,274.9,59.4,145.0,0.098
338,-1,431.6,206.0,13.9,35.8,0.091
338,-1,430.4,177.6,15.7,32.0,0.087
338,-1,224.6,204.9,10.2,32.8,0.073
338,-1,490.6,66.5,79.5,134.1,0.070
338,-1,201.2,197.3,14.9,20.1,0.063
339,-1,239.2,6.8,187.0,473.2,1.000
339,-1,467.5,66.9,116.8,288.8,0.999
339,-1,23.3,114.5,62.7,180.9,0.999
339,-1,433.3,118.1,65.5,219.7,0.996
339,-1,593.6,93.4,46.4,232.7,0.996
339,-1,0.3,128.7,26.7,165.4,0.991
339,-1,193.2,194.8,18.7,43.7,0.954
339,-1,86.9,188.8,22.1,45.9,0.931
339,-1,426.2,174.8,18.4,67.5,0.775
339,-1,452.7,118.2,47.7,125.7,0.546
339,-1,91.5,196.0,22.2,33.3,0.545
339,-1,219.3,205.0,12.1,36.0,0.531
339,-1,193.9,210.7,12.0,27.5,0.518
339,-1,429.0,117.5,51.5,137.0,0.455
339,-1,436.7,112.8,47.0,82.1,0.323
339,-1,143.5,194.6,7.8,43.0,0.192
339,-1,196.0,195.3,16.4,24.8,0.172
339,-1,88.7,188.0,16.3,20.8,0.166
339,-1,212.3,199.7,8.5,22.2,0.161
339,-1,220.4,205.1,10.1,19.6,0.157
339,-1,445.9,114.7,36.9,48.3,0.157
339,-1,455.3,114.1,27.3,31.1,0.149
339,-1,97.9,194.8,20.8,27.1,0.148
339,-1,3.0,111.4,43.3,184.8,0.147
339,-1,426.6,173.1,16.2,40.6,0.136
339,-1,209.0,200.7,10.1,32.2,0.114
339,-1,200.4,214.6,8.3,21.9,0.082
339,-1,224.4,205.6,7.4,17.1,0.081
339,-1,425.9,144.9,30.6,108.5,0.069
339,-1,497.5,60.9,47.0,58.5,0.069
339,-1,492.9,69.5,83.4,174.2,0.064
339,-1,433.7,151.5,37.5,131.3,0.052
340,-1,11.4,112.5,93.8,184.5,0.999
340,-1,239.0,9.1,192.1,470.9,0.999
340,-1,473.3,69.8,123.6,287.3,0.999
340,-1,604.8,101.7,34.4,222.0,0.998
340,-1,430.7,111.1,53.5,197.8,0.997
340,-1,465.2,117.6,49.3,198.7,0.989
340,-1,188.2,193.8,18.0,44.3,0.984
340,-1,0.0,114.5,19.6,177.3,0.951
340,-1,234.7,170.7,19.2,67.7,0.914
340,-1,76.3,189.2,27.3,42.7,0.611
340,-1,42.2,191.0,62.3,87.3,0.404
340,-1,206.1,199.2,8.5,22.9,0.271
340,-1,213.9,200.1,10.9,36.5,0.261
340,-1,136.2,203.0,7.3,34.5,0.220
340,-1,0.3,113.9,38.8,177.2,0.198
340,-1,0.0,111.1,8.9,38.3,0.157
340,-1,214.6,200.0,8.0,24.5,0.098
340,-1,74.3,189.6,21.1,31.4,0.088
340,-1,33.5,226.1,25.8,36.9,0.077
340,-1,0.0,126.3,4.2,163.1,0.073
340,-1,80.8,195.7,24.2,23.7,0.070
340,-1,44.3,231.4,15.2,30.1,0.065
340,-1,203.9,197.5,11.4,35.3,0.062
340,-1,0.1,116.2,9.3,179.1,0.062
340,-1,220.2,200.8,7.2,18.4,0.055
340,-1,466.0,120.5,50.5,98.9,0.052
340,-1,97.4,193.1,10.4,19.2,0.051
340,-1,234.1,206.7,11.4,34.3,0.050
341,-1,3.6,114.4,109.0,183.4,0.999
341,-1,497.6,67.5,111.1,292.5,0.999
341,-1,245.3,14.6,193.6,464.8,0.999
341,-1,435.4,110.2,54.8,204.1,0.998
341,-1,230.3,172.2,29.8,84.7,0.994
341,-1,478.3,115.7,51.8,235.7,0.991
341,-1,0.4,114.6,28.1,173.3,0.972
341,-1,611.2,112.2,27.9,213.6,0.967
341,-1,187.6,195.6,17.3,43.6,0.962
341,-1,133.0,194.3,9.0,44.7,0.637
341,-1,73.5,188.2,21.7,28.1,0.265
341,-1,483.5,106.5,82.7,257.5,0.264
341,-1,118.2,185.4,21.6,54.2,0.263
341,-1,204.2,201.8,7.9,21.2,0.223
341,-1,480.2,120.0,50.0,121.6,0.178
341,-1,186.1,204.6,8.9,33.4,0.109
341,-1,75.3,189.7,25.8,39.0,0.108
341,-1,0.1,115.0,14.0,31.8,0.107
341,-1,91.9,193.5,13.4,28.0,0.103
341,-1,117.5,208.4,11.2,31.9,0.086
341,-1,1.8,122.9,54.0,158.9,0.073
341,-1,121.4,187.3,13.5,40.3,0.068
341,-1,616.1,111.8,23.9,95.4,0.065
341,-1,590.0,68.6,48.8,261.3,0.064
341,-1,31.9,196.1,23.1,65.9,0.062
341,-1,36.2,241.5,18.8,20.9,0.055
341,-1,0.3,115.1,26.4,69.0,0.052
342,-1,246.8,7.3,199.3,472.5,0.999
342,-1,518.7,63.0,106.4,297.3,0.999
342,-1,3.9,112.2,110.0,184.3,0.999
342,-1,227.1,169.2,38.2,86.9,0.998
342,-1,436.9,105.2,59.1,216.5,0.997
342,-1,0.2,113.8,35.0,174.9,0.995
342,-1,485.8,111.4,59.1,234.7,0.991
342,-1,186.5,194.4,18.4,44.4,0.957
342,-1,488.0,114.5,51.1,93.1,0.806
342,-1,619.3,116.9,20.7,210.4,0.466
342,-1,26.8,173.8,31.7,88.0,0.392
342,-1,132.3,193.1,9.7,43.5,0.318
342,-1,584.4,74.7,54.3,252.5,0.260
342,-1,26.8,147.5,17.1,61.1,0.223
342,-1,205.1,199.0,8.7,23.1,0.212
342,-1,212.1,201.2,9.6,26.5,0.176
342,-1,187.4,206.8,6.7,30.4,0.164
342,-1,90.8,191.1,16.5,35.0,0.161
342,-1,117.8,208.4,10.5,31.4,0.154
342,-1,123.4,194.0,17.8,44.9,0.143
342,-1,246.1,175.9,19.9,69.9,0.113
342,-1,0.0,112.9,19.6,26.7,0.099
342,-1,203.1,196.8,16.4,25.4,0.087
342,-1,13.3,117.7,60.8,157.6,0.075
342,-1,484.2,117.9,21.7,63.2,0.067
342,-1,439.8,103.1,59.0,116.5,0.065
342,-1,28.6,115.5,51.6,100.4,0.058
342,-1,0.0,137.7,2.3,157.9,0.057
342,-1,608.8,216.6,31.2,110.7,0.055
343,-1,20.8,118.2,92.8,180.4,0.999
343,-1,258.2,15.2,199.1,464.6,0.999
343,-1,223.6,173.7,37.9,87.0,0.999
343,-1,546.9,59.4,91.2,309.4,0.998
343,-1,496.5,112.3,71.9,243.1,0.998
343,-1,0.3,119.2,49.0,178.6,0.996
343,-1,444.9,104.5,64.8,220.8,0.995
343,-1,189.7,197.5,14.2,44.6,0.948
343,-1,507.8,120.3,47.0,95.8,0.559
343,-1,213.5,207.6,9.0,36.0,0.471
343,-1,189.3,216.3,11.3,25.5,0.443
343,-1,629.3,82.9,10.6,247.9,0.341
343,-1,205.2,199.9,17.1,44.1,0.309
343,-1,506.6,138.9,16.0,28.7,0.273
343,-1,452.0,104.2,56.6,98.7,0.263
343,-1,190.8,196.2,13.8,24.3,0.239
343,-1,0.0,129.5,2.3,165.2,0.162
343,-1,205.5,202.3,9.0,20.9,0.151
343,-1,203.3,199.2,16.2,21.0,0.150
343,-1,602.3,44.6,37.5,285.2,0.150
343,-1,506.5,125.3,21.3,40.3,0.102
343,-1,119.8,218.6,8.9,24.5,0.091
343,-1,133.3,199.3,8.2,42.0,0.066
343,-1,26.7,143.8,26.6,73.1,0.059
343,-1,203.2,201.8,12.9,36.5,0.051
344,-1,558.0,58.5,80.5,315.7,0.999
344,-1,0.0,122.6,62.8,175.4,0.999
344,-1,38.5,119.4,73.2,177.3,0.998
344,-1,273.5,12.4,198.3,462.7,0.998
344,-1,219.5,174.8,37.3,87.9,0.997
344,-1,500.4,123.7,79.4,234.9,0.995
344,-1,454.3,103.4,54.4,224.4,0.994
344,-1,186.6,199.8,17.6,43.3,0.962
344,-1,211.7,205.4,11.0,43.5,0.861
344,-1,130.0,198.2,10.4,44.3,0.312
344,-1,513.5,140.6,19.0,30.1,0.272
344,-1,517.9,121.5,47.5,101.6,0.251
344,-1,461.4,103.6,49.4,117.8,0.209
344,-1,618.3,61.9,21.4,57.6,0.205
344,-1,213.2,206.6,9.5,24.4,0.126
344,-1,33.3,182.1,26.2,62.9,0.098
344,-1,51.1,146.1,18.6,70.4,0.090
344,-1,120.4,201.2,19.2,43.2,0.082
344,-1,187.0,214.8,6.7,26.2,0.079
344,-1,0.0,141.6,2.5,147.4,0.079
344,-1,206.7,204.0,8.4,23.0,0.064
344,-1,118.2,212.4,8.8,31.4,0.054
344,-1,30.3,172.1,23.6,56.9,0.053
345,-1,281.1,3.7,205.6,476.3,0.999
345,-1,209.2,169.7,45.9,92.0,0.999
345,-1,59.1,115.6,55.4,181.0,0.999
345,-1,0.0,122.2,69.7,176.6,0.998
345,-1,574.7,51.5,63.5,324.9,0.998
345,-1,517.6,107.9,72.8,249.3,0.996
345,-1,462.7,97.4,53.6,226.9,0.986
345,-1,185.9,196.8,18.0,44.1,0.969
345,-1,533.5,120.0,54.1,133.2,0.882
345,-1,468.5,98.0,47.0,104.9,0.786
345,-1,59.0,140.6,18.6,89.9,0.312
345,-1,528.2,136.6,21.6,32.3,0.265
345,-1,119.1,195.2,19.7,46.9,0.252
345,-1,528.0,136.5,21.7,72.9,0.152
345,-1,118.2,206.7,10.5,33.0,0.114
345,-1,130.8,205.2,9.0,36.6,0.107
345,-1,0.0,156.3,2.0,141.5,0.088
345,-1,0.0,126.9,10.4,164.3,0.074
345,-1,272.2,189.7,47.5,241.4,0.068
345,-1,190.8,217.8,9.2,22.2,0.054
345,-1,205.7,201.2,8.4,23.0,0.053
346,-1,209.5,176.1,47.7,94.1,1.000
346,-1,307.9,5.6,198.5,473.2,0.999
346,-1,72.1,124.3,49.8,179.1,0.999
346,-1,0.0,130.0,81.1,176.9,0.999
346,-1,596.1,40.6,43.8,345.2,0.998
346,-1,543.8,117.3,72.2,250.7,0.998
346,-1,474.8,97.4,54.8,240.6,0.982
346,-1,190.5,204.3,18.6,44.1,0.968
346,-1,478.7,100.7,47.9,109.9,0.619
346,-1,210.0,202.6,10.9,42.9,0.608
346,-1,455.8,98.5,57.1,252.0,0.284
346,-1,0.0,150.0,1.9,154.8,0.203
346,-1,193.4,217.8,10.6,29.7,0.160
346,-1,135.5,207.7,9.6,40.5,0.155
346,-1,208.2,210.2,9.3,33.9,0.141
346,-1,553.5,122.0,56.7,111.7,0.130
346,-1,213.4,206.4,10.8,37.6,0.089
346,-1,192.1,205.2,15.5,20.8,0.061
346,-1,460.9,290.6,25.7,60.5,0.053
346,-1,545.9,131.7,26.0,46.9,0.052
347,-1,83.8,129.8,63.8,172.8,0.999
347,-1,215.0,174.4,45.1,97.1,0.999
347,-1,9.0,129.6,79.2,176.4,0.998
347,-1,314.2,1.0,202.4,477.9,0.998
347,-1,568.8,110.4,68.9,267.4,0.996
347,-1,478.8,95.9,67.4,247.7,0.991
347,-1,195.1,203.6,19.0,45.3,0.969
347,-1,1.3,202.5,14.1,34.0,0.813
347,-1,625.7,114.1,14.3,120.2,0.631
347,-1,619.4,70.4,20.6,167.4,0.392
347,-1,25.2,197.2,25.5,52.9,0.337
347,-1,493.3,96.5,75.8,169.4,0.320
347,-1,618.8,104.7,21.1,280.1,0.311
347,-1,566.2,122.6,29.1,45.6,0.291
347,-1,572.7,114.4,63.7,114.1,0.158
347,-1,11.1,201.2,12.0,32.4,0.147
347,-1,211.7,210.6,10.9,37.4,0.120
347,-1,615.2,314.7,24.7,79.6,0.096
347,-1,83.4,151.7,22.1,66.3,0.086
347,-1,620.5,43.0,19.5,111.0,0.083
347,-1,519.1,127.5,51.1,126.4,0.075
347,-1,579.9,269.9,59.6,92.6,0.074
347,-1,237.2,184.8,24.2,83.5,0.074
347,-1,568.2,136.1,22.2,29.2,0.072
348,-1,312.6,0.6,215.6,479.4,1.000
348,-1,25.6,127.5,65.3,170.9,0.999
348,-1,83.7,127.9,79.0,177.3,0.999
348,-1,215.8,171.9,42.8,97.7,0.998
348,-1,582.0,105.4,57.7,259.1,0.996
348,-1,493.1,85.2,61.2,257.0,0.986
348,-1,5.7,200.7,14.0,32.8,0.930
348,-1,199.4,201.7,14.4,44.6,0.922
348,-1,26.7,175.3,25.3,85.8,0.631
348,-1,500.1,83.4,78.2,183.7,0.522
348,-1,484.3,76.9,42.2,273.7,0.227
348,-1,12.1,200.4,11.1,31.3,0.222
348,-1,486.5,250.4,17.8,103.5,0.216
348,-1,498.0,83.6,49.3,111.1,0.202
348,-1,91.8,150.8,23.2,75.9,0.135
348,-1,583.8,106.1,56.2,111.9,0.125
348,-1,104.2,130.2,45.7,120.0,0.098
348,-1,532.0,132.5,50.9,115.7,0.095
348,-1,199.1,218.7,11.4,27.2,0.090
348,-1,199.9,201.6,14.7,23.7,0.055
348,-1,499.2,84.9,29.5,40.3,0.051
349,-1,85.4,131.7,87.2,171.7,0.999
349,-1,320.3,1.3,208.9,478.7,0.999
349,-1,49.6,126.6,54.1,168.7,0.998
349,-1,207.1,170.8,42.7,102.3,0.998
349,-1,604.6,115.2,34.3,256.5,0.995
349,-1,503.2,79.1,66.3,288.0,0.993
349,-1,5.2,200.7,14.0,34.2,0.932
349,-1,505.1,81.1,90.8,186.2,0.747
349,-1,0.0,197.8,8.7,158.0,0.334
349,-1,0.0,276.2,6.7,80.0,0.129
349,-1,497.7,86.2,37.1,278.0,0.126
349,-1,198.1,179.4,19.1,68.8,0.115
349,-1,608.2,122.3,31.8,107.3,0.115
349,-1,31.5,153.5,27.2,118.3,0.108
349,-1,545.8,162.5,51.2,92.3,0.066
349,-1,223.5,178.9,29.1,86.2,0.064
349,-1,500.4,249.1,18.9,113.1,0.055
350,-1,87.0,128.2,84.3,176.8,0.999
350,-1,320.3,1.0,207.5,479.0,0.999
350,-1,203.6,168.9,43.2,106.3,0.999
350,-1,506.3,80.3,62.7,293.3,0.998
350,-1,52.2,128.6,66.1,173.3,0.998
350,-1,609.3,122.7,30.2,248.0,0.914
350,-1,3.3,200.2,13.9,34.7,0.862
350,-1,615.3,137.2,24.3,112.6,0.688
350,-1,507.1,78.2,96.7,194.7,0.435
350,-1,0.0,80.6,13.9,276.2,0.361
350,-1,320.4,211.9,10.7,36.3,0.330
350,-1,0.0,198.9,11.7,158.1,0.228
350,-1,116.4,131.2,44.7,112.8,0.172
350,-1,507.1,77.0,59.4,152.5,0.132
350,-1,0.0,202.9,2.3,146.4,0.072
350,-1,23.7,152.8,37.5,122.1,0.069
350,-1,0.0,270.1,12.4,133.0,0.068
350,-1,550.9,117.7,60.2,142.1,0.054
351,-1,324.3,0.4,208.9,479.6,1.000
351,-1,51.8,129.3,80.5,169.4,0.999
351,-1,119.3,128.4,51.7,167.0,0.999
351,-1,198.9,167.5,42.8,103.9,0.999
351,-1,507.0,66.8,73.8,321.1,0.997
351,-1,0.0,76.8,18.5,273.0,0.894
351,-1,1.6,197.2,15.4,32.6,0.882
351,-1,0.0,207.1,15.4,144.3,0.593
351,-1,0.0,112.7,18.0,128.9,0.335
351,-1,321.8,208.5,11.4,36.9,0.230
351,-1,539.6,57.7,23.8,39.9,0.179
351,-1,0.0,303.6,15.2,44.5,0.163
351,-1,626.9,249.7,13.1,44.5,0.162
351,-1,19.8,147.3,41.4,124.1,0.128
351,-1,0.1,117.5,16.7,36.4,0.126
351,-1,329.3,208.0,8.9,17.5,0.091
351,-1,536.2,60.5,40.6,121.0,0.085
351,-1,526.7,63.5,51.9,222.6,0.084
352,-1,325.0,0.0,209.3,480.0,1.000
352,-1,53.1,131.9,93.3,164.0,0.999
352,-1,194.4,163.8,47.4,109.7,0.998
352,-1,132.0,122.6,53.6,172.4,0.997
352,-1,510.5,60.1,95.5,344.9,0.997
352,-1,0.0,62.3,27.7,282.4,0.937
352,-1,0.1,171.2,14.5,179.6,0.654
352,-1,0.0,75.0,27.3,86.2,0.566
352,-1,0.0,98.0,27.8,126.0,0.507
352,-1,324.1,208.0,9.8,34.2,0.425
352,-1,6.1,196.0,16.1,32.7,0.299
352,-1,335.4,209.6,6.6,15.8,0.199
352,-1,24.2,146.7,41.3,108.6,0.118
352,-1,0.0,311.9,15.6,38.9,0.117
352,-1,511.9,122.2,62.9,256.3,0.113
352,-1,0.0,261.0,17.8,91.5,0.107
352,-1,50.9,196.2,24.9,50.8,0.102
352,-1,325.3,208.3,8.0,14.9,0.086
352,-1,0.0,124.5,8.6,238.5,0.084
352,-1,332.3,209.6,7.8,15.8,0.076
352,-1,23.9,146.3,30.0,74.3,0.071
352,-1,0.1,332.2,15.7,17.1,0.060
352,-1,332.1,208.6,10.1,27.8,0.051
353,-1,57.3,128.8,91.0,165.5,0.999
353,-1,143.7,122.4,55.7,170.2,0.999
353,-1,338.1,0.0,202.0,479.3,0.999
353,-1,515.7,49.9,117.0,366.2,0.999
353,-1,196.3,160.1,43.1,108.1,0.998
353,-1,0.0,52.7,35.7,296.2,0.985
353,-1,528.5,59.0,31.2,62.2,0.904
353,-1,0.1,71.0,34.8,91.2,0.675
353,-1,0.2,160.9,15.5,192.2,0.617
353,-1,56.2,193.5,22.1,44.5,0.486
353,-1,31.3,143.1,42.6,106.6,0.146
353,-1,47.4,178.8,29.1,62.6,0.111
353,-1,28.7,141.3,33.8,72.9,0.089
353,-1,0.5,80.8,40.4,156.6,0.054
354,-1,68.0,131.9,84.3,163.7,1.000
354,-1,340.9,0.0,202.3,477.9,0.999
354,-1,151.2,127.8,65.3,166.9,0.999
354,-1,524.7,44.0,114.1,370.5,0.999
354,-1,199.3,166.3,34.8,105.0,0.994
354,-1,0.0,46.3,52.3,316.5,0.982
354,-1,532.0,56.1,38.2,67.6,0.976
354,-1,36.9,146.0,34.3,63.8,0.607
354,-1,29.6,144.2,43.8,126.9,0.383
354,-1,516.9,251.2,24.1,102.0,0.280
354,-1,136.5,138.2,23.1,79.7,0.280
354,-1,0.0,80.0,51.6,132.8,0.249
354,-1,520.1,52.7,57.1,318.8,0.177
354,-1,513.7,81.7,32.3,276.1,0.150
354,-1,38.0,145.6,21.4,41.5,0.138
354,-1,243.7,209.3,7.4,16.7,0.098
354,-1,135.5,136.7,21.4,41.0,0.076
354,-1,225.2,206.9,20.9,50.0,0.074
354,-1,557.7,51.9,15.1,13.8,0.066
354,-1,530.1,65.5,41.5,193.4,0.066
355,-1,348.3,0.0,206.7,476.9,0.999
355,-1,151.5,133.8,90.2,170.8,0.999
355,-1,0.2,50.6,68.9,316.0,0.999
355,-1,93.7,134.3,75.9,162.0,0.999
355,-1,549.5,31.3,90.5,395.7,0.998
355,-1,535.1,50.4,52.1,107.7,0.954
355,-1,526.5,48.9,62.3,315.7,0.892
355,-1,200.5,174.5,41.0,93.4,0.801
355,-1,231.1,209.3,17.7,46.4,0.426
355,-1,45.8,146.3,32.1,133.9,0.343
355,-1,188.3,152.8,50.6,137.8,0.326
355,-1,152.2,142.2,20.5,102.8,0.260
355,-1,597.5,105.6,42.5,328.4,0.259
355,-1,43.7,195.2,22.3,79.0,0.256
355,-1,62.8,201.6,16.1,49.8,0.232
355,-1,205.1,167.5,26.3,76.9,0.217
355,-1,517.9,67.8,43.2,296.6,0.195
355,-1,524.8,179.3,43.7,183.0,0.179
355,-1,235.3,210.7,10.7,35.4,0.102
355,-1,45.5,150.0,30.0,62.6,0.091
355,-1,192.4,192.4,30.9,83.6,0.086
355,-1,50.0,202.1,23.4,70.0,0.055
356,-1,149.3,127.8,91.3,169.9,0.999
356,-1,342.9,0.0,216.8,480.0,0.999
356,-1,112.9,127.9,59.4,160.9,0.998
356,-1,561.7,21.6,77.5,412.1,0.998
356,-1,0.0,43.2,77.4,324.2,0.998
356,-1,526.5,33.4,68.4,326.5,0.976
356,-1,539.7,36.1,55.8,142.1,0.916
356,-1,0.1,103.7,6.9,255.4,0.354
356,-1,175.3,229.5,34.1,42.1,0.310
356,-1,201.8,161.2,36.4,119.6,0.171
356,-1,332.3,208.0,8.7,36.9,0.124
356,-1,209.5,171.3,23.5,81.1,0.090
356,-1,0.0,163.2,2.0,191.2,0.075
356,-1,0.0,206.0,10.6,161.1,0.065
356,-1,173.3,130.1,52.9,115.1,0.057
356,-1,602.3,187.1,37.0,246.2,0.055
356,-1,551.5,15.2,80.6,200.0,0.053
356,-1,0.0,68.6,1.6,212.1,0.053
357,-1,154.2,127.5,83.1,166.7,1.000
357,-1,341.6,0.0,225.6,477.8,0.999
357,-1,124.9,126.1,54.9,167.5,0.999
357,-1,0.2,43.3,105.8,309.9,0.999
357,-1,527.0,20.7,72.9,353.1,0.998
357,-1,573.8,16.7,65.8,448.7,0.996
357,-1,540.6,24.3,65.1,196.0,0.837
357,-1,329.6,205.8,8.4,34.9,0.249
357,-1,197.0,230.6,14.9,40.6,0.155
357,-1,0.0,82.4,6.7,283.1,0.094
357,-1,560.8,102.5,44.4,270.0,0.069
357,-1,162.1,157.4,21.5,82.5,0.068
358,-1,335.7,0.0,229.0,478.8,0.999
358,-1,125.9,130.3,57.1,162.9,0.999
358,-1,0.2,47.3,108.0,311.8,0.999
358,-1,167.6,127.9,66.4,167.7,0.998
358,-1,530.5,21.2,83.2,365.9,0.998
358,-1,584.9,58.1,53.3,389.1,0.992
358,-1,166.1,161.2,21.8,102.9,0.906
358,-1,154.2,152.0,36.0,126.6,0.376
358,-1,168.6,159.8,16.5,22.9,0.126
358,-1,540.4,22.1,71.6,197.2,0.123
358,-1,110.8,201.1,11.0,32.3,0.106
358,-1,0.0,116.5,7.1,246.6,0.102
358,-1,167.9,160.5,18.2,57.5,0.095
358,-1,314.8,199.7,10.8,42.8,0.077
358,-1,175.9,152.3,35.3,125.4,0.071
358,-1,309.7,198.1,6.0,8.8,0.068
358,-1,328.9,210.5,8.9,32.9,0.068
359,-1,0.1,76.7,99.9,306.5,0.999
359,-1,337.9,5.8,226.5,473.7,0.999
359,-1,120.8,158.1,68.6,158.1,0.999
359,-1,183.7,153.1,49.8,167.4,0.999
359,-1,531.0,42.4,85.6,383.8,0.998
359,-1,592.7,84.3,46.5,375.7,0.979
359,-1,170.2,186.9,21.9,96.5,0.671
359,-1,107.8,220.0,14.2,36.8,0.528
359,-1,537.6,41.2,75.7,204.6,0.396
359,-1,310.7,233.9,10.5,33.4,0.202
359,-1,316.1,234.2,5.2,9.4,0.122
359,-1,171.5,164.1,38.1,133.9,0.088
359,-1,617.2,374.4,22.7,95.6,0.082
360,-1,344.0,22.6,224.3,457.4,0.999
360,-1,118.4,169.0,78.0,155.5,0.999
360,-1,528.9,42.3,105.3,402.3,0.999
360,-1,192.8,160.9,42.5,164.3,0.998
360,-1,0.5,82.1,91.9,313.6,0.996
360,-1,613.7,106.5,25.2,208.6,0.792
360,-1,537.4,39.9,92.4,193.9,0.683
360,-1,173.5,176.4,19.0,111.5,0.595
360,-1,609.7,98.9,30.0,359.4,0.525
360,-1,324.1,239.5,9.2,34.0,0.362
360,-1,161.3,173.6,35.0,121.6,0.296
360,-1,96.8,227.5,18.3,37.9,0.154
360,-1,446.1,34.8,153.1,432.8,0.148
360,-1,324.8,240.1,8.1,17.2,0.092
360,-1,149.3,211.6,50.6,102.2,0.085
360,-1,104.2,228.5,13.0,34.4,0.075
360,-1,175.9,215.6,23.6,73.0,0.067
360,-1,176.0,206.7,15.4,50.2,0.059
361,-1,351.8,10.8,211.7,469.2,0.999
361,-1,526.3,18.6,112.9,426.1,0.999
361,-1,0.0,71.8,89.6,323.5,0.998
361,-1,185.5,158.1,50.1,162.2,0.998
361,-1,117.1,164.6,72.2,156.1,0.997
361,-1,117.0,178.8,40.3,135.3,0.755
361,-1,122.1,180.9,25.6,98.2,0.748
361,-1,530.4,20.3,109.3,215.4,0.678
361,-1,95.3,222.0,18.0,37.6,0.191
361,-1,155.0,142.0,25.2,26.3,0.184
361,-1,527.5,75.0,39.3,71.4,0.182
361,-1,130.7,180.0,17.5,22.1,0.085
361,-1,341.1,224.8,17.4,45.4,0.065
361,-1,341.8,241.4,10.0,28.8,0.059
361,-1,332.2,232.6,12.9,35.5,0.059
361,-1,170.9,168.4,13.3,29.1,0.056
362,-1,522.8,1.0,117.2,458.3,0.999
362,-1,349.3,2.8,213.9,476.4,0.999
362,-1,178.8,154.3,59.6,163.5,0.999
362,-1,0.0,64.8,90.9,328.7,0.999
362,-1,133.2,155.8,55.9,153.5,0.996
362,-1,106.5,174.3,33.2,130.5,0.995
362,-1,322.2,228.0,13.3,34.8,0.532
362,-1,527.6,3.2,112.4,200.9,0.457
362,-1,316.4,227.0,7.1,18.8,0.302
362,-1,332.5,236.2,11.0,27.4,0.217
362,-1,182.6,221.1,14.2,45.4,0.201
362,-1,313.7,227.0,10.1,28.9,0.191
362,-1,326.9,222.4,16.3,40.7,0.121
362,-1,319.2,227.7,7.1,18.2,0.092
362,-1,324.2,226.9,11.7,22.0,0.092
362,-1,180.7,192.8,18.1,75.4,0.091
362,-1,97.3,163.3,61.3,148.7,0.091
362,-1,314.6,228.3,6.1,14.6,0.089
362,-1,315.4,226.0,13.9,37.8,0.088
362,-1,333.4,221.9,19.7,40.8,0.078
362,-1,309.4,227.0,8.8,31.7,0.069
362,-1,332.7,224.2,9.1,27.8,0.069
362,-1,332.6,236.0,9.0,14.1,0.065
362,-1,87.4,217.9,13.0,30.5,0.062
362,-1,309.7,227.7,6.1,20.5,0.057
362,-1,342.4,220.3,12.7,40.9,0.051
363,-1,346.8,4.5,220.4,475.5,0.999
363,-1,529.2,0.7,110.8,465.2,0.999
363,-1,0.2,68.7,95.9,316.1,0.999
363,-1,179.7,158.7,60.6,161.1,0.999
363,-1,138.8,154.7,51.3,156.8,0.999
363,-1,96.7,174.9,51.7,133.1,0.997
363,-1,330.6,225.9,9.7,36.5,0.607
363,-1,331.7,226.5,7.4,18.8,0.338
363,-1,536.4,1.4,103.4,238.2,0.315
363,-1,0.0,198.8,9.3,181.5,0.307
363,-1,330.7,240.4,10.7,27.0,0.277
363,-1,288.0,221.1,13.8,18.2,0.217
363,-1,287.4,220.6,7.8,17.0,0.179
363,-1,0.0,236.3,3.9,142.5,0.171
363,-1,321.2,231.0,11.9,35.3,0.141
363,-1,178.6,198.5,21.0,71.3,0.123
363,-1,287.9,221.3,14.2,45.7,0.081
363,-1,0.0,110.0,17.8,277.0,0.079
363,-1,0.0,271.0,17.3,102.9,0.062
363,-1,292.5,228.1,6.0,9.8,0.057
363,-1,0.0,272.3,62.0,118.7,0.056
363,-1,182.9,225.4,17.3,45.0,0.054
363,-1,321.9,232.1,10.6,19.2,0.050
364,-1,355.5,11.8,210.2,466.3,0.999
364,-1,0.5,75.2,103.9,327.3,0.999
364,-1,145.3,163.0,47.8,157.1,0.999
364,-1,184.4,165.5,56.8,161.2,0.998
364,-1,543.9,3.9,96.1,472.4,0.998
364,-1,89.6,178.2,53.3,137.3,0.996
364,-1,0.0,239.4,14.6,149.3,0.295
364,-1,323.2,244.6,16.3,27.8,0.238
364,-1,0.0,255.5,13.9,49.4,0.195
364,-1,305.4,237.6,11.6,36.8,0.133
364,-1,327.3,234.6,9.5,21.6,0.071
364,-1,0.0,253.6,7.3,61.7,0.060
364,-1,0.0,167.3,10.3,207.0,0.059
365,-1,356.7,13.2,206.7,466.8,0.999
365,-1,0.0,83.3,101.5,329.6,0.999
365,-1,142.1,167.8,55.6,156.3,0.999
365,-1,191.5,168.5,49.2,160.3,0.998
365,-1,548.8,21.0,91.1,456.7,0.989
365,-1,80.0,183.1,53.4,137.1,0.988
365,-1,582.5,211.9,57.5,265.8,0.369
365,-1,301.1,242.7,9.7,39.3,0.350
365,-1,322.3,250.7,10.0,25.1,0.123
365,-1,302.6,243.0,7.7,18.0,0.116
365,-1,293.2,240.3,10.2,51.0,0.064
365,-1,65.4,190.9,46.0,128.1,0.061
365,-1,309.5,240.9,9.3,33.5,0.056
365,-1,96.4,193.7,34.5,100.5,0.053
366,-1,128.7,157.5,78.6,157.5,0.999
366,-1,354.3,9.0,207.6,471.0,0.999
366,-1,194.1,156.0,46.6,158.4,0.998
366,-1,0.2,74.7,104.4,315.4,0.998
366,-1,566.0,13.4,73.6,463.9,0.997
366,-1,60.4,173.9,40.4,136.3,0.909
366,-1,70.3,191.3,45.1,114.2,0.250
366,-1,576.4,209.0,63.1,268.7,0.225
366,-1,1.1,269.5,76.8,130.5,0.215
366,-1,309.1,226.1,13.2,40.6,0.179
366,-1,309.8,228.6,9.9,24.5,0.173
366,-1,46.7,204.8,24.2,105.3,0.144
366,-1,273.7,225.5,13.8,42.2,0.139
366,-1,388.3,16.9,164.5,290.5,0.115
366,-1,88.6,198.1,27.8,96.6,0.108
366,-1,271.1,220.3,8.5,16.4,0.106
366,-1,291.6,235.0,7.3,30.7,0.061
366,-1,319.2,228.9,13.2,38.3,0.059
366,-1,56.8,182.3,21.5,84.8,0.052
367,-1,131.8,150.6,76.7,155.0,1.000
367,-1,0.0,63.6,111.5,327.4,0.999
367,-1,204.1,146.3,46.9,158.8,0.999
367,-1,357.8,3.3,213.9,476.7,0.999
367,-1,597.4,34.7,42.4,261.7,0.957
367,-1,66.8,174.6,39.6,126.5,0.778
367,-1,595.9,367.4,43.7,109.8,0.544
367,-1,358.5,200.2,59.9,270.2,0.314
367,-1,309.8,219.7,17.5,38.8,0.287
367,-1,161.5,148.8,72.0,155.7,0.268
367,-1,594.9,167.5,45.1,300.1,0.239
367,-1,294.6,226.4,11.4,34.1,0.228
367,-1,312.9,218.5,9.7,27.1,0.223
367,-1,295.2,223.5,8.7,10.7,0.118
367,-1,312.7,219.5,8.5,15.2,0.103
367,-1,0.0,262.6,85.6,127.1,0.091
367,-1,275.9,223.1,14.7,37.9,0.087
367,-1,0.0,272.9,34.7,114.3,0.085
367,-1,358.6,66.5,111.7,411.3,0.081
367,-1,56.3,190.6,22.7,108.7,0.076
367,-1,315.6,216.6,10.4,29.0,0.066
367,-1,362.8,238.5,8.2,13.0,0.060
367,-1,0.0,106.3,21.6,285.6,0.054
367,-1,296.0,223.9,11.9,17.7,0.052
368,-1,0.0,66.6,124.9,323.9,0.999
368,-1,141.3,155.3,73.7,147.7,0.999
368,-1,213.3,148.9,54.6,157.5,0.999
368,-1,377.7,7.7,211.3,470.0,0.998
368,-1,73.3,181.6,35.5,122.9,0.514
368,-1,370.7,236.4,9.3,15.0,0.308
368,-1,301.2,227.8,9.8,34.7,0.141
368,-1,371.1,208.4,53.7,250.8,0.131
368,-1,318.4,232.3,8.1,12.1,0.069
368,-1,287.0,226.2,10.9,34.4,0.064
368,-1,279.9,211.9,17.9,48.4,0.062
368,-1,303.0,225.7,7.2,15.9,0.059
369,-1,223.5,157.6,68.1,156.7,1.000
369,-1,2.2,77.4,132.5,306.1,0.999
369,-1,159.9,161.9,67.6,149.4,0.999
369,-1,384.5,9.3,211.4,470.0,0.999
369,-1,0.0,132.4,21.0,250.7,0.683
369,-1,0.0,146.5,10.5,205.6,0.663
369,-1,378.7,240.0,11.4,15.7,0.450
369,-1,0.0,154.2,21.6,123.7,0.251
369,-1,0.0,174.1,6.3,146.5,0.126
369,-1,0.0,44.2,6.7,328.5,0.079
369,-1,324.7,238.2,8.1,10.5,0.066
369,-1,1.2,151.5,45.3,178.9,0.054
369,-1,0.0,152.9,4.3,133.4,0.053
369,-1,107.2,219.5,22.3,45.1,0.052
370,-1,0.1,80.3,136.2,299.5,1.000
370,-1,382.6,5.4,222.3,474.6,0.999
370,-1,221.9,161.3,66.1,155.1,0.999
370,-1,174.3,160.9,58.1,148.9,0.999
370,-1,0.5,136.2,29.7,241.7,0.969
370,-1,177.6,217.4,18.4,52.5,0.521
370,-1,378.5,242.0,11.2,15.2,0.502
370,-1,321.8,238.8,10.4,26.0,0.354
370,-1,321.5,221.8,10.9,28.0,0.177
370,-1,0.0,188.0,24.3,146.3,0.173
370,-1,320.4,223.0,14.3,43.3,0.143
370,-1,321.7,233.2,13.5,18.2,0.083
370,-1,0.0,135.4,15.0,210.6,0.077
370,-1,0.0,137.6,23.1,116.8,0.074
370,-1,42.9,203.0,80.8,175.2,0.068
370,-1,178.7,239.3,15.9,30.4,0.065
370,-1,2.1,173.9,46.7,182.2,0.052
371,-1,379.6,0.4,233.8,479.2,0.999
371,-1,1.4,75.8,135.9,305.8,0.999
371,-1,222.3,159.4,65.0,156.5,0.999
371,-1,185.4,155.7,51.7,152.2,0.999
371,-1,175.9,218.8,18.7,49.6,0.972
371,-1,0.0,128.1,44.1,248.8,0.958
371,-1,376.5,241.8,10.9,14.4,0.603
371,-1,318.9,237.7,11.5,26.9,0.291
371,-1,0.0,103.0,22.3,272.1,0.152
371,-1,0.0,180.1,18.5,124.9,0.131
371,-1,319.8,238.3,10.1,12.2,0.126
371,-1,318.7,223.8,10.8,24.3,0.122
371,-1,0.2,113.4,11.4,187.4,0.113
371,-1,0.0,165.7,25.1,89.4,0.104
371,-1,0.0,167.6,1.8,197.7,0.080
371,-1,0.0,58.7,5.6,304.1,0.072
371,-1,0.2,269.9,44.9,101.4,0.070
372,-1,381.7,0.0,252.5,479.7,0.999
372,-1,8.1,75.5,131.7,305.0,0.999
372,-1,231.1,157.8,61.5,154.4,0.998
372,-1,192.8,158.5,53.6,149.6,0.998
372,-1,0.1,146.1,37.1,228.3,0.986
372,-1,177.6,216.5,20.6,50.5,0.938
372,-1,379.1,240.5,10.2,16.1,0.717
372,-1,0.0,152.5,1.9,224.0,0.359
372,-1,0.1,156.9,28.3,85.1,0.336
372,-1,0.0,154.5,20.2,199.7,0.177
372,-1,0.0,106.9,15.5,145.5,0.108
372,-1,320.8,232.9,9.8,17.0,0.081
372,-1,319.7,234.3,10.6,28.8,0.076
372,-1,188.3,190.7,12.3,38.7,0.070
372,-1,184.6,188.5,12.0,39.0,0.066
372,-1,181.7,197.0,23.3,70.7,0.062
372,-1,0.0,154.3,8.2,224.5,0.054
373,-1,204.5,159.7,57.1,152.0,0.999
373,-1,22.7,81.5,129.7,296.5,0.999
373,-1,250.3,155.0,52.9,157.8,0.999
373,-1,378.4,0.0,261.5,480.0,0.999
373,-1,0.0,111.8,42.9,263.9,0.989
373,-1,182.6,217.8,19.6,48.1,0.979
373,-1,384.4,239.6,10.6,16.6,0.708
373,-1,0.0,99.2,87.5,293.7,0.540
373,-1,0.0,109.1,29.6,141.4,0.461
373,-1,318.8,225.4,17.5,40.9,0.306
373,-1,323.0,223.4,11.7,25.3,0.176
373,-1,412.1,223.9,10.4,29.3,0.140
373,-1,189.8,189.9,19.6,41.5,0.112
373,-1,313.5,228.5,9.0,39.6,0.096
373,-1,186.6,198.3,19.7,54.8,0.094
373,-1,398.5,239.2,7.1,15.2,0.075
373,-1,6.0,133.1,28.7,99.3,0.066
374,-1,266.0,155.8,45.8,158.3,1.000
374,-1,28.7,83.6,131.3,309.3,0.999
374,-1,211.7,165.1,58.7,147.7,0.999
374,-1,413.5,2.9,226.1,475.0,0.995
374,-1,0.1,109.0,45.6,274.6,0.995
374,-1,186.3,219.5,21.8,50.3,0.979
374,-1,417.1,225.1,10.6,29.5,0.896
374,-1,389.3,241.5,11.1,15.7,0.703
374,-1,426.9,225.6,10.3,28.5,0.572
374,-1,421.1,225.0,10.7,29.6,0.257
374,-1,0.4,105.3,26.1,72.1,0.240
374,-1,0.8,107.0,44.2,124.8,0.200
374,-1,0.0,104.8,19.3,49.0,0.085
374,-1,0.0,135.8,7.5,249.2,0.078
374,-1,209.3,230.8,7.2,18.7,0.077
374,-1,215.1,226.8,8.7,37.2,0.066
375,-1,31.4,84.0,127.4,310.6,0.999
375,-1,274.2,155.8,43.1,157.6,0.999
375,-1,212.3,165.2,63.7,145.6,0.998
375,-1,1.0,103.1,51.0,281.5,0.997
375,-1,407.2,0.4,232.8,479.6,0.997
375,-1,189.8,218.7,21.9,48.7,0.980
375,-1,419.4,224.4,9.6,29.5,0.973
375,-1,428.5,224.5,12.3,28.9,0.845
375,-1,426.1,222.9,9.0,29.8,0.562
375,-1,435.7,221.4,10.7,30.6,0.418
375,-1,391.3,239.6,9.8,16.3,0.409
375,-1,446.9,219.9,15.1,21.9,0.379
375,-1,439.4,224.9,9.1,27.0,0.283
375,-1,446.5,222.2,10.7,25.9,0.180
375,-1,442.3,219.8,8.4,30.6,0.169
375,-1,433.0,219.8,6.5,9.2,0.163
375,-1,215.5,226.8,9.7,27.6,0.118
375,-1,241.3,158.1,61.5,154.7,0.112
375,-1,414.8,228.1,5.7,19.6,0.105
375,-1,444.4,224.2,8.2,23.7,0.096
375,-1,210.0,228.5,7.1,18.9,0.092
375,-1,221.7,230.2,5.6,18.7,0.091
375,-1,448.9,221.9,7.9,12.8,0.079
375,-1,450.1,219.0,6.5,9.9,0.075
375,-1,420.7,224.3,6.8,16.3,0.072
375,-1,445.5,207.7,15.4,40.3,0.071
375,-1,451.3,211.4,10.2,21.8,0.059
375,-1,2.6,100.7,51.1,151.0,0.056
375,-1,566.4,0.4,71.8,67.6,0.055
375,-1,413.9,210.1,74.5,262.7,0.052
376,-1,30.1,79.8,136.4,307.9,1.000
376,-1,219.6,164.7,57.5,146.3,0.999
376,-1,273.6,158.0,49.7,156.8,0.999
376,-1,0.0,100.6,58.8,288.1,0.996
376,-1,430.0,0.4,210.0,479.6,0.994
376,-1,445.7,194.9,28.8,86.7,0.983
376,-1,188.2,216.9,21.6,48.9,0.980
376,-1,419.7,222.7,10.5,29.9,0.965
376,-1,429.4,223.6,12.0,28.9,0.926
376,-1,391.9,238.6,9.6,16.6,0.576
376,-1,434.0,221.3,10.4,30.6,0.535
376,-1,458.6,197.1,22.8,81.1,0.329
376,-1,425.4,224.5,7.4,27.4,0.306
376,-1,414.8,220.6,6.0,25.5,0.288
376,-1,417.3,221.3,8.5,29.1,0.193
376,-1,406.2,237.7,5.9,15.0,0.111
376,-1,438.5,222.2,7.6,29.3,0.107
376,-1,322.7,225.9,18.0,40.7,0.104
376,-1,0.0,99.1,48.3,60.7,0.089
376,-1,1.1,101.0,58.2,142.4,0.059
377,-1,35.0,75.0,136.6,308.8,1.000
377,-1,274.6,158.3,53.7,156.7,0.998
377,-1,0.0,100.5,63.7,288.2,0.998
377,-1,228.7,162.7,48.0,142.5,0.998
377,-1,447.0,197.6,18.8,78.1,0.994
377,-1,460.1,1.7,177.4,478.3,0.994
377,-1,186.0,215.1,21.4,49.8,0.985
377,-1,457.2,196.6,29.4,86.5,0.984
377,-1,418.4,222.4,10.4,29.2,0.947
377,-1,429.2,223.2,10.9,28.5,0.841
377,-1,434.4,220.1,10.9,31.2,0.408
377,-1,425.1,223.9,7.8,27.3,0.402
377,-1,391.7,237.8,9.5,15.8,0.393
377,-1,465.7,149.2,32.2,128.5,0.152
377,-1,428.9,222.5,6.2,22.7,0.113
377,-1,324.1,231.9,12.7,29.5,0.064
377,-1,415.8,222.1,7.8,27.1,0.062
377,-1,439.0,224.1,8.1,26.5,0.053
378,-1,46.9,71.5,129.0,308.5,0.999
378,-1,279.2,160.1,51.8,155.9,0.998
378,-1,235.3,160.4,45.5,145.8,0.998
378,-1,0.2,96.4,64.5,284.0,0.997
378,-1,461.1,4.9,176.7,473.0,0.996
378,-1,460.7,195.7,28.0,88.1,0.995
378,-1,447.0,198.9,19.7,77.3,0.993
378,-1,184.9,215.4,21.1,49.4,0.983
378,-1,417.1,222.6,10.6,30.0,0.976
378,-1,428.3,224.5,9.5,28.4,0.942
378,-1,390.9,238.7,9.8,14.2,0.669
378,-1,415.3,221.6,6.1,27.1,0.572
378,-1,434.5,222.4,8.7,27.6,0.423
378,-1,0.3,179.3,15.7,208.5,0.176
378,-1,438.5,222.1,7.5,28.3,0.175
378,-1,515.4,1.4,123.4,314.6,0.128
378,-1,221.1,221.2,13.1,25.7,0.068
378,-1,0.3,105.1,27.0,287.9,0.066
378,-1,443.2,222.7,5.9,24.7,0.050
379,-1,45.2,66.7,128.6,311.0,1.000
379,-1,284.0,155.4,52.3,155.2,0.999
379,-1,237.3,159.1,44.0,147.0,0.998
379,-1,0.0,100.2,58.0,277.3,0.993
379,-1,459.2,192.0,30.0,87.2,0.992
379,-1,506.6,165.7,46.8,96.2,0.988
379,-1,500.1,13.9,139.9,466.1,0.987
379,-1,446.8,193.2,19.3,82.2,0.976
379,-1,181.9,213.2,21.8,50.4,0.970
379,-1,415.4,221.5,10.4,29.2,0.959
379,-1,425.9,222.7,9.9,28.2,0.934
379,-1,389.5,237.4,9.9,14.7,0.543
379,-1,431.0,222.0,11.8,27.6,0.430
379,-1,0.1,205.4,9.6,186.9,0.210
379,-1,420.4,221.0,11.4,29.4,0.199
379,-1,233.8,215.9,15.0,51.6,0.124
379,-1,436.8,222.2,7.8,26.1,0.123
379,-1,13.7,74.2,110.7,307.0,0.099
379,-1,534.9,35.0,105.1,274.4,0.091
379,-1,0.1,331.8,6.2,61.9,0.089
379,-1,465.8,145.5,30.1,113.1,0.088
379,-1,0.1,292.4,4.7,96.9,0.052
379,-1,220.9,224.5,8.3,14.1,0.051
380,-1,40.9,70.6,129.8,315.5,1.000
380,-1,293.6,158.3,43.0,152.4,0.999
380,-1,238.2,162.8,53.6,145.7,0.998
380,-1,504.7,165.3,65.0,157.4,0.997
380,-1,0.0,87.6,54.0,294.5,0.989
380,-1,449.9,195.2,36.9,87.7,0.988
380,-1,412.4,224.9,10.5,29.4,0.985
380,-1,530.2,36.4,108.7,439.5,0.983
380,-1,178.5,216.4,19.9,49.8,0.979
380,-1,422.0,224.9,10.9,29.7,0.935
380,-1,444.4,200.2,22.7,79.1,0.896
380,-1,432.1,224.2,9.0,28.8,0.743
380,-1,425.9,223.9,11.8,29.7,0.681
380,-1,386.2,240.1,10.7,15.1,0.612
380,-1,555.4,53.2,84.1,271.4,0.529
380,-1,428.2,218.4,15.4,35.5,0.379
380,-1,398.6,231.9,8.6,21.4,0.372
380,-1,230.9,216.5,17.5,54.4,0.278
380,-1,427.9,225.8,7.5,23.1,0.225
380,-1,219.8,227.8,8.8,20.2,0.215
380,-1,388.0,227.7,18.9,27.2,0.200
380,-1,419.7,226.5,8.8,27.0,0.188
380,-1,410.8,224.1,7.9,29.3,0.161
380,-1,440.8,230.8,7.9,21.9,0.112
380,-1,429.7,221.2,8.3,26.0,0.081
380,-1,0.0,243.1,28.6,138.3,0.064
380,-1,456.6,227.8,24.0,55.0,0.064
380,-1,431.3,220.9,6.6,14.3,0.059
380,-1,436.9,219.8,10.7,19.5,0.056
380,-1,212.9,224.4,7.5,18.8,0.054
381,-1,293.8,161.2,46.2,158.2,1.000
381,-1,38.6,74.8,125.0,325.7,0.999
381,-1,235.8,167.2,63.3,144.7,0.997
381,-1,505.7,163.7,74.6,169.8,0.997
381,-1,458.0,197.7,26.9,88.6,0.996
381,-1,174.1,218.8,20.7,51.7,0.980
381,-1,0.2,92.3,47.5,297.8,0.977
381,-1,409.4,228.2,11.3,28.8,0.968
381,-1,444.4,204.3,20.9,78.1,0.962
381,-1,552.6,56.1,87.4,423.9,0.919
381,-1,419.8,227.2,10.3,30.0,0.908
381,-1,421.5,220.9,18.1,36.4,0.604
381,-1,423.4,229.5,9.9,28.0,0.580
381,-1,426.4,222.8,10.8,30.3,0.482
381,-1,439.2,224.4,8.2,31.8,0.465
381,-1,227.6,214.5,19.7,59.0,0.359
381,-1,414.1,227.9,10.7,28.9,0.312
381,-1,383.3,242.2,10.4,16.0,0.269
381,-1,430.4,226.8,8.8,28.7,0.155
381,-1,208.4,223.1,9.1,26.4,0.152
381,-1,405.7,227.1,8.8,28.7,0.141
381,-1,264.7,164.4,60.9,151.0,0.127
381,-1,213.7,223.3,11.0,27.8,0.119
381,-1,575.8,76.6,64.0,251.7,0.103
381,-1,217.0,231.0,7.9,20.7,0.088
381,-1,231.3,215.7,15.8,30.8,0.069
381,-1,0.3,85.5,29.3,84.9,0.061
381,-1,552.9,291.6,87.1,188.4,0.054
382,-1,30.6,72.9,126.8,333.9,0.999
382,-1,293.3,159.5,50.2,157.7,0.999
382,-1,506.1,162.3,86.6,172.0,0.999
382,-1,231.9,170.2,62.8,142.7,0.999
382,-1,456.6,196.7,28.3,87.4,0.994
382,-1,169.4,217.5,20.4,51.4,0.993
382,-1,405.1,225.3,11.8,29.9,0.989
382,-1,570.2,133.9,68.7,345.5,0.977
382,-1,0.0,103.4,40.5,289.6,0.961
382,-1,443.1,201.2,20.3,78.1,0.936
382,-1,416.4,222.9,10.0,32.0,0.853
382,-1,379.7,240.8,11.3,16.4,0.715
382,-1,437.1,220.0,9.6,35.4,0.652
382,-1,427.1,225.0,8.9,28.6,0.501
382,-1,421.0,223.7,11.9,29.4,0.358
382,-1,204.4,224.4,9.4,23.6,0.255
382,-1,432.4,223.1,11.0,30.6,0.200
382,-1,214.5,228.4,6.6,21.6,0.134
382,-1,569.8,320.1,70.2,159.0,0.109
382,-1,381.9,228.6,11.5,25.7,0.093
382,-1,417.5,222.3,7.1,19.6,0.084
382,-1,195.0,226.2,11.6,39.1,0.075
382,-1,424.6,223.2,8.1,20.9,0.072
382,-1,190.2,223.5,7.1,23.4,0.071
382,-1,454.2,150.8,32.0,54.6,0.070
382,-1,381.8,222.9,8.6,17.3,0.063
382,-1,390.3,230.7,10.7,22.8,0.060
382,-1,400.2,220.5,7.5,28.7,0.054
383,-1,499.6,161.8,93.5,181.2,1.000
383,-1,21.5,75.1,125.1,334.4,1.000
383,-1,227.3,170.6,60.3,146.4,0.999
383,-1,291.0,164.0,56.1,156.3,0.999
383,-1,453.7,198.1,29.7,89.2,0.987
383,-1,398.7,224.4,12.2,32.1,0.980
383,-1,161.8,218.4,22.1,53.1,0.979
383,-1,0.0,67.9,37.0,353.2,0.957
383,-1,590.6,234.4,49.4,245.6,0.917
383,-1,439.8,203.7,20.4,77.4,0.915
383,-1,410.8,226.3,10.6,30.5,0.867
383,-1,375.1,240.3,9.4,18.2,0.740
383,-1,431.7,221.3,11.3,35.8,0.685
383,-1,417.7,223.3,10.2,30.8,0.641
383,-1,420.6,223.1,11.4,32.5,0.474
383,-1,198.5,225.5,8.6,24.6,0.248
383,-1,404.1,224.4,14.0,32.4,0.205
383,-1,426.3,222.0,8.5,31.3,0.193
383,-1,614.4,232.9,25.5,98.6,0.112
383,-1,432.9,212.6,17.6,62.9,0.082
383,-1,410.0,221.8,7.3,27.5,0.068
383,-1,387.8,233.4,7.8,22.4,0.068
383,-1,431.4,221.8,8.2,21.3,0.055
384,-1,285.7,162.0,55.9,156.4,1.000
384,-1,230.0,166.6,56.8,146.1,0.999
384,-1,506.7,153.9,86.6,185.4,0.999
384,-1,4.2,71.0,126.5,335.8,0.999
384,-1,441.8,197.7,37.0,85.2,0.995
384,-1,151.1,215.8,21.5,53.9,0.987
384,-1,390.5,222.8,11.9,29.7,0.968
384,-1,432.7,196.7,20.9,78.8,0.952
384,-1,0.0,133.2,23.6,279.9,0.935
384,-1,399.8,222.9,11.8,30.4,0.781
384,-1,436.7,219.6,13.4,54.9,0.691
384,-1,424.9,220.3,10.6,33.8,0.610
384,-1,408.3,223.0,9.6,25.3,0.522
384,-1,367.5,238.2,8.6,17.9,0.472
384,-1,413.4,223.3,8.3,28.1,0.410
384,-1,393.4,222.3,15.6,31.3,0.386
384,-1,0.1,124.0,18.9,157.9,0.250
384,-1,404.4,222.2,9.9,26.4,0.246
384,-1,403.7,218.4,16.1,34.8,0.136
384,-1,0.5,107.0,43.3,324.8,0.133
384,-1,0.2,159.8,16.3,188.3,0.131
384,-1,402.7,222.4,7.8,21.0,0.128
384,-1,420.3,227.4,8.5,23.3,0.109
384,-1,423.3,225.1,8.5,27.1,0.100
384,-1,0.1,174.0,8.1,235.7,0.092
384,-1,415.2,217.6,18.1,35.3,0.091
384,-1,176.4,223.0,13.4,41.7,0.091
384,-1,171.8,221.7,7.5,23.5,0.078
384,-1,400.4,223.0,7.0,16.0,0.074
384,-1,411.4,222.6,6.9,14.6,0.062
384,-1,0.0,102.8,32.2,198.1,0.061
384,-1,198.6,229.9,9.6,19.2,0.056
385,-1,512.2,148.1,82.2,191.8,1.000
385,-1,0.7,61.7,126.2,336.8,0.999
385,-1,282.8,160.4,55.2,154.4,0.999
385,-1,236.8,163.4,48.8,148.8,0.999
385,-1,444.4,197.1,33.0,84.3,0.987
385,-1,147.2,215.2,22.6,53.6,0.982
385,-1,387.8,221.1,13.0,29.7,0.959
385,-1,0.0,125.2,20.7,270.1,0.952
385,-1,431.6,196.2,21.6,75.3,0.899
385,-1,400.4,221.1,13.4,30.1,0.767
385,-1,421.7,216.4,12.1,36.6,0.732
385,-1,0.0,122.9,17.1,165.0,0.425
385,-1,173.6,223.3,13.2,34.1,0.355
385,-1,435.0,229.9,13.9,43.4,0.319
385,-1,405.3,218.2,11.3,28.1,0.269
385,-1,392.5,221.3,15.3,30.4,0.264
385,-1,412.4,218.6,11.2,31.0,0.220
385,-1,191.1,226.3,5.9,19.4,0.208
385,-1,0.0,148.8,11.0,254.6,0.201
385,-1,194.8,225.3,8.1,22.2,0.179
385,-1,364.2,238.4,9.7,15.8,0.176
385,-1,407.5,216.7,8.9,17.6,0.174
385,-1,416.7,217.5,11.9,32.2,0.151
385,-1,0.0,98.6,39.5,300.9,0.125
385,-1,183.8,221.2,8.5,20.3,0.099
385,-1,0.1,88.7,12.4,157.6,0.097
385,-1,402.2,219.9,9.0,17.4,0.096
385,-1,0.1,173.5,5.0,112.4,0.086
385,-1,408.2,213.4,7.8,8.1,0.085
385,-1,399.5,216.6,7.9,13.4,0.081
385,-1,188.3,225.0,7.0,19.9,0.076
385,-1,414.7,216.4,7.4,21.3,0.067
385,-1,406.7,215.3,7.8,9.3,0.061
385,-1,172.0,218.4,18.7,51.1,0.055
385,-1,386.0,217.7,9.9,31.3,0.055
386,-1,522.5,143.7,63.1,205.9,0.999
386,-1,0.2,61.8,122.2,340.7,0.999
386,-1,287.2,158.6,51.9,155.0,0.999
386,-1,237.6,162.7,48.3,146.5,0.998
386,-1,436.4,194.6,36.1,85.7,0.989
386,-1,382.1,221.0,12.9,29.7,0.984
386,-1,139.4,214.0,23.3,54.4,0.979
386,-1,426.9,195.9,21.5,77.0,0.962
386,-1,394.8,220.6,13.3,30.1,0.951
386,-1,0.0,164.3,9.6,231.4,0.692
386,-1,416.3,215.5,12.7,36.6,0.637
386,-1,0.2,95.6,16.0,300.5,0.586
386,-1,165.4,223.5,13.8,26.4,0.495
386,-1,406.1,220.6,9.5,28.7,0.441
386,-1,413.9,199.2,17.3,53.8,0.340
386,-1,409.1,219.2,11.1,29.9,0.328
386,-1,357.9,238.4,10.5,15.5,0.297
386,-1,413.0,217.5,10.1,31.8,0.295
386,-1,399.6,219.6,12.4,29.7,0.287
386,-1,392.3,223.0,10.5,27.5,0.178
386,-1,431.0,225.0,12.4,47.9,0.172
386,-1,0.0,81.9,26.6,224.5,0.149
386,-1,182.6,224.6,7.1,20.3,0.145
386,-1,143.6,214.8,17.7,27.5,0.142
386,-1,163.7,221.5,16.1,48.7,0.123
386,-1,411.4,219.9,7.2,21.6,0.113
386,-1,163.6,222.6,7.0,23.6,0.080
386,-1,413.0,217.8,7.2,19.3,0.080
386,-1,417.6,220.5,7.0,29.2,0.080
386,-1,161.9,219.9,6.9,21.5,0.072
386,-1,0.0,84.2,9.6,199.8,0.063
386,-1,0.0,197.2,2.3,181.8,0.057
386,-1,179.1,224.2,8.5,20.8,0.054
386,-1,401.3,218.4,8.3,20.8,0.053
387,-1,521.6,139.7,69.9,216.2,1.000
387,-1,286.1,152.8,48.2,158.2,1.000
387,-1,0.7,52.8,116.1,349.3,0.999
387,-1,236.2,160.5,53.8,149.4,0.998
387,-1,437.1,191.2,27.5,86.3,0.993
387,-1,386.7,217.5,13.7,31.7,0.978
387,-1,130.0,214.2,19.5,52.3,0.978
387,-1,374.0,218.8,11.5,29.2,0.961
387,-1,421.6,194.8,21.8,78.5,0.960
387,-1,409.8,217.8,11.7,31.1,0.753
387,-1,417.5,148.9,47.3,125.9,0.626
387,-1,398.3,219.6,8.5,27.5,0.509
387,-1,351.4,223.8,13.5,26.0,0.397
387,-1,384.8,222.6,9.0,25.7,0.350
387,-1,362.3,225.5,7.8,22.9,0.347
387,-1,350.8,236.1,9.2,15.7,0.273
387,-1,401.7,221.0,10.4,25.5,0.268
387,-1,381.1,224.0,7.5,24.0,0.199
387,-1,129.4,232.5,11.3,33.3,0.196
387,-1,405.4,218.1,11.8,29.4,0.183
387,-1,413.0,218.9,8.1,13.2,0.163
387,-1,172.8,224.2,7.2,19.1,0.149
387,-1,154.6,221.0,14.8,33.9,0.148
387,-1,370.8,217.7,8.2,28.5,0.125
387,-1,396.1,214.1,15.4,34.1,0.117
387,-1,134.2,212.4,15.6,28.2,0.116
387,-1,423.5,219.1,16.1,51.4,0.090
387,-1,392.4,217.3,8.6,21.8,0.088
387,-1,408.1,219.4,8.5,17.6,0.083
387,-1,0.0,106.6,6.2,288.7,0.080
387,-1,168.0,220.6,9.5,22.8,0.075
387,-1,395.2,218.8,7.9,22.5,0.075
387,-1,392.7,210.7,6.9,8.3,0.074
387,-1,353.6,222.7,22.1,26.3,0.071
387,-1,352.9,222.6,11.1,10.0,0.064
387,-1,165.2,218.8,8.6,24.6,0.061
387,-1,384.6,213.8,7.4,13.8,0.057
387,-1,393.3,215.5,8.0,11.3,0.055
388,-1,521.9,140.7,71.2,223.7,1.000
388,-1,0.8,45.4,113.1,365.1,0.999
388,-1,285.7,154.9,44.1,157.6,0.999
388,-1,232.7,164.5,54.7,146.2,0.999
388,-1,431.0,194.7,27.5,84.8,0.987
388,-1,416.9,194.6,21.6,78.9,0.980
388,-1,123.1,213.7,21.7,55.2,0.980
388,-1,368.9,221.0,12.1,28.9,0.968
388,-1,382.3,221.8,13.0,28.3,0.963
388,-1,404.4,216.7,13.1,33.2,0.794
388,-1,418.0,143.9,41.1,134.8,0.578
388,-1,393.4,222.5,8.2,25.6,0.564
388,-1,160.5,221.3,9.0,24.1,0.353
388,-1,168.9,223.9,7.2,20.8,0.339
388,-1,345.7,237.2,9.2,16.6,0.308
388,-1,255.1,158.0,51.8,154.4,0.274
388,-1,150.6,222.3,10.8,31.7,0.245
388,-1,381.3,222.3,8.3,27.1,0.227
388,-1,420.3,222.8,15.8,49.6,0.209
388,-1,126.0,214.7,20.4,29.0,0.205
388,-1,388.9,212.0,18.3,37.6,0.164
388,-1,399.8,217.1,7.0,23.5,0.144
388,-1,380.2,215.7,7.7,10.6,0.139
388,-1,397.7,221.0,9.6,26.8,0.134
388,-1,164.4,223.6,7.4,21.3,0.107
388,-1,388.3,218.5,8.2,14.3,0.099
388,-1,397.0,217.9,7.5,21.1,0.070
388,-1,402.5,219.8,10.1,28.8,0.068
388,-1,424.0,238.6,13.2,34.5,0.055
389,-1,524.1,137.1,72.8,240.7,0.999
389,-1,276.0,164.7,57.3,156.2,0.999
389,-1,0.8,59.1,104.6,362.9,0.999
389,-1,226.9,171.6,54.6,147.8,0.999
389,-1,429.5,204.5,21.9,79.6,0.986
389,-1,113.5,219.0,22.1,55.3,0.968
389,-1,411.1,200.6,23.5,77.4,0.968
389,-1,375.2,224.5,13.8,31.0,0.860
389,-1,363.2,223.8,13.0,31.5,0.857
389,-1,114.1,243.1,16.8,31.6,0.490
389,-1,398.3,222.5,13.6,30.8,0.481
389,-1,117.9,218.8,17.6,29.8,0.308
389,-1,416.8,232.3,15.2,43.9,0.245
389,-1,350.5,210.9,19.4,44.5,0.148
389,-1,387.6,224.1,8.4,24.1,0.134
389,-1,339.5,242.7,9.8,15.0,0.122
389,-1,401.1,223.5,10.4,19.4,0.114
389,-1,413.2,236.6,13.2,38.8,0.091
389,-1,85.7,231.3,19.8,26.1,0.086
389,-1,154.6,228.5,9.8,22.0,0.085
389,-1,412.5,201.8,20.5,40.8,0.082
389,-1,393.2,221.5,7.8,22.3,0.069
389,-1,410.4,239.9,7.9,16.3,0.065
389,-1,337.8,206.9,19.2,47.6,0.060
389,-1,0.1,61.3,15.7,372.8,0.056
389,-1,410.6,153.1,37.4,117.3,0.056
389,-1,377.5,219.1,11.4,19.4,0.053
390,-1,0.1,59.7,94.0,351.0,1.000
390,-1,516.8,126.2,82.8,249.5,0.999
390,-1,269.5,164.5,53.3,152.8,0.999
390,-1,222.4,167.1,53.9,150.3,0.998
390,-1,417.7,198.8,26.6,82.0,0.987
390,-1,103.3,216.1,21.9,55.8,0.944
390,-1,404.7,198.1,20.9,74.3,0.918
390,-1,366.7,221.7,13.5,30.3,0.883
390,-1,354.2,220.8,13.0,30.1,0.718
390,-1,392.1,218.8,12.2,34.3,0.539
390,-1,104.6,215.5,20.9,28.3,0.459
390,-1,104.0,240.6,18.7,31.0,0.210
390,-1,409.8,220.1,14.1,52.0,0.199
390,-1,331.3,238.5,9.5,16.2,0.140
390,-1,379.4,220.7,8.0,26.0,0.137
390,-1,153.6,225.9,7.2,20.9,0.134
390,-1,370.5,216.4,11.4,26.7,0.132
390,-1,359.9,220.6,13.6,30.9,0.130
390,-1,386.6,202.3,18.2,45.7,0.109
390,-1,404.0,181.8,38.6,93.5,0.098
390,-1,390.7,219.4,8.6,29.9,0.092
390,-1,143.6,227.2,8.3,20.3,0.091
390,-1,393.3,219.2,9.2,15.4,0.078
390,-1,365.2,216.2,9.5,13.2,0.067
390,-1,385.2,218.3,8.6,24.8,0.065
390,-1,388.7,217.3,9.9,21.8,0.064
390,-1,389.8,218.0,8.1,11.4,0.060
390,-1,408.4,235.7,11.2,36.4,0.058
390,-1,130.9,224.5,12.1,24.6,0.057
390,-1,393.5,200.4,9.1,14.3,0.056
391,-1,508.8,114.9,97.8,262.9,0.999
391,-1,0.2,52.0,79.2,359.5,0.999
391,-1,216.7,165.5,50.4,144.7,0.999
391,-1,262.0,161.7,55.4,155.8,0.998
391,-1,407.8,203.4,23.7,73.2,0.988
391,-1,88.4,213.5,22.6,55.2,0.979
391,-1,356.7,219.4,12.5,30.2,0.958
391,-1,395.5,198.7,21.1,72.5,0.911
391,-1,343.4,221.8,10.3,27.5,0.850
391,-1,380.1,216.8,12.2,32.5,0.835
391,-1,390.7,144.4,38.1,129.2,0.775
391,-1,367.9,217.5,8.2,30.3,0.687
391,-1,396.9,227.4,13.5,42.6,0.530
391,-1,348.8,224.6,8.1,23.6,0.461
391,-1,341.3,213.1,17.9,36.0,0.426
391,-1,352.8,226.2,6.9,22.1,0.261
391,-1,350.8,214.4,10.7,34.5,0.224
391,-1,372.3,217.4,9.8,29.5,0.211
391,-1,59.3,229.9,20.1,36.8,0.210
391,-1,379.1,217.4,7.6,30.3,0.184
391,-1,320.5,237.4,8.3,13.4,0.173
391,-1,352.1,214.0,9.2,15.6,0.162
391,-1,128.5,222.6,11.3,22.4,0.157
391,-1,359.1,214.1,15.6,35.0,0.143
391,-1,353.8,220.8,10.7,28.3,0.129
391,-1,365.3,222.3,6.2,25.1,0.124
391,-1,115.5,222.6,12.4,29.1,0.123
391,-1,387.0,217.8,8.1,28.6,0.111
391,-1,332.3,203.7,18.9,45.4,0.098
391,-1,365.4,206.0,19.1,41.4,0.094
391,-1,375.3,214.8,6.6,12.5,0.084
391,-1,90.4,212.8,20.1,22.0,0.074
391,-1,348.3,207.6,10.2,17.6,0.051
392,-1,498.2,108.9,126.8,275.8,0.999
392,-1,213.0,162.9,50.9,145.3,0.999
392,-1,259.5,162.0,54.1,151.5,0.999
392,-1,0.4,71.0,66.3,340.1,0.998
392,-1,392.3,192.7,35.2,80.9,0.988
392,-1,78.9,212.3,21.1,56.5,0.973
392,-1,349.3,217.4,13.0,32.1,0.970
392,-1,387.2,196.3,20.8,73.8,0.908
392,-1,335.7,221.0,11.3,27.6,0.878
392,-1,372.9,216.4,12.5,33.0,0.824
392,-1,359.8,216.6,9.9,30.4,0.781
392,-1,121.9,222.6,9.3,22.1,0.574
392,-1,107.6,220.0,13.0,39.9,0.418
392,-1,80.4,212.3,20.4,30.3,0.288
392,-1,366.9,214.3,8.0,28.6,0.278
392,-1,314.1,235.0,8.1,16.8,0.221
392,-1,343.5,213.6,10.9,33.8,0.209
392,-1,346.3,212.7,8.2,15.5,0.172
392,-1,313.5,199.0,20.6,48.8,0.161
392,-1,367.6,213.6,6.7,12.5,0.147
392,-1,370.1,214.6,10.0,31.7,0.146
392,-1,344.4,224.7,8.1,22.8,0.139
392,-1,334.2,204.4,20.2,43.5,0.125
392,-1,47.8,229.5,19.8,38.5,0.104
392,-1,356.2,206.2,15.8,40.8,0.098
392,-1,329.7,211.8,7.5,29.8,0.096
392,-1,375.4,218.4,9.1,17.0,0.087
392,-1,372.7,213.2,8.8,14.1,0.082
392,-1,364.0,213.5,8.0,30.2,0.076
392,-1,321.1,203.5,18.5,45.1,0.072
392,-1,352.3,211.5,10.9,19.9,0.062
392,-1,107.3,221.4,11.5,22.6,0.058
392,-1,182.1,187.0,19.5,22.2,0.055
392,-1,370.8,213.9,7.4,12.6,0.052
392,-1,353.8,209.9,7.3,13.6,0.052
392,-1,339.8,207.9,21.8,41.5,0.051
392,-1,324.5,200.2,9.8,35.0,0.050
393,-1,490.9,109.0,148.1,297.0,1.000
393,-1,258.0,163.0,54.7,149.6,0.999
393,-1,208.3,164.3,47.6,146.6,0.998
393,-1,0.5,63.6,52.8,372.6,0.994
393,-1,387.0,200.5,32.9,78.2,0.984
393,-1,67.2,215.8,22.1,59.4,0.982
393,-1,342.0,219.4,13.1,33.3,0.967
393,-1,327.9,220.5,12.7,31.4,0.879
393,-1,364.5,220.0,12.4,31.5,0.815
393,-1,354.9,222.3,8.0,27.5,0.745
393,-1,381.6,205.2,19.1,67.8,0.592
393,-1,306.3,238.9,9.0,16.4,0.497
393,-1,385.1,222.9,12.4,49.3,0.432
393,-1,374.5,218.5,11.2,31.6,0.399
393,-1,369.2,222.0,9.5,30.0,0.336
393,-1,359.3,218.0,8.0,28.0,0.286
393,-1,333.1,221.9,9.8,30.2,0.214
393,-1,348.6,219.8,10.7,31.1,0.162
393,-1,360.5,218.8,6.2,17.6,0.155
393,-1,69.0,215.3,21.9,31.5,0.150
393,-1,115.4,227.1,8.1,21.0,0.137
393,-1,67.0,234.3,16.3,39.8,0.116
393,-1,361.7,218.2,9.2,27.1,0.106
393,-1,304.7,205.2,17.9,49.1,0.103
393,-1,255.3,192.0,17.6,74.5,0.098
393,-1,367.0,222.3,9.2,19.0,0.097
393,-1,365.7,221.0,8.3,14.4,0.095
393,-1,110.7,220.0,13.0,28.2,0.095
393,-1,366.8,228.5,8.7,21.3,0.086
393,-1,323.0,217.2,8.9,32.7,0.084
393,-1,125.2,227.2,7.0,20.4,0.071
393,-1,96.1,223.4,13.4,38.9,0.067
393,-1,318.7,228.0,7.6,24.0,0.062
393,-1,396.0,231.7,18.0,46.2,0.060
393,-1,259.1,163.4,31.2,112.9,0.052
394,-1,259.8,162.5,52.9,150.4,0.999
394,-1,208.6,164.7,48.6,148.2,0.999
394,-1,489.2,105.2,149.2,307.0,0.999
394,-1,0.8,69.5,51.2,357.6,0.996
394,-1,66.0,216.3,21.5,59.3,0.976
394,-1,391.4,201.6,28.7,77.8,0.965
394,-1,341.5,222.0,13.5,31.9,0.940
394,-1,328.1,222.7,11.1,31.1,0.908
394,-1,381.5,207.4,19.1,66.8,0.736
394,-1,365.5,221.3,12.8,31.9,0.684
394,-1,353.5,220.7,9.8,30.7,0.634
394,-1,306.6,239.6,8.9,16.6,0.397
394,-1,349.1,221.2,9.8,30.5,0.313
394,-1,68.0,217.1,22.0,29.5,0.274
394,-1,337.3,218.0,11.9,34.7,0.250
394,-1,334.8,224.1,7.8,27.8,0.166
394,-1,359.5,220.0,6.7,21.8,0.149
394,-1,95.0,224.6,13.4,41.8,0.133
394,-1,345.6,216.8,16.9,35.7,0.114
394,-1,320.6,214.0,16.3,40.0,0.113
394,-1,373.1,222.8,7.9,27.7,0.111
394,-1,479.5,201.6,20.5,56.6,0.104
394,-1,367.9,222.8,8.1,15.6,0.104
394,-1,362.5,220.7,9.0,28.4,0.102
394,-1,386.0,234.9,12.8,38.7,0.089
394,-1,65.5,236.2,15.8,38.9,0.085
394,-1,358.8,219.7,9.8,30.1,0.076
394,-1,377.9,237.4,8.6,12.6,0.075
394,-1,364.9,222.1,9.0,17.8,0.071
394,-1,338.3,230.1,7.4,22.4,0.070
394,-1,306.6,212.7,19.8,41.3,0.070
394,-1,486.8,209.4,11.9,47.0,0.069
394,-1,318.6,227.1,7.4,25.2,0.062
394,-1,350.4,221.5,7.8,18.9,0.056
394,-1,375.2,221.2,8.9,28.4,0.053
394,-1,369.9,233.1,7.9,20.4,0.050
395,-1,482.3,94.1,156.9,332.8,0.999
395,-1,205.7,164.2,56.3,148.0,0.999
395,-1,255.5,159.5,49.1,151.1,0.999
395,-1,381.0,195.8,35.2,79.9,0.989
395,-1,55.7,212.7,22.7,59.4,0.985
395,-1,333.9,218.0,14.1,32.0,0.965
395,-1,0.0,27.0,36.4,426.4,0.950
395,-1,236.4,159.8,47.7,151.6,0.867
395,-1,377.2,195.4,23.9,75.7,0.857
395,-1,344.7,217.8,12.0,30.0,0.837
395,-1,358.0,217.1,13.8,31.6,0.775
395,-1,319.5,218.7,11.6,29.9,0.608
395,-1,324.3,203.6,14.6,40.8,0.367
395,-1,367.0,217.7,10.7,30.9,0.332
395,-1,378.3,212.3,14.1,56.6,0.286
395,-1,338.5,215.9,14.7,33.0,0.267
395,-1,359.4,217.7,10.1,13.2,0.207
395,-1,0.4,83.1,48.5,246.6,0.188
395,-1,0.0,96.2,36.8,132.9,0.179
395,-1,347.8,215.3,15.3,33.0,0.175
395,-1,349.0,215.5,9.0,27.3,0.162
395,-1,368.1,230.9,13.4,18.1,0.146
395,-1,81.3,219.9,24.1,56.3,0.126
395,-1,323.5,205.5,16.1,21.0,0.122
395,-1,352.1,214.9,8.3,23.8,0.121
395,-1,329.9,220.9,9.7,27.1,0.117
395,-1,85.8,220.8,12.8,50.1,0.110
395,-1,481.1,223.2,7.6,31.9,0.107
395,-1,436.0,214.2,9.2,24.4,0.104
395,-1,373.3,230.5,7.3,17.3,0.085
395,-1,332.8,229.6,7.4,18.1,0.074
395,-1,316.8,196.2,21.2,51.4,0.070
395,-1,299.7,236.4,8.5,15.4,0.067
395,-1,356.9,217.5,10.6,22.3,0.067
395,-1,0.8,51.3,72.0,424.6,0.065
395,-1,352.5,213.9,7.2,12.0,0.062
395,-1,346.3,210.7,9.0,7.6,0.056
395,-1,96.7,222.9,11.1,23.0,0.054
395,-1,311.9,223.0,9.0,25.4,0.053
395,-1,326.4,221.1,9.1,26.6,0.052
395,-1,336.8,214.5,9.6,19.2,0.051
396,-1,256.4,161.1,45.4,154.9,1.000
396,-1,486.4,87.4,152.5,364.2,0.999
396,-1,200.4,167.3,63.3,146.6,0.999
396,-1,370.8,198.7,39.5,80.7,0.985
396,-1,47.0,214.3,22.1,59.9,0.960
396,-1,0.0,22.0,28.2,434.8,0.950
396,-1,329.4,220.1,13.6,33.0,0.936
396,-1,369.5,200.4,22.6,72.0,0.921
396,-1,313.8,221.3,12.2,29.9,0.718
396,-1,352.6,218.9,12.6,31.0,0.703
396,-1,0.1,88.7,22.1,127.6,0.697
396,-1,342.0,220.5,10.6,29.5,0.495
396,-1,325.2,215.3,10.0,34.7,0.403
396,-1,46.8,235.3,15.4,38.0,0.376
396,-1,326.7,215.9,7.3,17.9,0.343
396,-1,354.9,220.5,9.5,12.8,0.264
396,-1,323.8,222.5,7.0,27.4,0.231
396,-1,48.7,214.4,22.4,32.8,0.218
396,-1,337.9,220.2,10.4,29.7,0.189
396,-1,78.1,223.3,11.1,34.5,0.174
396,-1,0.0,231.5,24.4,108.3,0.166
396,-1,357.1,220.2,12.6,29.9,0.160
396,-1,348.2,218.3,10.5,29.9,0.153
396,-1,346.0,218.8,8.6,27.4,0.121
396,-1,333.3,212.0,7.3,8.1,0.105
396,-1,404.2,210.0,8.4,47.0,0.092
396,-1,318.4,211.8,14.2,39.6,0.087
396,-1,333.0,212.6,8.2,13.9,0.072
396,-1,0.1,101.8,21.5,233.3,0.052
396,-1,304.9,226.2,9.8,25.6,0.052
397,-1,199.2,169.9,57.3,146.4,1.000
397,-1,253.8,165.8,47.6,153.0,1.000
397,-1,492.3,78.3,146.4,382.9,0.999
397,-1,38.8,214.5,24.4,60.4,0.984
397,-1,325.2,223.1,13.2,33.0,0.983
397,-1,375.7,202.5,29.5,79.8,0.978
397,-1,368.8,199.3,19.5,75.4,0.945
397,-1,351.1,222.9,11.9,33.5,0.943
397,-1,308.0,222.2,11.7,31.4,0.847
397,-1,0.0,47.3,14.3,401.1,0.718
397,-1,335.5,221.2,11.6,30.7,0.681
397,-1,318.6,230.0,7.7,22.6,0.505
397,-1,69.1,224.1,12.4,34.4,0.443
397,-1,345.6,221.4,15.1,31.5,0.337
397,-1,0.0,204.4,11.1,265.7,0.235
397,-1,340.0,219.5,8.9,27.5,0.225
397,-1,299.5,227.5,10.1,26.3,0.188
397,-1,343.4,220.1,9.7,28.2,0.185
397,-1,0.0,231.4,15.0,109.8,0.185
397,-1,319.7,218.5,10.0,33.2,0.172
397,-1,426.0,222.9,9.7,23.6,0.169
397,-1,357.4,224.0,9.6,29.6,0.139
397,-1,320.7,218.4,8.1,14.3,0.116
397,-1,313.5,225.6,9.9,27.5,0.115
397,-1,295.9,234.1,12.1,21.0,0.106
397,-1,87.2,217.6,15.9,29.6,0.070
398,-1,253.3,169.8,46.9,150.7,0.999
398,-1,198.8,172.5,54.6,147.7,0.999
398,-1,512.7,58.6,126.9,414.4,0.999
398,-1,367.1,199.2,37.8,83.3,0.986
398,-1,34.0,216.7,25.0,61.2,0.983
398,-1,324.0,224.8,14.3,32.6,0.973
398,-1,303.8,222.6,13.8,33.2,0.938
398,-1,349.1,223.9,12.3,32.2,0.867
398,-1,333.8,222.9,11.1,30.8,0.772
398,-1,315.9,226.5,8.4,27.6,0.656
398,-1,368.6,202.6,20.2,73.5,0.638
398,-1,344.0,222.9,9.1,31.3,0.354
398,-1,320.0,220.2,8.5,25.1,0.343
398,-1,357.5,238.4,14.1,17.9,0.213
398,-1,205.9,224.0,9.6,43.0,0.194
398,-1,340.0,222.1,9.5,29.6,0.171
398,-1,319.6,220.1,7.5,14.0,0.155
398,-1,179.1,218.0,19.6,57.0,0.128
398,-1,359.1,239.0,7.0,16.1,0.115
398,-1,320.2,223.4,12.0,31.8,0.106
398,-1,356.8,224.5,8.9,30.8,0.097
398,-1,339.5,222.1,6.9,18.6,0.077
398,-1,314.5,216.0,14.4,38.6,0.062
398,-1,33.5,239.4,11.5,36.8,0.060
398,-1,372.0,236.7,10.6,38.2,0.054
398,-1,470.9,228.1,10.9,36.7,0.051
399,-1,201.1,169.0,53.0,146.9,0.999
399,-1,252.2,168.1,49.3,149.5,0.999
399,-1,527.7,43.3,111.6,434.1,0.999
399,-1,29.2,215.9,25.4,62.1,0.987
399,-1,367.0,197.1,37.9,82.6,0.984
399,-1,321.0,220.4,14.3,34.6,0.955
399,-1,301.3,220.4,13.4,33.2,0.955
399,-1,333.2,220.2,10.6,31.5,0.796
399,-1,343.1,222.7,19.2,29.2,0.784
399,-1,315.4,217.1,10.1,36.8,0.645
399,-1,313.8,226.6,8.3,26.1,0.555
399,-1,342.3,223.5,9.7,28.2,0.274
399,-1,317.2,217.5,7.5,19.3,0.259
399,-1,367.1,198.4,20.2,52.5,0.151
399,-1,199.6,211.4,13.5,57.5,0.126
399,-1,188.6,207.6,22.9,64.4,0.118
399,-1,353.7,223.5,10.1,26.9,0.112
399,-1,338.0,218.2,9.5,28.1,0.093
399,-1,327.1,219.6,11.8,31.6,0.082
399,-1,344.9,223.6,11.6,12.4,0.073
399,-1,294.8,233.4,8.6,20.5,0.058
400,-1,250.7,166.6,50.8,146.9,0.999
400,-1,538.6,12.6,101.3,464.3,0.999
400,-1,203.9,166.1,47.7,144.5,0.999
400,-1,364.0,196.1,31.7,81.1,0.989
400,-1,20.5,211.9,24.4,63.3,0.988
400,-1,317.2,219.8,14.0,34.0,0.981
400,-1,326.9,219.3,10.6,31.8,0.925
400,-1,297.0,221.1,12.1,29.7,0.918
400,-1,341.5,221.4,11.8,32.6,0.898
400,-1,308.9,226.6,7.8,23.3,0.634
400,-1,338.4,222.6,10.4,27.5,0.348
400,-1,310.2,217.0,10.4,31.9,0.345
400,-1,312.4,216.0,8.4,17.3,0.335
400,-1,465.6,221.4,10.8,37.3,0.254
400,-1,361.9,197.4,19.3,73.9,0.197
400,-1,305.6,220.2,9.2,24.6,0.168
400,-1,350.3,221.3,9.0,27.4,0.151
400,-1,553.7,23.7,85.8,272.1,0.129
400,-1,331.5,219.1,10.7,30.8,0.128
400,-1,169.7,218.6,19.5,53.6,0.099
400,-1,53.0,224.8,12.3,25.1,0.088
400,-1,302.7,216.0,15.3,34.3,0.085
400,-1,336.0,219.9,8.1,29.7,0.084
400,-1,328.5,218.5,9.3,20.1,0.070
401,-1,247.8,165.3,47.8,148.5,0.999
401,-1,200.7,164.2,53.9,149.7,0.999
401,-1,562.8,30.2,76.7,449.8,0.999
401,-1,9.7,212.6,26.2,62.2,0.991
401,-1,360.3,198.3,32.2,81.2,0.985
401,-1,310.2,220.4,13.7,34.4,0.970
401,-1,321.6,220.2,10.2,31.8,0.933
401,-1,290.9,221.6,11.8,31.6,0.917
401,-1,335.4,222.4,11.0,30.5,0.900
401,-1,331.2,224.8,7.8,26.6,0.584
401,-1,342.6,222.8,9.6,29.2,0.567
401,-1,357.6,201.3,18.7,67.9,0.520
401,-1,460.0,225.6,10.8,35.3,0.501
401,-1,302.6,226.1,8.8,25.7,0.457
401,-1,303.4,215.9,17.7,38.7,0.303
401,-1,287.7,211.1,12.9,43.1,0.204
401,-1,162.3,218.1,17.0,36.6,0.174
401,-1,332.8,222.7,9.7,25.0,0.125
401,-1,305.5,216.3,8.5,15.4,0.120
401,-1,385.3,208.3,8.4,50.4,0.110
401,-1,360.2,216.6,11.7,49.6,0.101
401,-1,325.2,220.6,7.2,19.1,0.094
401,-1,569.1,30.9,70.3,237.9,0.089
401,-1,158.6,211.7,21.3,61.2,0.085
401,-1,290.9,206.0,17.9,46.6,0.082
401,-1,3.2,216.8,18.5,59.4,0.077
401,-1,322.6,216.1,16.0,36.0,0.069
401,-1,326.7,219.9,7.9,25.7,0.068
401,-1,587.2,167.6,52.8,307.1,0.064
401,-1,299.3,222.4,9.8,27.0,0.063
401,-1,333.3,222.9,8.0,13.8,0.061
401,-1,285.1,191.4,10.9,58.6,0.058
401,-1,160.8,215.4,18.0,23.5,0.056
401,-1,329.9,220.4,7.2,16.3,0.053
402,-1,246.3,159.8,47.2,150.2,0.999
402,-1,196.1,161.8,52.7,146.6,0.999
402,-1,579.7,67.3,59.5,412.7,0.993
402,-1,0.8,209.0,25.8,64.3,0.961
402,-1,305.7,216.2,13.7,34.6,0.949
402,-1,353.2,193.9,34.1,82.0,0.883
402,-1,286.7,221.3,10.7,26.5,0.745
402,-1,328.5,219.1,12.4,29.8,0.720
402,-1,296.9,221.9,8.6,25.3,0.691
402,-1,315.5,216.8,12.4,30.9,0.686
402,-1,582.2,79.8,57.0,204.8,0.660
402,-1,325.3,218.5,10.9,28.9,0.523
402,-1,309.7,214.3,14.9,35.0,0.469
402,-1,299.2,220.0,10.6,28.0,0.424
402,-1,1.4,207.7,26.5,34.5,0.393
402,-1,0.2,216.6,10.2,56.3,0.290
402,-1,297.4,213.2,16.7,35.9,0.287
402,-1,338.5,217.6,9.8,27.7,0.238
402,-1,342.1,232.4,5.9,14.2,0.236
402,-1,154.8,209.5,17.9,59.2,0.213
402,-1,337.7,231.2,12.2,16.7,0.196
402,-1,0.0,214.7,3.7,58.4,0.187
402,-1,32.5,220.0,12.8,36.4,0.160
402,-1,332.2,220.0,10.8,22.6,0.159
402,-1,454.3,220.6,11.2,36.3,0.157
402,-1,26.9,218.0,32.9,22.7,0.118
402,-1,598.6,197.2,41.4,278.4,0.114
402,-1,326.8,218.9,11.1,15.0,0.103
402,-1,332.7,220.1,11.2,12.2,0.098
402,-1,320.5,216.2,8.1,20.6,0.069
402,-1,287.4,215.1,17.8,33.2,0.069
402,-1,55.6,211.1,13.9,30.7,0.057
402,-1,181.6,219.4,10.6,44.2,0.055
402,-1,356.2,207.1,12.1,59.5,0.054
402,-1,406.6,215.9,10.5,26.5,0.050
403,-1,238.7,168.4,55.7,146.0,0.999
403,-1,196.1,167.4,51.4,145.3,0.999
403,-1,0.0,212.1,26.6,67.0,0.974
403,-1,304.4,219.2,13.2,34.4,0.971
403,-1,350.6,197.7,19.3,74.6,0.968
403,-1,363.4,197.5,20.7,80.0,0.965
403,-1,315.9,218.9,10.9,31.0,0.869
403,-1,328.3,220.9,13.0,29.5,0.849
403,-1,325.1,221.3,11.1,28.5,0.595
403,-1,295.3,222.5,9.7,26.2,0.593
403,-1,599.9,99.3,39.2,258.3,0.563
403,-1,455.4,220.6,11.9,37.6,0.508
403,-1,291.7,207.3,15.3,42.4,0.308
403,-1,298.7,226.9,8.1,22.4,0.292
403,-1,296.6,213.8,12.0,32.3,0.262
403,-1,319.7,218.4,9.9,29.4,0.255
403,-1,333.2,221.2,13.1,27.5,0.225
403,-1,300.3,215.9,11.5,34.5,0.220
403,-1,0.6,212.2,22.9,34.9,0.209
403,-1,0.0,217.5,6.0,60.8,0.203
403,-1,610.1,101.6,29.5,170.4,0.200
403,-1,289.8,225.3,7.4,22.3,0.185
403,-1,298.7,215.4,9.7,14.5,0.156
403,-1,152.6,216.9,17.9,37.6,0.141
403,-1,312.6,218.6,9.4,29.3,0.103
403,-1,284.0,187.9,14.1,62.6,0.097
403,-1,288.6,226.8,5.8,20.8,0.092
403,-1,598.6,181.5,41.4,289.6,0.092
403,-1,178.7,220.2,13.6,48.0,0.069
403,-1,355.6,221.0,12.5,49.3,0.063
404,-1,197.5,168.5,50.2,143.6,0.999
404,-1,238.0,168.2,57.2,146.0,0.999
404,-1,355.7,196.6,29.8,78.8,0.982
404,-1,303.6,215.8,14.2,36.9,0.971
404,-1,0.0,212.2,21.8,66.3,0.933
404,-1,349.8,196.5,20.0,73.9,0.929
404,-1,313.6,216.0,12.3,32.7,0.910
404,-1,325.0,219.6,12.4,29.3,0.831
404,-1,329.3,220.5,12.3,28.4,0.722
404,-1,296.2,221.9,9.3,26.9,0.702
404,-1,0.0,212.6,24.0,34.1,0.687
404,-1,45.1,214.5,19.8,27.9,0.590
404,-1,20.5,219.9,17.6,57.7,0.412
404,-1,321.2,218.1,9.5,29.7,0.408
404,-1,148.0,210.1,19.9,61.1,0.367
404,-1,294.1,222.0,7.9,24.1,0.261
404,-1,335.5,220.5,10.0,26.9,0.234
404,-1,175.9,223.2,14.2,45.0,0.172
404,-1,13.4,221.1,24.3,36.6,0.139
404,-1,149.2,211.1,18.6,29.2,0.133
404,-1,110.2,192.8,15.3,18.3,0.128
404,-1,353.1,221.9,13.1,46.6,0.128
404,-1,0.0,213.5,9.1,63.7,0.111
404,-1,291.8,224.2,6.3,19.9,0.097
404,-1,21.1,221.2,15.3,23.6,0.083
404,-1,337.6,229.7,8.5,18.2,0.081
404,-1,455.3,220.8,11.1,35.7,0.080
404,-1,318.5,214.4,9.9,28.3,0.077
404,-1,294.4,213.5,14.7,36.4,0.076
404,-1,0.0,213.0,4.4,65.4,0.073
404,-1,364.0,209.6,16.3,66.1,0.071
404,-1,405.8,218.5,10.3,22.5,0.056
405,-1,237.7,168.4,58.0,141.8,0.999
405,-1,196.7,166.7,51.1,141.1,0.998
405,-1,300.5,215.6,14.3,34.1,0.986
405,-1,348.3,191.8,35.3,81.4,0.963
405,-1,312.4,215.2,10.7,32.3,0.939
405,-1,324.9,216.5,13.3,31.6,0.903
405,-1,349.1,195.5,18.8,72.2,0.787
405,-1,0.1,214.1,8.3,64.3,0.645
405,-1,320.3,214.2,8.7,31.7,0.627
405,-1,296.3,221.7,8.3,25.4,0.563
405,-1,316.2,214.1,10.3,32.5,0.490
405,-1,293.4,219.5,7.1,23.8,0.360
405,-1,0.6,213.1,18.7,64.7,0.266
405,-1,355.1,220.6,24.0,51.0,0.204
405,-1,147.0,211.4,18.7,59.0,0.185
405,-1,146.6,213.9,17.3,27.2,0.171
405,-1,454.3,218.5,11.9,36.9,0.152
405,-1,0.0,216.2,4.3,63.3,0.136
405,-1,352.4,229.0,11.0,39.1,0.117
405,-1,11.2,218.3,22.3,64.1,0.091
405,-1,333.4,216.2,9.6,27.3,0.083
405,-1,364.2,204.7,17.6,67.4,0.072
405,-1,361.5,232.2,15.7,40.5,0.069
405,-1,337.4,215.4,7.1,25.3,0.064
405,-1,173.3,221.2,16.8,47.0,0.062
405,-1,342.1,147.1,38.0,114.3,0.057
406,-1,195.1,166.5,51.7,141.2,0.999
406,-1,239.6,165.8,54.8,141.9,0.999
406,-1,345.8,193.2,37.5,79.6,0.993
406,-1,299.6,215.1,14.9,33.7,0.937
406,-1,311.5,212.4,10.8,33.9,0.853
406,-1,321.7,215.1,14.3,32.2,0.801
406,-1,292.4,219.6,10.3,26.9,0.587
406,-1,318.5,214.6,8.6,31.3,0.452
406,-1,0.1,210.2,4.8,69.7,0.387
406,-1,292.4,208.0,12.5,32.5,0.250
406,-1,293.9,208.8,16.3,40.1,0.205
406,-1,334.2,210.2,8.4,30.8,0.205
406,-1,294.1,209.7,9.7,14.8,0.188
406,-1,345.9,194.8,18.5,70.2,0.156
406,-1,330.3,215.2,15.5,30.8,0.121
406,-1,343.2,190.6,19.2,45.8,0.117
406,-1,0.0,203.5,9.2,78.0,0.091
406,-1,336.8,214.5,10.7,28.4,0.084
406,-1,13.9,218.9,13.1,39.6,0.084
406,-1,295.4,206.0,11.6,21.5,0.064
406,-1,304.5,211.2,12.5,33.5,0.052
407,-1,193.9,163.0,53.1,137.8,0.999
407,-1,247.9,161.7,47.3,141.5,0.999
407,-1,345.7,189.4,34.5,81.2,0.991
407,-1,296.0,210.4,13.3,37.1,0.963
407,-1,314.8,211.1,9.7,32.8,0.887
407,-1,322.1,213.8,10.9,30.8,0.778
407,-1,310.1,211.6,9.3,32.8,0.755
407,-1,318.2,212.7,9.9,30.8,0.355
407,-1,327.1,214.0,12.1,29.4,0.257
407,-1,292.8,214.8,10.9,30.2,0.252
407,-1,302.5,211.7,13.8,34.0,0.233
407,-1,332.0,215.1,10.8,26.7,0.181
407,-1,167.5,217.5,19.3,49.6,0.181
407,-1,140.5,210.0,17.2,56.7,0.139
407,-1,294.1,222.2,6.1,11.1,0.108
407,-1,219.2,159.0,53.2,144.4,0.087
407,-1,315.5,211.7,8.3,17.2,0.069
407,-1,170.3,216.6,13.7,32.4,0.068
407,-1,192.5,218.4,13.9,25.7,0.061
407,-1,290.3,214.1,9.5,29.1,0.058
408,-1,195.4,158.7,49.5,142.6,0.999
408,-1,249.3,159.7,45.9,141.7,0.998
408,-1,345.7,189.5,33.7,79.9,0.987
408,-1,296.1,210.3,12.9,36.5,0.887
408,-1,344.4,192.3,18.8,71.0,0.846
408,-1,315.0,212.9,10.3,29.7,0.734
408,-1,308.8,210.4,10.8,32.6,0.646
408,-1,324.3,213.7,15.6,29.4,0.541
408,-1,136.3,205.9,17.9,60.4,0.501
408,-1,321.2,212.9,12.0,31.0,0.480
408,-1,136.6,209.3,17.3,22.3,0.417
408,-1,167.8,216.3,21.8,50.8,0.179
408,-1,291.4,217.3,9.1,28.4,0.093
408,-1,290.9,203.5,15.5,43.2,0.090
408,-1,103.6,171.4,24.0,27.7,0.087
408,-1,169.1,215.5,17.2,30.9,0.070
408,-1,167.4,216.1,12.4,45.2,0.064
408,-1,373.3,213.8,7.5,36.1,0.059
408,-1,300.1,206.3,16.9,38.8,0.059
408,-1,363.6,193.9,16.9,69.6,0.057
409,-1,195.1,159.6,46.9,141.0,0.999
409,-1,248.9,158.2,45.8,141.6,0.999
409,-1,344.2,186.5,35.1,81.1,0.969
409,-1,295.4,208.9,13.7,35.9,0.937
409,-1,313.4,209.5,10.5,30.6,0.761
409,-1,308.5,208.4,11.3,32.2,0.757
409,-1,135.7,207.4,17.3,60.5,0.573
409,-1,320.4,210.3,10.8,30.2,0.568
409,-1,371.6,200.3,9.6,46.2,0.546
409,-1,329.0,212.5,9.5,27.2,0.329
409,-1,136.5,208.7,15.5,25.6,0.192
409,-1,299.3,205.1,14.0,37.2,0.173
409,-1,322.2,209.0,16.7,31.5,0.154
409,-1,349.1,220.8,11.7,41.0,0.144
409,-1,330.6,224.3,7.6,15.2,0.130
409,-1,359.4,191.9,19.2,69.9,0.123
409,-1,135.9,207.3,36.9,59.9,0.119
409,-1,291.7,208.1,11.9,36.3,0.118
409,-1,285.1,180.5,9.4,50.4,0.092
409,-1,316.1,211.2,7.5,14.7,0.075
409,-1,344.4,190.4,17.9,51.5,0.074
409,-1,160.4,212.9,16.1,50.9,0.071
409,-1,2.1,215.4,15.3,60.6,0.067
409,-1,320.7,211.1,7.7,14.2,0.056
410,-1,246.6,157.9,47.3,142.5,0.999
410,-1,188.5,159.7,50.8,140.9,0.998
410,-1,339.6,186.3,32.1,78.5,0.985
410,-1,291.3,201.5,12.8,42.4,0.823
410,-1,316.0,206.8,11.2,34.5,0.783
410,-1,308.7,206.0,11.5,33.6,0.572
410,-1,127.1,205.1,16.6,61.5,0.572
410,-1,287.8,202.1,11.7,41.1,0.472
410,-1,303.6,205.7,12.3,33.9,0.379
410,-1,295.0,201.8,17.8,39.8,0.328
410,-1,365.9,197.6,9.3,49.3,0.271
410,-1,338.4,192.9,18.0,64.7,0.267
410,-1,154.5,214.5,18.6,50.3,0.185
410,-1,321.1,128.5,45.0,115.3,0.129
410,-1,281.0,180.8,9.2,40.8,0.093
410,-1,355.1,187.3,18.3,74.1,0.087
410,-1,140.6,204.0,25.1,60.5,0.076
410,-1,0.1,205.2,10.3,80.1,0.068
410,-1,152.2,212.2,13.1,46.4,0.064
410,-1,128.0,206.9,15.1,24.0,0.061
410,-1,224.4,171.6,17.4,21.6,0.053
410,-1,129.9,213.4,11.7,12.7,0.051
411,-1,242.5,159.0,46.3,142.3,0.999
411,-1,183.5,157.9,53.6,141.8,0.999
411,-1,341.7,186.1,26.9,78.0,0.992
411,-1,333.1,185.5,18.2,72.2,0.936
411,-1,284.3,205.0,13.6,38.2,0.903
411,-1,302.7,205.9,10.6,33.3,0.704
411,-1,296.9,205.0,10.8,34.4,0.657
411,-1,310.4,207.8,13.6,31.7,0.579
411,-1,288.7,203.6,17.3,37.5,0.266
411,-1,315.2,206.8,12.4,31.4,0.246
411,-1,360.3,197.8,10.2,46.2,0.140
411,-1,314.8,125.0,39.8,115.9,0.128
411,-1,143.9,211.7,19.3,54.2,0.123
411,-1,121.4,204.0,15.4,24.9,0.088
411,-1,335.9,207.1,12.4,49.4,0.067
411,-1,84.4,169.7,23.7,27.1,0.059
411,-1,324.1,141.0,40.9,116.5,0.054
411,-1,442.0,207.9,12.1,37.4,0.052
411,-1,319.0,200.1,7.5,29.9,0.051
412,-1,237.7,160.6,45.2,141.8,0.999
412,-1,180.6,161.9,47.9,139.9,0.998
412,-1,329.6,188.0,32.3,76.9,0.982
412,-1,327.2,191.2,19.0,67.3,0.911
412,-1,277.0,204.1,18.2,42.9,0.585
412,-1,302.7,209.2,10.4,31.5,0.551
412,-1,289.5,206.2,12.3,34.7,0.546
412,-1,294.8,206.5,10.9,33.7,0.413
412,-1,628.8,243.5,11.2,109.0,0.285
412,-1,628.4,247.7,11.6,47.3,0.201
412,-1,354.1,192.5,11.1,57.1,0.173
412,-1,144.2,214.3,28.2,39.1,0.119
412,-1,334.3,215.2,24.1,49.8,0.100
412,-1,134.6,211.9,19.4,53.7,0.076
412,-1,144.3,214.5,13.8,39.6,0.060
413,-1,237.9,160.0,42.7,140.7,0.999
413,-1,181.5,160.7,46.6,140.1,0.998
413,-1,332.0,189.6,26.3,74.1,0.948
413,-1,301.0,208.1,13.8,31.5,0.875
413,-1,323.6,193.3,15.6,62.8,0.855
413,-1,286.2,205.5,12.9,33.5,0.776
413,-1,276.2,206.3,11.9,38.4,0.665
413,-1,612.5,223.8,27.2,217.1,0.517
413,-1,327.7,206.8,9.4,49.4,0.358
413,-1,296.6,211.8,8.2,26.6,0.274
413,-1,291.2,205.0,11.8,33.5,0.184
413,-1,336.0,208.7,17.7,54.5,0.165
413,-1,342.6,193.9,13.7,68.6,0.143
413,-1,271.5,175.5,16.1,69.8,0.142
413,-1,305.6,207.3,12.9,30.0,0.129
413,-1,613.8,236.5,26.2,103.6,0.119
413,-1,352.4,208.2,8.8,37.0,0.114
413,-1,298.8,210.0,9.8,28.6,0.107
413,-1,324.1,198.6,12.4,29.3,0.090
413,-1,354.2,221.2,6.3,22.7,0.088
413,-1,615.5,235.3,24.3,45.9,0.080
413,-1,278.5,198.6,18.7,44.6,0.076
413,-1,349.9,193.9,11.9,58.9,0.070
413,-1,127.8,202.1,23.0,60.1,0.059
413,-1,323.8,202.4,8.9,43.7,0.055
413,-1,280.8,201.8,11.2,37.3,0.050
414,-1,177.5,161.9,52.0,138.5,0.999
414,-1,230.3,159.4,46.1,141.5,0.998
414,-1,568.5,194.8,71.4,232.5,0.996
414,-1,326.8,193.0,24.4,72.3,0.884
414,-1,320.5,206.2,10.9,51.5,0.834
414,-1,282.2,207.9,12.0,33.1,0.792
414,-1,319.6,196.7,20.2,64.2,0.563
414,-1,294.2,209.9,13.9,30.3,0.412
414,-1,269.5,203.3,12.6,43.1,0.382
414,-1,291.2,212.1,8.4,27.2,0.348
414,-1,347.2,203.0,8.4,43.3,0.185
414,-1,297.5,216.9,7.7,23.4,0.170
414,-1,272.7,203.7,16.2,41.6,0.159
414,-1,265.6,175.2,15.8,71.7,0.146
414,-1,595.9,208.6,43.2,100.2,0.118
414,-1,286.9,210.4,8.7,29.0,0.108
414,-1,317.4,200.6,10.5,31.3,0.105
414,-1,289.0,201.5,16.6,39.1,0.093
414,-1,324.6,204.0,12.2,51.0,0.070
414,-1,336.1,197.9,13.3,63.9,0.069
415,-1,227.6,156.9,42.7,140.8,0.999
415,-1,172.6,161.0,51.9,138.2,0.999
415,-1,562.8,130.5,75.3,290.8,0.997
415,-1,320.2,186.8,23.9,78.5,0.973
415,-1,310.8,190.3,18.1,69.0,0.941
415,-1,274.3,206.8,13.0,34.6,0.905
415,-1,287.4,210.9,17.3,28.9,0.777
415,-1,264.1,205.6,11.4,41.2,0.298
415,-1,283.9,208.6,7.8,31.3,0.192
415,-1,583.1,118.4,56.4,203.6,0.138
415,-1,296.6,208.2,8.5,30.6,0.134
415,-1,43.1,173.4,27.4,28.9,0.132
415,-1,281.9,212.3,7.3,27.4,0.121
415,-1,286.0,208.8,8.7,29.7,0.107
415,-1,213.6,186.8,16.0,58.0,0.102
415,-1,278.5,206.2,14.3,34.5,0.068
415,-1,609.3,121.9,30.6,109.7,0.057
416,-1,546.7,85.9,93.3,341.3,1.000
416,-1,169.0,162.9,52.1,137.6,0.999
416,-1,218.8,165.4,47.2,137.4,0.999
416,-1,316.5,192.6,20.0,75.6,0.991
416,-1,303.7,194.2,17.9,67.7,0.944
416,-1,269.0,210.5,11.6,33.1,0.708
416,-1,282.5,212.2,11.6,29.6,0.700
416,-1,276.3,216.9,7.5,25.2,0.402
416,-1,621.3,85.9,18.7,244.1,0.299
416,-1,292.5,199.8,7.2,40.7,0.218
416,-1,190.9,162.7,49.3,138.8,0.208
416,-1,280.1,213.9,7.6,27.2,0.159
416,-1,116.0,217.6,18.8,52.8,0.135
416,-1,582.9,91.3,57.1,275.9,0.106
416,-1,221.4,165.2,31.0,82.8,0.096
416,-1,284.5,220.0,8.1,20.9,0.091
416,-1,118.0,217.9,13.7,31.2,0.087
416,-1,289.5,210.6,8.6,30.2,0.080
416,-1,102.0,215.9,18.5,57.2,0.063
416,-1,560.1,131.3,69.4,190.9,0.059
416,-1,239.8,174.6,27.5,73.1,0.053
416,-1,601.7,126.6,25.9,81.0,0.052
416,-1,258.9,186.6,9.2,62.2,0.052
417,-1,214.4,169.5,49.2,136.9,0.999
417,-1,166.2,165.5,52.8,140.7,0.999
417,-1,550.5,60.3,89.3,375.3,0.999
417,-1,307.5,196.1,25.4,74.9,0.984
417,-1,278.9,215.6,11.4,31.0,0.921
417,-1,265.1,212.0,12.4,34.4,0.916
417,-1,299.8,195.8,18.0,68.1,0.855
417,-1,597.0,43.8,43.0,272.3,0.615
417,-1,288.0,205.7,7.7,36.5,0.285
417,-1,413.0,207.6,11.0,48.4,0.222
417,-1,622.1,293.4,17.9,70.6,0.152
417,-1,273.3,214.2,9.1,30.9,0.128
417,-1,304.7,226.5,10.4,38.3,0.117
417,-1,256.2,205.2,8.7,47.1,0.113
417,-1,548.6,208.0,50.8,113.5,0.112
417,-1,562.9,202.1,64.4,151.0,0.078
417,-1,257.7,208.7,15.1,41.5,0.063
417,-1,282.7,214.4,10.9,29.6,0.053
418,-1,206.7,168.4,52.4,134.6,0.999
418,-1,163.3,166.2,53.7,135.3,0.999
418,-1,543.3,27.9,96.3,410.3,0.998
418,-1,295.5,190.0,33.6,77.3,0.981
418,-1,262.1,210.1,11.9,33.4,0.953
418,-1,274.6,212.1,13.4,30.0,0.923
418,-1,535.3,221.5,35.8,116.3,0.564
418,-1,103.0,215.7,20.2,52.2,0.553
418,-1,294.8,194.7,17.4,66.4,0.485
418,-1,107.3,216.2,14.9,33.6,0.399
418,-1,547.0,191.5,92.5,195.8,0.273
418,-1,278.2,217.2,8.4,24.0,0.186
418,-1,266.6,211.2,10.7,31.2,0.182
418,-1,272.6,213.0,8.1,28.3,0.182
418,-1,284.8,205.0,8.4,34.9,0.174
418,-1,88.0,215.3,17.6,56.6,0.112
418,-1,19.7,184.9,16.4,18.7,0.109
418,-1,253.4,206.2,7.5,37.2,0.101
418,-1,257.2,207.4,9.0,30.7,0.087
418,-1,254.8,196.1,8.3,36.3,0.074
418,-1,309.0,201.4,17.6,65.2,0.058
418,-1,236.5,170.0,23.2,52.8,0.054
418,-1,253.0,206.2,15.0,40.7,0.053
419,-1,205.8,173.0,52.5,129.8,0.999
419,-1,526.5,27.1,113.5,415.3,0.999
419,-1,162.0,168.0,53.4,132.2,0.998
419,-1,292.5,190.3,35.7,76.9,0.995
419,-1,259.0,208.5,11.6,35.4,0.952
419,-1,272.5,212.5,11.7,31.0,0.782
419,-1,530.5,227.6,39.1,113.0,0.641
419,-1,293.7,194.3,16.8,66.3,0.433
419,-1,269.8,214.0,9.7,28.6,0.165
419,-1,264.6,213.9,10.3,28.7,0.149
419,-1,281.7,214.7,8.2,26.8,0.126
419,-1,295.3,194.2,13.6,32.1,0.116
419,-1,277.5,213.0,10.7,29.2,0.115
419,-1,536.9,146.9,102.6,222.4,0.061
419,-1,102.4,218.7,28.4,55.1,0.056
419,-1,528.8,208.8,75.3,134.3,0.052
420,-1,491.1,6.6,148.9,433.9,1.000
420,-1,200.9,176.1,51.9,121.6,0.999
420,-1,159.5,166.2,49.3,133.7,0.997
420,-1,291.1,190.2,30.4,73.8,0.989
420,-1,252.5,206.9,11.9,35.5,0.938
420,-1,267.3,210.0,16.4,31.1,0.719
420,-1,291.4,204.8,12.6,53.3,0.401
420,-1,97.3,215.1,17.5,32.8,0.390
420,-1,95.3,216.8,20.3,55.0,0.389
420,-1,527.1,210.1,38.8,129.4,0.381
420,-1,275.2,207.2,11.6,31.9,0.369
420,-1,264.5,209.4,8.9,30.6,0.330
420,-1,493.9,152.4,140.5,208.7,0.279
420,-1,261.3,212.9,9.0,27.1,0.216
420,-1,350.1,211.8,10.0,21.2,0.187
420,-1,494.3,176.4,69.7,163.6,0.154
420,-1,527.3,222.5,112.7,139.2,0.150
420,-1,260.7,206.0,16.5,35.4,0.106
420,-1,493.1,175.0,64.2,74.5,0.086
420,-1,250.2,205.2,9.1,29.4,0.085
420,-1,534.5,169.5,105.2,273.3,0.080
420,-1,254.2,201.8,18.6,40.8,0.077
420,-1,6.3,181.9,19.6,20.9,0.074
420,-1,77.6,216.7,19.5,54.3,0.051
421,-1,198.1,165.0,46.6,130.9,0.999
421,-1,475.4,28.3,162.8,422.6,0.999
421,-1,151.1,166.3,49.8,133.6,0.998
421,-1,282.1,190.2,31.6,74.1,0.995
421,-1,243.3,207.4,13.3,36.0,0.808
421,-1,259.1,210.6,12.6,29.9,0.645
421,-1,177.4,165.7,44.7,133.7,0.406
421,-1,85.0,214.0,25.0,50.7,0.377
421,-1,279.3,192.4,19.6,65.7,0.216
421,-1,521.4,198.9,115.8,196.8,0.162
421,-1,519.6,200.1,32.2,127.0,0.161
421,-1,250.3,208.1,15.7,34.4,0.145
421,-1,188.7,172.4,18.6,75.4,0.131
421,-1,618.8,196.9,20.5,74.6,0.118
421,-1,282.8,213.7,14.0,45.4,0.107
421,-1,87.6,215.5,17.2,31.9,0.102
422,-1,199.4,164.7,41.0,129.6,0.999
422,-1,463.5,39.4,172.9,414.5,0.999
422,-1,148.4,164.1,49.8,129.6,0.999
422,-1,278.5,189.5,30.6,74.3,0.988
422,-1,238.7,205.0,13.1,36.2,0.914
422,-1,275.4,188.5,15.8,68.1,0.830
422,-1,252.8,208.9,13.6,30.0,0.622
422,-1,80.1,212.9,21.5,33.8,0.252
422,-1,511.6,189.7,55.1,211.8,0.251
422,-1,278.9,210.6,11.7,46.1,0.240
422,-1,80.6,212.9,32.3,46.3,0.172
422,-1,265.9,199.5,6.3,38.3,0.166
422,-1,242.9,206.9,14.1,33.4,0.121
422,-1,199.0,164.2,26.6,76.0,0.096
422,-1,508.0,201.1,25.2,69.9,0.085
422,-1,107.6,215.5,8.2,16.6,0.067
422,-1,518.6,206.7,113.1,244.1,0.060
423,-1,195.3,158.0,42.3,134.1,1.000
423,-1,455.4,32.6,174.9,421.3,0.999
423,-1,144.4,158.9,46.1,134.0,0.999
423,-1,272.7,189.9,32.2,71.7,0.987
423,-1,269.6,188.6,18.8,67.0,0.749
423,-1,235.3,203.0,13.7,36.2,0.734
423,-1,247.7,206.9,16.8,28.7,0.595
423,-1,258.8,202.4,9.2,34.3,0.127
423,-1,272.8,209.6,13.7,44.9,0.125
423,-1,286.4,195.9,18.2,62.4,0.107
423,-1,228.9,181.7,9.2,49.3,0.097
423,-1,253.9,194.1,16.8,43.9,0.090
423,-1,264.2,130.9,36.9,128.8,0.081
423,-1,48.8,212.7,15.1,14.4,0.073
423,-1,71.4,214.0,34.2,48.6,0.057
423,-1,245.6,207.6,8.8,28.8,0.054
423,-1,248.3,206.8,9.7,23.0,0.054
424,-1,442.1,39.9,182.1,408.4,1.000
424,-1,190.9,161.5,41.9,132.0,0.999
424,-1,141.2,158.1,46.9,136.4,0.999
424,-1,269.3,188.0,28.7,73.4,0.990
424,-1,264.5,187.8,18.5,66.9,0.847
424,-1,242.4,207.4,15.6,31.0,0.797
424,-1,231.0,203.2,12.5,36.1,0.669
424,-1,64.4,210.1,27.8,41.2,0.513
424,-1,236.0,203.5,12.3,35.4,0.371
424,-1,41.6,210.0,17.0,16.0,0.130
424,-1,477.4,200.7,98.2,184.8,0.114
424,-1,254.6,197.6,7.9,38.9,0.101
424,-1,67.2,210.0,35.8,56.4,0.095
424,-1,100.1,214.4,17.3,29.6,0.084
424,-1,167.4,157.3,53.8,139.0,0.073
424,-1,42.0,214.5,23.0,56.9,0.067
424,-1,479.3,237.7,101.7,87.3,0.057
425,-1,430.8,42.6,182.7,404.3,1.000
425,-1,186.3,160.2,39.9,131.3,0.999
425,-1,133.0,159.8,47.6,131.1,0.998
425,-1,259.5,185.1,30.8,72.9,0.995
425,-1,235.4,203.2,14.2,33.3,0.842
425,-1,58.3,206.1,37.0,36.4,0.822
425,-1,225.2,202.7,10.2,34.2,0.627
425,-1,258.2,185.6,16.1,66.3,0.413
425,-1,232.5,206.0,9.6,29.4,0.305
425,-1,29.7,210.5,21.8,58.3,0.189
425,-1,50.7,206.6,39.9,55.4,0.169
425,-1,244.3,203.7,11.6,30.3,0.091
425,-1,31.5,210.5,16.2,15.3,0.075
425,-1,321.6,205.0,11.2,26.2,0.070
426,-1,181.8,158.5,40.5,130.6,1.000
426,-1,421.1,42.1,183.0,405.8,0.999
426,-1,127.1,159.5,52.6,130.7,0.999
426,-1,260.5,177.6,23.7,79.7,0.988
426,-1,220.0,199.4,11.5,35.9,0.938
426,-1,231.0,201.8,13.8,31.4,0.905
426,-1,50.4,205.1,39.6,50.0,0.856
426,-1,253.2,183.1,17.8,67.1,0.816
426,-1,606.7,144.1,32.4,203.0,0.459
426,-1,269.9,191.1,13.7,64.9,0.423
426,-1,526.2,255.2,31.7,79.7,0.321
426,-1,24.4,208.1,27.1,57.7,0.226
426,-1,611.7,141.4,28.3,121.0,0.198
426,-1,254.9,204.1,12.2,44.7,0.186
426,-1,429.0,207.3,169.8,168.8,0.185
426,-1,239.4,201.9,12.1,30.8,0.178
426,-1,24.5,208.6,18.2,15.1,0.155
426,-1,465.4,232.2,95.2,103.0,0.118
426,-1,152.2,158.2,51.0,132.3,0.098
426,-1,13.2,206.6,28.2,65.0,0.069
426,-1,264.5,199.9,15.8,56.2,0.058
426,-1,241.7,212.9,11.8,19.7,0.051
427,-1,176.2,156.3,42.9,129.3,1.000
427,-1,412.9,38.3,154.0,400.3,0.999
427,-1,121.7,158.0,51.9,129.3,0.998
427,-1,254.9,180.9,21.4,73.0,0.971
427,-1,245.6,180.7,20.3,68.8,0.954
427,-1,589.1,70.8,50.9,313.3,0.941
427,-1,40.8,203.2,36.4,61.6,0.863
427,-1,497.9,247.5,46.1,89.3,0.543
427,-1,223.9,200.1,15.4,31.0,0.499
427,-1,42.8,203.0,31.0,36.1,0.371
427,-1,212.8,177.5,13.4,56.3,0.283
427,-1,144.7,154.7,51.4,134.2,0.188
427,-1,456.2,257.2,86.7,114.4,0.184
427,-1,505.1,192.7,51.3,144.0,0.167
427,-1,158.4,165.8,20.1,66.9,0.136
427,-1,214.0,198.3,9.6,35.6,0.120
427,-1,220.6,195.7,12.9,35.2,0.103
427,-1,219.7,186.5,21.4,44.8,0.097
427,-1,516.5,216.0,26.7,72.0,0.091
427,-1,248.8,185.5,11.0,60.8,0.085
427,-1,312.0,197.1,11.5,27.2,0.081
427,-1,11.5,203.9,27.5,61.7,0.057
427,-1,0.0,195.8,2.2,85.9,0.050
428,-1,173.0,152.7,43.5,129.4,0.999
428,-1,406.3,40.4,132.6,378.0,0.999
428,-1,118.9,157.0,52.1,130.4,0.999
428,-1,556.2,5.8,83.8,474.2,0.997
428,-1,248.5,178.3,22.3,74.6,0.995
428,-1,238.6,178.5,20.0,70.5,0.975
428,-1,0.0,217.6,17.8,124.9,0.593
428,-1,490.8,209.0,42.1,118.9,0.487
428,-1,34.2,200.9,34.6,40.0,0.358
428,-1,220.9,199.1,18.8,29.1,0.345
428,-1,211.9,178.9,16.4,50.1,0.301
428,-1,0.6,235.2,102.6,242.3,0.278
428,-1,573.4,1.9,66.3,273.4,0.212
428,-1,4.9,208.7,35.0,54.9,0.196
428,-1,150.3,152.5,52.2,133.6,0.187
428,-1,622.3,0.2,17.6,24.1,0.150
428,-1,209.7,174.3,12.0,56.8,0.125
428,-1,240.1,187.6,12.0,57.9,0.121
428,-1,39.2,201.3,18.5,35.9,0.109
428,-1,489.1,265.0,30.7,63.3,0.109
428,-1,158.8,177.0,17.2,56.0,0.104
428,-1,0.0,131.3,15.6,328.1,0.100
428,-1,216.1,193.2,15.6,35.8,0.100
428,-1,19.5,202.7,40.1,59.5,0.087
428,-1,153.3,163.5,19.6,54.9,0.072
428,-1,40.6,201.1,14.7,19.9,0.067
428,-1,166.9,181.3,15.4,51.3,0.061
429,-1,169.4,152.0,43.9,127.9,0.999
429,-1,399.3,42.5,116.6,358.4,0.999
429,-1,116.2,156.1,49.7,127.0,0.999
429,-1,463.4,0.0,174.8,480.0,0.998
429,-1,231.5,180.5,21.1,67.8,0.974
429,-1,244.6,182.4,18.9,70.1,0.969
429,-1,214.3,198.8,13.0,32.0,0.826
429,-1,539.8,0.0,99.6,385.8,0.719
429,-1,25.4,202.1,39.8,44.4,0.604
429,-1,0.0,211.9,106.9,265.0,0.436
429,-1,0.2,177.5,25.9,271.4,0.333
429,-1,0.1,199.1,24.3,136.2,0.155
429,-1,542.4,28.0,63.1,237.4,0.132
429,-1,29.1,200.6,24.7,35.9,0.120
429,-1,148.3,161.4,19.1,50.5,0.109
429,-1,208.5,193.4,11.9,36.6,0.098
429,-1,163.0,194.0,11.3,38.9,0.084
429,-1,539.9,135.6,99.6,168.3,0.078
429,-1,0.1,271.1,23.6,93.9,0.075
429,-1,223.3,199.0,10.5,28.0,0.067
429,-1,2.2,198.3,48.8,273.4,0.060
429,-1,145.7,150.3,58.2,134.4,0.059
429,-1,10.5,204.4,36.9,54.8,0.059
429,-1,153.2,169.1,17.9,65.0,0.053
430,-1,366.1,48.8,129.3,349.1,0.999
430,-1,161.4,153.9,47.1,128.9,0.999
430,-1,112.0,152.2,48.7,129.6,0.999
430,-1,401.5,0.0,238.5,480.0,0.999
430,-1,239.7,178.4,18.1,75.3,0.986
430,-1,226.7,179.9,19.0,69.3,0.952
430,-1,0.3,192.2,105.1,283.5,0.725
430,-1,21.8,200.6,38.1,40.3,0.628
430,-1,511.8,2.0,128.1,380.1,0.524
430,-1,210.1,198.7,11.2,32.4,0.417
430,-1,138.4,150.5,46.9,133.5,0.324
430,-1,0.9,143.3,184.4,335.3,0.236
430,-1,2.0,165.9,48.7,309.1,0.174
430,-1,202.0,177.1,9.0,53.7,0.163
430,-1,0.0,207.4,33.4,125.3,0.149
430,-1,24.3,200.7,20.4,35.5,0.129
430,-1,100.8,208.7,12.1,25.4,0.086
430,-1,206.9,198.4,8.8,32.2,0.059
431,-1,388.0,0.0,252.0,469.3,0.999
431,-1,159.0,153.3,46.5,127.0,0.999
431,-1,348.4,49.9,136.2,344.6,0.999
431,-1,109.2,149.1,51.6,130.4,0.999
431,-1,230.4,178.2,24.5,73.3,0.988
431,-1,222.0,180.1,20.1,66.2,0.938
431,-1,0.1,131.9,41.0,328.6,0.882
431,-1,415.9,248.9,25.3,52.3,0.395
431,-1,206.6,197.1,12.1,31.6,0.378
431,-1,199.4,175.0,16.9,53.6,0.268
431,-1,197.9,179.1,10.7,48.4,0.252
431,-1,136.6,149.0,50.7,132.2,0.222
431,-1,201.0,197.8,10.9,30.3,0.202
431,-1,2.0,114.1,91.5,359.3,0.127
431,-1,379.2,204.3,62.0,95.2,0.101
431,-1,0.2,168.0,28.1,86.0,0.063
431,-1,0.0,220.2,42.3,104.2,0.060
431,-1,239.7,192.2,13.7,58.9,0.059
431,-1,217.6,183.8,7.7,40.7,0.059
431,-1,0.0,110.1,53.0,195.5,0.057
431,-1,22.1,196.7,14.2,32.9,0.055
431,-1,214.7,195.5,8.1,29.9,0.052
432,-1,157.1,153.5,45.0,123.8,0.999
432,-1,341.4,56.8,120.8,315.7,0.999
432,-1,382.7,0.0,257.3,479.9,0.999
432,-1,107.2,151.2,52.6,126.9,0.998
432,-1,219.9,177.0,32.0,72.5,0.996
432,-1,0.2,22.7,61.4,450.7,0.940
432,-1,199.4,195.7,19.4,30.5,0.320
432,-1,125.4,149.4,52.0,129.5,0.114
432,-1,401.7,248.2,27.2,43.0,0.113
433,-1,156.0,154.8,45.2,123.0,0.999
433,-1,419.7,0.0,220.2,480.0,0.999
433,-1,105.8,154.3,52.6,124.6,0.999
433,-1,339.5,58.1,102.5,314.2,0.999
433,-1,217.7,176.2,33.0,74.2,0.993
433,-1,0.0,32.4,72.3,418.5,0.956
433,-1,602.9,351.6,36.7,35.8,0.724
433,-1,198.4,195.0,13.4,34.2,0.576
433,-1,602.4,114.6,37.6,274.7,0.237
433,-1,621.4,113.4,18.6,121.4,0.127
433,-1,193.5,182.3,16.8,45.9,0.111
433,-1,607.1,116.5,31.4,95.1,0.083
433,-1,391.4,248.8,21.0,36.4,0.080
433,-1,287.7,185.6,9.9,32.3,0.064
433,-1,0.1,167.3,8.4,219.0,0.057
433,-1,196.4,192.4,9.8,34.0,0.055
434,-1,149.2,152.9,47.7,123.6,0.999
434,-1,381.5,0.0,210.0,477.2,0.999
434,-1,331.3,59.9,82.7,310.1,0.999
434,-1,98.5,154.5,52.7,123.8,0.999
434,-1,214.4,178.1,30.3,71.9,0.990
434,-1,0.0,13.5,74.0,457.0,0.972
434,-1,593.5,98.0,46.5,293.2,0.816
434,-1,596.5,237.5,43.0,150.0,0.576
434,-1,195.3,197.3,11.4,31.8,0.563
434,-1,596.1,309.4,43.3,85.7,0.549
434,-1,209.8,181.6,18.8,62.7,0.191
434,-1,0.0,57.4,84.2,229.6,0.091
434,-1,388.0,0.0,153.5,325.9,0.080
434,-1,190.7,190.7,9.4,36.7,0.068
435,-1,150.7,150.9,42.6,121.7,0.999
435,-1,96.3,154.0,51.8,123.8,0.999
435,-1,350.6,1.6,184.5,477.9,0.998
435,-1,314.6,77.3,69.6,298.9,0.993
435,-1,219.0,176.4,25.0,72.8,0.990
435,-1,0.6,17.6,71.1,457.1,0.970
435,-1,594.5,114.3,45.0,277.7,0.962
435,-1,206.3,181.4,17.9,60.7,0.819
435,-1,191.8,195.0,11.6,32.7,0.626
435,-1,604.7,119.2,34.6,65.2,0.471
435,-1,0.0,42.3,76.7,231.5,0.298
435,-1,602.5,119.1,36.8,168.1,0.268
435,-1,194.3,207.3,8.6,19.9,0.162
435,-1,18.8,4.5,505.1,474.4,0.125
435,-1,615.6,108.8,24.1,57.8,0.125
435,-1,321.1,26.1,147.8,374.8,0.092
435,-1,366.4,52.2,29.5,49.1,0.081
435,-1,0.1,137.6,7.6,262.7,0.057
436,-1,149.1,147.6,41.4,121.2,1.000
436,-1,91.6,150.2,49.6,122.3,0.999
436,-1,283.3,0.0,216.9,478.6,0.998
436,-1,209.5,175.7,31.2,72.3,0.993
436,-1,585.0,106.3,54.4,288.7,0.988
436,-1,0.6,14.8,72.4,464.1,0.960
436,-1,201.6,174.5,17.9,64.9,0.905
436,-1,292.6,145.8,41.6,86.9,0.716
436,-1,597.5,104.5,41.4,100.7,0.327
436,-1,188.3,191.4,11.9,33.3,0.286
436,-1,0.0,39.1,78.2,240.3,0.248
436,-1,582.5,107.0,55.9,148.6,0.188
436,-1,136.2,189.0,11.5,38.8,0.154
436,-1,598.7,253.9,40.8,136.7,0.146
436,-1,139.9,197.5,11.4,30.1,0.145
436,-1,187.9,171.4,17.9,52.2,0.141
436,-1,319.9,0.7,55.7,84.6,0.133
436,-1,599.7,325.6,40.1,69.0,0.126
436,-1,608.7,106.9,30.4,63.8,0.114
436,-1,202.8,188.7,11.3,49.6,0.110
436,-1,190.2,206.1,8.3,18.5,0.094
436,-1,193.7,174.3,37.7,71.7,0.077
436,-1,205.3,206.7,10.3,32.0,0.075
436,-1,588.5,135.5,35.4,57.5,0.074
436,-1,293.3,143.1,56.9,134.2,0.071
436,-1,197.8,175.4,9.7,47.0,0.067
437,-1,146.7,149.0,42.3,120.4,0.999
437,-1,88.3,149.8,50.1,121.0,0.999
437,-1,206.6,0.0,306.2,480.0,0.999
437,-1,599.3,87.6,40.3,311.2,0.994
437,-1,203.7,175.6,33.9,72.7,0.993
437,-1,0.0,9.4,78.8,470.6,0.976
437,-1,199.0,177.1,17.6,62.4,0.912
437,-1,283.4,189.9,17.4,35.1,0.611
437,-1,133.8,179.6,9.8,50.5,0.568
437,-1,185.5,193.9,11.7,31.4,0.444
437,-1,0.0,52.5,75.1,231.9,0.306
437,-1,61.1,186.4,20.3,43.2,0.235
437,-1,606.7,104.2,31.3,42.2,0.215
437,-1,199.9,183.9,10.1,54.1,0.210
437,-1,553.8,133.9,52.1,123.7,0.104
437,-1,573.7,120.7,55.5,201.3,0.094
437,-1,135.8,193.8,11.7,35.0,0.081
437,-1,181.2,173.7,15.2,51.6,0.081
437,-1,615.0,80.7,24.9,73.7,0.078
437,-1,616.4,74.1,23.5,271.4,0.073
437,-1,310.8,0.6,31.5,66.0,0.058
437,-1,180.1,171.1,9.1,51.7,0.057
437,-1,126.4,174.6,18.0,55.2,0.056
438,-1,143.3,148.7,42.3,122.3,0.999
438,-1,153.4,0.0,369.9,478.4,0.999
438,-1,83.6,147.9,48.3,120.2,0.998
438,-1,552.9,75.7,87.0,323.7,0.998
438,-1,203.1,174.5,26.1,71.4,0.995
438,-1,0.7,4.8,72.5,466.1,0.976
438,-1,393.0,136.8,39.6,142.5,0.933
438,-1,195.1,176.6,17.2,61.9,0.805
438,-1,384.3,120.0,16.7,75.8,0.208
438,-1,206.6,168.0,15.5,18.0,0.196
438,-1,0.0,61.0,75.2,225.6,0.178
438,-1,129.7,192.3,14.9,35.2,0.175
438,-1,126.4,194.9,11.1,33.0,0.147
438,-1,191.7,179.3,11.5,46.9,0.117
438,-1,389.3,126.5,47.2,245.2,0.091
438,-1,597.8,81.2,42.0,321.1,0.084
438,-1,122.0,173.6,18.0,55.0,0.081
438,-1,385.2,123.6,32.5,130.1,0.080
438,-1,11.2,29.1,164.0,448.8,0.078
438,-1,553.2,261.5,62.2,120.3,0.072
438,-1,179.0,191.5,13.4,31.4,0.072
438,-1,564.3,151.8,30.9,50.3,0.068
438,-1,55.4,189.1,26.6,40.4,0.064
438,-1,0.0,67.2,15.8,407.6,0.061
438,-1,206.8,172.7,23.2,38.5,0.058
439,-1,141.5,148.0,39.2,121.0,0.999
439,-1,81.4,146.7,47.8,121.7,0.999
439,-1,531.0,78.6,109.0,324.4,0.999
439,-1,166.6,0.9,333.1,479.1,0.999
439,-1,0.3,8.7,70.8,466.4,0.988
439,-1,386.0,136.5,48.0,176.8,0.978
439,-1,350.0,57.2,61.8,248.6,0.928
439,-1,387.1,135.8,34.3,87.8,0.350
439,-1,343.7,57.9,101.4,346.9,0.340
439,-1,555.4,155.9,30.0,48.3,0.209
439,-1,129.8,186.0,14.0,37.0,0.198
439,-1,0.1,67.9,73.3,214.3,0.125
439,-1,281.5,40.0,183.7,393.5,0.108
439,-1,125.4,194.1,13.2,32.2,0.097
439,-1,350.4,55.1,21.6,47.5,0.090
439,-1,553.6,156.4,36.2,88.6,0.071
439,-1,350.5,54.9,46.2,169.4,0.067
439,-1,547.5,157.2,26.2,53.4,0.064
439,-1,122.7,175.9,19.2,49.7,0.059
439,-1,188.7,197.6,12.4,39.7,0.059
439,-1,1.8,45.2,137.2,434.8,0.057
439,-1,602.7,102.6,37.1,299.9,0.056
439,-1,191.5,10.7,72.5,263.6,0.050
440,-1,523.1,78.3,116.9,326.5,0.999
440,-1,67.8,3.3,351.0,476.7,0.999
440,-1,365.8,137.5,58.6,175.6,0.996
440,-1,309.4,60.9,86.2,206.8,0.992
440,-1,77.8,147.0,45.8,103.9,0.983
440,-1,0.0,17.3,70.3,462.2,0.983
440,-1,287.7,57.6,109.4,326.9,0.159
440,-1,0.3,58.0,70.6,215.2,0.152
440,-1,223.6,44.8,190.3,410.0,0.104
440,-1,355.0,167.8,52.2,132.2,0.081
440,-1,585.2,62.5,53.1,76.0,0.080
441,-1,0.1,5.2,331.7,474.8,0.999
441,-1,526.6,78.9,113.4,330.5,0.999
441,-1,362.2,137.7,61.0,179.9,0.995
441,-1,278.7,64.3,113.4,221.0,0.993
441,-1,0.3,57.8,22.5,405.1,0.581
441,-1,621.0,78.7,19.0,81.8,0.570
441,-1,619.9,84.0,20.1,169.3,0.517
441,-1,5.2,8.2,162.2,471.8,0.454
441,-1,0.3,55.7,44.9,417.8,0.357
441,-1,1.6,18.5,86.1,453.6,0.273
441,-1,154.8,52.4,207.5,405.6,0.214
441,-1,354.2,199.1,43.7,102.9,0.173
441,-1,385.0,161.7,34.9,147.6,0.106
441,-1,101.3,243.0,247.8,227.8,0.102
441,-1,573.1,76.3,66.3,281.9,0.086
441,-1,623.7,77.4,16.2,49.2,0.082
441,-1,28.6,8.5,584.8,465.7,0.066
442,-1,524.6,81.0,105.6,312.8,0.999
442,-1,259.9,65.8,128.1,332.5,0.999
442,-1,362.0,137.2,54.1,176.5,0.995
442,-1,1.5,5.2,252.8,474.3,0.990
442,-1,601.5,76.7,38.0,265.5,0.912
442,-1,570.5,84.1,67.8,295.0,0.541
442,-1,614.2,89.9,25.8,191.5,0.423
442,-1,612.7,85.4,26.2,55.3,0.169
442,-1,0.0,6.1,75.0,468.9,0.128
442,-1,219.3,81.7,31.4,168.0,0.100
442,-1,345.1,179.4,48.2,106.3,0.068
443,-1,253.7,59.2,129.2,334.3,0.999
443,-1,515.6,76.4,104.7,308.1,0.999
443,-1,362.7,133.8,45.7,176.1,0.993
443,-1,586.7,88.8,53.3,255.9,0.980
443,-1,0.7,3.0,201.5,477.0,0.980
443,-1,176.2,30.0,45.9,223.6,0.635
443,-1,106.9,4.4,115.0,249.6,0.151
443,-1,340.9,167.9,50.6,115.2,0.078
443,-1,195.3,86.1,31.4,167.7,0.076
443,-1,7.7,16.2,621.8,455.8,0.066
443,-1,547.8,111.8,19.2,35.8,0.061
444,-1,249.6,65.7,121.5,317.0,0.999
444,-1,500.7,82.8,109.5,310.6,0.999
444,-1,145.7,153.4,35.7,118.6,0.998
444,-1,359.9,136.6,45.2,177.6,0.995
444,-1,593.7,89.3,46.3,247.3,0.990
444,-1,194.2,177.8,24.3,71.9,0.978
444,-1,2.1,4.0,136.9,465.1,0.847
444,-1,186.8,182.9,18.2,61.5,0.787
444,-1,563.6,85.0,65.2,290.5,0.603
444,-1,97.9,35.5,59.2,231.5,0.550
444,-1,199.0,172.7,15.2,18.2,0.200
444,-1,496.3,116.9,62.2,261.4,0.126
444,-1,189.1,200.3,10.9,42.6,0.106
444,-1,176.3,190.1,12.7,37.5,0.102
444,-1,122.8,251.5,38.6,24.5,0.097
444,-1,145.4,154.8,29.1,51.5,0.063
444,-1,30.6,6.3,464.5,462.6,0.058
444,-1,159.0,162.3,25.1,88.7,0.057
444,-1,551.2,151.5,61.5,243.7,0.056
444,-1,176.7,211.9,14.7,17.5,0.054
444,-1,203.1,184.2,13.9,62.7,0.053
444,-1,176.8,207.3,8.9,21.1,0.053
444,-1,123.3,255.2,23.7,19.2,0.052
445,-1,252.1,63.4,112.8,314.9,1.000
445,-1,141.4,155.5,42.9,115.5,0.999
445,-1,492.1,84.9,116.7,309.8,0.997
445,-1,99.4,152.3,35.1,118.8,0.995
445,-1,355.8,138.1,49.6,177.7,0.995
445,-1,588.7,88.8,51.3,255.3,0.991
445,-1,186.2,178.1,34.2,73.8,0.981
445,-1,0.0,0.0,103.2,480.0,0.920
445,-1,548.7,88.3,63.9,309.8,0.602
445,-1,0.0,0.0,218.8,477.6,0.448
445,-1,203.8,180.2,15.7,69.2,0.366
445,-1,15.7,10.7,95.4,280.8,0.301
445,-1,123.5,171.4,18.8,61.7,0.154
445,-1,627.5,105.6,12.5,29.5,0.126
445,-1,473.6,132.7,84.9,237.7,0.118
445,-1,0.0,48.0,589.6,421.1,0.087
445,-1,183.2,182.6,23.4,63.0,0.078
445,-1,179.1,183.1,12.4,46.7,0.054
446,-1,464.6,84.3,157.2,310.1,1.000
446,-1,143.7,156.6,44.0,115.8,0.999
446,-1,249.4,60.5,108.5,318.4,0.999
446,-1,93.9,152.2,45.0,118.5,0.998
446,-1,347.4,138.8,56.2,180.5,0.997
446,-1,577.5,80.7,62.5,293.1,0.995
446,-1,199.9,176.3,23.3,72.2,0.991
446,-1,0.1,7.3,96.1,442.0,0.991
446,-1,189.3,182.1,21.1,62.9,0.700
446,-1,205.0,171.0,13.0,19.6,0.395
446,-1,204.6,171.5,19.2,43.2,0.190
446,-1,1.9,74.7,94.1,220.7,0.157
446,-1,0.0,76.6,43.8,390.6,0.148
446,-1,0.2,63.5,37.4,244.8,0.136
446,-1,180.9,184.5,12.0,44.0,0.057
447,-1,470.5,80.8,157.0,322.7,1.000
447,-1,145.8,159.3,42.2,115.0,0.999
447,-1,238.5,61.3,112.1,324.1,0.999
447,-1,97.2,154.4,47.9,119.5,0.997
447,-1,341.7,142.1,63.5,181.0,0.997
447,-1,575.8,80.9,63.3,281.8,0.997
447,-1,197.3,182.7,27.2,69.4,0.987
447,-1,0.0,10.6,104.4,337.4,0.965
447,-1,191.3,184.9,21.8,62.2,0.824
447,-1,181.3,198.8,11.6,33.0,0.114
447,-1,472.5,117.8,68.8,253.0,0.091
447,-1,146.3,161.4,29.1,80.8,0.077
447,-1,190.7,206.6,14.8,38.5,0.063
448,-1,475.8,87.4,124.7,304.7,1.000
448,-1,237.5,62.4,108.1,326.2,0.999
448,-1,1.4,0.0,106.7,479.1,0.999
448,-1,146.1,157.0,40.0,113.9,0.999
448,-1,557.3,86.3,82.4,289.2,0.999
448,-1,341.3,141.0,63.5,180.2,0.998
448,-1,98.2,153.1,48.2,115.8,0.998
448,-1,197.4,180.8,28.4,68.9,0.989
448,-1,190.9,181.8,19.1,61.7,0.926
448,-1,617.5,112.9,20.5,27.9,0.410
448,-1,616.0,112.5,24.0,51.6,0.231
448,-1,87.4,155.5,18.7,35.9,0.176
448,-1,89.2,158.2,22.5,77.1,0.137
448,-1,472.9,93.5,71.2,282.8,0.099
448,-1,182.0,190.0,12.2,37.3,0.072
448,-1,0.7,21.4,41.9,449.7,0.069
448,-1,532.2,100.5,67.9,255.3,0.064
449,-1,240.6,66.5,103.0,328.2,0.999
449,-1,150.0,157.5,37.5,113.6,0.999
449,-1,0.5,0.0,111.6,479.4,0.999
449,-1,476.4,82.7,108.0,305.7,0.999
449,-1,543.1,86.7,96.3,290.5,0.999
449,-1,345.3,141.9,57.3,179.5,0.998
449,-1,103.8,156.7,46.3,115.0,0.997
449,-1,202.1,181.7,28.5,72.2,0.986
449,-1,194.4,185.0,17.4,60.2,0.935
449,-1,184.8,190.6,12.7,42.2,0.444
449,-1,605.9,158.8,33.7,222.3,0.282
449,-1,624.7,113.9,15.3,33.3,0.127
449,-1,622.4,107.8,17.6,242.4,0.089
449,-1,186.2,181.2,17.3,56.7,0.082
449,-1,0.0,2.7,106.7,247.0,0.069
449,-1,620.0,104.8,20.0,104.6,0.055
450,-1,0.1,0.0,120.0,480.0,0.999
450,-1,235.0,66.3,112.3,325.6,0.999
450,-1,158.4,157.0,39.3,113.7,0.999
450,-1,480.5,81.9,117.4,313.4,0.999
450,-1,342.9,139.5,63.5,174.3,0.997
450,-1,115.0,158.2,44.9,114.1,0.996
450,-1,552.8,89.2,85.6,265.3,0.995
450,-1,205.3,183.1,33.5,68.3,0.988
450,-1,203.2,182.2,20.3,61.8,0.594
450,-1,193.0,187.9,12.1,42.7,0.256
450,-1,354.4,138.5,50.5,93.7,0.239
450,-1,498.4,115.5,60.0,278.8,0.232
450,-1,103.0,154.6,18.1,39.0,0.198
450,-1,204.4,198.3,10.7,45.0,0.100
450,-1,104.9,162.9,20.5,68.6,0.099
450,-1,194.7,176.1,15.4,57.8,0.087
450,-1,108.8,171.4,11.8,29.8,0.084
451,-1,233.1,66.6,116.5,329.4,0.999
451,-1,0.1,0.9,130.5,478.3,0.999
451,-1,164.3,158.6,40.0,115.0,0.999
451,-1,485.0,84.6,118.1,316.2,0.999
451,-1,556.6,92.0,83.4,271.7,0.998
451,-1,353.3,138.8,63.5,177.8,0.998
451,-1,121.5,160.2,42.6,111.8,0.995
451,-1,218.3,184.3,23.4,67.4,0.983
451,-1,207.7,186.2,21.9,61.3,0.834
451,-1,215.4,193.6,10.8,52.8,0.372
451,-1,199.2,190.3,9.8,41.5,0.233
451,-1,105.5,157.0,19.7,49.0,0.224
451,-1,207.6,192.1,12.3,52.1,0.174
451,-1,224.4,184.8,16.5,43.8,0.164
451,-1,108.0,162.2,22.3,68.8,0.106
451,-1,141.7,159.1,45.0,113.1,0.098
451,-1,0.0,46.9,15.5,427.1,0.089
451,-1,116.7,173.6,10.1,20.6,0.082
451,-1,196.1,177.7,9.9,53.9,0.072
451,-1,202.2,200.8,8.3,31.0,0.065
451,-1,114.6,172.5,12.5,37.2,0.058
451,-1,228.6,189.2,14.1,59.0,0.057
451,-1,183.8,165.7,21.2,55.6,0.053
452,-1,0.1,1.0,138.9,478.5,1.000
452,-1,479.7,89.2,141.6,317.6,0.999
452,-1,228.8,63.7,121.1,321.7,0.999
452,-1,171.8,158.4,39.4,115.9,0.998
452,-1,360.9,139.1,65.6,180.6,0.997
452,-1,568.3,88.4,70.4,282.6,0.996
452,-1,131.2,158.9,42.2,110.9,0.996
452,-1,214.6,187.2,22.8,58.1,0.896
452,-1,350.3,194.8,50.5,116.1,0.404
452,-1,223.5,197.2,24.1,54.6,0.200
452,-1,124.0,172.4,11.5,29.9,0.117
452,-1,207.8,193.6,9.0,38.7,0.100
452,-1,153.7,160.5,45.2,113.0,0.097
452,-1,114.2,151.3,22.0,47.8,0.095
452,-1,192.3,161.7,20.5,52.5,0.095
452,-1,0.4,18.8,61.9,454.9,0.077
452,-1,224.4,184.2,17.2,35.3,0.076
452,-1,0.0,30.7,20.7,410.0,0.060
452,-1,189.1,162.7,23.6,88.3,0.050
453,-1,486.5,84.6,139.2,321.3,0.999
453,-1,230.9,42.9,126.5,339.1,0.999
453,-1,0.0,0.0,152.5,477.0,0.999
453,-1,357.9,138.4,76.5,180.4,0.999
453,-1,181.1,157.7,36.1,113.3,0.998
453,-1,139.6,154.2,42.5,114.4,0.998
453,-1,576.0,81.5,61.5,298.0,0.997
453,-1,220.7,189.5,18.5,53.2,0.940
453,-1,231.1,192.3,23.6,57.5,0.570
453,-1,0.0,237.9,103.9,242.1,0.266
453,-1,212.9,196.1,9.6,32.5,0.153
453,-1,197.4,163.5,23.6,94.5,0.124
453,-1,356.2,201.1,53.9,105.0,0.105
453,-1,0.2,1.5,16.0,379.4,0.089
453,-1,125.5,150.4,17.6,38.6,0.079
453,-1,198.9,167.9,20.8,51.1,0.073
454,-1,239.2,50.8,129.1,341.3,1.000
454,-1,498.4,88.5,125.5,323.6,0.999
454,-1,2.4,0.5,161.0,479.2,0.999
454,-1,190.2,163.0,37.5,111.8,0.999
454,-1,369.3,143.4,73.9,181.6,0.999
454,-1,150.5,159.3,40.5,113.6,0.998
454,-1,585.0,83.8,54.4,300.6,0.997
454,-1,228.1,193.0,20.7,55.3,0.703
454,-1,243.0,190.4,21.0,64.5,0.487
454,-1,173.7,161.6,38.7,112.9,0.442
454,-1,0.0,40.5,23.1,404.1,0.119
454,-1,207.9,167.8,21.8,64.8,0.064
454,-1,6.5,247.0,112.6,231.8,0.053
455,-1,3.3,0.0,168.1,480.0,0.999
455,-1,252.9,54.8,126.0,343.7,0.999
455,-1,197.2,158.9,39.3,112.3,0.999
455,-1,498.6,79.9,111.2,314.6,0.999
455,-1,376.6,139.0,72.2,185.2,0.999
455,-1,159.3,158.5,40.2,110.6,0.997
455,-1,579.9,80.5,59.5,305.5,0.993
455,-1,235.9,188.7,17.9,56.2,0.922
455,-1,249.2,188.2,20.7,61.9,0.807
455,-1,1.5,22.6,84.4,456.4,0.778
455,-1,0.5,50.9,21.5,423.9,0.304
455,-1,0.2,18.3,23.8,240.1,0.116
455,-1,0.0,15.7,30.9,88.4,0.077
455,-1,0.6,289.4,74.0,190.6,0.075
455,-1,239.1,208.6,13.5,36.3,0.075
455,-1,216.8,165.1,19.9,58.4,0.052
456,-1,500.1,81.6,107.4,317.4,0.999
456,-1,205.6,159.5,37.2,112.5,0.999
456,-1,258.9,59.2,123.2,345.4,0.999
456,-1,5.8,0.5,174.8,478.2,0.999
456,-1,381.5,140.1,69.6,186.5,0.998
456,-1,168.2,160.5,36.5,109.0,0.995
456,-1,584.7,84.9,55.0,292.6,0.990
456,-1,257.3,187.6,17.9,65.3,0.925
456,-1,244.3,195.0,14.8,51.0,0.844
456,-1,197.1,164.1,17.7,60.7,0.134
456,-1,0.4,27.4,21.2,443.7,0.107
456,-1,238.9,190.8,17.3,44.1,0.072
456,-1,0.3,68.7,74.5,409.5,0.071
457,-1,481.0,83.8,131.5,327.4,1.000
457,-1,215.6,163.7,34.9,110.5,0.999
457,-1,266.4,58.8,124.9,354.2,0.999
457,-1,2.1,17.7,194.4,450.6,0.999
457,-1,385.3,140.0,66.9,186.3,0.999
457,-1,177.6,166.1,35.9,105.4,0.995
457,-1,602.0,91.3,37.4,286.9,0.992
457,-1,251.2,195.1,14.8,54.1,0.944
457,-1,260.1,189.5,19.9,65.4,0.707
457,-1,211.9,193.2,10.6,57.2,0.353
457,-1,1.1,132.6,85.1,347.4,0.208
457,-1,431.7,146.2,22.5,122.1,0.195
457,-1,265.4,222.0,12.8,33.8,0.182
457,-1,246.4,188.4,14.7,56.1,0.130
457,-1,380.5,187.6,55.5,128.4,0.108
457,-1,231.4,170.4,21.9,54.0,0.073
457,-1,257.0,190.8,13.1,58.0,0.062
458,-1,476.8,85.3,146.8,331.9,1.000
458,-1,6.3,2.6,198.4,471.8,0.999
458,-1,271.0,62.4,125.4,345.8,0.999
458,-1,221.2,159.8,36.7,112.6,0.999
458,-1,389.0,135.4,65.7,188.4,0.998
458,-1,605.6,85.8,34.0,301.9,0.993
458,-1,188.7,163.0,32.0,101.9,0.984
458,-1,216.7,189.6,11.6,58.8,0.849
458,-1,252.4,189.9,21.1,57.1,0.819
458,-1,269.4,193.6,17.3,57.9,0.653
458,-1,206.9,162.3,37.0,108.7,0.360
458,-1,441.5,139.9,20.2,101.6,0.153
458,-1,270.4,216.1,13.6,36.1,0.126
458,-1,235.8,164.1,23.8,48.2,0.068
458,-1,257.7,211.6,11.7,34.1,0.058
459,-1,489.3,92.5,149.9,331.4,1.000
459,-1,271.9,64.1,130.9,358.0,0.999
459,-1,229.8,166.3,35.6,113.3,0.999
459,-1,8.4,6.3,212.7,473.7,0.998
459,-1,395.3,141.6,70.4,190.1,0.997
459,-1,599.7,86.5,39.5,276.7,0.966
459,-1,205.0,173.8,30.2,81.6,0.807
459,-1,261.4,197.7,16.5,54.6,0.790
459,-1,272.6,194.4,20.7,64.5,0.784
459,-1,448.7,143.1,23.9,85.6,0.713
459,-1,221.8,191.2,16.2,63.4,0.710
459,-1,444.5,138.6,31.0,185.4,0.207
459,-1,609.9,220.9,30.0,130.2,0.113
459,-1,450.3,144.4,20.2,26.4,0.077
459,-1,212.1,171.3,36.7,108.0,0.071
459,-1,264.8,215.4,10.9,36.3,0.070
459,-1,246.4,173.7,21.1,68.6,0.066
459,-1,275.7,216.2,14.8,41.1,0.063
459,-1,488.8,119.7,75.6,274.2,0.060
460,-1,27.0,4.1,194.1,475.9,0.999
460,-1,496.2,85.7,140.9,337.9,0.999
460,-1,272.6,58.1,133.3,359.8,0.999
460,-1,233.6,167.8,35.2,107.7,0.999
460,-1,401.9,144.3,58.3,186.1,0.999
460,-1,606.6,79.2,32.6,306.0,0.976
460,-1,208.8,166.6,24.3,73.5,0.910
460,-1,272.9,192.0,22.4,65.2,0.690
460,-1,263.5,190.7,16.3,59.8,0.623
460,-1,608.0,229.7,31.8,143.0,0.264
460,-1,617.6,83.6,22.1,150.3,0.242
460,-1,452.5,141.2,24.1,87.7,0.201
460,-1,229.1,193.9,10.0,59.5,0.180
460,-1,216.2,174.3,21.6,79.9,0.138
460,-1,265.5,213.9,11.2,35.9,0.094
460,-1,251.7,174.1,23.1,74.1,0.058
460,-1,244.8,169.8,24.2,46.1,0.055
461,-1,55.3,0.0,178.5,480.0,1.000
461,-1,510.0,78.4,105.9,325.5,1.000
461,-1,275.0,51.8,132.4,343.9,0.999
461,-1,402.3,139.8,66.5,193.5,0.998
461,-1,238.0,167.5,34.7,107.7,0.998
461,-1,601.3,64.1,38.4,324.1,0.984
461,-1,219.0,172.5,24.3,80.9,0.894
461,-1,268.7,178.1,17.6,71.2,0.518
461,-1,278.7,192.9,24.0,63.0,0.498
461,-1,456.7,137.8,32.4,85.6,0.340
461,-1,221.2,174.1,19.7,48.3,0.321
461,-1,616.0,80.4,24.0,158.3,0.295
461,-1,623.8,83.0,16.2,58.4,0.143
461,-1,283.1,211.5,15.1,43.4,0.091
461,-1,239.6,167.4,24.4,52.9,0.087
461,-1,270.3,198.6,12.1,50.3,0.081
461,-1,256.0,171.1,23.5,74.4,0.071
461,-1,603.0,228.6,36.5,150.0,0.054
462,-1,57.6,0.0,178.2,480.0,1.000
462,-1,507.6,78.9,107.3,329.5,0.999
462,-1,276.6,50.1,129.4,347.9,0.999
462,-1,241.2,166.5,34.7,108.1,0.999
462,-1,400.9,141.7,66.7,193.9,0.997
462,-1,577.5,91.6,62.3,291.2,0.988
462,-1,459.1,136.9,37.8,89.4,0.530
462,-1,270.6,188.6,15.5,61.9,0.428
462,-1,224.9,177.0,20.5,47.7,0.346
462,-1,619.5,88.1,20.3,159.3,0.307
462,-1,622.8,83.2,16.9,51.4,0.160
462,-1,280.0,194.2,21.9,63.8,0.119
462,-1,224.0,181.5,23.6,71.9,0.071
462,-1,255.8,172.5,21.4,46.5,0.061
462,-1,463.5,141.7,49.1,124.5,0.060
462,-1,240.6,167.3,25.9,61.2,0.056
463,-1,280.5,60.2,120.7,351.0,0.999
463,-1,505.6,90.3,123.5,333.0,0.999
463,-1,50.7,0.0,195.4,479.8,0.999
463,-1,243.6,168.8,34.1,108.9,0.997
463,-1,403.7,146.0,64.2,194.8,0.997
463,-1,578.8,95.1,61.0,293.3,0.990
463,-1,460.7,139.9,39.7,83.6,0.619
463,-1,615.4,90.9,24.6,185.0,0.481
463,-1,227.4,183.1,17.6,46.2,0.443
463,-1,8.6,208.2,20.0,18.9,0.354
463,-1,453.9,140.5,41.5,128.5,0.286
463,-1,616.7,89.4,23.1,50.5,0.200
463,-1,271.4,181.3,20.2,76.3,0.129
463,-1,283.2,196.5,19.4,65.4,0.127
463,-1,458.2,144.7,56.0,180.4,0.067
463,-1,273.8,213.8,11.9,41.4,0.066
463,-1,499.6,177.1,18.6,37.4,0.061
464,-1,484.7,93.5,148.6,328.8,1.000
464,-1,45.3,0.0,199.2,478.8,0.999
464,-1,283.5,59.9,111.9,353.9,0.999
464,-1,240.4,167.7,34.4,106.4,0.998
464,-1,398.4,141.8,67.1,196.2,0.995
464,-1,584.4,87.6,55.2,305.5,0.989
464,-1,608.4,89.9,31.6,144.9,0.525
464,-1,1.8,203.6,20.8,20.2,0.464
464,-1,275.0,200.1,19.2,58.6,0.431
464,-1,459.7,140.7,40.5,102.8,0.283
464,-1,270.6,201.0,15.8,54.5,0.229
464,-1,451.1,135.3,59.6,199.8,0.100
464,-1,0.7,200.9,26.8,77.8,0.084
464,-1,271.3,208.8,9.5,44.7,0.064
464,-1,281.8,192.4,18.8,68.1,0.060
464,-1,225.9,183.2,16.6,42.4,0.058
464,-1,462.5,139.3,32.8,54.4,0.057
464,-1,2.1,203.7,27.1,40.9,0.056
465,-1,477.2,92.7,147.8,332.3,0.999
465,-1,285.0,55.8,104.3,361.7,0.999
465,-1,43.5,1.3,199.8,478.4,0.999
465,-1,237.3,167.0,36.7,107.0,0.997
465,-1,592.8,96.3,46.1,293.0,0.995
465,-1,393.4,140.9,71.0,190.3,0.994
465,-1,270.9,190.5,18.9,66.1,0.753
465,-1,222.2,180.6,17.5,43.1,0.246
465,-1,403.5,141.7,59.0,94.0,0.208
465,-1,269.5,191.0,11.9,62.6,0.152
465,-1,458.5,136.0,42.5,88.4,0.147
465,-1,382.9,205.4,55.6,119.8,0.103
465,-1,277.2,199.5,10.9,56.8,0.098
465,-1,466.3,135.3,33.1,56.2,0.083
465,-1,0.0,198.1,32.3,75.8,0.076
465,-1,252.9,173.8,22.2,81.4,0.064
466,-1,480.1,90.2,132.1,335.4,0.999
466,-1,280.3,54.9,105.0,364.4,0.999
466,-1,42.8,1.5,200.6,478.5,0.998
466,-1,238.7,166.4,37.4,108.5,0.998
466,-1,395.2,139.3,74.6,191.5,0.995
466,-1,597.4,84.7,42.2,313.6,0.994
466,-1,269.7,188.9,17.2,68.2,0.525
466,-1,407.8,141.6,54.1,103.0,0.198
466,-1,0.1,199.3,29.1,76.8,0.098
466,-1,462.4,136.5,34.3,69.6,0.091
466,-1,252.8,169.9,22.7,57.6,0.060
466,-1,471.9,135.4,28.0,47.2,0.051
467,-1,271.5,58.8,112.0,363.2,0.999
467,-1,482.6,88.5,109.2,322.9,0.999
467,-1,41.3,0.0,205.9,480.0,0.998
467,-1,394.3,140.6,75.0,190.0,0.997
467,-1,243.3,172.5,32.6,102.9,0.997
467,-1,585.7,84.1,53.9,314.9,0.996
467,-1,0.0,200.5,27.8,77.1,0.681
467,-1,0.0,199.8,15.1,19.7,0.294
467,-1,0.0,200.2,15.9,41.7,0.179
467,-1,224.4,175.4,14.4,41.4,0.152
467,-1,0.0,194.3,13.7,86.8,0.095
467,-1,0.0,196.3,6.0,76.8,0.092
467,-1,464.2,134.9,32.5,74.5,0.071
467,-1,391.5,203.1,55.7,123.7,0.063
467,-1,609.7,218.8,30.3,181.6,0.059
467,-1,430.4,150.8,60.1,165.6,0.053
468,-1,44.8,0.0,194.5,478.9,1.000
468,-1,463.9,82.7,110.2,321.1,1.000
468,-1,261.5,47.4,120.0,373.1,0.999
468,-1,572.3,83.2,66.6,309.9,0.998
468,-1,392.4,139.2,77.1,191.5,0.997
468,-1,239.3,165.9,35.0,104.8,0.992
468,-1,0.1,196.2,20.0,79.2,0.278
468,-1,271.9,198.7,20.5,55.4,0.248
468,-1,0.0,183.9,11.0,94.7,0.208
468,-1,0.0,195.0,5.2,85.8,0.185
468,-1,406.2,140.6,56.5,113.6,0.147
468,-1,239.3,167.1,22.5,57.5,0.095
468,-1,387.7,203.4,61.7,113.2,0.088
468,-1,248.6,159.0,38.5,105.8,0.088
468,-1,0.0,196.3,14.6,42.5,0.076
468,-1,0.6,198.2,36.8,79.9,0.054
468,-1,257.3,167.9,17.0,43.9,0.053
469,-1,42.2,0.0,197.3,480.0,1.000
469,-1,255.6,39.8,125.6,368.2,0.999
469,-1,441.3,79.2,126.6,327.9,0.999
469,-1,560.5,86.8,76.4,300.2,0.998
469,-1,392.6,137.9,78.5,193.9,0.995
469,-1,240.8,163.9,31.6,102.5,0.969
469,-1,242.6,161.6,26.1,59.9,0.428
469,-1,236.2,184.1,12.9,36.4,0.359
469,-1,384.8,190.7,61.1,124.1,0.208
469,-1,268.9,191.4,18.2,60.5,0.207
469,-1,443.1,115.8,72.4,248.5,0.186
469,-1,563.1,233.4,76.6,171.5,0.142
469,-1,235.3,182.0,13.7,20.9,0.134
469,-1,0.1,184.3,18.5,79.8,0.131
469,-1,236.7,171.5,18.7,49.0,0.079
469,-1,432.6,149.0,50.5,178.1,0.053
470,-1,32.4,0.0,218.7,480.0,1.000
470,-1,257.2,37.7,131.3,363.2,1.000
470,-1,433.0,86.3,130.4,331.5,0.999
470,-1,553.8,84.2,84.3,299.6,0.998
470,-1,388.5,138.0,78.2,189.3,0.985
470,-1,247.0,172.1,33.0,97.1,0.964
470,-1,246.3,164.6,22.3,73.2,0.617
470,-1,248.2,174.0,17.3,45.4,0.320
470,-1,0.1,194.6,21.0,71.8,0.246
470,-1,239.9,182.7,10.1,22.0,0.176
470,-1,575.9,273.6,49.2,108.3,0.102
470,-1,426.7,130.4,78.7,238.5,0.097
470,-1,239.9,182.0,11.9,37.0,0.085
470,-1,0.2,177.4,12.4,94.7,0.081
470,-1,242.4,174.0,20.6,81.6,0.079
470,-1,0.0,183.5,5.4,90.5,0.076
470,-1,275.5,186.8,13.9,66.7,0.072
470,-1,248.9,174.6,29.2,51.7,0.053
470,-1,415.3,139.7,43.4,50.2,0.051
471,-1,43.0,0.0,212.4,480.0,1.000
471,-1,258.7,35.0,135.7,364.0,0.999
471,-1,437.8,88.8,129.2,327.1,0.999
471,-1,550.1,85.3,89.5,298.7,0.998
471,-1,393.1,136.9,75.0,191.6,0.993
471,-1,254.9,175.8,28.6,93.0,0.772
471,-1,0.0,192.8,22.1,77.9,0.274
471,-1,44.6,21.2,98.9,455.8,0.128
471,-1,393.3,194.7,54.9,118.0,0.123
471,-1,250.3,172.8,19.9,66.6,0.113
471,-1,436.3,115.6,75.2,260.7,0.113
471,-1,0.0,191.0,6.2,85.2,0.083
471,-1,411.2,137.1,55.4,111.3,0.074
471,-1,253.7,174.4,27.9,52.8,0.064
472,-1,49.6,0.2,208.6,479.8,1.000
472,-1,441.1,82.1,123.8,331.8,1.000
472,-1,264.0,33.2,132.9,376.9,0.999
472,-1,557.5,74.2,81.7,316.8,0.998
472,-1,395.4,131.9,76.6,191.8,0.992
472,-1,258.7,163.7,29.1,103.3,0.689
472,-1,0.2,196.6,22.7,69.1,0.166
472,-1,255.4,165.5,20.6,77.3,0.156
472,-1,0.0,183.8,2.3,101.5,0.057
473,-1,442.8,82.2,111.2,318.9,1.000
473,-1,57.5,0.0,203.6,480.0,1.000
473,-1,266.3,29.7,128.0,383.0,0.999
473,-1,570.8,72.9,67.7,313.7,0.998
473,-1,393.6,128.2,73.8,198.5,0.993
473,-1,0.1,191.6,17.1,285.9,0.428
473,-1,0.0,188.8,13.0,65.5,0.181
473,-1,256.4,161.8,20.3,47.8,0.125
473,-1,421.7,233.0,38.5,88.9,0.099
473,-1,1.4,161.3,56.6,316.8,0.099
473,-1,0.0,289.9,11.5,185.1,0.095
473,-1,0.0,180.9,7.6,52.6,0.091
473,-1,256.1,168.4,27.9,77.9,0.077
473,-1,384.2,139.5,61.2,151.2,0.055
473,-1,45.2,142.0,135.5,327.9,0.052
474,-1,451.0,82.0,101.4,313.2,1.000
474,-1,70.9,0.0,211.0,477.6,1.000
474,-1,272.2,30.4,122.0,389.5,0.999
474,-1,542.7,74.8,96.4,315.7,0.999
474,-1,395.4,128.4,66.9,198.8,0.996
474,-1,0.1,157.0,26.7,299.6,0.429
474,-1,528.5,106.0,23.7,28.2,0.150
474,-1,619.0,251.2,20.9,146.0,0.091
474,-1,0.5,61.6,46.1,417.4,0.052
475,-1,533.7,78.0,106.3,289.6,1.000
475,-1,449.3,81.3,111.2,321.1,0.999
475,-1,277.5,31.2,121.5,388.6,0.999
475,-1,71.9,0.4,218.3,479.6,0.999
475,-1,402.6,128.6,63.0,200.7,0.994
475,-1,0.2,203.9,14.2,49.9,0.663
475,-1,0.0,187.4,13.3,42.4,0.370
475,-1,530.8,102.1,32.4,71.1,0.366
475,-1,530.7,102.0,32.7,33.8,0.195
475,-1,0.0,143.6,18.0,281.9,0.079
475,-1,402.0,98.0,124.3,296.4,0.067
475,-1,529.2,102.8,34.0,155.0,0.063
475,-1,293.6,79.5,29.4,30.1,0.062
476,-1,280.8,35.8,120.5,390.6,0.999
476,-1,447.3,82.4,123.5,328.6,0.999
476,-1,534.2,80.2,105.2,289.0,0.999
476,-1,59.3,2.0,236.1,478.0,0.999
476,-1,410.0,132.8,63.1,198.7,0.934
476,-1,0.0,189.0,15.3,48.5,0.729
476,-1,0.1,242.5,41.6,198.9,0.659
476,-1,0.0,191.1,12.6,29.0,0.410
476,-1,0.0,205.2,16.4,58.8,0.281
476,-1,0.1,212.4,15.0,23.7,0.201
476,-1,0.0,94.6,47.2,365.9,0.196
476,-1,534.7,104.1,36.9,81.7,0.135
476,-1,424.6,134.1,38.5,68.1,0.132
476,-1,535.4,101.0,34.3,36.6,0.099
476,-1,0.0,196.0,7.0,73.1,0.091
476,-1,427.9,254.7,40.4,74.6,0.089
476,-1,0.0,189.7,7.4,47.3,0.088
476,-1,0.7,192.1,41.1,53.0,0.083
476,-1,0.0,197.8,41.6,158.2,0.069
477,-1,280.4,30.5,124.4,402.0,0.999
477,-1,452.4,85.8,125.1,322.3,0.999
477,-1,65.8,0.0,232.6,479.6,0.999
477,-1,535.7,75.2,103.7,305.9,0.999
477,-1,408.9,133.8,62.4,196.9,0.963
477,-1,421.6,134.1,43.6,72.6,0.805
477,-1,539.2,99.2,40.6,119.9,0.732
477,-1,0.0,197.9,15.8,70.7,0.456
477,-1,0.0,187.9,9.4,48.1,0.413
477,-1,0.0,204.4,40.1,236.2,0.372
477,-1,542.5,100.5,34.3,61.1,0.147
477,-1,0.0,209.7,32.0,57.5,0.126
477,-1,13.9,194.2,15.7,27.2,0.111
477,-1,528.8,100.5,55.1,178.6,0.096
477,-1,0.0,203.3,16.5,35.0,0.059
477,-1,0.0,199.8,14.8,188.7,0.054
478,-1,281.4,29.1,121.5,389.4,0.999
478,-1,445.6,82.0,129.5,330.8,0.999
478,-1,56.1,1.1,245.6,477.9,0.999
478,-1,537.2,74.0,102.8,308.7,0.999
478,-1,399.8,131.6,67.7,197.0,0.933
478,-1,0.0,201.2,34.2,234.6,0.881
478,-1,419.5,134.5,44.3,87.8,0.837
478,-1,539.9,98.9,35.1,88.5,0.508
478,-1,7.1,191.7,15.5,27.2,0.149
478,-1,566.9,78.1,20.0,59.6,0.128
478,-1,616.0,105.5,24.0,23.7,0.117
478,-1,0.0,180.2,3.5,71.0,0.107
478,-1,615.6,86.8,24.4,56.7,0.065
478,-1,542.6,94.0,33.4,51.7,0.065
478,-1,1.1,252.7,47.6,225.7,0.059
478,-1,1.7,148.0,64.5,320.8,0.051
479,-1,547.1,75.3,92.9,326.1,1.000
479,-1,276.5,31.8,125.4,376.0,0.999
479,-1,442.9,87.0,126.3,329.3,0.999
479,-1,67.9,0.2,246.3,479.8,0.999
479,-1,384.8,133.5,74.5,190.4,0.898
479,-1,415.6,139.2,46.4,84.0,0.818
479,-1,537.6,86.3,35.8,95.2,0.558
479,-1,0.0,101.5,22.7,350.2,0.123
479,-1,537.4,103.8,29.2,49.4,0.100
480,-1,549.5,75.9,85.9,326.9,0.999
480,-1,274.8,37.9,123.4,380.9,0.999
480,-1,441.8,87.6,114.7,319.3,0.999
480,-1,70.5,0.0,229.1,476.1,0.999
480,-1,389.3,134.0,69.9,187.2,0.879
480,-1,0.0,78.2,26.2,342.3,0.805
480,-1,417.2,139.7,43.9,96.1,0.610
480,-1,0.1,126.8,29.8,133.7,0.229
480,-1,425.5,129.1,39.8,206.8,0.135
480,-1,541.0,106.2,22.7,76.7,0.132
480,-1,1.7,91.6,61.6,377.3,0.052
481,-1,435.9,82.5,106.9,318.9,0.999
481,-1,266.1,27.2,122.0,392.8,0.999
481,-1,64.5,0.0,229.1,480.0,0.998
481,-1,534.0,76.7,97.5,326.0,0.998
481,-1,391.9,129.1,62.8,199.2,0.884
481,-1,418.4,133.4,35.0,70.7,0.561
481,-1,0.2,94.3,25.9,148.7,0.496
481,-1,431.1,133.2,22.0,29.8,0.152
481,-1,0.0,61.5,34.8,351.2,0.098
481,-1,393.0,232.9,47.5,71.2,0.066
481,-1,408.6,108.5,84.2,257.8,0.052
482,-1,417.1,85.1,114.8,318.9,1.000
482,-1,266.5,31.1,110.3,396.2,0.999
482,-1,515.9,77.5,114.6,330.2,0.998
482,-1,51.4,0.1,236.2,479.9,0.998
482,-1,389.0,132.3,60.8,191.0,0.718
482,-1,0.0,94.2,31.0,151.9,0.608
482,-1,510.4,83.7,41.1,93.3,0.424
482,-1,425.2,133.6,21.8,35.3,0.414
482,-1,0.0,70.5,39.5,295.5,0.262
482,-1,408.8,133.3,39.0,94.3,0.235
482,-1,510.2,92.3,37.5,152.9,0.225
482,-1,286.8,79.9,20.8,13.7,0.106
482,-1,416.5,133.8,30.1,49.6,0.079
482,-1,513.6,275.9,53.6,94.9,0.071
482,-1,384.5,203.3,48.6,119.1,0.065
482,-1,409.8,156.0,27.8,49.9,0.056
483,-1,399.5,95.6,121.9,321.0,1.000
483,-1,507.2,85.6,118.2,330.2,0.999
483,-1,261.7,39.1,104.3,407.3,0.999
483,-1,44.7,0.0,239.8,480.0,0.998
483,-1,380.0,142.9,66.3,178.1,0.901
483,-1,384.3,198.8,49.2,117.1,0.352
483,-1,570.8,96.3,15.8,35.6,0.228
483,-1,569.9,97.1,53.3,125.4,0.191
483,-1,0.5,65.3,24.8,309.4,0.163
483,-1,0.3,121.8,24.9,131.3,0.145
483,-1,50.8,0.0,101.9,476.9,0.117
483,-1,0.0,88.1,38.0,368.8,0.104
483,-1,405.3,142.4,32.9,76.7,0.075
483,-1,570.8,96.6,36.9,66.2,0.075
483,-1,363.4,197.7,23.4,56.5,0.057
483,-1,113.3,131.8,150.0,348.2,0.056
483,-1,420.1,141.9,21.9,28.2,0.054
483,-1,280.7,89.3,22.4,13.2,0.052
484,-1,510.1,86.3,106.8,329.0,0.999
484,-1,396.5,95.8,115.8,323.5,0.999
484,-1,20.1,0.0,267.8,480.0,0.999
484,-1,254.1,46.3,103.7,401.7,0.999
484,-1,563.3,95.8,48.1,79.4,0.695
484,-1,563.2,96.8,57.5,140.1,0.622
484,-1,394.1,133.1,61.4,248.6,0.469
484,-1,497.4,109.7,35.3,171.7,0.417
484,-1,0.0,140.2,41.4,335.8,0.256
484,-1,502.4,106.7,30.6,70.6,0.239
484,-1,393.8,270.1,25.9,52.6,0.212
484,-1,379.5,216.0,39.8,106.2,0.211
484,-1,563.2,95.6,27.1,46.2,0.171
484,-1,398.8,145.2,31.7,89.7,0.120
484,-1,397.3,179.7,21.7,45.6,0.085
484,-1,100.4,128.2,143.8,349.3,0.076
484,-1,382.5,149.1,47.0,185.0,0.073
484,-1,507.6,92.0,29.0,68.4,0.073
484,-1,500.7,119.7,28.0,95.4,0.067
484,-1,361.6,200.3,23.6,55.6,0.053
485,-1,508.8,86.9,105.1,319.8,0.999
485,-1,397.3,97.0,113.6,326.9,0.999
485,-1,249.7,41.7,102.2,411.9,0.998
485,-1,20.4,0.0,261.1,480.0,0.998
485,-1,561.5,96.3,52.8,102.5,0.730
485,-1,506.1,89.9,28.3,82.2,0.369
485,-1,503.7,97.1,28.5,176.1,0.318
485,-1,561.1,93.9,61.9,183.6,0.267
485,-1,505.3,111.8,22.9,76.5,0.263
485,-1,0.1,196.7,27.2,273.8,0.207
485,-1,562.5,94.0,33.7,57.1,0.164
485,-1,0.4,68.4,38.1,409.2,0.090
485,-1,0.0,2.9,74.9,474.4,0.084
485,-1,392.4,139.6,57.6,247.8,0.058
485,-1,112.2,162.4,138.0,314.1,0.058
485,-1,9.6,65.6,151.2,403.7,0.054
485,-1,508.0,116.3,18.9,44.1,0.052
486,-1,395.5,92.1,103.1,317.4,0.999
486,-1,504.6,81.9,101.1,315.4,0.999
486,-1,9.3,0.0,281.3,478.3,0.999
486,-1,246.6,40.8,101.4,395.8,0.999
486,-1,560.1,91.7,63.3,207.4,0.902
486,-1,0.0,209.7,31.1,255.3,0.809
486,-1,558.6,90.0,67.8,106.7,0.361
486,-1,0.1,99.1,43.6,373.1,0.267
486,-1,0.0,27.2,76.5,447.4,0.118
486,-1,555.4,96.7,17.2,32.0,0.111
486,-1,101.0,124.7,172.8,354.8,0.100
486,-1,503.1,94.3,26.5,183.8,0.095
487,-1,487.6,85.8,111.7,326.6,1.000
487,-1,393.3,93.8,101.4,316.8,0.999
487,-1,5.1,2.0,285.8,476.3,0.999
487,-1,242.5,39.0,100.9,389.3,0.998
487,-1,562.2,93.8,67.5,192.5,0.894
487,-1,0.0,185.2,45.0,293.2,0.782
487,-1,548.4,98.0,21.6,34.3,0.244
487,-1,108.5,62.5,162.5,416.4,0.202
487,-1,3.4,23.2,99.8,455.9,0.142
487,-1,549.1,98.1,62.4,139.2,0.131
487,-1,549.3,99.2,29.1,48.2,0.098
487,-1,548.8,96.8,44.2,82.4,0.088
487,-1,2.7,213.5,85.9,264.3,0.059
487,-1,556.6,92.4,63.7,92.2,0.059
488,-1,388.5,97.2,105.0,322.3,0.999
488,-1,9.2,0.2,284.5,478.7,0.999
488,-1,462.7,90.6,132.0,329.1,0.999
488,-1,243.8,37.3,97.3,385.2,0.998
488,-1,568.0,93.3,68.4,143.3,0.905
488,-1,0.0,209.9,32.3,240.2,0.676
488,-1,549.7,99.2,25.0,47.8,0.424
488,-1,116.1,69.6,165.9,409.2,0.366
488,-1,0.0,132.5,49.1,335.6,0.346
488,-1,548.9,99.8,40.7,94.7,0.116
488,-1,351.0,138.7,64.1,181.3,0.111
488,-1,0.0,183.9,28.0,80.7,0.078
488,-1,618.9,87.5,20.9,159.6,0.068
489,-1,382.7,98.3,110.7,324.2,0.999
489,-1,453.8,89.8,132.4,329.4,0.999
489,-1,4.0,0.0,289.0,478.7,0.999
489,-1,245.7,32.2,91.3,381.5,0.998
489,-1,559.8,86.5,77.9,145.1,0.883
489,-1,0.0,187.9,29.5,220.7,0.811
489,-1,551.6,95.9,26.0,51.4,0.238
489,-1,0.0,166.6,62.9,306.0,0.200
489,-1,0.2,211.2,18.2,175.7,0.103
489,-1,537.0,102.0,29.5,45.3,0.091
489,-1,0.0,80.6,38.6,375.6,0.082
489,-1,560.8,91.0,76.1,277.9,0.069
489,-1,0.1,196.6,26.8,100.7,0.056
489,-1,0.0,244.3,7.9,233.7,0.055
490,-1,455.3,93.1,132.9,327.4,0.999
490,-1,375.4,101.3,117.0,324.9,0.999
490,-1,2.7,0.0,285.2,475.8,0.998
490,-1,249.3,34.1,80.4,350.0,0.997
490,-1,564.5,84.6,73.0,132.7,0.887
490,-1,578.2,77.3,61.3,251.3,0.774
490,-1,582.4,83.4,40.7,54.5,0.313
490,-1,142.7,3.4,133.8,466.4,0.301
490,-1,534.4,101.4,31.1,56.8,0.227
490,-1,375.4,285.2,24.3,46.0,0.224
490,-1,554.9,103.3,22.3,76.6,0.157
490,-1,372.8,144.9,31.9,65.2,0.142
490,-1,383.0,145.2,24.8,33.9,0.125
490,-1,476.3,88.6,97.2,224.8,0.113
490,-1,560.1,90.6,24.0,47.8,0.112
490,-1,0.0,79.0,10.8,180.5,0.095
490,-1,192.1,223.2,89.8,249.1,0.085
490,-1,525.4,96.7,55.9,90.0,0.070
490,-1,559.1,94.9,29.5,83.6,0.070
490,-1,558.6,101.8,16.0,40.5,0.064
490,-1,565.6,88.9,41.5,59.5,0.062
490,-1,554.8,85.4,73.0,77.3,0.056
490,-1,546.5,95.5,48.8,112.4,0.053
490,-1,371.4,143.5,43.2,192.9,0.051
491,-1,0.6,0.0,293.4,479.5,0.999
491,-1,461.8,95.7,117.2,321.6,0.999
491,-1,376.3,101.8,109.9,330.9,0.999
491,-1,251.2,38.2,75.9,326.2,0.997
491,-1,567.2,84.0,71.3,132.2,0.806
491,-1,585.9,83.1,45.0,65.1,0.565
491,-1,153.5,2.9,135.7,471.0,0.458
491,-1,368.1,280.8,24.6,54.3,0.406
491,-1,557.9,75.4,80.0,237.9,0.337
491,-1,524.1,102.1,45.1,68.5,0.297
491,-1,365.1,142.0,40.2,195.0,0.209
491,-1,562.6,92.6,29.0,80.4,0.147
491,-1,209.4,31.8,96.0,360.1,0.136
491,-1,326.6,121.5,77.1,216.6,0.129
491,-1,528.0,91.1,65.3,98.4,0.089
491,-1,572.7,167.7,61.5,154.5,0.078
491,-1,557.7,95.4,45.2,112.8,0.077
491,-1,565.3,92.5,25.5,36.4,0.077
491,-1,555.7,101.0,22.3,77.9,0.072
491,-1,0.0,110.1,17.0,364.2,0.063
491,-1,567.9,91.1,29.0,56.6,0.057
491,-1,119.2,127.1,130.2,346.6,0.051
492,-1,0.8,0.0,297.6,479.0,1.000
492,-1,468.5,86.0,80.5,318.9,0.999
492,-1,374.6,97.1,109.0,323.1,0.999
492,-1,252.1,38.1,76.2,313.7,0.995
492,-1,573.1,79.1,64.6,130.4,0.849
492,-1,578.2,73.2,61.8,253.6,0.565
492,-1,527.2,97.0,51.0,75.5,0.509
492,-1,158.8,0.0,142.4,476.1,0.487
492,-1,567.5,170.8,67.5,150.5,0.373
492,-1,212.2,35.1,114.1,443.7,0.307
492,-1,570.4,86.6,24.5,44.7,0.202
492,-1,585.7,78.1,49.5,69.8,0.163
492,-1,532.2,92.5,60.5,118.9,0.153
492,-1,556.2,89.7,44.2,113.4,0.151
492,-1,584.8,166.7,46.4,43.4,0.093
492,-1,367.5,138.7,47.3,198.2,0.090
492,-1,567.0,100.0,21.0,100.8,0.084
492,-1,577.4,167.3,56.2,87.6,0.083
492,-1,124.9,79.7,132.6,393.0,0.065
492,-1,320.8,115.3,79.0,219.4,0.064
492,-1,191.0,33.3,107.9,294.6,0.055
492,-1,577.1,85.9,30.3,70.3,0.055
492,-1,579.1,86.6,19.8,38.9,0.053
492,-1,559.2,97.6,24.7,83.0,0.052
492,-1,507.3,99.5,77.8,258.3,0.051
492,-1,0.0,15.7,84.7,462.2,0.051
493,-1,0.0,0.0,299.9,479.7,0.999
493,-1,375.6,93.5,102.7,320.5,0.999
493,-1,466.9,88.7,95.1,323.7,0.999
493,-1,244.3,41.0,83.0,306.6,0.993
493,-1,130.6,60.3,146.7,417.4,0.634
493,-1,601.0,75.6,39.0,72.6,0.512
493,-1,588.0,84.3,50.7,114.6,0.488
493,-1,533.9,95.6,50.3,89.6,0.325
493,-1,580.6,85.8,27.5,53.8,0.190
493,-1,583.2,83.3,56.7,229.4,0.190
493,-1,325.5,125.7,76.7,196.9,0.154
493,-1,535.7,81.8,96.7,126.5,0.150
493,-1,531.6,85.3,101.5,240.6,0.094
493,-1,577.2,94.0,18.4,37.1,0.092
493,-1,189.0,44.2,122.9,290.9,0.063
493,-1,560.1,155.6,76.6,171.0,0.062
493,-1,0.1,20.2,19.1,423.9,0.057
493,-1,0.8,29.2,46.8,429.5,0.054
493,-1,0.3,9.2,88.1,469.6,0.052
494,-1,373.0,94.6,103.4,323.1,0.999
494,-1,463.0,90.3,94.9,329.1,0.999
494,-1,0.0,0.0,295.2,480.0,0.997
494,-1,239.1,39.8,90.3,338.2,0.997
494,-1,366.2,146.1,30.8,70.1,0.495
494,-1,200.6,29.2,117.0,450.8,0.303
494,-1,374.1,145.6,24.1,44.7,0.280
494,-1,0.0,17.3,15.8,420.2,0.209
494,-1,586.5,72.7,52.9,137.6,0.182
494,-1,535.2,84.4,78.1,116.4,0.145
494,-1,0.0,0.0,58.4,474.8,0.141
494,-1,0.0,39.8,6.4,267.9,0.134
494,-1,328.1,142.7,68.7,175.1,0.125
494,-1,5.6,5.5,147.8,474.5,0.111
494,-1,118.9,56.9,167.8,421.0,0.072
494,-1,573.2,210.8,54.6,113.3,0.065
494,-1,0.0,38.5,10.4,184.8,0.060
495,-1,365.5,93.9,110.1,322.6,1.000
495,-1,460.5,90.3,99.1,335.1,0.998
495,-1,232.3,27.1,101.1,353.4,0.997
495,-1,0.0,1.7,273.3,477.0,0.996
495,-1,363.8,136.7,36.2,76.5,0.741
495,-1,336.3,132.9,64.1,185.1,0.460
495,-1,377.2,137.5,22.2,39.2,0.236
495,-1,163.8,32.5,139.4,443.1,0.154
495,-1,485.1,86.7,123.9,304.0,0.100
495,-1,351.6,135.2,45.6,108.9,0.094
495,-1,360.3,135.3,51.5,206.2,0.069
495,-1,570.0,180.7,67.6,131.2,0.054
495,-1,2.8,45.9,128.4,423.9,0.052
496,-1,367.0,97.0,110.9,326.6,1.000
496,-1,462.2,89.9,106.0,333.6,0.999
496,-1,231.5,25.1,105.2,358.8,0.997
496,-1,1.7,0.5,270.5,476.9,0.995
496,-1,343.1,135.3,57.6,199.5,0.869
496,-1,364.4,135.3,36.2,86.4,0.824
496,-1,341.4,219.1,47.6,119.8,0.373
496,-1,165.7,18.0,136.4,457.5,0.127
496,-1,376.5,135.7,25.5,30.8,0.085
496,-1,545.1,75.6,93.4,191.5,0.080
496,-1,228.9,69.0,23.2,23.0,0.051
497,-1,464.3,83.5,106.0,343.0,0.999
497,-1,371.6,98.3,105.9,330.1,0.999
497,-1,231.3,26.1,104.9,349.5,0.998
497,-1,1.8,0.0,270.5,477.9,0.987
497,-1,342.4,131.4,57.9,211.2,0.948
497,-1,359.3,136.7,40.2,89.9,0.744
497,-1,342.1,229.0,47.9,108.3,0.222
497,-1,59.3,78.4,143.0,401.6,0.161
497,-1,554.6,77.9,83.5,236.8,0.111
497,-1,153.2,18.5,177.6,448.8,0.109
497,-1,3.5,14.9,138.9,462.1,0.100
497,-1,556.3,76.9,77.0,126.1,0.087
497,-1,368.5,138.9,31.5,58.4,0.076
497,-1,81.8,271.1,142.7,205.1,0.072
497,-1,0.0,314.7,12.1,153.4,0.068
497,-1,375.9,128.7,47.8,261.7,0.066
497,-1,0.0,74.9,45.6,401.8,0.060
497,-1,377.4,139.1,22.3,28.6,0.058
498,-1,376.7,93.5,98.8,335.5,0.999
498,-1,472.1,87.7,92.6,331.4,0.999
498,-1,2.8,2.6,282.1,476.9,0.998
498,-1,223.7,25.3,109.7,368.9,0.994
498,-1,341.5,137.8,61.5,196.2,0.961
498,-1,362.7,140.7,35.0,82.8,0.811
498,-1,564.7,79.2,74.5,184.3,0.425
498,-1,1.4,1.3,108.6,475.8,0.171
498,-1,341.7,216.9,49.2,119.6,0.166
498,-1,0.2,33.0,17.7,434.5,0.140
498,-1,65.2,100.2,162.1,379.1,0.127
498,-1,153.1,19.2,160.4,460.8,0.113
498,-1,70.2,294.1,150.6,182.9,0.100
498,-1,0.0,298.6,36.1,181.4,0.074
498,-1,0.2,0.1,102.7,46.4,0.061
498,-1,375.9,140.7,22.1,29.4,0.060
498,-1,3.5,0.0,148.2,203.4,0.058
498,-1,0.0,0.2,146.6,96.5,0.057
498,-1,374.6,134.2,44.8,253.6,0.054
498,-1,0.1,242.9,82.4,231.7,0.051
498,-1,0.1,9.8,41.6,451.1,0.051
498,-1,0.2,0.9,81.1,80.5,0.051
499,-1,378.2,91.1,98.3,329.9,0.999
499,-1,470.7,86.5,105.6,321.2,0.999
499,-1,231.6,23.1,97.4,325.4,0.996
499,-1,0.9,0.9,276.3,477.2,0.995
499,-1,340.1,137.0,59.9,201.8,0.941
499,-1,360.3,136.3,40.3,78.8,0.605
499,-1,572.5,74.5,67.5,231.5,0.566
499,-1,30.5,299.7,169.7,179.6,0.329
499,-1,193.6,5.0,131.5,464.8,0.319
499,-1,0.9,294.6,86.0,185.4,0.262
499,-1,47.3,105.9,170.4,369.8,0.234
499,-1,1.3,165.8,100.7,302.7,0.182
499,-1,573.1,196.9,65.8,122.5,0.171
499,-1,370.8,138.5,29.4,47.6,0.102
499,-1,574.5,67.9,64.9,122.6,0.087
499,-1,0.5,14.8,41.0,462.0,0.063
499,-1,0.0,321.9,26.4,155.6,0.057
499,-1,0.0,167.1,27.8,302.7,0.052
500,-1,378.5,92.9,103.6,321.1,0.999
500,-1,470.4,86.0,106.9,326.5,0.999
500,-1,0.6,0.0,279.9,476.7,0.996
500,-1,225.4,30.8,98.3,360.2,0.989
500,-1,341.6,135.1,56.6,207.8,0.954
500,-1,357.7,140.0,39.1,99.0,0.784
500,-1,582.0,219.5,58.0,100.9,0.511
500,-1,0.2,306.3,25.4,169.9,0.263
500,-1,583.7,77.5,56.0,238.1,0.257
500,-1,0.3,70.5,16.6,404.2,0.223
500,-1,0.0,5.4,38.0,474.6,0.155
500,-1,195.4,175.1,116.4,298.9,0.086
500,-1,107.8,44.1,222.8,434.2,0.081
500,-1,205.2,29.0,19.8,24.5,0.071
500,-1,243.5,28.9,55.5,69.9,0.063
500,-1,1.4,293.9,59.0,184.0,0.063
501,-1,383.4,92.5,110.6,321.6,1.000
501,-1,464.8,84.2,111.2,335.2,0.999
501,-1,0.0,0.0,293.5,476.7,0.998
501,-1,347.4,133.1,54.7,211.9,0.973
501,-1,240.4,34.2,81.7,280.8,0.961
501,-1,204.0,27.4,113.7,439.6,0.822
501,-1,355.4,136.9,43.8,110.1,0.740
501,-1,593.9,64.6,45.3,251.1,0.522
501,-1,596.7,71.6,41.7,124.3,0.471
501,-1,363.5,132.6,31.7,76.0,0.231
501,-1,87.4,316.9,140.7,161.3,0.142
501,-1,83.3,164.6,188.6,310.8,0.122
501,-1,605.2,221.9,34.8,97.1,0.114
501,-1,0.0,8.2,14.0,461.2,0.104
501,-1,213.8,38.0,18.7,17.2,0.093
501,-1,0.0,7.5,39.2,472.2,0.082
501,-1,212.2,292.1,42.0,112.4,0.065
501,-1,200.0,248.2,110.1,229.9,0.058
501,-1,0.0,140.7,28.6,324.1,0.051
502,-1,388.8,96.9,113.8,326.8,0.999
502,-1,459.4,87.8,123.3,341.3,0.999
502,-1,0.0,0.2,304.3,479.4,0.999
502,-1,350.5,132.5,66.7,222.7,0.991
502,-1,244.2,31.7,75.4,224.0,0.981
502,-1,607.9,71.5,31.1,234.6,0.776
502,-1,198.1,38.2,120.8,422.0,0.538
502,-1,359.9,134.4,42.9,88.1,0.470
502,-1,0.0,15.5,45.5,460.1,0.441
502,-1,0.3,43.4,26.1,394.5,0.280
502,-1,616.7,221.2,23.3,95.7,0.262
502,-1,246.0,30.4,43.3,61.8,0.198
502,-1,356.5,226.5,61.7,123.0,0.137
502,-1,620.4,142.0,19.6,167.4,0.101
502,-1,361.5,112.5,94.7,290.2,0.093
502,-1,80.5,84.2,162.1,395.8,0.090
502,-1,7.6,314.7,233.2,164.7,0.087
502,-1,4.3,9.8,126.5,470.2,0.082
502,-1,612.5,73.5,26.6,95.4,0.068
502,-1,289.3,75.3,24.7,49.5,0.050
503,-1,390.4,95.5,113.9,326.7,1.000
503,-1,0.0,3.2,311.5,476.8,0.999
503,-1,465.3,82.7,122.6,340.8,0.999
503,-1,340.5,128.2,66.1,217.4,0.992
503,-1,251.6,23.2,69.5,213.4,0.956
503,-1,0.0,43.9,43.0,382.8,0.786
503,-1,247.7,18.5,41.6,57.3,0.414
503,-1,205.8,246.7,118.2,226.1,0.407
503,-1,0.0,10.4,97.2,461.7,0.392
503,-1,224.5,34.1,97.4,357.6,0.344
503,-1,204.8,0.2,64.1,31.0,0.224
503,-1,205.6,0.8,81.9,67.1,0.162
503,-1,331.5,177.3,64.5,140.8,0.090
503,-1,276.8,67.4,44.5,246.1,0.083
503,-1,113.8,6.0,208.4,326.7,0.072
503,-1,96.5,213.4,207.3,263.1,0.063
504,-1,478.3,78.0,115.9,339.8,0.999
504,-1,394.9,87.4,108.9,333.0,0.999
504,-1,4.3,5.1,316.4,474.9,0.999
504,-1,349.9,126.2,59.9,219.6,0.992
504,-1,277.0,51.6,47.2,140.3,0.669
504,-1,250.8,18.5,73.4,204.4,0.376
504,-1,252.8,14.0,35.4,42.8,0.320
504,-1,0.4,42.3,46.1,405.6,0.254
504,-1,165.7,34.0,155.8,442.5,0.154
504,-1,92.3,271.8,162.4,207.3,0.150
504,-1,219.6,16.0,107.4,334.1,0.124
504,-1,0.1,109.2,23.8,277.2,0.109
504,-1,0.1,5.9,106.0,470.4,0.086
504,-1,370.1,202.1,38.7,141.7,0.084
505,-1,486.0,80.1,108.4,331.2,0.999
505,-1,390.7,85.6,107.6,332.1,0.999
505,-1,1.9,0.0,330.2,477.3,0.996
505,-1,344.1,130.8,65.7,217.1,0.995
505,-1,366.2,246.9,46.6,103.1,0.428
505,-1,176.7,21.5,149.5,441.9,0.093
505,-1,1.8,46.9,87.2,417.7,0.056
505,-1,0.3,68.9,43.0,409.5,0.052
506,-1,390.2,83.2,99.6,317.0,0.999
506,-1,485.1,76.2,99.2,328.5,0.999
506,-1,338.9,128.6,66.0,216.2,0.993
506,-1,16.4,0.1,326.0,479.2,0.992
506,-1,18.5,63.7,58.1,304.2,0.280
506,-1,172.0,48.0,148.3,408.6,0.114
506,-1,5.0,2.1,119.8,433.6,0.092
506,-1,360.6,247.4,45.2,97.8,0.072
507,-1,388.2,84.0,98.8,322.5,0.999
507,-1,485.9,80.8,102.0,331.2,0.999
507,-1,334.5,132.4,69.7,211.4,0.997
507,-1,23.8,1.1,320.8,478.7,0.996
507,-1,9.0,82.8,68.8,239.4,0.906
507,-1,2.9,43.1,98.8,421.5,0.544
507,-1,359.6,254.4,36.0,85.0,0.202
507,-1,346.9,131.8,58.2,120.1,0.104
508,-1,380.7,84.2,109.9,324.8,1.000
508,-1,488.5,78.7,102.6,335.9,0.999
508,-1,19.1,0.0,327.0,479.3,0.998
508,-1,338.2,128.7,66.5,216.9,0.996
508,-1,0.2,87.8,83.3,225.0,0.923
508,-1,427.6,82.0,112.8,331.3,0.431
508,-1,1.0,67.0,111.3,334.3,0.195
508,-1,0.0,144.4,10.8,181.5,0.070
508,-1,0.0,67.5,14.6,403.3,0.067
508,-1,359.4,233.0,32.1,103.9,0.058
508,-1,1.1,219.0,94.5,252.7,0.056
508,-1,0.1,127.3,6.8,268.5,0.051
509,-1,372.5,78.9,115.8,333.6,0.999
509,-1,491.8,80.3,94.8,338.5,0.998
509,-1,65.1,0.0,279.4,477.3,0.996
509,-1,345.7,125.0,64.4,212.3,0.990
509,-1,0.7,84.6,92.7,248.1,0.989
509,-1,26.5,169.6,47.6,145.9,0.377
509,-1,1.5,67.4,127.6,395.4,0.360
509,-1,35.3,188.2,23.2,56.5,0.154
509,-1,37.4,186.3,29.0,116.7,0.116
509,-1,40.6,221.7,35.1,91.6,0.114
509,-1,39.9,190.1,17.2,37.9,0.092
509,-1,8.9,85.4,220.2,293.1,0.061
510,-1,374.9,86.6,112.5,337.7,0.999
510,-1,88.8,0.0,274.9,480.0,0.999
510,-1,492.9,83.6,99.2,336.5,0.999
510,-1,1.1,76.9,109.3,256.0,0.984
510,-1,352.2,127.9,54.3,219.4,0.976
510,-1,23.3,176.9,51.0,150.3,0.911
510,-1,13.4,41.2,176.0,435.6,0.339
510,-1,0.0,145.4,8.0,183.6,0.086
510,-1,352.8,119.0,87.8,282.9,0.073
510,-1,0.0,192.2,5.5,84.3,0.069
510,-1,35.7,188.4,33.3,109.1,0.052
511,-1,385.6,84.4,101.8,331.9,0.999
511,-1,498.9,78.2,104.2,334.8,0.999
511,-1,71.4,0.0,313.0,478.8,0.997
511,-1,0.2,66.1,129.6,292.5,0.995
511,-1,365.5,125.7,42.4,193.0,0.967
511,-1,7.3,139.9,91.6,193.7,0.723
511,-1,5.6,42.6,209.3,423.4,0.429
511,-1,366.8,114.3,61.6,275.0,0.106
511,-1,92.0,62.2,37.2,44.6,0.088
512,-1,391.6,92.2,97.7,333.0,1.000
512,-1,501.6,79.9,104.6,328.0,0.999
512,-1,123.6,0.0,271.2,479.6,0.997
512,-1,24.3,68.6,122.9,303.5,0.995
512,-1,19.6,121.4,75.5,225.0,0.991
512,-1,385.8,136.1,25.0,44.1,0.669
512,-1,16.3,126.8,55.4,73.7,0.482
512,-1,381.1,136.1,29.5,82.9,0.411
512,-1,382.2,135.5,32.7,191.7,0.305
512,-1,386.5,130.1,31.3,114.9,0.107
512,-1,312.0,249.5,105.6,226.5,0.085
512,-1,19.5,128.7,55.9,132.3,0.066
512,-1,0.0,140.5,2.2,155.6,0.057
512,-1,387.3,131.7,37.7,258.9,0.053
512,-1,49.5,151.8,45.3,175.6,0.052
513,-1,71.1,68.8,97.3,329.5,1.000
513,-1,506.0,82.6,101.8,331.4,0.999
513,-1,401.4,94.1,93.0,317.7,0.999
513,-1,152.5,0.0,270.5,480.0,0.999
513,-1,9.1,123.5,80.4,230.7,0.998
513,-1,392.7,138.7,21.4,36.7,0.436
513,-1,334.2,271.1,106.5,206.5,0.188
513,-1,394.7,140.2,30.6,118.7,0.081
514,-1,82.7,64.1,98.0,333.7,0.999
514,-1,157.9,0.0,270.4,477.6,0.999
514,-1,415.0,88.5,82.5,309.6,0.999
514,-1,504.9,82.7,103.5,330.6,0.998
514,-1,6.6,114.9,79.2,238.0,0.997
514,-1,0.0,110.6,2.2,190.4,0.128
514,-1,3.7,128.6,52.6,189.7,0.116
514,-1,344.0,252.2,104.8,219.7,0.096
514,-1,0.0,144.1,8.8,164.4,0.073
514,-1,322.0,0.0,84.9,53.8,0.069
514,-1,0.0,149.6,3.1,118.0,0.059
514,-1,328.5,0.1,58.4,34.3,0.057
514,-1,401.1,137.6,18.9,59.8,0.055
515,-1,95.8,72.1,103.3,329.4,1.000
515,-1,160.0,0.0,299.9,480.0,0.999
515,-1,484.4,88.5,120.0,337.1,0.999
515,-1,1.2,113.0,69.3,250.6,0.998
515,-1,429.8,93.0,64.9,188.7,0.992
515,-1,153.6,128.8,53.0,248.0,0.617
515,-1,354.9,32.8,119.2,426.6,0.142
515,-1,497.0,114.5,27.6,125.0,0.097
515,-1,0.2,118.7,25.6,188.0,0.092
515,-1,187.1,124.4,20.4,50.0,0.081
515,-1,1.8,128.0,43.7,193.5,0.062
516,-1,479.0,90.9,133.0,344.7,0.999
516,-1,91.3,79.7,107.9,328.7,0.999
516,-1,197.7,0.0,291.8,480.0,0.999
516,-1,0.0,105.1,63.1,270.6,0.994
516,-1,453.1,103.3,43.7,163.4,0.944
516,-1,184.9,22.9,94.2,348.6,0.710
516,-1,157.3,68.3,92.0,330.2,0.562
516,-1,454.9,97.1,19.8,47.7,0.355
516,-1,0.0,113.6,18.9,260.0,0.338
516,-1,0.0,138.3,7.3,245.3,0.253
516,-1,481.1,122.8,28.6,76.8,0.152
516,-1,479.5,117.6,37.2,142.5,0.145
516,-1,368.5,19.1,128.2,449.3,0.101
516,-1,0.1,116.0,3.0,172.7,0.100
516,-1,0.0,132.0,12.6,156.7,0.097
516,-1,0.0,150.2,1.9,191.0,0.092
516,-1,149.3,193.4,61.9,174.2,0.087
516,-1,469.0,139.1,28.8,122.2,0.085
516,-1,457.9,99.6,58.0,253.9,0.054
516,-1,509.6,88.5,102.9,226.8,0.052
517,-1,508.5,90.1,119.7,339.7,1.000
517,-1,93.2,82.5,115.3,323.2,0.999
517,-1,244.5,0.0,273.6,480.0,0.998
517,-1,0.5,101.4,52.4,267.6,0.994
517,-1,191.9,26.1,106.1,357.4,0.984
517,-1,132.8,59.6,120.8,343.8,0.352
517,-1,292.5,0.1,47.5,34.8,0.220
517,-1,496.4,122.3,27.0,74.9,0.180
517,-1,157.2,252.6,55.6,122.6,0.105
517,-1,253.5,25.7,45.5,52.7,0.062
518,-1,96.1,85.4,116.3,317.0,0.999
518,-1,243.0,1.4,300.7,477.4,0.999
518,-1,515.0,95.4,111.2,337.6,0.999
518,-1,186.6,29.2,112.2,354.8,0.998
518,-1,0.1,93.6,43.4,281.9,0.986
518,-1,386.8,44.4,150.9,428.3,0.188
518,-1,165.9,247.6,52.7,131.7,0.052
518,-1,446.9,200.4,104.3,256.7,0.050
519,-1,107.7,81.5,103.0,301.2,0.999
519,-1,179.9,24.7,126.0,412.0,0.999
519,-1,267.0,0.9,318.2,476.4,0.997
519,-1,537.9,132.2,72.7,281.2,0.217
519,-1,458.4,3.9,146.7,408.0,0.122
519,-1,0.0,102.1,15.1,298.0,0.094
519,-1,0.1,207.7,12.8,161.7,0.089
519,-1,170.8,193.8,41.0,192.1,0.052
520,-1,124.7,78.1,84.4,309.1,0.999
520,-1,176.1,27.3,140.1,434.2,0.999
520,-1,292.2,0.1,315.6,475.9,0.999
520,-1,468.3,0.6,127.9,38.3,0.082
520,-1,390.6,0.6,185.4,46.6,0.066
520,-1,469.6,0.1,104.9,20.4,0.054
520,-1,515.5,0.4,113.7,56.2,0.054
520,-1,392.5,0.0,128.4,15.2,0.052
521,-1,179.4,16.2,152.2,444.2,0.999
521,-1,314.2,0.0,309.9,474.2,0.999
521,-1,114.0,78.9,107.8,306.3,0.999
521,-1,167.6,87.6,54.1,299.3,0.437
521,-1,327.8,59.7,37.8,119.4,0.297
521,-1,503.7,0.3,87.7,41.0,0.141
521,-1,542.6,306.3,93.4,153.9,0.094
521,-1,312.1,52.7,65.7,216.9,0.059
521,-1,591.0,306.3,49.0,79.2,0.059
522,-1,184.2,16.7,158.2,437.0,1.000
522,-1,332.1,0.0,307.9,479.8,0.999
522,-1,108.9,86.6,110.0,299.4,0.994
522,-1,173.8,92.4,52.2,301.2,0.622
522,-1,101.9,220.7,32.6,41.9,0.208
522,-1,151.3,80.9,119.8,312.4,0.106
522,-1,328.5,56.1,40.7,181.1,0.077
522,-1,156.7,199.1,21.3,92.8,0.058
522,-1,332.5,55.0,37.4,83.7,0.051
523,-1,188.7,15.7,154.8,450.3,1.000
523,-1,361.7,0.0,276.8,478.7,0.996
523,-1,106.8,90.4,116.7,301.0,0.992
523,-1,160.3,236.0,11.1,57.1,0.686
523,-1,170.4,95.1,51.8,296.7,0.639
523,-1,156.3,194.5,17.6,96.7,0.599
523,-1,396.4,0.2,85.5,56.6,0.421
523,-1,523.0,0.3,83.2,25.8,0.362
523,-1,147.2,214.6,24.9,78.0,0.175
523,-1,98.6,194.5,31.7,61.6,0.149
523,-1,398.5,0.5,167.5,55.2,0.132
523,-1,104.1,192.1,14.0,19.3,0.071
524,-1,190.7,7.9,151.8,461.8,1.000
524,-1,101.5,83.4,116.8,303.4,0.997
524,-1,355.8,0.0,283.9,478.5,0.997
524,-1,150.4,195.9,18.5,89.0,0.861
524,-1,133.6,180.1,35.3,105.9,0.442
524,-1,484.2,72.2,146.4,405.2,0.375
524,-1,93.1,187.4,32.6,63.7,0.230
524,-1,98.9,181.4,15.0,20.6,0.177
524,-1,394.7,0.2,166.3,56.5,0.153
524,-1,585.8,295.8,53.5,182.9,0.151
524,-1,123.0,204.9,23.9,49.5,0.084
524,-1,142.4,130.2,37.6,153.9,0.072
524,-1,147.3,188.6,45.5,141.0,0.062
524,-1,135.6,199.9,10.3,28.3,0.060
524,-1,396.4,0.0,83.2,58.6,0.057
524,-1,100.7,202.6,35.1,51.6,0.055
525,-1,201.8,15.3,147.0,454.0,0.999
525,-1,115.3,83.0,109.1,298.2,0.999
525,-1,382.0,2.3,257.0,477.5,0.995
525,-1,148.7,199.0,22.6,89.5,0.597
525,-1,140.8,127.6,34.4,158.7,0.479
525,-1,126.4,195.1,43.6,94.4,0.326
525,-1,598.4,352.0,40.8,126.7,0.094
525,-1,99.1,191.5,29.4,63.1,0.088
525,-1,115.9,191.2,25.8,61.2,0.077
525,-1,332.3,42.4,39.5,128.6,0.056
525,-1,414.7,207.9,220.2,268.0,0.054
526,-1,207.3,15.6,152.6,454.0,0.999
526,-1,136.5,79.0,95.7,286.6,0.998
526,-1,403.2,1.2,236.8,478.8,0.997
526,-1,153.1,199.1,20.6,91.6,0.629
526,-1,142.2,140.0,33.1,147.9,0.304
526,-1,609.3,376.2,30.7,103.8,0.265
526,-1,392.7,132.4,34.8,235.8,0.182
526,-1,374.4,146.0,46.9,191.2,0.145
526,-1,369.4,127.6,64.3,298.5,0.087
526,-1,535.1,101.3,104.9,373.1,0.080
527,-1,203.6,12.1,154.2,462.1,0.999
527,-1,146.5,74.1,86.3,292.4,0.999
527,-1,415.9,2.3,222.9,475.3,0.997
527,-1,137.9,167.4,32.8,122.1,0.949
527,-1,394.2,87.6,50.5,302.6,0.865
527,-1,419.9,90.3,23.0,98.8,0.301
527,-1,383.0,135.8,43.6,237.0,0.210
527,-1,370.6,85.1,94.2,369.2,0.184
527,-1,479.7,0.0,65.4,27.3,0.166
527,-1,609.8,381.8,29.8,98.1,0.146
527,-1,406.7,94.1,36.6,208.2,0.127
527,-1,333.0,30.6,39.2,138.4,0.105
527,-1,389.4,92.8,51.2,143.6,0.071
527,-1,39.6,189.3,11.6,27.3,0.068
527,-1,385.9,140.2,35.4,65.2,0.055
528,-1,209.6,22.3,161.7,419.8,1.000
528,-1,163.8,89.7,79.0,292.8,0.999
528,-1,429.1,0.0,210.0,480.0,0.998
528,-1,387.7,100.5,73.8,321.1,0.998
528,-1,129.7,160.4,42.2,144.4,0.996
528,-1,612.4,409.7,27.3,70.1,0.121
528,-1,470.7,0.5,124.9,80.3,0.116
528,-1,619.9,0.2,20.1,31.2,0.074
529,-1,163.4,100.4,84.2,292.1,1.000
529,-1,382.8,111.2,88.3,312.3,0.999
529,-1,125.3,163.3,50.9,147.4,0.999
529,-1,206.4,21.9,168.2,454.9,0.999
529,-1,448.5,0.0,190.6,479.3,0.998
529,-1,173.3,59.5,134.4,363.5,0.291
529,-1,479.8,0.5,79.2,85.6,0.057
530,-1,219.0,22.6,157.1,434.8,1.000
530,-1,380.1,110.1,97.2,315.8,1.000
530,-1,159.7,99.0,88.6,292.9,0.999
530,-1,118.0,162.2,51.1,151.4,0.999
530,-1,468.5,0.0,168.4,478.0,0.997
530,-1,172.2,198.1,15.9,80.1,0.588
530,-1,156.9,193.6,23.1,68.1,0.115
530,-1,440.6,251.2,32.0,117.7,0.090
530,-1,219.9,193.9,24.8,147.8,0.082
530,-1,137.6,162.0,42.0,103.6,0.060
531,-1,218.4,25.7,160.6,447.5,0.999
531,-1,158.1,103.0,93.8,292.7,0.999
531,-1,380.1,114.3,98.9,312.1,0.999
531,-1,108.4,161.1,58.9,155.6,0.998
531,-1,472.8,0.2,164.3,475.9,0.998
531,-1,475.5,102.8,31.1,133.0,0.929
531,-1,166.2,150.7,25.8,139.6,0.776
531,-1,482.5,103.7,23.6,85.7,0.609
531,-1,160.6,183.2,17.7,85.4,0.374
531,-1,166.9,207.2,10.4,61.2,0.256
531,-1,467.5,94.4,44.2,247.0,0.152
531,-1,483.9,103.8,21.7,45.2,0.137
531,-1,435.7,246.4,34.8,116.9,0.095
531,-1,478.4,110.5,52.8,204.1,0.052
532,-1,224.3,21.3,147.2,446.3,0.999
532,-1,374.4,106.9,103.2,310.0,0.999
532,-1,169.5,101.4,84.2,274.8,0.999
532,-1,483.3,0.1,155.7,479.9,0.998
532,-1,91.0,158.6,67.5,164.9,0.998
532,-1,469.4,97.4,45.7,217.9,0.964
532,-1,165.8,167.0,26.1,120.6,0.947
532,-1,451.9,98.4,67.9,314.0,0.326
532,-1,159.9,163.4,23.6,111.2,0.154
532,-1,153.3,179.5,21.1,83.9,0.132
532,-1,431.0,270.9,29.0,85.6,0.095
532,-1,475.5,98.3,39.8,50.9,0.090
532,-1,474.8,99.9,40.1,109.4,0.075
532,-1,158.3,221.2,14.3,43.9,0.071
532,-1,314.4,70.8,153.9,380.2,0.065
532,-1,472.8,90.7,75.7,235.9,0.052
533,-1,218.6,19.0,144.4,455.4,0.999
533,-1,366.7,104.0,103.1,301.3,0.999
533,-1,75.0,156.1,68.2,164.6,0.999
533,-1,484.9,5.7,153.7,471.4,0.999
533,-1,171.5,90.9,77.4,284.3,0.998
533,-1,154.8,164.2,28.0,121.5,0.994
533,-1,459.0,92.0,56.4,294.6,0.991
533,-1,448.9,62.8,86.1,400.5,0.358
533,-1,426.5,267.4,26.2,87.5,0.327
533,-1,149.3,185.6,19.3,77.4,0.143
533,-1,426.7,199.9,41.0,151.1,0.134
533,-1,0.0,181.4,5.2,82.0,0.120
533,-1,380.6,54.3,45.4,106.4,0.102
533,-1,137.2,188.7,22.2,60.1,0.097
533,-1,0.0,182.6,10.1,65.6,0.071
534,-1,350.5,98.2,103.9,309.8,0.999
534,-1,199.9,18.9,148.0,458.5,0.999
534,-1,482.0,0.6,157.6,475.7,0.999
534,-1,453.9,89.1,60.6,318.4,0.999
534,-1,52.8,146.7,71.9,180.5,0.999
534,-1,148.8,87.2,92.4,282.3,0.998
534,-1,137.3,156.7,34.0,127.4,0.959
534,-1,140.3,158.4,26.6,71.5,0.211
534,-1,127.6,161.6,37.5,88.7,0.136
534,-1,523.6,1.0,106.2,77.1,0.121
534,-1,511.2,3.1,124.0,130.2,0.116
534,-1,177.5,238.9,62.3,129.4,0.097
534,-1,112.7,196.5,21.4,58.0,0.090
534,-1,442.3,192.7,24.7,122.0,0.082
534,-1,425.4,162.0,39.4,169.4,0.080
535,-1,187.9,20.4,154.2,456.5,0.999
535,-1,331.7,99.1,114.5,308.4,0.999
535,-1,499.4,1.6,140.3,478.1,0.999
535,-1,448.8,89.3,68.7,310.5,0.998
535,-1,39.5,137.8,72.6,189.8,0.998
535,-1,135.1,88.5,98.1,283.9,0.992
535,-1,132.7,148.0,39.3,139.0,0.818
535,-1,134.8,154.6,26.2,48.0,0.431
535,-1,121.6,154.3,39.0,95.6,0.316
535,-1,183.4,166.8,51.7,208.3,0.313
535,-1,332.6,120.2,64.6,272.2,0.191
535,-1,411.9,160.3,35.9,197.1,0.184
535,-1,527.6,1.0,100.0,82.4,0.172
535,-1,97.3,195.6,24.8,55.2,0.079
535,-1,513.1,6.4,124.5,165.9,0.058
535,-1,117.6,157.9,41.1,50.2,0.057
535,-1,132.8,207.3,32.3,79.8,0.050
536,-1,500.4,1.2,139.6,478.7,1.000
536,-1,448.9,86.8,71.2,324.4,1.000
536,-1,184.6,15.0,156.2,465.0,0.999
536,-1,326.3,100.3,116.7,315.5,0.999
536,-1,26.1,131.7,76.9,199.5,0.998
536,-1,133.3,100.0,89.6,202.6,0.955
536,-1,124.6,155.6,34.3,98.3,0.935
536,-1,176.9,95.2,51.8,286.0,0.856
536,-1,128.0,154.3,43.7,133.9,0.794
536,-1,132.5,157.5,28.2,48.0,0.705
536,-1,414.5,142.3,33.8,211.8,0.513
536,-1,184.4,206.2,42.5,173.3,0.363
536,-1,521.2,1.1,109.8,87.1,0.249
536,-1,419.1,143.9,23.9,81.7,0.242
536,-1,417.7,143.4,23.2,24.1,0.186
536,-1,37.7,206.0,27.4,124.0,0.140
536,-1,150.0,47.0,139.9,372.6,0.122
536,-1,415.2,112.6,72.5,282.6,0.087
536,-1,62.9,190.4,27.1,127.8,0.076
536,-1,57.2,152.2,42.9,169.3,0.073
536,-1,0.0,161.5,4.1,91.2,0.062
536,-1,84.1,162.7,25.7,84.0,0.061
536,-1,499.2,12.4,138.8,240.5,0.059
536,-1,380.6,108.8,57.0,309.1,0.056
536,-1,93.6,201.5,14.5,41.3,0.051
537,-1,187.6,0.5,155.8,464.8,0.999
537,-1,332.1,95.0,108.0,325.4,0.999
537,-1,506.7,3.6,132.2,476.4,0.999
537,-1,443.2,81.3,82.7,320.6,0.999
537,-1,8.1,113.5,88.8,219.4,0.995
537,-1,129.7,121.6,94.5,254.4,0.977
537,-1,124.1,145.7,44.8,139.2,0.961
537,-1,414.0,133.8,37.4,179.6,0.823
537,-1,417.4,136.4,25.0,27.1,0.500
537,-1,174.6,134.2,50.1,237.8,0.497
537,-1,129.2,146.4,31.0,52.7,0.379
537,-1,419.0,136.2,30.4,84.4,0.250
537,-1,131.0,139.3,67.5,145.6,0.240
537,-1,75.0,179.0,29.9,78.1,0.187
537,-1,325.2,123.6,57.4,260.5,0.172
537,-1,0.0,136.3,2.3,122.4,0.119
537,-1,60.5,147.8,41.1,106.3,0.110
537,-1,143.1,5.3,482.9,472.8,0.061
537,-1,137.8,119.5,78.8,124.0,0.059
537,-1,172.8,245.6,15.3,35.1,0.058
537,-1,176.8,75.3,90.8,299.4,0.054
538,-1,192.8,5.8,159.5,453.7,0.999
538,-1,508.6,0.7,131.4,474.6,0.999
538,-1,440.9,87.0,89.3,316.1,0.999
538,-1,334.5,93.4,103.5,325.1,0.999
538,-1,3.5,114.8,89.3,228.5,0.997
538,-1,122.8,144.2,43.0,143.1,0.986
538,-1,408.2,136.0,45.1,200.6,0.978
538,-1,134.8,99.2,88.5,276.0,0.951
538,-1,168.2,184.7,20.1,100.4,0.803
538,-1,178.0,135.6,48.8,240.0,0.794
538,-1,74.0,178.6,26.1,79.8,0.478
538,-1,187.5,226.5,41.1,152.4,0.390
538,-1,126.1,144.0,35.5,59.9,0.310
538,-1,172.8,238.2,14.6,45.4,0.238
538,-1,417.6,136.0,27.9,34.6,0.178
538,-1,327.6,128.6,54.7,260.2,0.169
538,-1,0.0,142.2,9.9,108.6,0.161
538,-1,185.0,225.8,33.5,103.5,0.129
538,-1,163.9,126.5,44.8,187.1,0.124
538,-1,417.8,137.0,29.8,86.7,0.101
538,-1,179.3,87.5,77.4,281.3,0.097
538,-1,0.0,87.8,2.0,187.1,0.074
538,-1,199.2,259.8,28.5,107.6,0.072
538,-1,0.0,160.8,2.5,103.9,0.070
538,-1,523.7,1.9,114.5,245.0,0.064
538,-1,98.2,185.8,27.5,66.0,0.061
539,-1,198.0,0.0,160.4,474.4,0.999
539,-1,336.5,88.2,99.6,323.2,0.999
539,-1,530.2,0.0,107.7,478.7,0.999
539,-1,121.2,141.6,47.2,145.4,0.998
539,-1,448.4,83.6,92.8,325.5,0.998
539,-1,0.5,114.0,88.2,237.0,0.996
539,-1,154.0,122.1,77.8,216.9,0.995
539,-1,409.4,132.3,49.5,212.8,0.989
539,-1,175.1,183.3,18.3,103.0,0.769
539,-1,155.8,132.3,54.5,151.7,0.450
539,-1,183.9,152.7,49.6,207.3,0.374
539,-1,422.4,132.1,28.7,35.0,0.162
539,-1,418.8,132.1,38.4,123.3,0.149
539,-1,365.0,85.1,147.9,332.1,0.147
539,-1,194.4,245.3,41.9,112.4,0.113
539,-1,573.4,117.7,66.6,355.0,0.074
539,-1,159.6,191.6,32.0,92.6,0.067
539,-1,103.3,182.2,24.0,49.7,0.063
539,-1,460.7,42.3,137.9,393.4,0.062
539,-1,422.2,132.6,31.5,71.2,0.058
539,-1,175.4,7.6,449.9,465.9,0.053
540,-1,202.7,0.0,159.8,480.0,0.999
540,-1,451.2,82.0,97.1,330.0,0.999
540,-1,343.5,83.8,94.7,326.9,0.999
540,-1,121.7,142.8,51.5,149.1,0.998
540,-1,0.9,114.7,86.4,250.8,0.998
540,-1,540.4,4.1,99.6,471.0,0.997
540,-1,415.3,132.1,49.0,214.4,0.995
540,-1,169.7,116.3,66.5,247.8,0.995
540,-1,494.7,35.5,112.6,420.9,0.164
540,-1,175.6,183.9,21.2,103.0,0.116
540,-1,169.3,131.8,38.0,154.9,0.101
540,-1,158.3,154.9,18.2,88.5,0.100
540,-1,174.7,83.1,147.6,289.8,0.061
540,-1,144.5,130.3,66.5,194.5,0.056
540,-1,64.9,185.4,33.1,71.2,0.051
541,-1,216.1,0.0,158.7,476.7,0.999
541,-1,456.1,77.1,103.2,338.7,0.999
541,-1,116.6,140.9,61.5,153.2,0.998
541,-1,0.2,103.6,79.7,272.0,0.998
541,-1,352.6,83.8,93.3,328.3,0.998
541,-1,412.9,130.5,59.3,217.6,0.992
541,-1,193.4,110.1,49.1,257.1,0.987
541,-1,554.6,2.1,84.4,424.3,0.922
541,-1,178.7,161.5,30.0,126.9,0.712
541,-1,164.5,154.7,20.4,65.1,0.558
541,-1,176.4,163.5,21.4,82.8,0.386
541,-1,165.1,153.9,16.5,29.9,0.362
541,-1,420.7,97.5,99.0,296.0,0.228
541,-1,435.1,130.2,29.0,43.9,0.055
541,-1,186.0,134.0,34.8,174.2,0.052
542,-1,230.2,5.3,154.3,474.7,0.999
542,-1,105.8,137.5,74.8,161.3,0.999
542,-1,0.8,98.5,66.3,281.8,0.999
542,-1,448.9,75.1,110.6,345.8,0.999
542,-1,353.1,86.4,99.1,338.8,0.995
542,-1,209.0,118.4,41.0,256.6,0.995
542,-1,413.1,127.8,66.5,217.5,0.987
542,-1,185.5,150.1,30.7,139.9,0.977
542,-1,588.6,37.2,51.2,370.7,0.880
542,-1,170.1,153.9,19.9,72.3,0.646
542,-1,171.6,154.3,18.2,38.4,0.412
542,-1,183.1,150.2,28.7,83.4,0.347
542,-1,174.8,155.8,23.1,85.6,0.340
542,-1,379.3,104.3,73.4,223.8,0.164
542,-1,433.4,132.4,41.9,126.8,0.147
542,-1,549.8,22.0,90.2,446.9,0.136
542,-1,186.9,148.9,25.7,49.3,0.097
543,-1,101.2,142.0,79.3,160.1,1.000
543,-1,235.5,9.4,157.1,470.6,0.999
543,-1,440.2,79.5,129.4,357.9,0.998
543,-1,0.1,86.2,70.2,304.5,0.997
543,-1,209.7,133.7,43.9,242.3,0.996
543,-1,185.4,150.6,39.4,144.7,0.994
543,-1,375.8,94.6,77.8,278.7,0.988
543,-1,424.0,135.6,59.5,209.1,0.885
543,-1,169.6,158.2,20.9,88.0,0.693
543,-1,607.2,87.5,31.8,347.3,0.600
543,-1,580.5,169.1,38.6,124.9,0.464
543,-1,578.8,110.2,59.8,360.2,0.355
543,-1,426.2,114.0,95.5,260.9,0.305
543,-1,0.0,229.9,12.2,157.7,0.284
543,-1,174.9,159.8,15.2,45.1,0.212
543,-1,431.8,138.1,50.3,117.7,0.206
543,-1,176.3,160.8,21.4,83.6,0.100
543,-1,53.7,187.0,24.3,71.6,0.093
543,-1,408.0,208.1,55.1,133.3,0.078
543,-1,212.4,96.2,120.9,285.3,0.055
543,-1,0.7,96.7,34.6,288.4,0.054
543,-1,0.0,96.7,16.9,288.8,0.051
544,-1,101.7,137.6,78.1,163.8,0.999
544,-1,246.9,3.7,157.0,475.4,0.999
544,-1,447.5,78.5,131.0,365.4,0.999
544,-1,185.4,145.5,48.5,151.5,0.998
544,-1,0.4,74.1,58.7,313.7,0.996
544,-1,217.8,135.1,49.4,238.6,0.980
544,-1,390.3,91.9,71.2,261.4,0.976
544,-1,431.6,128.5,55.6,214.3,0.874
544,-1,332.6,79.8,113.1,358.8,0.740
544,-1,597.6,179.2,40.9,120.9,0.602
544,-1,106.0,184.8,23.1,72.5,0.489
544,-1,38.6,177.9,29.1,78.3,0.300
544,-1,442.7,118.5,80.9,258.5,0.290
544,-1,173.4,154.6,24.9,90.4,0.240
544,-1,614.9,172.7,24.9,146.7,0.191
544,-1,414.9,224.2,50.9,120.2,0.169
544,-1,232.4,134.1,27.7,104.2,0.137
544,-1,447.1,132.0,35.1,117.0,0.111
544,-1,623.3,230.8,16.6,91.2,0.098
544,-1,614.7,179.7,24.7,53.2,0.092
544,-1,346.8,280.0,12.3,31.3,0.081
544,-1,179.0,148.3,41.2,105.8,0.065
544,-1,617.9,201.7,21.7,202.5,0.064
544,-1,1.6,89.6,67.6,164.1,0.060
544,-1,27.3,15.8,524.1,459.9,0.059
544,-1,182.0,140.5,70.1,214.8,0.051
545,-1,103.0,136.2,78.1,165.7,0.999
545,-1,455.6,76.8,129.7,367.1,0.999
545,-1,250.7,0.0,168.3,480.0,0.999
545,-1,187.6,146.9,47.7,152.1,0.998
545,-1,229.1,126.7,40.6,237.2,0.976
545,-1,399.9,89.5,65.8,266.6,0.960
545,-1,442.1,129.7,47.5,209.2,0.923
545,-1,0.0,83.8,63.8,308.2,0.907
545,-1,367.4,84.9,100.6,352.5,0.890
545,-1,238.6,130.3,32.7,118.7,0.573
545,-1,603.2,172.0,35.6,126.5,0.506
545,-1,181.7,152.8,19.9,89.5,0.204
545,-1,106.2,180.5,22.0,74.2,0.175
545,-1,0.1,129.6,35.0,251.7,0.140
545,-1,96.7,176.4,17.9,24.6,0.104
545,-1,180.2,153.7,20.9,34.2,0.097
545,-1,33.0,164.3,40.6,97.1,0.095
545,-1,233.8,79.7,130.7,280.2,0.081
545,-1,455.1,130.7,31.0,114.3,0.066
545,-1,1.3,105.1,63.4,147.5,0.064
545,-1,183.6,149.0,42.8,94.4,0.059
545,-1,417.9,201.1,51.2,139.9,0.051
546,-1,109.1,131.9,72.7,172.4,0.999
546,-1,253.4,1.0,173.6,475.0,0.999
546,-1,471.5,73.5,122.2,367.3,0.999
546,-1,194.5,145.7,51.2,155.6,0.996
546,-1,247.9,137.2,34.7,215.9,0.985
546,-1,371.7,84.9,100.5,347.2,0.979
546,-1,451.4,123.5,48.5,230.9,0.955
546,-1,0.0,118.5,59.1,277.5,0.801
546,-1,247.7,132.3,30.7,82.9,0.683
546,-1,409.5,87.9,68.5,283.6,0.590
546,-1,187.7,154.9,21.7,88.4,0.491
546,-1,191.3,154.7,18.5,31.2,0.262
546,-1,458.8,128.7,39.2,135.1,0.246
546,-1,90.5,179.9,36.4,78.9,0.132
546,-1,0.4,127.9,27.8,266.3,0.095
546,-1,1.2,83.2,49.4,216.2,0.081
546,-1,606.6,195.2,19.4,55.4,0.078
546,-1,602.3,164.9,24.9,84.5,0.063
546,-1,25.0,179.6,28.7,61.1,0.061
546,-1,249.1,88.1,97.0,263.1,0.059
547,-1,257.1,0.0,184.4,476.7,0.999
547,-1,491.1,67.0,127.8,363.2,0.999
547,-1,112.9,122.9,67.2,181.8,0.998
547,-1,195.3,140.4,53.8,159.7,0.997
547,-1,390.0,78.4,88.5,337.3,0.989
547,-1,249.4,124.0,35.3,231.5,0.988
547,-1,466.1,117.3,42.9,248.6,0.947
547,-1,0.0,138.8,31.3,122.5,0.547
547,-1,243.4,114.4,69.1,238.0,0.505
547,-1,0.0,120.6,24.7,281.2,0.456
547,-1,0.0,298.2,20.5,102.1,0.365
547,-1,242.4,63.8,154.3,286.0,0.354
547,-1,191.6,149.8,24.0,31.9,0.339
547,-1,188.8,150.5,25.2,89.0,0.282
547,-1,199.8,150.7,15.5,23.2,0.108
547,-1,0.1,197.4,16.6,197.9,0.094
547,-1,472.5,130.3,32.1,105.4,0.090
547,-1,243.5,133.3,40.8,128.0,0.071
547,-1,420.6,77.3,59.4,241.7,0.068
547,-1,182.2,143.7,20.3,62.8,0.058
547,-1,350.2,73.3,166.0,368.4,0.052
547,-1,171.9,150.1,41.0,105.6,0.050
548,-1,252.2,9.1,193.3,465.0,0.999
548,-1,111.0,120.3,71.3,187.5,0.999
548,-1,196.5,137.0,56.6,168.2,0.998
548,-1,505.2,65.4,127.4,372.5,0.998
548,-1,385.6,76.4,92.5,347.5,0.993
548,-1,478.4,123.1,45.6,241.2,0.989
548,-1,260.3,135.3,37.9,209.9,0.755
548,-1,261.4,146.9,78.7,199.5,0.525
548,-1,242.8,158.7,31.2,83.6,0.461
548,-1,204.3,151.8,16.4,28.8,0.286
548,-1,239.6,144.7,18.5,50.5,0.275
548,-1,242.2,151.1,42.9,149.2,0.226
548,-1,476.8,125.2,40.0,129.3,0.204
548,-1,194.0,150.0,27.2,102.5,0.169
548,-1,242.8,142.1,13.5,28.8,0.155
548,-1,483.7,125.4,30.9,70.3,0.144
548,-1,31.8,187.8,12.8,26.0,0.124
548,-1,423.1,81.6,61.2,287.9,0.116
548,-1,199.5,151.6,20.5,45.1,0.105
548,-1,252.5,154.4,40.2,103.4,0.082
548,-1,206.4,153.4,13.1,16.5,0.080
548,-1,258.6,71.3,150.9,263.3,0.069
548,-1,259.8,184.1,24.8,71.0,0.055
548,-1,246.9,141.1,36.2,88.3,0.052
549,-1,122.0,118.9,59.1,190.4,0.999
549,-1,250.8,0.9,196.1,473.6,0.999
549,-1,196.1,130.2,63.7,174.9,0.998
549,-1,516.4,62.9,117.3,383.3,0.998
549,-1,408.2,76.7,78.5,357.6,0.997
549,-1,478.8,123.1,53.9,246.1,0.993
549,-1,265.4,159.2,36.3,181.8,0.773
549,-1,36.7,186.2,12.7,31.6,0.234
549,-1,245.5,144.5,17.3,40.3,0.228
549,-1,258.7,162.1,45.7,92.4,0.183
549,-1,178.4,192.5,13.5,25.7,0.177
549,-1,192.5,183.6,23.5,74.4,0.170
549,-1,9.6,187.3,12.0,28.6,0.131
549,-1,172.9,188.7,18.9,37.9,0.127
549,-1,0.3,176.4,14.6,36.8,0.120
549,-1,165.9,192.1,25.9,56.9,0.112
549,-1,256.1,154.0,86.6,188.3,0.100
549,-1,259.8,148.8,14.8,33.3,0.087
549,-1,191.0,135.6,36.3,125.4,0.083
549,-1,246.2,141.3,45.0,99.5,0.075
549,-1,99.6,177.8,18.6,35.3,0.067
549,-1,336.1,58.1,140.6,404.9,0.065
549,-1,98.9,175.2,25.1,54.5,0.063
549,-1,252.1,145.5,21.6,44.6,0.057
549,-1,163.9,183.3,24.8,44.5,0.053
550,-1,194.5,114.7,67.7,180.2,0.999
550,-1,274.6,0.5,171.3,477.4,0.999
550,-1,527.8,45.0,107.4,396.6,0.999
550,-1,112.2,102.5,66.0,204.8,0.998
550,-1,477.8,110.0,66.0,251.8,0.993
550,-1,420.2,63.2,72.9,366.2,0.987
550,-1,255.3,125.3,55.6,206.9,0.591
550,-1,14.4,178.8,11.2,28.8,0.500
550,-1,40.8,176.3,13.5,27.5,0.351
550,-1,253.0,125.6,52.5,116.0,0.336
550,-1,3.6,168.7,14.0,38.2,0.278
550,-1,290.6,242.5,18.2,88.0,0.191
550,-1,180.0,182.2,14.6,35.9,0.157
550,-1,339.7,46.0,130.2,407.7,0.112
550,-1,174.8,177.5,22.4,60.1,0.096
550,-1,279.6,191.4,31.5,141.4,0.095
550,-1,438.6,67.4,53.5,191.1,0.089
550,-1,7.1,171.9,17.1,36.7,0.078
550,-1,29.0,170.6,11.4,39.2,0.076
550,-1,481.9,89.9,100.4,303.9,0.075
550,-1,284.0,226.5,71.1,107.9,0.061
550,-1,265.1,125.8,32.0,54.4,0.059
551,-1,93.2,95.5,79.6,209.4,0.999
551,-1,191.8,112.8,65.6,181.0,0.999
551,-1,274.7,0.0,170.6,470.3,0.999
551,-1,534.2,43.1,104.2,400.4,0.999
551,-1,484.0,109.9,64.0,242.0,0.989
551,-1,411.9,59.1,79.7,370.3,0.978
551,-1,266.0,124.3,45.2,207.7,0.939
551,-1,40.8,171.2,13.4,32.6,0.614
551,-1,432.9,65.8,56.5,244.2,0.475
551,-1,254.1,121.7,47.1,103.2,0.359
551,-1,57.6,169.3,13.4,33.7,0.284
551,-1,14.2,174.9,11.5,29.3,0.200
551,-1,27.1,169.0,12.8,38.8,0.199
551,-1,493.5,214.7,58.4,138.5,0.153
551,-1,67.0,175.7,22.7,39.9,0.140
551,-1,87.5,161.7,26.4,67.1,0.121
551,-1,56.0,180.2,11.7,26.5,0.115
551,-1,250.5,130.1,29.6,53.4,0.097
551,-1,69.4,175.3,13.2,25.3,0.076
551,-1,65.3,161.1,46.7,72.1,0.074
551,-1,467.0,221.8,36.6,78.4,0.067
551,-1,32.4,169.1,17.3,37.2,0.065
551,-1,4.3,166.5,13.6,32.3,0.063
551,-1,46.2,170.8,19.6,35.5,0.052
552,-1,259.5,0.6,179.3,464.4,0.999
552,-1,79.9,103.4,83.8,216.8,0.999
552,-1,181.8,116.4,76.0,190.7,0.999
552,-1,540.4,50.8,98.5,405.9,0.999
552,-1,488.3,113.5,64.6,252.5,0.998
552,-1,393.2,61.5,85.5,373.2,0.984
552,-1,416.6,66.9,64.3,261.8,0.943
552,-1,39.8,176.4,14.4,31.2,0.685
552,-1,13.6,181.5,10.2,25.1,0.412
552,-1,251.6,129.7,51.4,126.6,0.346
552,-1,53.5,184.1,14.2,28.8,0.321
552,-1,25.7,174.2,12.4,38.9,0.266
552,-1,264.1,133.1,45.8,210.1,0.240
552,-1,458.7,212.9,24.4,60.6,0.221
552,-1,67.3,172.5,30.4,66.5,0.217
552,-1,2.3,173.4,13.9,37.5,0.177
552,-1,66.4,181.7,21.2,41.7,0.173
552,-1,251.2,142.0,30.1,87.8,0.141
552,-1,54.9,213.6,26.7,26.1,0.132
552,-1,80.6,170.7,23.9,74.9,0.110
552,-1,470.4,221.7,37.2,84.2,0.110
552,-1,492.8,117.1,50.4,110.6,0.099
552,-1,57.4,182.4,30.7,56.5,0.088
552,-1,197.4,114.5,58.2,114.4,0.087
552,-1,254.9,132.0,32.4,69.2,0.071
552,-1,6.6,176.7,16.4,33.5,0.065
552,-1,503.2,251.1,59.1,114.1,0.054
552,-1,290.8,226.9,18.0,112.4,0.052
553,-1,168.0,114.5,85.4,197.9,0.999
553,-1,246.8,0.0,198.0,475.9,0.999
553,-1,70.0,99.4,81.6,229.6,0.999
553,-1,545.4,50.3,94.2,406.8,0.999
553,-1,494.7,117.7,61.2,243.7,0.997
553,-1,412.5,68.0,66.8,254.3,0.953
553,-1,271.7,194.8,19.1,56.2,0.751
553,-1,394.1,110.7,72.6,322.3,0.397
553,-1,39.9,178.7,14.4,31.3,0.356
553,-1,441.5,117.8,28.7,30.0,0.283
553,-1,0.3,171.9,15.4,36.2,0.251
553,-1,347.1,179.9,116.9,281.2,0.154
553,-1,477.2,220.0,33.6,86.2,0.143
553,-1,62.0,168.3,26.0,69.8,0.132
553,-1,51.7,186.4,13.3,28.4,0.122
553,-1,442.1,117.4,21.2,18.3,0.093
553,-1,256.3,170.9,35.2,81.0,0.091
553,-1,414.3,62.2,43.5,67.2,0.076
553,-1,13.0,180.6,11.1,28.7,0.068
554,-1,165.5,116.3,82.6,204.1,1.000
554,-1,247.2,0.0,190.5,475.9,0.999
554,-1,65.4,96.3,77.3,237.2,0.999
554,-1,551.0,47.0,88.6,398.3,0.999
554,-1,497.8,118.1,61.8,246.4,0.999
554,-1,393.3,74.4,77.2,345.9,0.955
554,-1,264.8,189.1,26.9,65.6,0.856
554,-1,430.8,110.6,49.7,208.8,0.793
554,-1,126.6,184.0,24.9,63.6,0.769
554,-1,131.4,183.9,19.5,38.3,0.442
554,-1,263.8,218.2,25.7,36.3,0.387
554,-1,445.6,173.3,41.8,140.7,0.373
554,-1,481.6,232.3,28.8,72.8,0.318
554,-1,38.8,182.6,15.6,31.4,0.274
554,-1,339.2,40.2,130.5,417.5,0.273
554,-1,438.0,117.1,22.0,18.9,0.193
554,-1,449.9,145.2,33.3,109.9,0.184
554,-1,452.7,216.8,37.2,83.0,0.150
554,-1,393.2,178.9,49.0,241.3,0.141
554,-1,52.6,164.3,31.8,81.5,0.135
554,-1,413.8,65.0,53.5,188.6,0.125
554,-1,136.2,184.5,12.6,22.6,0.104
554,-1,415.6,64.9,30.8,57.7,0.103
554,-1,401.8,65.8,43.1,223.5,0.066
554,-1,445.2,203.1,22.2,113.9,0.056
554,-1,280.2,221.6,10.3,30.6,0.053
555,-1,168.6,111.9,77.4,211.8,1.000
555,-1,249.0,0.0,195.8,476.4,0.999
555,-1,61.0,91.0,69.7,242.7,0.999
555,-1,560.2,43.2,78.4,395.2,0.998
555,-1,507.3,112.3,67.4,244.4,0.998
555,-1,405.0,76.6,72.8,280.9,0.973
555,-1,264.6,182.8,26.3,70.4,0.820
555,-1,430.1,119.3,54.0,228.8,0.410
555,-1,423.1,62.3,24.0,54.5,0.278
555,-1,420.3,63.9,44.3,153.1,0.268
555,-1,452.4,126.1,37.0,189.9,0.234
555,-1,437.2,111.5,24.3,22.2,0.197
555,-1,400.5,66.0,53.4,219.9,0.189
555,-1,39.1,175.9,17.8,32.7,0.130
555,-1,422.3,61.2,39.2,75.8,0.122
555,-1,564.3,45.5,74.2,187.9,0.091
555,-1,124.0,178.7,30.2,70.9,0.076
555,-1,248.6,164.6,43.5,87.3,0.076
555,-1,438.1,112.9,34.5,33.3,0.066
555,-1,16.3,183.7,8.9,27.4,0.060
555,-1,436.3,113.4,30.0,61.1,0.058
555,-1,464.0,190.4,31.1,80.6,0.056
555,-1,460.0,139.1,28.2,108.8,0.055
555,-1,128.6,168.6,18.8,24.6,0.051
555,-1,277.9,198.0,14.2,52.1,0.051
556,-1,167.5,108.7,71.4,221.6,1.000
556,-1,51.5,89.4,71.6,244.9,0.999
556,-1,257.1,0.0,187.8,478.8,0.999
556,-1,562.8,45.2,76.2,406.5,0.998
556,-1,509.8,115.3,69.9,247.8,0.998
556,-1,409.0,110.4,74.0,266.6,0.987
556,-1,266.7,182.8,24.4,73.6,0.910
556,-1,437.5,113.1,25.9,29.4,0.570
556,-1,441.0,110.8,46.7,151.5,0.419
556,-1,436.2,112.9,51.2,60.3,0.399
556,-1,156.8,168.6,35.6,91.2,0.249
556,-1,424.4,68.2,16.5,46.2,0.196
556,-1,404.5,73.8,45.7,275.0,0.139
556,-1,251.9,153.8,39.5,101.9,0.136
556,-1,4.8,175.8,17.6,43.7,0.115
556,-1,41.0,165.3,29.1,106.9,0.108
556,-1,262.8,215.1,17.6,39.8,0.104
556,-1,422.8,69.8,50.2,105.9,0.099
556,-1,38.5,169.2,22.7,71.7,0.093
556,-1,436.6,112.7,32.4,47.6,0.079
556,-1,603.2,226.4,36.0,221.8,0.067
556,-1,455.4,128.7,34.9,192.5,0.065
556,-1,566.9,46.5,71.4,202.1,0.060
556,-1,419.3,77.4,48.0,222.5,0.051
557,-1,20.1,90.2,90.3,259.4,1.000
557,-1,159.7,103.5,75.6,237.7,0.999
557,-1,263.8,0.0,185.1,480.0,0.999
557,-1,552.9,63.0,85.9,383.8,0.999
557,-1,413.7,120.7,88.0,284.7,0.998
557,-1,517.3,125.8,63.5,255.5,0.996
557,-1,262.0,193.7,26.4,71.3,0.611
557,-1,15.3,189.3,38.3,65.6,0.175
557,-1,619.2,266.5,20.8,208.8,0.132
557,-1,270.1,223.3,18.3,41.0,0.107
557,-1,3.9,185.7,15.2,34.7,0.070
557,-1,375.3,239.3,52.2,224.0,0.069
557,-1,8.4,188.3,15.1,34.4,0.063
557,-1,577.4,60.9,60.5,173.5,0.055
557,-1,15.6,192.2,9.2,29.4,0.051
558,-1,155.0,105.5,77.6,237.3,0.999
558,-1,265.6,0.0,181.1,477.4,0.999
558,-1,546.0,60.2,92.7,382.1,0.998
558,-1,1.8,83.4,101.7,271.8,0.998
558,-1,518.6,124.5,66.4,241.6,0.996
558,-1,426.3,113.6,84.7,293.3,0.996
558,-1,264.6,191.9,23.3,72.5,0.932
558,-1,434.7,114.3,18.5,35.9,0.801
558,-1,417.3,118.1,40.1,216.9,0.421
558,-1,434.9,116.0,20.2,87.1,0.315
558,-1,1.3,165.8,26.4,83.5,0.293
558,-1,267.1,229.4,16.3,34.9,0.154
558,-1,424.4,112.6,30.6,141.3,0.154
558,-1,0.0,125.5,2.4,131.6,0.149
558,-1,523.2,215.4,103.3,157.0,0.135
558,-1,0.0,173.2,5.7,44.4,0.111
558,-1,0.0,114.2,8.9,170.9,0.073
558,-1,578.3,60.3,60.3,177.3,0.072
558,-1,0.0,168.2,5.7,91.1,0.065
559,-1,272.2,0.0,184.6,478.0,0.999
559,-1,0.0,76.7,98.1,278.5,0.999
559,-1,151.4,91.6,83.8,250.9,0.999
559,-1,560.5,50.4,78.4,372.2,0.998
559,-1,431.0,100.8,107.7,321.5,0.995
559,-1,534.3,112.8,61.5,256.2,0.994
559,-1,438.7,101.6,33.2,48.8,0.841
559,-1,273.4,190.8,19.3,68.0,0.828
559,-1,535.3,119.2,56.5,122.9,0.457
559,-1,414.9,304.5,33.8,27.4,0.444
559,-1,503.9,126.7,36.3,43.2,0.441
559,-1,438.3,100.1,32.0,97.4,0.380
559,-1,416.0,101.6,55.3,241.8,0.329
559,-1,437.9,105.1,34.0,190.7,0.305
559,-1,133.1,179.1,22.1,20.5,0.124
559,-1,546.1,185.8,93.9,184.1,0.109
559,-1,0.0,107.2,12.0,162.8,0.103
559,-1,413.6,183.5,40.7,146.7,0.097
559,-1,263.5,200.4,20.8,54.2,0.084
559,-1,270.8,211.6,17.5,46.5,0.080
559,-1,503.0,125.7,24.3,27.6,0.079
559,-1,580.3,52.4,59.3,221.6,0.072
559,-1,0.0,126.8,8.3,234.7,0.068
559,-1,211.0,206.6,16.2,50.6,0.067
559,-1,515.8,128.2,25.7,97.1,0.062
559,-1,520.1,129.7,22.5,51.1,0.060
559,-1,503.9,127.2,37.7,154.2,0.051
560,-1,0.0,76.8,90.6,285.4,0.999
560,-1,275.7,0.0,177.9,480.0,0.999
560,-1,149.6,87.6,83.7,266.3,0.999
560,-1,571.2,42.1,67.5,380.7,0.998
560,-1,428.1,82.8,121.5,344.8,0.996
560,-1,537.7,109.6,57.9,256.9,0.992
560,-1,420.5,94.3,73.4,272.6,0.887
560,-1,436.7,94.8,45.9,163.5,0.829
560,-1,437.9,96.7,42.5,86.1,0.574
560,-1,273.8,183.0,17.9,76.7,0.479
560,-1,417.3,125.8,43.2,206.3,0.123
560,-1,540.4,116.4,52.0,87.0,0.081
560,-1,474.4,95.9,21.3,52.1,0.065
560,-1,268.9,189.9,9.0,31.0,0.057
561,-1,255.2,0.0,191.6,476.1,0.999
561,-1,0.1,57.5,72.4,301.6,0.999
561,-1,130.9,77.6,90.7,282.1,0.999
561,-1,572.5,36.9,66.4,386.6,0.997
561,-1,445.8,70.2,112.7,359.6,0.996
561,-1,547.3,113.5,37.3,247.8,0.946
561,-1,416.6,89.4,61.2,244.7,0.907
561,-1,550.5,110.7,35.3,123.7,0.815
561,-1,429.4,87.4,48.1,92.1,0.659
561,-1,552.7,112.1,33.7,65.7,0.221
561,-1,331.2,60.8,121.5,359.8,0.196
561,-1,433.1,83.3,73.9,286.0,0.142
561,-1,118.4,158.1,32.1,95.8,0.088
562,-1,244.6,0.0,205.2,479.0,1.000
562,-1,114.8,71.0,94.5,289.6,0.999
562,-1,567.3,33.3,72.5,390.7,0.998
562,-1,449.1,56.5,121.6,378.6,0.997
562,-1,0.3,60.0,56.3,298.4,0.996
562,-1,409.1,75.2,65.2,272.2,0.976
562,-1,553.1,110.3,31.2,60.5,0.848
562,-1,427.2,79.8,46.0,88.5,0.679
562,-1,552.9,106.6,31.6,250.8,0.549
562,-1,337.2,50.7,111.6,369.7,0.216
562,-1,432.1,73.6,59.6,247.8,0.101
562,-1,408.1,207.2,52.3,134.8,0.092
562,-1,491.8,53.0,53.0,66.5,0.092
562,-1,207.0,186.6,10.6,21.3,0.073
562,-1,412.2,61.7,116.6,321.7,0.059
563,-1,236.7,0.0,214.3,478.7,0.999
563,-1,102.1,65.8,99.5,312.4,0.999
563,-1,478.3,44.9,132.3,418.5,0.998
563,-1,576.4,40.7,62.8,399.6,0.996
563,-1,415.8,82.2,66.1,270.5,0.983
563,-1,0.1,89.3,28.6,266.7,0.965
563,-1,429.2,78.0,51.7,103.2,0.559
563,-1,577.9,41.0,61.0,171.7,0.438
563,-1,0.0,266.1,31.9,91.3,0.427
563,-1,0.1,87.9,17.2,155.7,0.278
563,-1,91.7,140.1,35.1,117.5,0.146
563,-1,407.4,104.9,49.2,234.7,0.137
563,-1,182.4,180.4,25.7,73.0,0.124
563,-1,22.5,176.0,17.7,36.6,0.091
563,-1,416.1,63.9,113.6,313.6,0.059
563,-1,225.1,190.7,8.9,18.8,0.054
564,-1,233.4,0.0,215.3,477.1,0.999
564,-1,92.2,55.3,106.4,333.8,0.999
564,-1,416.0,70.8,68.5,284.8,0.998
564,-1,485.2,33.6,141.1,443.2,0.996
564,-1,580.9,44.1,57.5,378.2,0.981
564,-1,583.9,43.4,55.4,185.4,0.895
564,-1,0.0,148.6,12.6,128.7,0.552
564,-1,429.0,74.0,55.5,114.3,0.282
564,-1,0.0,165.4,13.7,56.2,0.190
564,-1,85.8,150.4,30.3,102.7,0.182
564,-1,0.0,110.7,14.4,263.5,0.147
564,-1,23.0,179.1,17.3,35.6,0.145
564,-1,174.5,198.1,29.9,57.4,0.134
564,-1,627.0,19.7,13.0,79.7,0.110
564,-1,227.0,196.7,8.1,14.0,0.094
564,-1,231.9,189.9,31.5,66.9,0.057
565,-1,78.0,45.9,112.0,352.2,0.999
565,-1,231.3,0.0,214.0,480.0,0.999
565,-1,418.1,66.5,78.0,298.0,0.997
565,-1,490.4,24.5,140.8,455.5,0.992
565,-1,608.6,46.8,30.5,76.8,0.925
565,-1,550.3,28.5,89.1,388.4,0.686
565,-1,0.0,171.5,15.2,68.0,0.663
565,-1,591.4,69.6,47.8,377.4,0.574
565,-1,209.0,191.6,8.8,19.2,0.454
565,-1,192.3,196.2,10.3,15.6,0.425
565,-1,232.2,191.2,33.6,67.9,0.352
565,-1,248.1,201.9,20.4,56.8,0.251
565,-1,544.5,24.6,94.3,159.5,0.183
565,-1,26.7,177.2,21.2,40.0,0.183
565,-1,229.2,194.0,7.3,17.6,0.181
565,-1,609.2,48.3,30.3,188.5,0.168
565,-1,252.7,175.7,22.9,81.8,0.166
565,-1,69.3,140.0,38.2,113.6,0.110
565,-1,0.1,177.3,5.5,76.8,0.095
565,-1,231.0,198.3,6.3,11.6,0.086
565,-1,500.9,100.2,57.9,81.4,0.065
565,-1,0.0,175.3,15.8,31.7,0.055
566,-1,230.0,0.0,211.6,480.0,1.000
566,-1,64.7,26.8,123.3,376.6,0.999
566,-1,422.3,61.6,83.2,315.5,0.998
566,-1,510.6,0.0,129.4,480.0,0.997
566,-1,534.4,5.3,105.6,216.5,0.621
566,-1,26.9,180.2,19.5,38.9,0.358
566,-1,0.0,178.0,13.3,54.4,0.355
566,-1,25.4,181.4,35.3,67.3,0.225
566,-1,24.6,223.6,33.5,26.5,0.148
566,-1,194.3,199.8,13.0,13.8,0.146
566,-1,7.9,189.6,7.7,25.5,0.126
566,-1,225.7,191.4,10.9,23.4,0.110
566,-1,574.1,3.1,65.9,91.9,0.108
566,-1,209.2,191.3,19.6,23.6,0.106
566,-1,210.5,190.9,10.1,22.8,0.100
566,-1,235.5,192.1,29.6,71.0,0.092
566,-1,230.2,194.8,6.8,16.7,0.077
566,-1,55.3,147.7,38.3,109.5,0.071
566,-1,3.5,184.5,11.8,33.0,0.056
566,-1,307.1,1.7,252.1,478.3,0.051
566,-1,424.3,283.5,23.0,64.7,0.051
567,-1,230.3,0.0,204.9,477.2,0.999
567,-1,37.6,15.8,131.7,401.2,0.999
567,-1,423.3,56.1,93.2,330.2,0.995
567,-1,531.7,1.3,108.3,470.1,0.983
567,-1,0.0,181.3,12.6,57.0,0.838
567,-1,549.4,235.2,36.6,118.2,0.537
567,-1,27.0,181.2,22.7,40.0,0.503
567,-1,514.7,225.9,43.7,93.1,0.471
567,-1,230.7,191.1,28.1,75.0,0.382
567,-1,195.6,198.8,13.1,16.1,0.320
567,-1,211.3,192.6,9.6,22.9,0.316
567,-1,208.0,193.0,22.2,22.3,0.282
567,-1,583.5,13.4,56.0,156.0,0.251
567,-1,27.1,142.3,55.1,108.1,0.242
567,-1,238.3,205.8,28.3,60.1,0.225
567,-1,204.7,192.6,26.1,48.6,0.144
567,-1,529.2,198.3,57.7,151.9,0.102
567,-1,25.3,179.2,30.1,70.5,0.093
567,-1,469.1,38.4,136.1,400.6,0.079
567,-1,551.0,292.6,28.8,69.3,0.067
567,-1,227.5,194.9,10.8,20.4,0.062
567,-1,162.2,182.9,23.3,47.8,0.059
567,-1,219.1,197.2,11.7,18.1,0.053
567,-1,480.9,220.5,31.7,91.8,0.053
568,-1,22.3,14.9,138.5,405.8,1.000
568,-1,230.4,0.0,199.8,477.7,0.999
568,-1,411.5,44.7,121.5,349.0,0.998
568,-1,566.4,57.3,73.6,422.6,0.995
568,-1,556.7,57.8,79.7,142.3,0.812
568,-1,552.5,212.0,48.3,143.3,0.797
568,-1,542.2,52.5,88.3,300.1,0.644
568,-1,0.0,177.7,12.7,73.5,0.536
568,-1,574.0,55.4,58.2,98.8,0.527
568,-1,253.2,187.4,17.9,76.8,0.393
568,-1,197.0,200.1,10.5,15.5,0.178
568,-1,519.5,212.6,52.8,120.8,0.164
568,-1,231.0,206.6,28.6,58.4,0.112
568,-1,527.8,131.1,75.5,224.8,0.112
568,-1,173.5,191.5,14.2,36.8,0.092
568,-1,238.6,182.9,29.6,84.4,0.091
568,-1,606.1,59.7,33.3,96.2,0.090
568,-1,558.1,245.3,73.8,222.5,0.079
568,-1,255.7,205.4,11.5,58.1,0.073
568,-1,223.6,200.4,7.9,15.2,0.073
568,-1,489.9,222.3,31.8,93.6,0.065
569,-1,0.0,0.0,146.6,453.5,0.999
569,-1,218.9,0.0,201.8,480.0,0.999
569,-1,415.9,26.3,128.1,375.5,0.999
569,-1,567.8,52.4,71.2,376.5,0.995
569,-1,0.0,166.6,12.6,96.3,0.780
569,-1,540.8,75.1,70.9,285.0,0.539
569,-1,539.2,152.0,39.0,90.1,0.197
569,-1,239.9,175.0,27.2,90.8,0.186
569,-1,0.0,171.5,10.9,50.3,0.154
569,-1,0.0,162.0,7.1,80.3,0.121
569,-1,126.5,176.7,20.7,51.4,0.120
569,-1,532.3,148.3,49.3,176.9,0.120
569,-1,198.6,196.8,17.1,16.9,0.108
569,-1,0.0,123.4,2.6,130.7,0.100
569,-1,0.0,147.4,8.4,185.8,0.096
569,-1,0.0,90.7,18.6,352.5,0.090
569,-1,585.5,173.9,54.5,281.6,0.067
569,-1,546.7,49.8,93.0,216.1,0.066
569,-1,206.6,201.2,9.8,11.9,0.053
570,-1,425.8,15.5,137.1,391.2,0.999
570,-1,206.9,0.0,212.0,480.0,0.999
570,-1,0.0,0.0,139.4,435.5,0.999
570,-1,570.3,51.7,69.3,348.7,0.996
570,-1,201.6,196.3,15.1,16.7,0.637
570,-1,118.6,171.1,28.3,89.6,0.232
570,-1,239.0,176.4,25.5,90.0,0.205
570,-1,536.7,198.1,46.7,116.6,0.190
570,-1,176.4,190.7,16.9,36.6,0.168
570,-1,541.4,185.7,58.8,168.7,0.135
570,-1,171.8,193.0,22.3,61.4,0.127
570,-1,0.0,8.2,37.3,459.1,0.059
571,-1,192.7,0.1,229.9,479.9,0.999
571,-1,1.0,0.0,122.3,451.7,0.999
571,-1,431.5,2.5,143.6,413.5,0.999
571,-1,564.6,54.7,74.7,343.5,0.999
571,-1,232.3,181.5,24.8,87.9,0.605
571,-1,539.0,217.0,46.2,96.4,0.159
571,-1,192.4,195.7,30.7,69.3,0.080
571,-1,229.1,199.0,8.7,15.9,0.073
571,-1,179.8,193.4,14.1,36.2,0.073
571,-1,513.7,29.8,120.1,379.7,0.066
571,-1,242.5,184.0,12.6,86.1,0.058
572,-1,185.9,0.0,232.8,480.0,0.999
572,-1,0.8,0.0,112.0,468.2,0.999
572,-1,436.5,1.3,153.5,446.8,0.999
572,-1,577.1,58.6,62.8,311.4,0.997
572,-1,540.0,215.3,64.0,178.0,0.788
572,-1,184.8,192.6,26.7,62.7,0.370
572,-1,540.3,65.7,86.2,336.5,0.180
572,-1,178.6,191.6,11.6,20.3,0.071
572,-1,225.8,182.3,21.9,80.7,0.067
573,-1,178.9,0.3,241.0,479.7,0.999
573,-1,443.7,0.0,173.5,475.9,0.999
573,-1,0.0,1.8,102.5,474.7,0.996
573,-1,542.0,63.7,96.2,328.3,0.892
573,-1,592.6,98.3,47.4,272.2,0.810
573,-1,0.3,6.5,51.3,281.5,0.739
573,-1,180.8,198.4,29.0,70.3,0.236
573,-1,539.9,226.4,94.5,170.2,0.231
573,-1,405.6,139.3,20.2,97.0,0.220
573,-1,560.3,33.4,78.7,246.5,0.090
574,-1,180.9,0.0,248.1,480.0,0.999
574,-1,455.8,0.0,181.9,480.0,0.999
574,-1,0.0,34.8,61.8,443.7,0.750
574,-1,181.7,202.7,32.3,70.2,0.600
574,-1,0.0,190.1,17.2,113.8,0.462
574,-1,208.7,205.6,9.3,14.1,0.244
574,-1,0.2,145.3,36.4,331.2,0.208
574,-1,0.0,129.2,18.2,280.2,0.203
574,-1,15.5,233.9,35.5,29.6,0.174
574,-1,415.8,130.9,18.0,106.0,0.129
574,-1,0.0,285.9,54.8,193.9,0.073
574,-1,0.0,179.6,12.7,196.3,0.071
574,-1,0.2,207.9,9.5,87.1,0.058
574,-1,392.0,127.4,42.6,169.2,0.055
574,-1,33.4,234.2,18.7,26.6,0.053
575,-1,465.1,0.0,174.9,478.5,0.999
575,-1,188.9,0.0,247.7,480.0,0.999
575,-1,0.0,181.2,8.6,69.9,0.641
575,-1,186.1,195.4,30.1,76.5,0.356
575,-1,14.9,235.8,35.1,28.7,0.165
575,-1,22.2,197.4,14.9,32.6,0.160
575,-1,310.3,103.8,131.3,364.2,0.150
575,-1,39.8,187.7,17.8,18.0,0.127
575,-1,0.0,175.0,4.7,90.6,0.117
575,-1,178.3,200.2,13.1,34.2,0.111
575,-1,586.4,0.1,53.6,37.9,0.073
575,-1,0.0,214.7,2.4,92.6,0.058
575,-1,0.0,230.9,6.7,248.5,0.054
576,-1,200.3,0.0,246.7,480.0,1.000
576,-1,481.8,0.9,158.0,456.6,0.999
576,-1,39.1,187.6,18.1,16.4,0.240
576,-1,372.6,124.3,72.7,301.8,0.157
576,-1,19.9,198.5,14.4,31.3,0.153
576,-1,0.0,181.1,4.8,83.3,0.135
576,-1,200.0,201.3,30.0,66.2,0.086
576,-1,33.0,185.3,25.6,39.5,0.061
577,-1,202.5,0.0,251.1,478.7,0.999
577,-1,498.5,1.1,140.8,463.4,0.999
577,-1,20.2,199.2,14.4,29.4,0.111
577,-1,215.6,204.6,23.9,77.4,0.110
577,-1,229.1,202.2,14.9,83.8,0.108
577,-1,195.5,198.6,12.5,21.7,0.096
577,-1,589.5,3.0,50.5,278.0,0.089
577,-1,39.8,186.7,17.0,15.7,0.067
578,-1,219.3,0.0,236.1,479.5,0.999
578,-1,513.2,0.3,126.8,472.6,0.999
578,-1,511.1,228.9,68.9,156.3,0.887
578,-1,381.9,100.5,74.3,332.9,0.523
578,-1,0.0,178.1,5.7,82.4,0.413
578,-1,214.0,200.9,9.9,16.4,0.285
578,-1,0.0,182.7,10.5,61.6,0.256
578,-1,195.9,195.9,14.5,22.5,0.237
578,-1,8.9,234.0,36.6,27.4,0.226
578,-1,39.8,184.6,18.0,18.1,0.197
578,-1,230.7,189.6,16.6,95.8,0.144
578,-1,194.1,193.7,7.1,18.5,0.141
578,-1,20.5,195.1,15.4,32.4,0.127
578,-1,0.0,182.5,3.0,89.3,0.107
578,-1,37.2,182.7,21.8,37.9,0.081
578,-1,221.1,194.6,8.8,24.2,0.076
578,-1,511.7,55.3,90.0,333.3,0.068
578,-1,201.6,204.6,7.8,13.7,0.058
578,-1,178.7,195.0,26.1,37.5,0.056
579,-1,227.4,3.0,233.7,473.0,0.999
579,-1,550.5,2.1,89.5,477.9,0.985
579,-1,501.4,69.6,69.2,316.5,0.970
579,-1,521.0,69.9,38.4,202.1,0.942
579,-1,500.3,212.7,114.4,166.7,0.768
579,-1,223.0,156.0,30.3,119.9,0.702
579,-1,504.1,36.7,120.2,400.8,0.587
579,-1,20.9,188.4,15.3,31.0,0.340
579,-1,0.0,170.2,6.0,82.2,0.241
579,-1,216.1,190.9,9.5,18.7,0.234
579,-1,0.0,181.0,2.3,94.1,0.216
579,-1,599.3,55.8,40.7,424.2,0.189
579,-1,383.2,54.7,81.3,367.8,0.096
579,-1,0.0,167.3,10.4,94.2,0.096
579,-1,199.6,189.8,8.9,20.2,0.081
579,-1,0.0,176.2,11.7,42.9,0.072
579,-1,228.8,5.8,170.1,269.7,0.070
579,-1,177.6,186.9,15.1,32.5,0.069
579,-1,10.1,225.4,45.5,30.5,0.068
579,-1,30.6,225.5,16.2,18.6,0.067
579,-1,499.8,196.9,63.2,176.3,0.065
580,-1,233.1,0.0,237.3,480.0,0.999
580,-1,503.7,67.4,120.4,337.9,0.997
580,-1,224.9,159.9,28.7,115.7,0.973
580,-1,589.1,6.9,50.5,400.7,0.896
580,-1,503.5,239.8,45.2,136.6,0.687
580,-1,15.2,185.4,13.6,31.3,0.336
580,-1,1.9,225.0,38.9,27.7,0.182
580,-1,595.7,185.5,44.3,214.5,0.132
580,-1,25.3,223.2,12.8,20.0,0.101
580,-1,505.3,229.7,93.8,152.8,0.096
580,-1,598.6,0.0,40.7,256.5,0.096
581,-1,216.1,152.0,49.4,130.6,0.999
581,-1,247.5,0.0,241.0,480.0,0.999
581,-1,508.1,69.2,88.8,324.7,0.999
581,-1,561.2,108.6,73.2,254.7,0.989
581,-1,573.5,109.8,36.2,40.2,0.286
581,-1,0.0,0.0,92.3,480.0,0.266
581,-1,0.0,86.3,19.4,389.6,0.228
581,-1,571.4,112.0,53.4,167.2,0.184
581,-1,7.3,0.0,202.2,480.0,0.161
581,-1,0.1,152.9,11.0,210.6,0.122
581,-1,176.0,188.7,15.7,33.1,0.057
581,-1,0.0,25.1,39.4,454.9,0.056
581,-1,573.7,109.0,53.3,74.6,0.056
581,-1,602.2,112.0,36.4,196.4,0.051
582,-1,211.1,153.1,53.8,135.4,0.999
582,-1,492.3,69.4,90.3,319.8,0.999
582,-1,255.5,4.7,234.6,474.1,0.999
582,-1,561.7,116.2,73.7,253.1,0.978
582,-1,0.3,121.6,22.7,358.4,0.673
582,-1,0.0,0.0,103.5,476.6,0.569
582,-1,0.0,31.9,52.9,448.0,0.329
582,-1,7.1,0.0,187.9,478.5,0.328
582,-1,0.4,171.9,19.8,196.8,0.245
582,-1,175.0,190.0,15.3,37.1,0.120
582,-1,41.2,181.6,15.6,14.5,0.089
582,-1,416.2,90.8,80.1,316.8,0.087
583,-1,258.5,0.0,254.3,478.4,0.999
583,-1,482.6,76.9,101.9,330.3,0.998
583,-1,206.6,159.3,59.7,139.4,0.997
583,-1,526.7,117.3,112.9,282.6,0.993
583,-1,0.9,0.0,111.6,478.5,0.979
583,-1,0.0,108.3,47.7,363.9,0.643
583,-1,184.4,204.0,26.3,75.6,0.295
583,-1,173.8,197.6,18.4,42.4,0.246
583,-1,563.9,125.3,63.0,224.4,0.222
583,-1,193.4,199.2,13.1,25.4,0.184
583,-1,460.8,44.0,86.0,337.8,0.134
583,-1,177.7,198.1,13.6,25.6,0.126
583,-1,0.2,118.0,14.5,362.0,0.092
583,-1,37.1,0.0,422.2,480.0,0.090
583,-1,0.0,175.3,8.0,224.0,0.089
583,-1,567.1,122.3,38.6,36.4,0.084
583,-1,0.0,0.0,108.3,208.2,0.082
583,-1,179.6,198.8,26.5,39.7,0.063
583,-1,566.5,123.2,51.8,96.6,0.063
583,-1,0.0,248.3,6.9,229.6,0.054
583,-1,187.3,235.2,21.9,44.4,0.053
584,-1,200.0,159.4,61.7,142.5,0.999
584,-1,263.9,0.0,266.3,480.0,0.999
584,-1,463.7,88.3,114.1,326.1,0.995
584,-1,540.0,122.4,89.9,273.7,0.992
584,-1,0.0,6.9,110.2,467.1,0.951
584,-1,0.0,123.8,62.1,350.3,0.801
584,-1,0.2,157.2,29.0,320.8,0.393
584,-1,454.4,243.9,71.9,140.6,0.194
584,-1,559.8,125.5,53.1,227.1,0.171
584,-1,292.2,169.7,18.6,88.1,0.099
584,-1,512.3,92.4,56.5,279.6,0.090
584,-1,175.3,196.3,14.3,32.2,0.081
584,-1,0.2,0.0,228.4,480.0,0.069
584,-1,0.8,0.3,112.5,116.9,0.069
585,-1,201.9,152.8,54.4,148.8,0.999
585,-1,266.3,4.5,277.0,475.3,0.999
585,-1,454.5,128.5,128.0,279.9,0.984
585,-1,547.5,118.4,60.1,251.6,0.974
585,-1,0.0,9.2,112.3,470.5,0.963
585,-1,288.8,167.2,26.0,109.4,0.745
585,-1,493.2,171.1,110.8,195.6,0.315
585,-1,451.4,179.8,93.3,201.2,0.309
585,-1,169.3,192.3,27.0,38.4,0.158
585,-1,164.6,191.8,20.5,44.9,0.105
585,-1,1.8,163.5,63.2,310.5,0.088
585,-1,267.4,190.8,30.9,68.9,0.070
585,-1,449.6,208.7,55.5,166.8,0.068
585,-1,170.5,192.5,20.2,24.5,0.062
585,-1,553.8,258.2,48.1,111.4,0.051
586,-1,273.9,3.6,271.4,474.6,0.999
586,-1,201.5,148.6,54.2,156.8,0.999
586,-1,534.6,122.0,69.0,257.2,0.994
586,-1,496.3,131.3,93.5,275.5,0.976
586,-1,0.0,6.5,114.9,473.5,0.968
586,-1,298.1,217.6,19.8,63.3,0.375
586,-1,0.4,115.8,73.0,361.6,0.344
586,-1,268.6,202.6,11.5,24.0,0.133
586,-1,457.8,177.5,55.3,206.7,0.113
586,-1,172.1,195.8,15.7,34.4,0.084
586,-1,457.8,289.4,36.1,93.8,0.072
586,-1,288.9,189.0,29.1,94.0,0.071
586,-1,46.7,0.0,458.0,480.0,0.054
586,-1,282.5,147.5,41.2,133.8,0.054
587,-1,281.9,0.0,250.6,480.0,0.999
587,-1,191.1,144.7,55.9,158.1,0.999
587,-1,526.6,117.5,65.9,247.3,0.990
587,-1,1.2,6.7,110.9,473.3,0.973
587,-1,459.0,170.6,96.2,228.9,0.929
587,-1,443.6,55.0,125.1,335.3,0.220
587,-1,487.8,167.9,94.7,204.7,0.187
587,-1,509.3,222.8,67.0,134.1,0.146
587,-1,270.9,200.7,9.0,35.3,0.122
587,-1,165.6,194.6,14.4,40.7,0.118
587,-1,533.6,134.4,58.0,117.9,0.109
587,-1,92.4,190.2,44.2,90.5,0.106
587,-1,36.8,152.8,68.9,212.7,0.064
587,-1,508.1,144.9,61.1,187.2,0.059
587,-1,35.1,192.2,61.9,283.9,0.050
588,-1,274.4,3.9,249.6,475.4,0.999
588,-1,181.0,146.0,60.3,163.2,0.999
588,-1,523.1,126.8,66.7,248.2,0.994
588,-1,1.5,11.9,93.8,468.1,0.943
588,-1,457.0,178.1,69.1,210.2,0.932
588,-1,26.1,188.0,30.0,51.5,0.209
588,-1,490.3,171.0,48.1,122.0,0.180
588,-1,485.4,141.1,83.7,235.2,0.177
588,-1,260.9,201.2,15.0,39.7,0.126
588,-1,40.3,171.7,60.1,306.8,0.100
588,-1,160.0,199.5,14.7,40.3,0.091
588,-1,500.2,177.2,49.7,80.4,0.075
588,-1,500.1,226.1,64.5,105.0,0.054
588,-1,482.7,179.6,22.4,91.8,0.051
589,-1,249.0,0.0,248.3,480.0,0.999
589,-1,151.0,144.3,68.7,174.5,0.998
589,-1,469.0,129.7,100.1,245.0,0.997
589,-1,3.0,0.6,91.5,477.3,0.969
589,-1,270.3,160.2,39.0,122.7,0.391
589,-1,0.2,105.0,47.4,375.0,0.376
589,-1,270.0,215.4,23.0,72.0,0.363
589,-1,443.7,185.1,38.9,203.4,0.322
589,-1,464.6,158.3,40.6,182.5,0.313
589,-1,419.7,5.4,78.6,379.9,0.277
589,-1,443.3,145.1,82.6,242.3,0.196
589,-1,278.8,173.2,23.5,85.2,0.191
589,-1,240.0,200.5,13.3,36.4,0.144
589,-1,284.5,169.2,32.0,152.0,0.124
589,-1,0.0,2.2,69.8,226.6,0.091
589,-1,245.3,201.4,11.3,31.1,0.075
589,-1,280.8,158.2,29.0,73.6,0.074
589,-1,81.5,200.6,30.1,76.1,0.070
589,-1,136.7,201.3,14.9,40.1,0.065
589,-1,0.0,51.5,32.0,334.5,0.052
589,-1,279.2,206.7,18.8,57.8,0.052
589,-1,469.0,180.8,36.0,80.7,0.050
590,-1,141.6,141.2,69.6,181.8,1.000
590,-1,226.8,0.0,261.0,480.0,0.999
590,-1,465.5,124.9,91.2,246.0,0.997
590,-1,0.0,1.1,113.5,472.3,0.977
590,-1,252.1,174.1,35.5,111.0,0.956
590,-1,270.0,179.7,18.9,75.3,0.734
590,-1,0.0,24.0,41.7,456.0,0.416
590,-1,72.1,186.9,27.0,52.0,0.390
590,-1,429.5,180.3,35.6,208.8,0.329
590,-1,267.0,173.6,31.7,133.2,0.292
590,-1,434.9,158.6,62.2,228.4,0.285
590,-1,433.7,287.9,31.6,97.6,0.145
590,-1,226.8,184.3,55.4,105.4,0.094
590,-1,253.4,199.6,12.2,33.3,0.091
590,-1,126.0,193.2,12.1,46.1,0.088
590,-1,74.0,185.2,30.2,90.3,0.081
590,-1,422.5,53.8,64.6,326.4,0.065
590,-1,124.9,230.1,35.4,70.9,0.060
590,-1,458.9,185.6,72.8,168.2,0.059
590,-1,280.5,214.4,18.7,97.0,0.057
590,-1,0.6,0.0,78.5,287.8,0.053
591,-1,123.3,139.7,68.9,184.9,1.000
591,-1,204.6,1.1,262.3,477.9,1.000
591,-1,0.3,2.2,116.2,475.3,0.977
591,-1,446.3,119.7,91.3,243.9,0.974
591,-1,412.3,180.4,43.2,203.8,0.891
591,-1,239.5,167.4,33.5,116.9,0.446
591,-1,415.0,285.0,42.2,98.0,0.231
591,-1,207.0,115.1,25.9,101.1,0.180
591,-1,188.6,198.1,13.0,21.0,0.151
591,-1,0.5,123.8,16.4,350.8,0.140
591,-1,212.7,119.8,16.7,72.8,0.116
591,-1,235.6,181.4,20.6,67.8,0.097
591,-1,245.9,140.7,39.3,118.6,0.086
591,-1,254.4,133.6,37.0,95.0,0.079
591,-1,8.5,216.5,107.4,251.9,0.069
591,-1,0.2,213.5,11.3,265.0,0.068
591,-1,407.8,45.0,63.3,335.2,0.066
591,-1,0.0,10.2,32.4,462.5,0.053
592,-1,107.0,142.5,70.9,194.8,1.000
592,-1,190.1,1.8,259.7,477.6,0.999
592,-1,421.9,124.5,89.1,246.3,0.984
592,-1,0.6,0.0,126.8,480.0,0.955
592,-1,179.1,203.9,12.9,21.8,0.541
592,-1,220.2,184.3,22.3,54.7,0.326
592,-1,611.7,191.0,28.3,118.1,0.205
592,-1,220.6,185.3,35.1,105.0,0.195
592,-1,397.7,94.2,65.5,284.5,0.185
592,-1,1.3,245.0,133.9,229.7,0.153
592,-1,399.9,301.6,42.2,86.9,0.149
592,-1,0.2,2.1,62.7,333.3,0.098
592,-1,0.1,12.9,15.4,461.3,0.075
592,-1,219.4,166.1,36.7,80.5,0.061
592,-1,0.1,174.8,8.5,279.1,0.054
592,-1,237.1,184.6,21.0,53.9,0.053
592,-1,0.0,327.1,235.4,152.9,0.052
593,-1,187.8,0.0,255.5,477.9,0.999
593,-1,86.5,132.2,70.0,199.7,0.999
593,-1,416.6,123.2,80.4,236.0,0.992
593,-1,0.7,1.0,131.4,479.0,0.986
593,-1,202.2,152.3,39.2,140.5,0.931
593,-1,167.0,199.2,13.3,22.5,0.874
593,-1,382.6,158.1,40.0,220.3,0.746
593,-1,0.5,5.6,65.4,456.3,0.677
593,-1,386.8,131.3,87.1,239.8,0.600
593,-1,0.1,239.0,113.8,240.6,0.103
593,-1,433.2,123.2,51.6,170.6,0.092
593,-1,212.9,197.7,28.5,94.1,0.081
593,-1,0.2,76.1,16.3,402.4,0.073
593,-1,183.2,198.5,7.9,22.0,0.061
594,-1,195.3,6.9,242.7,470.4,0.999
594,-1,70.9,121.0,76.9,219.3,0.999
594,-1,406.3,118.7,79.7,237.0,0.988
594,-1,0.1,0.0,97.7,480.0,0.983
594,-1,194.1,200.9,38.8,88.4,0.912
594,-1,160.0,194.8,15.4,22.6,0.656
594,-1,377.7,153.7,33.3,222.5,0.435
594,-1,393.0,127.7,59.1,238.4,0.363
594,-1,0.4,237.4,104.2,242.6,0.323
594,-1,426.6,118.8,48.8,193.4,0.315
594,-1,0.5,10.0,55.1,341.7,0.256
594,-1,605.6,172.1,34.2,139.1,0.181
594,-1,369.5,80.8,70.8,289.9,0.100
594,-1,427.4,117.3,29.6,37.8,0.067
595,-1,192.4,3.8,240.4,475.9,0.999
595,-1,44.7,113.3,89.2,234.2,0.998
595,-1,401.9,125.8,64.3,242.5,0.994
595,-1,185.1,168.1,36.5,127.9,0.980
595,-1,0.0,8.4,71.8,471.6,0.967
595,-1,153.3,200.2,15.0,20.0,0.799
595,-1,606.7,192.1,32.8,129.6,0.773
595,-1,365.7,156.8,42.8,224.7,0.769
595,-1,368.3,135.1,72.8,247.4,0.558
595,-1,139.9,199.4,10.6,21.7,0.235
595,-1,11.2,82.5,88.1,331.1,0.158
595,-1,187.8,170.6,19.3,114.6,0.099
595,-1,190.4,173.3,13.8,62.7,0.095
595,-1,419.6,125.9,25.7,36.9,0.058
595,-1,203.1,192.0,22.1,100.4,0.054
595,-1,558.5,88.9,31.9,59.8,0.053
596,-1,194.1,0.0,233.9,480.0,0.999
596,-1,30.9,112.2,92.3,240.2,0.998
596,-1,178.8,167.3,37.4,130.4,0.995
596,-1,402.8,127.4,55.0,240.0,0.979
596,-1,0.5,25.8,51.4,447.8,0.949
596,-1,149.1,199.7,13.9,21.8,0.902
596,-1,181.6,168.7,17.8,69.0,0.768
596,-1,366.2,146.8,75.6,242.0,0.736
596,-1,364.3,196.4,46.2,189.2,0.499
596,-1,135.9,201.7,9.8,19.9,0.415
596,-1,608.0,202.2,32.0,121.8,0.313
596,-1,5.3,67.7,87.4,319.6,0.192
596,-1,415.2,128.3,21.1,36.8,0.112
597,-1,196.9,0.0,219.5,478.5,0.999
597,-1,25.0,106.4,83.6,246.5,0.997
597,-1,169.3,155.2,46.4,144.3,0.995
597,-1,373.3,127.6,79.7,247.6,0.988
597,-1,0.1,11.8,35.2,451.2,0.942
597,-1,142.6,199.6,15.9,21.0,0.722
597,-1,406.4,129.3,38.6,173.3,0.576
597,-1,350.1,169.7,59.7,215.0,0.350
597,-1,137.2,201.0,8.5,20.1,0.335
597,-1,131.6,202.9,7.6,17.2,0.177
597,-1,133.7,202.1,9.5,18.5,0.064
597,-1,609.5,218.3,29.8,104.2,0.051
598,-1,198.0,0.3,215.3,479.1,1.000
598,-1,155.2,153.2,56.6,149.9,0.999
598,-1,11.8,103.3,88.1,256.8,0.995
598,-1,383.4,138.2,73.2,230.1,0.980
598,-1,0.1,17.6,32.6,458.9,0.959
598,-1,142.3,201.8,13.0,22.5,0.748
598,-1,128.6,203.8,9.2,20.4,0.445
598,-1,614.2,233.2,25.3,111.3,0.441
598,-1,347.9,231.8,46.9,157.9,0.434
598,-1,401.1,132.8,36.2,180.5,0.357
598,-1,350.6,176.3,89.9,200.2,0.237
598,-1,0.0,116.2,43.6,269.2,0.116
598,-1,404.0,133.4,18.3,35.2,0.105
598,-1,62.8,246.1,24.2,44.0,0.071
598,-1,185.5,164.8,30.3,129.7,0.060
599,-1,200.5,0.0,218.4,478.3,0.999
599,-1,146.2,153.2,65.7,151.3,0.998
599,-1,0.4,100.4,85.6,268.8,0.995
599,-1,373.9,133.4,62.9,228.2,0.956
599,-1,0.0,44.5,30.5,429.9,0.896
599,-1,604.1,193.5,35.9,151.3,0.847
599,-1,140.5,201.1,12.4,22.5,0.734
599,-1,123.5,198.0,14.5,26.2,0.427
599,-1,326.7,248.1,54.2,135.1,0.392
599,-1,331.3,173.5,77.3,208.1,0.249
599,-1,344.3,230.6,50.3,149.7,0.226
599,-1,402.8,134.3,34.0,164.7,0.213
599,-1,343.1,305.3,33.6,74.5,0.121
599,-1,351.2,243.7,33.7,77.9,0.107
599,-1,577.3,193.4,60.8,182.9,0.103
599,-1,542.0,85.4,51.6,67.3,0.100
599,-1,0.0,111.3,14.2,41.7,0.097
599,-1,0.1,87.2,13.1,137.5,0.083
599,-1,296.1,64.2,122.1,316.0,0.064
599,-1,54.8,247.2,27.3,39.3,0.055
599,-1,601.2,110.5,38.8,195.1,0.052
599,-1,555.6,201.2,84.4,278.5,0.050
600,-1,139.4,151.6,64.9,160.8,0.999
600,-1,194.5,0.0,236.6,480.0,0.999
600,-1,0.0,94.1,73.4,283.3,0.997
600,-1,345.1,160.9,85.8,203.7,0.767
600,-1,606.6,146.5,32.5,207.5,0.741
600,-1,45.8,188.0,38.2,112.0,0.627
600,-1,45.2,243.7,32.2,55.1,0.513
600,-1,125.5,206.6,11.4,19.3,0.477
600,-1,0.0,107.4,19.6,259.6,0.468
600,-1,349.9,229.7,61.2,131.3,0.419
600,-1,138.5,203.9,10.4,22.3,0.354
600,-1,536.2,140.4,103.3,326.9,0.184
600,-1,331.7,242.2,47.1,133.7,0.084
600,-1,582.0,118.9,58.0,244.5,0.080
600,-1,2.1,280.3,54.2,87.3,0.054
601,-1,196.0,0.0,240.3,480.0,0.999
601,-1,135.8,152.3,67.5,163.2,0.997
601,-1,0.0,104.9,58.1,274.6,0.924
601,-1,42.1,237.6,34.4,65.7,0.897
601,-1,359.1,175.0,77.2,186.7,0.856
601,-1,594.1,130.2,45.5,225.7,0.743
601,-1,0.6,107.5,29.7,302.6,0.619
601,-1,126.5,207.5,11.7,18.8,0.461
601,-1,0.0,94.9,19.7,231.5,0.441
601,-1,538.3,118.5,101.1,357.2,0.336
601,-1,0.6,218.0,47.6,159.6,0.293
601,-1,0.1,102.2,62.2,145.3,0.170
601,-1,0.1,160.7,15.8,218.9,0.147
601,-1,0.1,103.3,12.4,163.0,0.126
601,-1,0.0,162.4,2.3,158.6,0.104
601,-1,405.8,225.5,35.4,105.1,0.095
601,-1,549.0,81.8,53.3,71.4,0.091
601,-1,119.3,203.7,8.8,21.7,0.058
601,-1,354.4,242.2,36.4,112.7,0.054
601,-1,0.2,300.4,48.0,73.6,0.052
602,-1,185.4,0.0,253.0,480.0,0.999
602,-1,143.3,150.6,56.2,166.8,0.999
602,-1,352.8,180.4,76.7,185.6,0.935
602,-1,0.0,62.8,45.5,411.9,0.891
602,-1,587.6,93.0,51.9,277.2,0.798
602,-1,40.5,242.4,36.1,60.8,0.716
602,-1,0.0,90.2,22.7,362.3,0.590
602,-1,348.9,258.1,39.0,92.2,0.451
602,-1,372.5,199.2,41.3,164.0,0.394
602,-1,126.7,206.4,13.1,19.3,0.342
602,-1,541.8,100.0,97.5,380.0,0.169
602,-1,0.0,169.6,15.8,229.0,0.089
602,-1,137.3,214.1,8.8,14.3,0.075
602,-1,0.2,102.7,32.7,130.3,0.057
603,-1,188.8,0.0,239.2,480.0,0.999
603,-1,131.3,150.9,65.6,173.3,0.998
603,-1,0.0,113.2,33.3,363.2,0.976
603,-1,582.3,95.9,57.7,275.9,0.848
603,-1,38.0,241.9,35.1,62.5,0.829
603,-1,199.1,205.7,39.0,163.2,0.806
603,-1,361.2,172.2,72.8,198.4,0.763
603,-1,0.1,176.0,15.1,137.5,0.322
603,-1,352.0,272.9,36.5,74.6,0.279
603,-1,0.0,158.7,26.6,98.0,0.195
603,-1,0.1,203.1,27.2,87.8,0.179
603,-1,271.2,0.1,101.6,15.6,0.111
603,-1,190.8,131.5,65.5,241.9,0.080
603,-1,12.3,230.4,22.0,64.4,0.067
603,-1,0.7,213.1,26.4,39.4,0.059
603,-1,195.4,53.6,118.6,319.2,0.058
603,-1,555.1,61.7,84.9,396.4,0.057
603,-1,0.2,125.4,18.8,99.0,0.053
603,-1,0.1,124.6,12.0,160.8,0.052
603,-1,354.2,242.8,51.4,112.8,0.052
604,-1,131.5,147.7,63.6,177.4,0.999
604,-1,193.5,0.0,229.2,479.0,0.998
604,-1,189.6,169.9,47.3,198.5,0.984
604,-1,0.0,128.6,51.7,331.0,0.961
604,-1,582.9,92.7,57.0,313.4,0.944
604,-1,37.4,243.8,35.2,61.3,0.803
604,-1,531.6,103.0,108.4,377.0,0.516
604,-1,363.5,186.4,56.9,188.5,0.459
604,-1,0.0,206.3,20.3,105.5,0.331
604,-1,355.6,278.7,30.0,71.9,0.202
604,-1,294.3,0.2,77.5,17.3,0.155
604,-1,174.0,182.1,29.6,98.6,0.117
605,-1,197.5,0.0,221.0,480.0,0.999
605,-1,129.4,143.5,64.0,182.0,0.999
605,-1,578.0,89.9,61.2,367.5,0.956
605,-1,0.1,135.2,62.0,325.1,0.955
605,-1,196.3,168.2,43.8,202.4,0.952
605,-1,0.4,204.9,26.3,108.2,0.821
605,-1,36.7,241.6,34.4,63.1,0.754
605,-1,0.2,188.9,31.5,191.5,0.530
605,-1,0.4,261.0,64.2,161.5,0.156
605,-1,366.2,190.1,51.8,175.4,0.130
605,-1,267.6,0.1,51.3,18.6,0.129
605,-1,0.2,208.2,16.2,154.8,0.089
605,-1,161.6,154.1,74.7,213.0,0.066
605,-1,0.5,203.6,60.7,115.9,0.055
605,-1,0.1,208.2,14.4,41.6,0.053
606,-1,200.9,0.0,205.2,480.0,1.000
606,-1,126.8,139.5,68.4,187.9,0.999
606,-1,0.0,147.7,69.1,319.8,0.929
606,-1,576.5,90.9,61.7,386.8,0.776
606,-1,593.0,103.3,46.1,243.9,0.609
606,-1,197.6,198.9,56.2,177.4,0.587
606,-1,368.2,182.3,43.0,187.0,0.520
606,-1,0.1,221.3,30.4,93.5,0.248
606,-1,0.0,264.9,69.6,149.0,0.155
606,-1,0.2,190.5,33.6,262.4,0.139
606,-1,35.0,242.0,41.0,60.6,0.071
606,-1,268.2,0.1,54.4,22.6,0.062
607,-1,195.0,0.0,213.4,479.7,0.999
607,-1,113.1,133.4,78.1,194.2,0.998
607,-1,193.0,192.0,60.3,177.7,0.973
607,-1,0.1,90.6,70.3,374.9,0.923
607,-1,375.1,172.6,41.0,183.4,0.783
607,-1,605.0,112.4,34.0,198.1,0.645
607,-1,557.0,62.3,83.0,414.8,0.606
607,-1,0.8,156.1,48.3,252.2,0.528
607,-1,32.5,235.9,38.6,61.9,0.508
607,-1,0.2,272.2,71.0,151.1,0.186
607,-1,0.1,193.4,34.8,143.0,0.083
608,-1,96.5,132.2,88.9,204.4,0.999
608,-1,192.6,0.0,215.2,479.0,0.999
608,-1,189.8,170.5,56.4,206.9,0.953
608,-1,560.8,182.5,79.2,297.5,0.862
608,-1,0.2,125.2,55.2,334.5,0.848
608,-1,365.9,145.7,53.6,209.5,0.591
608,-1,28.8,237.3,41.2,60.9,0.552
608,-1,0.0,155.5,44.1,188.8,0.244
608,-1,619.2,186.8,20.7,128.7,0.199
608,-1,464.3,145.2,174.9,334.8,0.156
608,-1,194.2,148.9,27.2,67.4,0.135
608,-1,190.5,145.3,36.0,104.7,0.117
608,-1,21.2,191.9,46.5,105.9,0.113
608,-1,177.6,152.7,43.2,128.8,0.068
608,-1,616.5,115.8,22.6,225.1,0.065
608,-1,616.9,171.8,22.6,292.7,0.054
609,-1,203.3,0.0,214.6,475.9,0.999
609,-1,90.8,124.7,95.6,213.8,0.999
609,-1,199.2,145.6,51.0,229.1,0.973
609,-1,0.3,26.3,50.4,442.9,0.845
609,-1,573.7,237.6,66.3,240.2,0.576
609,-1,202.0,144.1,25.3,72.9,0.350
609,-1,36.5,233.0,33.8,54.9,0.305
609,-1,0.0,202.3,69.1,90.9,0.222
609,-1,29.1,193.4,42.8,93.2,0.161
609,-1,564.3,34.0,75.7,441.6,0.161
609,-1,0.0,74.5,64.1,249.1,0.119
609,-1,197.2,144.0,39.4,112.9,0.118
609,-1,368.9,92.7,64.9,262.9,0.102
609,-1,196.4,82.1,104.7,294.6,0.101
609,-1,127.9,130.2,62.4,157.6,0.101
609,-1,191.1,142.1,40.7,185.0,0.094
609,-1,0.0,217.1,6.7,261.0,0.092
609,-1,178.0,141.0,44.2,130.9,0.080
609,-1,0.0,193.1,10.2,138.0,0.054
610,-1,211.9,0.0,217.2,479.6,0.999
610,-1,91.8,121.2,84.6,223.1,0.999
610,-1,202.2,148.5,52.2,232.9,0.981
610,-1,0.6,4.9,66.8,475.1,0.977
610,-1,154.1,165.7,43.6,113.1,0.781
610,-1,370.4,163.5,68.2,198.9,0.520
610,-1,172.9,165.8,23.9,38.3,0.199
610,-1,48.0,195.7,24.9,85.9,0.158
610,-1,164.9,166.4,29.5,62.2,0.134
610,-1,0.0,84.9,16.5,379.8,0.085
610,-1,198.3,146.6,39.1,113.2,0.084
610,-1,0.1,208.9,10.8,256.7,0.055
611,-1,224.5,0.0,212.3,476.1,0.999
611,-1,91.8,121.2,79.9,231.9,0.998
611,-1,193.9,156.9,60.8,228.6,0.965
611,-1,157.6,171.3,41.7,116.2,0.955
611,-1,0.2,0.0,63.6,480.0,0.952
611,-1,166.8,172.0,30.7,60.2,0.478
611,-1,372.6,159.9,69.2,208.5,0.442
611,-1,373.6,259.0,30.1,108.5,0.229
611,-1,0.0,112.5,18.4,364.5,0.227
611,-1,280.2,0.0,44.6,17.2,0.165
611,-1,608.3,367.9,31.7,112.1,0.132
611,-1,0.2,175.4,14.8,188.4,0.131
611,-1,170.8,171.1,26.3,35.3,0.131
611,-1,171.0,158.8,58.8,162.2,0.094
611,-1,0.3,157.4,45.0,317.3,0.073
611,-1,52.3,230.1,19.8,58.0,0.073
611,-1,112.3,131.0,14.0,30.4,0.053
612,-1,226.6,0.0,224.6,478.9,0.999
612,-1,77.7,115.5,88.6,236.3,0.999
612,-1,0.2,3.9,70.7,471.4,0.995
612,-1,157.4,167.2,35.5,122.9,0.992
612,-1,189.1,127.0,78.4,254.3,0.991
612,-1,379.7,157.4,72.4,206.4,0.656
612,-1,377.1,191.1,42.9,176.7,0.220
612,-1,162.2,169.0,32.8,66.2,0.083
612,-1,408.3,152.2,44.4,173.7,0.077
612,-1,49.1,185.2,17.5,32.2,0.061
613,-1,228.8,0.0,229.6,475.9,0.999
613,-1,54.7,106.8,100.7,243.9,0.999
613,-1,184.5,111.4,87.1,255.0,0.999
613,-1,0.5,7.1,74.3,466.3,0.987
613,-1,150.9,159.9,42.1,123.8,0.980
613,-1,385.8,126.1,74.3,230.0,0.120
613,-1,152.6,161.6,39.5,58.4,0.078
613,-1,0.0,108.2,25.0,366.2,0.068
614,-1,181.3,105.8,85.7,260.3,0.999
614,-1,241.3,0.0,230.0,479.0,0.999
614,-1,48.7,97.2,90.5,270.7,0.997
614,-1,138.6,158.6,45.4,129.1,0.993
614,-1,0.0,9.0,74.9,470.1,0.972
614,-1,241.3,140.8,39.6,167.8,0.420
614,-1,0.0,48.0,27.7,403.4,0.269
614,-1,241.2,220.9,30.6,87.8,0.129
614,-1,274.0,0.3,76.1,46.5,0.079
614,-1,114.1,119.2,12.5,19.7,0.070
614,-1,104.1,116.3,37.1,138.8,0.067
615,-1,180.3,107.6,80.8,261.8,0.999
615,-1,250.3,0.0,223.8,479.1,0.999
615,-1,47.3,92.1,80.4,284.0,0.997
615,-1,0.5,4.4,70.2,463.3,0.995
615,-1,132.9,156.8,48.1,133.1,0.994
615,-1,241.6,140.7,41.2,163.7,0.887
615,-1,109.0,115.5,20.2,28.8,0.683
615,-1,98.5,114.7,38.3,140.1,0.349
615,-1,109.4,115.8,24.6,47.6,0.196
615,-1,259.6,140.1,32.0,90.0,0.108
615,-1,0.0,51.9,38.3,407.1,0.104
615,-1,256.2,134.3,18.4,23.5,0.063
615,-1,0.0,247.1,65.9,231.4,0.058
615,-1,13.1,52.5,401.1,418.9,0.053
616,-1,184.1,109.4,80.3,263.5,0.999
616,-1,266.2,0.0,226.2,480.0,0.999
616,-1,0.0,11.4,81.2,461.0,0.997
616,-1,128.3,151.7,51.5,142.8,0.997
616,-1,49.9,85.1,76.4,273.1,0.991
616,-1,246.4,135.2,33.6,168.6,0.973
616,-1,257.1,124.0,37.8,182.6,0.857
616,-1,271.7,114.4,33.8,79.9,0.794
616,-1,256.1,136.5,23.9,73.9,0.288
616,-1,103.9,106.4,25.1,59.6,0.201
616,-1,257.3,136.9,20.9,23.0,0.181
616,-1,424.6,135.3,78.2,184.2,0.076
616,-1,12.2,58.7,120.9,407.6,0.053
616,-1,84.1,114.5,43.2,128.2,0.052
616,-1,242.1,138.3,17.6,23.5,0.051
617,-1,266.9,1.0,242.1,479.0,0.999
617,-1,183.4,104.7,79.4,264.1,0.999
617,-1,124.9,144.4,55.1,144.1,0.999
617,-1,0.0,0.0,85.5,477.7,0.998
617,-1,267.7,98.4,46.8,213.2,0.970
617,-1,250.6,129.4,31.3,168.8,0.966
617,-1,45.7,74.7,72.8,194.0,0.917
617,-1,41.6,66.1,77.8,365.7,0.888
617,-1,257.4,130.7,21.8,24.2,0.290
617,-1,274.0,99.6,38.2,85.4,0.240
617,-1,256.5,129.4,25.1,97.4,0.173
617,-1,239.9,134.0,21.5,24.0,0.144
617,-1,242.6,131.9,24.7,150.8,0.136
617,-1,0.0,116.1,52.8,363.1,0.084
617,-1,10.3,51.8,137.2,415.0,0.069
617,-1,275.8,119.4,14.6,25.3,0.051
618,-1,179.3,95.9,77.8,272.0,0.999
618,-1,271.5,0.2,233.7,479.8,0.999
618,-1,0.0,1.0,93.3,476.1,0.998
618,-1,266.7,93.6,50.5,258.4,0.998
618,-1,110.5,139.6,65.3,147.2,0.998
618,-1,242.7,124.9,34.5,170.9,0.971
618,-1,35.3,60.3,63.9,127.1,0.918
618,-1,30.1,57.6,70.1,333.5,0.394
618,-1,249.6,127.8,27.6,82.2,0.223
618,-1,253.6,126.3,21.7,24.0,0.107
618,-1,254.6,154.4,19.9,141.0,0.081
618,-1,0.0,5.8,86.6,215.3,0.078
618,-1,35.2,57.6,38.9,78.5,0.075
618,-1,175.4,119.2,37.7,228.2,0.067
619,-1,271.3,0.0,233.8,479.2,0.999
619,-1,170.1,93.8,76.1,271.9,0.999
619,-1,0.5,5.6,89.6,474.4,0.998
619,-1,98.8,137.2,58.9,150.4,0.997
619,-1,261.3,90.1,60.5,256.0,0.996
619,-1,233.4,125.2,39.3,170.8,0.987
619,-1,274.1,0.9,122.9,123.8,0.087
619,-1,95.4,185.3,12.7,30.6,0.053
620,-1,167.1,98.9,72.9,261.0,0.999
620,-1,267.9,0.0,234.9,476.8,0.999
620,-1,0.2,0.0,111.0,480.0,0.999
620,-1,260.6,92.9,64.9,260.5,0.998
620,-1,95.0,137.1,56.2,152.1,0.997
620,-1,234.2,126.8,38.4,170.7,0.987
620,-1,70.5,223.2,73.4,135.5,0.068
621,-1,262.2,102.6,65.0,260.3,0.999
621,-1,282.3,1.8,220.1,474.5,0.999
621,-1,169.1,108.1,72.9,260.0,0.999
621,-1,0.5,0.0,111.3,478.2,0.998
621,-1,92.3,140.7,64.0,154.5,0.998
621,-1,237.9,137.1,37.2,169.7,0.990
621,-1,83.8,184.3,69.1,176.6,0.083
621,-1,45.4,1.3,445.4,477.1,0.078
622,-1,171.7,114.9,74.8,261.8,0.999
622,-1,301.0,1.1,197.9,477.5,0.999
622,-1,266.0,110.1,65.2,264.5,0.998
622,-1,1.2,1.2,122.5,475.4,0.998
622,-1,94.7,142.9,58.9,155.4,0.996
622,-1,242.1,145.8,38.0,164.7,0.992
622,-1,0.0,0.7,98.3,258.9,0.191
622,-1,1.0,0.0,39.3,45.4,0.057
623,-1,167.0,121.7,76.8,263.5,0.999
623,-1,292.1,0.7,211.5,477.7,0.999
623,-1,262.9,116.7,65.4,260.6,0.999
623,-1,0.9,5.0,122.8,473.6,0.998
623,-1,239.8,148.3,36.1,169.5,0.992
623,-1,93.7,141.9,52.9,142.9,0.988
623,-1,0.0,0.1,97.5,223.9,0.147
623,-1,261.1,148.4,17.2,20.7,0.134
623,-1,252.9,130.3,50.0,218.2,0.080
624,-1,0.0,0.0,119.3,480.0,0.999
624,-1,154.6,124.9,91.8,264.6,0.999
624,-1,300.9,0.0,193.9,479.0,0.999
624,-1,261.3,118.2,63.6,261.5,0.999
624,-1,239.7,147.9,31.9,172.0,0.989
624,-1,92.1,140.3,45.0,128.1,0.975
624,-1,80.6,138.6,57.9,224.0,0.479
624,-1,277.9,0.3,125.7,146.5,0.089
624,-1,260.6,150.7,14.1,17.6,0.087
625,-1,0.1,0.3,136.2,479.7,0.999
625,-1,298.2,0.0,199.8,480.0,0.999
625,-1,166.7,116.7,83.6,267.7,0.999
625,-1,256.5,114.8,71.0,251.9,0.999
625,-1,243.2,147.0,28.9,160.8,0.856
625,-1,94.9,116.4,38.9,92.6,0.808
625,-1,72.2,96.8,68.7,313.3,0.235
625,-1,295.9,127.9,31.8,171.2,0.091
625,-1,95.4,115.2,26.3,65.7,0.080
625,-1,1.4,3.0,110.7,257.9,0.063
625,-1,99.6,0.9,403.3,478.3,0.053
626,-1,255.7,110.4,71.0,254.9,0.999
626,-1,302.4,0.0,206.2,479.9,0.999
626,-1,0.3,0.9,136.5,479.1,0.999
626,-1,175.2,114.1,83.2,261.0,0.999
626,-1,166.4,261.3,22.6,45.2,0.330
626,-1,247.1,138.6,30.1,163.5,0.307
626,-1,154.5,133.3,44.9,177.0,0.143
626,-1,168.4,258.3,45.5,48.4,0.092
626,-1,61.2,64.2,80.3,346.9,0.070
626,-1,248.8,195.1,21.6,109.7,0.066
626,-1,0.0,1.9,124.6,232.7,0.056
627,-1,179.3,105.1,79.6,259.4,1.000
627,-1,256.1,102.7,69.3,257.7,0.999
627,-1,0.0,0.1,142.1,470.7,0.999
627,-1,305.1,1.3,217.7,478.7,0.998
627,-1,303.7,135.0,23.9,159.1,0.486
627,-1,0.0,130.9,93.2,349.1,0.372
627,-1,156.2,131.5,45.6,171.8,0.371
627,-1,158.7,191.3,31.9,111.9,0.211
627,-1,305.8,218.0,17.1,77.5,0.176
627,-1,243.4,141.0,28.2,154.0,0.159
627,-1,283.0,119.4,43.5,187.6,0.108
627,-1,162.1,246.5,26.6,59.0,0.084
627,-1,307.9,247.2,13.8,46.9,0.055
628,-1,178.1,101.2,83.2,257.8,0.999
628,-1,1.0,1.6,152.3,475.2,0.999
628,-1,258.7,99.2,67.3,260.6,0.999
628,-1,311.3,5.8,238.6,472.9,0.999
628,-1,156.1,129.7,42.1,174.9,0.981
628,-1,175.8,134.3,25.0,65.8,0.792
628,-1,306.8,128.2,24.9,160.5,0.575
628,-1,160.0,165.0,24.3,137.2,0.519
628,-1,154.6,135.0,46.9,80.4,0.500
628,-1,181.4,133.9,19.6,34.0,0.255
628,-1,248.2,134.5,27.4,157.5,0.245
628,-1,161.2,232.3,23.6,72.1,0.151
628,-1,309.2,247.2,12.1,43.0,0.086
628,-1,176.0,139.5,16.9,46.4,0.064
629,-1,188.6,105.1,81.9,265.3,0.999
629,-1,0.0,0.0,163.4,480.0,0.999
629,-1,268.5,108.1,71.4,261.0,0.998
629,-1,318.9,1.2,260.3,478.8,0.998
629,-1,159.0,133.3,50.1,177.0,0.994
629,-1,167.1,136.4,39.5,108.2,0.575
629,-1,315.4,129.2,30.3,160.5,0.329
629,-1,255.2,131.5,29.3,165.8,0.299
629,-1,315.4,222.6,25.3,70.3,0.126
629,-1,0.0,175.9,123.8,303.5,0.057
630,-1,204.4,115.3,76.6,257.5,0.999
630,-1,281.2,109.5,67.9,260.0,0.998
630,-1,0.0,10.3,180.6,469.2,0.997
630,-1,336.4,0.2,273.9,479.8,0.997
630,-1,164.7,131.3,56.5,182.2,0.995
630,-1,270.0,142.7,27.7,157.3,0.841
630,-1,326.6,139.7,29.1,156.6,0.640
630,-1,0.5,178.3,54.6,186.2,0.399
630,-1,275.9,144.9,22.5,60.4,0.312
630,-1,279.9,144.8,18.8,22.4,0.179
630,-1,0.0,158.5,8.9,159.4,0.147
630,-1,0.0,190.5,2.3,149.6,0.144
630,-1,326.8,215.9,26.1,80.4,0.130
630,-1,18.8,5.9,612.2,474.1,0.057
630,-1,3.8,17.8,83.2,360.4,0.057
630,-1,0.0,238.8,22.1,99.3,0.054
631,-1,210.0,118.1,78.1,256.0,0.999
631,-1,2.5,0.0,190.4,476.5,0.998
631,-1,287.8,112.1,70.5,247.8,0.998
631,-1,350.4,0.0,277.0,480.0,0.998
631,-1,169.6,132.2,51.6,189.9,0.981
631,-1,273.6,144.4,31.0,157.2,0.903
631,-1,333.4,147.0,30.6,148.3,0.780
631,-1,280.0,143.9,26.0,87.2,0.630
631,-1,150.5,124.7,66.4,277.2,0.451
631,-1,285.3,143.7,20.3,23.0,0.399
631,-1,168.4,160.6,16.2,44.0,0.267
631,-1,334.5,218.6,25.9,77.5,0.219
631,-1,1.7,5.7,76.1,386.4,0.115
631,-1,263.1,141.0,14.2,26.2,0.089
631,-1,169.2,160.4,15.8,22.7,0.064
631,-1,3.3,3.0,118.2,266.1,0.052
632,-1,296.3,114.4,65.2,242.7,0.999
632,-1,217.2,119.8,72.6,256.9,0.998
632,-1,1.8,8.1,198.7,470.2,0.998
632,-1,351.0,0.8,286.6,479.2,0.997
632,-1,162.7,132.2,61.5,234.9,0.945
632,-1,274.7,145.0,29.5,162.9,0.944
632,-1,174.2,133.2,50.7,135.0,0.876
632,-1,336.6,142.4,30.6,156.8,0.861
632,-1,282.9,145.9,25.6,82.8,0.233
632,-1,2.7,9.7,90.6,430.7,0.206
632,-1,287.4,144.4,20.3,22.6,0.141
632,-1,0.0,29.6,23.6,337.5,0.078
632,-1,0.0,59.1,5.3,314.7,0.065
632,-1,266.2,144.2,15.3,23.5,0.062
632,-1,21.3,17.9,420.7,459.0,0.057
632,-1,0.1,14.2,47.1,356.4,0.054
632,-1,0.0,132.5,7.0,313.7,0.054
633,-1,301.3,115.0,66.5,244.1,0.999
633,-1,224.5,118.7,69.9,250.3,0.999
633,-1,19.4,14.0,195.6,465.7,0.998
633,-1,363.7,0.7,276.3,479.3,0.997
633,-1,170.4,124.9,53.0,254.2,0.982
633,-1,0.1,87.9,45.1,257.9,0.972
633,-1,279.2,144.7,32.1,163.4,0.951
633,-1,178.4,132.4,42.8,92.4,0.842
633,-1,341.7,140.3,30.7,157.7,0.508
633,-1,284.3,145.2,25.6,80.8,0.208
633,-1,595.4,262.5,44.4,87.5,0.149
633,-1,344.8,194.8,20.8,104.0,0.124
633,-1,167.9,233.6,23.8,74.8,0.118
633,-1,0.8,86.4,70.7,343.3,0.113
633,-1,162.3,142.4,46.1,175.2,0.092
633,-1,292.2,144.1,20.3,22.2,0.089
633,-1,598.3,175.7,41.7,172.8,0.088
633,-1,0.0,104.2,1.6,229.8,0.084
633,-1,283.3,213.7,25.2,92.8,0.083
633,-1,0.0,88.0,5.3,347.6,0.073
633,-1,4.6,82.2,124.1,379.7,0.062
634,-1,308.4,109.6,67.7,248.5,0.999
634,-1,27.1,9.5,202.4,468.2,0.998
634,-1,237.5,114.8,63.3,249.6,0.998
634,-1,402.4,4.6,237.6,471.5,0.995
634,-1,0.2,59.8,55.5,328.7,0.992
634,-1,287.5,140.6,32.5,164.0,0.966
634,-1,182.0,118.7,56.5,247.2,0.864
634,-1,186.1,126.4,41.9,85.3,0.792
634,-1,348.7,135.5,33.1,159.4,0.667
634,-1,609.7,185.4,29.1,159.0,0.499
634,-1,188.2,125.0,16.5,33.8,0.237
634,-1,173.8,144.0,46.7,178.5,0.170
634,-1,171.8,200.1,36.8,126.4,0.134
634,-1,184.7,242.7,24.4,80.2,0.118
634,-1,0.2,64.0,28.0,81.3,0.103
634,-1,187.5,124.6,21.8,57.0,0.088
634,-1,42.2,10.4,404.4,468.5,0.061
634,-1,353.7,165.2,19.9,129.6,0.051
635,-1,243.2,115.4,63.8,246.1,0.999
635,-1,21.0,0.4,219.8,478.9,0.999
635,-1,316.9,117.9,68.5,244.6,0.999
635,-1,410.6,0.2,228.3,479.8,0.998
635,-1,294.3,142.5,33.1,164.0,0.977
635,-1,0.1,134.3,22.7,301.2,0.774
635,-1,0.1,129.0,12.2,219.4,0.507
635,-1,217.6,184.8,17.1,24.1,0.260
635,-1,618.8,185.9,21.2,137.3,0.207
635,-1,0.0,83.1,41.5,372.4,0.154
635,-1,357.3,137.0,30.9,153.8,0.153
635,-1,407.5,163.1,27.0,72.5,0.140
635,-1,217.1,185.4,20.0,41.6,0.081
635,-1,305.1,142.4,23.0,22.6,0.065
635,-1,0.1,142.9,2.3,188.0,0.065
635,-1,217.4,184.9,29.4,62.5,0.062
636,-1,239.8,117.5,66.3,245.5,0.999
636,-1,25.1,1.3,220.9,478.7,0.999
636,-1,413.1,0.0,225.9,480.0,0.998
636,-1,314.7,115.4,69.6,244.9,0.998
636,-1,293.4,144.2,32.9,160.0,0.980
636,-1,354.8,147.1,31.3,141.1,0.384
636,-1,0.0,108.4,12.8,83.2,0.240
636,-1,0.0,125.9,13.8,42.8,0.220
636,-1,0.0,114.2,10.7,198.9,0.104
636,-1,612.7,188.9,27.3,120.3,0.088
636,-1,41.0,0.0,467.7,479.6,0.067
636,-1,227.8,128.6,49.3,238.3,0.054
637,-1,38.4,0.0,208.7,480.0,0.999
637,-1,314.8,115.6,66.9,236.2,0.998
637,-1,246.7,118.6,61.0,239.1,0.998
637,-1,411.2,0.0,227.4,480.0,0.998
637,-1,292.6,140.1,33.4,165.8,0.980
637,-1,353.2,137.6,30.8,151.3,0.394
637,-1,399.9,166.6,33.6,69.2,0.345
637,-1,303.2,142.2,23.7,22.3,0.197
637,-1,301.6,142.8,25.5,63.2,0.056
638,-1,47.8,0.4,203.1,479.6,0.999
638,-1,247.7,117.6,60.7,229.6,0.998
638,-1,389.8,2.2,249.3,477.8,0.998
638,-1,314.2,109.3,67.7,236.3,0.997
638,-1,291.3,136.4,35.9,169.2,0.976
638,-1,77.0,259.1,40.8,104.5,0.522
638,-1,412.7,180.6,20.9,53.9,0.469
638,-1,401.0,188.0,14.8,42.3,0.418
638,-1,352.8,134.3,32.3,152.5,0.383
638,-1,421.6,193.0,14.2,41.2,0.149
638,-1,302.7,140.1,25.0,25.7,0.123
638,-1,293.0,237.5,30.9,65.5,0.078
638,-1,357.7,175.9,19.5,111.1,0.060
639,-1,248.5,115.9,59.3,231.5,0.999
639,-1,68.7,0.0,183.0,476.9,0.999
639,-1,313.3,111.9,63.7,234.7,0.999
639,-1,398.7,2.6,238.8,472.0,0.995
639,-1,291.2,137.4,34.8,161.9,0.953
639,-1,38.2,170.0,77.7,200.7,0.817
639,-1,300.4,139.6,27.0,94.8,0.357
639,-1,302.4,137.9,24.2,24.3,0.313
639,-1,290.8,212.0,31.6,84.9,0.176
639,-1,338.8,125.8,42.1,168.9,0.106
639,-1,308.5,118.5,18.7,24.1,0.094
639,-1,418.3,191.9,14.1,42.6,0.083
639,-1,67.4,178.9,21.0,35.3,0.079
639,-1,401.0,177.2,27.3,57.0,0.068
639,-1,414.1,181.0,14.8,53.6,0.052
640,-1,244.8,112.3,57.8,240.4,1.000
640,-1,37.8,0.3,210.8,479.7,0.999
640,-1,304.2,113.3,68.8,237.1,0.998
640,-1,399.9,0.0,239.0,480.0,0.998
640,-1,16.8,157.9,121.8,234.4,0.964
640,-1,287.8,133.9,32.1,164.8,0.944
640,-1,295.2,138.5,25.0,81.3,0.521
640,-1,295.9,138.1,25.2,23.8,0.269
640,-1,285.2,207.7,32.0,89.5,0.259
640,-1,411.7,191.6,17.6,44.9,0.210
640,-1,403.8,179.5,22.0,55.4,0.102
640,-1,407.9,156.2,32.1,80.0,0.068
641,-1,301.3,113.8,65.3,240.7,1.000
641,-1,239.5,116.8,61.2,238.2,0.999
641,-1,32.8,0.0,212.0,480.0,0.999
641,-1,403.2,0.1,236.6,479.4,0.998
641,-1,3.5,62.8,120.0,343.6,0.995
641,-1,278.8,137.0,33.9,161.9,0.966
641,-1,288.4,142.1,24.7,63.7,0.639
641,-1,399.0,161.3,25.2,76.7,0.358
641,-1,5.5,61.1,90.7,225.8,0.358
641,-1,289.4,141.1,22.8,25.1,0.189
641,-1,276.8,212.4,33.9,86.2,0.131
641,-1,16.1,62.1,71.6,139.2,0.121
641,-1,0.4,34.7,41.8,389.2,0.096
641,-1,392.6,179.1,25.5,55.9,0.091
642,-1,22.9,0.0,222.7,479.8,1.000
642,-1,299.7,118.5,65.3,236.2,0.999
642,-1,239.1,123.9,59.7,234.5,0.998
642,-1,402.2,1.2,231.7,478.8,0.998
642,-1,2.9,49.0,103.4,356.4,0.997
642,-1,275.8,141.3,34.0,160.1,0.977
642,-1,0.1,82.6,33.9,338.3,0.286
642,-1,284.7,143.8,24.7,80.6,0.157
642,-1,4.4,51.1,80.2,218.7,0.069
642,-1,0.0,82.3,6.8,313.6,0.061
643,-1,298.3,117.6,65.5,233.8,0.999
643,-1,13.7,7.0,233.5,473.0,0.999
643,-1,232.9,122.5,61.4,235.1,0.998
643,-1,399.8,1.3,232.3,478.7,0.998
643,-1,0.1,25.3,77.8,392.7,0.995
643,-1,276.0,143.9,33.8,156.0,0.985
643,-1,281.2,144.9,24.6,76.8,0.484
643,-1,0.8,49.9,76.0,196.7,0.178
643,-1,76.4,93.8,15.1,37.2,0.173
643,-1,390.3,181.4,22.2,55.7,0.095
643,-1,281.4,145.5,23.1,22.0,0.090
643,-1,273.0,213.4,33.3,88.5,0.065
644,-1,22.2,3.2,221.4,476.8,0.999
644,-1,225.8,126.9,61.8,235.5,0.999
644,-1,395.2,0.0,238.2,480.0,0.999
644,-1,295.1,122.3,66.0,226.6,0.998
644,-1,274.1,150.1,29.7,151.7,0.986
644,-1,0.0,25.3,53.0,429.1,0.978
644,-1,388.7,185.3,22.8,55.6,0.254
644,-1,397.4,197.9,15.3,42.8,0.181
644,-1,297.8,152.5,14.3,15.1,0.107
644,-1,302.7,153.4,8.9,7.5,0.051
644,-1,0.1,31.3,13.0,423.0,0.050
645,-1,392.1,3.7,245.6,476.3,0.999
645,-1,41.0,0.0,194.8,480.0,0.999
645,-1,288.7,117.9,66.3,232.1,0.999
645,-1,226.1,124.8,59.0,226.1,0.998
645,-1,263.6,148.6,34.7,154.8,0.974
645,-1,596.7,170.2,41.4,217.7,0.292
645,-1,0.1,98.0,27.7,177.1,0.190
645,-1,383.8,185.5,22.0,55.8,0.137
645,-1,292.8,152.3,14.1,15.0,0.091
645,-1,0.0,187.1,11.2,96.8,0.079
645,-1,0.0,189.6,2.8,96.4,0.077
645,-1,0.0,222.1,5.0,61.0,0.066
645,-1,587.0,52.2,52.7,326.4,0.058
645,-1,271.5,150.2,25.2,84.9,0.057
646,-1,61.6,0.0,169.3,480.0,0.999
646,-1,282.5,116.1,67.3,236.4,0.999
646,-1,387.5,0.0,251.5,479.7,0.999
646,-1,220.3,125.9,55.5,201.8,0.998
646,-1,256.9,147.7,35.0,155.4,0.978
646,-1,377.7,187.5,23.1,55.6,0.271
646,-1,604.1,138.1,35.6,259.3,0.203
646,-1,22.3,192.8,26.1,29.0,0.103
646,-1,199.5,159.5,61.7,211.0,0.083
646,-1,372.6,166.9,34.0,77.3,0.062
646,-1,287.9,152.4,13.1,17.8,0.051
647,-1,281.2,128.5,67.3,228.2,0.999
647,-1,58.8,0.0,167.5,480.0,0.999
647,-1,391.7,0.0,245.9,480.0,0.998
647,-1,217.3,126.9,55.5,204.8,0.997
647,-1,255.2,149.3,34.0,156.1,0.975
647,-1,379.1,166.3,30.0,81.1,0.544
647,-1,377.5,189.0,18.1,56.3,0.419
647,-1,282.5,154.5,14.6,20.5,0.189
647,-1,286.4,154.8,10.6,13.9,0.107
647,-1,260.0,150.6,27.9,94.6,0.082
647,-1,396.4,158.0,27.3,108.7,0.080
647,-1,217.9,155.9,10.9,22.7,0.078
647,-1,318.4,150.6,18.3,17.7,0.063
647,-1,195.6,161.4,31.2,86.9,0.059
647,-1,249.7,253.0,32.1,53.0,0.056
647,-1,197.5,145.7,56.7,198.8,0.055
647,-1,302.8,137.0,45.0,148.9,0.054
648,-1,281.2,131.3,64.5,227.5,0.999
648,-1,63.0,1.1,162.0,478.9,0.999
648,-1,386.1,1.6,253.5,478.4,0.998
648,-1,213.6,130.1,57.1,208.3,0.997
648,-1,253.5,151.1,37.1,155.0,0.983
648,-1,198.0,175.9,59.7,178.3,0.202
648,-1,379.5,178.4,27.4,70.3,0.185
648,-1,372.8,186.5,23.8,60.4,0.175
648,-1,287.3,156.1,7.5,13.1,0.152
648,-1,259.7,152.1,21.9,23.3,0.140
648,-1,281.2,155.9,14.3,18.7,0.099
649,-1,59.6,4.8,163.4,474.8,0.999
649,-1,383.3,0.0,256.7,479.2,0.999
649,-1,277.9,132.1,65.1,225.7,0.998
649,-1,215.8,139.4,52.9,201.3,0.997
649,-1,256.5,155.6,30.4,149.0,0.977
649,-1,196.4,193.3,51.7,164.6,0.391
649,-1,382.4,198.1,18.1,48.8,0.091
649,-1,18.4,204.1,29.4,25.4,0.075
649,-1,257.7,155.2,23.6,24.5,0.051
650,-1,274.5,130.7,66.7,221.7,0.999
650,-1,48.9,3.8,174.8,474.6,0.999
650,-1,381.1,0.0,258.9,478.4,0.998
650,-1,215.8,134.9,51.6,216.4,0.998
650,-1,254.6,155.6,28.2,147.3,0.952
650,-1,192.0,227.3,49.2,131.0,0.369
650,-1,13.3,199.1,29.5,29.5,0.217
650,-1,379.7,180.5,26.7,67.3,0.214
650,-1,240.5,145.8,35.9,182.6,0.203
650,-1,253.1,156.4,22.0,22.6,0.118
650,-1,374.2,188.9,22.7,57.7,0.089
650,-1,1.2,188.1,28.5,40.9,0.074
650,-1,273.6,157.2,15.5,21.7,0.067
650,-1,37.4,0.0,563.1,480.0,0.058
650,-1,364.7,170.6,30.8,73.9,0.055
651,-1,30.2,0.1,180.8,475.4,0.999
651,-1,264.2,120.7,65.5,221.7,0.999
651,-1,201.3,128.2,63.5,215.3,0.998
651,-1,388.5,7.0,250.0,471.0,0.998
651,-1,248.5,150.6,24.8,143.0,0.830
651,-1,366.5,172.3,28.0,69.2,0.433
651,-1,0.0,179.9,27.1,40.8,0.336
651,-1,247.1,149.3,21.9,23.7,0.138
651,-1,378.0,176.6,21.2,66.0,0.137
651,-1,370.3,184.5,17.0,55.8,0.130
651,-1,0.0,179.9,10.5,40.4,0.079
651,-1,361.4,179.3,20.7,60.6,0.073
651,-1,247.4,149.6,24.1,64.3,0.068
652,-1,205.5,128.9,59.6,218.7,0.999
652,-1,262.2,125.2,64.3,225.2,0.999
652,-1,28.2,4.0,184.9,467.4,0.999
652,-1,387.6,0.0,250.7,477.2,0.999
652,-1,247.1,152.2,22.5,100.3,0.776
652,-1,364.3,171.0,29.8,76.0,0.241
652,-1,245.0,152.9,23.0,53.8,0.173
652,-1,244.7,152.1,20.6,24.2,0.142
652,-1,251.8,161.1,21.0,128.8,0.087
652,-1,399.6,219.5,18.7,109.7,0.069
653,-1,37.9,4.2,177.1,475.8,0.999
653,-1,206.3,136.7,58.9,220.9,0.999
653,-1,260.6,134.3,66.4,224.6,0.999
653,-1,396.6,5.7,240.6,472.2,0.997
653,-1,244.4,156.4,28.7,153.6,0.797
653,-1,244.9,157.9,27.2,76.2,0.306
653,-1,367.0,183.9,26.5,69.4,0.229
653,-1,397.6,232.1,18.4,99.1,0.124
653,-1,243.2,156.3,23.4,23.4,0.123
654,-1,33.1,0.0,181.0,479.4,0.999
654,-1,207.8,133.1,48.7,216.1,0.999
654,-1,393.3,0.0,242.3,480.0,0.998
654,-1,260.6,131.5,67.0,222.8,0.998
654,-1,238.2,152.9,32.4,150.3,0.762
654,-1,372.1,199.1,20.5,47.8,0.452
654,-1,354.2,197.0,26.9,48.4,0.164
654,-1,386.3,205.0,32.3,122.9,0.094
654,-1,23.4,194.4,20.4,29.8,0.061
654,-1,349.4,204.4,22.6,38.8,0.056
655,-1,23.3,0.0,198.1,480.0,0.999
655,-1,262.7,131.7,66.7,222.8,0.998
655,-1,387.2,0.0,245.5,480.0,0.996
655,-1,206.3,135.5,53.5,218.8,0.996
655,-1,240.8,155.0,29.7,149.1,0.926
655,-1,370.8,197.8,21.0,48.6,0.368
655,-1,76.4,179.8,32.3,122.9,0.315
655,-1,358.6,187.1,24.7,57.7,0.226
655,-1,271.6,151.1,13.5,18.5,0.221
655,-1,241.0,153.6,27.2,83.1,0.208
655,-1,376.1,182.3,21.1,64.3,0.168
655,-1,350.6,199.2,25.4,44.1,0.167
655,-1,386.1,8.6,108.7,466.8,0.095
656,-1,14.7,0.0,207.9,480.0,0.999
656,-1,265.5,127.6,65.5,219.1,0.998
656,-1,374.8,1.9,260.8,477.3,0.998
656,-1,208.8,134.9,49.5,218.2,0.996
656,-1,241.3,154.4,30.7,147.8,0.903
656,-1,367.6,174.6,25.8,71.2,0.414
656,-1,80.2,227.8,23.4,81.6,0.237
656,-1,401.2,205.6,18.5,31.0,0.187
656,-1,377.1,185.7,23.2,60.5,0.173
656,-1,74.8,166.4,28.3,138.4,0.168
656,-1,241.1,156.4,26.8,78.4,0.146
656,-1,384.6,198.2,20.1,49.0,0.085
656,-1,273.5,151.1,13.8,18.1,0.080
656,-1,352.3,204.6,24.1,38.7,0.074
656,-1,468.9,313.5,30.1,74.1,0.064
656,-1,378.0,48.7,121.9,417.9,0.057
656,-1,397.2,199.1,29.1,53.5,0.056
657,-1,16.9,2.5,210.3,477.5,0.999
657,-1,271.4,119.1,65.3,217.0,0.999
657,-1,363.7,0.8,272.6,479.2,0.998
657,-1,209.8,124.7,57.4,209.9,0.995
657,-1,80.9,172.3,25.2,132.7,0.671
657,-1,383.0,188.0,23.8,52.2,0.528
657,-1,251.9,163.6,27.3,131.6,0.372
657,-1,370.8,176.5,30.0,62.6,0.220
657,-1,359.4,169.8,31.8,66.9,0.149
657,-1,399.4,197.8,28.9,43.4,0.137
657,-1,252.3,157.9,21.1,64.1,0.136
657,-1,0.0,187.0,14.1,29.4,0.116
657,-1,311.7,138.5,28.6,114.9,0.106
657,-1,397.2,110.8,42.8,131.1,0.086
657,-1,387.2,188.7,17.4,22.6,0.077
657,-1,310.7,139.9,14.8,20.0,0.062
657,-1,21.0,179.7,79.3,119.1,0.056
658,-1,34.7,13.0,193.3,467.0,0.999
658,-1,275.8,118.5,65.6,216.9,0.998
658,-1,218.1,122.9,58.0,209.1,0.998
658,-1,372.2,0.7,263.0,479.3,0.997
658,-1,81.4,175.2,27.5,131.9,0.676
658,-1,390.9,186.5,14.9,50.4,0.389
658,-1,380.2,169.4,25.9,69.2,0.326
658,-1,249.7,150.9,33.2,142.9,0.247
658,-1,32.7,178.2,74.9,126.8,0.229
658,-1,362.9,190.5,25.9,45.3,0.209
658,-1,371.9,185.6,28.0,51.0,0.164
658,-1,263.1,190.6,20.9,101.5,0.128
658,-1,408.8,190.6,21.9,49.9,0.079
658,-1,395.7,188.3,16.3,50.2,0.060
659,-1,224.3,125.9,56.2,204.9,0.999
659,-1,61.3,4.6,172.2,474.9,0.999
659,-1,281.5,117.0,65.9,221.9,0.998
659,-1,376.4,0.0,250.4,480.0,0.998
659,-1,380.5,160.3,28.8,75.4,0.536
659,-1,84.8,178.5,39.1,128.9,0.474
659,-1,257.2,152.4,29.5,139.9,0.148
659,-1,397.2,183.0,14.9,52.1,0.100
659,-1,272.9,180.8,16.3,85.8,0.083
659,-1,371.8,165.0,23.9,68.4,0.082
659,-1,525.6,0.1,113.2,58.4,0.070
659,-1,52.3,197.1,69.8,106.5,0.069
659,-1,408.0,221.2,87.9,150.6,0.057
659,-1,207.2,151.0,43.6,176.2,0.054
659,-1,322.5,140.5,12.5,17.8,0.050
660,-1,76.8,3.6,153.9,476.4,0.999
660,-1,276.5,125.2,65.4,220.2,0.999
660,-1,221.5,134.6,52.5,186.1,0.998
660,-1,371.6,0.0,255.8,480.0,0.998
660,-1,392.0,189.9,14.1,49.7,0.285
660,-1,266.7,187.5,18.7,85.9,0.214
660,-1,44.4,161.4,41.5,133.7,0.211
660,-1,378.3,167.7,27.7,73.1,0.170
660,-1,62.6,188.7,43.3,128.9,0.142
660,-1,198.1,165.2,40.4,101.4,0.081
660,-1,203.9,188.9,36.4,177.7,0.060
660,-1,392.6,188.7,21.5,61.2,0.056
661,-1,84.0,0.0,157.8,480.0,0.999
661,-1,277.6,127.3,64.7,216.3,0.999
661,-1,388.2,0.0,243.0,480.0,0.998
661,-1,222.9,137.1,52.6,185.9,0.998
661,-1,34.1,134.2,65.9,190.9,0.981
661,-1,266.9,186.9,18.7,79.4,0.279
661,-1,596.0,12.5,42.3,231.0,0.252
661,-1,268.4,189.2,14.3,48.8,0.177
661,-1,374.4,168.0,29.7,71.5,0.175
661,-1,253.3,166.6,28.9,124.7,0.142
661,-1,32.4,190.6,16.9,38.1,0.134
661,-1,391.8,146.4,33.9,175.3,0.116
661,-1,554.6,2.0,85.1,234.3,0.080
661,-1,98.0,259.5,24.7,59.5,0.067
661,-1,395.4,177.8,21.5,105.7,0.054
661,-1,381.4,145.3,38.2,107.8,0.053
662,-1,85.9,0.0,157.1,480.0,0.999
662,-1,271.3,128.8,65.2,213.8,0.999
662,-1,387.4,0.7,251.3,479.1,0.999
662,-1,223.1,139.4,49.0,173.3,0.992
662,-1,21.0,130.2,76.7,204.1,0.992
662,-1,390.4,189.6,34.0,169.6,0.892
662,-1,389.4,189.1,20.8,54.0,0.325
662,-1,207.8,158.7,47.2,194.4,0.304
662,-1,389.3,191.8,27.1,93.5,0.277
662,-1,374.7,167.1,28.0,72.9,0.226
662,-1,567.8,6.6,71.8,309.8,0.209
662,-1,396.7,253.0,27.3,104.3,0.086
662,-1,2.3,174.8,29.9,50.6,0.068
662,-1,165.2,0.0,450.3,479.6,0.068
662,-1,367.6,186.8,22.7,52.5,0.066
662,-1,263.8,192.7,16.9,74.2,0.060
662,-1,514.1,5.1,124.9,439.2,0.060
662,-1,589.1,3.7,50.9,203.3,0.055
662,-1,253.7,189.4,23.2,99.4,0.052
663,-1,89.0,0.0,157.5,478.7,0.999
663,-1,273.2,129.1,64.5,207.8,0.999
663,-1,29.1,128.7,76.9,212.0,0.998
663,-1,392.3,15.9,246.2,461.4,0.998
663,-1,222.3,136.8,53.5,173.2,0.988
663,-1,396.2,235.0,35.6,119.9,0.720
663,-1,89.5,282.1,22.0,51.9,0.396
663,-1,5.0,185.5,33.9,39.5,0.339
663,-1,85.2,177.4,27.4,153.9,0.153
663,-1,392.3,156.6,42.8,196.9,0.140
663,-1,2.6,187.2,19.5,36.6,0.099
663,-1,575.8,0.0,64.2,49.4,0.070
664,-1,85.9,8.6,156.0,467.4,0.999
664,-1,273.3,129.2,67.3,208.2,0.999
664,-1,392.2,0.0,246.7,480.0,0.999
664,-1,18.4,124.4,80.3,219.9,0.999
664,-1,222.8,133.6,54.0,168.3,0.997
664,-1,84.0,192.5,28.8,143.2,0.599
664,-1,84.6,275.4,23.2,61.8,0.464
664,-1,401.3,241.1,36.4,117.0,0.432
664,-1,383.3,186.0,20.7,57.2,0.209
664,-1,80.5,168.4,26.7,84.6,0.174
664,-1,395.1,169.7,44.4,182.5,0.126
664,-1,210.4,165.3,53.4,177.6,0.113
664,-1,3.8,177.7,30.3,50.7,0.087
664,-1,394.0,23.0,149.3,336.1,0.084
664,-1,593.3,0.2,46.7,39.0,0.078
664,-1,394.1,79.1,65.1,280.2,0.076
664,-1,9.3,199.4,22.9,26.2,0.063
664,-1,0.0,191.7,15.2,110.7,0.056
665,-1,93.2,9.6,148.2,469.2,0.999
665,-1,276.5,127.6,68.1,207.7,0.999
665,-1,226.2,132.3,50.2,167.7,0.999
665,-1,8.0,111.1,86.8,235.7,0.999
665,-1,410.0,0.0,229.5,480.0,0.995
665,-1,80.1,150.8,33.3,184.8,0.942
665,-1,405.1,144.1,47.3,212.8,0.530
665,-1,384.5,176.2,27.4,63.4,0.194
665,-1,394.6,86.6,85.4,269.7,0.101
665,-1,407.7,248.6,40.2,108.8,0.091
665,-1,87.5,155.4,15.5,28.3,0.083
665,-1,403.0,38.0,166.2,324.9,0.083
665,-1,376.0,174.7,23.2,62.4,0.083
665,-1,398.6,197.0,14.3,43.2,0.077
665,-1,413.3,148.0,33.1,98.3,0.070
665,-1,392.9,183.4,25.5,58.5,0.055
665,-1,119.7,1.4,520.3,477.8,0.051
666,-1,93.1,10.2,142.0,466.2,0.999
666,-1,276.7,125.0,67.8,209.5,0.999
666,-1,4.0,106.3,83.2,240.4,0.999
666,-1,226.7,131.4,50.0,167.8,0.998
666,-1,414.2,0.0,225.5,480.0,0.995
666,-1,77.6,154.1,36.4,183.5,0.924
666,-1,389.0,165.2,22.1,71.9,0.310
666,-1,387.2,162.5,71.4,196.7,0.253
666,-1,79.6,151.8,22.9,28.5,0.163
666,-1,83.2,107.4,24.9,73.6,0.121
666,-1,377.3,169.0,25.1,66.4,0.115
666,-1,401.1,232.6,52.1,126.7,0.103
666,-1,0.1,160.1,17.6,117.8,0.099
666,-1,277.9,196.1,17.6,84.9,0.093
666,-1,79.4,84.6,60.3,250.2,0.073
666,-1,106.7,9.1,533.3,470.9,0.052
666,-1,399.7,173.3,20.6,64.9,0.052
667,-1,96.6,5.6,141.6,472.2,0.999
667,-1,233.2,132.8,46.7,170.1,0.999
667,-1,0.3,93.6,80.7,254.6,0.999
667,-1,279.0,123.8,66.7,210.9,0.998
667,-1,432.2,0.0,205.8,480.0,0.996
667,-1,71.9,96.1,51.4,243.8,0.991
667,-1,385.2,116.6,81.2,244.5,0.880
667,-1,75.5,98.9,37.6,108.9,0.313
667,-1,278.9,176.9,19.0,103.7,0.146
667,-1,0.0,101.0,19.1,241.2,0.142
667,-1,402.3,110.6,63.6,127.4,0.142
667,-1,382.4,164.0,27.4,69.6,0.138
667,-1,0.0,121.7,10.1,220.2,0.138
667,-1,414.2,143.6,34.5,61.1,0.090
667,-1,391.5,70.1,131.2,293.3,0.071
667,-1,386.0,133.2,56.3,104.7,0.059
667,-1,394.9,218.4,65.3,144.4,0.059
667,-1,72.4,23.6,538.1,448.5,0.051
667,-1,391.6,159.9,27.4,73.8,0.050
668,-1,102.0,9.6,147.4,470.0,0.999
668,-1,281.7,129.2,67.9,205.1,0.999
668,-1,69.5,92.6,54.4,263.0,0.998
668,-1,0.0,93.4,75.7,263.0,0.998
668,-1,238.7,138.0,44.2,170.2,0.997
668,-1,447.4,0.0,190.0,480.0,0.997
668,-1,396.1,106.8,83.2,262.6,0.981
668,-1,58.4,129.2,16.9,30.3,0.375
668,-1,432.0,237.1,38.7,130.1,0.202
668,-1,405.5,107.1,62.6,152.5,0.193
668,-1,384.2,170.6,28.2,65.9,0.146
668,-1,0.0,103.5,17.0,254.4,0.102
668,-1,55.2,128.7,22.9,58.4,0.095
668,-1,387.5,209.8,82.1,157.8,0.069
668,-1,57.8,0.0,563.0,480.0,0.063
668,-1,71.0,97.3,46.7,127.8,0.063
668,-1,0.0,85.7,6.7,256.3,0.056
669,-1,0.3,86.3,64.4,269.9,0.999
669,-1,83.9,2.3,169.7,453.4,0.999
669,-1,287.1,123.4,65.2,203.0,0.999
669,-1,60.5,87.8,61.1,272.0,0.997
669,-1,454.3,0.0,182.5,478.9,0.997
669,-1,241.3,130.3,43.7,167.7,0.995
669,-1,396.1,98.6,90.6,268.7,0.993
669,-1,44.9,120.9,22.3,35.5,0.459
669,-1,42.6,120.2,28.1,134.4,0.348
669,-1,284.6,173.5,19.3,101.5,0.068
669,-1,287.2,204.4,14.1,69.3,0.067
669,-1,0.0,124.4,1.9,192.7,0.050
670,-1,289.5,118.4,64.5,203.1,0.999
670,-1,82.4,1.3,172.8,463.9,0.998
670,-1,1.2,91.0,52.9,272.2,0.997
670,-1,47.3,83.8,75.0,286.7,0.996
670,-1,247.3,128.7,43.6,191.6,0.996
670,-1,387.8,103.1,104.4,258.1,0.996
670,-1,465.5,0.0,174.5,480.0,0.992
670,-1,287.3,189.7,17.1,87.7,0.289
670,-1,295.6,142.3,13.7,22.6,0.157
670,-1,391.3,181.8,25.2,47.3,0.081
670,-1,408.7,137.3,28.9,66.5,0.050
671,-1,70.2,12.7,187.1,467.3,0.999
671,-1,290.1,128.5,64.3,202.3,0.999
671,-1,465.0,0.1,172.4,479.1,0.998
671,-1,38.2,82.9,88.2,306.2,0.996
671,-1,385.4,113.1,107.0,254.2,0.996
671,-1,249.9,135.6,42.7,191.9,0.995
671,-1,0.4,98.8,43.5,274.1,0.993
671,-1,18.1,123.8,36.2,87.0,0.430
671,-1,476.2,105.7,18.3,45.2,0.388
671,-1,478.6,104.6,33.6,60.7,0.379
671,-1,288.8,195.3,16.1,89.1,0.364
671,-1,20.9,127.5,26.5,55.3,0.314
671,-1,428.0,104.9,86.6,255.7,0.286
671,-1,489.8,118.2,32.8,51.7,0.172
671,-1,22.3,127.9,19.8,34.4,0.129
671,-1,13.4,119.9,37.0,170.5,0.121
671,-1,0.6,115.5,43.4,94.3,0.089
671,-1,263.3,3.4,360.4,474.6,0.087
671,-1,462.2,81.0,83.7,298.8,0.085
671,-1,232.2,139.5,38.5,189.7,0.083
671,-1,418.1,284.1,29.7,69.7,0.079
671,-1,470.3,119.1,49.2,143.1,0.060
671,-1,394.2,57.6,195.6,395.2,0.056
671,-1,66.0,22.7,478.3,452.8,0.056
671,-1,104.9,202.9,32.7,53.7,0.055
672,-1,292.3,138.3,62.2,202.5,0.999
672,-1,63.8,32.6,188.4,447.4,0.999
672,-1,18.5,83.1,102.6,328.5,0.998
672,-1,456.0,0.9,180.8,478.1,0.998
672,-1,249.9,149.1,41.8,185.3,0.997
672,-1,390.7,126.4,94.9,265.7,0.996
672,-1,0.0,115.9,22.8,271.3,0.929
672,-1,0.0,121.0,23.3,122.9,0.540
672,-1,286.5,170.4,18.3,124.9,0.329
672,-1,488.2,124.7,36.6,56.6,0.288
672,-1,463.9,93.7,71.4,279.4,0.275
672,-1,359.8,229.0,62.8,108.2,0.153
672,-1,227.8,147.7,55.8,203.8,0.136
672,-1,0.1,241.3,20.1,145.5,0.123
672,-1,469.6,125.1,52.0,169.1,0.117
672,-1,464.9,121.6,46.3,66.0,0.107
672,-1,0.0,124.0,2.3,176.7,0.097
672,-1,460.6,142.4,32.3,39.8,0.089
672,-1,129.8,253.3,13.3,36.9,0.079
672,-1,208.6,166.5,60.1,205.2,0.067
672,-1,462.3,70.0,108.2,374.4,0.065
672,-1,6.4,132.1,31.2,86.0,0.058
672,-1,473.7,115.4,24.1,50.1,0.058
672,-1,465.4,156.6,42.8,198.9,0.055
672,-1,0.0,97.8,9.3,177.4,0.055
672,-1,0.2,127.4,10.8,255.3,0.052
673,-1,296.9,131.9,62.4,199.8,0.999
673,-1,4.7,61.8,111.8,342.2,0.999
673,-1,77.3,28.1,179.2,449.7,0.998
673,-1,456.8,0.4,179.9,475.3,0.998
673,-1,391.9,113.7,99.0,270.1,0.998
673,-1,252.4,140.6,45.9,179.0,0.997
673,-1,244.3,145.1,17.1,31.2,0.581
673,-1,72.8,142.2,44.3,126.6,0.387
673,-1,225.4,142.0,48.9,217.1,0.315
673,-1,489.4,109.2,38.8,68.5,0.229
673,-1,288.8,182.3,18.5,96.7,0.194
673,-1,244.5,146.4,17.4,57.4,0.179
673,-1,0.2,144.7,6.7,249.5,0.152
673,-1,485.0,112.7,46.6,134.0,0.125
673,-1,0.0,74.1,11.7,354.7,0.115
673,-1,73.0,105.9,70.2,175.9,0.112
673,-1,51.3,150.0,79.6,149.8,0.080
673,-1,467.3,123.7,27.5,42.4,0.076
673,-1,0.0,117.7,2.5,95.5,0.076
673,-1,508.9,5.9,129.8,262.1,0.076
673,-1,473.5,109.4,57.7,225.5,0.070
673,-1,62.7,37.4,468.7,435.9,0.069
673,-1,0.0,168.5,1.9,206.3,0.058
673,-1,0.0,112.7,11.3,174.2,0.055
674,-1,0.8,37.1,103.5,371.1,0.999
674,-1,86.6,15.1,161.4,464.9,0.999
674,-1,246.7,134.9,48.0,191.3,0.999
674,-1,461.0,0.4,178.0,479.6,0.999
674,-1,291.6,127.0,60.9,199.3,0.998
674,-1,394.5,102.1,87.7,264.9,0.996
674,-1,239.5,139.1,19.0,36.5,0.836
674,-1,228.3,141.4,32.4,183.4,0.596
674,-1,482.1,101.2,41.0,221.9,0.526
674,-1,0.0,67.2,5.8,322.2,0.232
674,-1,482.8,96.9,44.8,82.2,0.217
674,-1,126.7,211.6,11.6,48.7,0.185
674,-1,465.5,115.5,37.7,187.5,0.182
674,-1,0.0,77.8,9.5,193.3,0.164
674,-1,463.4,112.5,20.7,54.2,0.147
674,-1,234.4,139.2,24.3,103.3,0.136
674,-1,323.4,143.3,12.5,16.2,0.132
674,-1,0.1,35.7,16.9,345.1,0.121
674,-1,131.4,244.4,20.3,47.9,0.120
674,-1,458.9,96.7,75.3,276.8,0.113
674,-1,392.4,179.7,22.6,48.3,0.111
674,-1,477.5,100.6,39.1,134.4,0.086
674,-1,286.0,151.8,19.6,124.1,0.080
674,-1,0.0,30.5,12.3,175.9,0.076
674,-1,58.5,142.0,80.3,147.5,0.071
674,-1,284.4,200.2,18.3,75.7,0.070
674,-1,152.0,11.3,484.6,467.5,0.067
674,-1,502.6,0.0,136.2,281.4,0.060
675,-1,375.1,110.3,97.8,264.8,0.999
675,-1,94.9,19.2,150.8,456.8,0.999
675,-1,471.8,1.0,164.6,479.0,0.999
675,-1,0.1,32.3,86.9,384.0,0.998
675,-1,287.7,132.0,56.2,190.5,0.998
675,-1,239.6,139.3,52.3,185.3,0.995
675,-1,233.2,143.9,17.7,38.2,0.791
675,-1,459.7,91.8,61.5,233.3,0.372
675,-1,459.5,102.3,59.9,81.3,0.232
675,-1,220.2,144.2,34.7,214.9,0.226
675,-1,461.2,114.3,36.0,66.8,0.213
675,-1,232.5,145.3,19.4,70.9,0.192
675,-1,457.8,119.5,19.7,40.3,0.168
675,-1,115.6,252.8,26.1,49.8,0.143
675,-1,59.5,200.9,28.3,84.5,0.139
675,-1,0.1,60.0,15.9,350.4,0.086
675,-1,220.1,143.8,30.8,103.5,0.074
675,-1,418.1,107.6,88.6,268.3,0.067
675,-1,456.5,119.7,37.4,197.1,0.064
675,-1,98.6,224.3,41.5,77.4,0.056
676,-1,96.6,16.3,146.7,454.8,0.999
676,-1,282.6,137.9,55.0,190.0,0.998
676,-1,371.2,112.8,100.3,264.5,0.998
676,-1,0.2,22.1,67.4,409.1,0.998
676,-1,453.5,3.5,183.2,476.5,0.997
676,-1,237.4,142.0,49.5,188.0,0.996
676,-1,231.7,149.6,16.0,34.9,0.773
676,-1,44.0,196.7,40.5,95.8,0.241
676,-1,97.9,204.5,37.4,106.0,0.177
676,-1,219.8,142.3,52.3,204.9,0.123
676,-1,111.0,275.5,23.3,34.0,0.066
676,-1,230.6,150.3,17.7,75.7,0.065
676,-1,92.1,201.5,20.3,58.9,0.065
676,-1,275.2,175.0,18.1,111.5,0.064
676,-1,1.0,19.8,67.3,181.1,0.051
676,-1,0.0,79.2,5.3,356.6,0.051
677,-1,93.2,14.0,158.0,457.7,0.999
677,-1,281.4,136.5,63.2,193.3,0.998
677,-1,382.5,115.1,90.9,271.3,0.997
677,-1,243.5,141.8,47.7,186.5,0.997
677,-1,477.2,0.0,162.1,480.0,0.997
677,-1,0.8,15.1,68.3,427.4,0.971
677,-1,232.8,150.5,18.4,31.9,0.488
677,-1,103.2,208.1,31.5,106.3,0.469
677,-1,94.0,159.9,39.4,150.1,0.237
677,-1,35.0,180.0,23.5,43.9,0.211
677,-1,365.9,217.7,71.8,146.1,0.200
677,-1,323.6,157.7,13.7,26.5,0.142
677,-1,1.2,76.7,62.1,220.0,0.117
677,-1,439.0,117.3,66.9,236.8,0.112
677,-1,233.8,151.3,18.7,56.5,0.092
677,-1,35.3,180.9,18.9,25.7,0.078
677,-1,459.4,135.7,48.0,165.1,0.073
677,-1,321.3,154.7,21.0,44.8,0.069
677,-1,91.2,194.0,22.7,66.7,0.061
678,-1,92.4,8.4,158.6,466.6,0.999
678,-1,279.8,132.4,62.5,196.1,0.998
678,-1,367.8,109.5,104.5,277.9,0.998
678,-1,476.6,0.0,163.3,479.7,0.997
678,-1,236.0,141.5,49.7,186.8,0.996
678,-1,0.5,118.7,45.9,338.9,0.954
678,-1,85.7,172.9,42.6,140.0,0.951
678,-1,24.3,179.7,28.1,43.4,0.784
678,-1,230.7,147.3,17.7,38.0,0.752
678,-1,32.0,179.3,22.4,29.1,0.562
678,-1,448.0,110.5,59.1,220.6,0.357
678,-1,275.7,191.0,16.9,96.3,0.319
678,-1,0.1,154.7,14.1,292.9,0.300
678,-1,63.9,193.7,12.9,27.0,0.196
678,-1,0.0,254.9,8.7,196.3,0.171
678,-1,85.2,65.5,50.9,242.0,0.143
678,-1,74.4,187.3,23.1,70.7,0.117
678,-1,218.4,147.5,38.0,161.3,0.114
678,-1,20.9,192.5,23.3,29.8,0.114
678,-1,33.7,180.8,31.6,42.2,0.083
678,-1,0.0,289.7,5.1,145.5,0.077
678,-1,49.9,193.5,26.6,29.7,0.075
678,-1,44.8,188.1,42.3,78.6,0.066
678,-1,0.8,148.3,49.9,172.9,0.065
678,-1,81.1,211.8,17.5,46.3,0.062
678,-1,1.0,144.0,48.0,84.6,0.056
679,-1,101.1,24.7,151.7,455.3,0.999
679,-1,471.3,0.0,167.7,480.0,0.999
679,-1,370.4,115.8,99.9,277.3,0.998
679,-1,278.6,137.1,63.8,195.4,0.998
679,-1,234.4,145.7,50.8,193.4,0.997
679,-1,78.2,160.0,47.9,158.6,0.981
679,-1,232.2,150.9,19.1,38.5,0.934
679,-1,23.3,182.0,31.1,46.7,0.900
679,-1,21.8,181.8,44.1,93.5,0.516
679,-1,34.8,183.1,17.2,26.6,0.323
679,-1,275.1,170.6,18.3,121.9,0.262
679,-1,21.6,198.4,16.4,29.7,0.157
679,-1,279.1,166.2,17.6,17.9,0.150
679,-1,76.6,217.7,19.5,47.4,0.121
679,-1,219.3,249.8,20.2,52.1,0.103
679,-1,219.5,152.4,39.7,169.4,0.086
679,-1,0.0,189.5,15.7,22.4,0.080
679,-1,0.0,182.5,16.4,157.8,0.070
679,-1,64.1,202.8,11.3,23.2,0.067
679,-1,443.8,127.3,24.6,33.8,0.067
679,-1,368.6,235.6,74.4,127.6,0.064
679,-1,359.3,165.2,9.9,62.2,0.061
679,-1,209.1,202.6,15.6,76.8,0.058
679,-1,76.9,92.1,67.2,220.6,0.057
680,-1,105.7,33.4,137.4,442.7,0.999
680,-1,366.5,116.4,106.5,278.6,0.998
680,-1,235.6,150.9,49.6,188.3,0.997
680,-1,278.9,140.3,62.7,194.8,0.997
680,-1,470.5,0.0,167.1,479.6,0.994
680,-1,68.2,139.7,56.9,187.0,0.986
680,-1,25.4,184.9,34.2,49.3,0.938
680,-1,231.4,153.1,20.4,38.8,0.892
680,-1,24.2,184.5,41.6,91.0,0.853
680,-1,274.0,168.5,19.1,125.8,0.321
680,-1,0.0,204.8,15.6,29.8,0.233
680,-1,33.5,184.5,23.9,25.7,0.206
680,-1,441.2,130.1,27.8,36.7,0.118
680,-1,0.0,208.1,10.3,122.6,0.106
680,-1,279.5,165.1,18.1,47.6,0.102
680,-1,364.0,230.7,76.8,141.6,0.080
680,-1,221.0,149.0,36.6,167.6,0.062
680,-1,506.3,208.9,133.7,266.7,0.055
681,-1,100.9,33.2,134.5,446.8,0.999
681,-1,367.5,117.8,99.0,279.7,0.998
681,-1,273.9,138.9,66.1,191.3,0.998
681,-1,233.2,149.8,46.7,183.9,0.997
681,-1,471.0,3.1,168.6,476.9,0.996
681,-1,61.3,132.4,58.9,199.8,0.996
681,-1,19.9,182.7,40.3,47.1,0.932
681,-1,228.5,151.6,17.9,35.5,0.884
681,-1,16.6,181.6,46.7,94.7,0.842
681,-1,439.5,127.3,30.1,40.6,0.669
681,-1,273.5,171.7,17.4,120.8,0.574
681,-1,275.1,164.7,19.6,44.1,0.524
681,-1,438.3,127.5,35.9,68.1,0.307
681,-1,439.9,129.9,56.6,102.6,0.222
681,-1,220.0,150.6,37.8,192.9,0.200
681,-1,30.0,181.7,23.6,26.6,0.153
681,-1,0.0,194.0,18.3,38.4,0.106
681,-1,451.1,135.8,56.3,144.7,0.090
681,-1,0.0,299.6,2.3,33.9,0.083
681,-1,0.2,202.8,31.0,79.1,0.073
681,-1,0.0,190.1,9.7,39.7,0.070
681,-1,320.5,156.6,41.3,122.4,0.068
681,-1,64.0,68.2,433.0,405.2,0.053
681,-1,229.0,153.0,19.3,98.7,0.050
682,-1,94.9,33.0,144.5,445.9,0.999
682,-1,270.9,138.3,65.6,190.1,0.998
682,-1,50.9,129.0,68.2,208.1,0.998
682,-1,350.4,110.9,104.3,277.0,0.998
682,-1,231.0,145.5,44.5,184.2,0.997
682,-1,476.6,0.0,161.7,479.5,0.997
682,-1,16.7,179.4,33.0,49.1,0.913
682,-1,441.6,125.4,28.1,41.2,0.905
682,-1,271.9,160.6,20.3,52.8,0.676
682,-1,227.5,151.0,15.4,32.0,0.664
682,-1,269.3,163.5,21.4,127.2,0.584
682,-1,14.2,180.3,43.7,97.7,0.416
682,-1,221.4,146.1,32.7,215.3,0.248
682,-1,440.2,122.4,63.0,212.1,0.177
682,-1,454.6,125.4,42.6,78.9,0.135
682,-1,440.7,125.1,29.9,162.3,0.105
682,-1,267.2,220.3,19.3,70.3,0.079
682,-1,446.1,124.0,36.3,62.9,0.078
682,-1,450.6,131.9,44.2,123.9,0.077
682,-1,227.4,151.2,17.1,92.5,0.071
682,-1,26.3,177.7,24.7,25.9,0.055
682,-1,461.6,119.4,26.5,59.5,0.054
683,-1,98.2,32.1,143.8,447.7,0.999
683,-1,44.5,125.9,67.6,222.6,0.998
683,-1,272.8,137.6,64.0,191.7,0.998
683,-1,232.4,144.4,41.4,184.7,0.997
683,-1,344.7,111.4,109.5,272.2,0.997
683,-1,483.2,4.9,154.5,475.1,0.994
683,-1,15.9,179.5,32.6,48.9,0.898
683,-1,446.8,125.0,24.3,39.9,0.795
683,-1,271.1,159.1,20.3,66.4,0.682
683,-1,270.2,153.8,21.5,138.4,0.569
683,-1,446.6,127.6,24.7,83.0,0.254
683,-1,311.3,159.2,24.6,124.2,0.245
683,-1,6.5,186.9,49.4,96.4,0.199
683,-1,323.5,168.6,37.6,113.4,0.152
683,-1,23.4,178.8,24.1,27.5,0.142
683,-1,25.9,180.6,35.2,50.2,0.111
683,-1,466.0,116.5,20.0,41.0,0.091
683,-1,0.0,199.6,13.7,33.9,0.083
683,-1,461.3,133.7,30.6,80.6,0.077
683,-1,449.8,127.7,44.5,162.3,0.067
683,-1,0.2,176.0,20.3,54.7,0.063
683,-1,190.9,4.0,433.5,473.1,0.059
684,-1,81.0,26.0,157.2,439.6,0.999
684,-1,271.9,136.5,65.6,191.5,0.999
684,-1,231.6,142.0,42.3,185.4,0.998
684,-1,355.0,107.0,97.1,282.3,0.998
684,-1,20.0,112.3,99.5,243.5,0.996
684,-1,491.3,0.0,145.5,480.0,0.995
684,-1,446.5,122.8,33.4,123.4,0.775
684,-1,447.0,120.7,27.2,52.8,0.620
684,-1,268.1,148.6,21.5,141.3,0.554
684,-1,269.7,147.3,21.4,60.0,0.404
684,-1,437.6,119.6,45.2,195.5,0.318
684,-1,326.0,181.1,36.5,97.5,0.273
684,-1,466.0,120.9,39.2,93.1,0.218
684,-1,270.2,166.6,16.2,44.2,0.155
684,-1,312.0,148.6,26.2,141.2,0.130
684,-1,473.3,111.2,19.3,29.4,0.116
684,-1,93.6,249.3,40.9,63.9,0.091
684,-1,455.5,124.4,47.8,154.1,0.066
684,-1,319.8,139.3,21.8,45.9,0.063
684,-1,146.7,1.8,472.8,476.4,0.059
684,-1,429.7,126.3,20.6,38.8,0.051
685,-1,354.4,109.3,101.8,283.1,0.999
685,-1,69.9,21.1,170.0,437.1,0.999
685,-1,274.4,135.9,63.7,191.9,0.999
685,-1,500.5,0.0,139.3,480.0,0.998
685,-1,230.0,139.9,43.8,187.2,0.992
685,-1,15.1,105.5,91.4,232.8,0.989
685,-1,448.9,116.4,28.6,50.1,0.717
685,-1,320.0,159.1,42.9,117.8,0.653
685,-1,445.7,119.5,35.6,144.1,0.448
685,-1,316.2,157.9,24.4,125.6,0.404
685,-1,269.2,154.1,21.1,131.1,0.341
685,-1,269.8,159.7,20.5,49.7,0.275
685,-1,477.8,106.5,20.6,26.8,0.161
685,-1,431.2,117.2,52.0,231.2,0.142
685,-1,39.7,81.7,146.5,342.3,0.129
685,-1,477.3,119.0,49.6,141.1,0.126
685,-1,330.1,230.5,64.1,104.4,0.123
685,-1,10.7,132.8,55.4,172.7,0.118
685,-1,210.0,141.5,47.7,205.8,0.110
685,-1,452.4,115.4,42.7,98.5,0.087
685,-1,318.5,160.0,13.7,18.8,0.082
685,-1,270.2,143.9,41.6,166.1,0.079
685,-1,431.8,119.4,31.9,43.4,0.061
685,-1,165.1,3.0,458.6,474.5,0.059
685,-1,469.8,108.6,32.5,91.1,0.056
686,-1,65.3,21.7,176.4,456.1,0.999
686,-1,352.9,109.0,100.6,283.1,0.999
686,-1,270.7,133.1,62.9,193.0,0.999
686,-1,3.7,93.0,95.1,265.6,0.998
686,-1,497.2,0.0,142.8,480.0,0.997
686,-1,230.0,143.2,43.6,179.2,0.992
686,-1,490.0,121.6,52.9,131.7,0.602
686,-1,269.2,159.1,17.5,128.2,0.562
686,-1,451.0,113.4,28.9,61.7,0.543
686,-1,442.5,113.9,44.9,135.0,0.506
686,-1,324.6,229.8,60.3,104.8,0.379
686,-1,472.2,103.0,48.8,138.0,0.331
686,-1,317.3,159.4,20.9,109.6,0.322
686,-1,319.2,158.0,37.8,116.0,0.311
686,-1,268.0,165.9,17.7,51.7,0.280
686,-1,203.1,142.9,66.0,206.8,0.253
686,-1,269.1,149.5,21.0,56.1,0.246
686,-1,316.9,156.6,14.8,30.2,0.228
686,-1,425.9,121.7,25.9,39.5,0.210
686,-1,491.7,135.3,32.0,101.4,0.183
686,-1,107.2,177.5,25.2,107.8,0.103
686,-1,452.2,112.2,23.8,35.9,0.096
686,-1,75.8,216.4,57.4,99.8,0.094
686,-1,472.8,112.3,35.5,85.9,0.086
686,-1,508.0,0.8,131.9,237.4,0.085
686,-1,300.6,148.1,32.0,140.2,0.081
686,-1,428.9,131.6,53.9,209.1,0.072
686,-1,505.2,134.4,35.6,67.7,0.066
686,-1,438.0,113.4,37.4,47.5,0.064
686,-1,427.7,127.7,16.6,30.4,0.060
686,-1,162.5,5.4,456.2,472.3,0.056
686,-1,0.0,108.7,11.4,180.2,0.055
687,-1,62.2,26.1,176.2,450.9,0.999
687,-1,493.0,0.0,147.0,476.2,0.999
687,-1,353.5,109.7,102.7,284.5,0.998
687,-1,0.0,82.0,90.4,282.7,0.998
687,-1,269.8,135.1,61.8,187.9,0.997
687,-1,231.0,140.9,42.4,177.9,0.992
687,-1,314.5,152.5,40.5,136.6,0.882
687,-1,447.2,109.8,38.4,91.9,0.681
687,-1,469.8,103.2,42.3,127.8,0.642
687,-1,320.3,226.0,62.9,107.4,0.537
687,-1,266.8,158.6,16.1,119.6,0.449
687,-1,451.9,110.4,31.5,44.9,0.432
687,-1,496.4,111.3,56.8,141.9,0.426
687,-1,514.3,120.8,39.0,43.8,0.365
687,-1,101.2,185.0,32.1,108.6,0.358
687,-1,317.4,154.1,15.6,34.4,0.337
687,-1,428.4,121.7,26.1,41.2,0.331
687,-1,507.3,113.8,45.7,80.5,0.200
687,-1,202.7,136.1,65.5,222.4,0.155
687,-1,479.9,107.6,50.4,99.3,0.143
687,-1,268.4,163.2,15.2,43.5,0.141
687,-1,28.5,0.5,598.1,479.5,0.133
687,-1,59.6,220.2,67.6,96.1,0.113
687,-1,523.1,1.2,116.2,204.0,0.064
687,-1,515.2,106.5,27.9,51.9,0.062
687,-1,483.8,100.4,22.0,27.6,0.058
687,-1,530.5,122.8,22.6,33.7,0.057
687,-1,487.3,98.8,30.2,87.9,0.054
688,-1,57.0,22.0,175.7,457.5,0.999
688,-1,483.7,2.0,155.2,477.0,0.999
688,-1,0.5,71.3,78.7,288.3,0.998
688,-1,268.7,132.5,54.8,183.1,0.998
688,-1,351.1,102.8,102.3,287.9,0.997
688,-1,230.4,137.9,39.5,177.0,0.996
688,-1,309.2,148.4,41.2,139.5,0.956
688,-1,472.2,95.0,40.9,116.8,0.742
688,-1,450.8,106.5,30.3,65.9,0.611
688,-1,23.8,171.1,89.8,186.0,0.558
688,-1,315.8,212.8,63.6,111.9,0.550
688,-1,446.8,105.2,41.6,121.6,0.388
688,-1,489.5,74.4,66.2,176.3,0.373
688,-1,511.9,73.7,43.4,87.4,0.291
688,-1,483.3,94.7,53.1,129.3,0.288
688,-1,245.0,145.8,32.2,148.7,0.268
688,-1,422.6,118.5,28.3,45.3,0.215
688,-1,95.8,225.6,25.2,68.3,0.205
688,-1,501.7,90.3,54.1,104.0,0.192
688,-1,315.2,150.2,16.9,36.5,0.190
688,-1,482.0,96.7,28.5,51.0,0.178
688,-1,261.6,144.8,18.7,127.2,0.172
688,-1,448.8,101.5,68.2,146.3,0.145
688,-1,209.5,141.9,40.1,177.6,0.113
688,-1,312.5,149.4,35.3,78.4,0.112
688,-1,427.1,124.6,16.3,32.4,0.106
688,-1,0.0,160.8,8.2,202.8,0.085
688,-1,259.9,143.0,21.1,60.6,0.082
688,-1,44.1,236.5,68.3,94.8,0.079
688,-1,193.1,122.7,51.5,238.5,0.068
688,-1,110.1,220.4,20.1,50.4,0.065
688,-1,525.1,1.2,113.3,209.4,0.065
688,-1,218.3,137.9,19.8,126.8,0.059
688,-1,263.3,158.6,14.4,38.6,0.057
688,-1,454.5,107.0,23.3,38.0,0.056
688,-1,484.0,87.1,77.1,281.1,0.055
688,-1,0.1,85.1,17.4,275.3,0.052
689,-1,74.3,17.3,161.3,462.7,0.999
689,-1,267.3,132.2,55.7,184.5,0.999
689,-1,355.3,105.8,93.9,279.4,0.998
689,-1,459.6,7.2,179.5,469.7,0.997
689,-1,0.0,68.9,76.6,300.4,0.996
689,-1,225.7,137.8,42.7,179.3,0.995
689,-1,308.3,150.7,42.5,139.1,0.950
689,-1,472.8,97.8,41.1,110.4,0.638
689,-1,73.3,143.3,45.0,160.8,0.637
689,-1,451.9,107.0,29.0,78.3,0.421
689,-1,313.3,173.5,58.3,133.9,0.385
689,-1,446.7,103.6,44.0,142.0,0.369
689,-1,78.6,143.5,27.2,77.7,0.267
689,-1,74.7,165.7,26.5,62.8,0.188
689,-1,509.7,66.8,46.0,92.0,0.173
689,-1,106.4,220.3,22.3,52.8,0.172
689,-1,67.6,165.4,34.4,110.9,0.153
689,-1,470.2,82.4,59.7,169.1,0.145
689,-1,258.7,148.6,18.2,129.4,0.142
689,-1,495.8,71.3,58.3,129.8,0.124
689,-1,318.5,226.6,60.8,104.5,0.112
689,-1,453.8,108.0,25.0,40.4,0.096
689,-1,484.2,97.0,27.3,50.3,0.095
689,-1,314.2,154.2,21.1,30.7,0.091
689,-1,0.0,87.2,17.5,269.3,0.082
689,-1,495.3,47.0,77.2,212.1,0.081
689,-1,89.4,233.7,27.8,73.5,0.076
689,-1,528.9,67.1,23.1,28.6,0.065
689,-1,85.1,142.5,21.3,50.2,0.062
689,-1,77.5,131.3,49.4,113.3,0.060
689,-1,133.2,11.2,506.8,467.5,0.058
689,-1,430.8,114.0,31.7,43.5,0.055
689,-1,420.7,130.9,23.5,28.0,0.054
689,-1,261.3,162.4,12.0,37.9,0.053
689,-1,429.7,128.3,19.1,37.0,0.051
689,-1,89.9,142.2,15.9,33.4,0.051
690,-1,83.3,17.4,151.1,460.9,0.999
690,-1,453.3,0.2,186.7,475.1,0.999
690,-1,259.8,131.7,61.2,190.7,0.998
690,-1,354.3,104.9,94.2,275.5,0.998
690,-1,224.2,137.6,40.7,186.3,0.994
690,-1,309.3,152.9,47.7,140.7,0.987
690,-1,0.7,78.3,82.0,307.0,0.976
690,-1,67.0,140.5,38.7,132.6,0.972
690,-1,453.6,104.6,31.6,51.7,0.806
690,-1,3.0,98.0,61.5,197.3,0.625
690,-1,485.3,96.1,24.4,49.9,0.541
690,-1,477.6,95.3,36.1,98.9,0.435
690,-1,514.8,63.5,41.1,46.6,0.338
690,-1,448.5,105.5,37.9,100.1,0.319
690,-1,256.2,155.7,18.5,126.4,0.288
690,-1,501.4,67.4,57.1,105.8,0.284
690,-1,70.2,140.1,59.8,162.8,0.228
690,-1,0.4,67.0,33.8,323.1,0.213
690,-1,497.2,83.7,60.0,167.6,0.206
690,-1,162.9,0.0,462.2,480.0,0.178
690,-1,455.4,108.7,52.2,141.6,0.160
690,-1,503.7,99.3,42.0,62.4,0.154
690,-1,428.1,116.2,28.2,42.1,0.152
690,-1,415.1,133.3,20.4,21.5,0.152
690,-1,0.1,61.8,11.7,166.7,0.149
690,-1,0.0,63.4,18.0,301.4,0.143
690,-1,489.0,95.5,20.2,28.1,0.121
690,-1,77.4,141.6,27.6,64.5,0.115
690,-1,440.2,116.4,21.6,36.6,0.107
690,-1,437.3,109.2,34.8,50.7,0.103
690,-1,482.7,94.2,45.8,140.7,0.095
690,-1,226.2,139.1,34.5,92.6,0.089
690,-1,435.5,124.0,24.4,80.8,0.085
690,-1,232.8,195.6,25.4,122.7,0.085
690,-1,433.6,116.0,41.4,129.9,0.082
690,-1,418.6,130.7,24.9,27.8,0.081
690,-1,113.4,229.1,18.1,52.5,0.080
690,-1,460.3,176.3,58.4,75.5,0.079
690,-1,320.6,210.9,61.6,114.1,0.077
690,-1,0.1,68.6,6.1,300.2,0.065
690,-1,356.3,103.0,84.9,147.4,0.065
690,-1,477.4,69.4,96.3,317.2,0.056
690,-1,424.6,113.6,40.5,74.3,0.052
691,-1,102.4,21.6,140.1,448.8,0.999
691,-1,259.6,134.3,60.9,191.4,0.998
691,-1,345.0,101.1,98.7,283.1,0.998
691,-1,310.6,153.2,46.4,142.7,0.997
691,-1,460.3,0.5,179.1,474.2,0.996
691,-1,58.7,134.6,49.5,174.7,0.996
691,-1,225.3,142.4,37.6,153.6,0.986
691,-1,0.0,88.6,54.3,192.0,0.922
691,-1,456.7,104.4,28.7,67.9,0.762
691,-1,0.0,109.0,66.0,275.3,0.573
691,-1,451.8,104.0,36.1,129.4,0.554
691,-1,255.4,162.2,17.8,115.6,0.484
691,-1,466.8,102.7,54.6,149.2,0.453
691,-1,457.6,103.8,26.4,36.3,0.402
691,-1,486.4,70.0,80.2,98.0,0.280
691,-1,522.0,79.4,43.3,66.6,0.211
691,-1,257.1,165.8,14.5,37.3,0.193
691,-1,482.6,97.5,54.9,138.2,0.189
691,-1,0.0,137.2,19.1,249.0,0.151
691,-1,1.2,177.6,37.1,205.8,0.122
691,-1,483.0,105.7,41.1,90.1,0.120
691,-1,0.2,250.7,15.5,140.0,0.107
691,-1,258.1,3.4,362.6,476.2,0.085
691,-1,479.8,70.8,83.2,186.5,0.083
691,-1,523.4,0.2,115.5,228.8,0.073
691,-1,476.6,76.5,104.9,372.6,0.071
691,-1,227.1,141.7,22.4,29.8,0.068
692,-1,466.6,0.3,170.9,479.4,0.999
692,-1,107.4,23.0,137.0,443.9,0.999
692,-1,346.3,102.7,102.8,286.3,0.999
692,-1,45.8,133.9,70.2,184.0,0.999
692,-1,260.1,138.2,61.6,188.4,0.998
692,-1,311.2,149.9,48.8,149.9,0.992
692,-1,225.4,147.0,38.0,179.3,0.953
692,-1,0.1,88.3,39.9,206.5,0.911
692,-1,228.5,145.9,21.8,30.2,0.451
692,-1,253.7,168.0,18.5,116.3,0.426
692,-1,459.9,103.6,21.6,23.1,0.388
692,-1,228.4,146.8,32.2,93.5,0.338
692,-1,461.7,101.9,59.1,140.5,0.263
692,-1,459.5,103.2,21.3,51.0,0.208
692,-1,464.9,102.2,44.5,55.0,0.197
692,-1,314.8,141.4,12.2,36.8,0.196
692,-1,322.3,125.5,95.8,244.8,0.187
692,-1,22.0,167.5,28.2,73.8,0.182
692,-1,20.0,167.0,36.7,120.7,0.150
692,-1,255.9,167.8,14.7,36.5,0.113
692,-1,30.7,166.7,26.1,63.9,0.108
692,-1,0.0,78.7,54.0,351.6,0.081
692,-1,34.6,167.0,19.5,38.4,0.080
692,-1,104.7,169.0,19.3,115.2,0.066
693,-1,115.0,9.6,129.5,463.2,0.999
693,-1,347.7,99.6,105.8,288.3,0.999
693,-1,457.6,1.7,180.1,476.8,0.998
693,-1,38.6,128.0,71.3,190.6,0.998
693,-1,262.1,132.0,61.8,189.2,0.997
693,-1,315.1,142.9,48.4,150.1,0.993
693,-1,223.4,139.4,42.9,183.7,0.964
693,-1,107.7,164.1,22.9,127.6,0.790
693,-1,17.1,161.0,37.3,78.3,0.669
693,-1,0.0,87.3,29.4,249.9,0.663
693,-1,31.5,161.2,22.6,31.5,0.578
693,-1,229.7,141.0,33.3,106.5,0.459
693,-1,259.6,163.8,16.6,113.9,0.385
693,-1,22.7,173.4,32.6,117.3,0.358
693,-1,2.6,137.8,43.2,143.6,0.226
693,-1,229.4,139.9,23.7,33.0,0.221
693,-1,0.0,142.3,14.8,166.1,0.208
693,-1,316.1,142.4,20.4,42.3,0.142
693,-1,256.2,164.7,16.8,72.9,0.112
693,-1,258.8,164.5,13.2,39.7,0.111
693,-1,460.3,136.2,62.2,113.3,0.068
693,-1,70.7,160.6,39.4,148.5,0.063
693,-1,27.5,225.9,26.1,66.6,0.060
693,-1,101.6,170.1,17.8,101.2,0.060
693,-1,230.1,142.6,29.1,57.8,0.059
694,-1,117.0,13.9,123.7,461.3,0.999
694,-1,421.9,5.6,217.9,472.9,0.999
694,-1,347.9,96.6,106.7,297.0,0.998
694,-1,260.6,124.8,63.9,186.2,0.998
694,-1,20.1,124.1,82.4,200.4,0.996
694,-1,99.9,145.0,34.0,146.3,0.989
694,-1,315.7,135.4,48.6,141.3,0.983
694,-1,224.1,138.1,46.5,185.9,0.958
694,-1,16.0,225.7,27.5,70.8,0.687
694,-1,13.6,153.0,37.4,81.1,0.662
694,-1,228.6,137.5,35.6,120.1,0.655
694,-1,64.3,213.3,34.5,97.5,0.595
694,-1,0.0,201.9,8.3,178.0,0.539
694,-1,256.1,155.9,19.9,116.3,0.443
694,-1,0.0,100.4,12.3,280.2,0.424
694,-1,0.1,112.0,11.2,121.0,0.353
694,-1,15.5,154.3,37.6,147.6,0.338
694,-1,257.4,161.6,14.0,37.2,0.279
694,-1,231.4,135.9,17.5,30.9,0.168
694,-1,324.1,120.6,95.6,244.1,0.168
694,-1,502.0,168.3,137.9,307.0,0.125
694,-1,0.1,254.0,4.9,121.6,0.118
694,-1,32.1,155.4,18.2,34.5,0.114
694,-1,255.9,156.3,16.9,62.9,0.063
694,-1,487.5,123.4,38.8,127.1,0.055
694,-1,327.8,206.8,79.6,146.3,0.054
695,-1,118.7,20.1,132.2,459.9,0.999
695,-1,9.4,120.6,79.3,214.7,0.998
695,-1,263.9,127.2,54.2,179.0,0.997
695,-1,330.8,93.0,106.9,292.5,0.997
695,-1,430.4,9.0,208.6,471.0,0.996
695,-1,94.2,141.1,41.4,151.1,0.994
695,-1,312.1,134.3,54.6,122.9,0.978
695,-1,233.6,136.0,26.3,96.7,0.867
695,-1,56.6,208.9,33.2,103.8,0.773
695,-1,224.2,133.3,37.4,177.7,0.718
695,-1,254.0,148.9,21.9,126.2,0.467
695,-1,3.9,224.8,26.8,79.3,0.407
695,-1,234.3,134.5,15.0,32.3,0.351
695,-1,255.3,157.5,14.9,49.9,0.347
695,-1,254.9,138.6,23.0,70.7,0.176
695,-1,316.6,141.0,23.5,54.1,0.126
695,-1,330.4,230.7,69.1,127.0,0.113
695,-1,312.4,140.7,26.8,101.5,0.072
695,-1,318.3,131.6,76.4,199.4,0.067
695,-1,243.6,153.5,26.2,121.0,0.060
695,-1,7.1,210.2,43.3,116.1,0.054
695,-1,195.4,115.6,65.4,252.4,0.054
695,-1,243.0,160.6,18.1,70.4,0.052
696,-1,117.8,36.7,147.2,440.9,0.999
696,-1,329.0,94.5,106.5,293.0,0.999
696,-1,2.9,116.2,85.9,224.0,0.998
696,-1,268.4,131.9,53.7,179.3,0.997
696,-1,91.5,144.0,43.2,158.2,0.995
696,-1,485.6,0.0,153.9,477.4,0.987
696,-1,327.9,137.5,45.6,104.9,0.936
696,-1,314.4,137.8,41.3,121.4,0.648
696,-1,117.7,183.8,33.7,47.9,0.482
696,-1,256.3,164.8,18.6,103.2,0.397
696,-1,116.8,184.0,33.3,99.5,0.329
696,-1,257.0,163.6,14.9,44.5,0.163
696,-1,356.9,137.2,15.5,24.3,0.150
696,-1,436.8,148.5,44.6,97.8,0.118
696,-1,305.5,152.1,20.3,106.2,0.105
696,-1,313.2,138.9,21.6,116.2,0.075
696,-1,256.8,157.2,20.5,66.0,0.075
696,-1,0.1,211.6,17.0,103.7,0.072
696,-1,321.7,135.3,27.6,58.6,0.067
696,-1,226.8,145.0,38.5,176.4,0.057
696,-1,258.4,143.7,34.9,157.3,0.053
697,-1,123.5,37.8,146.0,439.2,0.999
697,-1,327.3,93.9,109.7,283.5,0.999
697,-1,0.6,112.7,86.1,230.5,0.998
697,-1,267.5,132.0,55.7,182.4,0.997
697,-1,91.7,144.0,40.9,156.9,0.991
697,-1,480.7,0.0,157.3,480.0,0.990
697,-1,117.9,172.8,40.9,149.8,0.960
697,-1,315.6,135.4,38.3,126.6,0.804
697,-1,332.9,132.7,43.5,98.3,0.536
697,-1,259.9,152.6,19.4,118.6,0.492
697,-1,0.0,162.6,13.3,159.0,0.259
697,-1,358.9,132.3,20.9,23.9,0.213
697,-1,259.4,160.5,15.9,43.2,0.191
697,-1,327.3,129.5,30.0,94.9,0.132
697,-1,0.0,146.6,2.3,143.8,0.116
697,-1,260.1,140.8,25.0,65.8,0.107
697,-1,463.1,107.7,35.6,56.0,0.106
697,-1,0.4,137.3,25.3,200.7,0.091
697,-1,415.5,101.1,72.8,226.9,0.082
697,-1,351.3,131.1,28.5,62.4,0.081
697,-1,117.7,181.2,41.1,61.0,0.078
697,-1,465.1,102.0,48.7,155.3,0.066
697,-1,259.0,139.4,32.1,155.2,0.053
697,-1,473.7,0.6,160.4,146.6,0.052
698,-1,140.8,27.6,127.8,439.8,0.999
698,-1,0.4,105.6,77.8,242.2,0.999
698,-1,323.8,90.3,106.0,284.8,0.998
698,-1,266.9,130.8,59.5,184.3,0.997
698,-1,451.1,0.3,186.6,479.7,0.996
698,-1,106.1,163.9,54.6,174.6,0.991
698,-1,85.5,136.5,43.8,158.5,0.987
698,-1,0.0,112.8,7.0,232.2,0.177
698,-1,262.5,152.7,16.8,128.4,0.135
698,-1,1.4,206.9,56.3,137.8,0.116
698,-1,59.2,180.9,26.5,80.9,0.101
698,-1,443.2,143.5,42.0,100.4,0.077
698,-1,0.1,206.8,4.8,113.1,0.076
698,-1,0.0,204.9,2.6,136.6,0.063
698,-1,0.0,127.2,2.2,171.3,0.059
698,-1,262.6,162.5,11.9,45.9,0.059
698,-1,315.3,132.0,32.6,110.4,0.057
699,-1,141.4,30.3,132.2,424.2,0.999
699,-1,0.2,108.9,70.4,245.7,0.999
699,-1,323.9,101.1,107.2,283.3,0.999
699,-1,269.3,139.0,52.6,179.6,0.998
699,-1,100.3,170.2,54.1,184.1,0.994
699,-1,454.5,0.0,181.7,478.1,0.991
699,-1,83.7,143.2,41.9,162.1,0.968
699,-1,107.3,145.6,22.5,41.4,0.373
699,-1,54.8,172.5,25.4,98.4,0.194
699,-1,94.5,145.3,30.8,65.1,0.185
699,-1,109.8,145.8,13.5,22.5,0.169
699,-1,83.5,145.2,33.5,79.8,0.156
699,-1,317.3,143.3,25.0,98.1,0.120
699,-1,43.8,160.0,34.7,133.8,0.110
699,-1,259.5,0.0,95.0,57.7,0.097
699,-1,295.2,134.8,10.6,22.9,0.085
699,-1,50.2,159.9,23.9,57.4,0.064
699,-1,324.1,126.6,15.6,30.3,0.055
700,-1,133.2,38.1,147.1,418.7,0.999
700,-1,324.3,110.8,106.6,284.5,0.999
700,-1,274.3,145.3,47.7,176.4,0.997
700,-1,0.2,112.6,62.2,256.3,0.993
700,-1,457.5,1.4,181.8,478.6,0.991
700,-1,90.3,174.6,58.7,192.2,0.990
700,-1,79.1,149.7,33.2,109.1,0.965
700,-1,42.3,164.1,37.3,114.2,0.923
700,-1,137.1,142.2,23.6,72.0,0.875
700,-1,108.7,150.0,19.3,25.6,0.791
700,-1,132.5,136.7,43.0,192.8,0.745
700,-1,85.1,149.9,37.6,81.2,0.536
700,-1,84.4,157.9,46.6,173.2,0.455
700,-1,105.0,149.2,22.6,70.2,0.308
700,-1,0.0,141.8,11.6,219.5,0.264
700,-1,43.5,162.5,30.3,49.8,0.233
700,-1,109.9,149.9,29.8,34.1,0.197
700,-1,145.0,141.7,15.6,40.7,0.192
700,-1,90.1,174.4,57.1,78.4,0.161
700,-1,300.6,233.6,65.3,107.5,0.151
700,-1,0.0,119.1,25.1,254.6,0.128
700,-1,107.7,148.8,37.5,63.3,0.114
700,-1,108.3,150.2,16.6,44.5,0.080
700,-1,246.4,0.0,381.3,480.0,0.065
700,-1,137.4,140.3,40.4,105.4,0.062
700,-1,0.1,241.4,25.4,117.2,0.058
700,-1,0.0,172.2,2.3,182.7,0.058
700,-1,141.8,247.2,29.5,83.2,0.051
701,-1,121.7,31.8,165.2,420.6,0.999
701,-1,320.8,100.1,112.8,291.9,0.999
701,-1,449.9,0.0,189.2,476.0,0.992
701,-1,75.7,160.2,61.8,200.0,0.992
701,-1,271.8,134.6,46.8,174.2,0.990
701,-1,28.2,148.7,40.9,154.0,0.977
701,-1,121.3,127.1,49.4,200.0,0.955
701,-1,68.5,136.6,34.5,80.6,0.905
701,-1,0.2,118.7,46.6,232.6,0.838
701,-1,99.0,138.3,18.7,24.6,0.837
701,-1,126.9,129.3,31.8,74.5,0.787
701,-1,30.0,150.3,35.6,52.1,0.738
701,-1,0.2,113.3,21.4,237.8,0.613
701,-1,0.0,199.8,13.7,154.4,0.543
701,-1,77.4,138.7,44.8,85.3,0.232
701,-1,75.7,161.3,60.0,82.0,0.229
701,-1,80.7,138.2,35.1,49.2,0.194
701,-1,315.9,129.1,28.7,104.6,0.179
701,-1,2.1,138.8,50.9,103.2,0.146
701,-1,76.5,137.0,24.5,39.9,0.124
701,-1,0.0,114.9,10.1,227.3,0.119
701,-1,97.3,139.0,29.8,42.6,0.118
701,-1,425.0,141.9,42.5,102.7,0.078
701,-1,445.7,144.2,28.6,99.8,0.076
701,-1,41.8,151.5,67.6,164.1,0.071
701,-1,290.7,221.9,61.9,111.1,0.071
701,-1,17.2,136.8,48.5,77.9,0.063
702,-1,116.2,35.0,168.3,438.1,0.999
702,-1,314.7,101.1,99.2,290.1,0.998
702,-1,58.3,156.2,68.3,219.3,0.995
702,-1,11.3,147.2,54.5,159.1,0.992
702,-1,468.8,0.8,169.2,478.5,0.990
702,-1,269.2,137.2,43.3,159.8,0.980
702,-1,115.2,126.4,52.4,210.1,0.962
702,-1,61.2,129.9,34.6,77.6,0.884
702,-1,386.6,122.4,40.6,148.2,0.875
702,-1,92.6,135.7,20.8,22.1,0.788
702,-1,0.0,149.5,30.1,149.8,0.786
702,-1,117.3,126.2,35.6,82.3,0.563
702,-1,14.5,147.2,45.0,50.4,0.482
702,-1,115.1,123.8,57.4,112.3,0.406
702,-1,385.0,123.1,40.3,74.4,0.394
702,-1,377.2,114.7,55.1,268.5,0.235
702,-1,277.9,190.4,66.6,139.3,0.197
702,-1,93.8,135.4,28.4,37.2,0.176
702,-1,384.3,124.1,19.7,27.2,0.152
702,-1,448.2,122.5,44.4,145.7,0.141
702,-1,423.4,133.6,39.1,108.8,0.124
702,-1,67.5,131.4,26.5,35.1,0.124
702,-1,0.0,158.7,2.6,139.1,0.113
702,-1,0.0,155.4,13.0,165.2,0.101
702,-1,0.0,148.1,6.9,226.5,0.086
702,-1,437.9,109.5,40.9,128.5,0.082
702,-1,0.0,139.7,14.1,39.2,0.080
702,-1,67.1,132.7,43.7,57.3,0.074
703,-1,112.5,44.2,171.2,435.8,0.999
703,-1,311.6,102.2,100.1,285.5,0.998
703,-1,453.2,0.0,185.4,480.0,0.997
703,-1,47.5,158.3,74.5,220.6,0.996
703,-1,268.1,141.3,45.4,152.1,0.972
703,-1,2.8,150.4,58.1,157.9,0.970
703,-1,386.8,122.0,44.5,188.2,0.950
703,-1,91.9,138.2,22.6,24.8,0.850
703,-1,112.3,128.0,64.0,129.3,0.823
703,-1,53.5,129.8,37.1,59.5,0.778
703,-1,62.4,128.8,27.1,36.4,0.485
703,-1,0.1,162.3,21.1,156.4,0.474
703,-1,11.8,148.5,49.0,58.6,0.447
703,-1,0.0,161.7,10.3,138.7,0.403
703,-1,446.4,120.4,36.9,89.1,0.346
703,-1,275.2,200.6,69.2,124.6,0.323
703,-1,0.0,176.2,6.6,89.5,0.286
703,-1,387.5,119.8,43.0,95.4,0.246
703,-1,91.9,137.0,27.6,66.4,0.196
703,-1,311.0,124.8,41.6,113.6,0.184
703,-1,107.2,125.1,57.3,221.3,0.154
703,-1,0.0,120.2,2.3,129.2,0.153
703,-1,23.7,151.5,68.9,181.6,0.147
703,-1,51.3,137.5,66.1,89.8,0.139
703,-1,253.1,133.8,59.0,226.0,0.125
703,-1,441.0,122.8,52.8,140.2,0.122
703,-1,0.0,194.4,2.3,158.2,0.113
703,-1,0.0,181.8,13.6,64.4,0.111
703,-1,0.0,147.7,4.3,95.0,0.093
703,-1,248.4,0.0,374.1,480.0,0.089
703,-1,9.2,162.7,51.3,74.8,0.084
703,-1,46.1,135.4,44.3,141.2,0.058
703,-1,447.0,119.4,28.3,48.1,0.054
703,-1,451.7,124.2,35.8,54.3,0.052
704,-1,119.2,48.0,159.8,427.1,0.999
704,-1,301.2,102.3,101.1,275.8,0.998
704,-1,443.0,0.3,193.9,478.4,0.997
704,-1,24.5,155.7,85.6,234.6,0.995
704,-1,90.5,122.0,65.0,226.7,0.994
704,-1,264.8,143.6,45.5,157.5,0.988
704,-1,383.3,112.1,65.8,225.3,0.988
704,-1,0.2,151.0,53.5,158.4,0.959
704,-1,45.5,125.1,34.4,40.9,0.893
704,-1,88.6,136.9,19.9,17.7,0.771
704,-1,430.7,98.1,55.7,163.3,0.388
704,-1,9.2,149.4,45.6,54.1,0.258
704,-1,436.1,98.7,48.3,91.7,0.230
704,-1,275.5,184.0,68.4,142.3,0.213
704,-1,39.5,123.2,39.4,77.9,0.188
704,-1,435.2,111.6,33.3,61.9,0.149
704,-1,0.1,157.5,22.8,152.5,0.137
704,-1,0.0,110.3,2.2,141.4,0.122
704,-1,0.0,134.9,11.0,156.5,0.121
704,-1,334.9,108.6,102.1,273.8,0.119
704,-1,408.6,91.1,70.8,223.0,0.074
704,-1,308.1,129.9,39.3,103.4,0.072
704,-1,156.0,0.0,458.9,480.0,0.058
704,-1,0.0,192.4,2.6,131.0,0.058
705,-1,129.5,42.6,145.5,431.3,0.999
705,-1,85.0,116.0,64.2,235.9,0.999
705,-1,297.1,99.0,101.5,276.1,0.998
705,-1,429.4,6.7,208.3,472.0,0.997
705,-1,7.5,148.0,87.7,257.8,0.996
705,-1,261.9,143.6,46.4,158.0,0.979
705,-1,381.6,106.8,61.5,226.3,0.968
705,-1,6.1,144.5,32.3,51.7,0.782
705,-1,32.5,118.7,34.2,38.0,0.781
705,-1,77.1,130.5,24.7,32.6,0.770
705,-1,0.5,144.7,36.3,131.6,0.591
705,-1,82.5,131.8,20.5,15.2,0.534
705,-1,423.8,91.9,56.7,164.5,0.502
705,-1,0.3,121.4,22.8,192.9,0.379
705,-1,0.1,152.7,38.0,256.9,0.298
705,-1,76.3,129.0,24.3,74.2,0.264
705,-1,17.6,118.8,49.5,72.2,0.238
705,-1,0.0,142.9,12.1,154.4,0.191
705,-1,0.0,86.2,7.2,221.4,0.142
705,-1,247.5,0.0,377.6,479.7,0.124
705,-1,5.0,122.1,58.1,109.0,0.120
705,-1,421.3,35.5,82.1,228.9,0.119
705,-1,426.0,100.0,33.5,71.1,0.107
705,-1,0.0,151.9,7.3,253.8,0.087
705,-1,424.4,75.4,56.6,105.8,0.078
705,-1,0.0,142.4,5.6,85.8,0.071
705,-1,0.0,170.6,13.5,47.4,0.060
705,-1,0.0,143.5,12.8,44.2,0.058
705,-1,0.0,106.9,2.4,135.8,0.052
705,-1,307.8,98.0,90.8,146.4,0.051
706,-1,138.2,33.9,138.5,436.6,0.999
706,-1,294.0,94.4,96.9,284.7,0.999
706,-1,62.5,107.7,82.6,251.6,0.999
706,-1,0.5,140.9,78.8,284.2,0.995
706,-1,410.7,1.2,226.3,476.8,0.992
706,-1,379.4,102.1,55.5,230.4,0.985
706,-1,257.0,141.8,45.7,157.3,0.969
706,-1,20.5,115.7,25.9,27.5,0.761
706,-1,8.5,114.6,38.5,44.3,0.555
706,-1,0.9,114.0,46.0,75.8,0.439
706,-1,0.3,136.8,20.9,82.1,0.385
706,-1,0.0,136.8,23.3,282.7,0.332
706,-1,1.0,139.5,22.8,31.5,0.330
706,-1,0.4,123.9,30.6,179.6,0.126
706,-1,411.8,26.2,219.5,221.4,0.117
706,-1,0.0,179.2,15.7,48.5,0.109
706,-1,413.8,37.9,108.1,311.1,0.101
706,-1,390.4,94.1,99.9,239.1,0.096
706,-1,0.0,121.4,12.3,121.4,0.083
706,-1,0.0,104.5,2.6,125.0,0.082
706,-1,258.0,144.0,41.9,80.9,0.073
706,-1,403.3,102.2,51.6,225.8,0.071
706,-1,414.9,90.5,51.6,103.1,0.069
706,-1,0.0,148.9,4.5,100.0,0.068
706,-1,0.0,139.0,12.4,189.3,0.066
706,-1,0.0,135.4,5.4,72.7,0.059
706,-1,0.0,167.6,20.7,81.7,0.055
706,-1,281.5,213.7,64.7,130.2,0.054
707,-1,136.7,35.2,136.0,415.8,0.999
707,-1,32.0,103.1,102.3,267.7,0.999
707,-1,375.1,0.0,264.9,480.0,0.998
707,-1,292.1,92.4,95.9,295.9,0.998
707,-1,0.6,132.9,60.4,292.0,0.992
707,-1,255.6,141.8,42.8,125.4,0.966
707,-1,376.1,104.4,56.5,238.4,0.942
707,-1,2.4,113.4,28.9,25.7,0.756
707,-1,379.7,103.0,45.1,91.6,0.670
707,-1,398.1,97.6,56.1,95.4,0.617
707,-1,403.4,105.0,56.1,150.3,0.409
707,-1,0.2,113.3,31.7,49.2,0.378
707,-1,404.7,101.7,89.5,257.9,0.250
707,-1,0.0,113.4,30.7,103.7,0.140
707,-1,252.4,130.8,53.8,217.8,0.122
707,-1,372.3,195.9,43.5,146.4,0.115
707,-1,403.3,6.9,236.7,254.0,0.100
707,-1,0.1,131.5,20.9,299.7,0.092
707,-1,374.4,264.3,39.0,74.1,0.087
707,-1,399.5,102.9,23.4,39.9,0.087
707,-1,390.6,102.6,32.7,57.8,0.069
707,-1,405.7,48.8,116.5,208.8,0.054
708,-1,127.8,30.6,142.2,423.4,0.999
708,-1,349.3,0.0,288.6,479.8,0.998
708,-1,12.7,97.5,105.4,277.8,0.998
708,-1,274.2,99.0,106.4,286.9,0.998
708,-1,0.1,132.6,41.8,309.5,0.987
708,-1,251.4,141.2,41.7,125.7,0.965
708,-1,254.2,125.6,72.0,230.6,0.126
708,-1,0.0,167.4,8.5,267.1,0.110
708,-1,0.0,138.7,1.6,290.4,0.101
708,-1,0.2,130.1,32.4,88.4,0.088
708,-1,275.1,216.9,71.9,141.6,0.082
708,-1,375.9,90.0,79.7,250.6,0.079
708,-1,240.3,130.7,59.1,199.3,0.068
708,-1,109.1,201.3,12.1,31.6,0.062
708,-1,387.2,10.5,242.2,225.6,0.054
708,-1,0.0,114.8,12.4,143.6,0.053
709,-1,128.6,29.1,128.6,429.9,0.999
709,-1,0.8,89.5,105.8,297.0,0.998
709,-1,271.5,94.2,103.7,298.6,0.997
709,-1,345.5,2.9,292.4,477.1,0.996
709,-1,249.2,139.5,41.3,127.0,0.965
709,-1,109.7,199.6,9.8,32.7,0.888
709,-1,0.3,120.4,21.0,335.5,0.873
709,-1,359.9,91.3,81.8,245.5,0.631
709,-1,0.0,109.2,5.7,82.4,0.308
709,-1,365.0,81.2,136.7,292.1,0.226
709,-1,0.2,112.2,13.5,240.6,0.184
709,-1,622.4,34.2,17.6,237.7,0.143
709,-1,0.4,108.7,45.0,347.2,0.135
709,-1,95.1,193.8,17.7,39.8,0.119
709,-1,266.6,170.4,85.0,192.2,0.110
709,-1,360.7,97.2,50.3,143.1,0.106
709,-1,0.0,123.6,20.3,88.5,0.069
709,-1,99.9,199.3,16.4,31.3,0.068
709,-1,0.0,84.9,12.0,158.4,0.064
709,-1,0.0,69.9,3.4,121.8,0.059
710,-1,128.2,33.4,128.9,436.5,0.999
710,-1,0.4,80.3,95.5,376.3,0.999
710,-1,327.7,0.0,297.6,480.0,0.997
710,-1,274.5,92.8,99.1,300.1,0.997
710,-1,247.0,138.4,41.2,127.2,0.974
710,-1,108.6,199.1,11.3,32.7,0.572
710,-1,83.0,152.8,18.5,87.3,0.392
710,-1,81.6,207.2,14.5,34.1,0.391
710,-1,0.0,96.9,24.4,361.1,0.315
710,-1,55.7,116.0,44.6,120.1,0.248
710,-1,54.1,116.4,23.0,15.1,0.184
710,-1,94.1,198.9,14.7,31.5,0.098
710,-1,285.5,99.1,80.8,183.2,0.081
710,-1,266.5,233.7,70.8,132.4,0.078
710,-1,138.6,200.7,8.8,28.2,0.073
710,-1,109.1,195.4,28.5,36.6,0.059
710,-1,233.3,149.5,48.0,154.0,0.052
710,-1,0.0,138.8,6.8,312.5,0.050
711,-1,121.4,35.9,134.2,437.8,0.999
711,-1,292.3,0.1,321.5,479.9,0.998
711,-1,0.4,59.5,82.2,338.6,0.997
711,-1,268.9,92.2,110.5,298.2,0.994
711,-1,246.6,140.0,40.7,118.1,0.972
711,-1,56.1,132.6,40.2,180.8,0.930
711,-1,109.7,201.7,10.3,27.5,0.640
711,-1,0.0,69.9,16.7,365.4,0.262
711,-1,309.6,91.3,32.5,37.1,0.220
711,-1,573.1,32.9,49.4,227.3,0.141
711,-1,278.7,92.9,80.5,148.5,0.137
711,-1,83.1,200.9,12.7,38.4,0.132
711,-1,294.7,90.9,49.4,76.9,0.111
711,-1,91.4,193.6,8.7,34.7,0.108
711,-1,58.2,202.6,29.2,111.2,0.101
711,-1,130.9,198.5,9.2,29.8,0.100
711,-1,111.1,199.6,27.7,28.7,0.070
711,-1,104.2,194.3,12.7,28.6,0.063
711,-1,244.7,104.7,96.0,261.5,0.055
711,-1,79.6,148.0,17.6,94.1,0.054
711,-1,131.6,200.2,14.6,38.3,0.051
712,-1,288.3,0.1,316.4,479.9,0.999
712,-1,119.8,36.9,129.7,443.1,0.999
712,-1,0.1,42.6,65.6,371.0,0.997
712,-1,32.6,114.0,57.7,216.4,0.983
712,-1,243.7,142.1,39.8,121.7,0.979
712,-1,266.1,96.2,99.0,286.9,0.978
712,-1,569.5,30.6,63.3,242.8,0.692
712,-1,80.0,196.2,13.8,42.3,0.447
712,-1,108.3,200.9,9.8,28.1,0.327
712,-1,285.2,133.6,21.5,47.4,0.211
712,-1,76.2,169.6,17.8,70.1,0.171
712,-1,44.2,105.8,47.6,144.4,0.133
712,-1,289.5,132.9,17.5,28.5,0.105
712,-1,85.2,186.3,10.8,49.8,0.079
712,-1,600.6,42.4,39.4,235.1,0.078
712,-1,75.3,211.5,15.0,27.9,0.074
712,-1,62.5,138.4,29.8,144.8,0.068
712,-1,350.8,249.6,32.1,69.5,0.059
712,-1,241.0,121.5,78.8,236.7,0.051
713,-1,334.3,0.7,264.4,479.3,0.999
713,-1,119.2,32.2,131.3,439.5,0.999
713,-1,258.3,90.2,107.7,287.6,0.998
713,-1,0.2,18.8,57.7,437.4,0.997
713,-1,27.8,94.8,64.1,238.0,0.987
713,-1,244.1,140.9,38.3,106.0,0.965
713,-1,579.6,14.5,60.1,264.6,0.740
713,-1,81.3,192.6,12.3,42.9,0.627
713,-1,108.1,197.1,10.0,29.3,0.461
713,-1,306.1,85.2,31.8,50.2,0.380
713,-1,280.1,88.2,55.9,95.0,0.286
713,-1,13.0,76.3,50.8,262.9,0.175
713,-1,0.1,159.7,11.6,287.3,0.107
713,-1,268.2,138.7,19.2,41.3,0.106
713,-1,246.5,165.9,59.8,156.7,0.095
713,-1,75.9,165.9,18.1,70.5,0.082
713,-1,270.8,86.5,84.6,149.1,0.067
713,-1,36.9,98.6,21.6,32.5,0.066
713,-1,86.1,193.5,9.9,37.7,0.060
713,-1,271.4,149.9,14.9,41.1,0.056
713,-1,281.3,140.2,25.2,44.0,0.055
713,-1,254.1,61.4,47.9,96.8,0.052
714,-1,109.9,29.9,140.8,427.5,0.999
714,-1,323.4,0.0,303.7,477.4,0.998
714,-1,31.1,92.8,64.6,236.6,0.998
714,-1,263.3,84.0,107.9,302.7,0.994
714,-1,0.4,43.0,66.8,304.3,0.977
714,-1,246.4,143.7,34.1,100.0,0.948
714,-1,84.3,190.6,15.7,45.8,0.758
714,-1,569.4,24.5,69.5,280.6,0.425
714,-1,604.2,31.7,35.8,239.8,0.295
714,-1,503.2,312.7,33.5,91.0,0.154
714,-1,249.3,175.4,54.6,146.1,0.099
714,-1,78.2,202.2,19.5,34.6,0.079
714,-1,512.1,2.8,125.5,304.8,0.069
714,-1,85.5,213.0,13.9,24.1,0.055
714,-1,247.4,143.0,20.4,24.6,0.051
715,-1,104.8,27.6,149.8,400.3,0.999
715,-1,330.9,0.0,304.3,480.0,0.998
715,-1,28.9,85.0,73.1,242.0,0.998
715,-1,268.4,89.5,98.9,297.3,0.997
715,-1,0.0,30.1,67.5,311.5,0.984
715,-1,249.7,139.0,35.9,101.8,0.967
715,-1,89.7,190.9,13.6,44.8,0.570
715,-1,502.2,14.9,134.0,422.0,0.432
715,-1,508.8,216.6,97.0,222.7,0.311
715,-1,251.0,139.9,45.1,180.9,0.248
715,-1,0.1,74.7,9.7,204.1,0.112
715,-1,0.1,43.9,20.8,329.8,0.060
715,-1,320.6,9.6,202.0,367.6,0.054
716,-1,100.5,23.0,157.2,412.1,0.999
716,-1,269.7,94.6,103.2,298.3,0.998
716,-1,328.6,8.4,311.4,470.7,0.998
716,-1,21.1,84.2,82.8,253.9,0.998
716,-1,255.4,143.1,36.5,95.0,0.985
716,-1,0.3,18.0,64.8,328.4,0.948
716,-1,97.2,193.2,12.5,44.6,0.789
716,-1,519.4,102.6,118.5,353.5,0.747
716,-1,253.1,139.9,43.5,183.3,0.388
716,-1,84.6,194.3,24.9,43.9,0.369
716,-1,226.6,167.7,77.6,163.9,0.063
717,-1,273.2,94.1,110.3,301.4,0.999
717,-1,97.2,35.1,167.1,407.5,0.999
717,-1,6.7,78.0,101.9,270.2,0.999
717,-1,356.3,0.0,281.9,475.5,0.995
717,-1,259.8,143.0,40.0,98.2,0.982
717,-1,535.1,91.8,104.9,363.9,0.622
717,-1,535.8,265.9,104.2,153.7,0.396
717,-1,0.2,84.3,22.8,267.3,0.348
717,-1,90.4,194.0,27.4,42.9,0.326
717,-1,86.8,175.5,22.3,62.8,0.200
717,-1,104.2,194.2,12.6,44.0,0.141
717,-1,389.3,219.1,250.7,260.2,0.117
717,-1,534.7,313.6,54.0,105.2,0.115
717,-1,139.7,206.6,15.1,33.1,0.097
717,-1,247.6,151.6,57.0,177.6,0.084
717,-1,350.3,3.3,174.7,369.1,0.073
717,-1,345.3,2.2,282.1,240.2,0.066
717,-1,89.8,212.2,18.9,25.9,0.051
718,-1,4.3,76.4,103.9,292.4,0.999
718,-1,96.9,51.8,171.2,412.3,0.999
718,-1,283.0,96.3,99.5,302.1,0.999
718,-1,370.1,0.0,265.8,478.4,0.994
718,-1,266.5,149.3,37.0,100.1,0.987
718,-1,111.0,196.8,13.0,38.6,0.887
718,-1,572.9,29.5,67.1,409.6,0.442
718,-1,249.4,163.8,20.4,84.1,0.326
718,-1,95.0,219.9,10.6,21.1,0.227
718,-1,93.7,188.5,14.7,52.0,0.213
718,-1,1.5,108.4,38.2,169.3,0.194
718,-1,255.9,166.0,13.4,48.4,0.153
718,-1,0.0,93.8,2.1,205.8,0.110
718,-1,109.3,194.7,13.4,26.3,0.077
718,-1,270.4,148.1,27.3,29.8,0.063
718,-1,0.0,111.0,8.2,163.0,0.060
718,-1,557.5,0.1,82.5,77.8,0.052
718,-1,91.4,153.5,18.5,86.9,0.052
718,-1,0.0,78.0,5.2,309.7,0.051
719,-1,2.4,75.3,107.9,299.8,0.999
719,-1,102.9,54.7,163.9,411.9,0.999
719,-1,293.7,97.3,96.4,293.4,0.998
719,-1,379.2,0.8,260.8,479.1,0.997
719,-1,272.3,150.5,35.1,104.8,0.991
719,-1,114.6,199.1,13.9,40.7,0.886
719,-1,255.5,168.5,19.7,74.2,0.619
719,-1,238.2,158.8,37.8,100.0,0.209
719,-1,95.9,186.3,19.3,55.3,0.192
719,-1,371.0,111.8,40.3,194.0,0.155
719,-1,245.9,159.5,38.8,180.9,0.108
719,-1,273.2,165.7,44.5,168.5,0.099
719,-1,0.5,100.1,30.9,183.9,0.091
719,-1,0.0,106.4,10.2,164.7,0.076
720,-1,105.3,52.4,159.1,408.1,0.999
720,-1,388.9,8.2,248.3,469.0,0.999
720,-1,0.2,70.5,112.3,316.5,0.999
720,-1,298.2,96.7,95.7,289.3,0.997
720,-1,276.4,151.7,36.5,117.5,0.989
720,-1,250.5,154.7,28.6,98.1,0.940
720,-1,121.0,200.5,12.1,28.5,0.780
720,-1,598.6,264.2,40.5,139.2,0.588
720,-1,240.1,157.1,33.9,133.0,0.549
720,-1,244.3,154.5,23.2,100.8,0.470
720,-1,249.2,155.0,14.4,30.7,0.463
720,-1,616.0,262.6,23.9,85.9,0.298
720,-1,105.9,197.2,17.0,46.6,0.269
720,-1,277.9,180.1,48.7,149.5,0.194
720,-1,89.3,185.3,28.3,67.3,0.167
720,-1,111.3,198.4,20.0,37.2,0.131
720,-1,597.1,41.9,42.9,364.4,0.122
720,-1,368.3,98.3,48.5,252.6,0.111
720,-1,0.0,123.3,2.4,157.3,0.108
720,-1,384.7,0.0,233.4,246.4,0.104
720,-1,98.6,194.2,20.3,51.3,0.102
720,-1,0.0,104.0,8.2,184.2,0.094
720,-1,604.6,179.9,34.9,200.2,0.054
720,-1,109.9,196.1,11.1,35.6,0.054
720,-1,82.5,197.6,19.9,57.6,0.052
721,-1,2.3,53.0,106.9,347.2,0.999
721,-1,111.7,44.3,147.0,391.8,0.999
721,-1,294.8,95.4,103.1,293.6,0.997
721,-1,390.5,0.0,248.3,480.0,0.996
721,-1,283.9,147.2,34.0,102.5,0.975
721,-1,247.7,151.4,35.9,133.8,0.949
721,-1,106.7,196.7,17.2,46.5,0.941
721,-1,263.9,165.8,22.8,113.8,0.609
721,-1,84.4,222.8,21.8,31.6,0.558
721,-1,124.8,198.3,9.7,26.4,0.370
721,-1,80.1,224.3,11.8,30.3,0.352
721,-1,242.7,154.6,28.5,108.4,0.298
721,-1,236.0,153.9,37.4,179.2,0.176
721,-1,83.1,197.9,24.8,55.9,0.169
721,-1,284.2,162.3,59.2,166.1,0.143
721,-1,267.5,168.5,17.7,42.6,0.131
721,-1,251.8,151.6,16.7,27.4,0.117
721,-1,252.8,151.4,32.2,74.5,0.099
721,-1,0.0,59.4,4.9,367.2,0.083
721,-1,92.5,196.6,27.3,55.9,0.078
721,-1,0.0,81.4,2.4,154.9,0.075
721,-1,0.0,83.4,7.6,190.7,0.073
721,-1,109.8,219.1,7.9,23.1,0.063
721,-1,117.1,197.1,17.8,43.1,0.059
721,-1,84.3,149.9,25.4,100.4,0.058
722,-1,123.2,46.1,135.4,383.6,0.999
722,-1,2.8,48.6,107.1,355.7,0.999
722,-1,296.9,96.1,106.0,294.5,0.997
722,-1,392.9,0.0,247.0,480.0,0.996
722,-1,110.4,196.5,14.6,46.1,0.992
722,-1,287.0,149.1,34.7,100.2,0.987
722,-1,255.0,153.8,34.4,125.9,0.966
722,-1,83.9,214.8,22.2,41.7,0.900
722,-1,128.6,198.5,8.2,29.0,0.650
722,-1,269.9,161.0,21.0,76.9,0.471
722,-1,241.8,154.0,35.5,161.8,0.354
722,-1,284.8,136.8,70.5,237.1,0.322
722,-1,104.7,196.6,7.3,38.8,0.176
722,-1,385.3,99.1,45.3,171.7,0.155
722,-1,254.0,153.6,20.3,26.5,0.138
722,-1,263.6,155.1,26.0,50.8,0.128
722,-1,84.6,236.6,9.1,19.3,0.115
722,-1,119.9,197.0,10.8,32.6,0.115
722,-1,0.0,39.7,6.7,242.1,0.114
722,-1,271.6,168.9,18.1,38.6,0.114
722,-1,123.1,197.9,27.5,70.0,0.101
722,-1,376.6,83.9,60.5,277.6,0.096
722,-1,242.3,159.8,26.9,104.8,0.085
722,-1,107.4,194.6,12.0,45.7,0.082
722,-1,389.0,15.1,110.0,459.5,0.069
722,-1,389.6,70.8,75.7,317.1,0.067
722,-1,398.4,2.4,240.9,228.4,0.057
723,-1,0.0,44.9,109.5,369.9,0.999
723,-1,138.7,51.2,122.6,385.0,0.999
723,-1,387.5,1.5,252.3,478.5,0.997
723,-1,304.4,104.6,105.5,294.9,0.996
723,-1,118.4,200.4,14.7,47.0,0.987
723,-1,251.6,161.3,42.2,145.9,0.987
723,-1,295.1,152.7,32.2,97.6,0.985
723,-1,100.3,200.7,11.4,59.1,0.949
723,-1,279.2,173.1,19.1,96.2,0.792
723,-1,135.9,199.4,8.6,45.7,0.656
723,-1,88.5,226.5,12.6,32.7,0.414
723,-1,89.8,215.5,21.4,43.4,0.342
723,-1,279.3,171.6,17.7,39.6,0.214
723,-1,133.7,196.7,8.0,26.8,0.109
723,-1,105.6,202.3,19.8,50.3,0.107
723,-1,89.8,193.8,29.8,65.6,0.090
723,-1,398.5,99.0,68.6,254.7,0.080
723,-1,103.6,200.1,11.9,46.9,0.064
723,-1,243.9,189.3,24.6,121.1,0.060
723,-1,106.6,194.6,13.5,32.3,0.057
723,-1,125.5,197.7,10.4,33.5,0.054
723,-1,269.1,158.9,27.6,47.6,0.054
724,-1,0.3,39.6,107.8,374.6,0.999
724,-1,145.4,51.6,118.1,391.4,0.999
724,-1,375.9,3.1,264.1,476.9,0.998
724,-1,306.1,102.6,106.0,297.2,0.996
724,-1,94.5,191.5,20.9,66.7,0.993
724,-1,259.0,162.8,39.3,147.4,0.991
724,-1,298.0,155.7,32.7,98.2,0.987
724,-1,120.9,200.5,15.7,46.6,0.986
724,-1,138.6,200.7,12.1,45.9,0.983
724,-1,273.1,159.4,27.4,98.8,0.491
724,-1,279.8,161.3,20.5,52.0,0.213
724,-1,245.1,166.3,34.4,145.7,0.161
724,-1,244.5,186.3,22.8,114.0,0.134
724,-1,0.0,68.9,4.7,360.9,0.066
724,-1,404.6,106.1,122.9,285.0,0.057
724,-1,289.2,143.5,81.8,222.0,0.055
724,-1,403.0,124.4,41.7,216.8,0.050
725,-1,0.3,22.0,92.0,392.4,0.999
725,-1,151.2,52.5,113.4,396.9,0.999
725,-1,308.4,98.4,103.6,301.9,0.998
725,-1,93.6,186.9,22.6,70.2,0.998
725,-1,124.9,199.7,14.0,44.8,0.996
725,-1,375.4,0.6,264.2,479.4,0.994
725,-1,140.0,196.7,16.6,47.4,0.992
725,-1,259.2,156.3,43.5,152.0,0.991
725,-1,300.7,151.6,31.8,99.9,0.969
725,-1,134.2,198.5,9.2,33.7,0.230
725,-1,402.9,106.3,54.8,245.1,0.138
725,-1,285.1,159.7,19.8,77.9,0.114
725,-1,122.0,200.5,11.3,42.4,0.111
725,-1,114.6,196.6,15.3,46.6,0.108
725,-1,0.0,92.3,6.0,310.6,0.082
725,-1,81.0,200.9,14.9,32.5,0.078
725,-1,415.6,4.7,224.4,269.6,0.059
725,-1,411.8,105.5,45.7,110.4,0.053
726,-1,157.1,62.8,108.3,397.1,0.999
726,-1,0.0,11.1,88.0,414.1,0.999
726,-1,313.9,99.8,101.0,298.8,0.998
726,-1,93.5,188.7,25.9,70.3,0.996
726,-1,410.6,0.0,229.4,480.0,0.995
726,-1,263.6,157.6,44.2,148.7,0.995
726,-1,145.2,197.3,15.1,50.1,0.991
726,-1,126.2,200.0,17.1,46.2,0.982
726,-1,303.0,153.1,38.8,94.9,0.941
726,-1,111.7,204.7,11.6,40.5,0.499
726,-1,297.8,126.9,83.1,241.8,0.354
726,-1,297.6,153.0,52.4,152.7,0.232
726,-1,237.7,167.4,33.1,137.5,0.173
726,-1,248.4,172.0,21.1,94.0,0.149
726,-1,134.5,198.1,13.1,46.0,0.147
726,-1,406.7,125.9,37.1,210.5,0.135
726,-1,138.3,197.6,17.3,49.3,0.132
726,-1,115.6,199.1,16.7,44.6,0.126
726,-1,0.0,182.7,8.2,250.5,0.108
726,-1,155.6,202.6,7.8,31.5,0.102
726,-1,0.0,23.1,14.6,413.3,0.096
726,-1,410.6,114.6,42.7,80.1,0.084
726,-1,165.9,206.0,10.7,24.9,0.082
726,-1,0.0,10.4,5.8,443.6,0.053
727,-1,160.7,60.9,108.1,397.0,0.999
727,-1,0.1,1.3,75.6,419.5,0.999
727,-1,313.3,90.7,97.8,298.4,0.997
727,-1,410.0,0.0,230.0,480.0,0.997
727,-1,95.2,186.9,21.4,70.8,0.997
727,-1,265.5,153.6,43.0,151.3,0.997
727,-1,126.7,195.7,17.1,48.1,0.987
727,-1,143.5,194.5,16.0,49.4,0.985
727,-1,306.7,149.5,31.7,96.4,0.951
727,-1,111.4,192.1,14.0,50.6,0.759
727,-1,114.8,193.7,18.6,49.0,0.416
727,-1,293.1,163.0,65.3,165.3,0.397
727,-1,156.9,213.3,18.0,20.2,0.264
727,-1,398.1,101.5,53.6,278.3,0.259
727,-1,54.9,185.8,15.1,95.3,0.197
727,-1,137.2,195.4,11.9,47.5,0.191
727,-1,157.9,195.3,19.2,37.1,0.073
727,-1,164.8,211.7,10.9,20.6,0.069
727,-1,288.4,152.1,46.0,147.6,0.069
727,-1,3.5,52.7,144.0,378.1,0.067
727,-1,401.9,66.3,91.9,365.7,0.060
727,-1,292.9,117.4,87.2,255.9,0.051
728,-1,160.3,56.5,106.4,393.1,0.999
728,-1,312.2,88.5,101.0,301.5,0.999
728,-1,89.6,187.2,22.5,70.9,0.998
728,-1,388.9,0.0,249.2,480.0,0.997
728,-1,0.0,0.0,63.7,428.9,0.997
728,-1,265.0,154.2,42.2,149.7,0.992
728,-1,124.8,195.7,17.3,48.2,0.991
728,-1,142.2,193.6,14.0,50.7,0.985
728,-1,110.4,193.7,16.2,48.8,0.943
728,-1,305.7,148.2,30.8,89.1,0.942
728,-1,117.2,194.5,15.3,47.8,0.343
728,-1,290.2,151.7,53.8,148.8,0.298
728,-1,333.1,91.3,66.8,98.9,0.222
728,-1,43.6,191.5,20.1,92.3,0.205
728,-1,393.7,116.8,38.0,127.6,0.175
728,-1,101.9,189.3,20.9,59.8,0.128
728,-1,149.2,198.3,7.6,39.3,0.116
728,-1,133.1,194.9,11.8,41.2,0.103
728,-1,0.8,51.4,153.4,388.4,0.098
728,-1,272.8,145.0,55.3,165.2,0.078
728,-1,133.1,195.9,7.3,16.9,0.076
728,-1,130.9,196.6,10.2,25.4,0.067
728,-1,286.2,122.7,84.0,243.5,0.065
728,-1,307.4,148.1,26.1,45.3,0.055
729,-1,159.4,54.3,106.0,380.4,0.999
729,-1,387.2,0.0,250.6,480.0,0.999
729,-1,310.2,91.1,99.6,301.3,0.999
729,-1,87.1,186.0,24.9,71.1,0.998
729,-1,264.6,154.3,42.5,148.4,0.997
729,-1,123.3,194.0,13.6,48.5,0.989
729,-1,140.8,195.4,12.3,48.2,0.984
729,-1,0.0,12.3,41.6,426.7,0.973
729,-1,111.2,193.7,17.4,48.5,0.951
729,-1,304.7,148.0,26.7,80.5,0.943
729,-1,96.3,191.7,24.2,58.4,0.432
729,-1,294.9,147.9,42.7,117.7,0.205
729,-1,285.0,151.3,59.1,171.2,0.178
729,-1,131.8,195.8,18.3,46.8,0.129
729,-1,128.9,195.3,12.5,44.9,0.082
729,-1,111.6,190.7,9.3,11.4,0.064
729,-1,255.2,160.6,13.8,49.5,0.062
729,-1,387.1,8.2,225.0,262.5,0.056
729,-1,107.0,195.2,16.7,39.6,0.053
729,-1,151.9,198.6,6.9,19.8,0.051
730,-1,158.7,62.8,106.7,364.3,0.999
730,-1,312.3,100.8,103.6,299.1,0.998
730,-1,264.4,162.2,44.3,150.4,0.997
730,-1,81.6,190.8,28.2,74.2,0.997
730,-1,377.9,0.0,261.5,480.0,0.997
730,-1,121.0,200.4,17.2,48.8,0.991
730,-1,105.7,198.2,18.4,50.2,0.969
730,-1,140.2,201.8,13.3,48.1,0.953
730,-1,306.4,157.4,29.1,80.2,0.930
730,-1,0.1,218.0,18.0,242.2,0.515
730,-1,0.1,25.2,26.9,433.8,0.389
730,-1,112.6,199.5,17.1,49.6,0.293
730,-1,282.5,201.7,60.1,136.5,0.209
730,-1,160.6,189.4,15.5,82.5,0.140
730,-1,133.9,200.0,9.0,33.2,0.130
730,-1,349.8,96.9,37.7,54.2,0.121
730,-1,0.3,41.2,15.5,186.6,0.107
730,-1,131.9,199.9,19.0,50.1,0.101
730,-1,0.0,215.4,5.4,71.3,0.079
730,-1,310.7,157.1,23.6,24.2,0.077
730,-1,152.2,198.3,12.0,29.9,0.070
730,-1,156.9,175.3,16.2,82.3,0.069
730,-1,157.7,179.3,11.7,42.7,0.069
730,-1,85.7,208.6,17.3,55.3,0.064
730,-1,0.0,205.1,11.8,94.9,0.063
730,-1,255.7,160.7,15.6,59.9,0.063
730,-1,302.2,162.6,20.2,75.3,0.061
730,-1,139.2,200.0,10.3,31.6,0.055
730,-1,101.9,198.1,15.2,42.2,0.055
730,-1,140.7,200.3,23.5,51.8,0.052
731,-1,158.3,67.1,110.7,369.5,0.999
731,-1,378.2,0.0,261.8,478.9,0.999
731,-1,314.3,97.6,101.1,311.6,0.997
731,-1,78.1,193.6,28.5,77.0,0.996
731,-1,266.8,166.5,42.8,153.6,0.987
731,-1,120.4,202.6,19.1,50.7,0.982
731,-1,140.1,201.6,13.4,51.8,0.948
731,-1,308.3,162.7,31.8,83.3,0.910
731,-1,112.0,202.1,17.2,50.5,0.897
731,-1,0.0,206.7,11.3,89.4,0.784
731,-1,151.0,195.4,25.9,107.1,0.621
731,-1,0.0,209.7,5.8,86.1,0.414
731,-1,277.2,165.8,55.1,176.6,0.405
731,-1,134.3,203.3,9.7,37.9,0.392
731,-1,142.7,203.5,11.9,30.6,0.232
731,-1,284.5,238.5,58.3,107.1,0.217
731,-1,258.0,172.2,13.1,50.6,0.190
731,-1,135.6,201.8,13.1,51.4,0.151
731,-1,139.3,201.4,25.3,74.0,0.128
731,-1,320.1,162.3,18.0,20.8,0.123
731,-1,0.0,179.2,7.6,138.4,0.106
731,-1,136.2,203.1,6.9,12.3,0.092
731,-1,0.0,209.5,13.3,43.9,0.091
731,-1,312.2,162.7,26.4,34.0,0.091
731,-1,0.0,196.6,2.5,118.9,0.074
731,-1,141.7,202.5,6.4,13.8,0.069
731,-1,300.7,160.9,47.3,181.9,0.060
731,-1,137.6,202.6,8.5,29.8,0.057
731,-1,113.5,229.4,13.9,23.5,0.055
731,-1,106.3,201.4,17.1,41.2,0.052
732,-1,154.2,72.0,119.4,376.2,0.999
732,-1,312.2,104.2,102.1,311.6,0.998
732,-1,371.9,8.8,268.1,470.0,0.998
732,-1,77.5,193.6,27.0,78.4,0.997
732,-1,117.9,205.6,18.7,49.7,0.991
732,-1,267.6,168.0,40.7,149.8,0.985
732,-1,309.6,164.0,31.3,80.1,0.957
732,-1,137.5,185.0,37.3,121.8,0.914
732,-1,113.3,205.2,16.1,49.6,0.792
732,-1,139.2,205.2,13.9,34.8,0.759
732,-1,0.0,201.8,10.3,89.9,0.588
732,-1,282.2,189.2,59.5,156.5,0.511
732,-1,0.0,210.0,11.4,45.3,0.230
732,-1,256.6,168.8,14.2,50.6,0.223
732,-1,0.0,211.3,4.8,76.8,0.169
732,-1,113.3,218.2,10.9,35.7,0.164
732,-1,238.1,212.4,20.4,89.8,0.161
732,-1,305.7,178.2,22.5,71.6,0.152
732,-1,321.7,163.8,18.3,21.6,0.147
732,-1,132.6,204.2,8.9,34.4,0.103
732,-1,0.0,184.7,2.5,132.8,0.097
732,-1,126.6,206.2,11.1,42.9,0.090
732,-1,312.1,163.8,27.7,42.0,0.083
732,-1,335.1,67.2,154.0,374.3,0.061
732,-1,133.2,204.5,7.4,12.2,0.059
732,-1,139.9,204.8,9.2,25.0,0.050
733,-1,142.0,82.6,132.1,378.9,0.999
733,-1,65.4,194.0,32.1,80.6,0.998
733,-1,310.4,105.5,100.1,309.5,0.997
733,-1,380.1,5.1,258.8,474.9,0.993
733,-1,266.0,166.8,40.7,146.0,0.992
733,-1,109.8,205.9,23.4,51.1,0.991
733,-1,312.7,164.1,29.4,73.2,0.928
733,-1,248.2,167.6,20.7,52.1,0.901
733,-1,137.2,183.6,30.9,131.5,0.858
733,-1,133.4,202.5,17.3,70.5,0.531
733,-1,135.6,202.2,13.3,42.2,0.499
733,-1,240.0,163.6,34.2,138.4,0.472
733,-1,274.6,162.3,58.4,188.4,0.470
733,-1,242.4,166.7,27.8,79.7,0.383
733,-1,303.5,201.6,11.7,54.9,0.216
733,-1,0.0,197.3,8.3,104.0,0.204
733,-1,0.0,200.3,3.0,102.3,0.169
733,-1,0.0,203.6,4.6,52.9,0.167
733,-1,0.0,206.5,5.2,23.9,0.145
733,-1,300.4,164.0,42.0,151.7,0.130
733,-1,241.9,161.3,49.1,185.0,0.110
733,-1,0.0,214.5,4.2,9.2,0.108
733,-1,0.0,192.7,4.8,30.6,0.080
733,-1,0.0,210.3,5.9,12.0,0.074
733,-1,128.8,205.8,9.6,30.3,0.061
733,-1,127.4,203.2,18.7,56.3,0.058
733,-1,132.5,204.8,9.1,34.7,0.054
733,-1,139.2,200.5,12.6,28.8,0.051
734,-1,135.4,90.2,142.0,374.2,0.999
734,-1,393.3,0.0,246.7,480.0,0.995
734,-1,64.0,201.3,32.2,78.5,0.994
734,-1,314.0,112.7,105.2,302.4,0.994
734,-1,266.7,172.6,39.6,133.9,0.992
734,-1,109.3,211.9,24.0,49.2,0.991
734,-1,316.1,166.5,27.0,75.6,0.899
734,-1,243.7,169.7,24.6,55.1,0.897
734,-1,135.7,156.2,35.9,165.6,0.844
734,-1,139.5,216.9,26.2,105.3,0.788
734,-1,304.8,204.8,13.4,55.4,0.669
734,-1,235.2,167.4,39.5,137.5,0.473
734,-1,281.1,166.3,62.6,181.5,0.226
734,-1,115.4,212.3,18.4,30.3,0.162
734,-1,131.6,213.8,11.9,44.2,0.117
734,-1,60.4,210.8,17.0,65.7,0.101
734,-1,324.6,166.9,17.5,22.1,0.074
734,-1,243.8,168.1,52.9,184.4,0.064
734,-1,0.0,186.7,10.5,123.3,0.064
734,-1,136.8,102.1,119.2,222.7,0.064
734,-1,311.7,170.8,21.4,80.4,0.056
734,-1,129.0,208.0,16.3,75.7,0.053
735,-1,127.7,81.7,144.6,374.5,0.999
735,-1,401.8,5.8,237.6,472.0,0.998
735,-1,307.9,110.6,105.8,292.1,0.997
735,-1,61.5,195.9,30.7,80.6,0.995
735,-1,265.2,168.1,40.8,143.3,0.992
735,-1,133.0,225.4,43.5,96.7,0.940
735,-1,241.5,162.7,27.2,59.3,0.908
735,-1,113.6,206.1,17.7,50.1,0.819
735,-1,236.9,161.3,33.6,120.3,0.802
735,-1,303.1,201.7,18.0,54.7,0.797
735,-1,316.9,162.2,26.3,73.1,0.695
735,-1,129.4,163.9,42.4,153.6,0.594
735,-1,113.4,207.8,16.4,26.0,0.238
735,-1,316.0,110.8,90.0,169.9,0.161
735,-1,124.4,215.1,36.4,105.1,0.159
735,-1,122.4,201.7,17.2,79.2,0.132
735,-1,55.9,202.1,22.4,73.6,0.126
735,-1,117.2,227.7,9.7,29.3,0.106
735,-1,316.7,176.3,15.5,61.9,0.091
735,-1,266.0,171.5,10.0,19.2,0.070
736,-1,150.5,79.2,116.6,355.1,0.999
736,-1,120.3,145.9,46.6,171.9,0.998
736,-1,397.5,0.0,242.5,479.5,0.998
736,-1,53.0,191.7,30.5,82.7,0.997
736,-1,305.0,104.5,107.0,294.2,0.996
736,-1,265.2,166.6,41.6,144.7,0.990
736,-1,234.8,157.9,36.7,109.3,0.906
736,-1,303.1,198.7,14.7,50.0,0.685
736,-1,317.8,162.1,21.2,67.0,0.684
736,-1,111.1,197.6,16.2,60.2,0.456
736,-1,241.1,156.7,29.6,68.7,0.381
736,-1,232.5,164.2,46.0,172.8,0.242
736,-1,387.2,117.8,40.6,180.5,0.165
736,-1,315.8,181.1,13.7,50.9,0.145
736,-1,114.9,191.5,18.5,71.4,0.096
736,-1,324.7,162.3,12.9,21.7,0.088
736,-1,266.0,174.5,10.0,15.2,0.087
736,-1,109.7,205.0,11.9,40.1,0.082
736,-1,121.4,142.2,27.8,48.0,0.061
736,-1,116.4,144.3,29.1,112.6,0.061
736,-1,385.6,103.6,60.8,280.7,0.054
737,-1,147.5,74.2,114.7,350.7,0.999
737,-1,109.8,137.9,53.1,180.7,0.999
737,-1,298.1,100.2,108.9,301.7,0.998
737,-1,47.7,189.6,30.1,83.9,0.997
737,-1,401.9,0.0,238.1,480.0,0.995
737,-1,260.6,165.5,43.7,145.3,0.989
737,-1,238.1,155.8,31.1,69.3,0.941
737,-1,302.7,198.8,14.0,46.5,0.672
737,-1,233.1,154.0,34.9,126.3,0.606
737,-1,315.4,163.0,23.2,64.1,0.454
737,-1,260.0,174.6,15.1,17.0,0.345
737,-1,387.4,120.0,40.1,122.9,0.185
737,-1,102.8,141.8,32.9,145.1,0.173
737,-1,104.8,190.6,17.9,82.7,0.163
737,-1,260.6,149.0,25.1,40.0,0.130
737,-1,391.4,129.2,40.2,206.3,0.101
737,-1,322.9,163.0,13.2,21.6,0.100
737,-1,316.9,175.9,14.3,48.8,0.100
737,-1,240.9,159.7,39.3,146.7,0.096
737,-1,260.5,173.2,14.7,47.6,0.070
738,-1,105.4,133.1,54.2,192.0,1.000
738,-1,142.9,72.3,115.5,354.4,0.999
738,-1,400.8,0.0,239.2,479.9,0.997
738,-1,43.1,186.6,30.6,86.5,0.996
738,-1,293.5,108.0,116.0,297.0,0.996
738,-1,258.6,165.2,44.9,144.0,0.996
738,-1,237.4,154.6,31.9,70.6,0.912
738,-1,302.6,197.2,13.6,45.3,0.784
738,-1,314.0,161.2,25.0,67.5,0.694
738,-1,233.7,154.3,35.6,133.6,0.399
738,-1,393.1,132.0,36.5,210.3,0.161
738,-1,105.9,134.5,35.9,49.9,0.156
738,-1,321.8,162.1,14.2,23.7,0.146
738,-1,387.5,113.0,42.3,134.7,0.121
738,-1,314.7,172.9,15.3,54.0,0.102
738,-1,101.1,132.1,36.0,114.1,0.094
738,-1,98.4,186.9,22.7,98.5,0.080
738,-1,258.7,148.2,28.7,38.6,0.072
738,-1,75.1,190.6,13.7,13.5,0.070
738,-1,396.5,130.8,34.7,84.3,0.067
738,-1,254.3,164.7,19.1,24.0,0.067
738,-1,299.6,161.7,40.4,94.6,0.054
738,-1,362.6,105.9,67.0,288.7,0.053
739,-1,141.5,75.7,111.9,355.7,0.999
739,-1,92.0,135.3,65.3,191.8,0.999
739,-1,297.6,115.6,107.9,293.8,0.997
739,-1,398.4,0.0,235.7,480.0,0.995
739,-1,255.3,165.0,52.0,142.1,0.994
739,-1,38.2,184.3,28.8,88.7,0.994
739,-1,235.5,154.8,32.0,102.2,0.956
739,-1,313.9,162.6,25.6,65.2,0.749
739,-1,302.1,196.3,15.7,50.1,0.683
739,-1,390.2,117.4,43.2,115.2,0.243
739,-1,319.5,161.9,16.7,26.1,0.153
739,-1,0.0,199.4,15.3,98.7,0.144
739,-1,394.1,97.6,79.3,352.8,0.131
739,-1,402.3,126.3,28.6,83.3,0.125
739,-1,394.8,109.6,50.4,249.0,0.114
739,-1,303.7,176.4,22.7,70.6,0.108
739,-1,302.3,162.3,37.0,91.0,0.082
739,-1,226.1,152.2,41.0,159.4,0.074
739,-1,282.0,155.9,75.9,207.1,0.063
739,-1,319.8,164.1,23.0,36.1,0.053
740,-1,82.5,131.1,68.4,209.6,0.999
740,-1,143.2,83.3,104.9,357.7,0.999
740,-1,377.8,3.8,262.2,476.2,0.999
740,-1,292.7,114.7,112.5,290.4,0.998
740,-1,31.8,183.2,33.9,90.4,0.994
740,-1,256.4,163.2,51.6,140.6,0.993
740,-1,236.2,155.8,33.3,135.5,0.968
740,-1,0.1,193.0,15.7,108.1,0.890
740,-1,316.6,161.2,22.3,56.0,0.646
740,-1,304.0,193.7,16.1,52.9,0.420
740,-1,397.9,99.3,56.6,260.7,0.279
740,-1,323.2,161.0,15.5,19.1,0.215
740,-1,306.5,160.5,33.9,80.6,0.184
740,-1,0.2,197.9,7.2,103.8,0.161
740,-1,284.3,157.7,73.8,183.3,0.134
740,-1,396.3,94.7,95.9,311.4,0.128
740,-1,305.1,198.8,15.9,29.0,0.079
740,-1,0.1,193.2,3.1,110.1,0.060
740,-1,402.4,119.6,50.2,127.8,0.059
740,-1,8.0,209.6,11.3,52.1,0.057
741,-1,75.7,123.0,74.0,216.3,0.999
741,-1,142.9,83.9,105.6,357.4,0.999
741,-1,372.4,3.3,267.6,476.7,0.998
741,-1,295.6,106.4,105.7,299.2,0.998
741,-1,258.5,160.7,48.7,140.5,0.995
741,-1,27.1,180.2,35.0,90.7,0.994
741,-1,236.4,150.3,32.4,142.9,0.966
741,-1,0.0,192.5,19.4,78.8,0.932
741,-1,304.1,192.9,15.1,48.9,0.541
741,-1,316.4,158.6,22.7,46.8,0.458
741,-1,0.1,191.1,8.2,88.5,0.397
741,-1,394.1,107.9,61.4,238.3,0.318
741,-1,0.0,195.6,4.1,103.9,0.187
741,-1,322.8,157.4,13.8,21.0,0.184
741,-1,301.0,157.3,37.8,89.4,0.087
741,-1,398.7,119.8,39.7,134.9,0.076
741,-1,392.0,94.3,106.6,358.7,0.074
741,-1,241.0,215.2,29.1,79.3,0.062
741,-1,285.3,241.2,70.5,135.7,0.053
741,-1,0.1,172.7,19.8,153.7,0.050
742,-1,141.8,88.5,106.5,347.4,0.999
742,-1,63.1,112.2,91.8,232.3,0.999
742,-1,291.9,103.7,106.5,291.9,0.998
742,-1,261.0,162.2,46.0,140.2,0.996
742,-1,18.7,179.4,35.3,92.0,0.996
742,-1,389.8,0.0,248.2,480.0,0.995
742,-1,235.4,152.1,33.0,141.5,0.989
742,-1,0.2,184.4,17.7,74.9,0.961
742,-1,305.7,194.8,13.7,30.3,0.316
742,-1,0.1,185.4,7.8,75.3,0.141
742,-1,391.0,101.6,60.3,264.7,0.096
742,-1,401.7,102.7,58.9,142.0,0.095
742,-1,0.0,169.8,11.5,107.1,0.067
742,-1,0.1,165.6,2.1,94.1,0.065
743,-1,146.3,80.9,98.7,352.7,0.999
743,-1,48.8,103.5,94.7,238.6,0.999
743,-1,293.9,95.2,102.3,292.8,0.999
743,-1,259.3,163.0,48.3,138.5,0.995
743,-1,400.1,1.9,236.8,476.1,0.995
743,-1,10.9,175.6,36.5,94.4,0.993
743,-1,0.0,181.4,15.1,76.8,0.984
743,-1,235.8,150.4,33.2,142.6,0.979
743,-1,135.0,155.2,27.4,142.1,0.922
743,-1,306.1,194.8,12.5,29.0,0.146
743,-1,0.1,179.5,7.0,78.4,0.116
743,-1,381.2,100.3,63.1,268.3,0.096
743,-1,0.0,177.3,1.6,141.7,0.071
743,-1,274.5,203.9,66.1,130.2,0.069
743,-1,0.0,169.6,2.5,101.8,0.063
743,-1,236.3,150.0,18.3,20.3,0.060
743,-1,388.8,115.6,51.2,154.7,0.056
744,-1,152.0,80.6,95.1,331.8,0.999
744,-1,31.8,98.9,105.4,252.3,0.999
744,-1,295.7,99.2,101.3,293.9,0.998
744,-1,263.2,163.5,46.4,139.5,0.993
744,-1,7.5,173.0,40.1,97.5,0.991
744,-1,386.1,4.3,245.2,475.7,0.984
744,-1,239.9,151.3,31.3,142.5,0.975
744,-1,128.5,151.9,37.2,151.2,0.967
744,-1,0.0,181.2,14.6,75.6,0.927
744,-1,0.1,179.8,4.9,75.2,0.216
744,-1,373.5,88.7,66.2,261.2,0.204
744,-1,0.8,180.3,14.3,28.3,0.154
744,-1,272.7,179.5,55.1,144.3,0.115
744,-1,3.6,180.2,10.6,17.3,0.075
744,-1,379.4,138.0,61.8,132.4,0.056
745,-1,151.5,78.3,92.4,320.3,0.999
745,-1,298.0,101.4,103.8,291.1,0.999
745,-1,15.7,87.8,114.9,270.3,0.998
745,-1,369.1,0.0,260.2,480.0,0.995
745,-1,267.8,161.0,44.1,139.5,0.993
745,-1,121.3,131.9,46.6,176.1,0.986
745,-1,241.8,149.8,30.6,137.4,0.980
745,-1,7.1,171.6,32.7,97.5,0.873
745,-1,0.8,178.8,16.1,49.8,0.338
745,-1,0.0,177.5,8.8,54.3,0.257
745,-1,252.6,167.0,25.2,116.5,0.163
745,-1,247.1,157.3,43.7,136.3,0.139
745,-1,329.2,101.8,52.0,74.9,0.132
745,-1,8.7,171.0,29.4,54.5,0.097
745,-1,5.9,178.4,11.7,26.3,0.097
745,-1,6.6,178.4,10.2,12.9,0.096
745,-1,0.0,174.2,2.5,89.0,0.096
745,-1,0.0,170.8,4.6,57.4,0.096
745,-1,277.2,222.3,57.5,116.6,0.094
745,-1,303.4,103.6,86.5,171.6,0.088
745,-1,0.0,174.2,6.5,14.9,0.071
745,-1,0.0,169.2,11.6,85.4,0.054
746,-1,161.5,81.4,95.0,324.9,0.999
746,-1,307.1,103.3,102.3,305.1,0.999
746,-1,6.1,89.5,113.8,288.8,0.998
746,-1,386.9,2.1,250.4,477.9,0.998
746,-1,115.4,131.1,59.2,185.7,0.997
746,-1,271.3,160.3,44.1,141.1,0.980
746,-1,248.6,151.8,31.8,129.1,0.898
746,-1,115.5,189.7,15.8,59.6,0.672
746,-1,281.4,205.9,49.6,125.8,0.559
746,-1,108.1,189.9,18.9,59.7,0.372
746,-1,258.9,170.4,25.5,120.5,0.069
746,-1,346.6,108.2,39.5,47.9,0.056
746,-1,0.9,96.7,35.0,242.7,0.055
746,-1,30.4,24.9,609.6,450.0,0.051
747,-1,160.9,80.6,100.6,331.0,0.999
747,-1,311.5,102.8,96.8,304.4,0.999
747,-1,0.3,80.2,110.7,305.6,0.999
747,-1,116.1,130.1,57.8,187.2,0.998
747,-1,386.7,0.0,252.9,480.0,0.996
747,-1,273.8,160.1,45.9,140.9,0.981
747,-1,250.6,153.3,30.1,120.2,0.900
747,-1,115.7,189.0,14.7,60.1,0.753
747,-1,93.7,189.5,18.3,53.6,0.618
747,-1,261.1,159.8,41.5,132.6,0.445
747,-1,281.7,206.1,50.3,123.6,0.392
747,-1,594.4,166.5,44.9,231.1,0.179
747,-1,380.2,126.0,38.3,44.6,0.070
747,-1,568.5,16.6,69.7,386.6,0.067
747,-1,270.4,149.7,67.7,201.4,0.066
747,-1,115.9,191.0,8.2,50.8,0.052
748,-1,162.6,85.5,108.8,334.5,0.999
748,-1,1.0,73.9,92.6,309.7,0.999
748,-1,111.3,124.0,63.3,199.1,0.999
748,-1,312.5,107.4,93.0,299.0,0.998
748,-1,393.3,0.0,244.2,480.0,0.998
748,-1,278.7,162.9,44.1,140.2,0.985
748,-1,92.0,191.8,21.8,56.8,0.979
748,-1,250.3,154.6,34.4,122.9,0.956
748,-1,0.0,91.7,28.2,299.9,0.385
748,-1,0.1,27.3,15.1,368.7,0.341
748,-1,79.9,192.1,18.3,45.6,0.208
748,-1,0.0,283.3,28.0,109.3,0.178
748,-1,394.6,111.0,44.0,166.3,0.144
748,-1,0.0,101.4,6.2,281.2,0.129
748,-1,285.1,219.8,53.0,113.5,0.085
748,-1,83.1,190.6,13.1,34.2,0.084
748,-1,101.2,192.9,12.3,27.5,0.070
748,-1,0.0,70.2,3.6,122.0,0.067
748,-1,0.0,19.8,7.5,204.7,0.064
749,-1,162.1,93.7,110.9,335.2,0.999
749,-1,0.1,60.3,82.1,338.8,0.999
749,-1,107.0,121.9,67.7,208.2,0.999
749,-1,312.3,107.2,98.1,300.3,0.998
749,-1,394.2,0.0,243.4,480.0,0.997
749,-1,277.3,165.7,50.0,135.4,0.985
749,-1,251.7,156.6,38.5,128.1,0.955
749,-1,91.1,191.2,19.6,61.3,0.877
749,-1,0.5,186.5,62.8,213.0,0.684
749,-1,288.5,215.5,52.8,115.6,0.267
749,-1,407.5,119.8,39.4,177.7,0.083
749,-1,0.0,63.6,18.6,349.9,0.056
749,-1,74.5,193.8,33.1,56.6,0.055
750,-1,104.9,115.2,76.6,212.9,1.000
750,-1,171.2,90.0,109.4,329.1,1.000
750,-1,0.1,44.8,78.5,388.8,0.999
750,-1,314.3,107.4,104.7,281.9,0.998
750,-1,401.4,0.0,236.7,479.4,0.996
750,-1,284.6,164.8,51.0,139.8,0.991
750,-1,256.1,150.5,42.9,144.9,0.980
750,-1,334.0,159.6,24.0,47.8,0.378
750,-1,324.2,105.7,87.8,160.6,0.051
751,-1,101.2,107.6,82.1,218.9,0.999
751,-1,175.5,85.3,107.2,324.3,0.999
751,-1,311.9,98.2,113.2,289.6,0.999
751,-1,0.5,33.2,78.0,390.5,0.997
751,-1,418.9,0.0,218.9,480.0,0.996
751,-1,297.5,162.0,44.0,130.9,0.986
751,-1,263.2,146.2,43.2,149.4,0.985
751,-1,40.5,203.8,23.5,53.6,0.520
751,-1,302.0,194.9,53.2,128.8,0.231
751,-1,0.0,13.8,21.9,394.0,0.132
751,-1,102.0,225.0,12.4,23.2,0.106
751,-1,0.0,255.9,22.3,145.8,0.093
751,-1,420.1,153.7,39.4,135.6,0.092
751,-1,98.5,177.2,18.2,69.7,0.077
751,-1,425.5,157.6,31.3,60.5,0.073
751,-1,451.9,206.9,181.4,268.8,0.058
751,-1,304.0,162.6,37.3,73.1,0.054
752,-1,184.1,82.3,102.0,308.9,0.999
752,-1,327.7,98.7,101.7,294.4,0.999
752,-1,91.8,98.2,91.3,236.9,0.999
752,-1,269.6,147.7,42.1,127.4,0.983
752,-1,0.0,14.1,81.2,394.8,0.971
752,-1,304.4,160.8,43.8,127.0,0.971
752,-1,418.7,2.7,218.4,476.0,0.960
752,-1,22.7,163.0,27.4,93.5,0.769
752,-1,309.2,192.5,52.7,138.0,0.287
752,-1,18.8,125.2,60.5,129.1,0.215
752,-1,33.3,183.9,28.3,72.7,0.170
752,-1,0.0,93.6,22.5,321.6,0.129
752,-1,1.1,6.3,46.8,343.5,0.111
752,-1,4.3,150.6,53.9,120.0,0.095
752,-1,0.2,210.3,11.9,198.9,0.058
752,-1,304.2,143.1,67.4,218.3,0.053
753,-1,188.6,82.1,97.2,313.4,0.999
753,-1,86.3,90.1,95.5,252.7,0.999
753,-1,328.4,101.7,105.5,291.5,0.999
753,-1,310.3,160.9,41.4,96.7,0.987
753,-1,409.3,0.0,230.7,479.1,0.985
753,-1,274.2,148.7,42.0,130.7,0.981
753,-1,49.9,172.3,33.8,78.9,0.654
753,-1,0.2,159.4,33.2,114.9,0.558
753,-1,156.7,175.0,24.3,63.1,0.556
753,-1,0.5,75.2,78.5,305.1,0.402
753,-1,33.7,172.1,38.4,73.1,0.329
753,-1,49.6,172.3,18.9,31.5,0.247
753,-1,0.5,123.2,75.0,154.4,0.197
753,-1,0.0,182.0,11.3,228.1,0.164
753,-1,0.0,113.5,17.4,295.8,0.163
753,-1,161.5,195.3,17.9,42.2,0.149
753,-1,52.6,173.0,21.2,52.7,0.128
753,-1,0.0,286.1,13.7,130.7,0.115
753,-1,311.9,161.3,45.6,164.8,0.100
753,-1,41.4,171.7,28.1,42.9,0.084
753,-1,0.0,22.9,26.5,414.1,0.078
753,-1,0.5,107.0,23.5,198.9,0.068
753,-1,302.0,169.4,22.9,106.2,0.063
753,-1,0.0,334.0,10.6,72.7,0.057
753,-1,0.0,155.5,14.0,126.6,0.050
754,-1,76.2,86.8,106.0,267.0,0.999
754,-1,200.7,82.0,91.5,315.0,0.999
754,-1,328.5,103.6,112.5,299.9,0.998
754,-1,282.0,144.2,42.4,130.2,0.988
754,-1,54.2,172.2,43.7,81.7,0.981
754,-1,32.3,166.2,40.6,89.2,0.981
754,-1,317.8,161.3,42.2,110.0,0.975
754,-1,416.5,3.0,220.3,475.5,0.974
754,-1,0.0,186.0,20.5,91.5,0.947
754,-1,168.2,191.2,17.9,45.8,0.905
754,-1,0.0,140.1,44.5,135.2,0.754
754,-1,17.3,164.3,42.6,100.5,0.158
754,-1,193.7,184.7,17.4,56.4,0.135
754,-1,169.1,172.6,23.1,67.9,0.110
754,-1,58.5,172.1,20.1,65.6,0.110
754,-1,11.1,159.0,24.6,55.3,0.101
754,-1,308.3,168.6,27.1,118.6,0.085
754,-1,416.9,122.4,90.9,267.1,0.074
755,-1,70.7,85.1,111.1,274.4,0.999
755,-1,201.4,86.3,94.7,313.3,0.999
755,-1,346.5,101.3,98.5,300.0,0.999
755,-1,447.4,0.1,189.6,478.7,0.995
755,-1,35.0,166.3,42.5,89.1,0.991
755,-1,285.8,149.4,38.9,142.7,0.984
755,-1,171.2,191.8,16.7,44.4,0.983
755,-1,0.0,157.1,26.9,117.6,0.982
755,-1,331.1,163.2,32.4,93.1,0.970
755,-1,61.5,171.1,37.2,81.8,0.691
755,-1,313.9,161.0,48.0,118.3,0.631
755,-1,153.2,187.4,22.0,59.2,0.295
755,-1,313.6,173.1,25.5,107.8,0.230
755,-1,31.4,174.6,28.2,78.0,0.164
755,-1,60.6,171.2,17.7,76.0,0.128
755,-1,0.7,156.5,30.4,64.0,0.125
755,-1,320.3,188.2,62.8,141.3,0.090
755,-1,0.2,169.1,7.6,104.7,0.078
755,-1,60.6,178.0,11.8,56.9,0.065
755,-1,0.0,154.2,3.0,132.5,0.059
756,-1,64.5,78.5,111.9,293.5,0.999
756,-1,208.4,90.2,95.1,319.7,0.999
756,-1,345.5,98.9,104.6,307.0,0.998
756,-1,468.7,2.7,169.7,476.2,0.998
756,-1,0.0,158.7,26.7,124.7,0.994
756,-1,178.6,192.9,19.1,45.3,0.994
756,-1,39.2,168.5,38.3,89.3,0.985
756,-1,291.1,146.2,39.6,141.0,0.983
756,-1,328.0,163.6,39.8,103.5,0.968
756,-1,197.0,197.4,18.7,47.7,0.603
756,-1,52.2,169.7,47.6,87.2,0.544
756,-1,321.1,171.4,27.1,102.8,0.340
756,-1,197.3,196.1,11.5,34.5,0.175
756,-1,325.2,206.2,65.0,126.7,0.154
756,-1,169.0,187.6,13.3,36.8,0.136
756,-1,467.3,202.2,34.6,131.4,0.113
756,-1,46.3,168.9,28.6,56.6,0.105
756,-1,212.1,203.7,12.7,41.2,0.078
756,-1,470.6,206.1,29.9,75.8,0.071
756,-1,195.9,203.1,10.4,34.8,0.056
756,-1,0.0,169.2,2.7,126.0,0.051
757,-1,210.5,88.9,95.6,315.5,0.999
757,-1,54.2,64.5,115.6,310.8,0.999
757,-1,481.7,1.5,158.2,477.8,0.999
757,-1,343.6,92.5,102.5,300.5,0.998
757,-1,183.8,193.0,15.1,44.4,0.991
757,-1,296.0,147.1,37.1,138.8,0.986
757,-1,0.0,155.3,21.2,124.5,0.974
757,-1,330.7,161.5,37.9,98.2,0.912
757,-1,42.3,175.3,30.6,82.2,0.893
757,-1,205.6,171.6,22.1,103.0,0.771
757,-1,323.5,170.6,24.9,96.6,0.392
757,-1,190.5,195.8,15.9,39.0,0.387
757,-1,0.1,162.7,10.4,116.9,0.334
757,-1,200.8,199.2,11.7,45.5,0.149
757,-1,327.0,203.7,65.1,126.5,0.123
757,-1,48.8,174.6,15.9,53.3,0.116
757,-1,380.6,215.4,60.0,173.4,0.092
757,-1,447.1,61.6,66.0,274.6,0.089
757,-1,344.1,159.9,28.7,82.3,0.056
757,-1,0.0,176.2,2.3,125.6,0.055
758,-1,42.2,50.0,118.7,332.0,0.999
758,-1,216.0,86.6,92.0,312.5,0.999
758,-1,342.8,94.8,109.5,293.7,0.998
758,-1,475.2,3.1,162.9,470.7,0.996
758,-1,298.9,145.6,36.1,137.2,0.988
758,-1,195.6,161.2,30.5,119.3,0.983
758,-1,342.1,158.8,26.9,83.3,0.925
758,-1,0.1,154.9,14.7,105.4,0.883
758,-1,183.2,191.4,16.4,46.0,0.595
758,-1,320.8,180.3,27.0,88.0,0.448
758,-1,479.2,127.2,100.6,332.5,0.396
758,-1,0.1,154.9,5.2,104.0,0.307
758,-1,0.0,133.1,9.3,158.5,0.215
758,-1,0.0,143.1,2.4,164.3,0.160
758,-1,531.4,159.6,45.1,141.2,0.115
758,-1,330.0,180.7,13.6,29.6,0.106
758,-1,329.5,160.4,49.0,151.1,0.106
758,-1,184.2,207.1,11.9,30.0,0.105
758,-1,508.4,157.7,51.8,179.7,0.095
758,-1,471.6,150.4,75.0,187.7,0.067
758,-1,0.1,120.1,17.0,223.1,0.066
758,-1,515.8,0.0,120.0,289.1,0.053
759,-1,20.5,34.2,131.4,353.5,0.999
759,-1,196.8,87.6,109.7,299.3,0.999
759,-1,344.8,96.6,108.5,299.3,0.998
759,-1,483.0,5.5,157.0,474.5,0.998
759,-1,301.7,149.5,34.1,136.5,0.984
759,-1,137.5,182.7,21.0,66.5,0.982
759,-1,185.3,164.9,41.1,116.5,0.959
759,-1,342.5,161.5,27.2,72.9,0.906
759,-1,183.7,167.9,34.3,72.6,0.365
759,-1,189.2,225.6,36.6,55.9,0.345
759,-1,312.3,165.0,36.1,114.7,0.307
759,-1,197.7,164.8,24.9,63.8,0.246
759,-1,325.3,165.7,60.2,165.8,0.195
759,-1,182.9,190.2,18.0,44.7,0.190
759,-1,329.5,171.8,22.1,81.4,0.168
759,-1,198.5,168.0,33.8,95.0,0.166
759,-1,363.8,151.7,23.6,83.0,0.097
759,-1,329.7,183.7,13.8,28.6,0.093
759,-1,534.0,0.0,105.9,232.6,0.091
759,-1,465.5,160.0,131.9,311.2,0.082
759,-1,345.9,157.7,38.0,92.2,0.081
759,-1,152.2,187.0,10.8,46.3,0.065
759,-1,324.5,158.5,46.6,114.4,0.058
759,-1,324.7,183.4,20.9,60.0,0.054
760,-1,192.1,83.4,117.0,294.8,1.000
760,-1,347.2,95.0,108.0,298.0,0.999
760,-1,1.3,23.5,135.6,375.3,0.999
760,-1,491.1,3.8,148.9,470.8,0.999
760,-1,131.9,178.3,24.5,69.9,0.992
760,-1,181.8,164.1,43.2,117.5,0.985
760,-1,305.0,150.2,34.2,129.3,0.973
760,-1,344.1,160.6,26.5,76.0,0.915
760,-1,322.6,165.8,62.9,167.6,0.503
760,-1,204.4,167.4,30.4,102.9,0.497
760,-1,314.6,160.6,49.1,114.1,0.389
760,-1,180.3,164.9,33.2,73.1,0.205
760,-1,476.3,125.0,125.7,337.7,0.204
760,-1,184.9,199.3,13.3,37.1,0.171
760,-1,142.9,180.9,13.1,64.1,0.149
760,-1,169.9,198.8,16.5,31.1,0.118
760,-1,321.5,174.0,29.0,87.8,0.102
760,-1,193.1,162.4,28.8,86.4,0.093
760,-1,186.3,162.8,32.1,51.6,0.068
760,-1,127.7,178.7,12.9,44.6,0.066
760,-1,558.9,66.8,81.1,406.7,0.065
760,-1,452.3,147.1,29.0,80.0,0.063
760,-1,509.3,174.4,103.6,239.1,0.054
761,-1,184.6,83.9,129.3,300.5,1.000
761,-1,0.0,2.6,111.2,396.0,0.999
761,-1,348.7,93.5,107.3,305.3,0.999
761,-1,497.0,0.9,143.0,478.8,0.998
761,-1,130.0,177.9,26.1,70.6,0.995
761,-1,181.6,161.8,40.4,117.5,0.989
761,-1,106.7,179.0,19.6,68.8,0.972
761,-1,306.4,147.3,31.8,131.3,0.942
761,-1,194.1,163.0,42.7,111.3,0.895
761,-1,346.8,161.9,26.2,69.7,0.830
761,-1,91.5,186.8,23.8,68.5,0.813
761,-1,323.2,163.6,58.6,173.5,0.574
761,-1,328.9,161.9,39.2,84.8,0.202
761,-1,513.4,0.6,125.7,227.7,0.091
761,-1,161.7,204.5,17.4,26.4,0.090
761,-1,123.7,184.2,12.5,39.7,0.090
761,-1,103.1,179.1,14.7,70.3,0.087
761,-1,187.2,161.9,26.6,78.2,0.086
761,-1,416.8,206.4,53.8,165.6,0.076
761,-1,0.0,16.5,16.5,395.8,0.062
761,-1,609.2,268.8,30.6,211.2,0.054
762,-1,181.0,80.1,135.5,300.7,0.999
762,-1,0.0,0.0,103.5,398.9,0.999
762,-1,486.5,1.1,153.0,477.8,0.999
762,-1,348.9,89.0,102.5,313.4,0.998
762,-1,126.4,175.2,27.9,70.8,0.994
762,-1,170.3,158.4,43.4,118.6,0.992
762,-1,83.6,165.9,40.3,86.9,0.985
762,-1,108.4,174.7,18.5,69.0,0.961
762,-1,309.6,147.5,35.4,119.2,0.959
762,-1,207.1,159.8,29.6,110.6,0.939
762,-1,352.9,159.1,24.1,68.8,0.838
762,-1,300.5,143.4,28.6,146.2,0.459
762,-1,321.1,162.6,61.9,172.6,0.307
762,-1,180.1,157.1,56.0,116.1,0.201
762,-1,141.9,178.0,13.3,61.3,0.193
762,-1,338.4,158.3,38.8,97.7,0.168
762,-1,459.1,129.3,34.2,126.9,0.132
762,-1,110.6,174.6,14.2,16.0,0.085
762,-1,334.8,165.5,31.6,69.3,0.079
762,-1,109.2,175.5,16.5,35.4,0.075
762,-1,182.6,156.0,28.9,51.7,0.072
762,-1,124.9,183.4,11.3,34.4,0.065
762,-1,158.3,199.3,19.7,27.9,0.059
762,-1,422.9,126.7,67.3,260.6,0.053
762,-1,448.8,118.4,55.1,229.4,0.051
763,-1,180.5,76.4,135.0,308.7,0.999
763,-1,344.0,81.5,107.7,312.1,0.998
763,-1,0.0,0.0,81.7,403.3,0.997
763,-1,473.5,0.0,165.6,479.6,0.996
763,-1,123.8,165.3,24.6,72.4,0.993
763,-1,163.9,142.7,39.8,123.6,0.989
763,-1,80.2,157.8,41.9,85.9,0.986
763,-1,50.0,151.0,37.5,95.1,0.976
763,-1,309.1,137.6,33.3,115.3,0.964
763,-1,202.7,149.0,34.6,112.6,0.937
763,-1,104.5,165.1,18.8,51.9,0.713
763,-1,351.6,148.5,24.1,74.8,0.430
763,-1,461.6,143.6,73.0,213.4,0.232
763,-1,451.7,123.4,42.3,157.1,0.158
763,-1,152.6,178.2,17.1,39.9,0.158
763,-1,320.2,178.5,59.4,140.4,0.151
763,-1,105.8,164.8,14.1,30.1,0.126
763,-1,296.2,130.0,37.8,142.6,0.120
763,-1,118.9,171.2,11.9,42.0,0.087
763,-1,326.8,150.5,41.6,107.4,0.073
763,-1,86.2,159.7,24.9,60.5,0.055
764,-1,195.8,78.8,123.3,311.4,0.999
764,-1,348.9,87.5,109.2,298.7,0.998
764,-1,160.3,145.7,39.5,127.1,0.997
764,-1,53.4,153.2,39.6,97.7,0.995
764,-1,84.0,159.5,39.9,89.7,0.994
764,-1,124.4,168.0,23.2,74.3,0.991
764,-1,457.8,8.8,179.2,467.9,0.990
764,-1,193.3,152.1,40.3,112.3,0.984
764,-1,0.0,20.2,65.1,421.0,0.981
764,-1,309.1,135.2,37.8,128.4,0.975
764,-1,0.0,9.7,38.1,314.4,0.685
764,-1,358.4,152.8,19.7,67.0,0.528
764,-1,461.1,53.1,112.0,306.9,0.359
764,-1,106.4,169.0,17.9,47.7,0.231
764,-1,526.5,257.0,26.9,101.5,0.223
764,-1,364.0,152.1,13.4,30.0,0.218
764,-1,344.7,152.8,33.3,83.6,0.217
764,-1,323.4,158.1,59.9,161.0,0.189
764,-1,461.5,145.3,26.0,53.8,0.173
764,-1,0.4,226.2,65.2,200.3,0.168
764,-1,200.2,153.4,28.8,68.4,0.153
764,-1,109.8,170.9,12.7,32.0,0.089
764,-1,457.9,139.9,38.8,126.2,0.069
764,-1,205.7,153.1,22.5,35.0,0.065
764,-1,115.0,172.4,14.3,39.6,0.051
764,-1,213.2,155.2,24.0,112.3,0.050
765,-1,212.7,84.7,108.5,306.6,0.999
765,-1,149.2,152.5,49.0,127.7,0.998
765,-1,351.2,86.4,109.5,295.5,0.998
765,-1,56.0,160.3,40.5,98.6,0.996
765,-1,460.7,2.0,179.3,478.0,0.992
765,-1,126.6,174.5,22.9,72.8,0.987
765,-1,89.5,167.0,37.2,88.0,0.987
765,-1,200.1,156.7,34.8,113.0,0.985
765,-1,309.5,144.3,35.6,121.6,0.977
765,-1,463.7,89.1,114.9,278.8,0.431
765,-1,361.1,156.1,19.7,67.6,0.260
765,-1,0.0,353.1,27.9,89.8,0.238
765,-1,0.1,184.3,27.5,289.5,0.172
765,-1,349.8,157.1,29.1,78.2,0.134
765,-1,366.5,156.2,13.1,50.1,0.130
765,-1,87.1,171.8,18.9,65.1,0.099
765,-1,334.2,156.3,45.3,104.6,0.076
765,-1,100.7,166.5,19.1,27.1,0.069
765,-1,97.4,167.0,24.1,49.2,0.063
765,-1,462.1,4.3,148.2,272.7,0.058
765,-1,192.3,177.0,15.6,59.2,0.057
766,-1,220.0,84.5,99.6,306.2,0.999
766,-1,198.6,155.1,33.6,118.7,0.999
766,-1,345.3,90.4,118.6,295.7,0.998
766,-1,139.5,153.6,54.4,128.8,0.997
766,-1,55.7,162.4,41.9,98.8,0.995
766,-1,453.6,0.1,185.7,476.4,0.992
766,-1,95.3,167.8,28.7,89.0,0.992
766,-1,310.0,148.1,32.2,123.9,0.983
766,-1,123.6,175.3,21.9,73.6,0.983
766,-1,354.9,158.7,23.9,67.0,0.548
766,-1,339.7,159.1,38.3,88.6,0.443
766,-1,364.6,158.1,14.2,50.0,0.337
766,-1,331.0,156.2,56.6,167.0,0.193
766,-1,487.0,61.8,108.5,319.6,0.126
766,-1,332.7,164.9,33.0,98.0,0.116
766,-1,509.1,256.5,65.1,120.3,0.116
766,-1,107.0,170.4,31.8,82.1,0.111
766,-1,192.3,189.5,14.6,46.1,0.088
766,-1,88.6,171.1,24.2,77.9,0.068
766,-1,542.9,41.9,96.7,435.0,0.065
766,-1,367.2,157.7,11.4,26.3,0.059
766,-1,53.7,169.6,25.7,85.5,0.056
766,-1,99.2,167.5,19.6,31.8,0.053
767,-1,128.3,153.1,57.1,127.2,0.999
767,-1,228.3,80.3,88.4,292.3,0.999
767,-1,349.0,86.7,106.9,304.9,0.998
767,-1,191.1,150.7,40.1,125.7,0.998
767,-1,53.6,157.3,38.3,100.0,0.997
767,-1,467.5,1.1,169.8,476.7,0.996
767,-1,86.9,163.5,30.7,92.4,0.979
767,-1,113.6,172.4,21.8,75.7,0.944
767,-1,306.0,141.8,34.9,132.4,0.895
767,-1,99.6,168.4,31.3,85.2,0.659
767,-1,350.7,160.0,24.6,65.3,0.606
767,-1,85.2,167.2,18.0,81.2,0.527
767,-1,471.0,83.0,113.8,300.2,0.313
767,-1,327.4,147.6,60.0,187.1,0.221
767,-1,338.9,165.5,24.6,67.1,0.205
767,-1,360.9,158.5,14.5,45.5,0.202
767,-1,116.8,171.0,21.4,22.6,0.162
767,-1,512.9,88.8,99.1,323.2,0.088
767,-1,48.6,187.3,26.2,65.9,0.085
767,-1,515.7,228.0,63.9,151.8,0.070
767,-1,331.2,160.5,47.3,103.7,0.064
767,-1,87.8,194.4,13.1,53.0,0.060
767,-1,332.2,167.0,23.1,71.0,0.060
767,-1,295.6,141.2,36.8,160.2,0.050
768,-1,224.5,80.5,88.9,296.1,0.999
768,-1,342.6,99.7,110.6,294.0,0.999
768,-1,455.7,7.1,183.7,472.9,0.998
768,-1,186.4,152.4,42.0,129.0,0.997
768,-1,117.0,152.2,62.5,132.6,0.997
768,-1,47.8,156.7,38.8,104.2,0.997
768,-1,88.7,166.0,32.7,92.5,0.980
768,-1,110.9,172.8,22.4,70.7,0.736
768,-1,305.3,150.9,27.2,125.9,0.685
768,-1,79.5,170.7,19.6,79.4,0.628
768,-1,111.6,172.3,21.3,24.4,0.466
768,-1,350.5,164.5,21.5,66.3,0.414
768,-1,461.8,82.1,121.2,303.2,0.379
768,-1,299.8,152.2,19.2,87.7,0.206
768,-1,293.3,146.1,28.7,153.6,0.189
768,-1,358.3,164.5,13.6,45.4,0.158
768,-1,331.7,172.2,22.8,69.4,0.141
768,-1,289.3,128.9,29.9,118.4,0.095
768,-1,459.0,139.1,25.4,57.1,0.091
768,-1,111.0,173.6,12.1,54.1,0.080
768,-1,93.6,166.4,18.9,25.1,0.062
768,-1,335.9,163.5,37.0,78.1,0.056
768,-1,320.5,143.7,72.6,209.8,0.051
769,-1,225.5,82.7,88.8,298.0,0.999
769,-1,342.5,98.4,107.0,301.2,0.999
769,-1,180.6,152.6,47.9,132.4,0.999
769,-1,475.6,2.8,160.9,471.2,0.998
769,-1,110.7,153.1,53.0,131.5,0.997
769,-1,52.1,157.1,36.3,104.3,0.997
769,-1,88.9,165.8,24.0,93.4,0.995
769,-1,304.7,151.7,27.7,130.3,0.768
769,-1,100.6,170.3,25.7,86.5,0.726
769,-1,79.4,166.0,19.1,86.6,0.590
769,-1,467.9,124.3,118.5,293.5,0.441
769,-1,462.7,152.1,27.7,65.5,0.354
769,-1,292.5,141.7,34.3,157.6,0.284
769,-1,301.8,152.1,22.9,94.3,0.241
769,-1,69.5,162.6,39.5,96.7,0.232
769,-1,507.6,372.9,67.2,64.3,0.154
769,-1,328.2,180.3,21.0,69.1,0.148
769,-1,461.9,4.1,155.1,265.7,0.123
769,-1,350.9,165.2,20.6,61.7,0.119
769,-1,297.4,156.8,19.5,134.2,0.071
769,-1,109.6,173.8,12.4,19.3,0.069
770,-1,224.2,79.8,91.7,302.0,0.999
770,-1,178.6,150.0,48.6,135.3,0.999
770,-1,55.0,157.3,37.7,103.7,0.997
770,-1,331.8,90.7,118.2,307.2,0.996
770,-1,109.3,148.9,44.8,133.9,0.995
770,-1,475.5,0.0,164.0,457.2,0.993
770,-1,95.0,166.2,28.2,90.1,0.941
770,-1,83.4,170.8,24.9,87.3,0.917
770,-1,328.3,179.9,18.2,64.3,0.756
770,-1,303.6,144.5,30.8,136.1,0.679
770,-1,358.5,160.8,12.3,49.7,0.417
770,-1,483.8,142.2,101.6,290.0,0.414
770,-1,307.7,144.5,23.6,84.2,0.304
770,-1,294.3,145.3,28.6,152.8,0.235
770,-1,459.3,131.4,47.5,166.3,0.175
770,-1,86.1,174.2,13.2,50.0,0.171
770,-1,491.7,176.9,79.2,183.5,0.162
770,-1,352.3,160.1,20.7,70.0,0.152
770,-1,489.7,299.7,99.8,141.1,0.150
770,-1,312.7,162.8,25.8,106.0,0.137
770,-1,102.0,165.9,20.3,26.9,0.130
770,-1,328.7,169.6,30.2,75.3,0.128
770,-1,356.4,155.0,26.1,61.9,0.108
770,-1,48.4,162.4,25.4,87.7,0.092
770,-1,321.1,136.2,75.5,205.7,0.081
770,-1,87.6,170.3,14.6,15.6,0.079
770,-1,79.9,171.9,19.7,74.5,0.070
770,-1,100.0,166.0,23.5,48.7,0.053
770,-1,87.3,173.7,9.3,14.4,0.052
771,-1,219.9,89.9,95.2,300.5,0.999
771,-1,167.0,148.1,52.4,139.2,0.999
771,-1,328.6,94.5,112.3,300.5,0.999
771,-1,48.2,153.8,42.6,110.5,0.998
771,-1,500.6,1.9,139.4,466.2,0.998
771,-1,97.4,150.4,41.7,134.0,0.986
771,-1,80.4,160.0,32.1,100.5,0.868
771,-1,301.3,148.9,24.3,97.0,0.755
771,-1,492.4,271.4,78.8,176.7,0.629
771,-1,324.0,180.8,18.5,65.0,0.336
771,-1,493.9,231.7,44.6,122.6,0.316
771,-1,534.2,40.5,36.8,63.2,0.257
771,-1,294.8,146.6,30.9,153.2,0.239
771,-1,91.6,165.5,21.7,47.7,0.161
771,-1,77.6,165.0,20.1,86.9,0.160
771,-1,307.0,157.0,28.5,107.9,0.155
771,-1,501.6,39.9,68.7,148.8,0.127
771,-1,486.9,33.2,85.1,391.1,0.089
771,-1,351.0,162.4,12.6,48.3,0.087
771,-1,94.4,164.7,18.6,28.9,0.081
771,-1,0.0,165.3,14.5,14.9,0.070
771,-1,150.2,160.7,25.7,61.6,0.069
771,-1,158.6,158.7,16.7,37.4,0.053
771,-1,111.2,151.5,29.7,94.7,0.053
772,-1,324.8,88.5,112.7,297.6,0.999
772,-1,218.6,87.3,90.9,299.1,0.999
772,-1,158.9,144.6,53.6,141.4,0.999
772,-1,42.5,151.9,45.6,110.8,0.997
772,-1,523.0,3.5,117.0,475.4,0.997
772,-1,84.0,149.8,47.3,132.8,0.990
772,-1,492.2,40.5,86.7,395.2,0.865
772,-1,294.3,139.8,29.5,112.9,0.773
772,-1,491.9,235.3,70.6,220.3,0.539
772,-1,527.4,37.9,47.5,65.1,0.494
772,-1,66.2,157.8,38.6,100.0,0.416
772,-1,501.3,37.2,70.5,172.2,0.248
772,-1,302.1,150.6,36.3,119.7,0.218
772,-1,518.6,20.9,70.8,316.9,0.173
772,-1,98.3,151.4,33.2,90.2,0.133
772,-1,285.7,139.4,29.5,163.5,0.122
772,-1,212.7,138.0,28.4,146.1,0.115
772,-1,453.5,147.2,52.4,90.2,0.090
772,-1,81.1,163.3,30.5,98.4,0.071
772,-1,71.6,194.0,29.8,64.2,0.063
772,-1,100.4,149.4,30.6,49.7,0.057
772,-1,476.3,242.3,61.2,143.1,0.056
773,-1,152.1,138.9,56.8,147.8,0.999
773,-1,327.9,79.9,110.7,295.0,0.998
773,-1,215.9,84.9,92.8,298.2,0.998
773,-1,69.9,148.9,52.7,135.2,0.995
773,-1,514.0,13.0,126.0,464.2,0.994
773,-1,39.0,151.6,44.5,109.2,0.993
773,-1,508.9,34.2,74.1,274.1,0.577
773,-1,206.6,116.5,34.1,167.6,0.415
773,-1,95.2,150.5,34.5,106.3,0.405
773,-1,107.2,175.0,22.6,80.9,0.297
773,-1,493.8,112.0,83.5,337.1,0.180
773,-1,304.4,157.3,19.3,106.4,0.174
773,-1,518.6,68.5,41.7,227.7,0.158
773,-1,499.6,209.8,15.1,30.5,0.114
773,-1,477.1,132.1,79.3,244.0,0.098
773,-1,451.7,138.7,47.1,96.1,0.094
773,-1,57.6,193.2,30.3,61.5,0.077
773,-1,517.5,32.1,60.3,116.9,0.074
773,-1,306.4,156.4,38.2,112.0,0.072
773,-1,526.7,108.1,106.4,242.4,0.067
773,-1,287.3,133.5,25.3,116.8,0.059
773,-1,312.2,131.4,66.3,201.3,0.058
773,-1,280.3,124.9,32.0,183.9,0.058
774,-1,224.2,84.7,86.4,291.9,0.999
774,-1,153.5,137.8,52.4,151.6,0.999
774,-1,330.9,87.6,105.6,300.0,0.999
774,-1,497.8,4.6,141.6,468.4,0.996
774,-1,68.1,147.5,50.7,138.1,0.994
774,-1,42.3,151.4,41.3,112.8,0.986
774,-1,491.0,21.1,99.3,345.2,0.954
774,-1,104.5,172.4,25.1,85.2,0.894
774,-1,555.1,0.7,84.5,381.9,0.800
774,-1,206.4,156.6,30.8,130.4,0.776
774,-1,209.7,164.8,23.3,74.3,0.565
774,-1,88.8,151.0,41.9,108.9,0.304
774,-1,307.9,169.5,29.0,102.1,0.232
774,-1,523.1,138.1,113.8,228.4,0.118
774,-1,462.6,143.6,41.8,82.7,0.115
774,-1,220.1,186.1,19.0,99.1,0.085
774,-1,537.5,177.6,68.5,165.9,0.080
774,-1,318.3,179.8,17.0,44.3,0.077
774,-1,592.7,136.2,47.3,257.7,0.059
774,-1,186.8,161.3,19.8,85.8,0.051
775,-1,219.4,85.0,91.2,281.7,0.999
775,-1,150.9,137.9,50.2,158.1,0.999
775,-1,330.0,93.4,103.9,289.3,0.998
775,-1,462.6,12.3,124.7,426.6,0.995
775,-1,526.4,0.0,113.6,480.0,0.993
775,-1,61.9,150.6,47.5,135.3,0.991
775,-1,87.4,160.4,40.6,101.8,0.960
775,-1,40.2,153.6,45.7,116.6,0.882
775,-1,211.1,162.2,23.5,83.3,0.471
775,-1,212.6,119.5,30.2,138.7,0.361
775,-1,40.3,187.7,27.5,75.1,0.220
775,-1,103.3,172.1,24.6,83.9,0.193
775,-1,319.7,181.5,16.7,47.9,0.181
775,-1,566.0,1.7,73.7,290.9,0.144
775,-1,458.5,215.5,72.6,222.7,0.127
775,-1,537.0,142.2,100.7,217.1,0.104
775,-1,484.8,37.9,97.7,260.4,0.104
775,-1,51.9,156.2,28.9,88.4,0.102
775,-1,309.9,130.9,65.2,200.0,0.058
775,-1,83.2,156.9,27.5,93.8,0.055
776,-1,143.2,139.7,55.2,161.3,0.999
776,-1,215.5,86.6,98.0,282.9,0.999
776,-1,335.5,91.7,100.4,303.1,0.998
776,-1,457.7,16.9,157.2,445.7,0.997
776,-1,38.9,152.5,55.4,137.4,0.994
776,-1,84.4,161.4,43.1,103.7,0.984
776,-1,522.4,0.2,117.6,442.6,0.839
776,-1,210.0,157.5,32.5,139.4,0.637
776,-1,411.1,54.3,152.7,377.9,0.395
776,-1,315.9,179.0,19.5,65.1,0.281
776,-1,211.6,160.2,20.6,80.1,0.243
776,-1,308.6,205.1,54.3,122.3,0.205
776,-1,563.6,3.1,75.8,306.2,0.204
776,-1,453.4,24.3,125.3,279.5,0.190
776,-1,179.6,160.5,20.0,86.6,0.179
776,-1,409.6,215.7,123.1,212.5,0.166
776,-1,81.9,172.6,21.9,90.8,0.123
776,-1,221.6,215.9,23.8,82.5,0.099
776,-1,31.2,169.6,25.6,70.7,0.076
776,-1,215.0,161.7,16.4,44.2,0.065
777,-1,211.6,89.3,102.5,282.9,0.999
777,-1,335.0,97.3,97.8,297.3,0.999
777,-1,137.0,137.0,62.6,169.7,0.998
777,-1,433.1,20.5,171.6,433.5,0.998
777,-1,36.6,153.3,49.2,136.5,0.996
777,-1,88.2,161.1,38.2,103.3,0.987
777,-1,521.3,2.2,118.7,477.8,0.933
777,-1,208.5,154.3,37.7,150.0,0.929
777,-1,80.2,167.9,18.0,91.6,0.848
777,-1,315.8,180.5,19.3,64.2,0.465
777,-1,28.9,162.6,31.6,80.8,0.304
777,-1,175.6,186.1,22.7,62.1,0.225
777,-1,209.6,157.6,23.8,92.2,0.149
777,-1,215.0,216.4,31.2,87.5,0.137
777,-1,51.7,154.9,52.4,125.8,0.128
777,-1,307.2,224.0,53.2,105.5,0.118
777,-1,526.8,153.6,105.4,190.2,0.080
777,-1,84.7,177.2,14.7,57.3,0.069
777,-1,35.1,161.3,29.1,56.4,0.054
777,-1,403.2,200.0,142.6,235.7,0.050
778,-1,205.3,98.0,115.9,281.9,0.999
778,-1,130.5,134.6,68.1,177.1,0.998
778,-1,28.6,153.4,55.7,138.3,0.998
778,-1,408.6,25.6,146.4,422.6,0.998
778,-1,339.4,99.5,96.5,292.6,0.998
778,-1,511.6,2.7,128.4,475.2,0.984
778,-1,96.4,166.2,33.0,101.0,0.980
778,-1,204.1,145.5,44.3,167.7,0.947
778,-1,71.8,160.9,19.1,102.2,0.912
778,-1,508.8,31.9,59.0,153.1,0.826
778,-1,83.2,176.2,17.1,82.4,0.764
778,-1,509.5,33.7,62.0,319.1,0.436
778,-1,467.5,33.0,94.4,306.7,0.395
778,-1,214.0,140.9,24.5,78.9,0.369
778,-1,318.1,181.9,17.9,65.0,0.304
778,-1,80.4,163.3,38.6,101.5,0.293
778,-1,514.3,29.0,54.4,89.3,0.226
778,-1,543.5,0.0,95.8,262.2,0.203
778,-1,308.9,206.5,54.9,117.5,0.168
778,-1,208.1,136.3,30.7,128.5,0.151
778,-1,216.7,156.0,18.3,51.4,0.134
778,-1,478.7,25.3,38.3,52.5,0.131
778,-1,88.2,179.3,11.3,40.6,0.115
778,-1,191.6,184.0,16.1,53.2,0.076
778,-1,208.0,222.9,40.6,88.3,0.068
778,-1,74.5,160.5,15.1,50.7,0.064
778,-1,173.1,157.1,24.2,92.7,0.059
778,-1,462.6,28.8,73.0,121.9,0.056
778,-1,192.0,202.7,8.8,33.0,0.055
778,-1,190.5,182.8,9.8,51.5,0.051
778,-1,464.0,28.4,53.2,80.1,0.051
779,-1,212.8,110.1,117.4,271.8,0.999
779,-1,131.8,134.0,66.6,182.1,0.998
779,-1,411.5,22.9,137.6,446.9,0.998
779,-1,24.4,155.0,59.7,142.5,0.998
779,-1,212.3,137.6,40.6,180.5,0.996
779,-1,510.3,1.1,129.7,478.1,0.995
779,-1,350.9,101.1,83.9,256.2,0.992
779,-1,105.2,168.7,30.9,100.5,0.988
779,-1,73.6,161.1,25.0,106.4,0.979
779,-1,513.1,27.4,48.5,89.2,0.849
779,-1,197.3,198.9,12.5,40.7,0.689
779,-1,321.2,231.8,51.6,95.8,0.629
779,-1,218.7,137.7,32.9,94.2,0.573
779,-1,510.4,32.0,52.5,160.9,0.249
779,-1,345.8,76.6,137.0,364.1,0.168
779,-1,209.6,225.7,45.4,94.0,0.116
779,-1,325.2,185.6,19.8,62.5,0.116
779,-1,504.6,26.6,62.0,356.4,0.096
779,-1,48.1,158.4,48.3,128.3,0.091
779,-1,529.2,0.0,109.2,266.7,0.060
779,-1,425.5,30.5,122.4,242.9,0.054
779,-1,86.1,170.6,22.3,93.9,0.052
779,-1,90.2,213.4,20.3,51.6,0.051
780,-1,131.4,130.0,68.2,187.2,0.999
780,-1,221.0,109.0,109.9,270.8,0.999
780,-1,504.8,0.9,135.2,478.5,0.998
780,-1,215.6,135.1,44.1,188.9,0.998
780,-1,20.3,157.7,61.4,138.6,0.997
780,-1,412.1,15.2,125.7,456.9,0.994
780,-1,73.6,158.6,31.9,114.8,0.991
780,-1,108.0,168.2,33.4,101.0,0.986
780,-1,348.9,102.2,91.1,244.0,0.974
780,-1,199.6,198.5,13.5,40.9,0.879
780,-1,508.9,24.5,54.0,91.2,0.859
780,-1,219.4,136.5,32.1,104.6,0.663
780,-1,491.3,20.5,73.3,398.0,0.392
780,-1,327.3,185.1,17.7,62.6,0.331
780,-1,95.1,165.5,37.0,106.3,0.220
780,-1,360.2,78.2,145.5,388.7,0.219
780,-1,320.9,182.6,56.1,142.8,0.097
780,-1,494.3,26.6,70.0,180.2,0.079
780,-1,180.1,163.8,21.5,88.8,0.067
780,-1,311.8,173.3,31.1,120.0,0.061
780,-1,212.7,231.7,46.5,89.6,0.060
780,-1,215.7,0.4,406.1,476.9,0.058
780,-1,323.6,161.7,33.4,90.9,0.055
781,-1,238.9,103.3,88.8,268.7,0.999
781,-1,123.9,126.1,71.0,195.5,0.999
781,-1,212.1,132.3,49.6,197.1,0.999
781,-1,13.4,156.0,65.6,140.2,0.999
781,-1,471.6,0.0,167.6,480.0,0.996
781,-1,394.2,11.8,129.9,465.5,0.994
781,-1,68.5,155.3,43.0,120.0,0.993
781,-1,109.3,166.1,28.2,103.8,0.982
781,-1,349.4,95.1,91.9,346.7,0.974
781,-1,351.7,98.9,80.0,199.0,0.788
781,-1,200.7,197.1,13.6,41.6,0.713
781,-1,504.3,21.7,46.6,79.3,0.479
781,-1,219.1,117.0,75.9,232.7,0.451
781,-1,470.1,8.2,94.5,382.6,0.339
781,-1,177.7,185.2,24.1,66.7,0.171
781,-1,370.7,213.5,73.9,238.9,0.106
781,-1,174.1,150.6,33.0,104.8,0.060
781,-1,323.4,174.3,22.3,74.2,0.050
782,-1,246.0,104.2,83.7,259.4,0.999
782,-1,113.8,125.9,81.1,200.5,0.999
782,-1,204.4,125.4,55.3,205.9,0.998
782,-1,456.5,4.9,178.7,473.3,0.997
782,-1,9.6,153.5,63.2,144.0,0.996
782,-1,70.9,156.7,45.1,118.3,0.994
782,-1,380.8,22.3,134.3,444.1,0.985
782,-1,345.2,101.8,90.4,322.1,0.967
782,-1,112.0,166.5,21.1,103.3,0.927
782,-1,351.6,107.2,75.6,185.4,0.735
782,-1,430.4,10.1,127.6,463.2,0.670
782,-1,508.4,28.9,32.5,67.2,0.484
782,-1,349.7,169.0,23.0,64.2,0.357
782,-1,447.6,29.8,100.6,276.9,0.318
782,-1,493.6,29.4,47.5,96.3,0.315
782,-1,323.8,171.9,23.7,79.1,0.164
782,-1,386.8,28.7,111.1,258.2,0.101
782,-1,0.0,189.5,12.9,54.0,0.084
782,-1,338.5,168.2,36.8,80.6,0.077
782,-1,481.0,13.8,94.8,385.8,0.071
782,-1,70.3,170.9,13.1,25.1,0.067
782,-1,351.3,63.7,116.5,252.6,0.058
782,-1,33.4,157.9,32.6,84.8,0.057
783,-1,203.6,123.3,54.2,209.9,0.999
783,-1,253.8,103.5,76.6,258.5,0.999
783,-1,108.6,123.8,83.5,211.8,0.998
783,-1,7.4,150.9,55.5,147.0,0.995
783,-1,72.8,157.3,43.5,119.1,0.994
783,-1,350.4,19.7,166.0,448.0,0.987
783,-1,459.1,9.4,179.6,468.6,0.950
783,-1,338.8,113.6,79.3,311.6,0.907
783,-1,346.8,107.7,73.7,165.4,0.772
783,-1,350.0,168.8,24.3,66.6,0.621
783,-1,328.7,189.4,17.0,50.3,0.500
783,-1,388.1,30.5,102.2,332.2,0.228
783,-1,346.6,153.1,51.0,90.9,0.198
783,-1,331.4,164.9,54.2,161.0,0.115
783,-1,0.0,148.3,1.8,164.6,0.107
783,-1,63.8,175.6,25.4,90.2,0.098
783,-1,61.7,170.2,23.8,60.0,0.088
783,-1,456.2,7.2,149.0,272.7,0.079
783,-1,335.0,165.1,44.0,88.0,0.076
783,-1,0.0,162.6,10.6,113.8,0.074
784,-1,107.1,122.4,75.4,223.3,0.999
784,-1,255.0,107.2,78.4,254.6,0.999
784,-1,190.1,122.4,70.0,216.1,0.999
784,-1,349.2,30.2,163.2,447.7,0.998
784,-1,75.5,159.9,40.0,120.0,0.992
784,-1,2.9,155.2,49.7,146.3,0.992
784,-1,464.3,0.0,175.7,445.5,0.970
784,-1,331.5,152.7,68.0,233.4,0.679
784,-1,66.3,175.8,17.8,72.2,0.603
784,-1,548.1,15.2,91.9,456.6,0.578
784,-1,36.7,174.8,25.9,95.1,0.558
784,-1,49.7,173.6,23.1,66.6,0.340
784,-1,352.4,169.5,24.2,71.6,0.273
784,-1,350.7,153.8,46.8,97.2,0.200
784,-1,59.4,172.5,21.5,61.7,0.140
784,-1,23.2,162.1,34.1,111.6,0.132
784,-1,67.3,173.5,14.9,41.6,0.095
784,-1,0.0,151.4,1.9,167.9,0.081
784,-1,372.6,36.5,116.9,309.1,0.075
784,-1,47.1,176.0,16.1,54.8,0.074
784,-1,68.5,172.3,26.0,99.4,0.069
784,-1,0.0,168.2,11.7,105.7,0.066
784,-1,0.0,169.7,4.4,95.5,0.062
784,-1,0.1,178.1,2.3,83.4,0.060
785,-1,182.0,117.4,75.7,229.1,0.999
785,-1,255.0,108.1,75.9,257.8,0.999
785,-1,346.9,39.5,144.2,436.5,0.999
785,-1,91.0,116.4,83.7,230.8,0.999
785,-1,462.0,1.4,171.7,454.9,0.986
785,-1,0.7,154.2,41.4,148.2,0.985
785,-1,328.3,190.2,16.2,52.2,0.899
785,-1,348.5,171.4,22.5,72.6,0.894
785,-1,27.9,172.6,28.7,100.5,0.837
785,-1,59.3,172.1,22.5,87.3,0.822
785,-1,72.8,157.3,38.9,121.1,0.763
785,-1,548.5,29.0,91.5,443.7,0.588
785,-1,0.0,166.8,4.8,78.0,0.312
785,-1,335.7,172.7,37.3,141.8,0.253
785,-1,44.4,170.4,33.2,102.0,0.220
785,-1,332.3,176.6,76.6,261.9,0.195
785,-1,0.0,140.1,2.3,160.3,0.180
785,-1,35.6,173.2,22.1,61.1,0.171
785,-1,77.9,159.4,27.3,76.9,0.132
785,-1,60.8,172.3,15.9,61.1,0.101
785,-1,331.2,185.8,20.7,61.3,0.093
785,-1,45.4,172.2,21.9,66.8,0.092
785,-1,450.6,194.9,51.3,182.3,0.084
785,-1,70.7,129.4,59.1,159.4,0.076
785,-1,13.4,163.4,49.4,120.0,0.075
785,-1,0.0,141.6,9.0,157.4,0.073
786,-1,164.8,113.3,82.6,246.0,0.999
786,-1,249.9,115.1,80.0,251.3,0.999
786,-1,341.8,29.6,130.7,430.2,0.999
786,-1,69.8,109.0,92.1,239.2,0.999
786,-1,477.1,0.3,162.9,430.6,0.993
786,-1,54.0,171.9,23.4,99.8,0.980
786,-1,0.0,159.4,23.1,143.5,0.965
786,-1,16.2,175.3,28.2,98.3,0.918
786,-1,324.6,190.1,15.0,54.0,0.837
786,-1,33.5,170.7,40.3,101.8,0.675
786,-1,447.7,28.6,84.9,386.2,0.619
786,-1,343.7,170.1,21.7,71.6,0.507
786,-1,455.7,21.2,85.0,216.8,0.462
786,-1,470.5,25.7,64.9,123.8,0.454
786,-1,486.8,23.9,47.0,68.2,0.297
786,-1,122.8,129.6,43.0,143.4,0.277
786,-1,20.2,173.4,25.6,58.2,0.232
786,-1,0.3,157.4,24.8,55.1,0.211
786,-1,336.1,167.8,31.3,120.8,0.194
786,-1,0.0,135.1,2.5,92.7,0.154
786,-1,428.8,62.1,67.1,337.1,0.117
786,-1,29.2,172.5,24.7,65.2,0.095
786,-1,5.6,169.9,27.2,112.2,0.074
786,-1,50.1,170.4,25.5,59.7,0.068
786,-1,463.8,55.2,115.4,335.6,0.057
786,-1,249.7,197.7,14.8,47.4,0.054
786,-1,25.6,169.8,20.6,21.3,0.051
787,-1,150.8,114.1,94.1,250.0,0.999
787,-1,250.5,118.2,76.9,250.1,0.999
787,-1,53.0,106.4,99.4,243.3,0.999
787,-1,339.2,28.5,121.3,428.2,0.999
787,-1,477.7,3.7,158.7,454.3,0.982
787,-1,8.8,173.0,32.6,102.6,0.975
787,-1,0.0,154.6,14.3,149.2,0.964
787,-1,451.3,18.9,114.2,416.8,0.964
787,-1,450.8,32.6,82.2,246.5,0.920
787,-1,42.1,170.9,23.0,65.6,0.555
787,-1,244.7,199.3,18.8,49.8,0.402
787,-1,470.4,26.2,65.5,104.5,0.354
787,-1,43.1,168.3,31.9,105.8,0.290
787,-1,323.3,190.1,15.6,55.5,0.273
787,-1,117.6,135.2,43.1,140.2,0.240
787,-1,554.3,68.7,85.7,406.1,0.207
787,-1,0.0,158.5,14.7,42.8,0.093
787,-1,0.0,180.3,8.0,118.8,0.086
787,-1,126.2,179.9,26.9,95.4,0.079
787,-1,0.1,159.6,10.0,102.9,0.052
788,-1,137.9,107.0,97.3,274.4,1.000
788,-1,330.0,35.8,120.0,428.9,0.999
788,-1,250.1,116.5,76.2,249.0,0.998
788,-1,39.4,100.5,99.8,264.0,0.998
788,-1,499.2,1.6,140.8,478.4,0.996
788,-1,445.1,18.1,106.3,429.0,0.989
788,-1,0.8,173.3,34.0,104.8,0.962
788,-1,35.2,161.8,30.6,114.7,0.742
788,-1,226.9,189.6,17.9,77.2,0.709
788,-1,243.4,200.6,14.4,49.7,0.703
788,-1,106.0,124.6,41.1,150.6,0.630
788,-1,0.0,171.4,10.4,110.5,0.582
788,-1,0.2,176.8,5.4,103.9,0.358
788,-1,4.8,171.8,29.7,58.2,0.339
788,-1,28.1,166.9,24.6,68.2,0.309
788,-1,446.5,26.6,85.7,263.3,0.300
788,-1,0.0,150.8,2.8,126.2,0.165
788,-1,233.0,196.8,22.6,56.4,0.161
788,-1,537.6,154.7,102.4,321.1,0.160
788,-1,9.9,176.4,42.6,100.8,0.153
788,-1,33.5,167.4,18.6,29.5,0.140
788,-1,9.5,169.6,23.3,24.1,0.083
788,-1,0.0,181.7,11.2,51.5,0.078
788,-1,29.8,167.5,14.9,29.0,0.075
788,-1,331.8,143.4,21.7,75.5,0.071
788,-1,116.5,174.4,30.7,101.6,0.064
788,-1,230.6,197.4,16.6,47.9,0.062
788,-1,471.6,26.4,60.0,90.2,0.059
788,-1,30.5,168.2,17.5,44.9,0.059
788,-1,417.6,66.2,83.3,344.8,0.055
788,-1,4.5,182.8,20.1,38.8,0.055
788,-1,335.9,142.4,16.2,35.9,0.051
789,-1,18.7,99.4,106.4,275.6,0.999
789,-1,126.3,99.6,91.5,287.4,0.999
789,-1,250.4,117.1,73.7,237.8,0.999
789,-1,318.2,41.7,121.0,423.8,0.997
789,-1,498.8,2.2,141.2,477.8,0.995
789,-1,433.0,23.2,109.8,430.8,0.985
789,-1,216.0,188.2,22.0,83.4,0.981
789,-1,0.0,182.2,18.2,97.4,0.915
789,-1,236.9,197.8,15.1,54.1,0.889
789,-1,97.7,178.9,40.9,101.1,0.820
789,-1,27.1,209.9,25.3,70.8,0.559
789,-1,341.5,40.2,178.6,430.3,0.488
789,-1,18.3,135.9,37.7,146.6,0.483
789,-1,87.1,122.1,49.5,158.2,0.100
789,-1,0.0,183.8,5.9,97.5,0.064
789,-1,442.3,30.2,90.4,249.3,0.061
790,-1,496.3,0.7,143.7,477.2,1.000
790,-1,113.2,95.9,90.6,298.2,0.999
790,-1,239.0,121.1,81.1,232.6,0.999
790,-1,0.3,96.5,111.1,302.4,0.998
790,-1,306.9,48.2,209.4,431.8,0.997
790,-1,201.9,191.1,34.9,86.9,0.992
790,-1,429.2,31.1,110.8,437.3,0.991
790,-1,227.5,200.9,17.8,55.9,0.852
790,-1,91.6,171.9,36.3,112.2,0.685
790,-1,4.9,154.3,38.7,134.6,0.439
790,-1,0.0,170.3,4.1,115.9,0.325
790,-1,0.0,143.4,8.8,168.1,0.271
790,-1,229.3,196.6,14.5,37.6,0.234
790,-1,308.0,55.4,123.7,354.2,0.205
790,-1,109.2,173.0,19.8,94.3,0.204
790,-1,0.0,166.8,2.2,152.0,0.188
790,-1,0.0,136.2,5.7,280.9,0.169
790,-1,0.0,125.2,19.2,179.2,0.092
790,-1,435.7,45.3,98.5,218.0,0.091
790,-1,107.7,171.8,18.9,34.9,0.074
790,-1,0.0,76.5,6.9,207.2,0.052
791,-1,493.5,1.0,146.5,478.9,1.000
791,-1,104.4,84.2,90.8,318.8,0.999
791,-1,1.3,89.7,100.0,325.8,0.998
791,-1,232.4,120.8,85.1,230.9,0.998
791,-1,297.8,51.4,205.1,424.8,0.997
791,-1,430.7,38.3,108.6,432.6,0.995
791,-1,198.3,192.7,27.6,86.9,0.985
791,-1,243.6,223.7,11.6,43.8,0.722
791,-1,223.1,199.5,15.9,59.8,0.682
791,-1,79.0,166.5,35.2,119.5,0.366
791,-1,228.2,205.7,23.5,58.8,0.343
791,-1,34.7,84.4,104.0,327.5,0.295
791,-1,95.2,173.5,19.6,87.1,0.216
791,-1,230.1,218.9,15.0,44.1,0.210
791,-1,225.9,199.5,12.4,28.5,0.141
791,-1,0.0,93.8,19.1,243.3,0.125
791,-1,544.3,121.0,95.7,355.3,0.114
791,-1,207.5,195.3,30.0,76.1,0.111
791,-1,0.0,135.9,2.2,163.3,0.110
791,-1,0.0,105.0,8.9,195.7,0.090
791,-1,224.5,198.8,13.9,15.6,0.069
791,-1,102.5,172.5,13.5,28.9,0.068
791,-1,0.2,113.1,5.3,307.9,0.056
792,-1,0.1,79.7,79.4,350.8,1.000
792,-1,78.2,82.0,106.5,338.3,0.999
792,-1,300.2,61.3,205.8,413.6,0.998
792,-1,496.4,2.6,143.6,476.9,0.998
792,-1,223.6,129.8,89.9,226.3,0.997
792,-1,425.6,46.9,110.6,424.9,0.996
792,-1,191.3,194.1,36.9,88.0,0.994
792,-1,176.4,202.5,15.4,72.9,0.784
792,-1,238.6,215.7,16.7,54.9,0.727
792,-1,218.0,201.0,20.2,63.6,0.620
792,-1,181.9,207.3,11.0,42.8,0.554
792,-1,222.1,209.5,32.3,60.2,0.286
792,-1,177.2,201.5,8.2,43.7,0.239
792,-1,367.6,61.9,32.3,46.8,0.193
792,-1,512.4,0.0,126.6,227.5,0.155
792,-1,220.3,201.0,13.6,46.8,0.148
792,-1,190.2,211.5,14.2,39.0,0.128
792,-1,186.3,211.9,12.5,43.2,0.117
792,-1,220.4,199.0,14.4,21.5,0.101
792,-1,44.4,212.8,50.3,82.3,0.060
792,-1,429.6,51.6,101.2,184.1,0.054
793,-1,0.4,59.6,63.2,364.2,0.999
793,-1,494.8,0.5,145.2,479.4,0.999
793,-1,16.1,66.7,154.2,369.4,0.999
793,-1,295.7,57.3,206.5,404.8,0.998
793,-1,423.9,39.9,114.5,417.3,0.997
793,-1,214.8,129.3,92.1,235.0,0.996
793,-1,183.2,190.4,41.2,89.8,0.996
793,-1,162.3,182.6,22.3,91.2,0.930
793,-1,178.5,207.1,12.5,43.0,0.550
793,-1,215.0,197.6,17.1,46.7,0.463
793,-1,214.2,199.5,35.9,67.4,0.402
793,-1,237.8,221.0,13.6,46.5,0.383
793,-1,217.6,195.5,13.7,29.3,0.290
793,-1,164.1,182.6,12.5,61.4,0.230
793,-1,218.6,202.2,12.3,9.8,0.143
793,-1,182.2,201.0,17.4,53.4,0.092
793,-1,164.8,184.7,36.5,92.9,0.091
793,-1,202.4,194.8,27.7,73.9,0.060
793,-1,217.9,194.3,11.5,16.8,0.059
793,-1,34.3,185.0,44.8,108.9,0.053
794,-1,282.3,50.1,217.2,383.7,0.999
794,-1,0.0,52.8,153.6,387.9,0.999
794,-1,206.8,123.7,97.4,230.9,0.998
794,-1,415.4,28.2,125.9,407.5,0.998
794,-1,181.5,179.6,36.9,91.9,0.996
794,-1,518.6,0.0,120.6,480.0,0.993
794,-1,0.0,46.9,49.0,386.3,0.992
794,-1,148.1,171.1,27.7,94.5,0.981
794,-1,208.2,193.2,39.1,65.6,0.694
794,-1,174.0,203.5,11.9,36.9,0.649
794,-1,208.7,185.9,18.1,53.8,0.455
794,-1,456.8,11.7,137.8,443.5,0.228
794,-1,233.2,209.8,16.4,48.6,0.200
794,-1,212.7,188.1,13.5,31.4,0.153
794,-1,204.6,192.9,16.3,51.3,0.087
794,-1,176.9,188.1,18.4,54.4,0.084
794,-1,47.9,48.2,106.0,257.2,0.078
795,-1,0.2,35.8,126.6,438.5,0.999
795,-1,283.8,53.8,212.1,394.4,0.999
795,-1,417.2,31.7,118.2,405.3,0.999
795,-1,218.2,124.7,80.7,220.8,0.998
795,-1,175.8,181.1,37.0,95.5,0.996
795,-1,127.2,171.5,34.8,98.2,0.995
795,-1,513.6,1.9,126.4,472.0,0.986
795,-1,213.6,197.8,26.4,65.0,0.804
795,-1,208.7,196.1,19.6,59.4,0.599
795,-1,203.9,187.3,16.2,65.0,0.511
795,-1,0.1,36.7,23.4,436.5,0.472
795,-1,0.1,103.1,19.2,145.9,0.237
795,-1,169.7,194.4,18.6,49.3,0.232
795,-1,353.8,60.1,32.6,38.0,0.172
795,-1,206.7,187.1,12.6,28.9,0.168
795,-1,122.1,181.0,11.9,31.2,0.143
795,-1,0.1,111.7,11.8,174.1,0.105
795,-1,126.9,179.9,7.3,18.9,0.100
795,-1,125.9,175.7,21.2,86.7,0.090
795,-1,524.9,162.4,43.9,101.7,0.082
795,-1,169.1,202.7,12.1,40.0,0.074
795,-1,0.0,93.8,4.8,383.0,0.058
796,-1,288.5,65.4,203.2,390.3,0.999
796,-1,220.6,128.0,78.4,222.4,0.999
796,-1,416.0,37.2,118.4,411.3,0.999
796,-1,0.1,12.4,110.1,444.2,0.998
796,-1,172.5,185.2,39.2,94.7,0.997
796,-1,122.3,175.1,39.5,99.5,0.995
796,-1,523.3,1.5,116.7,473.8,0.984
796,-1,201.4,190.8,16.7,65.5,0.727
796,-1,104.6,174.9,23.5,61.9,0.664
796,-1,121.1,181.4,16.7,82.8,0.567
796,-1,205.4,191.6,11.5,24.8,0.442
796,-1,207.0,195.5,16.8,51.4,0.227
796,-1,0.0,42.9,19.2,428.3,0.189
796,-1,205.8,191.1,9.1,16.2,0.176
796,-1,126.4,184.7,7.6,11.2,0.173
796,-1,211.8,205.9,14.4,42.6,0.087
796,-1,122.4,184.7,12.4,41.9,0.078
796,-1,104.7,192.9,16.0,43.9,0.062
796,-1,172.2,189.3,19.7,56.0,0.059
797,-1,222.3,120.5,71.4,226.8,0.999
797,-1,279.7,61.2,205.4,395.8,0.999
797,-1,411.9,32.9,119.8,413.1,0.998
797,-1,533.5,1.1,106.5,478.9,0.998
797,-1,168.1,179.4,35.3,97.6,0.996
797,-1,0.3,8.8,83.5,394.3,0.988
797,-1,114.2,171.7,42.0,99.1,0.982
797,-1,72.9,163.5,29.5,115.7,0.977
797,-1,192.2,184.5,20.9,69.4,0.946
797,-1,216.1,189.1,16.7,72.5,0.392
797,-1,145.3,196.5,13.3,32.6,0.132
797,-1,111.6,175.5,18.4,53.3,0.116
797,-1,290.9,86.4,28.1,79.9,0.064
797,-1,141.1,174.8,17.9,58.3,0.062
797,-1,198.7,185.1,13.2,27.8,0.057
797,-1,542.7,0.0,95.7,266.4,0.053
797,-1,79.7,163.6,18.6,37.2,0.051
797,-1,221.0,187.8,9.7,37.0,0.050
798,-1,275.6,66.4,204.9,397.7,0.999
798,-1,409.3,34.6,120.3,418.0,0.998
798,-1,165.5,179.8,38.9,99.3,0.998
798,-1,227.0,119.4,68.1,230.4,0.998
798,-1,69.5,161.6,33.2,121.5,0.997
798,-1,511.2,2.6,128.7,473.8,0.996
798,-1,109.7,168.6,42.5,106.1,0.989
798,-1,0.1,7.5,55.3,365.9,0.987
798,-1,217.6,188.5,19.8,75.5,0.939
798,-1,194.5,185.5,18.3,69.4,0.816
798,-1,42.0,164.3,33.6,120.3,0.620
798,-1,132.4,190.1,26.2,75.9,0.229
798,-1,0.4,3.1,91.7,467.5,0.194
798,-1,209.2,194.5,18.9,48.4,0.130
798,-1,209.5,204.2,13.0,34.9,0.074
798,-1,197.3,185.8,12.5,21.4,0.068
798,-1,197.9,185.3,30.7,75.1,0.064
799,-1,226.5,119.7,65.3,229.5,0.999
799,-1,276.1,67.7,201.9,401.0,0.999
799,-1,66.4,161.0,35.4,122.6,0.998
799,-1,162.3,177.6,39.6,103.0,0.998
799,-1,408.6,35.0,115.0,406.2,0.998
799,-1,482.3,10.3,157.1,464.6,0.998
799,-1,27.8,149.0,40.7,133.8,0.995
799,-1,105.3,168.1,43.5,108.5,0.990
799,-1,208.9,190.2,26.3,74.9,0.962
799,-1,193.2,185.4,18.5,67.0,0.761
799,-1,0.1,15.7,29.6,449.4,0.614
799,-1,122.9,179.9,30.8,89.6,0.311
799,-1,0.0,43.8,21.6,299.7,0.306
799,-1,370.1,127.8,58.6,243.3,0.189
799,-1,0.0,170.3,12.7,134.6,0.173
799,-1,0.4,28.1,58.5,445.7,0.164
799,-1,189.7,192.2,14.1,62.8,0.109
799,-1,0.1,66.0,13.3,230.1,0.108
799,-1,45.3,156.4,48.4,127.5,0.105
799,-1,199.9,219.3,11.2,38.0,0.063
799,-1,344.9,94.8,104.4,290.4,0.058
799,-1,373.6,103.7,38.5,211.0,0.054
799,-1,204.1,189.9,14.3,55.2,0.053
800,-1,223.1,124.0,62.9,222.6,0.999
800,-1,272.6,42.8,199.2,410.1,0.999
800,-1,23.5,144.4,43.6,141.3,0.999
800,-1,61.1,152.6,35.3,129.9,0.998
800,-1,408.1,31.5,105.2,380.1,0.998
800,-1,457.0,1.7,182.4,473.2,0.997
800,-1,156.1,172.4,42.0,104.1,0.996
800,-1,98.1,163.4,46.2,108.2,0.994
800,-1,207.8,180.9,25.1,82.3,0.978
800,-1,190.2,181.8,16.7,61.8,0.716
800,-1,363.1,98.9,38.1,274.6,0.214
800,-1,0.0,140.3,12.9,338.0,0.205
800,-1,182.9,183.9,20.0,65.4,0.189
800,-1,451.3,53.9,97.7,392.3,0.127
800,-1,195.3,183.7,16.8,53.6,0.118
800,-1,199.3,185.3,25.1,73.1,0.103
800,-1,115.5,183.3,30.7,78.1,0.095
800,-1,0.0,334.0,11.1,145.1,0.054
801,-1,271.2,58.9,199.1,378.1,0.999
801,-1,227.3,127.3,56.7,229.5,0.999
801,-1,57.2,157.8,37.8,128.5,0.999
801,-1,404.0,34.1,123.5,421.2,0.997
801,-1,152.3,175.8,46.0,105.5,0.997
801,-1,201.7,186.0,30.3,80.7,0.996
801,-1,21.7,147.1,41.9,141.5,0.996
801,-1,449.9,4.2,190.1,473.2,0.996
801,-1,93.0,165.1,35.0,112.3,0.993
801,-1,188.2,187.4,16.9,69.6,0.820
801,-1,128.6,192.5,20.5,70.3,0.477
801,-1,357.7,69.4,39.1,312.6,0.421
801,-1,402.1,38.0,94.9,235.0,0.375
801,-1,348.6,77.7,92.3,308.3,0.190
801,-1,37.6,153.2,46.8,131.6,0.171
801,-1,135.8,201.0,12.4,39.1,0.125
801,-1,110.2,179.7,38.0,87.3,0.085
801,-1,193.2,189.7,21.5,67.8,0.080
801,-1,352.7,62.9,20.0,42.7,0.060
802,-1,274.1,54.8,201.0,379.4,0.999
802,-1,228.2,130.7,59.8,223.4,0.998
802,-1,56.4,158.9,36.7,126.6,0.997
802,-1,401.7,33.2,130.9,402.5,0.997
802,-1,456.6,2.1,182.0,473.9,0.997
802,-1,20.2,146.4,36.6,141.3,0.995
802,-1,200.4,187.8,33.5,81.7,0.994
802,-1,149.4,175.2,49.9,108.8,0.994
802,-1,87.5,163.8,31.8,115.7,0.991
802,-1,402.6,33.6,94.7,275.3,0.324
802,-1,287.7,59.8,47.9,98.5,0.260
802,-1,364.7,90.8,40.1,274.9,0.240
802,-1,188.8,192.2,15.0,62.4,0.222
802,-1,404.6,32.7,93.5,135.8,0.131
802,-1,28.5,150.9,51.4,137.3,0.113
802,-1,136.1,199.1,10.7,52.7,0.096
802,-1,113.4,179.3,34.9,85.0,0.080
802,-1,541.7,40.2,98.3,437.3,0.076
802,-1,273.6,60.0,92.4,353.5,0.053
802,-1,358.8,98.2,113.8,252.4,0.050
803,-1,268.1,52.7,206.9,391.1,0.998
803,-1,230.1,133.4,56.7,192.6,0.998
803,-1,200.8,189.1,32.3,83.4,0.998
803,-1,56.8,158.3,38.0,129.9,0.998
803,-1,18.1,148.2,40.7,144.5,0.996
803,-1,403.7,36.7,115.9,399.5,0.996
803,-1,459.3,0.0,178.4,479.6,0.996
803,-1,151.0,176.2,48.1,110.5,0.994
803,-1,85.9,165.1,31.8,115.9,0.974
803,-1,525.3,187.8,27.9,70.0,0.622
803,-1,187.0,191.8,16.9,66.7,0.283
803,-1,405.6,38.1,97.8,150.9,0.253
803,-1,553.6,36.2,86.0,439.8,0.213
803,-1,32.8,152.1,49.4,139.8,0.166
803,-1,288.1,39.5,53.6,94.4,0.142
803,-1,89.9,165.4,26.4,57.3,0.137
803,-1,109.2,170.1,36.6,97.3,0.095
803,-1,347.3,87.7,113.4,320.6,0.094
803,-1,136.6,202.2,10.7,43.4,0.060
803,-1,192.2,192.4,26.2,71.4,0.059
803,-1,152.4,189.0,18.4,64.0,0.055
804,-1,159.4,179.4,38.0,113.0,0.999
804,-1,278.1,57.9,208.9,394.2,0.999
804,-1,232.2,132.2,64.5,209.5,0.998
804,-1,63.4,160.3,39.6,133.4,0.998
804,-1,23.1,148.0,40.2,146.0,0.996
804,-1,411.4,28.2,109.2,421.6,0.995
804,-1,205.7,189.8,30.5,85.6,0.993
804,-1,475.5,2.4,164.5,476.9,0.989
804,-1,90.6,167.3,26.4,115.3,0.974
804,-1,562.4,0.0,77.6,476.3,0.740
804,-1,117.7,184.9,33.8,84.6,0.276
804,-1,413.8,37.9,98.3,167.3,0.248
804,-1,535.5,196.9,27.9,60.9,0.218
804,-1,188.4,200.4,22.5,64.3,0.212
804,-1,494.6,1.1,144.4,215.9,0.083
804,-1,141.3,205.6,12.2,38.1,0.076
804,-1,0.0,134.6,1.7,147.4,0.058
804,-1,364.0,161.7,42.9,205.9,0.052
804,-1,342.7,73.4,112.3,328.0,0.050
805,-1,284.1,59.0,217.9,400.3,0.999
805,-1,235.0,128.1,67.8,209.5,0.998
805,-1,420.5,28.7,115.6,422.5,0.998
805,-1,26.4,144.9,42.6,145.8,0.997
805,-1,65.9,157.6,38.2,128.4,0.997
805,-1,155.2,175.2,51.5,115.3,0.995
805,-1,207.5,184.6,29.5,88.5,0.994
805,-1,86.9,162.1,35.6,119.6,0.975
805,-1,495.1,0.2,141.6,423.2,0.962
805,-1,195.8,185.0,19.0,75.3,0.445
805,-1,605.5,135.3,34.5,249.8,0.399
805,-1,91.3,163.1,17.4,32.9,0.292
805,-1,145.4,206.0,11.2,35.0,0.276
805,-1,584.6,29.1,54.6,349.2,0.226
805,-1,196.2,185.2,16.1,18.2,0.223
805,-1,91.8,164.9,21.6,69.6,0.195
805,-1,512.8,1.3,123.0,214.9,0.114
805,-1,544.3,196.0,31.0,52.0,0.097
805,-1,421.4,33.7,109.8,194.4,0.095
805,-1,162.4,189.5,18.2,73.6,0.076
805,-1,185.1,189.2,22.3,70.6,0.052
806,-1,240.4,131.9,73.2,205.4,0.999
806,-1,429.0,29.2,122.9,433.2,0.998
806,-1,296.1,62.8,214.2,400.3,0.997
806,-1,70.2,159.0,55.8,130.5,0.997
806,-1,31.7,144.7,45.4,149.2,0.997
806,-1,162.4,176.1,48.8,116.8,0.997
806,-1,216.0,185.0,27.6,90.0,0.996
806,-1,511.9,1.8,128.1,336.1,0.918
806,-1,245.7,208.3,17.2,66.1,0.670
806,-1,99.3,179.6,28.0,102.9,0.531
806,-1,196.7,188.1,21.5,73.8,0.477
806,-1,517.4,122.7,117.9,170.1,0.189
806,-1,151.6,205.5,11.3,37.9,0.167
806,-1,384.4,66.6,21.5,48.4,0.118
806,-1,592.2,136.4,46.8,178.4,0.113
806,-1,554.7,200.1,26.7,55.8,0.107
806,-1,347.8,81.1,121.1,316.1,0.102
806,-1,308.9,85.8,25.3,47.2,0.079
806,-1,127.1,180.1,36.0,86.0,0.067
806,-1,387.4,76.3,61.2,281.7,0.054
807,-1,76.6,157.3,52.3,133.0,0.999
807,-1,304.7,59.0,223.0,411.5,0.999
807,-1,242.5,132.7,81.2,201.9,0.998
807,-1,441.4,38.5,126.9,423.2,0.998
807,-1,35.9,145.4,46.4,148.4,0.997
807,-1,217.4,185.7,28.7,90.1,0.997
807,-1,165.8,173.9,53.1,119.7,0.997
807,-1,538.4,33.9,99.7,262.2,0.941
807,-1,246.3,196.3,20.9,77.7,0.809
807,-1,56.4,148.2,49.5,143.7,0.642
807,-1,205.5,186.9,17.6,76.3,0.305
807,-1,499.2,28.8,120.6,354.8,0.292
807,-1,157.8,205.2,11.9,37.1,0.231
807,-1,561.9,123.3,27.7,51.3,0.079
807,-1,397.3,63.3,21.4,49.7,0.073
807,-1,169.2,194.1,19.3,57.4,0.066
807,-1,97.3,183.5,29.8,98.9,0.055
808,-1,78.5,153.9,50.1,135.6,0.999
808,-1,42.4,140.8,42.8,151.3,0.999
808,-1,249.7,133.7,80.9,195.3,0.998
808,-1,313.1,51.8,234.1,411.7,0.998
808,-1,451.5,33.0,129.6,425.6,0.997
808,-1,171.9,171.3,47.2,119.7,0.996
808,-1,222.0,182.6,27.4,91.1,0.996
808,-1,560.2,78.1,79.5,206.2,0.971
808,-1,247.6,195.1,21.9,76.3,0.916
808,-1,248.6,196.5,15.9,48.2,0.503
808,-1,205.3,185.0,18.9,75.3,0.351
808,-1,161.1,204.5,13.8,37.7,0.185
808,-1,551.2,91.4,35.0,156.2,0.183
808,-1,208.9,180.7,11.3,17.7,0.068
808,-1,174.1,188.7,18.4,58.4,0.060
808,-1,560.6,103.9,28.8,103.1,0.053
809,-1,55.3,142.4,40.7,153.6,0.998
809,-1,470.0,29.0,139.5,418.6,0.998
809,-1,264.8,138.7,78.2,206.9,0.998
809,-1,327.2,50.2,236.0,388.6,0.998
809,-1,184.5,172.2,48.5,122.6,0.998
809,-1,91.3,156.3,37.2,135.3,0.996
809,-1,232.2,186.3,27.8,90.1,0.994
809,-1,258.1,196.5,20.0,78.8,0.956
809,-1,174.9,203.9,12.7,38.1,0.448
809,-1,216.5,182.7,12.1,14.7,0.391
809,-1,214.0,189.6,22.6,68.6,0.105
809,-1,568.2,76.0,45.9,155.4,0.081
809,-1,596.3,208.1,26.2,55.0,0.053
810,-1,276.1,139.4,76.8,209.6,0.998
810,-1,63.3,147.0,40.6,153.3,0.998
810,-1,343.6,42.4,205.3,402.8,0.997
810,-1,98.5,159.4,36.2,136.0,0.997
810,-1,190.5,175.4,48.0,126.1,0.997
810,-1,476.1,26.2,149.6,417.5,0.997
810,-1,264.4,197.5,19.2,82.7,0.988
810,-1,238.6,186.6,29.4,93.7,0.987
810,-1,181.3,207.6,12.2,38.6,0.541
810,-1,218.2,186.0,22.8,79.7,0.440
810,-1,613.8,209.1,22.9,54.9,0.332
810,-1,223.6,185.1,10.4,13.8,0.318
810,-1,94.5,161.7,18.4,79.1,0.255
810,-1,95.3,160.4,15.4,29.7,0.189
810,-1,192.1,191.9,16.3,65.7,0.144
810,-1,110.9,161.7,17.3,37.1,0.130
810,-1,480.0,31.7,128.7,152.6,0.092
810,-1,145.7,202.8,12.5,33.1,0.092
810,-1,153.8,187.6,36.2,80.4,0.078
810,-1,93.8,160.6,14.3,54.7,0.074
810,-1,335.8,90.9,125.5,351.7,0.060
811,-1,283.3,133.0,72.3,208.7,0.998
811,-1,65.3,143.2,43.1,155.8,0.998
811,-1,186.8,171.7,55.7,129.3,0.998
811,-1,488.0,18.2,140.3,435.8,0.997
811,-1,100.5,153.8,38.2,140.5,0.997
811,-1,349.1,46.3,227.2,400.3,0.996
811,-1,239.0,182.7,33.1,96.5,0.995
811,-1,268.6,191.5,21.5,86.9,0.991
811,-1,225.5,181.2,14.5,16.8,0.609
811,-1,185.2,208.9,12.0,31.9,0.380
811,-1,343.3,134.9,33.0,137.5,0.276
811,-1,356.5,135.2,21.1,82.2,0.276
811,-1,217.1,179.3,48.8,109.0,0.183
811,-1,226.5,181.9,9.2,13.1,0.143
811,-1,597.5,71.4,37.1,172.1,0.116
811,-1,97.9,159.0,13.3,21.9,0.099
811,-1,93.8,156.8,18.7,82.7,0.089
811,-1,578.7,52.3,54.5,140.7,0.083
811,-1,152.5,198.5,12.8,32.5,0.058
811,-1,223.0,185.9,20.9,76.4,0.056
812,-1,291.5,131.1,70.1,209.9,0.999
812,-1,65.1,146.4,43.7,153.4,0.998
812,-1,494.1,15.4,138.9,444.7,0.998
812,-1,189.4,171.2,57.9,134.4,0.997
812,-1,102.5,157.0,36.3,138.2,0.997
812,-1,365.1,42.6,204.8,420.9,0.997
812,-1,241.6,180.7,32.1,99.6,0.993
812,-1,267.0,192.1,25.4,87.6,0.990
812,-1,226.8,179.3,16.9,19.4,0.845
812,-1,224.7,180.3,20.5,81.6,0.729
812,-1,227.3,180.5,16.6,38.1,0.209
812,-1,352.2,150.7,33.0,136.7,0.206
812,-1,614.0,80.0,25.9,165.7,0.203
812,-1,227.4,179.4,9.9,14.5,0.102
812,-1,361.6,177.8,18.7,65.8,0.093
812,-1,189.1,195.8,18.6,47.0,0.087
812,-1,360.0,139.1,25.9,101.1,0.077
812,-1,160.0,203.9,9.3,28.3,0.071
812,-1,290.0,217.9,12.7,49.1,0.070
812,-1,76.0,150.8,67.4,151.0,0.061
812,-1,496.9,70.5,41.4,225.3,0.059
813,-1,294.8,132.1,69.6,211.1,0.999
813,-1,504.1,25.6,133.0,443.6,0.998
813,-1,367.9,46.0,212.1,428.2,0.998
813,-1,187.6,169.6,55.0,137.5,0.998
813,-1,57.4,142.0,52.0,159.2,0.998
813,-1,102.7,156.0,38.7,140.3,0.997
813,-1,241.0,180.6,35.4,100.3,0.996
813,-1,268.0,194.6,28.0,85.4,0.986
813,-1,227.4,178.3,17.1,22.0,0.846
813,-1,289.0,189.6,16.3,80.9,0.623
813,-1,227.6,178.6,20.4,72.3,0.553
813,-1,364.5,180.8,21.9,62.3,0.444
813,-1,162.1,202.0,9.2,33.5,0.360
813,-1,355.9,176.9,35.5,115.3,0.248
813,-1,227.4,179.7,18.6,39.1,0.225
813,-1,152.4,204.3,10.3,30.0,0.166
813,-1,231.2,179.6,24.3,94.0,0.126
813,-1,461.4,51.0,21.6,50.1,0.122
813,-1,71.1,149.3,64.4,148.9,0.090
813,-1,209.9,176.2,54.8,122.2,0.075
813,-1,216.5,179.9,25.6,96.5,0.075
813,-1,363.7,148.5,28.8,87.0,0.069
813,-1,475.6,103.3,41.2,194.4,0.058
814,-1,300.7,130.8,65.7,211.5,0.999
814,-1,372.4,34.1,199.2,444.2,0.998
814,-1,510.8,28.7,128.9,442.5,0.998
814,-1,102.6,152.7,39.0,140.2,0.998
814,-1,237.2,177.3,37.6,103.5,0.998
814,-1,185.7,163.7,54.6,142.0,0.998
814,-1,51.3,139.4,52.2,158.3,0.997
814,-1,268.5,191.9,27.8,88.9,0.983
814,-1,226.2,174.6,20.2,88.1,0.817
814,-1,226.1,174.4,18.9,25.3,0.802
814,-1,290.0,187.3,19.1,81.7,0.631
814,-1,366.9,179.3,25.0,68.8,0.615
814,-1,351.8,179.4,39.3,109.4,0.583
814,-1,49.6,167.2,27.4,125.4,0.338
814,-1,151.7,199.1,11.7,32.6,0.244
814,-1,210.4,168.4,33.6,112.3,0.097
814,-1,354.2,198.5,42.6,139.3,0.097
814,-1,479.7,105.5,41.3,200.4,0.094
814,-1,294.6,218.2,14.4,50.5,0.081
814,-1,351.3,146.9,73.5,257.2,0.078
814,-1,228.4,175.5,10.1,14.4,0.075
814,-1,508.3,53.6,44.0,250.2,0.063
814,-1,220.3,174.3,36.5,104.8,0.057
815,-1,304.3,133.8,66.2,211.5,0.999
815,-1,512.9,28.2,126.9,429.8,0.998
815,-1,50.6,139.2,53.9,162.6,0.998
815,-1,379.8,18.3,175.3,459.9,0.997
815,-1,237.9,178.5,37.3,105.6,0.997
815,-1,184.6,163.5,56.6,144.7,0.997
815,-1,103.0,153.7,39.7,143.1,0.996
815,-1,270.0,193.3,27.0,90.3,0.987
815,-1,291.1,189.1,20.1,82.5,0.905
815,-1,356.3,178.3,39.4,146.0,0.834
815,-1,227.5,176.3,19.8,26.5,0.812
815,-1,227.1,174.5,20.9,95.3,0.769
815,-1,370.1,180.6,24.9,68.0,0.245
815,-1,487.2,163.2,42.3,138.5,0.179
815,-1,183.6,185.2,19.4,81.0,0.173
815,-1,361.8,216.0,47.1,114.3,0.156
815,-1,45.5,141.1,35.2,158.8,0.154
815,-1,46.1,171.6,25.0,78.8,0.066
815,-1,212.7,173.4,33.1,108.8,0.066
815,-1,482.6,105.4,32.6,203.0,0.064
815,-1,152.6,205.3,10.9,27.5,0.064
816,-1,518.8,20.2,120.7,449.5,0.998
816,-1,309.5,135.6,62.2,209.1,0.998
816,-1,386.9,21.5,182.3,458.5,0.998
816,-1,171.4,159.3,66.5,149.9,0.998
816,-1,99.6,149.5,39.4,145.9,0.998
816,-1,58.5,137.1,44.8,166.0,0.997
816,-1,236.3,173.4,36.9,111.4,0.996
816,-1,267.4,189.9,25.6,92.8,0.992
816,-1,290.7,186.2,22.9,83.1,0.971
816,-1,41.5,143.5,32.8,152.8,0.969
816,-1,372.0,178.0,25.4,75.5,0.903
816,-1,224.4,173.8,19.8,91.4,0.860
816,-1,225.3,174.6,20.6,25.8,0.854
816,-1,152.4,200.3,11.1,30.6,0.640
816,-1,360.9,179.5,38.5,119.6,0.527
816,-1,523.1,27.1,115.4,189.8,0.159
816,-1,491.9,87.7,44.2,220.0,0.099
816,-1,35.5,166.3,29.4,118.3,0.099
816,-1,47.4,149.2,27.4,81.5,0.075
817,-1,98.9,147.4,37.1,148.2,0.999
817,-1,169.5,158.5,64.2,153.8,0.998
817,-1,312.0,133.8,59.9,211.2,0.997
817,-1,383.7,19.9,182.9,442.0,0.997
817,-1,234.2,171.1,35.3,113.5,0.997
817,-1,522.5,15.5,117.1,442.7,0.997
817,-1,266.7,187.0,25.6,95.5,0.992
817,-1,53.7,135.9,47.1,162.3,0.989
817,-1,289.1,182.6,25.6,86.5,0.981
817,-1,35.9,142.4,35.8,153.1,0.968
817,-1,370.6,176.7,26.8,72.4,0.894
817,-1,223.9,172.9,17.9,23.5,0.778
817,-1,222.7,170.4,20.1,95.2,0.684
817,-1,355.7,178.4,43.7,133.5,0.646
817,-1,151.0,199.3,10.8,30.3,0.510
817,-1,30.0,149.5,28.5,123.0,0.276
817,-1,69.0,138.3,38.7,127.5,0.268
817,-1,363.0,228.8,50.5,96.1,0.194
817,-1,527.5,20.2,110.3,196.4,0.194
817,-1,224.0,173.4,16.9,51.3,0.132
817,-1,541.3,22.3,67.3,71.7,0.100
817,-1,592.1,34.5,47.9,424.9,0.084
817,-1,501.3,159.5,52.2,144.9,0.083
817,-1,355.6,162.2,21.7,96.1,0.063
817,-1,26.4,165.1,24.0,68.3,0.056
817,-1,497.2,63.4,44.9,241.6,0.054
817,-1,334.5,142.8,40.4,126.3,0.054
818,-1,316.0,132.3,61.1,208.7,0.999
818,-1,167.5,158.0,69.1,158.7,0.999
818,-1,528.5,5.8,111.3,453.2,0.998
818,-1,231.3,167.0,36.8,117.2,0.998
818,-1,12.0,140.2,52.6,161.1,0.997
818,-1,400.7,7.1,179.8,456.6,0.997
818,-1,94.2,148.3,41.6,149.5,0.996
818,-1,55.0,131.9,45.7,171.5,0.995
818,-1,288.9,180.6,27.6,89.1,0.991
818,-1,266.7,185.8,26.2,97.6,0.989
818,-1,376.5,176.1,22.2,65.3,0.863
818,-1,219.7,169.8,19.9,99.2,0.837
818,-1,222.2,170.7,15.5,25.8,0.822
818,-1,358.9,168.0,50.7,148.6,0.676
818,-1,382.0,147.7,35.0,98.1,0.567
818,-1,532.9,14.1,105.9,211.9,0.439
818,-1,150.5,196.3,12.1,33.4,0.386
818,-1,219.7,171.4,19.6,44.8,0.186
818,-1,11.2,173.5,29.1,103.3,0.116
818,-1,356.7,159.1,35.4,124.8,0.108
818,-1,67.8,136.0,57.7,164.5,0.082
818,-1,11.6,181.0,23.0,28.2,0.078
818,-1,206.1,178.2,29.1,92.0,0.076
818,-1,364.0,163.9,21.3,72.4,0.061
818,-1,166.4,181.8,25.1,86.0,0.061
818,-1,25.7,138.5,32.3,80.5,0.052
819,-1,402.5,2.9,167.4,461.3,0.999
819,-1,316.5,131.3,66.4,201.2,0.999
819,-1,163.7,156.9,72.8,166.8,0.998
819,-1,94.7,146.6,39.0,154.1,0.997
819,-1,523.4,1.8,116.4,467.6,0.997
819,-1,229.7,167.9,38.3,118.4,0.997
819,-1,55.5,132.9,53.5,177.1,0.995
819,-1,1.1,142.3,57.7,163.3,0.992
819,-1,266.0,185.5,25.9,99.1,0.992
819,-1,287.1,181.3,32.6,90.6,0.987
819,-1,219.3,168.3,17.0,28.9,0.870
819,-1,388.5,151.4,30.6,88.4,0.750
819,-1,216.0,167.6,22.2,103.9,0.678
819,-1,380.6,177.6,18.7,56.7,0.609
819,-1,151.7,204.3,10.9,27.4,0.462
819,-1,538.9,8.7,99.4,218.1,0.271
819,-1,374.9,153.6,46.0,162.8,0.227
819,-1,165.6,184.7,23.3,84.3,0.173
819,-1,52.7,133.1,45.9,109.0,0.165
819,-1,384.0,176.6,13.5,19.9,0.108
819,-1,160.0,195.6,16.7,70.1,0.099
819,-1,189.7,166.2,46.4,125.7,0.085
819,-1,127.9,203.5,11.6,33.2,0.077
819,-1,218.4,168.4,19.9,54.5,0.060
819,-1,0.1,183.6,26.5,68.0,0.058
820,-1,313.2,133.6,69.5,203.2,0.999
820,-1,407.2,5.9,165.3,469.2,0.998
820,-1,0.0,141.1,46.0,170.9,0.998
820,-1,147.9,156.1,71.4,174.6,0.998
820,-1,534.5,4.7,105.5,469.4,0.998
820,-1,43.4,132.6,46.0,186.5,0.997
820,-1,82.8,149.1,43.8,156.3,0.996
820,-1,222.2,168.7,39.6,124.2,0.994
820,-1,282.3,182.5,33.5,94.0,0.990
820,-1,258.8,188.0,30.3,103.4,0.990
820,-1,208.1,169.6,23.8,106.9,0.925
820,-1,378.7,179.8,15.1,52.3,0.691
820,-1,381.6,147.5,44.4,98.3,0.671
820,-1,210.3,170.8,19.0,33.5,0.647
820,-1,373.2,147.0,55.7,179.5,0.293
820,-1,549.4,12.5,86.9,181.3,0.171
820,-1,0.0,147.0,7.6,190.1,0.093
820,-1,0.0,150.8,2.6,146.5,0.086
820,-1,232.7,177.5,44.7,116.0,0.058
820,-1,185.2,167.8,41.3,112.4,0.055
821,-1,34.0,127.2,46.1,183.9,0.999
821,-1,307.4,128.9,72.3,205.4,0.999
821,-1,142.3,151.3,77.5,176.1,0.999
821,-1,406.9,2.7,159.3,470.7,0.999
821,-1,0.0,135.7,35.5,174.2,0.998
821,-1,540.9,8.3,99.1,471.7,0.997
821,-1,75.2,143.5,44.7,159.2,0.997
821,-1,253.0,185.2,30.3,105.9,0.994
821,-1,215.3,167.0,40.0,123.6,0.993
821,-1,277.1,179.1,34.1,93.6,0.988
821,-1,201.1,164.3,24.3,107.6,0.931
821,-1,204.2,165.4,19.9,35.8,0.914
821,-1,375.0,115.3,62.8,168.3,0.909
821,-1,367.9,174.9,23.8,62.5,0.595
821,-1,111.6,199.2,10.8,35.7,0.158
821,-1,556.5,10.0,82.1,190.4,0.132
821,-1,353.2,161.8,53.0,158.0,0.105
821,-1,311.7,198.5,19.2,71.7,0.089
821,-1,0.0,131.4,2.4,186.2,0.079
821,-1,414.1,110.0,19.5,40.9,0.076
821,-1,199.5,219.9,24.5,51.6,0.075
821,-1,575.3,194.7,64.7,282.3,0.072
821,-1,209.0,166.2,11.9,19.7,0.063
821,-1,403.6,109.7,45.6,147.2,0.062
821,-1,315.2,239.5,13.3,30.3,0.055
822,-1,130.8,142.5,74.2,188.7,0.999
822,-1,415.6,3.2,159.2,474.1,0.999
822,-1,304.4,131.0,72.4,206.5,0.999
822,-1,65.1,140.5,45.3,161.7,0.998
822,-1,555.1,8.7,84.9,466.7,0.997
822,-1,247.5,183.5,32.8,109.4,0.997
822,-1,22.3,124.3,50.7,189.7,0.996
822,-1,207.8,166.0,41.8,129.0,0.995
822,-1,271.1,177.7,35.5,97.2,0.989
822,-1,371.9,114.8,69.7,206.9,0.988
822,-1,0.0,132.5,24.3,180.0,0.950
822,-1,195.2,165.5,21.8,29.4,0.891
822,-1,189.5,164.5,29.7,110.9,0.796
822,-1,367.1,175.3,22.3,61.7,0.611
822,-1,307.4,212.9,17.9,56.7,0.230
822,-1,136.1,173.5,21.3,83.5,0.115
822,-1,202.1,166.9,19.1,99.0,0.110
822,-1,229.6,178.9,43.4,116.0,0.103
822,-1,199.3,165.6,21.6,55.1,0.089
822,-1,297.9,197.5,9.2,36.7,0.067
822,-1,176.5,167.1,36.0,118.8,0.065
822,-1,371.6,174.9,16.0,36.2,0.065
822,-1,188.7,241.5,25.4,35.9,0.058
822,-1,555.4,14.4,83.6,231.3,0.055
823,-1,126.4,145.3,79.9,193.2,0.999
823,-1,307.3,136.6,77.5,209.6,0.998
823,-1,425.4,3.4,163.4,468.4,0.998
823,-1,63.8,143.9,45.2,165.3,0.998
823,-1,205.5,167.7,45.3,133.8,0.996
823,-1,374.1,116.1,77.4,263.7,0.995
823,-1,565.0,11.5,75.0,463.1,0.995
823,-1,247.5,183.8,33.5,115.0,0.994
823,-1,17.3,126.4,52.9,191.0,0.993
823,-1,271.1,178.8,32.5,102.1,0.978
823,-1,196.6,169.5,18.9,31.5,0.932
823,-1,188.5,168.6,26.9,112.6,0.807
823,-1,305.0,189.2,22.8,85.6,0.557
823,-1,193.7,170.9,21.7,56.9,0.508
823,-1,566.7,13.5,73.3,216.0,0.299
823,-1,367.0,177.1,24.5,67.1,0.289
823,-1,336.2,130.0,75.3,213.9,0.245
823,-1,534.0,6.6,46.8,76.4,0.239
823,-1,305.1,186.9,18.4,47.2,0.236
823,-1,0.0,167.8,11.4,152.7,0.129
823,-1,298.2,202.1,10.0,37.9,0.117
823,-1,576.1,11.2,62.0,75.8,0.057
823,-1,291.0,183.2,34.0,95.1,0.052
824,-1,114.0,138.0,84.1,204.6,0.999
824,-1,309.1,135.9,73.7,208.3,0.999
824,-1,437.6,0.0,165.3,480.0,0.998
824,-1,375.9,113.6,84.8,269.0,0.998
824,-1,54.2,142.0,49.5,167.7,0.997
824,-1,240.4,181.3,34.0,116.7,0.996
824,-1,196.7,163.7,48.4,136.0,0.994
824,-1,571.4,8.9,68.4,409.7,0.991
824,-1,7.4,121.1,51.9,199.4,0.989
824,-1,265.9,176.2,33.9,102.4,0.983
824,-1,178.6,163.1,30.6,118.9,0.961
824,-1,189.6,164.8,18.2,33.8,0.916
824,-1,300.3,177.0,23.2,93.0,0.832
824,-1,365.8,178.2,22.6,68.8,0.510
824,-1,253.1,175.6,35.9,115.3,0.283
824,-1,24.5,130.6,65.5,188.9,0.197
824,-1,589.4,10.2,49.9,246.9,0.173
824,-1,300.2,183.4,17.9,58.5,0.150
824,-1,548.9,1.8,67.0,179.4,0.118
824,-1,484.5,1.4,118.8,204.3,0.090
824,-1,544.1,1.8,57.9,73.0,0.082
824,-1,576.2,184.4,63.7,292.1,0.078
824,-1,588.1,10.4,51.5,124.6,0.067
824,-1,522.0,2.7,84.4,126.6,0.052
825,-1,310.6,135.8,66.1,205.9,0.999
825,-1,91.4,136.0,95.5,215.9,0.999
825,-1,447.5,0.0,184.9,480.0,0.998
825,-1,188.8,158.4,50.1,145.6,0.998
825,-1,49.8,138.8,49.5,170.8,0.998
825,-1,1.7,118.2,52.8,207.2,0.996
825,-1,235.8,178.6,37.1,120.9,0.996
825,-1,371.7,113.7,99.7,245.0,0.991
825,-1,263.3,175.0,33.7,104.9,0.978
825,-1,178.0,160.0,25.8,124.0,0.945
825,-1,579.4,15.3,60.6,416.1,0.860
825,-1,297.7,172.8,31.4,97.9,0.833
825,-1,180.9,162.3,21.0,31.1,0.825
825,-1,297.7,178.7,21.9,67.6,0.745
825,-1,592.3,5.0,47.3,225.7,0.527
825,-1,365.9,178.9,21.5,72.4,0.294
825,-1,106.8,172.1,23.5,95.1,0.145
825,-1,0.0,147.4,9.4,113.2,0.125
825,-1,356.9,170.1,30.9,110.4,0.113
825,-1,155.8,164.6,43.4,112.1,0.110
825,-1,187.3,161.4,22.0,45.8,0.081
825,-1,0.0,104.3,2.3,140.5,0.081
825,-1,0.1,126.2,16.7,202.1,0.058
826,-1,80.7,126.6,103.6,231.4,0.999
826,-1,311.1,131.1,72.5,204.4,0.999
826,-1,181.7,151.4,54.2,149.1,0.999
826,-1,41.8,132.6,51.6,173.9,0.998
826,-1,455.0,0.8,183.1,479.2,0.998
826,-1,376.5,107.9,91.5,256.2,0.997
826,-1,0.5,110.6,45.0,199.9,0.991
826,-1,229.0,173.9,41.2,126.1,0.991
826,-1,260.0,168.9,35.3,108.6,0.983
826,-1,172.1,153.9,27.7,124.4,0.914
826,-1,294.4,168.4,28.6,94.2,0.827
826,-1,176.5,155.8,21.5,40.6,0.809
826,-1,589.9,9.9,50.1,440.8,0.350
826,-1,242.3,174.1,40.9,120.8,0.345
826,-1,181.3,155.1,15.5,26.2,0.147
826,-1,52.6,130.2,86.8,200.4,0.126
826,-1,367.0,176.5,19.4,66.1,0.098
826,-1,573.1,0.8,66.6,192.3,0.097
826,-1,0.1,115.7,7.1,222.4,0.096
826,-1,293.2,180.4,17.2,58.5,0.093
826,-1,122.4,139.5,60.5,194.4,0.080
826,-1,601.4,23.0,38.5,228.7,0.072
826,-1,0.0,146.3,1.9,201.9,0.067
826,-1,0.0,131.5,5.2,104.7,0.062
826,-1,97.9,168.4,22.5,88.5,0.058
826,-1,0.0,125.7,2.4,148.6,0.053
827,-1,369.7,110.8,96.4,266.7,0.999
827,-1,485.0,0.0,154.5,480.0,0.999
827,-1,157.8,153.8,64.6,155.5,0.999
827,-1,64.8,124.2,101.7,241.6,0.998
827,-1,30.8,131.1,47.5,179.9,0.998
827,-1,309.2,133.4,73.5,202.0,0.998
827,-1,216.8,178.8,43.0,130.0,0.995
827,-1,251.7,174.7,34.6,109.3,0.990
827,-1,0.2,114.7,28.9,208.0,0.989
827,-1,287.6,173.2,35.2,100.0,0.977
827,-1,165.8,154.3,22.6,44.8,0.675
827,-1,161.9,154.4,26.1,85.4,0.652
827,-1,175.6,155.2,11.9,20.9,0.152
827,-1,287.3,182.0,17.1,60.9,0.135
827,-1,288.5,199.3,11.7,43.1,0.100
827,-1,281.1,197.4,9.4,44.3,0.067
827,-1,592.4,149.2,47.6,315.3,0.050
828,-1,61.4,119.4,97.1,247.7,0.999
828,-1,152.3,152.2,65.5,160.4,0.999
828,-1,312.2,132.6,70.3,203.8,0.999
828,-1,366.3,110.4,107.3,274.4,0.998
828,-1,486.9,0.0,152.7,479.7,0.998
828,-1,24.1,129.0,52.2,185.2,0.997
828,-1,215.8,177.5,40.7,135.5,0.997
828,-1,248.0,175.4,36.1,108.8,0.993
828,-1,287.8,175.1,28.2,97.4,0.990
828,-1,0.0,110.5,28.8,213.1,0.989
828,-1,162.7,153.4,21.3,42.7,0.778
828,-1,231.5,175.9,40.4,121.6,0.577
828,-1,158.2,153.4,25.8,90.4,0.537
828,-1,0.2,117.4,20.9,124.5,0.312
828,-1,279.5,194.0,9.4,46.4,0.238
828,-1,8.7,119.1,47.8,199.1,0.193
828,-1,0.2,127.0,10.6,195.5,0.153
828,-1,288.6,211.4,8.8,32.8,0.152
828,-1,266.8,174.6,37.0,105.3,0.118
828,-1,439.7,154.7,42.1,164.8,0.102
828,-1,169.3,153.1,13.8,24.8,0.090
828,-1,280.7,188.9,16.3,54.0,0.081
828,-1,270.8,190.8,18.7,75.1,0.059
828,-1,285.3,181.0,16.9,64.5,0.059
829,-1,318.8,130.2,64.8,206.7,0.999
829,-1,500.4,3.0,139.5,469.5,0.999
829,-1,54.1,113.4,94.0,258.4,0.999
829,-1,154.3,150.5,58.4,165.4,0.998
829,-1,208.5,174.5,46.8,138.8,0.998
829,-1,368.1,109.1,115.7,281.2,0.998
829,-1,20.9,124.7,52.0,190.7,0.997
829,-1,245.1,170.2,38.5,115.3,0.993
829,-1,287.2,171.5,35.2,99.8,0.991
829,-1,0.0,103.0,26.6,223.1,0.928
829,-1,0.1,120.3,13.6,195.0,0.588
829,-1,279.8,192.1,10.7,46.7,0.382
829,-1,125.4,182.0,29.7,90.1,0.182
829,-1,154.4,162.5,28.0,131.6,0.170
829,-1,174.3,245.5,10.4,40.5,0.121
829,-1,476.4,171.6,23.3,95.6,0.119
829,-1,283.8,186.2,17.4,54.9,0.087
829,-1,0.0,123.3,28.0,114.7,0.076
829,-1,359.4,232.6,59.4,120.1,0.060
829,-1,260.0,171.5,42.4,109.9,0.054
830,-1,522.8,0.6,117.2,472.0,0.999
830,-1,364.5,116.5,117.6,276.4,0.999
830,-1,203.8,175.5,50.4,145.6,0.998
830,-1,151.4,150.3,58.2,173.0,0.998
830,-1,320.8,140.2,62.2,203.2,0.998
830,-1,24.3,109.3,116.2,277.3,0.998
830,-1,246.9,173.7,37.8,117.1,0.997
830,-1,289.4,175.5,35.8,100.7,0.997
830,-1,18.0,132.1,42.6,187.9,0.977
830,-1,0.0,103.8,21.7,232.7,0.898
830,-1,0.0,114.9,19.2,129.0,0.634
830,-1,20.3,132.6,38.2,72.3,0.602
830,-1,33.2,133.5,23.9,29.3,0.405
830,-1,1.0,120.1,44.2,203.0,0.320
830,-1,0.1,150.0,13.4,184.9,0.249
830,-1,478.4,174.3,25.5,96.4,0.188
830,-1,281.1,198.0,11.6,45.4,0.163
830,-1,236.5,185.2,14.2,17.1,0.145
830,-1,405.9,283.0,22.2,81.1,0.139
830,-1,286.6,181.2,21.1,68.7,0.111
830,-1,268.7,173.9,21.4,70.7,0.110
830,-1,0.0,113.8,13.9,36.1,0.103
830,-1,292.5,179.9,14.5,22.8,0.081
830,-1,336.9,150.7,79.1,204.9,0.058
830,-1,13.5,134.5,39.9,36.7,0.057
830,-1,260.3,174.5,44.0,113.9,0.055
830,-1,357.9,238.9,66.6,119.4,0.053
830,-1,382.3,175.4,21.9,51.1,0.051
831,-1,531.7,0.0,108.2,477.1,1.000
831,-1,139.5,146.2,61.0,181.4,0.999
831,-1,320.3,140.2,63.8,205.9,0.999
831,-1,12.1,103.8,119.9,291.9,0.999
831,-1,371.0,112.4,108.6,283.3,0.998
831,-1,287.2,173.0,36.5,100.9,0.998
831,-1,200.0,172.1,49.1,149.1,0.996
831,-1,243.6,170.1,37.6,122.7,0.992
831,-1,9.5,137.2,37.0,186.6,0.916
831,-1,278.6,199.7,12.0,42.1,0.726
831,-1,0.0,119.7,8.8,221.9,0.308
831,-1,0.0,123.5,19.6,212.0,0.259
831,-1,379.1,179.6,19.5,50.6,0.124
831,-1,478.1,168.3,25.7,103.4,0.055
831,-1,312.9,181.0,17.1,90.0,0.052
832,-1,122.8,132.6,71.8,191.7,0.999
832,-1,316.2,132.8,64.5,206.4,0.999
832,-1,0.5,86.7,109.6,330.7,0.999
832,-1,229.2,161.0,44.1,126.0,0.998
832,-1,365.0,105.4,103.5,277.7,0.997
832,-1,181.1,161.5,54.6,164.0,0.997
832,-1,279.5,167.1,35.7,103.1,0.996
832,-1,542.4,2.7,97.6,467.0,0.995
832,-1,269.4,191.0,16.8,45.9,0.750
832,-1,0.2,114.8,13.9,205.9,0.574
832,-1,371.5,169.3,19.6,53.9,0.519
832,-1,0.0,131.0,8.1,230.4,0.088
832,-1,548.7,0.0,90.1,255.3,0.088
832,-1,3.6,125.6,63.2,281.5,0.069
832,-1,296.4,171.7,22.8,92.5,0.064
832,-1,469.6,166.9,35.6,121.0,0.059
833,-1,111.6,130.7,74.9,202.7,0.999
833,-1,226.7,161.1,43.5,129.0,0.999
833,-1,174.5,164.0,58.1,164.2,0.999
833,-1,274.3,166.1,37.4,104.3,0.998
833,-1,313.1,133.7,64.2,204.2,0.997
833,-1,358.7,104.7,106.6,273.0,0.996
833,-1,0.3,80.8,99.0,339.3,0.996
833,-1,555.9,0.0,84.1,385.0,0.991
833,-1,268.4,197.4,14.5,39.9,0.550
833,-1,0.4,140.9,60.7,267.6,0.413
833,-1,373.8,159.1,28.1,55.2,0.358
833,-1,531.6,126.7,108.1,350.8,0.274
833,-1,371.0,171.2,18.8,45.7,0.237
833,-1,329.3,161.4,71.3,167.7,0.057
834,-1,104.7,126.2,73.4,213.4,0.999
834,-1,374.7,103.4,85.6,268.2,0.999
834,-1,170.0,158.7,65.4,178.1,0.998
834,-1,311.0,128.9,71.3,201.0,0.998
834,-1,222.4,159.9,48.5,132.5,0.997
834,-1,271.0,166.8,40.1,102.1,0.997
834,-1,0.0,76.0,82.4,324.2,0.993
834,-1,574.0,5.7,65.7,343.2,0.982
834,-1,265.8,186.3,12.7,47.2,0.914
834,-1,537.0,15.9,103.0,463.8,0.304
834,-1,91.9,191.8,13.0,35.8,0.169
834,-1,0.5,182.7,49.0,214.1,0.125
834,-1,339.0,209.8,59.3,112.2,0.120
834,-1,474.4,171.5,23.0,82.7,0.077
834,-1,303.0,185.4,18.6,69.6,0.075
835,-1,159.8,155.2,71.2,185.9,0.999
835,-1,369.5,103.3,98.8,278.1,0.999
835,-1,90.0,122.3,80.9,228.7,0.999
835,-1,311.9,125.0,70.6,203.6,0.998
835,-1,220.3,157.1,52.5,137.6,0.998
835,-1,272.4,167.7,39.4,100.2,0.997
835,-1,0.5,86.8,65.1,281.1,0.983
835,-1,601.6,43.6,37.7,278.3,0.896
835,-1,266.3,189.6,11.0,45.0,0.392
835,-1,0.0,228.8,37.0,175.7,0.264
835,-1,140.9,136.2,29.5,150.1,0.204
835,-1,336.1,191.2,60.0,131.0,0.192
835,-1,0.2,314.4,34.3,91.7,0.181
835,-1,302.8,182.1,18.1,74.2,0.169
835,-1,44.4,168.9,22.9,58.7,0.147
835,-1,377.6,169.2,12.6,36.4,0.117
835,-1,150.4,149.8,19.4,59.9,0.108
835,-1,576.8,56.8,63.2,388.8,0.094
835,-1,0.6,108.2,30.1,233.4,0.092
835,-1,570.0,226.0,64.5,111.3,0.067
835,-1,70.4,188.8,12.3,30.6,0.061
836,-1,83.2,116.9,82.7,241.4,0.999
836,-1,373.0,106.2,99.6,279.7,0.999
836,-1,162.0,150.8,66.5,196.1,0.999
836,-1,219.5,154.0,55.3,141.3,0.999
836,-1,318.3,125.3,70.0,202.4,0.999
836,-1,271.7,166.5,42.2,100.6,0.998
836,-1,0.1,105.3,50.7,211.7,0.992
836,-1,140.9,130.5,29.6,159.6,0.807
836,-1,307.6,185.8,12.1,42.6,0.658
836,-1,302.9,185.5,17.8,73.5,0.533
836,-1,145.1,130.0,24.6,76.1,0.263
836,-1,147.3,151.0,22.9,100.8,0.191
836,-1,149.2,153.9,20.0,44.1,0.109
836,-1,0.2,161.4,2.3,165.7,0.094
836,-1,316.6,192.7,18.6,52.0,0.079
836,-1,124.8,119.0,43.6,106.7,0.054
837,-1,71.8,113.6,92.3,252.7,0.999
837,-1,220.8,152.0,57.2,148.7,0.999
837,-1,161.3,148.9,60.5,203.3,0.999
837,-1,327.3,129.7,69.1,197.7,0.998
837,-1,274.0,167.6,42.2,102.4,0.998
837,-1,377.1,107.9,105.8,282.8,0.997
837,-1,139.6,127.5,30.8,159.8,0.883
837,-1,0.1,104.6,36.4,229.4,0.855
837,-1,144.2,130.8,27.2,78.4,0.773
837,-1,306.7,186.9,17.3,73.1,0.761
837,-1,312.6,189.0,12.0,44.1,0.665
837,-1,150.7,153.3,20.4,65.6,0.153
837,-1,0.0,162.4,2.1,182.0,0.101
837,-1,399.0,108.9,77.0,86.4,0.063
837,-1,311.2,189.1,21.3,62.3,0.057
